日期,代码,名称,日收盘价,日交易量,流通股本,总股本,总市值(万)
2025-09-01,SH600654,中安科,3.61,65275418,2315511746,2876607560,1038455.32916
2025-09-01,SH600651,飞乐音响,8.11,118933402,2507028015,2507028015,2033199.720165
2025-09-01,SH600602,云赛智联,23.31,49592859,1074302990,1367673455,3188046.823605
2025-09-01,SH600601,方正科技,9.19,507217947,4170293287,4273742887,3927569.713153
2025-09-01,SH600653,申华控股,1.99,48550993,1946380317,1946380317,387329.683083
2025-09-01,SZ000004,*ST国华,11.08,9529300,126287768,132380282,146677.352456
2025-09-01,SZ000002,万  科Ａ,6.81,140682543,9716399629,11930709471,8124813.149751
2025-09-01,SZ000001,平安银行,11.89,185845902,19405600653,19405918198,23073636.737422
2025-09-01,SZ000009,中国宝安,9.74,42328138,2576020465,2579213965,2512154.40191
2025-09-01,SH600603,广汇物流,8.8,20199620,1193329151,1193329151,1050129.65288
2025-09-01,SZ000012,南  玻Ａ,4.75,12928410,1959316598,3070692107,1458578.750825
2025-09-01,SZ000016,深康佳Ａ,5.79,64216397,1596593800,2407945408,1394200.391232
2025-09-01,SH600605,汇通能源,33.88,3484000,206282429,206282429,698884.869452
2025-09-01,SH600608,*ST沪科,4.05,2295400,318371441,328861441,133188.883605
2025-09-01,SH600604,市北高新,5.74,18122705,1407454804,1873304804,1075276.957496
2025-09-01,SH600606,绿地控股,1.86,183777376,14054218314,14054218314,2614084.606404
2025-09-01,SZ000011,深物业A,9.13,8767202,526475543,595979092,544128.910996
2025-09-01,SZ000017,深中华A,6.68,18020031,302984965,689184933,460375.535244
2025-09-01,SZ000007,全新好,7.63,8052065,346448044,346448044,264339.857572
2025-09-01,SZ000006,深振业Ａ,7.21,37146737,1349987396,1349995046,973346.428166
2025-09-01,SZ000020,深华发Ａ,14.16,3785400,181165391,283161227,400956.297432
2025-09-01,SZ000008,神州高铁,2.88,42091840,2716296952,2716377683,782316.772704
2025-09-01,SZ000014,沙河股份,14.52,11711693,242046224,242046224,351451.117248
2025-09-01,SH600609,金杯汽车,5.02,37047106,1304558558,1304558558,654888.396116
2025-09-01,SH600611,大众交通,6.3,51628635,1563316364,2364122864,1489397.40432
2025-09-01,SH600612,老凤祥,47.93,4890037,317109630,523117764,2507303.442852
2025-09-01,SH600655,豫园股份,6.24,19236642,3889846273,3896943613,2431692.814512
2025-09-01,SH600616,金枫酒业,5.95,22428381,669004950,669004950,398057.94525
2025-09-01,SZ000019,深粮控股,6.93,11014966,416216407,1152535254,798706.931022
2025-09-01,SH600618,氯碱化工,10.89,11214495,749839976,1156399976,1259319.573864
2025-09-01,SH600619,海立股份,25.67,152189518,789174798,1073344406,2755275.090202
2025-09-01,SH600620,天宸股份,6.23,10163665,686677113,686677113,427799.841399
2025-09-01,SZ000501,武商集团,11.1,30253276,768228566,768992731,853581.93141
2025-09-01,SZ000503,国新健康,10.69,20844774,979193200,981312532,1049023.096708
2025-09-01,SH600621,华鑫股份,17.85,27634056,1060899292,1060899292,1893705.23622
2025-09-01,SH600622,光大嘉宝,2.98,39766962,1499685402,1499685402,446906.249796
2025-09-01,SH600623,华谊集团,8.72,25665701,1871841976,2122831280,1851108.87616
2025-09-01,SZ000504,*ST生物,9.27,5014578,329117898,330023098,305931.411846
2025-09-01,SZ000505,京粮控股,6.75,11898900,632380336,726950251,490691.419425
2025-09-01,SH600624,ST复华,7.36,25268316,679346942,679346942,499999.349312
2025-09-01,SH600626,申达股份,4.54,36712875,1107978710,1320744667,599618.078818
2025-09-01,SH600628,新世界,7.88,33628543,646875384,646875384,509737.802592
2025-09-01,SH600630,龙头股份,8.52,9665067,424861597,424861597,361982.080644
2025-09-01,SH600635,大众公用,4.12,43605347,2418791675,2952434675,1216403.0861
2025-09-01,SH600637,东方明珠,9.05,64307610,3361899817,3361899817,3042519.334385
2025-09-01,SH600636,*ST国化,8.49,5589369,438636802,438636802,372402.644898
2025-09-01,SH600638,新黄浦,5.91,11860848,673396786,673396786,397977.500526
2025-09-01,SH600639,浦东金桥,10.71,10058158,850236703,1122412893,1202104.208403
2025-09-01,SZ000507,珠海港,5.5,10529805,902354455,919734895,505854.19225
2025-09-01,SH600641,先导基电,16.09,29953160,930629920,930629920,1497383.54128
2025-09-01,SH600640,国脉文化,12.76,6453605,795695940,795695940,1015308.01944
2025-09-01,SH600642,申能股份,8.08,24529860,4879040506,4894094676,3954428.498208
2025-09-01,SH600644,乐山电力,12.12,17529715,578320818,578320818,700924.831416
2025-09-01,SH600643,爱建集团,6.06,22750885,1590351716,1593170778,965461.491468
2025-09-01,SH600648,外高桥,11.48,5420290,934791624,1359912218,1561179.226264
2025-09-01,SH600645,中源协和,26.42,10499607,467770165,467948890,1236320.96738
2025-09-01,SZ000509,华塑控股,3.31,18876630,1073124808,1073128052,355205.385212
2025-09-01,SZ000510,新金路,5.45,33166256,606664817,648543589,353456.256005
2025-09-01,SH600649,城投控股,4.68,36512262,2504500768,2504500768,1172106.359424
2025-09-01,SH600657,信达地产,4.01,19697151,2851878595,2851878595,1143603.316595
2025-09-01,SH600658,电子城,6.42,60989729,1118585045,1118585045,718131.59889
2025-09-01,SZ000026,飞亚达,17.54,9905589,364562983,405764007,711710.068278
2025-09-01,SH600650,锦江在线,16.79,10428742,390560075,551610107,926153.369653
2025-09-01,SH600660,福耀玻璃,65.81,17305124,2002986332,2609743532,17174722.184092
2025-09-01,SH600662,外服控股,5.43,14353156,2270080651,2283496485,1239938.591355
2025-09-01,SH600661,昂立教育,10.91,4130501,286548830,286548830,312624.77353
2025-09-01,SZ000025,特  力Ａ,18.15,16121263,392778320,431058320,782370.8508
2025-09-01,SH600663,陆家嘴,8.59,12766637,3155683662,5035153679,4325197.010261
2025-09-01,SH600664,哈药股份,3.74,38935223,2518509876,2518509876,941922.693624
2025-09-01,SH600665,天地源,3.36,10161498,864122521,864122521,290345.167056
2025-09-01,SH600666,奥瑞德,3.9,111029600,2419752935,2763512843,1077770.00877
2025-09-01,SZ000514,渝 开 发,5.39,24705845,843770965,843770965,454792.550135
2025-09-01,SH600668,尖峰集团,12.32,11349197,412900594,412900594,508693.531808
2025-09-01,SH600667,太极实业,7.17,53171379,2106190178,2106190178,1510138.357626
2025-09-01,SZ000516,国际医学,5.25,21249784,2204856269,2238896753,1175420.795325
2025-09-01,SZ000028,国药一致,25.83,3779130,478053712,556565077,1437607.593891
2025-09-01,SH600671,天目药业,19.44,8595099,121720533,121778885,236738.15244
2025-09-01,SH600600,青岛啤酒,69.44,8490014,709125943,1364196788,9472982.495872
2025-09-01,SZ000027,深圳能源,6.58,31706727,4757389916,4757389916,3130362.564728
2025-09-01,SZ000029,深深房Ａ,29.21,9472415,891660000,1011660000,2955058.86
2025-09-01,SH600673,东阳光,24.19,149080188,3001557927,3009555059,7280113.687721
2025-09-01,SH600675,中华企业,3.06,63267645,6046135331,6046135331,1850117.411286
2025-09-01,SH600674,川投能源,14.65,56779269,4874606828,4874606828,7141299.00302
2025-09-01,SH600676,交运股份,6.04,21782595,1028492944,1028492944,621209.738176
2025-09-01,SZ000030,富奥股份,5.73,12344193,1670906445,1719810845,985451.614185
2025-09-01,SZ000031,大悦城,3.27,28435303,4286304701,4286313339,1401624.461853
2025-09-01,SH600678,四川金顶,10.18,15316500,348990000,348990000,355271.82
2025-09-01,SZ000519,中兵红箭,21.43,45442817,1392558982,1392558982,2984253.898426
2025-09-01,SH600679,上海凤凰,13.55,8989550,343694257,515294257,698223.718235
2025-09-01,SH600682,南京新百,8.28,22506992,1165060275,1346132221,1114597.478988
2025-09-01,SZ000521,长虹美菱,7.56,20840843,875579688,1029923715,778622.32854
2025-09-01,SH600683,京投发展,4.06,14306808,740777597,740777597,300755.704382
2025-09-01,SH600684,珠江股份,5.14,47908395,853460723,853460723,438678.811622
2025-09-01,SH600685,中船防务,29.98,25357232,821435181,1413506378,4237692.121244
2025-09-01,SZ000513,丽珠集团,42.41,18859066,584146308,904100430,3834289.92363
2025-09-01,SZ000525,红太阳,6.81,31044420,990080168,1298027341,883956.619221
2025-09-01,SZ000032,深桑达Ａ,25.78,47082824,1089363764,1137959234,2933658.905252
2025-09-01,SZ000526,学大教育,48.17,2660797,119530059,121861109,587004.962053
2025-09-01,SH600688,上海石化,2.85,56758036,7328813500,10542617500,3004645.9875
2025-09-01,SH600686,金龙汽车,12.42,14081200,717047417,717047417,890572.891914
2025-09-01,SH600689,上海三毛,13.39,5393471,152204143,200991343,269127.408277
2025-09-01,SZ000523,红棉股份,3.31,18414569,1325160154,1835468461,607540.060591
2025-09-01,SZ000524,岭南控股,13.91,28047332,669948933,670208597,932260.158427
2025-09-01,SZ000528,柳    工,11.04,47931323,2026385439,2027123726,2237944.593504
2025-09-01,SH600692,亚通股份,9.07,22750689,255010517,351764064,319050.006048
2025-09-01,SH600690,海尔智家,25.95,95687707,6254501095,9382913334,24348660.10173
2025-09-01,SH600691,潞化科技,2.58,66144611,2375585952,2375981952,613003.343616
2025-09-01,SH600693,东百集团,6.67,66466451,868952782,869846246,580187.446082
2025-09-01,SH600694,大商股份,19.35,7781299,344357828,347767828,672930.74718
2025-09-01,SZ000541,佛山照明,6.82,20985128,1230533206,1535778230,1047400.75286
2025-09-01,SZ000539,粤电力Ａ,4.62,19918392,2553912699,5250283986,2425631.201532
2025-09-01,SZ000547,航天发展,8.66,31109489,1588350696,1598468269,1384273.520954
2025-09-01,SZ000550,江铃汽车,21.67,15521279,518463160,863214000,1870584.738
2025-09-01,SZ000553,安道麦A,7.01,13085400,2177071961,2329811766,1633198.047966
2025-09-01,SH600699,均胜电子,20.94,50130761,1355053644,1395670563,2922534.158922
2025-09-01,SH600696,*ST岩石,6.77,13262404,334469431,334469431,226435.804787
2025-09-01,SH600697,欧亚集团,12.88,15042574,155376015,159088075,204905.4406
2025-09-01,SH600800,渤海化学,4.24,22321399,1109730216,1110045216,470659.171584
2025-09-01,SZ000544,中原环保,8.84,16559415,974684488,974684488,861621.087392
2025-09-01,SZ000530,冰山冷热,6.44,25933323,600041463,843212507,543028.854508
2025-09-01,SZ000537,绿发电力,8.93,19187863,2066602352,2066602352,1845475.900336
2025-09-01,SZ000554,泰山石油,7.07,19827448,362653197,480793318,339920.875826
2025-09-01,SZ000538,云南白药,59.29,30153770,1772794114,1784262603,10578892.973187
2025-09-01,SZ000543,皖能电力,7.21,28526339,2266863331,2266863331,1634408.461651
2025-09-01,SZ000548,湖南投资,5.47,7402438,499173999,499215811,273071.048617
2025-09-01,SH600805,悦达投资,5.54,27744574,850275368,850894494,471395.549676
2025-09-01,SZ000533,顺钠股份,7.32,26304278,684902400,690816000,505677.312
2025-09-01,SH600803,新奥股份,18.76,10228656,3073367590,3097087607,5810136.350732
2025-09-01,SH600802,福建水泥,5.43,11619800,458248400,458248400,248828.8812
2025-09-01,SH600801,华新建材,16.28,43711942,1344275649,2078995649,3384604.916572
2025-09-01,SZ000532,华金资本,16.14,16623594,343549746,344708340,556359.26076
2025-09-01,SH600807,济高发展,3.16,25747830,787018464,884634731,279544.574996
2025-09-01,SZ000551,创元科技,11.67,7667241,482982355,484733046,565683.464682
2025-09-01,SZ000531,穗恒运Ａ,6.43,10867040,909745488,1041401332,669621.056476
2025-09-01,SH600808,马钢股份,3.62,76766914,5967751186,7722104586,2795401.860132
2025-09-01,SH600809,山西汾酒,200.6,8922240,1219964222,1219964222,24472482.29332
2025-09-01,SH600810,神马股份,10.19,34468061,1005282086,1015108086,1034395.139634
2025-09-01,SZ000564,供销大集,2.44,672106137,14715017084,18058063354,4406167.458376
2025-09-01,SZ000563,陕国投Ａ,3.67,80556509,5113970358,5113970358,1876827.121386
2025-09-01,SZ000534,万泽股份,17.39,18632360,497858491,509835816,886604.484024
2025-09-01,SZ000559,万向钱潮,7.88,42283244,3303778789,3303791344,2603387.579072
2025-09-01,SH600812,华北制药,6.3,23458401,1715730370,1715730370,1080910.1331
2025-09-01,SH600814,杭州解百,8.13,17566432,729492148,735105598,597640.851174
2025-09-01,SH600816,建元信托,3.01,59223260,5469137919,9844448254,2963178.924454
2025-09-01,SH600815,厦工股份,2.75,18838798,1774094480,1774094480,487875.982
2025-09-01,SH600820,隧道股份,6.53,57786710,3144096094,3144096094,2053094.749382
2025-09-01,SH600819,耀皮玻璃,6.21,9588798,747416067,934916069,580582.878849
2025-09-01,SH600821,金开新能,5.78,38654314,1997263453,1997263453,1154418.275834
2025-09-01,SZ000021,深科技,21.95,88762118,1567029346,1567280671,3440181.072845
2025-09-01,SH600825,新华传媒,7.04,13858141,1044887850,1044887850,735601.0464
2025-09-01,SH600824,益民集团,4.44,32669952,1054027073,1054027073,467988.020412
2025-09-01,SH600822,上海物贸,12.19,14483928,396147908,495972914,604590.982166
2025-09-01,SH600827,百联股份,9.89,17486314,1604449920,1784168117,1764542.267713
2025-09-01,SH600826,兰生股份,12.18,51377637,735533549,735533549,895879.862682
2025-09-01,SH600834,申通地铁,9.1,9053821,477381905,477381905,434417.53355
2025-09-01,SH600829,人民同泰,8.32,8571702,579888597,579888597,482467.312704
2025-09-01,SH600831,广电网络,4.83,10932761,710946992,710946992,343387.397136
2025-09-01,SH600830,香溢融通,10.75,14822526,454322747,454322747,488396.953025
2025-09-01,SH600835,上海机电,28.88,23779780,806504300,1022739308,2953671.121504
2025-09-01,SH600828,茂业商业,4.15,29257518,1731360181,1731982546,718772.75659
2025-09-01,SH600838,上海九百,9.16,15992953,400881981,400881981,367207.894596
2025-09-01,SH600843,上工申贝,12.07,28336500,469222730,713166480,860791.94136
2025-09-01,SH600846,同济科技,10.96,43441384,624761516,624761516,684738.621536
2025-09-01,SH600841,动力新科,6.76,13693501,1043024484,1387821784,938167.525984
2025-09-01,SH600839,四川长虹,11.54,224796990,4614958631,4616244222,5327145.832188
2025-09-01,SH600848,上海临港,9.43,9677472,2393912273,2522487004,2378705.244772
2025-09-01,SH600850,电科数字,29.5,37840394,613606284,686124064,2024065.9888
2025-09-01,SH600847,万里股份,10.89,3598600,153287400,153287400,166929.9786
2025-09-01,SH600851,海欣股份,6.94,6609600,738206110,1207056692,837697.344248
2025-09-01,SZ000555,神州信息,15.08,45670452,971903562,975774437,1471467.850996
2025-09-01,SZ000039,中集集团,8.07,51325641,2301407141,5392520385,4351763.950695
2025-09-01,SZ000035,中国天楹,4.45,28981400,2425832661,2500783182,1112848.51599
2025-09-01,SZ000565,渝三峡Ａ,8.69,14152600,433592220,433592220,376791.63918
2025-09-01,SH600857,宁波中百,13.33,4465900,224319919,224319919,299018.452027
2025-09-01,SH600859,王府井,14.78,38088965,1123828064,1123931424,1661170.644672
2025-09-01,SH600860,京城股份,12.9,8187980,442265988,547485988,706256.92452
2025-09-01,SZ000558,天府文旅,6.69,225983248,1288684608,1289223949,862490.821881
2025-09-01,SZ000034,神州数码,46.68,67812553,601592443,720196154,3361875.646872
2025-09-01,SZ000568,泸州老窖,135.85,11846641,1469164883,1471951503,19996461.168255
2025-09-01,SH600861,北京人力,20.4,4980200,366574848,566112718,1154869.94472
2025-09-01,SH600863,内蒙华电,4.03,52022498,6526887811,6526887811,2630335.787833
2025-09-01,SZ000566,海南海药,6.03,21735874,1165894733,1297365126,782311.170978
2025-09-01,SZ000567,海德股份,6.46,14332716,1949902172,1954592155,1262666.53213
2025-09-01,SZ000571,新大洲A,4.76,39620195,813992300,839129000,399425.404
2025-09-01,SZ000036,华联控股,4.46,46032424,1401150983,1403818725,626103.15135
2025-09-01,SZ000570,苏常柴Ａ,5.85,10234722,555692507,705692507,412830.116595
2025-09-01,SZ000037,深南电A,8.95,6131200,338908150,602762596,539472.52342
2025-09-01,SZ000572,海马汽车,4.9,100154260,1642253067,1644636426,805871.84874
2025-09-01,SH600864,哈投股份,7.72,60156037,2080570520,2080570520,1606200.44144
2025-09-01,SH600865,百大集团,9.81,22058021,376240316,376240316,369091.749996
2025-09-01,SZ000045,深纺织Ａ,11.12,6825100,457021849,506521849,563252.296088
2025-09-01,SZ000573,粤宏远Ａ,4.2,25146061,632964819,638280604,268077.85368
2025-09-01,SH600866,星湖科技,7.91,54111083,1255769324,1661472616,1314224.839256
2025-09-01,SH600867,通化东宝,8.65,39891957,1958542829,1958542829,1694139.547085
2025-09-01,SZ000576,甘化科工,11.55,16464039,433815261,436418214,504063.03717
2025-09-01,SH600868,梅雁吉祥,2.83,100726064,1898148679,1898148679,537176.076157
2025-09-01,SZ000042,中洲控股,8.95,8545850,664131202,664831139,595023.869405
2025-09-01,SZ000048,京基智农,16.33,18886389,526359600,530282250,865950.91425
2025-09-01,SH600872,中炬高新,19.2,14262147,770987950,778991206,1495663.11552
2025-09-01,SH600869,远东股份,6.74,82110226,2219352746,2219352746,1495843.750804
2025-09-01,SZ000050,深天马Ａ,10.06,48428507,2457716686,2457747661,2472494.146966
2025-09-01,SZ000049,德赛电池,24.43,14926459,384534862,384638534,939671.938562
2025-09-01,SH600871,石化油服,2.07,96565185,13547012351,18957045833,3924108.487431
2025-09-01,SH600874,创业环保,5.99,13674121,1230418085,1570418085,940680.432915
2025-09-01,SH600875,东方电气,19.87,37047406,2023579060,3390360326,6736645.967762
2025-09-01,SH600877,电科芯片,14.54,28675200,1184059492,1184059492,1721622.501368
2025-09-01,SZ000010,美丽生态,4.87,50680200,781554111,1149652292,559880.666204
2025-09-01,SH600876,凯盛新能,10.77,3237791,395674963,645674963,695391.935151
2025-09-01,SZ000582,北部湾港,8.57,32303077,1853371595,2369644158,2030785.043406
2025-09-01,SH600879,航天电子,11.68,153256352,3299299334,3299299334,3853581.622112
2025-09-01,SH600880,博瑞传播,5.12,24536739,1093030175,1093332092,559786.031104
2025-09-01,SH600881,亚泰集团,2.12,129503974,3232150988,3232150988,685216.009456
2025-09-01,SH600882,妙可蓝多,27.65,7837772,512053647,512053647,1415828.333955
2025-09-01,SH600883,博闻科技,8.01,4718000,236088000,236088000,189106.488
2025-09-01,SZ000586,汇源通信,12.7,8388400,193440000,193440000,245668.8
2025-09-01,SH600886,国投电力,14.16,45141932,7454179797,8004494262,11334363.874992
2025-09-01,SZ000590,古汉医药,12.33,14078185,239371427,239471267,295268.072211
2025-09-01,SH600884,杉杉股份,11.97,121590904,1757236492,2249412863,2692547.197011
2025-09-01,SH600885,宏发股份,26.08,17077284,1459746940,1459746940,3807020.01952
2025-09-01,SZ000591,太阳能,4.64,59242419,3918016288,3918568213,1818215.650832
2025-09-01,SH600888,新疆众和,7.53,25301104,1403711261,1403711261,1056994.579533
2025-09-01,SZ000589,贵州轮胎,4.61,24539930,1537166004,1554688404,716711.354244
2025-09-01,SH600889,南京化纤,15.84,11326200,366346010,366346010,580292.07984
2025-09-01,SZ000593,德龙汇能,6.61,8157500,358483169,358631009,237055.096949
2025-09-01,SH600887,伊利股份,28.27,105400322,6293929721,6325360667,17881794.605609
2025-09-01,SH600894,广日股份,10.29,7851525,843144445,851678362,876377.034498
2025-09-01,SH600893,航发动力,40.23,38117322,2665124758,2665594238,10723685.619474
2025-09-01,SZ000055,方大集团,4.44,39023318,675852229,1073874227,476800.156788
2025-09-01,SZ000595,*ST宝实,5.22,15940000,1138656366,1138656366,594378.623052
2025-09-01,SH600895,张江高科,38.56,109262853,1548689550,1548689550,5971746.9048
2025-09-01,SZ000599,青岛双星,5.51,51691899,816745112,816758987,450034.201837
2025-09-01,SH600706,曲江文旅,11.4,29524460,254030185,255059785,290768.1549
2025-09-01,SH600707,彩虹股份,6.39,33052331,3587669732,3588389732,2292981.038748
2025-09-01,SZ000597,东北制药,5.72,18426116,1409315987,1427088265,816294.48758
2025-09-01,SH600702,舍得酒业,69.35,27656824,332618879,332758879,2307682.825865
2025-09-01,SZ000598,兴蓉环境,6.75,30619911,2979343221,2984434721,2014493.436675
2025-09-01,SH600711,盛屯矿业,9.19,336125713,3090611551,3090611551,2840272.015369
2025-09-01,SH600897,厦门空港,14.95,2649302,416934000,416934000,623316.33
2025-09-01,SZ000600,建投能源,7.58,61404676,1090050876,1809299376,1371448.927008
2025-09-01,SH600704,物产中大,5.82,136513592,5171179890,5171179890,3009626.69598
2025-09-01,SH600714,金瑞矿业,12.79,17023102,288176273,288176273,368577.453167
2025-09-01,SH600708,光明地产,3.57,30711851,2225277771,2228636743,795623.317251
2025-09-01,SZ000401,金隅冀东,4.93,13893773,2631353638,2658216238,1310500.605334
2025-09-01,SH600717,天津港,5.05,49171405,2894001038,2894001038,1461470.52419
2025-09-01,SH600718,东软集团,10.77,41640631,1189203552,1189203552,1280772.225504
2025-09-01,SZ000404,长虹华意,7.37,15987209,692719572,695995979,512949.036523
2025-09-01,SH600712,南宁百货,8.1,68134261,538648371,544655360,441170.8416
2025-09-01,SZ000402,金 融 街,2.97,27427797,2988667172,2988929907,887712.182379
2025-09-01,SH600722,金牛化工,7.26,76119817,680319676,680319676,493912.084776
2025-09-01,SZ000408,藏格矿业,54.79,16544449,1570209245,1570225745,8603266.856855
2025-09-01,SH600713,南京医药,5,47534874,1286902939,1308927729,654463.8645
2025-09-01,SH600715,文投控股,2.93,194287636,2662372241,4059853500,1189537.0755
2025-09-01,SH600726,华电能源,2.51,39370740,2747344834,7907336210,1984741.38871
2025-09-01,SH600716,凤凰股份,3.95,9476401,936060590,936060590,369743.93305
2025-09-01,SH600729,重庆百货,29.34,3461195,191212344,440475577,1292355.342918
2025-09-01,SH600725,云维股份,3.66,49704276,1232470000,1232470000,451084.02
2025-09-01,SZ000407,胜利股份,3.7,28934322,875782212,880084656,325631.32272
2025-09-01,SZ000056,皇庭国际,2.73,61175296,903726533,1182528220,322830.20406
2025-09-01,SZ000415,渤海租赁,3.5,108874880,5392955733,6184521282,2164582.4487
2025-09-01,SH600720,中交设计,7.76,9998972,1009049771,2294595565,1780606.15844
2025-09-01,SH600728,佳都科技,7.25,186888504,2132599261,2132599261,1546134.464225
2025-09-01,SH600724,宁波富达,4.8,12675612,1444942664,1445241071,693715.71408
2025-09-01,SH600719,大连热电,6.33,4898263,404599600,404599600,256111.5468
2025-09-01,SZ000410,沈阳机床,7.45,72668902,1680915944,2358970620,1757433.1119
2025-09-01,SH600735,ST新华锦,6.26,42117387,425451827,428778219,268415.165094
2025-09-01,SH600730,中国高科,10.35,61797530,586656002,586656002,607188.96207
2025-09-01,SZ000423,东阿阿胶,51.83,12136656,643018085,643976824,3337731.878792
2025-09-01,SH600737,中粮糖业,17.79,83613123,2138848228,2138848228,3805010.997612
2025-09-01,SH600738,丽尚国潮,5.24,16315100,760666196,761335236,398939.663664
2025-09-01,SH600731,湖南海利,7.5,10015260,557982665,558742416,419056.812
2025-09-01,SZ000420,吉林化纤,4.36,75134756,2458031143,2458868343,1072066.597548
2025-09-01,SZ000421,南京公用,6.45,9033900,574296297,574415734,370498.14843
2025-09-01,SH600740,山西焦化,3.95,16350002,2562121154,2562121154,1012037.85583
2025-09-01,SZ000428,华天酒店,3.73,29583720,1018926000,1018926000,380059.398
2025-09-01,SZ000417,合百集团,6.21,33290350,779027451,779884200,484308.0882
2025-09-01,SZ000422,湖北宜化,14.28,38357503,1057803184,1088522212,1554409.718736
2025-09-01,SH600736,苏州高新,5.61,14658109,1151292907,1151292907,645875.320827
2025-09-01,SZ000419,通程控股,6.09,15305523,543582655,543582655,331041.836895
2025-09-01,SH600733,北汽蓝谷,8.84,135665424,4885096921,5573503169,4926976.801396
2025-09-01,SH600739,辽宁成大,12.92,20353401,1529709816,1529709816,1976385.082272
2025-09-01,SZ000603,盛达资源,19.15,30492783,666716359,689969346,1321291.29759
2025-09-01,SH600741,华域汽车,19.56,62734293,3152723984,3152723984,6166728.112704
2025-09-01,SH600742,富维股份,10.35,11107836,743057880,743057880,769064.9058
2025-09-01,SZ000425,徐工机械,9.89,125599277,9289149004,11752972482,11623689.784698
2025-09-01,SZ000426,兴业银锡,23.09,103295782,1775205464,1775635739,4099942.921351
2025-09-01,SZ000430,ST张家界,7.63,6417410,331738800,404817686,308875.894418
2025-09-01,SZ000607,华媒控股,4.63,62784321,885033444,1017698410,471194.36383
2025-09-01,SZ000601,韶能股份,5.33,18409136,1080460052,1080551669,575934.039577
2025-09-01,SH600744,华银电力,7.68,168185840,2031124274,2031124274,1559903.442432
2025-09-01,SZ000605,渤海股份,7.08,7575620,352658600,352658600,249682.2888
2025-09-01,SH600746,江苏索普,7.63,5286700,1166082347,1167842884,891064.120492
2025-09-01,SZ000608,*ST阳光,1.88,13062532,744536959,749913309,140983.702092
2025-09-01,SH600756,浪潮软件,16.07,10230166,324098753,324098753,520826.696071
2025-09-01,SH600750,华润江中,21.93,5295068,627292416,634996022,1392546.276246
2025-09-01,SH600748,上实发展,4.11,45220769,1844562892,1844562892,758115.348612
2025-09-01,SZ000610,西安旅游,13.86,25410988,235504294,236747901,328132.590786
2025-09-01,SZ000612,焦作万方,9.19,71701960,1191420144,1192199394,1095631.243086
2025-09-01,SH600753,*ST海钦,6.85,2732869,230307175,230307175,157760.414875
2025-09-01,SZ000596,古井贡酒,170.4,4353016,408600000,528600000,9007344
2025-09-01,SH600757,长江传媒,9.03,37132353,1213497103,1213650273,1095926.196519
2025-09-01,SH600755,厦门国贸,6.12,39890830,2132158487,2137621097,1308224.111364
2025-09-01,SH600761,安徽合力,19.64,22284736,890692761,890692761,1749320.582604
2025-09-01,SZ000609,ST中迪,4.29,24747801,291058272,299265522,128384.908938
2025-09-01,SH600760,中航沈飞,64.4,62803248,2748185991,2835094714,18258009.95816
2025-09-01,SH600754,锦江酒店,23.04,15897508,908009823,1067418804,2459332.924416
2025-09-01,SH600749,西藏旅游,24.41,26526793,226965517,226965517,554022.826997
2025-09-01,SZ000615,*ST美谷,3.13,7948600,762500287,762979719,238812.652047
2025-09-01,SZ000617,中油资本,13.07,474888476,12642079079,12642079079,16523197.356253
2025-09-01,SZ000619,海螺新材,6.11,17106500,360000000,441168831,269554.155741
2025-09-01,SZ000623,吉林敖东,20.13,28403734,1191023393,1195895387,2407337.414031
2025-09-01,SH600758,辽宁能源,3.82,17198501,1320743394,1322017394,505010.644508
2025-09-01,SH600763,通策医疗,47.41,12430875,447289117,447289117,2120597.703697
2025-09-01,SH600769,祥龙电业,11.13,5435535,374977200,374977200,417349.6236
2025-09-01,SH600764,中国海防,35.14,9830851,710629386,710629386,2497151.662404
2025-09-01,SH600771,广誉远,20.32,9154611,489491141,489491141,994645.998512
2025-09-01,SH600765,中航重机,17.1,29133888,1564438153,1575492153,2694091.58163
2025-09-01,SH600774,汉商集团,10.14,7658741,294842131,295032402,299162.855628
2025-09-01,SH600773,西藏城投,10.73,8640413,951586865,951586865,1021052.706145
2025-09-01,SH600768,宁波富邦,12.39,4648305,133747200,133747200,165712.7808
2025-09-01,SZ000627,*ST天茂,1.58,0,4516014165,4904139165,774853.98807
2025-09-01,SZ000633,合金投资,6.79,13364180,385103523,385106373,261487.227267
2025-09-01,SZ000637,茂化实华,4.37,57461615,364585055,519875356,227185.530572
2025-09-01,SZ000651,格力电器,41.41,161570465,5515155557,5601405741,23195421.173481
2025-09-01,SH600775,南京熊猫,13.25,71625332,671838529,913838529,1210836.050925
2025-09-01,SZ000628,高新发展,55.54,18721262,192238585,352280000,1956563.12
2025-09-01,SZ000630,铜陵有色,4.59,474834986,10527672764,12794132824,5872506.966216
2025-09-01,SZ000635,英 力 特,8.75,4503701,303087602,394532758,345216.16325
2025-09-01,SH600770,综艺股份,6.21,64918806,1300000000,1300000000,807300
2025-09-01,SZ000632,三木集团,3.95,19512612,465481606,465519570,183880.23015
2025-09-01,SH600777,*ST新潮,4.28,47003211,6366152391,6800495825,2910612.2131
2025-09-01,SZ000639,西王食品,3.22,31789451,1079426772,1079428095,347575.84659
2025-09-01,SH600776,东方通信,12.37,32371196,956000064,1256000064,1553672.079168
2025-09-01,SZ000626,远大控股,7,8316602,503716521,506626864,354638.8048
2025-09-01,SZ000652,泰达股份,4.37,14866500,1474462359,1475573852,644825.773324
2025-09-01,SZ000655,金岭矿业,9.02,14323811,595340230,595340230,536996.88746
2025-09-01,SZ000656,*ST金科,1.33,91033912,5315783940,5339715816,710182.203528
2025-09-01,SZ000636,风华高科,15.26,26237898,1157013211,1157013211,1765602.159986
2025-09-01,SH600778,友好集团,6.92,22228798,311214882,311491352,215552.015584
2025-09-01,SZ000659,珠海中富,2.73,28231225,1285702520,1285702520,350996.78796
2025-09-01,SH600780,通宝能源,5.87,19804334,1146502523,1146502523,672996.981001
2025-09-01,SZ000663,永安林业,6.59,6941802,306301196,336683929,221874.709211
2025-09-01,SH600779,水井坊,47.01,5702149,487503198,487503198,2291752.533798
2025-09-01,SZ000669,ST金鸿,3.23,10683260,680408797,680408797,219772.041431
2025-09-01,SZ000668,*ST荣控,9.29,1126426,146841890,146841890,136416.11581
2025-09-01,SZ000665,湖北广电,6.6,85492064,1137119780,1137149495,750518.6667
2025-09-01,SZ000661,长春高新,113.37,21167698,399624406,407937529,4624787.766273
2025-09-01,SZ000676,智度股份,12.76,77394596,1264528532,1265289215,1614509.03834
2025-09-01,SH600783,鲁信创投,12.95,6184000,744359294,744359294,963945.28573
2025-09-01,SH600784,鲁银投资,6.32,9250127,675652277,675652277,427012.239064
2025-09-01,SH600782,新钢股份,4.07,68043712,3145652149,3182542149,1295294.654643
2025-09-01,SZ000677,恒天海龙,5.34,18843131,863977948,863977948,461364.224232
2025-09-01,SZ000058,深 赛 格,8.91,9221116,984702354,1231200672,1096999.798752
2025-09-01,SH600785,新华百货,13.04,12033201,225631280,225631280,294223.18912
2025-09-01,SZ000061,农 产 品,8.35,133217259,1696933006,1696964131,1416965.049385
2025-09-01,SZ000682,东方电子,11.56,25519455,1340556939,1340727007,1549880.420092
2025-09-01,SH600787,中储股份,6.25,68814103,2170079582,2170079582,1356299.73875
2025-09-01,SZ000680,山推股份,9.68,16142811,1314701804,1500142612,1452138.048416
2025-09-01,SH600792,云煤能源,3.83,26944641,989923600,1109923600,425100.7388
2025-09-01,SZ000060,中金岭南,5.38,143401282,3737545511,3737601761,2010829.747418
2025-09-01,SZ000685,中山公用,10.23,17166207,1253962161,1475111351,1509038.912073
2025-09-01,SZ000679,大连友谊,9.58,16853989,356400000,356400000,341431.2
2025-09-01,SZ000690,宝新能源,4.62,43327102,2174471375,2175887862,1005260.192244
2025-09-01,SH600791,京能置业,4.75,7651500,452313696,452880000,215118
2025-09-01,SZ000062,深圳华强,30.85,31139308,1044927241,1045909322,3226630.25837
2025-09-01,SZ000059,华锦股份,5.23,24628900,1599442537,1599442537,836508.446851
2025-09-01,SZ000683,博源化工,6.63,62043329,3318709523,3718739060,2465523.99678
2025-09-01,SH600793,宜宾纸业,25.17,7117800,176904002,176904002,445267.373034
2025-09-01,SZ000698,ST沈化,4.27,16382345,785714395,819514395,349932.646665
2025-09-01,SZ000701,厦门信达,6.05,21605886,667603556,675807106,408863.29913
2025-09-01,SH600789,鲁抗医药,10.01,17346410,898669632,898669632,899568.301632
2025-09-01,SZ000686,东北证券,8.66,30281680,2340452915,2340452915,2026832.22439
2025-09-01,SZ000692,惠天热电,3.62,13203800,532832976,532832976,192885.537312
2025-09-01,SH600790,轻纺城,4,16811374,1465790928,1465790928,586316.3712
2025-09-01,SZ000700,模塑科技,9.27,65101658,918015389,918015389,851000.265603
2025-09-01,SZ000691,*ST亚太,6.63,13531550,323270000,323270000,214328.01
2025-09-01,SZ001696,宗申动力,26.02,50695735,891398225,1145026920,2979360.04584
2025-09-01,SH600794,保税科技,4.54,24160117,1200152157,1200152157,544869.079278
2025-09-01,SH600795,国电电力,4.91,282773415,17835619082,17835619082,8757288.969262
2025-09-01,SZ000702,正虹科技,7.9,16174991,266634576,346624948,273833.70892
2025-09-01,SZ000697,ST炼石,9.16,13292178,590896429,873100876,799760.402416
2025-09-01,SZ000708,中信特钢,13.19,21841689,5047157520,5047157520,6657200.76888
2025-09-01,SZ000703,恒逸石化,6.55,26580252,3583650372,3602617872,2359714.70616
2025-09-01,SH600796,钱江生化,5.87,8298901,309477889,866585766,508685.844642
2025-09-01,SH600051,宁波联合,7.32,10313988,310880000,310880000,227564.16
2025-09-01,SZ000705,浙江震元,9.33,9081500,281960751,334123286,311737.025838
2025-09-01,SZ000711,ST京蓝,1.85,40348190,2285733714,2856976223,528540.601255
2025-09-01,SH600052,东望时代,4.74,28447256,844194741,844194741,400148.307234
2025-09-01,SZ000707,双环科技,6.49,8663512,464145765,584717193,379481.458257
2025-09-01,SZ000712,锦龙股份,15.13,27154329,895734125,896000000,1355648
2025-09-01,SZ000758,中色股份,7.19,158331299,1976088345,1990552530,1431207.26907
2025-09-01,SZ000709,河钢股份,2.44,139086236,10335412398,10337121092,2522257.546448
2025-09-01,SZ000716,黑芝麻,6.61,25898273,735788837,753489550,498056.59255
2025-09-01,SH600797,浙大网新,11.97,261428832,1027526370,1027526370,1229949.06489
2025-09-01,SZ000400,许继电气,23.27,25953435,1011701259,1018749309,2370629.642043
2025-09-01,SZ000713,国投丰乐,7.16,12223212,614014980,614014980,439634.72568
2025-09-01,SZ000710,贝瑞基因,15.14,24393132,329529923,353521465,535231.49801
2025-09-01,SH600060,海信视像,22.05,11272868,1295094388,1304972254,2877463.82007
2025-09-01,SH600798,宁波海运,3.91,16660174,1206534201,1206534201,471754.872591
2025-09-01,SZ000736,*ST中地,4.95,8608904,721266045,747098401,369813.708495
2025-09-01,SZ000737,北方铜业,13.12,162677859,1904538160,1904716435,2498987.96272
2025-09-01,SZ000721,西安饮食,10.55,82118708,512360308,573914308,605479.59494
2025-09-01,SZ000766,通化金马,23.85,22491726,966007681,966494707,2305089.876195
2025-09-01,SH600054,黄山旅游,12.3,17888187,513300000,729379440,897136.7112
2025-09-01,SH600064,南京高科,8.04,33224375,1730339644,1730339644,1391193.073776
2025-09-01,SZ000717,中南股份,2.85,46923253,2423560965,2423845590,690795.99315
2025-09-01,SZ000715,中兴商业,6.06,12007132,538993401,540434622,327503.380932
2025-09-01,SH600067,冠城新材,2.93,26669722,1391668739,1391668739,407758.940527
2025-09-01,SH600066,宇通客车,28.3,22762181,2213939223,2213939223,6265448.00109
2025-09-01,SZ000739,普洛药业,16.06,16281120,1158008405,1158443576,1860460.383056
2025-09-01,SZ000720,新能泰山,3.51,13823863,1256531571,1256531571,441042.581421
2025-09-01,SH600056,中国医药,10.9,16291180,1495351478,1495879748,1630508.92532
2025-09-01,SZ000723,美锦能源,4.93,115552657,4396244574,4403475944,2170913.640392
2025-09-01,SH600059,古越龙山,10.61,31829900,911542413,911542413,967146.500193
2025-09-01,SZ000759,中百集团,8,71272082,655706025,669971694,535977.3552
2025-09-01,SH600055,万东医疗,17.89,9076892,703061058,703061058,1257776.232762
2025-09-01,SH600061,国投资本,8.19,71431562,6393981723,6393981723,5236671.031137
2025-09-01,SZ000727,冠捷科技,2.72,281438770,4529566980,4529566980,1232042.21856
2025-09-01,SH600062,华润双鹤,19.75,18465780,1032630823,1038757509,2051546.080275
2025-09-01,SH600076,康欣新材,3,98081997,1344543367,1344543367,403363.0101
2025-09-01,SH600071,凤凰光学,23.11,8255723,281573889,281573889,650717.257479
2025-09-01,SH600058,五矿发展,9.95,36045413,1071910711,1071910711,1066551.157445
2025-09-01,SZ000779,甘咨询,9.56,9552200,464774742,464829452,444376.956112
2025-09-01,SH600063,皖维高新,5.4,95508132,1925894692,2104618229,1136493.84366
2025-09-01,SH600072,中船科技,12.83,16091664,1083337316,1506521728,1932867.377024
2025-09-01,SZ000778,新兴铸管,3.83,45898332,3893605496,3963182285,1517898.815155
2025-09-01,SH600079,ST人福,20.48,26908271,1543178770,1632225965,3342798.77632
2025-09-01,SZ000786,北新建材,26.27,17795747,1616773097,1689507842,4438337.100934
2025-09-01,SZ000767,晋控电力,3.07,32029276,2912246436,3076942219,944621.261233
2025-09-01,SZ000625,长安汽车,12.46,157078211,8260513020,9914086060,12352951.23076
2025-09-01,SZ000735,罗 牛 山,6.31,15437470,1150897517,1151513578,726605.067718
2025-09-01,SZ000776,广发证券,21.67,68123783,5904049311,7605845511,16481867.222337
2025-09-01,SZ000068,华控赛格,3.71,20240392,1006671464,1006671464,373475.113144
2025-09-01,SH600080,金花股份,7.55,4548460,373270285,373270285,281819.065175
2025-09-01,SH600088,中视传媒,19.12,18480074,397706400,397706400,760414.6368
2025-09-01,SZ000788,北大医药,6.44,13669955,595987425,595987425,383815.9017
2025-09-01,SZ000728,国元证券,9.14,56177640,4363777891,4363777891,3988492.992374
2025-09-01,SZ000731,四川美丰,7.09,7494400,558829131,558829131,396209.853879
2025-09-01,SH600075,新疆天业,4.53,13901569,1707362663,1707362663,773435.286339
2025-09-01,SZ000828,东莞控股,11.96,22344959,1039515642,1039516992,1243262.322432
2025-09-01,SH600089,特变电工,14.72,173903401,5052792571,5052792571,7437710.664512
2025-09-01,SZ000800,一汽解放,7.15,18764119,4920860683,4921280975,3518715.897125
2025-09-01,SH600106,重庆路桥,7.14,41239540,1329025062,1329025062,948923.894268
2025-09-01,SZ000782,恒申新材,5.92,19623278,528139623,686581509,406456.253328
2025-09-01,SH600097,开创国际,11.47,6684000,240936559,240936559,276354.233173
2025-09-01,SH600082,海泰发展,3.96,17714700,634335412,646115826,255861.867096
2025-09-01,SH600085,同仁堂,36.08,20692921,1371470262,1371470262,4948264.705296
2025-09-01,SZ000819,岳阳兴长,17.29,15787939,365532306,369697506,639206.987874
2025-09-01,SZ000752,ST西发,10.81,3485571,263758491,263758491,285122.928771
2025-09-01,SZ000838,财信发展,2.73,21540350,1053765855,1100462170,300426.17241
2025-09-01,SZ000738,航发控制,20.94,17606291,1315184001,1315184001,2753995.298094
2025-09-01,SZ000753,漳州发展,7.39,61106478,991481071,991481071,732704.511469
2025-09-01,SZ000768,中航西飞,28.95,67265470,2772725857,2781149071,8051426.560545
2025-09-01,SZ000066,中国长城,18.04,176908685,3225589838,3225799088,5819341.554752
2025-09-01,SZ000755,山西高速,4.87,8410129,1467310196,1467310196,714580.065452
2025-09-01,SH600100,同方股份,8.24,67432397,3350297713,3350297713,2760645.315512
2025-09-01,SH600101,明星电力,10.06,12799387,547862471,547862471,551149.645826
2025-09-01,SH600078,澄星股份,6.64,14853409,662572861,662572861,439948.379704
2025-09-01,SH600081,东风科技,13.67,7031860,553026170,553026170,755986.77439
2025-09-01,SH600103,青山纸业,2.51,321857406,2212329047,2240826747,562447.513497
2025-09-01,SZ000796,凯撒旅业,5.98,288616138,1330766810,1603788916,959065.771768
2025-09-01,SZ000733,振华科技,50.98,13899778,554094731,554169431,2825155.759238
2025-09-01,SH600099,林海股份,10.93,4934500,219120000,219120000,239498.16
2025-09-01,SH600073,光明肉业,7.34,35197734,937729472,937729472,688293.432448
2025-09-01,SZ000762,西藏矿业,22.19,14888400,520800618,521174140,1156485.41666
2025-09-01,SH600095,湘财股份,12.58,69217620,2859187743,2859187743,3596858.180694
2025-09-01,SZ000750,国海证券,4.54,128258057,5796203977,6386174477,2899323.212558
2025-09-01,SH600096,云天化,27.34,33597149,1822990731,1822990731,4984056.658554
2025-09-01,SZ000777,中核科技,20.13,8419601,383410827,383417593,771819.614709
2025-09-01,SH600084,中信尼雅,5.64,8508000,1123726830,1123726830,633781.93212
2025-09-01,SZ000785,居然智家,3.09,100043914,5897593464,6227048814,1924158.083526
2025-09-01,SZ000797,中国武夷,2.74,28367665,1570572469,1570754217,430386.655458
2025-09-01,SZ000729,燕京啤酒,12.54,34075297,2509606667,2818539341,3534448.333614
2025-09-01,SH600098,广州发展,6.88,105979234,3498749964,3506306868,2412339.125184
2025-09-01,SZ000799,酒鬼酒,70.9,35478285,324900480,324928980,2303746.4682
2025-09-01,SZ000868,安凯客车,5.95,22332602,733328418,939514735,559011.267325
2025-09-01,SZ000088,盐 田 港,4.49,32973654,3162894468,5199483346,2334568.022354
2025-09-01,SZ000793,*ST华闻,2.56,36888934,1961008615,1997245457,511294.836992
2025-09-01,SZ000783,长江证券,8.41,110911809,5530072948,5530072948,4650791.349268
2025-09-01,SH600116,三峡水利,6.72,7837002,1912142904,1912142904,1284960.031488
2025-09-01,SZ000756,新华制药,16.3,14761905,492623924,689776535,1124335.75205
2025-09-01,SH600109,国金证券,10.36,64122580,3712559510,3712559510,3846211.65236
2025-09-01,SZ000795,英洛华,12.08,48227245,1133684103,1133684103,1369490.396424
2025-09-01,SZ000816,智慧农业,3.27,60080701,1436430472,1447013318,473173.354986
2025-09-01,SH600108,亚盛集团,3.02,35993708,1946915121,1946915121,587968.366542
2025-09-01,SH600128,苏豪弘业,11.06,21491100,246767500,246767500,272924.855
2025-09-01,SH600118,中国卫星,36.73,104628774,1182489135,1182489135,4343282.592855
2025-09-01,SZ000069,华侨城Ａ,2.27,127601117,6898601781,8037758053,1824571.078031
2025-09-01,SZ000789,万年青,6.04,7791480,797407415,797407415,481634.07866
2025-09-01,SH600111,北方稀土,56.55,274841380,3615065842,3615065842,20443197.33651
2025-09-01,SH600105,永鼎股份,11.28,207723027,1461994802,1461994802,1649130.136656
2025-09-01,SH600110,诺德股份,7.59,256206656,1735180932,1735180932,1317002.327388
2025-09-01,SZ000823,超声电子,14.04,37478900,536968764,536991508,753936.077232
2025-09-01,SZ000791,甘肃能源,6.52,21000469,1935621786,3243839742,2114983.511784
2025-09-01,SH600117,西宁特钢,3.41,50387008,3255114857,3255114857,1109994.166237
2025-09-01,SZ000818,航锦科技,26.41,48751107,658211439,660000039,1743060.102999
2025-09-01,SZ000888,峨眉山Ａ,14.6,27367502,526913102,526913102,769293.12892
2025-09-01,SH600113,浙江东日,60.1,15956011,411431160,421176660,2531271.7266
2025-09-01,SH600132,重庆啤酒,55.07,5432901,483971198,483971198,2665229.387386
2025-09-01,SZ000839,国安股份,3.07,272092100,3919826352,3919826352,1203386.690064
2025-09-01,SH600115,中国东航,3.99,169898814,17114518793,22291296570,8894227.33143
2025-09-01,SH600107,ST尔雅,6.29,6560775,360000000,360000000,226440
2025-09-01,SZ000848,承德露露,8.67,15354077,1042554074,1052554074,912564.382158
2025-09-01,SH600129,太极集团,22.72,12804917,556890744,556890744,1265255.770368
2025-09-01,SZ000063,中兴通讯,48,322863809,4027360077,4783534887,22960967.4576
2025-09-01,SH600104,上汽集团,19.04,124719363,11495277504,11495277504,21887008.367616
2025-09-01,SZ000899,赣能股份,9.76,18379000,975677760,975677760,952261.49376
2025-09-01,SH600120,浙江东方,6.43,75509105,3415381492,3415381492,2196090.299356
2025-09-01,SZ000829,天音控股,10.33,22360832,1024129669,1025100438,1058928.752454
2025-09-01,SH600138,中青旅,10.28,28919145,723840000,723840000,744107.52
2025-09-01,SZ000889,中嘉博创,3.72,32417969,869849676,936291116,348300.295152
2025-09-01,SZ000898,鞍钢股份,2.65,41488634,7957346173,9369221258,2482843.63337
2025-09-01,SH600121,郑州煤电,4.07,16140535,1218412038,1218412038,495893.699466
2025-09-01,SZ000802,北京文化,4.81,20589200,715465255,715900255,344348.022655
2025-09-01,SZ000761,本钢板材,3.65,15568774,3708232205,4108232205,1499504.754825
2025-09-01,SH600119,长江投资,9.1,6475500,365270370,365270370,332396.0367
2025-09-01,SZ001896,豫能控股,5.6,21859707,1525781330,1525781330,854437.5448
2025-09-01,SH600135,乐凯胶片,7.53,7417800,553307099,553307099,416640.245547
2025-09-01,SZ000886,海南高速,6.42,14631119,977836898,988828300,634827.7686
2025-09-01,SH600133,东湖高新,9.09,17459030,1066239875,1066239875,969212.046375
2025-09-01,SZ000798,中水渔业,8.2,8335300,365836212,365858712,300004.14384
2025-09-01,SH600009,上海机场,32.36,18747443,1918695948,2488481340,8052725.61624
2025-09-01,SZ000429,粤高速Ａ,11.7,11411810,1303329906,2090806126,2446243.16742
2025-09-01,SH600136,ST明诚,1.89,12753300,1943089494,2040825931,385716.100959
2025-09-01,SZ000803,山高环能,7.17,20428512,459787780,470988309,337698.617553
2025-09-01,SZ000876,新 希 望,9.8,72108130,4499000019,4502570853,4412519.43594
2025-09-01,SH600126,杭钢股份,10.49,247424008,3377189083,3377189083,3542671.348067
2025-09-01,SH600158,中体产业,9.13,38603238,959513067,959513067,876035.430171
2025-09-01,SZ000790,华神科技,4.05,14737164,622614614,623719364,252606.34242
2025-09-01,SH600131,国网信通,17.97,13849937,1195905149,1199724419,2155904.780943
2025-09-01,SZ000807,云铝股份,19.41,53811717,3467921051,3467957405,6731305.323105
2025-09-01,SH600137,浪莎股份,19.39,2272100,97217588,97217588,188504.903132
2025-09-01,SZ000089,深圳机场,7.22,23070800,2050742403,2050769509,1480655.585498
2025-09-01,SH600168,武汉控股,5.08,17449982,993397569,993397569,504645.965052
2025-09-01,SZ000858,五 粮 液,128.87,31694195,3881444512,3881608005,50022282.360435
2025-09-01,SH600127,金健米业,7.02,17484901,641783218,641783218,450531.819036
2025-09-01,SZ000801,四川九洲,17.67,27959631,1022806646,1022806646,1807299.343482
2025-09-01,SH600125,铁龙物流,6.17,74180242,1305521874,1305521874,805506.996258
2025-09-01,SH600157,永泰能源,1.47,483407117,21817764145,21817764145,3207211.329315
2025-09-01,SZ000883,湖北能源,4.59,26147439,6479756454,6481449486,2974985.314074
2025-09-01,SZ000813,德展健康,4.18,119519805,2096760540,2097105540,876590.11572
2025-09-01,SH600150,中国船舶,38.92,164258993,4472428758,4472428758,17406692.726136
2025-09-01,SH600148,长春一东,21.4,2698490,141516450,141516450,302845.203
2025-09-01,SH600159,大龙地产,2.76,16470601,830003232,830003232,229080.892032
2025-09-01,SH600156,华升股份,9.82,68272645,402110702,402110702,394872.709364
2025-09-01,SZ000811,冰轮环境,13.48,32283081,969577423,992638145,1338076.21946
2025-09-01,SH600165,ST宁科,3.89,13924650,684883775,684883775,266419.788475
2025-09-01,SZ000810,创维数字,12.54,25798773,1110613175,1141595579,1431560.856066
2025-09-01,SZ000878,云南铜业,15.23,124871675,2003593177,2003628310,3051525.91613
2025-09-01,SH600163,中闽能源,5.15,19883079,1902996143,1902996143,980043.013645
2025-09-01,SH600166,福田汽车,2.79,140824128,6488828939,7917400367,2208954.702393
2025-09-01,SZ000065,北方国际,11.5,16118257,974962288,1071385874,1232093.7551
2025-09-01,SH600151,航天机电,8.72,38972247,1434252287,1434252287,1250667.994264
2025-09-01,SZ000815,美利云,14.53,44021607,695263035,695263035,1010217.189855
2025-09-01,SH600152,维科技术,6.79,43456228,529079375,529079375,359244.895625
2025-09-01,SH600162,香江控股,1.69,37277189,3268438122,3268438122,552366.042618
2025-09-01,SH600161,天坛生物,20.1,15079581,1977371446,1977371446,3974516.60646
2025-09-01,SZ000809,和展能源,2.94,13637550,824791293,824791293,242488.640142
2025-09-01,SZ000882,华联股份,2.11,227532657,2735514266,2737351947,577581.260817
2025-09-01,SH600153,建发股份,10.8,86034640,2899538551,2899538551,3131501.63508
2025-09-01,SH600170,上海建工,2.47,224303981,8885939744,8885939744,2194827.116768
2025-09-01,SZ000812,陕西金叶,4.8,15137818,768160970,768692614,368972.45472
2025-09-01,SZ000821,ST京机,12.04,16763697,604650764,622874778,749941.232712
2025-09-01,SH600160,巨化股份,39.02,73226274,2699746081,2699746081,10534409.208062
2025-09-01,SH600188,兖矿能源,13.07,32359386,5923911084,10037480544,13118987.071008
2025-09-01,SH600180,瑞茂通,4.52,14658800,1086627464,1086627464,491155.613728
2025-09-01,SZ000822,山东海化,5.84,9947600,895091926,895091926,522733.684784
2025-09-01,SH600196,复星医药,30.68,99794406,2118488825,2670429325,8192877.1691
2025-09-01,SZ000830,鲁西化工,15.31,59761313,1904168929,1904319011,2915512.405841
2025-09-01,SH600199,金种子酒,11.32,23881530,657796824,657796824,744626.004768
2025-09-01,SZ000856,冀东装备,11.44,6487533,227000000,227000000,259688
2025-09-01,SH600186,莲花控股,6.55,145047963,1786710441,1794002141,1175071.402355
2025-09-01,SZ000881,中广核技,8.08,27188697,833734840,945425815,763904.05852
2025-09-01,SH600169,ST太重,2.35,37727181,3333141500,3347103170,786569.24495
2025-09-01,SZ000862,银星能源,5.67,19778000,627967088,917954696,520480.312632
2025-09-01,SH600155,华创云信,7.65,46156117,2213542477,2213542477,1693359.994905
2025-09-01,SH600171,上海贝岭,37.77,34487957,708923303,708923303,2677603.315431
2025-09-01,SZ000581,威孚高科,22.48,40888549,793867049,966785693,2173334.237864
2025-09-01,SZ000837,秦川机床,12.68,27727400,1007401337,1020005837,1293367.401316
2025-09-01,SZ000850,华茂股份,4.57,20275970,943396879,943665009,431254.909113
2025-09-01,SH600189,泉阳泉,7.54,19827880,715197812,715197812,539259.150248
2025-09-01,SH600178,东安动力,14.04,11488401,466476161,466476161,654932.530044
2025-09-01,SZ000825,太钢不锈,4.04,75542696,5696247796,5696247796,2301284.109584
2025-09-01,SH600198,大唐电信,9.26,29956700,1301949804,1303603541,1207136.878966
2025-09-01,SH600183,生益科技,54.87,42022429,2394501544,2429262930,13329365.69691
2025-09-01,SZ000860,顺鑫农业,16.4,13335809,741766989,741766989,1216497.86196
2025-09-01,SH600179,安通控股,3.5,61052196,3744236495,4231526979,1481034.44265
2025-09-01,SZ000833,粤桂股份,13.83,82603100,453702026,802082221,1109279.711643
2025-09-01,SZ000859,国风新材,6.84,18513800,895925271,895976271,612847.769364
2025-09-01,SH600177,雅戈尔,7.37,36827774,4623441902,4623441902,3407476.681774
2025-09-01,SZ000852,石化机械,6.94,14696593,945738786,955967689,663441.576166
2025-09-01,SH600172,黄河旋风,4.72,40720625,1276255750,1442184476,680711.072672
2025-09-01,SH600218,全柴动力,9.77,10286100,435599919,435599919,425581.120863
2025-09-01,SZ000887,中鼎股份,22.32,92815024,1314370608,1316489747,2938405.115304
2025-09-01,SH600191,华资实业,7.98,31804931,484932000,484932000,386975.736
2025-09-01,SZ000895,双汇发展,25.61,21786005,3464212167,3464661213,8872997.366493
2025-09-01,SH600123,兰花科创,6.6,10181392,1473240021,1473240021,972338.41386
2025-09-01,SZ000078,海王生物,2.63,28116797,2626441138,2631123257,691985.416591
2025-09-01,SH600192,长城电工,10.29,13497127,441748000,441748000,454558.692
2025-09-01,SZ000893,亚钾国际,34.51,17738436,811810074,924051187,3188900.646337
2025-09-01,SH600195,中牧股份,7.7,13571425,1021148260,1021148260,786284.1602
2025-09-01,SZ000877,天山股份,6.61,63823736,7110490194,7110491694,4700035.009734
2025-09-01,SZ000892,欢瑞世纪,5.38,150702249,710836454,980980473,527767.494474
2025-09-01,SH600201,生物股份,8.6,28371352,1111747826,1111747826,956103.13036
2025-09-01,SZ000890,法尔胜,3.97,18581800,419491046,419503968,166543.075296
2025-09-01,SH600228,*ST返利,4.87,12609800,416037177,417012377,203085.027599
2025-09-01,SZ000900,现代投资,4.27,30270226,1517760834,1517828334,648112.698618
2025-09-01,SH600167,联美控股,6.61,16266855,2262840463,2262840463,1495737.546043
2025-09-01,SH600266,城建发展,5.02,68966682,2075743507,2075743507,1042023.240514
2025-09-01,SZ000908,*ST景峰,5.43,14759986,879774351,879774351,477717.472593
2025-09-01,SZ000928,中钢国际,6.48,31421453,1434627071,1434644621,929649.714408
2025-09-01,SH600007,中国国贸,20.48,2937601,1007282534,1007282534,2062914.629632
2025-09-01,SH600206,有研新材,24.44,138998233,846553332,846553332,2068976.343408
2025-09-01,SZ000917,电广传媒,7.85,27694627,1417459363,1417556338,1112781.72533
2025-09-01,SH600200,退市苏吴,1.04,24246899,710879480,710879480,73931.46592
2025-09-01,SZ000901,航天科技,19.15,82239262,798193381,798201406,1528555.69249
2025-09-01,SZ000902,新洋丰,14.79,14353824,1142782507,1254733325,1855750.587675
2025-09-01,SH600173,卧龙新能,6.15,8245700,700416244,700506244,430811.34006
2025-09-01,SZ000903,ST云动,2.97,42842720,1920261648,1934961410,574683.53877
2025-09-01,SH600176,中国巨石,16.3,289095947,4003136728,4003136728,6525112.86664
2025-09-01,SZ000897,津滨发展,2.31,41201433,1617241634,1617272234,373589.886054
2025-09-01,SH600359,新农开发,7.12,8006685,381512820,381512820,271637.12784
2025-09-01,SZ000905,厦门港务,8.75,16940267,741808097,741809597,649083.397375
2025-09-01,SZ000909,ST数源,5.92,6308397,437710570,437714245,259126.83304
2025-09-01,SH600203,福日电子,15.19,70298713,592988082,592988082,900748.896558
2025-09-01,SZ000913,钱江摩托,16.81,6838465,463243000,526611000,885233.091
2025-09-01,SH600193,*ST创兴,4.41,10677964,425373000,425373000,187589.493
2025-09-01,SZ000911,广农糖业,7.81,8847000,400319818,400319818,312649.777858
2025-09-01,SZ000912,泸天化,4.42,8857548,1568000000,1568000000,693056
2025-09-01,SH600202,哈空调,6.09,10828601,383340672,383340672,233454.469248
2025-09-01,SZ000915,华特达因,33.47,5279319,234179735,234331485,784307.480295
2025-09-01,SH600185,珠免集团,5.79,26105959,1885005795,1885005795,1091418.355305
2025-09-01,SZ000925,众合科技,8.12,13883423,673244308,676369858,549212.324696
2025-09-01,SZ000920,沃顿科技,13.06,49271175,421977500,472621118,617243.180108
2025-09-01,SH600141,兴发集团,27.78,19948117,1103255933,1103255933,3064844.981874
2025-09-01,SZ000922,佳电股份,11.98,11987865,587318003,695216654,832869.551492
2025-09-01,SZ000926,福星股份,2.91,89341703,1573209145,1592964774,463552.749234
2025-09-01,SH600208,衢州发展,5.05,238603425,8507976337,8508940800,4297015.104
2025-09-01,SZ000929,*ST兰黄,8.78,5127901,185754223,185766000,163102.548
2025-09-01,SZ000910,大亚圣象,8.08,6819500,547184500,547397500,442297.18
2025-09-01,SZ000906,浙商中拓,6.22,10449323,701239764,709663179,441410.497338
2025-09-01,SZ000930,中粮科技,6.24,31532860,1856348080,1856442396,1158420.055104
2025-09-01,SZ000931,中 关 村,5.35,15548116,751029532,753126982,402922.93537
2025-09-01,SZ000921,海信家电,25.17,13487995,918122463,1384861171,3485695.567407
2025-09-01,SZ000923,河钢资源,15.17,22434527,627901354,652728961,990189.833837
2025-09-01,SH600207,安彩高科,5.24,45136905,1089312554,1089312554,570799.778296
2025-09-01,SZ000090,天健集团,3.63,32975201,1868459934,1868545434,678281.992542
2025-09-01,SH600211,西藏药业,48.39,19204679,322319196,322319196,1559702.589444
2025-09-01,SZ000927,中国铁物,2.71,50915986,6050350581,6050353641,1639645.836711
2025-09-01,SH600006,东风股份,7.61,44614547,2000000000,2000000000,1522000
2025-09-01,SZ000932,华菱钢铁,5.91,112411105,6908546583,6908632499,4083001.806909
2025-09-01,SZ000936,华西股份,8.43,52218809,885887337,886012887,746908.863741
2025-09-01,SH600212,绿能慧充,8.62,21723760,514817213,704267213,607078.337606
2025-09-01,SZ000935,四川双马,19.38,16089334,763440333,763440333,1479547.365354
2025-09-01,SH600210,紫江企业,7.72,202265781,1516736158,1516736158,1170920.313976
2025-09-01,SZ000933,神火股份,19.28,38020063,2247655449,2249350569,4336747.897032
2025-09-01,SH600215,派斯林,7.45,11544263,456882880,462995380,344931.5581
2025-09-01,SZ000937,冀中能源,5.95,18308869,3433397227,3533546850,2102460.37575
2025-09-01,SH600197,伊力特,16.33,10451343,473174717,473174717,772694.312861
2025-09-01,SZ000948,南天信息,19.68,12180967,389128291,389888774,767301.107232
2025-09-01,SH600149,廊坊发展,5.56,13353851,380160000,380160000,211368.96
2025-09-01,SZ000949,新乡化纤,3.99,24750782,1699873676,1700329922,678431.638878
2025-09-01,SH600216,浙江医药,15.78,17169515,961633475,961637750,1517464.3695
2025-09-01,SZ000938,紫光股份,29.09,241475073,2860079874,2860079874,8319972.353466
2025-09-01,SH600222,太龙药业,7.05,34217844,573886283,573886283,404589.829515
2025-09-01,SH600000,浦发银行,13.49,116131640,30267679579,30267679579,40831099.752071
2025-09-01,SZ000952,广济药业,6.61,7412581,343996035,346750339,229201.974079
2025-09-01,SH600226,亨通股份,3.83,242613841,2974381224,2974381224,1139188.008792
2025-09-01,SZ000919,金陵药业,7.16,10128103,590320187,623708628,446575.377648
2025-09-01,SH600268,国电南自,10.14,38475812,1010742795,1015870778,1030092.968892
2025-09-01,SH600221,海航控股,1.59,489004834,32872676656,43215632535,6871285.573065
2025-09-01,SZ000953,河化股份,7.22,9538729,366122195,366122195,264340.22479
2025-09-01,SH600239,云南城投,2.38,28942231,1605686909,1605686909,382153.484342
2025-09-01,SZ000955,欣龙控股,4.82,11091980,537992975,538395000,259506.39
2025-09-01,SH600217,中再资环,4.42,19471699,1657653673,1657653673,732682.923466
2025-09-01,SZ000959,首钢股份,4.17,42087887,6507263647,7754967370,3233821.39329
2025-09-01,SZ000958,电投产融,6.83,33665646,5383401645,5383418520,3676874.84916
2025-09-01,SH600219,南山铝业,3.99,351172249,11613670848,11613670848,4633854.668352
2025-09-01,SZ000957,中通客车,11.54,18919506,592903936,592903936,684211.142144
2025-09-01,SH600223,福瑞达,8.05,9989782,1016568775,1016568775,818337.863875
2025-09-01,SZ000962,东方钽业,22.55,36968335,501605674,504968262,1138703.43081
2025-09-01,SH600238,*ST椰岛,6.61,8442200,445271580,448200000,296260.2
2025-09-01,SZ000963,华东医药,45.45,20035715,1751941228,1754077048,7972280.18316
2025-09-01,SZ000960,锡业股份,23.06,62302634,1645801952,1645801952,3795219.301312
2025-09-01,SH600227,赤天化,2.51,28267100,1277599803,1688727685,423870.648935
2025-09-01,SH600500,中化国际,4.48,32843190,3586722753,3588523593,1607658.569664
2025-09-01,SH600229,城市传媒,6.91,6931436,660707784,660707784,456549.078744
2025-09-01,SZ000999,华润三九,30.15,14714418,1662694003,1669588290,5033808.69435
2025-09-01,SZ000966,长源电力,4.52,33919100,3261522820,3481035016,1573427.827232
2025-09-01,SH600236,桂冠电力,6.33,8501509,7882377802,7882377802,4989545.148666
2025-09-01,SZ000967,盈峰环境,7.1,35870949,3165435618,3166943318,2248529.75578
2025-09-01,SH600230,沧州大化,13.54,16401933,413961015,413961015,560503.21431
2025-09-01,SZ000965,天保基建,4.43,74178340,1109830895,1109830895,491655.086485
2025-09-01,SZ000518,*ST四环,2.31,12516650,1029535693,1029556222,237827.487282
2025-09-01,SZ000970,中科三环,15.42,74401656,1215725773,1215725773,1874649.141966
2025-09-01,SH600299,安迪苏,10.07,27136467,2681901273,2681901273,2700674.581911
2025-09-01,SH600008,首创环保,3.14,96215986,7340590677,7340590677,2304945.472578
2025-09-01,SZ000070,特发信息,11.27,168213714,888678852,900344760,1014688.54452
2025-09-01,SH600231,凌钢股份,2.08,21969662,2819185135,2852165135,593250.34808
2025-09-01,SH600269,赣粤高速,5.05,19957369,2335407014,2335407014,1179380.54207
2025-09-01,SZ000978,桂林旅游,6.85,26460272,468118750,468130000,320669.05
2025-09-01,SZ000973,佛塑科技,7.16,51230582,967423171,967423171,692674.990436
2025-09-01,SH600256,广汇能源,5.13,229271676,6392002964,6392002964,3279097.520532
2025-09-01,SZ000301,东方盛虹,9.87,28331805,6608553402,6611227974,6525282.010338
2025-09-01,SZ000969,安泰科技,14.48,46801786,1033193454,1050718097,1521439.804456
2025-09-01,SH600258,首旅酒店,15.35,32217546,1116603126,1116603126,1713985.79841
2025-09-01,SH600232,金鹰股份,6.87,13185100,364718544,364718544,250561.639728
2025-09-01,SZ000988,华工科技,75.26,118784407,1004985657,1005502707,7567413.372882
2025-09-01,SH600233,圆通速递,17.38,34033987,3420226138,3420226138,5944353.027844
2025-09-01,SZ000977,浪潮信息,68.93,145136164,1470490271,1472135122,10147427.395946
2025-09-01,SZ000975,山金国际,20.87,65109078,2527432441,2776722265,5795019.367055
2025-09-01,SH600237,铜峰电子,8.09,29515310,621676155,630709155,510243.706395
2025-09-01,SH600257,大湖股份,5.54,21922601,481237188,481237188,266605.402152
2025-09-01,SH600235,民丰特纸,6.51,7087786,351300000,351300000,228696.3
2025-09-01,SH600234,科新发展,8.66,10682007,262520973,262520973,227343.162618
2025-09-01,SZ000980,众泰汽车,2.83,448256347,5031388673,5042547739,1427041.010137
2025-09-01,SZ000968,蓝焰控股,7.01,12361417,967502660,967502660,678219.36466
2025-09-01,SZ000989,九芝堂,11.3,22504960,694153753,855942012,967214.47356
2025-09-01,SH600262,北方股份,24.4,18928965,170000000,170000000,414800
2025-09-01,SH600300,维维股份,3.41,27038580,1617142180,1617142180,551445.48338
2025-09-01,SH600130,*ST波导,4.24,34543103,750000000,750000000,318000
2025-09-01,SZ000990,诚志股份,7.95,13296900,1215236635,1215237535,966113.840325
2025-09-01,SH600278,东方创业,7.83,10369500,871915557,877143737,686803.546071
2025-09-01,SH600301,华锡有色,33.46,21208773,275335681,632567479,2116570.784734
2025-09-01,SZ000987,越秀资本,7.94,53012391,5014425174,5017132462,3983603.174828
2025-09-01,SH600018,上港集团,5.59,95271072,23214577754,23281365262,13014283.181458
2025-09-01,SH600289,ST信通,6.62,4833647,565922684,631052069,417756.469678
2025-09-01,SH600261,阳光照明,3.44,21262557,1335052966,1335052966,459258.220304
2025-09-01,SZ000096,广聚能源,11.8,6822310,510848000,528000000,623040
2025-09-01,SZ000158,常山北明,25.56,91049569,1587932246,1598616721,4086064.338876
2025-09-01,SH600267,海正药业,10.92,23344354,1198188946,1198848196,1309142.230032
2025-09-01,SZ000985,大庆华科,18.09,1792300,129639500,129639500,234517.8555
2025-09-01,SZ000983,山西焦煤,7.02,47678638,4640213529,5677101059,3985324.943418
2025-09-01,SZ000099,中信海直,24.77,28159007,775770137,775770137,1921582.629349
2025-09-01,SZ000993,闽东电力,10.67,7370851,439747572,457951455,488634.202485
2025-09-01,SH600279,重庆港,5.54,6678139,1186866283,1186866283,657523.920782
2025-09-01,SZ000997,新 大 陆,29.42,31746807,1026404403,1032062937,3036329.160654
2025-09-01,SH600298,安琪酵母,40.23,13392103,857150471,868138471,3492521.068833
2025-09-01,SH600265,ST景谷,20.99,1020272,129800000,129800000,272450.2
2025-09-01,SH600287,苏豪时尚,6.11,12672311,436796074,438847974,268136.112114
2025-09-01,SZ000151,中成股份,12.87,6360900,307934695,337370728,434196.126936
2025-09-01,SH600282,南钢股份,4.79,41028429,6165091011,6165091011,2953078.594269
2025-09-01,SH600293,三峡新材,3.1,28720208,1160145046,1160145046,359644.96426
2025-09-01,SZ000153,丰原药业,6.81,8526265,452313722,464773722,316510.904682
2025-09-01,SH600358,ST联合,5.58,10170329,504936660,504936660,281754.65628
2025-09-01,SH600246,万通发展,13.39,382529120,1890412476,1890412476,2531262.305364
2025-09-01,SZ000159,国际实业,5.84,17641000,480672868,480685993,280720.619912
2025-09-01,SH600280,中央商场,3.61,45754728,1128334788,1128334788,407328.858468
2025-09-01,SZ000972,*ST中基,4.67,22941800,771283579,771283579,360189.431393
2025-09-01,SH600308,华泰股份,3.64,19220364,1516870176,1516870176,552140.744064
2025-09-01,SZ000157,中联重科,7.4,230873720,7070417363,8648535236,6399916.07464
2025-09-01,SH600283,钱江水利,9.75,4182432,544167189,560824898,546804.27555
2025-09-01,SH600276,恒瑞医药,68.35,87218089,6379002274,6637199874,45365261.13879
2025-09-01,SH600285,羚锐制药,23.31,12965746,565865486,567115486,1321946.197866
2025-09-01,SZ000869,张  裕Ａ,22.29,2511618,455104295,671823900,1497495.4731
2025-09-01,SH600366,宁波韵升,16.88,100404888,1063042036,1099041051,1855181.294088
2025-09-01,SH600292,电投水电,12.78,16539750,780816890,780816890,997883.98542
2025-09-01,SH600281,华阳新材,6.89,28638900,514402025,514402025,354422.995225
2025-09-01,SH600243,*ST海华,4.4,15886600,438850000,438850000,193094
2025-09-01,SZ000488,ST晨鸣,2.23,26649251,1681387372,2941456200,655944.7326
2025-09-01,SH600255,鑫科材料,4.15,94499952,1806146955,1806146955,749550.986325
2025-09-01,SH600337,美克家居,1.99,36122782,1436998137,1436998137,285962.629263
2025-09-01,SH600241,时代万恒,8.31,8080120,294302115,294302115,244565.057565
2025-09-01,SH600288,大恒科技,12.58,11697039,436800000,436800000,549494.4
2025-09-01,SH600252,中恒集团,2.74,112409256,3184163070,3195228370,875492.57338
2025-09-01,SH600422,昆药集团,14.26,15603242,756975757,756975757,1079447.429482
2025-09-01,SH600318,新力金融,11.18,69478286,512727632,512727632,573229.492576
2025-09-01,SH600333,长春燃气,5.29,15736950,609030684,609030684,322177.231836
2025-09-01,SZ000998,隆平高科,9.94,14534238,1315050546,1469448061,1460631.372634
2025-09-01,SH600019,宝钢股份,6.89,186797077,21782084749,21782084749,15007856.392061
2025-09-01,SH600302,标准股份,6.95,8373700,346009804,346009804,240476.81378
2025-09-01,SH600316,洪都航空,41.05,19425779,717114512,717114512,2943755.07176
2025-09-01,SH600038,中直股份,39.85,16703886,668935221,819893213,3267274.453805
2025-09-01,SH600016,民生银行,4.51,515050137,35462123213,43782418502,19745870.744402
2025-09-01,SH600307,酒钢宏兴,1.67,41957468,6263357424,6263357424,1045980.689808
2025-09-01,SH600368,五洲交通,4.28,17240616,1609653858,1609653858,688931.851224
2025-09-01,SH600320,振华重工,4.55,78607177,3321997661,5268353501,2397100.842955
2025-09-01,SH600328,中盐化工,8.11,18103223,1466309533,1466309533,1189177.031263
2025-09-01,SH600345,长江通信,30.55,23592610,211559297,329612132,1006965.06326
2025-09-01,SH600323,瀚蓝环境,25.82,8755131,815347146,815347146,2105226.330972
2025-09-01,SZ000726,鲁  泰Ａ,6.91,18347250,588700815,817306422,564758.737602
2025-09-01,SH600339,中油工程,3.6,39812024,5583147471,5583147471,2009933.08956
2025-09-01,SH600303,曙光股份,3.75,26752656,675604211,683604211,256351.579125
2025-09-01,SH600338,西藏珠峰,13.05,104537729,914210168,914210168,1193044.26924
2025-09-01,SH600398,海澜之家,6.92,52915513,4802770296,4802770296,3323517.044832
2025-09-01,SH600399,抚顺特钢,5.57,33084450,1972100000,1972100000,1098459.7
2025-09-01,SH600336,澳柯玛,6.95,17621600,798014769,798014769,554620.264455
2025-09-01,SH600388,龙净环保,12.6,12450508,1270046293,1270046293,1600258.32918
2025-09-01,SH600309,万华化学,69.02,40327747,3130471626,3130471626,21606515.162652
2025-09-01,SH600400,红豆股份,2.42,64544344,2291371852,2291371852,554511.988184
2025-09-01,SH600369,西南证券,4.85,47282096,6645109124,6645109124,3222877.92514
2025-09-01,SH600389,江山股份,26.34,16442286,430650000,430650000,1134332.1
2025-09-01,SH600378,昊华科技,30.64,13768182,1072565363,1289999620,3952558.83568
2025-09-01,SZ000725,京东方Ａ,4.2,721297516,36706050201,37413880464,15713829.79488
2025-09-01,SH600365,ST通葡,3.36,5316500,427280000,427280000,143566.08
2025-09-01,SH600390,五矿资本,6.39,69165637,4498065459,4498065459,2874263.828301
2025-09-01,SH600377,宁沪高速,13.52,9711200,3802183001,5037747500,6811034.62
2025-09-01,SH600326,西藏天路,14.53,88566421,1327863703,1328714600,1930622.3138
2025-09-01,SH600382,广东明珠,6.1,26226472,694408089,694408089,423588.93429
2025-09-01,SH600330,天通股份,10.05,184342326,1233434416,1233434416,1239601.58808
2025-09-01,SH600332,白云山,26.61,24325963,1405890949,1625790949,4326229.715289
2025-09-01,SH600305,恒顺醋业,8.34,13319099,1102988228,1106471528,922797.254352
2025-09-01,SH600037,歌华有线,9.63,78334045,1391777884,1391777884,1340282.102292
2025-09-01,SH600033,福建高速,3.49,50060967,2744400000,2744400000,957795.6
2025-09-01,SH600386,北巴传媒,4.68,14280844,806400000,806400000,377395.2
2025-09-01,SH600312,平高电气,15.9,17358372,1356921309,1356921309,2157504.88131
2025-09-01,SH600558,大西洋,5.41,16054601,897604831,897604831,485604.213571
2025-09-01,SH600272,开开实业,13.45,3720540,160000000,262651945,353266.866025
2025-09-01,SH600550,保变电气,8.78,27099292,1841528480,1841528480,1616862.00544
2025-09-01,SH600310,广西能源,4.03,11094344,1465710722,1465710722,590681.420966
2025-09-01,SH600335,国机汽车,6.32,22594345,1495788692,1495788692,945338.453344
2025-09-01,SH600250,南京商旅,12.05,19760835,310593879,310593879,374265.624195
2025-09-01,SH600010,包钢股份,2.75,1680290498,31380798287,45288619348,12454370.3207
2025-09-01,SH600376,首开股份,2.67,38807000,2579565242,2579565242,688743.919614
2025-09-01,SH600315,上海家化,27.12,10118614,672225980,672225980,1823076.85776
2025-09-01,SH600360,*ST华微,8.95,25896155,960295304,960295304,859464.29708
2025-09-01,SH600518,康美药业,2.12,551953982,13822352188,13828896690,2931726.09828
2025-09-01,SH600367,红星发展,16.8,35406284,321973182,341130902,573099.91536
2025-09-01,SH600319,亚星化学,8.8,42108770,387709384,387709384,341184.25792
2025-09-01,SH600396,华电辽能,3.34,25009000,1472706817,1472706817,491884.076878
2025-09-01,SH600363,联创光电,66.99,15948911,453514450,453514450,3038093.30055
2025-09-01,SH600383,金地集团,4.07,120875333,4514583572,4514583572,1837435.513804
2025-09-01,SH600356,恒丰纸业,10.29,36300455,298731378,298731378,307394.587962
2025-09-01,SH600295,鄂尔多斯,10.14,30014317,1975576254,2798776254,2837959.121556
2025-09-01,SH600381,*ST春天,5.22,8543217,587060741,587060741,306445.706802
2025-09-01,SH600588,用友网络,16.24,81983531,3416997409,3416997409,5549203.792216
2025-09-01,SH600568,ST中珠,1.87,16480993,1669067279,1992869681,372666.630347
2025-09-01,SH600528,中铁工业,8.5,28658720,2221551588,2221551588,1888318.8498
2025-09-01,SH600395,盘江股份,5.25,35967730,2146624894,2146624894,1126978.06935
2025-09-01,SH600329,达仁堂,45.66,11118704,567089356,770094356,3516250.829496
2025-09-01,SH600380,健康元,13.66,55782262,1829453386,1829453386,2499033.325276
2025-09-01,SH600589,大位科技,8.67,165057612,1478469890,1484669890,1287208.79463
2025-09-01,SH600468,百利电气,6.53,23841687,1087735321,1087735321,710291.164613
2025-09-01,SH600501,航天晨光,23.79,8523041,427702200,431208000,1025843.832
2025-09-01,SH600488,津药药业,4.27,8791838,1091886680,1091886680,466235.61236
2025-09-01,SH600419,天润乳业,11.01,8843054,315506777,315506777,347372.961477
2025-09-01,SH600530,交大昂立,7.85,12221766,774920000,774920000,608312.2
2025-09-01,SH600028,中国石化,5.7,138788059,94841824851,121245237698,69109785.48786
2025-09-01,SH600569,安阳钢铁,2.2,33491918,2872421386,2872421386,631932.70492
2025-09-01,SH600346,恒力石化,17.75,32007394,7039099786,7039099786,12494402.12015
2025-09-01,SH600566,济川药业,25.74,5220664,915748160,920660660,2369780.53884
2025-09-01,SH600498,烽火通信,27.16,57529420,1166590724,1271021430,3452094.20388
2025-09-01,SH600418,江淮汽车,54.22,65173793,2184009791,2184009791,11841701.086802
2025-09-01,SH600539,狮头股份,11.44,11013403,230000000,230000000,263120
2025-09-01,SH600519,贵州茅台,1476.1,4512338,1252270215,1252270215,184847606.43615
2025-09-01,SH600599,*ST熊猫,8.8,5367554,166000000,166000000,146080
2025-09-01,SH600508,上海能源,12.11,3166012,722718000,722718000,875211.498
2025-09-01,SH600448,华纺股份,3.38,35343887,629819662,629819662,212879.045756
2025-09-01,SH600596,新安股份,11.34,89680928,1349597049,1349597049,1530443.053566
2025-09-01,SH600322,津投城开,2.79,17699400,1105700000,1105700000,308490.3
2025-09-01,SH600361,创新新材,4.61,69446699,1667006795,3756072163,1731549.267143
2025-09-01,SH600011,华能国际,7.48,93612972,10997709919,15698093359,11742173.832532
2025-09-01,SH600391,航发科技,31.26,15684619,330129367,330129367,1031984.401242
2025-09-01,SH600567,山鹰国际,1.88,105743382,5471330563,5471330563,1028610.145844
2025-09-01,SH600331,宏达股份,11,45683307,2032000000,2641600000,2905760
2025-09-01,SH600548,深高速,10.58,4457652,1433270326,2537856127,2685051.782366
2025-09-01,SH600506,统一股份,22.63,9158902,147706873,192018934,434538.847642
2025-09-01,SH600523,贵航股份,15.53,7561075,404044620,404311320,627895.47996
2025-09-01,SH600520,三佳科技,31,8305299,158430000,158430000,491133
2025-09-01,SH600362,江西铜业,28.96,97749145,2075247405,3462729405,10028064.35688
2025-09-01,SH600379,宝光股份,12.08,3521251,330201564,330201564,398883.489312
2025-09-01,SH600583,海油工程,5.51,213741197,4421354800,4421354800,2436166.4948
2025-09-01,SH600585,海螺水泥,24.31,40578198,3999702579,5299302579,12882604.569549
2025-09-01,SH600509,天富能源,6.63,27314936,1374397407,1374397407,911225.480841
2025-09-01,SH600373,中文传媒,10.23,13894467,1347358719,1367505119,1398957.736737
2025-09-01,SH600350,山东高速,9.22,11889546,4834570825,4834570825,4457474.30065
2025-09-01,SH600533,栖霞建设,2.74,30108400,1050000000,1050000000,287700
2025-09-01,SH600598,北大荒,14.91,25069042,1777679909,1777679909,2650520.744319
2025-09-01,SH600036,招商银行,41.98,127633329,20628944429,25219845601,105872911.832998
2025-09-01,SH600456,宝钛股份,33.05,13158900,477777539,477777539,1579054.766395
2025-09-01,SH600855,航天长峰,15.64,12456101,467639728,468542728,732800.826592
2025-09-01,SH600428,中远海特,6.85,64674601,2146650771,2743920395,1879585.470575
2025-09-01,SH600486,扬农化工,74.55,4247679,403988654,405398884,3022248.68022
2025-09-01,SH600833,第一医药,14.59,24301217,223086347,223086347,325482.980273
2025-09-01,SH600415,小商品城,22.49,62226210,5482860526,5483645926,12332719.687574
2025-09-01,SH600578,京能电力,4.29,46988146,6694621015,6694621015,2871992.415435
2025-09-01,SH600582,天地科技,6.09,82005238,4138588892,4138588892,2520400.635228
2025-09-01,SH600536,中国软件,52.9,28936382,843655895,933786584,4939731.02936
2025-09-01,SH600845,宝信软件,25.63,36383533,2133740521,2870778802,7357806.069526
2025-09-01,SH600026,中远海能,10.65,75549421,3474776395,4770776395,5080876.860675
2025-09-01,SH600505,西昌电力,13.78,7874872,364567500,364567500,502374.015
2025-09-01,SH600529,山东药玻,22.21,10701465,663614113,663614113,1473886.944973
2025-09-01,SH600496,精工钢构,3.61,43690348,1990124341,1990124341,718434.887101
2025-09-01,SH600580,卧龙电驱,34.03,144845902,1562117511,1562117511,5315885.889933
2025-09-01,SH600355,*ST精伦,3.63,32266638,492089200,492089200,178628.3796
2025-09-01,SH600510,黑牡丹,7.22,21442669,1032025457,1032025457,745122.379954
2025-09-01,SH600426,华鲁恒升,27.99,26936393,2119176553,2123219998,5942892.774402
2025-09-01,SZ000411,英特集团,12.3,25451681,322777045,521892509,641927.78607
2025-09-01,SH600327,大东方,4.96,21363264,884779518,884779518,438850.640928
2025-09-01,SH600595,中孚实业,5.27,83260079,4007905114,4007905114,2112165.995078
2025-09-01,SZ000536,华映科技,5.84,200080420,2763082516,2766032803,1615363.156952
2025-09-01,SH600818,中路股份,11.62,10346812,237957910,321447910,373522.47142
2025-09-01,SH600397,江钨装备,8.66,80252300,989959882,989959882,857305.257812
2025-09-01,SH600590,泰豪科技,11.21,36845185,843569523,852869750,956066.98975
2025-09-01,SH600503,华丽家族,3.1,71389274,1602290000,1602290000,496709.9
2025-09-01,SH600721,百花医药,9.85,56271913,384547635,384547635,378779.420475
2025-09-01,SH600593,大连圣亚,35.59,11380803,128800000,128800000,458399.2
2025-09-01,SH600561,江西长运,6.95,7811800,284476800,284476800,197711.376
2025-09-01,SH600416,湘电股份,16.79,43145820,1325406445,1325406445,2225357.421155
2025-09-01,SH600526,菲达环保,5.3,27134131,711626073,889703140,471542.6642
2025-09-01,SH600531,豫光金铅,9.91,100655290,1090258350,1090258350,1080446.02485
2025-09-01,SH600592,龙溪股份,26.36,54941854,399553571,399553571,1053223.213156
2025-09-01,SH600515,海南机场,3.87,95223474,9176012508,11425309602,4421594.815974
2025-09-01,SZ000546,金圆股份,5.05,16465300,696705206,777648262,392712.37231
2025-09-01,SH600579,中化装备,9.14,12973894,494712359,494712359,452167.096126
2025-09-01,SH600586,金晶科技,4.88,17154979,1417337700,1417337700,691660.7976
2025-09-01,SH600581,八一钢铁,4.45,53658764,1532897870,1538691470,684717.70415
2025-09-01,SH600535,天士力,16.51,32173154,1493950005,1493950005,2466511.458255
2025-09-01,SH600597,光明乳业,8.69,17643083,1378455363,1378473763,1197893.700047
2025-09-01,SH600516,方大炭素,4.95,28424692,4025970368,4025970368,1992855.33216
2025-09-01,SH600743,华远控股,2.12,21618518,2346100874,2346100874,497373.385288
2025-09-01,SH600551,时代出版,8.94,9729197,678055239,678055239,606181.383666
2025-09-01,SH600577,精达股份,8.91,157858904,2149177564,2149177564,1914917.209524
2025-09-01,SH600371,万向德农,9.24,7380430,292578000,292578000,270342.072
2025-09-01,SH600557,康缘药业,17.37,24599128,566158806,566158806,983417.846022
2025-09-01,SH600560,金自天正,17.09,3392900,223645500,223645500,382210.1595
2025-09-01,SZ000875,电投绿能,5.18,34847655,3342404867,3627270626,1878926.184268
2025-09-01,SH600351,亚宝药业,7.14,20584831,700000046,700000046,499800.032844
2025-09-01,SH600587,新华医疗,16.33,23458749,604362036,606677919,990705.041727
2025-09-01,SH600853,龙建股份,4.16,28617700,1011441846,1014031746,421837.206336
2025-09-01,SH600050,中国联通,5.7,400214432,30766826127,31264425327,17820722.43639
2025-09-01,SH600499,科达制造,11.61,19830917,1917856391,1917856391,2226631.269951
2025-09-01,SH600522,中天科技,16.15,106564971,3412949652,3412949652,5511913.68798
2025-09-01,SH600559,老白干酒,18.28,35822468,909509444,914747444,1672158.327632
2025-09-01,SH600571,信雅达,19.5,29084499,457751703,466318309,909320.70255
2025-09-01,SH600549,厦门钨业,32.7,115488866,1553931980,1587585826,5191405.65102
2025-09-01,SH600552,凯盛科技,13.13,38029462,944606894,944606894,1240268.851822
2025-09-01,SH600353,旭光电子,19.68,64370908,828811159,829976239,1633393.238352
2025-09-01,SH600511,国药股份,29.71,4410500,553346424,754502998,2241628.407058
2025-09-01,SH600525,ST长园,3.33,18674680,1318780152,1318780152,439153.790616
2025-09-01,SH600563,法拉电子,120,5259292,225000000,225000000,2700000
2025-09-01,SZ000557,西部创业,5.43,16380415,1457916198,1458374735,791897.481105
2025-09-01,SH600458,时代新材,14.39,10059439,809749272,931180500,1339968.7395
2025-09-01,SH600512,腾达建设,2.43,31693627,1587405163,1593810979,387296.067897
2025-09-01,SH600030,中信证券,31.17,170874307,12176550974,14820546829,46195644.465993
2025-09-01,SH600759,洲际油气,2.33,108232142,4143685780,4149009280,966719.16224
2025-09-01,SH600012,皖通高速,14.57,8665286,1165600000,1708591889,2489418.382273
2025-09-01,SH600538,国发股份,6.52,18500058,524198348,524198348,341777.322896
2025-09-01,SH600537,亿晶光电,3.74,69528066,1183715018,1183715018,442709.416732
2025-09-01,SH600562,国睿科技,29,19068321,1241857840,1241857840,3601387.736
2025-09-01,SH600408,安泰集团,2.22,25823900,1006800000,1006800000,223509.6
2025-09-01,SH600576,祥源文旅,8.32,50553988,660390083,1054548440,877384.30208
2025-09-01,SH600573,惠泉啤酒,12.17,4440000,250000000,250000000,304250
2025-09-01,SH600521,华海药业,26.59,108536031,1456098818,1497251081,3981190.624379
2025-09-01,SH600370,三房巷,1.98,27203943,3896631384,3896631384,771533.014032
2025-09-01,SH600460,士兰微,31.83,93097343,1664071845,1664071845,5296740.682635
2025-09-01,SH600513,联环药业,23.52,25728356,285456270,285456270,671393.14704
2025-09-01,SH600039,四川路桥,8.91,101030519,6715566605,8695590645,7747771.264695
2025-09-01,SH600575,淮河能源,3.46,42103084,3886261065,3886261065,1344646.32849
2025-09-01,SH600375,汉马科技,6.78,25014776,1087685760,1603071367,1086882.386826
2025-09-01,SH600343,航天动力,14.51,23740810,638206348,638206348,926037.410948
2025-09-01,SH600502,安徽建工,4.63,45191596,1716533938,1716533938,794755.213294
2025-09-01,SH600481,双良节能,6.04,61717999,1873768632,1873768632,1131756.253728
2025-09-01,SH600004,白云机场,9.95,25276992,2366718283,2366718283,2354884.691585
2025-09-01,SH600459,贵研铂业,17.41,44091040,753839558,759807126,1322824.206366
2025-09-01,SH600392,盛和资源,26.12,245653505,1752826570,1752826570,4578383.00084
2025-09-01,SH600584,长电科技,41.15,155686011,1789414570,1789414570,7363440.95555
2025-09-01,SH600251,冠农股份,8.57,10409051,776993583,776993583,665883.500631
2025-09-01,SH600436,片仔癀,207.33,3742181,603317210,603317210,12508575.71493
2025-09-01,SH600409,三友化工,6.28,45253300,2064349448,2064349448,1296411.453344
2025-09-01,SH600433,冠豪高新,3.13,18040858,1750279233,1750279233,547837.399929
2025-09-01,SH600490,鹏欣资源,6.06,133976233,1992621386,2212887079,1341009.569874
2025-09-01,SH600273,嘉化能源,8.54,23619525,1356879522,1356879522,1158775.111788
2025-09-01,SH600031,三一重工,21.16,99375415,8474390037,8474390037,17931809.318292
2025-09-01,SH600435,北方导航,16.87,91740794,1510401918,1510401918,2548048.035666
2025-09-01,SH600439,瑞贝卡,3.08,16066703,1131985440,1131985440,348651.51552
2025-09-01,SH600271,航天信息,9.11,34705214,1852884638,1852884638,1687977.905218
2025-09-01,SH600423,柳化股份,3.6,12468201,798695026,798695026,287530.20936
2025-09-01,SH600475,华光环能,21.69,12480547,942885729,955965729,2073489.666201
2025-09-01,SH600425,青松建化,4.64,78543653,1378790086,1604703707,744582.520048
2025-09-01,SH600029,南方航空,5.97,54541658,12673348925,18120917661,10818187.843617
2025-09-01,SH600546,山煤国际,9.91,19221804,1982456140,1982456140,1964614.03474
2025-09-01,SH600352,浙江龙盛,10.46,33131398,3253331860,3253331860,3402985.12556
2025-09-01,SH600020,中原高速,4.46,20808911,2247371832,2247371832,1002327.837072
2025-09-01,SH600489,中金黄金,17.57,229024360,4847312564,4847312564,8516728.174948
2025-09-01,SH600480,凌云股份,13.7,24503490,1204161985,1222360477,1674633.85349
2025-09-01,SH600348,华阳股份,7.01,33487502,3607500000,3607500000,2528857.5
2025-09-01,SH600487,亨通光电,20.71,143528866,2445181125,2466734657,5108607.474647
2025-09-01,SH600547,山东黄金,35.94,98864528,3614443347,4473429525,16077505.71285
2025-09-01,SH600449,宁夏建材,13.81,6776405,478181042,478181042,660368.019002
2025-09-01,SH600858,银座股份,5.93,19043378,517548029,520066589,308399.487277
2025-09-01,SH600015,华夏银行,7.42,117423647,15387223983,15914928468,11808876.923256
2025-09-01,SH600429,三元股份,4.88,18752000,1497557426,1509176043,736477.908984
2025-09-01,SH600478,科力远,6.18,65920031,1665540916,1665540916,1029304.286088
2025-09-01,SH600507,方大特钢,5.71,34530430,2313187890,2313187890,1320830.28519
2025-09-01,SH600403,大有能源,3.7,11214095,2390812402,2390812402,884600.58874
2025-09-01,SH600517,国网英大,5.92,41490865,5718435744,5718435744,3385313.960448
2025-09-01,SH600406,国电南瑞,21.6,86842230,7996324758,8032088259,17349310.63944
2025-09-01,SH600469,风神股份,6.16,7500300,729450871,729450871,449341.736536
2025-09-01,SH600021,上海电力,16.84,104445313,2816743645,2816743645,4743396.29818
2025-09-01,SZ000678,襄阳轴承,15.39,15343200,459611797,459611797,707342.555583
2025-09-01,SH600184,光电股份,20.5,16772064,508760826,582727468,1194591.3094
2025-09-01,SZ000826,启迪环境,2.15,131601176,1425172959,1425353248,306450.94832
2025-09-01,SZ000560,我爱我家,3.06,100052694,2255938469,2355500851,720783.260406
2025-09-01,SH600477,杭萧钢构,2.7,29641657,2368966150,2368966150,639620.8605
2025-09-01,SH600900,长江电力,27.79,124608667,24007256503,24468217716,67997177.032764
2025-09-01,SH600527,江南高纤,2.11,51423758,1731760902,1731760902,365401.550322
2025-09-01,SH600545,卓郎智能,2.97,192443931,1787912222,1787912222,531009.929934
2025-09-01,SH600476,湘邮科技,17.99,5554327,161070000,161070000,289764.93
2025-09-01,SH600570,恒生电子,38.66,110511659,1891767477,1891767477,7313573.066082
2025-09-01,SZ000851,*ST高鸿,0.98,3717600,1132136826,1157860020,113470.28196
2025-09-01,SH600446,金证股份,21.63,38631013,941267479,941267479,2035961.557077
2025-09-01,SH600340,华夏幸福,2.19,79461243,3893355062,3913720342,857104.754898
2025-09-01,SH600540,新赛股份,4.86,16691206,581376960,581376960,282549.20256
2025-09-01,SZ000885,城发环境,14.99,7097179,642078255,642078255,962475.304245
2025-09-01,SH600354,敦煌种业,6.63,23914517,527802080,527802080,349932.77904
2025-09-01,SH600249,两面针,5.89,14911751,550000000,550000000,323950
2025-09-01,SZ000100,TCL科技,4.59,502198234,18096745896,20800862447,9547595.863173
2025-09-01,SH600444,国机通用,17.79,4909400,146421932,146421932,260484.617028
2025-09-01,SH600325,华发股份,5.28,49397952,2752152116,2752152116,1453136.317248
2025-09-01,SH600438,通威股份,22.58,152739419,4501986092,4501986092,10165484.595736
2025-09-01,SH600452,涪陵电力,10.58,54484265,1536541654,1536541654,1625661.069932
2025-09-01,SH600470,六国化工,5.81,16358052,521600000,521600000,303049.6
2025-09-01,SH600035,楚天高速,4.13,22980300,1610115901,1610115901,664977.867113
2025-09-01,SH600479,千金药业,11.19,17194319,418507117,418507117,468309.463923
2025-09-01,SH600284,浦东建设,9.24,42547983,970256000,970256000,896516.544
2025-09-01,SH600463,空港股份,12.27,15441802,300000000,300000000,368100
2025-09-01,SH600594,益佰制药,4.45,23343306,791927400,791927400,352407.693
2025-09-01,SH600543,莫高股份,6.28,12732710,321120000,321120000,201663.36
2025-09-01,SH600405,动力源,7.08,52473089,610119397,612829588,433883.348304
2025-09-01,SH600467,好当家,2.42,34678502,1460994304,1460994304,353560.621568
2025-09-01,SH600960,渤海汽车,4.63,34519600,950515518,950515518,440088.684834
2025-09-01,SH600969,郴电国际,7.29,5087080,370050484,370050484,269766.802836
2025-09-01,SH600572,康恩贝,4.52,29091345,2517525518,2524267371,1140968.851692
2025-09-01,SH600988,赤峰黄金,28.05,145639709,1663911378,1900411178,5330653.35429
2025-09-01,SH600976,健民集团,42.63,3306891,153298600,153398600,653938.2318
2025-09-01,SH600497,驰宏锌锗,6.22,232110946,5040380483,5040380483,3135116.660426
2025-09-01,SH600493,凤竹纺织,6.58,6265441,272000000,272000000,178976
2025-09-01,SH600986,浙文互联,9.3,86457064,1487374062,1487374062,1383257.87766
2025-09-01,SH600410,华胜天成,23.08,348721731,1096494683,1096494683,2530709.728364
2025-09-01,SH600985,淮北矿业,12.29,23863832,2693258709,2693258709,3310014.953361
2025-09-01,SH600990,四创电子,31.25,11414128,269012696,271075062,847109.56875
2025-09-01,SH600114,东睦股份,30.16,34577713,616383477,631383477,1904252.566632
2025-09-01,SH600980,北矿科技,28.28,21683780,187794816,189263526,535237.251528
2025-09-01,SH600992,贵绳股份,14.66,4790600,245090000,245090000,359301.94
2025-09-01,SH600993,马应龙,27.65,7601467,430307016,431053891,1191864.008615
2025-09-01,SH600967,内蒙一机,25.36,118552707,1701794667,1701794667,4315751.275512
2025-09-01,SH600491,龙元建设,3.49,38928091,1529757955,1529757955,533885.526295
2025-09-01,SH600963,岳阳林纸,4.72,38792032,1757567854,1757567854,829572.027088
2025-09-01,SH600495,晋西车轴,5.47,25114775,1208190886,1208190886,660880.414642
2025-09-01,SH600483,福能股份,9.6,23930404,2780137800,2780137800,2668932.288
2025-09-01,SH600461,洪城环境,9.01,12218225,1284155178,1284155178,1157023.815378
2025-09-01,SH600997,开滦股份,6.69,19599262,1587799851,1587799851,1062238.100319
2025-09-01,SH600421,*ST华嵘,8.09,4904101,195600000,195600000,158240.4
2025-09-01,SH600966,博汇纸业,5.15,20524827,1336844288,1336844288,688474.80832
2025-09-01,SH600975,新五丰,6.39,27610266,1016956114,1261292033,805965.609087
2025-09-01,SH600995,南网储能,10.62,30418246,1109101643,3196005805,3394158.16491
2025-09-01,SH600420,国药现代,11.24,15308876,1341172692,1341172692,1507478.105808
2025-09-01,SH600962,国投中鲁,22.75,7975955,262210000,262210000,596527.75
2025-09-01,SH600143,金发科技,15.82,85066619,2573622343,2636612697,4171121.286654
2025-09-01,SZ002001,新 和 成,24.83,33308747,3036861928,3073421680,7631306.03144
2025-09-01,SZ002007,华兰生物,17.18,30255184,1573702879,1827456666,3139570.552188
2025-09-01,SZ002005,ST德豪,2.36,18743554,1751993158,1752424858,413572.266488
2025-09-01,SZ002003,伟星股份,10.74,9524781,1016614037,1168889653,1255387.487322
2025-09-01,SZ002008,大族激光,36.37,49923643,956724021,1029603408,3744667.594896
2025-09-01,SZ002004,华邦健康,5.02,60935157,1881619429,1979919191,993919.433882
2025-09-01,SZ002006,精工科技,17.99,18750474,519793440,519793440,935108.39856
2025-09-01,SZ002009,天奇股份,17.34,18234384,354122569,402233207,697472.380938
2025-09-01,SH600022,山东钢铁,1.53,90293097,10698849554,10698849554,1636923.981762
2025-09-01,SZ002010,传化智联,6.18,40557970,2780979606,2787970508,1722965.773944
2025-09-01,SH600981,苏豪汇鸿,3.17,31349518,2242433192,2242433192,710851.321864
2025-09-01,SZ002012,凯恩股份,5.86,13387500,466791373,467625470,274028.52542
2025-09-01,SZ002011,盾安环境,12.73,37614846,919385442,1065436182,1356300.259686
2025-09-01,SH600982,宁波能源,4.64,18699500,1117627485,1117627485,518579.15304
2025-09-01,SH600984,建设机械,3.57,22054712,1257043925,1257043925,448764.681225
2025-09-01,SZ002015,协鑫能科,12.8,50279517,1623324614,1623324614,2077855.50592
2025-09-01,SZ002016,世荣兆业,5.55,7494293,809095632,809095632,449048.07576
2025-09-01,SZ002014,永新股份,11.23,4507681,604517085,612491866,687828.365518
2025-09-01,SZ002019,亿帆医药,16.14,38615176,841474080,1216390085,1963253.59719
2025-09-01,SZ002017,东信和平,30.1,83827766,580085882,580431909,1747100.04609
2025-09-01,SH600965,福成股份,5.17,10329972,818700955,818700955,423268.393735
2025-09-01,SH600482,中国动力,23.6,43891926,2252861845,2252861845,5316753.9542
2025-09-01,SZ002020,京新药业,19.89,34652167,723968335,861029140,1712586.95946
2025-09-01,SZ002021,中捷资源,2.4,50301972,1195437891,1195477323,286914.55752
2025-09-01,SZ002023,海特高新,12.91,63518561,740860235,740860235,956450.563385
2025-09-01,SZ002022,科华生物,6.94,9859041,514245334,514318459,356937.010546
2025-09-01,SZ002024,ST易购,1.92,55136816,9194047476,9264767618,1778835.382656
2025-09-01,SZ002025,航天电器,53.24,6194306,453863583,455425988,2424687.960112
2025-09-01,SZ002026,山东威达,14.13,23551572,422993749,440531939,622471.629807
2025-09-01,SH600983,惠而浦,10.87,4670111,766439000,766439000,833119.193
2025-09-01,SH600973,宝胜股份,5.63,33505125,1371366248,1371366248,772079.197624
2025-09-01,SZ002027,分众传媒,8.7,189543804,14442199726,14442199726,12564713.76162
2025-09-01,SZ002028,思源电气,96.36,15264534,606787461,778405282,7500713.297352
2025-09-01,SZ002029,七 匹 狼,7.15,13253100,665405959,705023537,504091.828955
2025-09-01,SH600987,航民股份,7.31,8949307,1020818873,1020818873,746218.596163
2025-09-01,SZ002030,达安基因,6.71,20633150,1403446032,1403446032,941712.287472
2025-09-01,SZ002031,巨轮智能,8.09,67584520,1938753591,2199395670,1779311.09703
2025-09-01,SZ002032,苏 泊 尔,51.61,1684249,800367621,801359733,4135817.582013
2025-09-01,SH600971,恒源煤电,6.78,7903869,1200004884,1200004884,813603.311352
2025-09-01,SZ002033,丽江股份,9.29,19101650,549480181,549490711,510476.870519
2025-09-01,SZ002034,旺能环境,17.44,4756340,431830349,433984137,756868.334928
2025-09-01,SH600961,株冶集团,14.28,56838349,751812398,1072872703,1532062.219884
2025-09-01,SZ002035,华帝股份,6.5,17311327,780018017,847653618,550974.8517
2025-09-01,SZ002036,联创电子,11.56,48435527,1053380602,1059386883,1224651.236748
2025-09-01,SH600979,广安爱众,5.45,81501769,1232259790,1261656994,687603.06173
2025-09-01,SZ002037,保利联合,11.74,25612220,483883566,483883566,568079.306484
2025-09-01,SZ002038,双鹭药业,7.84,29187028,851913469,1027350000,805442.4
2025-09-01,SZ000695,滨海能源,12.86,19404101,221720364,222147539,285681.735154
2025-09-01,SH600873,梅花生物,10.98,34403165,2852788750,2852788750,3132362.0475
2025-09-01,SZ000951,中国重汽,17.99,12934409,1174869360,1174869360,2113589.97864
2025-09-01,SH600862,中航高科,25.45,23037676,1393049107,1393049107,3545309.977315
2025-09-01,SH600182,S佳通,15.5,1893800,170000000,340000000,527000
2025-09-01,SH600613,神奇制药,6.72,8995970,479319978,534071628,358896.134016
2025-09-01,SH600615,鑫源智造,12.67,5132320,225149410,225624610,285866.38087
2025-09-01,SH600053,九鼎投资,18.52,9125284,433540800,433540800,802917.5616
2025-09-01,SH600027,华电国际,5.37,122463377,8510327533,11611774184,6235522.736808
2025-09-01,SZ002039,黔源电力,16.21,8236242,427556926,427558126,693071.722246
2025-09-01,SZ002040,南 京 港,9.68,8350388,485940145,487946985,472332.68148
2025-09-01,SH600970,中材国际,9.14,20098703,2251856839,2639958030,2412921.63942
2025-09-01,SZ002041,登海种业,9.78,12669196,880000000,880000000,860640
2025-09-01,SZ002042,华孚时尚,5.34,50040739,1700681355,1700681355,908163.84357
2025-09-01,SZ002043,兔 宝 宝,10.85,13629394,736121755,829754480,900283.6108
2025-09-01,SZ002044,美年健康,5.61,172760346,3874227627,3914253923,2195896.450803
2025-09-01,SZ002045,国光电器,17.26,25619916,561832882,562483132,970845.885832
2025-09-01,SZ002046,国机精工,33.1,25752175,527168690,536266835,1775043.22385
2025-09-01,SZ000409,云鼎科技,12.38,16317664,423343245,677990505,839352.24519
2025-09-01,SZ002047,*ST宝鹰,2.39,26074905,1516171712,1516248693,362383.437627
2025-09-01,SZ002048,宁波华翔,27.51,56997639,709801383,813833122,2238854.918622
2025-09-01,SZ002049,紫光国微,82.21,34338772,849423798,849623598,6984755.599158
2025-09-01,SZ002050,三花智控,31.89,101427131,3684229033,4208925935,13422264.806715
2025-09-01,SZ000561,烽火电子,12.72,31577649,601790068,864018238,1099031.198736
2025-09-01,SH600751,海航科技,4.4,48863201,2573189052,2899337783,1275708.62452
2025-09-01,SH600617,国新能源,2.85,22828160,1775542689,1929191776,549819.65616
2025-09-01,SH600892,*ST大晟,3.25,13963400,559319536,559464188,181825.8611
2025-09-01,SZ000718,苏宁环球,2.24,34132172,2282093122,3034636384,679758.550016
2025-09-01,SH600844,金煤科技,3.12,17832666,822730634,1016524240,317155.56288
2025-09-01,SZ000552,甘肃能化,2.46,39065673,3725775942,5351807601,1316544.669846
2025-09-01,SZ002051,中工国际,8.66,12177585,1237337717,1237408937,1071596.139442
2025-09-01,SH601001,晋控煤业,13.3,23647630,1673700000,1673700000,2226021
2025-09-01,SZ002053,云南能投,14.47,65431883,920722939,920729464,1332295.534408
2025-09-01,SZ002052,同洲电子,16.75,40539662,689387155,752439694,1260336.48745
2025-09-01,SH601988,中国银行,5.52,340603008,210765514846,322212411814,177861251.321328
2025-09-01,SZ002055,ST得润,8.22,47732215,593990017,604490017,496890.793974
2025-09-01,SZ002054,德美化工,6.61,8750699,384375669,482115452,318678.313772
2025-09-01,SH600048,保利发展,7.89,256017481,11970443418,11970443418,9444679.856802
2025-09-01,SH601006,大秦铁路,6.17,215902053,20147177716,20147177716,12430808.650772
2025-09-01,SZ002056,横店东磁,18.54,58312184,1625031609,1626712074,3015924.185196
2025-09-01,SZ002057,中钢天源,11.52,61532001,753424916,753883706,868474.029312
2025-09-01,SZ002058,*ST威尔,17.61,506078,143117781,143448332,252612.512652
2025-09-01,SZ002060,广东建工,3.66,16299179,1562814660,3754393242,1374107.926572
2025-09-01,SZ002059,云南旅游,5.26,22056302,983046058,1012434813,532540.711638
2025-09-01,SZ002061,浙江交科,4.09,34192120,2599137900,2670551430,1092255.53487
2025-09-01,SZ002062,宏润建设,8.56,120607684,1124694023,1237270889,1059103.880984
2025-09-01,SH601111,中国国航,7.48,61783340,11638109474,17448421000,13051418.908
2025-09-01,SZ002066,瑞泰科技,12.97,7428700,231000000,234907000,304674.379
2025-09-01,SZ002063,远光软件,6.56,51385266,1758753234,1905096000,1249742.976
2025-09-01,SZ002064,华峰化学,8.02,38997789,4948575572,4962543897,3979960.205394
2025-09-01,SZ002065,东华软件,11.07,174101366,2907921649,3205482375,3548468.989125
2025-09-01,SZ002068,黑猫股份,11.1,27716820,735005821,735345196,816233.16756
2025-09-01,SZ002067,景兴纸业,4.27,42074060,1119978448,1257228448,536836.547296
2025-09-01,SH601699,潞安环能,13.19,45970583,2991409200,2991409200,3945668.7348
2025-09-01,SZ002069,獐子岛,4.35,12198799,710216194,711112194,309333.80439
2025-09-01,SH601588,北辰实业,1.83,31505536,2660000000,3367020000,616164.66
2025-09-01,SH600017,日照港,3.19,35154500,3075653888,3075653888,981133.590272
2025-09-01,SZ002073,软控股份,8.42,34983995,991122081,1019490531,858411.027102
2025-09-01,SZ002072,凯瑞德,7.33,9107400,296637200,367680000,269509.44
2025-09-01,SZ002074,国轩高科,40.12,161297749,1727564061,1805457485,7243495.42982
2025-09-01,SZ002076,*ST星光,1.93,33875204,1042274232,1109124491,214061.026763
2025-09-01,SH601398,工商银行,7.38,384543584,269612212539,356406257089,263027817.731682
2025-09-01,SZ002078,太阳纸业,15.17,24689228,2777395188,2794535119,4239309.775523
2025-09-01,SZ002079,苏州固锝,10.52,21255000,809378478,810139316,852266.560432
2025-09-01,SZ002077,大港股份,16.69,76165062,580348513,580348513,968601.668197
2025-09-01,SZ002081,金 螳 螂,3.5,33883489,2644604889,2655323689,929363.29115
2025-09-01,SZ002082,万邦德,9.72,74501586,553252922,611689055,594561.76146
2025-09-01,SZ002080,中材科技,34.44,70403856,1678123584,1678123584,5779457.623296
2025-09-01,SH601666,平煤股份,7.76,21015144,2469355955,2469355955,1916220.22108
2025-09-01,SZ002084,海鸥住工,3.59,25275289,644634442,646056040,231934.11836
2025-09-01,SZ002083,孚日股份,4.89,15902713,946325512,946639012,462906.476868
2025-09-01,SZ002086,东方海洋,2.79,46153700,1581286037,1958946500,546546.0735
2025-09-01,SZ002085,万丰奥威,18.93,143453421,2123297520,2123297520,4019402.20536
2025-09-01,SZ002088,鲁阳节能,11.73,8550789,505791378,513122586,601892.793378
2025-09-01,SH601872,招商轮船,6.65,85227230,8074538502,8074538502,5369568.10383
2025-09-01,SZ002092,中泰化学,4.95,46199251,2575610517,2590019517,1282059.660915
2025-09-01,SZ002091,江苏国泰,8.15,50228424,1597251425,1627632150,1326520.20225
2025-09-01,SZ002090,金智科技,10.2,15293920,396017512,400577071,408588.61242
2025-09-01,SZ002095,生 意 宝,21.58,6553244,251708415,252720000,545369.76
2025-09-01,SZ002093,国脉科技,12.84,35712769,1006649700,1007500000,1293630
2025-09-01,SZ002094,青岛金王,8.62,30593936,690453549,690897549,595553.687238
2025-09-01,SH601991,大唐发电,3.59,257563846,12396089106,18506710504,6643909.070936
2025-09-01,SZ002096,易普力,13.85,11126400,700943763,1240440770,1718010.46645
2025-09-01,SZ002097,山河智能,15.48,62134711,1072699139,1074617264,1663507.524672
2025-09-01,SZ002098,浔兴股份,9.6,8546203,357988750,358000000,343680
2025-09-01,SH601333,广深铁路,3.35,366151200,5652237000,7083537000,2372984.895
2025-09-01,SZ002100,天康生物,6.7,36861500,1365251515,1365251515,914718.51505
2025-09-01,SZ002099,海翔药业,6.14,32510987,1615697863,1618715253,993891.165342
2025-09-01,SZ002102,能特科技,4.17,62836187,2172883984,2475626790,1032336.37143
2025-09-01,SZ002101,广东鸿图,12.9,13953930,662212199,664376239,857045.34831
2025-09-01,SH601628,中国人寿,40.97,27886882,20823530000,28264705000,115800496.385
2025-09-01,SZ002103,广博股份,10.24,13138761,380232688,534272953,547095.503872
2025-09-01,SZ002104,恒宝股份,28.83,174585272,599680004,708320154,2042087.003982
2025-09-01,SZ002105,信隆健康,7.25,7953188,364471975,368060000,266843.5
2025-09-01,SZ002106,莱宝高科,11.68,26124920,704100908,705816160,824393.27488
2025-09-01,SZ002108,沧州明珠,3.86,47336399,1648363706,1665394648,642842.334128
2025-09-01,SZ002107,沃华医药,6.75,10180780,569616650,577209600,389616.48
2025-09-01,SZ002110,三钢闽光,4.48,30974264,2429076227,2429076227,1088226.149696
2025-09-01,SZ002111,威海广泰,10.71,9888830,478193483,532008275,569780.862525
2025-09-01,SH601002,晋亿实业,5.46,17070302,954440720,954440720,521124.63312
2025-09-01,SZ002109,兴化股份,4.01,58710957,1276269851,1276269851,511784.210251
2025-09-01,SH601166,兴业银行,21.81,101947514,21162836117,21162836117,46156145.571177
2025-09-01,SZ002112,三变科技,13.56,8594423,262080000,294131282,398842.018392
2025-09-01,SZ002116,中国海诚,10.31,6135673,457231701,466056258,480504.001998
2025-09-01,SZ002115,三维通信,11.52,410976866,752195532,810991332,934262.014464
2025-09-01,SZ002114,罗平锌电,7.73,22880870,323390823,323395267,249984.541391
2025-09-01,SH601003,柳钢股份,5.86,35013837,2562793200,2562793200,1501796.8152
2025-09-01,SH601005,重庆钢铁,1.47,146881923,8313636567,8851763767,1301209.273749
2025-09-01,SH601318,中国平安,58.51,94852489,10762657695,18210234607,106548082.685557
2025-09-01,SZ002117,东港股份,12.93,34640623,523554680,523720955,677171.194815
2025-09-01,SZ002119,康强电子,17.58,19181116,375284000,375284000,659749.272
2025-09-01,SZ002120,韵达股份,7.79,91570741,2815123950,2899195363,2258473.187777
2025-09-01,SZ002121,科陆电子,6.75,36726794,1399922404,1660816688,1121051.2644
2025-09-01,SZ002122,ST汇洲,4.03,66020485,1988219088,2001500575,806604.731725
2025-09-01,SZ002123,梦网科技,14.54,64533277,720068768,805420590,1171081.53786
2025-09-01,SZ000650,仁和药业,6.41,68693295,1331385834,1399938234,897360.407994
2025-09-01,SZ002124,天邦食品,3.03,52028457,1972354648,2221933832,673245.951096
2025-09-01,SZ002125,湘潭电化,14.64,90618377,629481713,629481713,921561.227832
2025-09-01,SH601007,金陵饭店,8.07,23128582,390000000,390000000,314730
2025-09-01,SZ002127,南极电商,3.7,50579671,1994732997,2454870403,908302.04911
2025-09-01,SZ002128,电投能源,21.08,16500884,2241573493,2241573493,4725236.923244
2025-09-01,SZ002126,银轮股份,37.1,43163923,784193137,834797184,3097097.55264
2025-09-01,SZ002130,沃尔核材,25.98,110734300,1144511751,1259898562,3273216.464076
2025-09-01,SZ002129,TCL中环,8.36,120855602,4040039793,4043115773,3380044.786228
2025-09-01,SH601008,连云港,5.85,16315945,1240638006,1240638006,725773.23351
2025-09-01,SZ002132,恒星科技,3.74,21884993,1399482156,1401544698,524177.717052
2025-09-01,SZ002131,利欧股份,5.79,1172286732,5849723957,6771778703,3920859.869037
2025-09-01,SZ002133,广宇集团,3.45,39225152,769870201,774144175,267079.740375
2025-09-01,SH601998,中信银行,7.78,73597182,40762999287,55645162264,43291936.241392
2025-09-01,SZ000880,潍柴重机,49.2,20126006,162162000,331320600,1630097.352
2025-09-01,SZ000338,潍柴动力,14.81,160490991,4985165772,8715671296,12907909.189376
2025-09-01,SH601600,中国铝业,7.85,325330613,13165622419,17155632078,13467171.18123
2025-09-01,SH601328,交通银行,7.19,481021563,26072439569,88363784223,63533560.856337
2025-09-01,SZ002134,天津普林,22.44,16061693,245697256,245849768,551686.879392
2025-09-01,SZ002135,东南网架,4.36,15930426,1043866712,1115517130,486365.46868
2025-09-01,SZ002136,安 纳 达,11.06,6448775,214455760,215020000,237812.12
2025-09-01,SZ002137,实益达,8.67,13226601,396458731,577504854,500696.708418
2025-09-01,SZ002138,顺络电子,35.84,55982724,756508622,806318354,2889844.980736
2025-09-01,SH601919,中远海控,15.19,131305881,12609935239,15489754739,23528937.448541
2025-09-01,SZ002139,拓邦股份,14.92,49840775,1071009944,1246834988,1860277.802096
2025-09-01,SZ002140,东华科技,10.04,5658680,543441443,708013872,710845.927488
2025-09-01,SH601168,西部矿业,19.33,83637390,2383000000,2383000000,4606339
2025-09-01,SZ002142,宁波银行,28.52,48931771,6599887366,6603590792,18833440.938784
2025-09-01,SH601009,南京银行,10.89,76897244,12363567245,12363567245,13463924.729805
2025-09-01,SZ002141,贤丰控股,4.24,33774930,1018970875,1032935798,437964.778352
2025-09-01,SZ002144,宏达高科,12.9,8539802,137644276,176762528,228023.66112
2025-09-01,SZ002145,钛能化学,5.26,199343942,3728872889,3806672183,2002309.568258
2025-09-01,SZ002146,荣盛发展,1.47,212750040,3911521351,4348163851,639180.086097
2025-09-01,SZ002150,正泰电源,12.99,13566407,358517478,363234553,471841.684347
2025-09-01,SZ002148,北纬科技,11,46993967,449317611,558987330,614886.063
2025-09-01,SZ002149,西部材料,18.58,17419172,488139274,488214274,907102.121092
2025-09-01,SZ002151,北斗星通,32.5,21821624,442818862,542910913,1764460.46725
2025-09-01,SZ002153,石基信息,11.03,30159480,1599763804,2729193841,3010300.806623
2025-09-01,SZ002152,广电运通,14.97,103010192,2482133713,2483382898,3717624.198306
2025-09-01,SZ002156,通富微电,34.88,327152969,1517452222,1517596912,5293378.029056
2025-09-01,SZ002155,湖南黄金,22.74,120216678,1562510257,1562651316,3553469.092584
2025-09-01,SZ002154,报 喜 鸟,3.8,21878841,1179772578,1459333729,554546.81702
2025-09-01,SZ002157,正邦科技,3,139682901,7154402809,9250162589,2775048.7767
2025-09-01,SZ002159,三特索道,15.87,6684750,138472563,177301325,281377.202775
2025-09-01,SZ002158,汉钟精机,25.5,52380086,533587149,534724139,1363546.55445
2025-09-01,SZ002160,常铝股份,4.24,48986035,793530298,1032781167,437899.214808
2025-09-01,SZ002161,远 望 谷,8.45,46703423,704742622,739757400,625095.003
2025-09-01,SZ002164,宁波东力,12.36,39885837,479775218,532173689,657766.679604
2025-09-01,SZ002163,海南发展,9.66,20131472,803548875,844957867,816229.299522
2025-09-01,SZ002162,悦心健康,4.55,19927367,918494121,919700965,418463.939075
2025-09-01,SZ002167,东方锆业,14.2,113409143,757401963,774673300,1100036.086
2025-09-01,SZ002166,莱茵生物,8.04,13604909,571021340,741609425,596253.9777
2025-09-01,SZ002165,红 宝 丽,10.22,169030291,727629496,735269837,751445.773414
2025-09-01,SZ002168,*ST惠程,5.05,26569913,784163368,784163368,396002.50084
2025-09-01,SZ002170,芭田股份,11.33,67318997,784265675,967154107,1095785.603231
2025-09-01,SZ002169,智光电气,6.65,11883951,758673967,782704094,520498.22251
2025-09-01,SH601169,北京银行,6.07,524927415,21142984272,21142984272,12833791.453104
2025-09-01,SZ002172,澳洋健康,4.27,34547051,765271980,765732360,326967.71772
2025-09-01,SZ002171,楚江新材,9.94,59144703,1613741470,1622937872,1613200.244768
2025-09-01,SZ002174,游族网络,16.22,69866834,933359349,933911274,1514804.086428
2025-09-01,SZ002173,创新医疗,25.19,127166011,416304443,441284352,1111595.282688
2025-09-01,SH601939,建设银行,9.04,176306830,9593657606,261600381459,236486744.838936
2025-09-01,SH601808,中海油服,14.06,14106708,2960468000,4771592000,6708858.352
2025-09-01,SH601088,中国神华,37.9,46962473,16491037955,19868519955,75301690.62945
2025-09-01,SZ002176,江特电机,8.83,51840496,1706019116,1706325581,1506685.488023
2025-09-01,SZ002175,东方智造,5.04,119954411,1276780727,1276780727,643497.486408
2025-09-01,SH600629,华建集团,15.46,65824396,953117050,970338659,1500143.566814
2025-09-01,SZ002179,中航光电,42.68,37281096,2080708850,2118271050,9040780.8414
2025-09-01,SZ002177,御银股份,8.5,155434414,674918963,761191294,647012.5999
2025-09-01,SZ002178,延华智能,7.47,39878900,711783158,712153001,531978.291747
2025-09-01,SH601857,中国石油,8.71,131485197,161922077818,183020977818,159411271.679478
2025-09-01,SZ002182,宝武镁业,14.35,49680266,865512461,991791553,1423220.878555
2025-09-01,SZ002183,怡 亚 通,4.66,42070142,2596994091,2597009091,1210206.236406
2025-09-01,SZ002180,纳思达,24.98,13584796,1359774795,1421878923,3551853.549654
2025-09-01,SZ002184,海得控制,14.03,9463323,240371504,351908370,493727.44311
2025-09-01,SZ002181,粤 传 媒,7.37,52258527,1134520181,1161058174,855699.874238
2025-09-01,SZ002185,华天科技,11.9,180761067,3228418900,3229160776,3842701.32344
2025-09-01,SZ002186,全 聚 德,14.39,34783160,306511338,306921588,441660.165132
2025-09-01,SZ002188,中天服务,5.89,22935041,257363007,327103864,192664.175896
2025-09-01,SZ002187,广百股份,6.74,21507491,517110966,700894633,472402.982642
2025-09-01,SZ002190,成飞集成,50.01,51698385,358729343,358729343,1794005.444343
2025-09-01,SZ002189,中光学,26.27,8492752,261159921,261199273,686170.490171
2025-09-01,SH601390,中国中铁,5.63,123800565,20474857941,24741008919,13929188.021397
2025-09-01,SZ002191,劲嘉股份,4.47,36055200,1440514711,1451778834,648945.138798
2025-09-01,SZ002192,融捷股份,35.51,7251982,259120228,259655203,922035.625853
2025-09-01,SZ002193,如意集团,5.89,13351103,261714050,261715550,154150.45895
2025-09-01,SZ002194,武汉凡谷,15.68,63021714,510893775,683285806,1071392.143808
2025-09-01,SZ002196,方正电机,8.96,16817827,488285407,495871930,444301.24928
2025-09-01,SZ002195,岩山科技,8.88,1568275878,5601261712,5670554696,5035452.570048
2025-09-01,SH601866,中远海发,2.52,93654190,9751983820,13197655820,3325809.26664
2025-09-01,SZ002198,嘉应制药,6.41,9445120,507480748,507509848,325313.812568
2025-09-01,SZ002197,证通电子,8.9,19126814,534000012,614362928,546783.00592
2025-09-01,SH601918,新集能源,6.37,27259486,2590541800,2590541800,1650175.1266
2025-09-01,SZ002199,*ST东晶,10.55,4664703,243442363,243442363,256831.692965
2025-09-01,SZ002200,*ST交投,7.28,2534943,184132890,184132890,134048.74392
2025-09-01,SH601999,出版传媒,7.22,11705424,550914700,550914700,397760.4134
2025-09-01,SH601601,中国太保,39.6,37719284,6845041455,9620341455,38096552.1618
2025-09-01,SZ002202,金风科技,11.26,71940203,3355317179,4225067647,4757426.170522
2025-09-01,SZ002201,九鼎新材,8.45,18682032,602023420,651636241,550632.623645
2025-09-01,SH601099,太平洋,4.46,336720800,6816316370,6816316370,3040077.10102
2025-09-01,SZ002203,海亮股份,12.11,50376689,2065895424,2136025127,2586726.428797
2025-09-01,SZ002204,大连重工,6.35,32278493,1931370032,1931370032,1226419.97032
2025-09-01,SZ002205,国统股份,13.65,5586120,185843228,185843228,253676.00622
2025-09-01,SZ002206,海 利 得,6.14,49072498,865034186,1162207220,713595.23308
2025-09-01,SZ002207,准油股份,7.71,30626700,260805950,262055378,202044.696438
2025-09-01,SZ002208,合肥城建,6.78,9896282,803084383,803291894,544631.904132
2025-09-01,SZ002209,达 意 隆,16.1,9605188,156403784,199029050,320436.7705
2025-09-01,SZ002210,飞马国际,3.88,269967035,2656256674,2661232774,1032558.316312
2025-09-01,SZ002212,天融信,11.17,267813974,1166849933,1179453879,1317449.982843
2025-09-01,SH601898,中煤能源,11.36,25984311,9152000400,13258663400,15061841.6224
2025-09-01,SZ002211,ST宏达,3.42,8127751,432475779,432475779,147906.716418
2025-09-01,SZ002213,大为股份,17.99,17543700,206292094,237337830,426970.75617
2025-09-01,SZ002214,*ST大立,11.65,3503441,479018901,599237935,698112.194275
2025-09-01,SZ002215,诺 普 信,12.29,30028985,785642022,1005191310,1235380.11999
2025-09-01,SZ002217,合力泰,3.86,606721863,5680337391,7479398928,2887047.986208
2025-09-01,SZ002216,三全食品,11.42,7018660,630256229,879184048,1004028.182816
2025-09-01,SZ002218,拓日新能,3.69,33728464,1392398249,1413020549,521404.582581
2025-09-01,SZ002219,新里程,2.17,103793607,3272043720,3387381753,735061.840401
2025-09-01,SZ002221,东华能源,8.72,12503600,1460875112,1576127767,1374383.412824
2025-09-01,SH601186,中国铁建,8.09,49948547,11503245500,13579541500,10985849.0735
2025-09-01,SZ002222,福晶科技,47.61,28490528,468151714,470250000,2238860.25
2025-09-01,SZ000592,平潭发展,3.53,203533771,1915092449,1931780892,681918.654876
2025-09-01,SH601958,金钼股份,16.5,55199997,3226604400,3226604400,5323897.26
2025-09-01,SZ002223,鱼跃医疗,37.96,14598259,940158164,1002476929,3805402.422484
2025-09-01,SZ002225,濮耐股份,6.34,58228778,974176845,1159239147,734957.619198
2025-09-01,SZ002224,三 力 士,4.56,26382794,806380369,902116324,411365.043744
2025-09-01,SH601899,紫金矿业,24.38,376321765,20587938340,26577573940,64796125.26572
2025-09-01,SZ002227,奥 特 迅,13.37,4906720,245936766,247806170,331316.84929
2025-09-01,SZ002226,江南化工,6.32,36678960,2648869368,2648922855,1674119.24436
2025-09-01,SZ002228,合兴包装,3.36,36482076,1209321709,1213385629,407697.571344
2025-09-01,SZ002229,鸿博股份,20.44,100769625,493164301,496191488,1014215.401472
2025-09-01,SZ002232,启明信息,24.14,74794305,408548455,408548455,986235.97037
2025-09-01,SZ002230,科大讯飞,53.14,57969380,2189095501,2311692581,12284334.375434
2025-09-01,SZ002231,*ST奥维,4.55,7163300,307825717,346850017,157816.757735
2025-09-01,SZ002235,安妮股份,8.1,41718754,553578302,579572284,469453.55004
2025-09-01,SZ002234,民和股份,8.75,5922002,301408639,348960212,305340.1855
2025-09-01,SZ002233,塔牌集团,9.17,26405760,1191484966,1192275016,1093316.189672
2025-09-01,SZ002236,大华股份,19.4,89016295,2112048730,3282842254,6368713.97276
2025-09-01,SZ002237,恒邦股份,13.35,54546832,910466532,1148080932,1532688.04422
2025-09-01,SZ002241,歌尔股份,35.68,219375753,3084319307,3491497159,12457661.863312
2025-09-01,SZ002239,奥特佳,2.99,70745100,3243153144,3308833844,989341.319356
2025-09-01,SZ002240,盛新锂能,17.27,24218924,866277805,915293872,1580712.516944
2025-09-01,SZ002238,天威视讯,8.78,8585533,802559160,802559160,704646.94248
2025-09-01,SZ002243,力合科创,8.87,21462500,1204142290,1210604219,1073805.942253
2025-09-01,SZ002242,九阳股份,9.71,17258137,761705700,763017000,740889.507
2025-09-01,SZ002244,滨江集团,10.69,38031225,2685899365,3111443890,3326133.51841
2025-09-01,SZ002245,蔚蓝锂芯,18.17,98913045,1084940857,1153587037,2096067.646229
2025-09-01,SZ002246,北化股份,17.31,16128322,549034794,549034794,950379.228414
2025-09-01,SZ002247,聚力文化,2.77,24718200,643540672,850870049,235691.003573
2025-09-01,SZ002248,华东数控,10.28,13956200,307495600,307495600,316105.4768
2025-09-01,SZ002249,大洋电机,8.14,99586606,1829226303,2441810132,1987633.447448
2025-09-01,SZ002250,联化科技,11.95,111749231,906534156,911333117,1089043.074815
2025-09-01,SZ002251,步步高,5.85,402913768,2136072119,2688699689,1572889.318065
2025-09-01,SZ002252,上海莱士,6.87,87764100,6634489612,6637984837,4560295.583019
2025-09-01,SZ002253,*ST智胜,10.73,7874350,208304044,225626095,242096.799935
2025-09-01,SZ002254,泰和新材,10.24,14385402,818818320,857213183,877786.299392
2025-09-01,SZ002256,兆新股份,3.54,402192868,1951093547,1986125387,703088.386998
2025-09-01,SZ002255,海陆重工,8.61,29217121,637972243,830881055,715388.588355
2025-09-01,SH600703,三安光电,15.11,136589023,4989018727,4989018727,7538407.296497
2025-09-01,SH600745,闻泰科技,42.83,55207330,1244578901,1244578901,5330531.432983
2025-09-01,SZ002258,利尔化学,12.8,20732033,799150345,800437228,1024559.65184
2025-09-01,SZ002259,升达林业,4.47,17840199,752328267,752328267,336290.735349
2025-09-01,SZ002262,恩华药业,25.02,13405515,883908476,1015786583,2541498.030666
2025-09-01,SZ002261,拓维信息,40.92,190685430,1146078432,1259577814,5154192.414888
2025-09-01,SZ002263,大东南,3.66,208265452,1878345100,1878360100,687479.7966
2025-09-01,SZ002264,新 华 都,7.65,22973501,654782810,719811300,550655.6445
2025-09-01,SZ002266,浙富控股,3.93,314416018,4896801048,5219271402,2051173.660986
2025-09-01,SZ002265,建设工业,39.03,39607688,403097025,1033040407,4031956.708521
2025-09-01,SZ002268,电科网安,18.87,22128232,845297908,845636083,1595715.288621
2025-09-01,SZ002267,陕天然气,8.34,20786480,1112075445,1112075445,927470.92113
2025-09-01,SH601766,中国中车,7.59,109424051,24327798048,28698864088,21782437.842792
2025-09-01,SZ002269,美邦服饰,2.17,450959871,2512500000,2512500000,545212.5
2025-09-01,SZ002270,华明装备,19.06,8466670,896206281,896225431,1708205.671486
2025-09-01,SZ002271,东方雨虹,11.7,35563390,1914981623,2388699866,2794778.84322
2025-09-01,SZ002273,水晶光电,27.32,76034872,1362211854,1390632221,3799207.227772
2025-09-01,SZ002272,川润股份,17.3,68473941,386492848,484877300,838837.729
2025-09-01,SZ002274,华昌化工,6.71,8650500,937849130,952364646,639036.677466
2025-09-01,SH601727,上海电气,8.8,351122203,12615639636,15540121636,13675307.03968
2025-09-01,SH600248,陕建股份,3.86,32229951,3705739286,3739735286,1443537.820396
2025-09-01,SH600734,实达集团,4.01,67938080,2168428122,2178303106,873499.545506
2025-09-01,SH600259,中稀有色,69.7,39272897,336435910,336435910,2344958.2927
2025-09-01,SH600187,国中水务,2.99,26178222,1613781103,1613781103,482520.549797
2025-09-01,SZ000506,招金黄金,10.09,66419312,928584361,929017761,937378.920849
2025-09-01,SZ000638,*ST万方,4.84,16384900,310145601,311386551,150711.090684
2025-09-01,SZ000631,顺发恒能,3.11,26869844,2395279084,2395279084,744931.795124
2025-09-01,SZ002276,万马股份,15.56,40052556,1007131871,1014289836,1578234.984816
2025-09-01,SZ002275,桂林三金,15.06,3463480,559041316,587568600,884878.3116
2025-09-01,SZ002277,友阿股份,8.11,179567265,1394172800,1394172800,1130674.1408
2025-09-01,SH601107,四川成渝,5.61,21534931,2162740000,3058060000,1715571.66
2025-09-01,SH601668,中国建筑,5.56,436437929,41320390444,41320390444,22974137.086864
2025-09-01,SZ002278,神开股份,10.64,22573153,333996661,363909648,387199.865472
2025-09-01,SZ002279,久其软件,7.48,54231590,789727349,862206871,644930.739508
2025-09-01,SH601788,光大证券,19.86,79116772,3906698839,4610787639,9157024.251054
2025-09-01,SZ002282,博深股份,7.37,6730845,505007638,526838348,388279.862476
2025-09-01,SZ002283,天润工业,6.84,26696181,1003526429,1139457178,779388.709752
2025-09-01,SZ002281,光迅科技,74.19,77988287,779638234,806851752,5986033.148088
2025-09-01,SZ002286,保龄宝,11.2,25564200,369552130,380117380,425731.4656
2025-09-01,SZ002287,奇正藏药,27.82,6136950,569922170,571050578,1588662.707996
2025-09-01,SZ002285,世联行,2.43,32382083,1975776226,1992829038,484257.456234
2025-09-01,SZ002284,亚太股份,11.85,21005185,731214173,739100348,875833.91238
2025-09-01,SZ002290,禾盛新材,34.18,8561520,247390455,248112330,848047.94394
2025-09-01,SZ002291,遥望科技,6.53,39084180,869101510,935545353,610911.115509
2025-09-01,SZ002289,*ST宇顺,28.8,1397751,279953733,280253733,807130.75104
2025-09-01,SZ002292,奥飞娱乐,9.77,43860518,1017868772,1478699697,1444689.603969
2025-09-01,SZ002294,信立泰,53.54,12932387,1114565736,1114816535,5968727.72839
2025-09-01,SZ002293,罗莱生活,8.56,9150866,826608069,834092481,713983.163736
2025-09-01,SZ000517,荣安地产,1.93,40767200,2491986416,3183922485,614497.039605
2025-09-01,SZ000529,广弘控股,6.36,11794971,569884377,583790330,371290.64988
2025-09-01,SH601618,中国中冶,3.43,170225800,17852619170,20723619170,7108201.37531
2025-09-01,SZ002297,博云新材,9.33,38938055,573104819,573104819,534706.796127
2025-09-01,SZ002295,精艺股份,10.24,8704250,250294000,250616000,256630.784
2025-09-01,SZ002296,辉煌科技,12.05,13799100,347415444,389580420,469444.4061
2025-09-01,SZ002298,中电鑫龙,10.9,110214609,660653512,740110901,806720.88209
2025-09-01,SH601888,中国中免,69.31,35979129,1952475544,2068859044,14339262.033964
2025-09-01,SZ002300,太阳电缆,6.46,11673611,722270208,722333700,466627.5702
2025-09-01,SZ002299,圣农发展,17.6,17306801,1243331721,1243400295,2188384.5192
2025-09-01,SZ002301,齐心集团,7.15,11533150,717990223,721307933,515735.172095
2025-09-01,SZ300002,神州泰岳,13.68,66334641,1822520486,1967173866,2691093.848688
2025-09-01,SZ300001,特锐德,24.67,30156470,1031556106,1055537713,2604011.537971
2025-09-01,SZ300027,华谊兄弟,2.72,184659663,2484978787,2774505919,754665.609968
2025-09-01,SZ300026,红日药业,4,62273246,2738528478,3004154837,1201661.9348
2025-09-01,SZ300025,华星创业,7.28,22473967,506392121,508792922,370401.247216
2025-09-01,SZ300024,机器人,19.99,45430687,1539926904,1565619950,3129674.28005
2025-09-01,SZ300022,吉峰科技,8.48,20530857,494229430,494240380,419115.84224
2025-09-01,SZ300021,大禹节水,5.15,29613409,872739211,1022367469,526519.246535
2025-09-01,SZ300020,ST银江,3.82,24839320,766639584,794677974,303566.986068
2025-09-01,SZ300019,硅宝科技,23.35,34784435,337537896,393116700,917927.4945
2025-09-01,SZ300018,中元股份,8.61,13621886,449312251,485335536,417873.896496
2025-09-01,SZ300017,网宿科技,12.06,122615320,2292424419,2445732567,2949553.475802
2025-09-01,SZ300016,北陆药业,10.08,36529092,562114688,562873163,567376.148304
2025-09-01,SZ300015,爱尔眼科,13.3,133962604,7930959173,9325396670,12402777.5711
2025-09-01,SZ300014,亿纬锂能,55.87,67923384,1861434646,2045721497,11429446.003739
2025-09-01,SZ300013,新宁物流,3.95,17011303,445961553,558358894,220551.76313
2025-09-01,SZ300012,华测检测,13.51,32420882,1431769688,1682828214,2273500.917114
2025-09-01,SZ300011,鼎汉技术,8.27,23034902,507256004,558650387,462003.870049
2025-09-01,SZ300010,豆神教育,8.36,95043064,1663332582,2066612659,1727688.182924
2025-09-01,SZ300009,安科生物,11.93,89164013,1221700208,1672521258,1995317.860794
2025-09-01,SZ300008,天海防务,7.41,94575734,1647290071,1728029133,1280469.587553
2025-09-01,SZ300007,汉威科技,46.59,30105943,283295039,327445619,1525569.138921
2025-09-01,SZ300006,莱美药业,4.79,33066276,1055820898,1055911205,505781.467195
2025-09-01,SZ300005,探路者,9.42,45067438,883314286,883702186,832447.459212
2025-09-01,SZ300004,南风股份,11.1,53134791,479993598,479993598,532792.89378
2025-09-01,SZ300003,乐普医疗,19.59,59963654,1616098729,1880611391,3684117.714969
2025-09-01,SZ002302,西部建设,6.88,16403500,1262354304,1262354304,868499.761152
2025-09-01,SZ002303,美盈森,4.28,25320500,966937007,1531323685,655406.53718
2025-09-01,SZ002305,*ST南置,3.07,105104600,1734103276,1734215770,532404.24139
2025-09-01,SZ002304,洋河股份,73.85,7158638,1506409524,1506445074,11125096.87149
2025-09-01,SZ002307,北新路桥,4.65,30989434,1268291582,1268291582,589755.58563
2025-09-01,SZ002306,*ST云网,1.88,18622800,813919412,869762500,163515.35
2025-09-01,SH600854,春兰股份,5.29,15316319,519458538,519458538,274793.566602
2025-09-01,SH600999,招商证券,18.81,49447515,7422005272,8696526806,16358166.922086
2025-09-01,SZ002310,东方新能,2.38,120127462,4199049717,5999322117,1427838.663846
2025-09-01,SZ002311,海大集团,60.77,6217341,1662521303,1663749970,10110608.56769
2025-09-01,SZ002309,中利集团,3.18,19693512,1214278621,3007665385,956437.59243
2025-09-01,SZ002312,川发龙蟒,11.74,38201513,1759210346,1889338619,2218083.538706
2025-09-01,SZ002313,日海智能,12.27,32539179,374373675,374400000,459388.8
2025-09-01,SZ002314,南山控股,2.79,36210495,1338277264,2707782513,755471.321127
2025-09-01,SZ002315,焦点科技,52.66,12102530,202315261,317235869,1670564.086154
2025-09-01,SZ002316,亚联发展,6.1,37125832,340747500,393120000,239803.2
2025-09-01,SZ002319,乐通股份,12.57,10906001,200000000,209472510,263306.94507
2025-09-01,SZ002317,众生药业,21.99,40653641,761617406,849930477,1868997.118923
2025-09-01,SZ002318,久立特材,22.37,13467600,954957728,977170720,2185930.90064
2025-09-01,SZ002321,华英农业,2.68,37339400,2124212084,2132890071,571614.539028
2025-09-01,SZ002320,海峡股份,8.31,35871814,2228933187,2228933187,1852243.478397
2025-09-01,SH601989,中国重工,5.1,0,22802035324,22802035324,11629038.01524
2025-09-01,SZ002324,普利特,14.15,24902525,776275962,1112336248,1573955.79092
2025-09-01,SZ002323,雅博股份,1.81,122413337,2120381924,2120855142,383874.780702
2025-09-01,SZ002322,理工能科,13.32,5675600,365019679,379147970,505025.09604
2025-09-01,SZ002326,永太科技,15.34,33917328,808202574,925400795,1419564.81953
2025-09-01,SH601139,深圳燃气,6.61,14075935,2876740942,2876740942,1901525.762662
2025-09-01,SZ300029,*ST天龙,5.99,2326500,200360250,200506500,120103.3935
2025-09-01,SZ300030,阳普医疗,8.18,9696700,272226050,309187315,252915.22367
2025-09-01,SZ300031,宝通科技,25.92,17234855,351901892,418746695,1085391.43344
2025-09-01,SZ300036,超图软件,17.35,13637231,438477777,492766617,854950.080495
2025-09-01,SZ300035,中科电气,21.4,120198153,583348130,685426671,1466813.07594
2025-09-01,SZ300034,钢研高纳,17.5,15848115,766646058,796961563,1394682.73525
2025-09-01,SZ300033,同花顺,397.41,18106188,275505581,537600000,21364761.6
2025-09-01,SZ300032,金龙机电,5.69,39083001,803169608,803169608,457003.506952
2025-09-01,SZ002328,新朋股份,6.46,21070593,570791896,771770000,498563.42
2025-09-01,SZ002327,富安娜,7.3,10238116,487745772,838245539,611919.24347
2025-09-01,SZ002331,皖通科技,8.47,14803780,395845295,425431749,360340.691403
2025-09-01,SZ002329,皇氏集团,3.76,18167601,650388924,832403985,312983.89836
2025-09-01,SZ002330,得利斯,4.9,9703199,635178715,635315290,311304.4921
2025-09-01,SH601117,中国化学,7.75,114937230,6069580762,6106877362,4732829.95555
2025-09-01,SZ300041,回天新材,11.05,39608756,544427293,559434092,618174.67166
2025-09-01,SZ300037,新宙邦,48.29,28231627,540256007,747779115,3611025.346335
2025-09-01,SZ300040,九洲集团,7.36,13127959,485858015,611892406,450352.810816
2025-09-01,SZ300039,上海凯宝,6.32,24121699,916926226,1046000000,661072
2025-09-01,SZ300042,朗科科技,26.96,16082165,200381550,200400000,540278.4
2025-09-01,SZ002332,仙琚制药,10.82,29412391,984573711,989204866,1070319.665012
2025-09-01,SZ002333,罗普斯金,5.28,7208687,652563100,674924800,356360.2944
2025-09-01,SZ002334,英威腾,9.55,33012903,733825885,813530920,776922.0286
2025-09-01,SZ002335,科华数据,57.31,58937557,454672644,515414041,2953837.868971
2025-09-01,SZ002338,奥普光电,54.16,5866505,240000000,240000000,1299840
2025-09-01,SZ002337,赛象科技,5.77,13308726,587996532,588615750,339631.28775
2025-09-01,SH601801,皖新传媒,6.88,22252693,1957931237,1957931237,1347056.691056
2025-09-01,SZ300049,福瑞医科,63.87,16640311,233501342,264975900,1692401.0733
2025-09-01,SZ300050,世纪鼎利,6.91,116789800,544514149,544846718,376489.082138
2025-09-01,SZ300048,合康新能,6.48,24783594,1124897982,1125709857,729459.987336
2025-09-01,SZ300047,天源迪科,18.17,49448193,546641741,637744672,1158782.069024
2025-09-01,SZ300043,星辉娱乐,5.41,163783417,1243539501,1244198401,673111.334941
2025-09-01,SZ300044,ST赛为,4.46,31915900,715378203,763869228,340685.675688
2025-09-01,SZ300045,华力创通,26,104668460,516313176,662675236,1722955.6136
2025-09-01,SZ300046,台基股份,43.22,16408859,236531371,236531371,1022288.585462
2025-09-01,SH601877,正泰电器,27.9,61719568,2148968976,2148968976,5995623.44304
2025-09-01,SZ002340,格林美,7.36,231136806,5084385687,5124299057,3771484.105952
2025-09-01,SZ002339,积成电子,8.19,10757958,478793604,504092274,412851.572406
2025-09-01,SZ002342,巨力索具,8.52,72950563,954690000,960000000,817920
2025-09-01,SZ002343,慈文传媒,8.49,31964800,474949686,474949686,403232.283414
2025-09-01,SZ002344,海宁皮城,4.46,21717507,1281450092,1282616960,572047.16416
2025-09-01,SZ002346,柘中股份,15.77,5297300,393325028,441575416,696364.431032
2025-09-01,SZ002345,潮宏基,15.79,42704604,867290215,888512707,1402961.564353
2025-09-01,SH601179,中国西电,6.56,52327392,5125882352,5125882352,3362578.822912
2025-09-01,SZ002347,泰尔股份,7.21,16913612,493382901,504702276,363890.340996
2025-09-01,SZ002349,精华制药,7.74,27510359,814180908,829674908,642168.378792
2025-09-01,SZ002348,高乐股份,3.75,25866950,903532999,947200000,355200
2025-09-01,SZ002350,北京科锐,7.03,9825328,530551471,542331351,381258.939753
2025-09-01,SZ002351,漫步者,14,18207915,521056775,889107000,1244749.8
2025-09-01,SZ002352,顺丰控股,42.8,141435987,4772009924,5039421659,21568724.70052
2025-09-01,SZ002353,杰瑞股份,47.2,8348485,693243890,1023855833,4832599.53176
2025-09-01,SZ002354,天娱数科,7.76,142068846,1625931279,1654585820,1283958.59632
2025-09-01,SZ002355,兴民智通,6.21,20333602,618166650,620570400,385374.2184
2025-09-01,SZ002356,赫美集团,3.77,41343491,1311247021,1311254521,494342.954417
2025-09-01,SH601106,中国一重,3.01,38250412,6857782927,6857782927,2064192.661027
2025-09-01,SZ002357,富临运业,11.78,15826882,313477786,313489036,369290.084408
2025-09-01,SZ002358,森源电气,5.34,19225700,929755702,929756977,496490.225718
2025-09-01,SZ300053,航宇微,14.88,36607580,650818928,696874323,1036948.992624
2025-09-01,SZ300051,琏升科技,7.43,9514602,367731040,372136690,276497.56067
2025-09-01,SZ300054,鼎龙股份,32.12,26570240,734435485,944543607,3033874.065684
2025-09-01,SZ300052,ST中青宝,11.61,7795800,261851210,261858710,304017.96231
2025-09-01,SH601678,滨化股份,4.23,52097102,2029836276,2056836276,870041.744748
2025-09-01,SZ300056,中创环保,15.25,16863292,385150243,385490443,587872.925575
2025-09-01,SZ300058,蓝色光标,7.16,177670553,3427333758,3537525227,2532868.062532
2025-09-01,SZ300057,万顺新材,6.21,42490968,719491798,892087273,553986.196533
2025-09-01,SH601688,华泰证券,21.35,110635483,7306758106,9027302281,19273290.369935
2025-09-01,SZ300055,万邦达,6.13,11910963,632701144,836749606,512927.508478
2025-09-01,SZ002362,汉王科技,24.89,8260200,207593932,244454646,608447.613894
2025-09-01,SZ002361,神剑股份,6.75,26839028,809122984,951034969,641948.604075
2025-09-01,SZ002360,同德化工,5.2,8448572,327522230,401774248,208922.60896
2025-09-01,SZ002365,永安药业,18.72,17644155,245560101,294682500,551645.64
2025-09-01,SZ002363,隆基机械,7.96,11750932,415758167,416895301,331848.659596
2025-09-01,SZ002364,中恒电气,26.06,80990793,558103760,563564960,1468650.28576
2025-09-01,SH601607,上海医药,18.49,47890845,2789207505,3708361809,6856760.984841
2025-09-01,SZ002366,融发核电,7.71,83362261,1256464390,2080937640,1604402.92044
2025-09-01,SZ002367,康力电梯,7.12,16721623,794583231,797745456,567994.764672
2025-09-01,SZ002368,太极股份,29.5,22104718,620429720,623231286,1838532.2937
2025-09-01,SZ002369,卓翼科技,11.33,70548688,566215407,566956280,642361.46524
2025-09-01,SZ002371,北方华创,377.84,15627095,720980775,721603463,27265065.245992
2025-09-01,SZ002370,亚太药业,6.54,59846320,745667530,745667530,487666.56462
2025-09-01,SZ002374,中锐股份,2.74,33442624,1085209283,1085209283,297347.343542
2025-09-01,SZ002372,伟星新材,10.69,10427981,1470858109,1592037988,1701888.609172
2025-09-01,SZ002373,千方科技,11.56,65253994,1377594126,1580188215,1826697.57654
2025-09-01,SH601188,龙江交通,3.55,23012701,1315878571,1315878571,467136.892705
2025-09-01,SZ300062,中能电气,5.45,13380584,386116997,557606117,303895.333765
2025-09-01,SH601518,吉林高速,2.78,22290913,1890553169,1890553169,525573.780982
2025-09-01,SZ300061,旗天科技,13.65,68358294,622169705,658993677,899526.369105
2025-09-01,SZ300059,东方财富,28.69,650352102,13376386008,15804037675,45341784.089575
2025-09-01,SZ002377,国创高新,3.06,19388400,872348621,916325201,280395.511506
2025-09-01,SZ002376,新北洋,8.31,40965886,781309703,810562541,673577.471571
2025-09-01,SZ002375,亚厦股份,3.96,18098588,1326793698,1339996498,530638.613208
2025-09-01,SZ300063,天龙集团,9.58,73582650,626554443,758527150,726669.0097
2025-09-01,SZ300066,三川智慧,7.87,97190132,1005910348,1040033262,818506.177194
2025-09-01,SZ300065,海兰信,21.09,56966742,655846610,720494503,1519522.906827
2025-09-01,SH601158,重庆水务,4.71,13357297,4800000000,4800000000,2260800
2025-09-01,SZ002378,章源钨业,15.51,142971650,1195121369,1201417666,1863398.799966
2025-09-01,SZ002380,科远智慧,28.02,11667086,141751890,239991649,672456.600498
2025-09-01,SH601101,昊华能源,7.21,17710341,1439997926,1439997926,1038238.504646
2025-09-01,SZ002379,宏桥控股,18.25,14348651,1136373753,1136373753,2073882.099225
2025-09-01,SZ002381,双箭股份,6.86,6810396,322025936,411577356,282342.066216
2025-09-01,SZ002383,合众思壮,10.8,41149077,740360305,740360305,799589.1294
2025-09-01,SZ002382,蓝帆医疗,5.99,28842292,999695216,1007129466,603270.550134
2025-09-01,SZ002385,大北农,4.26,111158525,3524077887,4300078565,1831833.46869
2025-09-01,SZ002386,天原股份,5.12,20917724,1301404537,1301647073,666443.301376
2025-09-01,SZ002384,东山精密,68.82,93138739,1386321723,1831607532,12605123.035224
2025-09-01,SZ002387,维信诺,10.35,16695894,1394988960,1396788660,1445676.2631
2025-09-01,SZ002389,航天彩虹,25.74,38809091,990811227,990929102,2550651.508548
2025-09-01,SZ002388,新亚制程,5.04,14453320,506223495,510697600,257391.5904
2025-09-01,SZ002391,长青股份,6.23,10187100,464120811,649592550,404696.15865
2025-09-01,SZ002390,信邦制药,3.74,39039986,1927818234,1943851868,727000.598632
2025-09-01,SZ300070,碧水源,4.52,41143292,3371838197,3624209363,1638142.632076
2025-09-01,SZ300071,福石控股,5.07,33569814,945350866,963884336,488689.358352
2025-09-01,SZ300067,安诺其,5.61,70589554,937483681,1154374574,647604.136014
2025-09-01,SZ300068,南都电源,17.12,56433163,853003114,898190679,1537702.442448
2025-09-01,SZ300069,金利华电,20.37,4643600,117000000,117000000,238329
2025-09-01,SZ002393,力生制药,25.3,9991579,250324607,257704999,651993.64747
2025-09-01,SZ002394,联发股份,10.79,22137904,323285606,323700000,349272.3
2025-09-01,SZ002392,北京利尔,8.83,54035899,1143881383,1190490839,1051203.410837
2025-09-01,SZ300073,当升科技,49.01,48975671,505971312,544293668,2667583.266868
2025-09-01,SZ300072,海新能科,3.93,79869887,2331361270,2349720302,923440.078686
2025-09-01,SZ300075,数字政通,18.06,21677754,515438476,621130158,1121761.065348
2025-09-01,SZ300074,华平股份,5.16,25251316,542057300,545151600,281298.2256
2025-09-01,SH601369,陕鼓动力,8.36,18514910,1705795987,1723474492,1440824.675312
2025-09-01,SZ002395,双象股份,18.88,6111228,268186481,268209000,506378.592
2025-09-01,SZ002397,梦洁股份,3.81,19884900,647862094,747781443,284904.729783
2025-09-01,SZ300078,思创智联,3.63,37666750,1113367148,1117872230,405787.61949
2025-09-01,SZ300079,数码视讯,6.44,89090985,1281479656,1426028062,918362.071928
2025-09-01,SZ300076,GQY视讯,6.58,15931704,424000000,424000000,278992
2025-09-01,SZ300077,国民技术,27.47,43942428,566327400,583126700,1601849.0449
2025-09-01,SZ002398,垒知集团,5.24,13389474,579367954,698023396,365764.259504
2025-09-01,SZ002401,中远海科,18.58,10710200,371363940,371668440,690559.96152
2025-09-01,SZ002400,省广集团,8.31,98119063,1726164618,1743337128,1448713.153368
2025-09-01,SZ002399,海普瑞,13.18,7790620,1247201704,1467296204,1933896.396872
2025-09-01,SZ002404,嘉欣丝绸,6.41,7606630,455787096,560051541,358993.037781
2025-09-01,SZ002402,和而泰,40,113669712,805831823,924806285,3699225.14
2025-09-01,SZ002403,爱仕达,15.06,6795930,297161454,340638579,513001.699974
2025-09-01,SZ002406,远东传动,8.18,32538034,602212898,730225082,597324.117076
2025-09-01,SZ002405,四维图新,9.38,56167621,2355851219,2370648814,2223668.587532
2025-09-01,SZ002407,多氟多,13.55,31842982,1080550826,1190432569,1613036.130995
2025-09-01,SZ002408,齐翔腾达,5.1,19423508,2751089971,2842843629,1449850.25079
2025-09-01,SZ300084,海默科技,8.27,21015542,344647379,510247899,421975.012473
2025-09-01,SZ300082,奥克股份,7.66,10469376,678207963,680098200,520955.2212
2025-09-01,SZ300081,恒信东方,5.53,24573892,604703842,604795417,334451.865601
2025-09-01,SZ300083,创世纪,10.17,88240954,1493035214,1664862589,1693165.253013
2025-09-01,SZ002409,雅克科技,61.79,23172786,318522747,475927678,2940757.122362
2025-09-01,SZ002412,汉森制药,6.83,11715760,497845000,503200000,343685.6
2025-09-01,SZ002410,广联达,14.91,50319192,1588081079,1651944342,2463049.013922
2025-09-01,SZ300085,银之杰,57.55,78187443,652012860,706640535,4066716.278925
2025-09-01,SZ300086,康芝药业,6.78,21204503,440682522,455124411,308574.350658
2025-09-01,SZ300087,荃银高科,9.33,24404566,895672569,947331751,883860.523683
2025-09-01,SZ300088,长信科技,6.88,92087207,2485503647,2497733579,1718440.702352
2025-09-01,SZ002416,爱施德,12.43,19600221,1223904304,1239281806,1540427.284858
2025-09-01,SZ002413,雷科防务,5.98,44413647,1293079400,1316989628,787559.797544
2025-09-01,SZ002415,海康威视,31.15,69932677,9114760378,9233198326,28761412.78549
2025-09-01,SZ002418,康盛股份,4.46,79344128,1136397338,1136400000,506834.4
2025-09-01,SZ002419,天虹股份,5.79,27534433,1168712413,1168847750,676762.84725
2025-09-01,SZ002420,毅昌科技,6.74,10572500,399563569,411500000,277351
2025-09-01,SZ002421,达实智能,3.81,114008686,2006692505,2120581639,807941.604459
2025-09-01,SZ002424,ST百灵,6.07,28118031,1213214512,1397598400,848342.2288
2025-09-01,SZ002423,中粮资本,14.02,99270929,2304105575,2304105575,3230356.01615
2025-09-01,SZ002422,科伦药业,40.11,40657400,1305874730,1598053372,6409792.075092
2025-09-01,SZ002425,凯撒文化,3.86,28081922,956060898,956665066,369272.715476
2025-09-01,SZ002426,胜利精密,3.71,487555326,3402599891,3402625916,1262374.214836
2025-09-01,SZ002427,尤夫股份,7.58,14524426,984705486,985432777,746958.044966
2025-09-01,SZ002428,云南锗业,31.26,106062796,653035625,653120000,2041653.12
2025-09-01,SZ002429,兆驰股份,5.81,184885117,4524333018,4526940607,2630152.492667
2025-09-01,SZ002430,杭氧股份,24.1,11516368,977695648,978351223,2357826.44743
2025-09-01,SZ002431,棕榈股份,2.52,143928002,1812816265,1812816265,456829.69878
2025-09-01,SZ002432,九安医疗,39.64,7954581,430065557,474455362,1880741.054968
2025-09-01,SZ002436,兴森科技,21.78,261519741,1510497256,1699673563,3701889.020214
2025-09-01,SZ002434,万里扬,8.32,21207429,1311341050,1312600000,1092083.2
2025-09-01,SZ002437,誉衡药业,3.52,88493804,2096144237,2245789726,790517.983552
2025-09-01,SZ002438,江苏神通,13.51,16115513,468880667,507537461,685683.109811
2025-09-01,SZ002396,星网锐捷,35.74,41106983,583280278,585695098,2093274.280252
2025-09-01,SZ002439,启明星辰,16.93,28246204,725342936,1211400205,2050900.547065
2025-09-01,SZ300080,易成新能,4.24,17495101,1870860549,1873380436,794313.304864
2025-09-01,SZ300091,*ST金灵,3,108177520,1476033276,1489164214,446749.2642
2025-09-01,SH601000,唐山港,3.93,59955065,5925928614,5925928614,2328889.945302
2025-09-01,SZ002442,龙星科技,6.65,15689693,488476603,503282253,334682.698245
2025-09-01,SZ002440,闰土股份,7.25,26055350,946358669,1123999905,814899.931125
2025-09-01,SZ002443,金洲管道,7.47,26362958,519426572,520535520,388840.03344
2025-09-01,SZ002441,众业达,9.64,11325720,399079729,544543609,524940.039076
2025-09-01,SZ300092,科新机电,13.62,29537536,209866256,273923271,373083.495102
2025-09-01,SZ300093,*ST金刚,14.45,6194187,215656800,216000000,312120
2025-09-01,SZ300094,国联水产,3.74,57812968,1105517399,1128167253,421934.552622
2025-09-01,SZ002446,盛路通信,9.01,117896585,847683296,915321724,824704.873324
2025-09-01,SZ002444,巨星科技,32.22,36172048,1147032778,1194478182,3848608.702404
2025-09-01,SZ002445,中南文化,2.62,115647832,2366380973,2376607531,622671.173122
2025-09-01,SH601288,农业银行,7.05,459122027,319244210777,349983033873,246738038.880465
2025-09-01,SZ002414,高德红外,12.45,80903662,3398612431,4270736108,5317066.45446
2025-09-01,SZ002448,中原内配,10.83,37491879,455537409,588409646,637247.646618
2025-09-01,SZ002449,国星光电,9.78,17934586,618477169,618477169,604870.671282
2025-09-01,SZ002453,华软科技,6.13,17425500,612763136,812367126,497981.048238
2025-09-01,SZ002454,松芝股份,8.76,16213196,626979228,628581600,550637.4816
2025-09-01,SZ002452,长高电新,7.36,11602982,515904790,620332085,456564.41456
2025-09-01,SZ002451,摩恩电气,6.81,12415914,439149000,439200000,299095.2
2025-09-01,SZ300097,ST智云,5.76,5778800,270009948,288549669,166204.609344
2025-09-01,SZ300096,ST易联众,6.25,47719287,430000000,430000000,268750
2025-09-01,SZ300095,华伍股份,10.13,14618100,338727079,420090164,425551.336132
2025-09-01,SZ300098,高新兴,6.12,76319970,1541743627,1737782275,1063522.7523
2025-09-01,SZ002457,青龙管业,11.73,7265607,333321649,333486800,391180.0164
2025-09-01,SZ002456,欧菲光,13.39,194116261,3312546834,3357339213,4495477.206207
2025-09-01,SZ002455,百川股份,6.78,17690470,519235336,594256563,402905.949714
2025-09-01,SH601717,中创智领,21.71,95856668,1542165730,1785399930,3876103.24803
2025-09-01,SZ300101,振芯科技,26.42,17234111,566043415,567905700,1500406.8594
2025-09-01,SZ300100,双林股份,46.74,22583808,552382082,571982940,2673448.26156
2025-09-01,SZ300099,尤洛卡,7.28,17869099,581412240,737265255,536729.10564
2025-09-01,SZ002458,益生股份,8.86,9498465,748868710,1106412915,980281.84269
2025-09-01,SZ002460,赣锋锂业,40.67,66304212,1207835807,2017167779,8203821.357193
2025-09-01,SZ002459,晶澳科技,12.72,65813206,3305422415,3309681554,4209914.936688
2025-09-01,SZ300102,乾照光电,15.6,85649259,916339888,920333863,1435720.82628
2025-09-01,SZ300103,达刚控股,7.85,10055455,317340610,317601000,249316.785
2025-09-01,SH601718,际华集团,3.91,96227560,4391629404,4391629404,1717127.096964
2025-09-01,SH601818,光大银行,3.71,597840984,46406815561,59085551061,21920739.443631
2025-09-01,SZ002463,沪电股份,69.8,91632612,1922468044,1923714885,13427529.8973
2025-09-01,SZ002462,嘉事堂,14.25,3723302,291470419,291707120,415682.646
2025-09-01,SZ002461,珠江啤酒,10.83,12157100,2213328480,2213328480,2397034.74384
2025-09-01,SZ300107,建新股份,7.92,8088000,347212817,562707468,445664.314656
2025-09-01,SZ300105,龙源技术,7.43,13028100,515814420,515814420,383250.11406
2025-09-01,SZ300106,西部牧业,11.86,10601602,211332310,211332310,250640.11966
2025-09-01,SZ300109,新开源,19.87,32631696,449688521,486050005,965781.359935
2025-09-01,SZ300110,华仁药业,3.4,27814429,1180847607,1182212982,401952.41388
2025-09-01,SZ300113,顺网科技,26.3,33576874,518199602,683566082,1797778.79566
2025-09-01,SZ300111,向日葵,4.5,145948924,1287210714,1287210714,579244.8213
2025-09-01,SZ300112,万讯自控,8.99,7815963,237642306,290224690,260911.99631
2025-09-01,SZ002466,天齐锂业,43.86,51327169,1475845634,1641221583,7198397.863038
2025-09-01,SZ002465,海格通信,14.32,108597107,2477887109,2481833948,3553986.213536
2025-09-01,SZ300115,长盈精密,26.29,76190147,1355563239,1359485211,3574086.619719
2025-09-01,SZ300118,东方日升,10.8,45469206,926826080,1140013863,1231214.97204
2025-09-01,SZ002470,金正大,1.73,70956900,3285749417,3286027742,568482.799366
2025-09-01,SZ002467,二六三,6.51,98594589,1366883957,1375371873,895367.089323
2025-09-01,SZ002469,三维化学,9.15,16745950,628894911,648862630,593709.30645
2025-09-01,SZ002468,申通快递,17.52,32629311,1467199966,1530802166,2681965.394832
2025-09-01,SZ002472,双环传动,36.6,24386222,753390392,847713342,3102630.83172
2025-09-01,SZ002471,中超控股,4.77,67119730,1304996763,1368760000,652898.52
2025-09-01,SZ002475,立讯精密,45.27,140621009,7238871337,7252015767,32829875.377209
2025-09-01,SZ002474,榕基软件,7.17,24605275,530765945,622200000,446117.4
2025-09-01,SZ002476,宝莫股份,5.78,36510286,611927325,612000000,353736
2025-09-01,SZ300121,阳谷华泰,15.99,27475739,432982749,448814098,717653.742702
2025-09-01,SZ300120,经纬辉开,9.77,56875519,527447002,574393929,561182.868633
2025-09-01,SZ300119,瑞普生物,22.31,11767707,334962021,464754706,1036867.749086
2025-09-01,SH600372,中航机载,12.88,67960056,4838896630,4838896630,6232498.85944
2025-09-01,SZ002479,富春环保,5.28,17449726,863072844,865000000,456720
2025-09-01,SZ002478,常宝股份,5.52,11711520,719589938,900986228,497344.397856
2025-09-01,SZ002480,新筑股份,6.97,13939906,767717946,769168670,536110.56299
2025-09-01,SZ002481,双塔食品,5.64,22027400,1118152600,1233696500,695804.826
2025-09-01,SZ300124,汇川技术,75.9,53828951,2361425518,2695303011,20457349.85349
2025-09-01,SH601018,宁波港,3.63,63937101,15807417370,19454388399,7061942.988837
2025-09-01,SZ300122,智飞生物,22.86,30644030,1414306248,2393789747,5472203.361642
2025-09-01,SZ300123,亚光科技,6.87,47144651,1000418818,1021834123,702000.042501
2025-09-01,SZ002483,润邦股份,6.62,13860900,885250799,886468413,586842.089406
2025-09-01,SZ002484,江海股份,36.64,55344532,820472265,850523941,3116319.719824
2025-09-01,SZ002482,广田集团,1.81,101852818,3743559801,3750962363,678924.187703
2025-09-01,SH601177,杭齿前进,19.38,13856839,400060000,407975000,790655.55
2025-09-01,SZ300125,*ST聆达,7.6,11260054,265428408,267599995,203375.9962
2025-09-01,SZ300128,锦富技术,5.46,28598296,1297717037,1299115412,709317.014952
2025-09-01,SZ300127,银河磁体,33.52,18125148,230816140,323146360,1083186.59872
2025-09-01,SZ300126,锐奇股份,7.3,11718696,210652704,303957600,221889.048
2025-09-01,SH601377,兴业证券,6.7,197687244,8635987294,8635987294,5786111.48698
2025-09-01,SZ002487,大金重工,34.02,15113930,630920266,637749349,2169623.285298
2025-09-01,SZ002485,ST雪发,3.79,3058950,544000000,544000000,206176
2025-09-01,SZ002486,嘉麟杰,2.76,37327950,820466875,824283100,227502.1356
2025-09-01,SZ300131,英唐智控,10.09,90151402,1042267516,1135019485,1145234.660365
2025-09-01,SZ300130,新国都,31.93,29506743,434152308,567299123,1811386.099739
2025-09-01,SZ300129,泰胜风能,7.42,18963648,646452973,934899232,693695.230144
2025-09-01,SZ002489,浙江永强,3.79,33612800,1913028928,2169016313,822057.182627
2025-09-01,SZ002488,金固股份,13.31,8406283,920083999,995439065,1324929.395515
2025-09-01,SZ002491,通鼎互联,5.64,39233791,1176468871,1229994500,693716.898
2025-09-01,SZ002490,山东墨龙,5.87,19491913,541722000,797848400,468337.0108
2025-09-01,SZ300133,华策影视,8.7,69213309,1623843501,1899585581,1652639.45547
2025-09-01,SZ300132,青松股份,6.53,30465395,508081284,516580886,337327.318558
2025-09-01,SZ300135,宝利国际,4.24,20406348,921600000,921600000,390758.4
2025-09-01,SZ300134,大富科技,13.46,16170288,712418006,767498006,1033052.316076
2025-09-01,SH601098,中南传媒,13.17,14636908,1796000000,1796000000,2365332
2025-09-01,SZ002495,佳隆股份,2.71,30292744,700773507,935625600,253554.5376
2025-09-01,SZ002492,恒基达鑫,7.25,13341815,397834725,405000000,293625
2025-09-01,SZ002493,荣盛石化,9.96,34773738,9362198504,9989442254,9949484.484984
2025-09-01,SH600998,九州通,5.13,65934572,5042470234,5042470234,2586787.230042
2025-09-01,SZ002494,华斯股份,4.86,15034600,286770438,377310718,183373.008948
2025-09-01,SZ300137,先河环保,6.8,5248700,530034106,536582210,364875.9028
2025-09-01,SZ300138,晨光生物,13.85,17179689,398313292,483100093,669093.628805
2025-09-01,SZ300136,信维通信,27.2,37802723,824567926,967568638,2631786.69536
2025-09-01,SZ002496,*ST辉丰,1.63,17961740,1112452271,1507589677,245737.117351
2025-09-01,SZ002497,雅化集团,13.97,25068988,1058551340,1152562520,1610129.84044
2025-09-01,SZ002498,汉缆股份,3.57,28734024,3326796000,3326796000,1187666.172
2025-09-01,SZ300142,沃森生物,12.97,45669490,1555944539,1599348541,2074355.057677
2025-09-01,SZ300141,和顺电气,9.24,6756254,252788760,253884600,234589.3704
2025-09-01,SZ300140,节能环境,6.36,15013300,1020121250,3099067016,1971006.622176
2025-09-01,SZ300139,晓程科技,22.38,97026275,233659225,274000000,613212
2025-09-01,SZ002500,山西证券,6.59,38500679,3589771547,3589771547,2365659.449473
2025-09-01,SZ002501,利源股份,2.41,222502600,3546469206,3550000000,855550
2025-09-01,SZ002507,涪陵榨菜,13.38,15848992,1148914515,1153919028,1543943.659464
2025-09-01,SZ002508,老板电器,20.2,7737520,933551787,944938916,1908776.61032
2025-09-01,SH601777,千里科技,12.1,75552330,4521100071,4521100071,5470531.08591
2025-09-01,SZ002511,中顺洁柔,8.64,18689496,1265340927,1286377813,1111430.430432
2025-09-01,SZ002510,天汽模,6.93,55702206,1004846946,1015138708,703491.124644
2025-09-01,SZ002513,蓝丰生化,5.2,14781500,263856170,375280278,195145.74456
2025-09-01,SZ002512,达华智能,4.05,32814955,1094451782,1112496632,450561.13596
2025-09-01,SZ002514,宝馨科技,6.15,20148100,554034264,720034264,442821.07236
2025-09-01,SZ002515,金字火腿,7.46,31845714,1210599674,1210614164,903118.166344
2025-09-01,SH601880,辽港股份,1.67,166762163,18746758670,23905474669,3992214.269723
2025-09-01,SZ002517,恺英网络,22.3,86452064,1889045648,2136443234,4764268.41182
2025-09-01,SZ002516,旷达科技,5.7,0,1460943682,1470838682,838378.04874
2025-09-01,SZ002518,科士达,35.7,27485219,565140414,582225094,2078543.58558
2025-09-01,SZ002519,银河电子,5.4,52054002,1118785461,1126430898,608272.68492
2025-09-01,SZ300143,盈康生命,12,54464445,641363180,749451604,899341.9248
2025-09-01,SZ300144,宋城演艺,8.88,63686274,2355527204,2622612940,2328880.29072
2025-09-01,SZ300145,南方泵业,5.09,107177877,1903993301,1920900236,977738.220124
2025-09-01,SZ002523,天桥起重,3.79,23020243,1411542683,1416640800,536906.8632
2025-09-01,SZ002522,浙江众成,5.24,20115676,905019879,905779387,474628.398788
2025-09-01,SZ002520,日发精机,6.67,26528335,717440171,750245171,500413.529057
2025-09-01,SZ002521,齐峰新材,10.21,14680734,418407835,560061050,571822.33205
2025-09-01,SZ300147,ST香雪,11.46,24156537,657398353,661279045,757825.78557
2025-09-01,SZ300146,汤臣倍健,12.19,26192665,1129987059,1700845431,2073330.580389
2025-09-01,SZ300148,天舟文化,5.19,43762441,806745896,835339343,433541.119017
2025-09-01,SH601933,永辉超市,5.47,625414138,9075036993,9075036993,4964045.235171
2025-09-01,SZ002524,光正眼科,4.39,24559700,510175124,518467074,227607.045486
2025-09-01,SZ002526,山东矿机,4.09,107292802,1771084438,1782793836,729162.678924
2025-09-01,SZ300150,世纪瑞尔,5.85,43406580,460223232,585106053,342287.041005
2025-09-01,SZ300151,昌红科技,14.25,9800298,368697021,532508734,758824.94595
2025-09-01,SZ300149,睿智医药,13.15,38078285,474552969,497963992,654822.64948
2025-09-01,SZ002528,ST英飞拓,2.94,13326960,1050219577,1198675082,352410.474108
2025-09-01,SZ002529,*ST海源,6.85,8704325,260000000,260000000,178100
2025-09-01,SZ002527,新时达,16.52,23346265,529280328,663061291,1095377.252732
2025-09-01,SH601890,亚星锚链,10.28,31015092,959400000,959400000,986263.2
2025-09-01,SZ300153,科泰电源,41.77,26983833,318330118,320000000,1336640
2025-09-01,SZ300154,瑞凌股份,8.81,8824300,315086151,449555201,396058.132081
2025-09-01,SZ300152,ST新动力,2.85,18945900,712618425,712800000,203148
2025-09-01,SZ002532,天山铝业,9.98,55024684,4130005452,4651885415,4642581.64417
2025-09-01,SZ002531,天顺风能,6.83,18632649,1786866124,1796878658,1227268.123414
2025-09-01,SZ002530,金财互联,11.87,229839512,695123334,779198175,924908.233725
2025-09-01,SZ002533,金杯电工,11.43,17049101,637645433,733941062,838894.633866
2025-09-01,SH601126,四方股份,17.06,46905842,818853700,833268000,1421555.208
2025-09-01,SZ300157,新锦动力,5.09,36504527,707824632,753937707,383754.292863
2025-09-01,SZ300158,振东制药,9.21,121357965,1004703142,1005319756,925899.495276
2025-09-01,SZ300159,*ST新研,3.24,70389000,1471839203,1495645923,484589.279052
2025-09-01,SH601118,海南橡胶,5.29,63073601,4279427797,4279427797,2263817.304613
2025-09-01,SZ300155,安居宝,5.02,13974255,330726776,561227744,281736.327488
2025-09-01,SZ002534,西子洁能,13.61,26678489,723970582,735164030,1000558.24483
2025-09-01,SZ002537,海联金汇,10.68,88006610,1169199745,1174016745,1253849.88366
2025-09-01,SZ002536,飞龙股份,26.53,46536339,544417200,574785888,1524906.960864
2025-09-01,SZ002535,林州重机,4.03,18960310,746338485,801683074,323078.278822
2025-09-01,SZ300162,雷曼光电,7.76,12947612,342161780,419510030,325539.78328
2025-09-01,SZ300163,先锋新材,3.53,44445032,453789957,474000000,167322
2025-09-01,SZ300161,华中数控,29.48,7331954,194994903,198696906,585758.478888
2025-09-01,SZ300160,秀强股份,6.1,15281680,762359517,772946292,471497.23812
2025-09-01,SZ300164,通源石油,5.31,52665200,583210778,588458629,312471.531999
2025-09-01,SZ002541,鸿路钢构,17.19,6484038,496174288,690013309,1186132.878171
2025-09-01,SZ002540,亚太科技,6.49,18268437,869270192,1248413917,810220.632133
2025-09-01,SZ002539,云图控股,11.4,30737898,881202205,1207723762,1376805.08868
2025-09-01,SZ002538,司尔特,5.45,22551200,853550551,853555763,465187.890835
2025-09-01,SH601700,风范股份,4.81,15907400,1142246700,1142246700,549420.6627
2025-09-01,SZ300166,东方国信,11.81,48625520,905777562,1138745748,1344858.728388
2025-09-01,SZ300165,ST天瑞,4.81,7806400,420534679,495511725,238341.139725
2025-09-01,SZ300168,万达信息,8.06,26534500,1439182545,1440628576,1161146.632256
2025-09-01,SZ300169,天晟新材,7.86,14212800,301735782,325984340,256223.69124
2025-09-01,SZ300167,ST迪威迅,6.94,11763800,358893250,360550000,250221.7
2025-09-01,SH601137,博威合金,25.25,31581552,812446623,813406623,2053851.723075
2025-09-01,SZ002542,中化岩土,3.83,50899150,1758771284,1806116738,691742.710654
2025-09-01,SZ002544,普天科技,27.3,25995526,680469046,680533890,1857857.5197
2025-09-01,SH601519,大智慧,16.37,93977346,1989160000,1989160000,3256254.92
2025-09-01,SZ002543,万和电气,11.98,6756712,661611003,743600000,890832.8
2025-09-01,SZ300171,东富龙,14.56,9101802,562657355,765828040,1115045.62624
2025-09-01,SZ300170,汉得信息,19.51,64215265,973195967,1010430611,1971350.122061
2025-09-01,SH601799,星宇股份,120.84,3085172,285679419,285679419,3452150.099196
2025-09-01,SZ300172,中电环保,5.47,16709196,523512387,676710000,370160.37
2025-09-01,SH601616,广电电气,3.78,19988540,853675319,853675319,322689.270582
2025-09-01,SZ300173,ST福能,5.95,24384700,734725698,734725698,437161.79031
2025-09-01,SZ300174,元力股份,17.72,25257059,362942163,364210360,645380.75792
2025-09-01,SZ002546,新联电子,6.05,18344700,801232096,834049096,504599.70308
2025-09-01,SZ002545,东方铁塔,10.52,28157877,1130163708,1244062083,1308753.311316
2025-09-01,SZ300179,四方达,9.95,8373553,375599229,485908830,483479.28585
2025-09-01,SZ300176,鸿特科技,7.29,13290800,387280800,387280800,282327.7032
2025-09-01,SZ300175,ST朗源,5.91,11196502,470800000,470800000,278242.8
2025-09-01,SZ300177,中海达,11.21,31057686,606303251,744169066,834213.522986
2025-09-01,SZ002549,凯美特气,16.74,103352411,692359526,695347901,1164012.386274
2025-09-01,SZ002547,春兴精工,4.59,38743133,1104807166,1128057168,517778.240112
2025-09-01,SZ002550,千红制药,10.64,46787092,941240180,1279800000,1361707.2
2025-09-01,SZ002548,金新农,4.39,35982067,804471492,805093658,353436.115862
2025-09-01,SZ300184,力源信息,12.13,105719756,1049187220,1154011922,1399816.461386
2025-09-01,SZ300180,华峰超纤,8.74,95677570,1485369167,1761060155,1539166.57547
2025-09-01,SZ300183,东软载波,18.95,31982792,406537112,462609137,876644.314615
2025-09-01,SH601216,君正集团,5.54,210050785,8438017390,8438017390,4674661.63406
2025-09-01,SZ300182,捷成股份,6.09,109903061,2258902057,2663825632,1622269.809888
2025-09-01,SZ300181,佐力药业,18.9,18089369,602910919,701387335,1325622.06315
2025-09-01,SZ002553,南方精工,32.61,50415376,250800000,348000000,1134828
2025-09-01,SZ002552,宝鼎科技,16.57,14785002,320233796,387985331,642891.693467
2025-09-01,SZ002551,尚荣医疗,4.32,22704981,611186722,845494578,365253.657696
2025-09-01,SZ002554,惠博普,3.11,45691103,1333470525,1333720072,414786.942392
2025-09-01,SH601992,金隅集团,1.65,84040401,8334158264,10677771134,1761832.23711
2025-09-01,SH601116,三江购物,11.96,26100093,547678400,547678400,655023.3664
2025-09-01,SZ002557,洽洽食品,23.17,16532131,504773372,505855097,1172066.259749
2025-09-01,SZ002556,辉隆股份,5.68,12489808,945621156,946518080,537622.26944
2025-09-01,SZ002555,三七互娱,19.65,109893147,1598967293,2212237681,4347047.043165
2025-09-01,SZ002558,巨人网络,31.23,29567820,1934750611,1934750611,6042226.158153
2025-09-01,SZ002560,通达股份,8.13,15916486,452936002,525738570,427425.45741
2025-09-01,SZ002561,徐家汇,9.34,51553907,414439567,415763000,388322.642
2025-09-01,SZ002559,亚威股份,10.67,39412745,500407524,549765024,586599.280608
2025-09-01,SZ300185,通裕重工,2.9,142815826,3707243660,3897001582,1130130.45878
2025-09-01,SZ300187,永清环保,5.43,14912101,642131317,645622165,350572.835595
2025-09-01,SH601011,宝泰隆,2.87,49478500,1915664539,1915664539,549795.722693
2025-09-01,SZ002564,天沃科技,8.99,96545337,858904477,858904477,772155.124823
2025-09-01,SZ002562,兄弟科技,6.8,64176337,701528783,1063700541,723316.36788
2025-09-01,SZ002563,森马服饰,5.48,20026626,2208442340,2694090160,1476361.40768
2025-09-01,SZ300188,国投智能,16.96,28610393,855505090,859477310,1457673.51776
2025-09-01,SZ300190,维尔利,4.27,22682884,776173629,781597732,333742.231564
2025-09-01,SZ300189,神农种业,5,130461795,886240074,1024000000,512000
2025-09-01,SZ300191,潜能恒信,20.89,5779440,221195000,320000000,668480
2025-09-01,SH601199,江南水务,5.96,7405900,935210292,935210292,557385.334032
2025-09-01,SZ002566,益盛药业,8.08,4669958,231790468,330951600,267408.8928
2025-09-01,SZ002565,顺灏股份,7.51,49655938,1059943922,1059988922,796051.680422
2025-09-01,SZ300193,佳士科技,9.51,11986500,419655672,476249805,452913.564555
2025-09-01,SZ300194,福安药业,4.69,28552700,968344216,1189712382,557975.107158
2025-09-01,SZ300192,科德教育,21.16,47440632,324637704,329143329,696467.284164
2025-09-01,SZ002567,唐人神,4.86,25688413,1431451990,1433051393,696462.976998
2025-09-01,SZ002568,百润股份,27.74,12967839,722758275,1049368955,2910949.48117
2025-09-01,SZ300196,长海股份,16.5,21255061,246115028,408716549,674382.30585
2025-09-01,SZ300195,长荣股份,8.3,18171304,313912481,423707756,351677.43748
2025-09-01,SZ300197,节能铁汉,2.3,233336907,2965223080,2965298080,682018.5584
2025-09-01,SZ300198,ST纳川,2.41,18941420,1026216511,1031548540,248603.19814
2025-09-01,SZ300199,翰宇药业,27.67,97877556,745697845,883241336,2443928.776712
2025-09-01,SZ300201,海伦哲,5.5,24671230,1005443115,1009043607,554973.98385
2025-09-01,SZ300200,高盟新材,10.49,11340319,423263062,430973206,452090.893094
2025-09-01,SZ002075,沙钢股份,6.24,51778549,2193821920,2193825445,1368947.07768
2025-09-01,SZ002572,索菲亚,13.65,12075400,651463620,963047164,1314559.37886
2025-09-01,SZ002569,*ST步森,9.22,1244387,139956425,144010000,132777.22
2025-09-01,SZ002571,德力股份,7.42,14363020,298306188,391950700,290827.4194
2025-09-01,SZ002570,贝因美,7.1,87888556,1079995333,1080043333,766830.76643
2025-09-01,SZ300204,舒泰神,53.86,30091566,453664501,477772555,2573282.98123
2025-09-01,SZ300203,聚光科技,21.25,16525215,448368525,448737600,953567.4
2025-09-01,SZ300206,理邦仪器,13.15,16674710,338379565,579663346,762257.29999
2025-09-01,SZ300205,*ST天喻,5.08,8961491,430056000,430056000,218468.448
2025-09-01,SZ300207,欣旺达,24.81,135118100,1712327355,1845806346,4579445.544426
2025-09-01,SZ002573,清新环境,4.1,12532271,1412747479,1415267079,580259.50239
2025-09-01,SZ002574,明牌珠宝,5.85,18145878,528000000,528000000,308880
2025-09-01,SZ002575,群兴玩具,8.9,36192245,591119000,616500000,548685
2025-09-01,SZ300210,森远股份,10.97,10067880,483755948,484219953,531189.288441
2025-09-01,SZ300209,行云科技,5.26,17963734,490018540,928636126,488462.602276
2025-09-01,SZ002578,闽发铝业,3.41,25185600,861162561,938630183,320072.892403
2025-09-01,SZ002576,通达动力,18.86,7736900,162027571,165100000,311378.6
2025-09-01,SZ002577,雷柏科技,21.81,5245225,281741800,281756800,614511.5808
2025-09-01,SZ300212,易华录,23.44,23801233,698511724,719892422,1687427.837168
2025-09-01,SZ300213,佳讯飞鸿,11.88,79561500,552221868,594364660,706105.21608
2025-09-01,SZ300211,*ST亿通,10.61,12384700,297085626,303929723,322469.436103
2025-09-01,SZ002580,圣阳股份,14.71,39664794,452338800,453868993,667641.288703
2025-09-01,SH601218,吉鑫科技,4.34,33512417,969033512,969033512,420560.544208
2025-09-01,SZ002579,中京电子,13.28,37209247,583376744,612618620,813557.52736
2025-09-01,SH601113,华鼎股份,3.89,15972507,1104152226,1104152226,429515.215914
2025-09-01,SZ300215,电科院,6.29,8834642,499870396,749094187,471180.243623
2025-09-01,SZ300214,日科化学,8,16051700,402683086,464902614,371922.0912
2025-09-01,SZ300219,鸿利智汇,7.01,16101350,706648891,707943506,496268.397706
2025-09-01,SZ300218,安利股份,24.14,18978240,216276394,216987000,523806.618
2025-09-01,SZ300217,东方电热,5.33,43772661,1226930512,1477976940,787761.70902
2025-09-01,SH601233,桐昆股份,14.62,31541827,2395898093,2404779773,3515788.028126
2025-09-01,SH601208,东材科技,18.47,103575083,994528126,994528126,1836893.448722
2025-09-01,SZ002582,好想你,10.7,37541806,344242203,447707891,479047.44337
2025-09-01,SZ002581,ST未名,7.65,11747665,400791161,659735586,504697.72329
2025-09-01,SZ300222,科大智能,13.25,75871635,633803509,778281234,1031222.63505
2025-09-01,SZ300220,金运激光,17.95,13322900,151019348,151200000,271404
2025-09-01,SZ300221,银禧科技,9.93,47454212,458069442,479538185,476181.417705
2025-09-01,SH601599,浙文影业,3.75,24123200,1160542453,1160542453,435203.419875
2025-09-01,SZ002583,海能达,13.1,53240025,1282721049,1818619381,2382391.38911
2025-09-01,SH601566,九牧王,8.88,4248700,574637150,574637150,510277.7892
2025-09-01,SZ300225,*ST金泰,5.79,36680340,475057090,475429590,275273.73261
2025-09-01,SZ300223,北京君正,78.9,38702980,420570410,482540723,3807246.30447
2025-09-01,SZ300224,正海磁材,18.65,64740124,875999823,881625152,1644230.90848
2025-09-01,SZ002585,双星新材,5.58,22223400,892667888,1147428712,640265.221296
2025-09-01,SZ002584,西陇科学,8.75,13310300,468426527,585216422,512064.36925
2025-09-01,SZ002586,ST围海,3.56,7878322,896920799,1144223714,407343.642184
2025-09-01,SH601311,骆驼股份,10.05,41887791,1173146118,1173146118,1179011.84859
2025-09-01,SH601010,文峰股份,2.7,42490050,1848000000,1848000000,498960
2025-09-01,SZ300226,上海钢联,28.93,19568845,306355664,318721422,922061.073846
2025-09-01,SZ300227,光韵达,10.39,58677209,412592224,544111391,565331.735249
2025-09-01,SZ300228,富瑞特装,7.71,19491720,549991299,585861549,451699.254279
2025-09-01,SZ002590,万安科技,14.53,14014600,494956865,519052477,754183.249081
2025-09-01,SZ002587,奥拓电子,6.62,16952563,523392294,651544156,431322.231272
2025-09-01,SZ002589,瑞康医药,2.93,33921561,1365591548,1504710471,440880.168003
2025-09-01,SZ002588,史丹利,9.88,23820100,858597570,1151891980,1138069.27624
2025-09-01,SZ300231,银信科技,13.04,21150064,444254190,444277005,579337.21452
2025-09-01,SZ300230,永利股份,5.29,20746800,629822499,813213441,430189.910289
2025-09-01,SH601567,三星医疗,23.27,17940415,1405209400,1405251200,3270019.5424
2025-09-01,SZ300229,拓尔思,23.22,56649677,873030233,873620932,2028547.804104
2025-09-01,SZ002591,恒大高新,5.93,11821900,223512462,300199484,178018.294012
2025-09-01,SZ300233,金城医药,19.74,27972398,371704313,383874587,757768.434738
2025-09-01,SZ300232,洲明科技,8.11,36680567,887026803,1091107141,884887.891351
2025-09-01,SH601798,蓝科高新,9.87,14114101,354528198,354528198,349919.331426
2025-09-01,SZ300234,开尔新材,5.99,15420850,343987044,503171090,301399.48291
2025-09-01,SZ002593,日上集团,5.6,60246708,558849118,803858029,450160.49624
2025-09-01,SZ002595,豪迈科技,59.59,5042394,794564361,800000000,4767200
2025-09-01,SZ300235,方直科技,12.1,10475130,203134291,251746635,304613.42835
2025-09-01,SZ300237,ST美晨,3.34,294337226,1441901430,1441914930,481599.58662
2025-09-01,SZ300236,上海新阳,56.16,19072033,278726967,313381402,1759949.953632
2025-09-01,SZ002594,比亚迪,109.7,132986738,3487241823,9117197565,100015657.28805
2025-09-01,SH601058,赛轮轮胎,14.43,35721959,3288100259,3288100259,4744728.673737
2025-09-01,SZ300239,东宝生物,5.75,8189233,589761783,593607933,341324.561475
2025-09-01,SZ300240,飞力达,8.45,16883950,363378879,371562950,313970.69275
2025-09-01,SZ300238,冠昊生物,16.8,5758500,265134082,265155701,445461.57768
2025-09-01,SZ002596,海南瑞泽,3.6,30986621,1146525268,1147580518,413128.98648
2025-09-01,SZ002598,山东章鼓,12.17,13323388,282084472,312038571,379750.940907
2025-09-01,SZ002597,金禾实业,23.23,13739854,566818818,568319878,1320207.076594
2025-09-01,SZ000620,盈新发展,1.62,93803215,4671748815,5871815040,951234.03648
2025-09-01,SZ300241,瑞丰光电,6.11,36583390,576613329,690497309,421893.855799
2025-09-01,SZ300242,佳云科技,4.59,27940327,634554878,634555224,291260.847816
2025-09-01,SZ300243,瑞丰高材,11.23,7109440,194513284,250426501,281228.960623
2025-09-01,SZ002601,龙佰集团,18.82,25909926,1987815761,2386293256,4491003.907792
2025-09-01,SZ002600,领益智造,15.67,479325842,6899688104,7008181986,10981821.172062
2025-09-01,SZ002599,盛通股份,8.93,17826100,398006736,532679787,475683.049791
2025-09-01,SZ300246,宝莱特,9.05,6593660,211258642,264575527,239440.851935
2025-09-01,SZ300245,天玑科技,17.59,22302302,312786077,313457493,551371.730187
2025-09-01,SZ300244,迪安诊断,18.07,49277548,501459061,624979436,1129337.840852
2025-09-01,SZ002603,以岭药业,16.73,33175371,1376846739,1670705376,2795090.094048
2025-09-01,SZ002602,世纪华通,15.59,148038633,6854234423,7428083118,11580381.580962
2025-09-01,SZ300247,融捷健康,4.5,21514100,803275313,804040313,361818.14085
2025-09-01,SZ300248,新开普,14.61,12235067,409113109,476348393,695945.002173
2025-09-01,SZ300251,光线传媒,19.87,58905972,2781303282,2933608432,5829079.954384
2025-09-01,SZ300250,初灵信息,17.93,13559292,157674797,214067479,383822.989847
2025-09-01,SZ300249,依米康,19.46,98369608,373425027,440487994,857189.636324
2025-09-01,SZ002606,大连电瓷,9.22,11046002,421142055,439073220,404825.50884
2025-09-01,SZ002605,姚记科技,28.46,11150696,337215329,417624507,1188559.346922
2025-09-01,SH601222,林洋能源,6.15,39277347,2060169156,2060169156,1267004.03094
2025-09-01,SZ002608,江苏国信,7.69,33960024,3778079704,3778079704,2905343.292376
2025-09-01,SH601901,方正证券,8.55,143519130,8232101395,8232101395,7038446.692725
2025-09-01,SZ002607,中公教育,3.02,173994205,5083997378,6167399389,1862554.615478
2025-09-01,SH601636,旗滨集团,6.45,50364110,2683574877,2683574877,1730905.795665
2025-09-01,SZ002609,捷顺科技,10.8,18484400,459400191,643438841,694913.94828
2025-09-01,SH601789,宁波建工,5.54,58294786,1086798590,1086798590,602086.41886
2025-09-01,SZ300253,卫宁健康,10,79465241,1913828070,2213783581,2213783.581
2025-09-01,SH601886,江河集团,7.71,8411164,1133002060,1133002060,873544.58826
2025-09-01,SZ300252,金信诺,14.09,54646120,558791959,662153834,932974.752106
2025-09-01,SH600727,鲁北化工,7.87,13511666,528523135,528583135,415994.927245
2025-09-01,SZ300257,开山股份,13.79,15055081,954690200,993635018,1370222.689822
2025-09-01,SZ300256,星星科技,4.99,193136531,1643393386,2268393386,1131928.299614
2025-09-01,SZ300254,仟源医药,11.46,10999780,227161595,248318563,284573.073198
2025-09-01,SZ300255,常山药业,50.85,24969772,917695878,919060878,4673424.56463
2025-09-01,SZ300258,精锻科技,14.28,32380709,569893138,585047243,835447.463004
2025-09-01,SZ000981,山子高科,2.41,1395601673,9513356093,9997470888,2409390.484008
2025-09-01,SH600057,厦门象屿,7.29,32498286,2192510201,2806369661,2045843.482869
2025-09-01,SZ002612,朗姿股份,18.65,17583017,254739227,442445375,825160.624375
2025-09-01,SZ002613,北玻股份,4.23,31733815,772256538,1100568692,465540.556716
2025-09-01,SZ002611,东方精工,18.65,84287445,1002197707,1217286340,2270239.0241
2025-09-01,SZ300259,新天科技,3.91,21643009,1169533231,1169801516,457392.392756
2025-09-01,SZ300261,雅本化学,7.73,18570481,936173264,963309471,744638.221083
2025-09-01,SZ300260,新莱应材,39.26,21149415,287636945,407806752,1601049.308352
2025-09-01,SH601908,京运通,3.85,59480404,2414602861,2414602861,929622.101485
2025-09-01,SH600681,百川能源,3.87,33659350,1339808772,1340854810,518910.81147
2025-09-01,SZ002615,哈尔斯,8.19,11283100,305860707,466267732,381873.272508
2025-09-01,SZ002614,奥佳华,7.13,18552311,441014120,623476963,444539.074619
2025-09-01,SZ300265,通光线缆,10.07,11161700,458000824,458300449,461508.552143
2025-09-01,SZ300263,隆华科技,9.13,59242246,844984323,904461479,825773.330327
2025-09-01,SZ300264,佳创视讯,6.39,18190900,370428953,430857518,275317.954002
2025-09-01,SH601677,明泰铝业,13.36,26194540,1218006627,1243523627,1661347.565672
2025-09-01,SZ002616,长青集团,6.52,18528038,470288011,742024111,483799.720372
2025-09-01,SZ002617,露笑科技,7.85,83565473,1891453762,1923005903,1509559.633855
2025-09-01,SZ300267,尔康制药,3.91,52810152,1422391891,2062604870,806478.50417
2025-09-01,SZ300266,兴源环境,2.86,75233300,1552818514,1553807314,444388.891804
2025-09-01,SZ300268,*ST佳沃,10.78,2286150,133707500,174200000,187787.6
2025-09-01,SH601633,长城汽车,26.08,27682182,6209241963,8558946263,22321731.853904
2025-09-01,SH600633,浙数文化,15.2,42222960,1268074472,1268074472,1927473.19744
2025-09-01,SZ002620,ST瑞和,5.85,3285500,315360303,377494000,220833.99
2025-09-01,SH601996,丰林集团,2.32,49261737,1120914416,1120914416,260052.144512
2025-09-01,SH600094,大名城,3.37,26237640,2166131950,2364852045,796955.139165
2025-09-01,SZ300270,中威电子,8.31,13162800,260930248,302806028,251631.809268
2025-09-01,SZ300269,联建光电,5.4,35243400,525679603,549113825,296521.4655
2025-09-01,SZ002623,亚玛顿,21.37,5588366,198636125,199062500,425396.5625
2025-09-01,SH601669,中国电建,5.85,407845529,13071525850,17226159334,10077303.21039
2025-09-01,SZ002622,皓宸医疗,3.82,49311020,839975250,840000000,320880
2025-09-01,SH600313,农发种业,6.5,18009420,1082198663,1082198663,703429.13095
2025-09-01,SZ300271,华宇软件,8.56,24942139,797242504,811860673,694952.736088
2025-09-01,SH601100,恒立液压,91.3,9176249,1340820992,1340820992,12241695.65696
2025-09-01,SZ002624,完美世界,16.28,62411295,1827733041,1939968404,3158268.561712
2025-09-01,SZ002626,金达威,20.85,17321997,609842271,609934771,1271713.997535
2025-09-01,SZ300275,梅安森,14.18,14416000,252820985,307667668,436272.753224
2025-09-01,SZ300274,阳光电源,99.2,59116135,1589709449,2073211424,20566257.32608
2025-09-01,SZ300272,开能健康,6.69,12770988,464685761,610783218,408613.972842
2025-09-01,SZ002628,成都路桥,4.94,20808600,753784802,757100415,374007.60501
2025-09-01,SZ002627,三峡旅游,6.42,95731483,717107567,724601378,465194.084676
2025-09-01,SZ002629,仁智股份,7.54,32494911,355950433,426098000,321277.892
2025-09-01,SZ002625,光启技术,53,54433866,2154580737,2154587862,11419315.6686
2025-09-01,SZ002631,德尔未来,4.76,16191946,793572352,797282881,379506.651356
2025-09-01,SZ002630,ST华西,2.76,45684174,1030272887,1180800000,325900.8
2025-09-01,SZ002592,ST八菱,6.91,3760400,262716370,283331157,195781.829487
2025-09-01,SZ300276,三丰智能,11.13,51421743,1057124061,1401042990,1559360.84787
2025-09-01,SZ002632,道明光学,10.15,18905800,581886011,624599090,633968.07635
2025-09-01,SZ002633,申科股份,16.09,0,149418750,150000000,241350
2025-09-01,SZ300277,海联讯,13.21,10887476,341314746,341700000,451385.7
2025-09-01,SZ002636,金安国纪,13.9,44491528,724315417,728000000,1011920
2025-09-01,SZ002637,赞宇科技,12.02,15442578,442723150,470401000,565422.002
2025-09-01,SZ002638,勤上股份,2.49,72763950,1347057259,1436594349,357711.992901
2025-09-01,SZ002635,安洁科技,14.95,13503601,395351687,659686776,986231.73012
2025-09-01,SH601928,凤凰传媒,11.29,29899401,2544900000,2544900000,2873192.1
2025-09-01,SZ000719,中原传媒,12.52,25004608,667147543,1023203749,1281051.093748
2025-09-01,SZ002639,雪人集团,11.15,37617332,650619306,772602178,861451.42847
2025-09-01,SZ002634,棒杰股份,4.68,18709200,446514538,459352513,214976.976084
2025-09-01,SZ002640,跨境通,5.7,141757542,1548262005,1558041330,888083.5581
2025-09-01,SZ002641,公元股份,4.15,10501406,1133994653,1229093871,510073.956465
2025-09-01,SH601555,东吴证券,9.9,156914417,4968702837,4968702837,4919015.80863
2025-09-01,SZ300278,华昌达,6.14,43082570,1417065180,1421506508,872804.995912
2025-09-01,SH601336,新华保险,65.75,32924252,2085439340,3119546600,20511018.895
2025-09-01,SZ002642,荣联科技,9.53,51106571,661580313,661580313,630486.038289
2025-09-01,SZ002645,华宏科技,16.75,44911959,537517011,606189820,1015367.9485
2025-09-01,SZ002643,万润股份,13.42,18816195,909295570,922959225,1238611.27995
2025-09-01,SZ002644,佛慈制药,9.22,6388854,510657000,510657000,470825.754
2025-09-01,SZ002646,天佑德酒,10.17,6866498,475929624,482002974,490197.024558
2025-09-01,SZ002648,卫星化学,20,40110624,3366482485,3368645690,6737291.38
2025-09-01,SZ002647,*ST仁东,5.92,16155890,677735988,1130291657,669132.660944
2025-09-01,SZ300281,金明精机,8.04,10909706,397325912,418923580,336814.55832
2025-09-01,SZ300280,紫天退,2.74,0,160474169,162065744,44406.013856
2025-09-01,SZ300279,和晶科技,8.1,20277360,462669455,489099490,396170.5869
2025-09-01,SZ002650,ST加加,6.52,11332500,1151962700,1152000200,751104.1304
2025-09-01,SZ002649,博彦科技,15.51,46894594,548543370,585344532,907869.369132
2025-09-01,SZ002651,利君股份,14.53,49507862,565463641,1033460000,1501617.38
2025-09-01,SZ300283,温州宏丰,7.65,47646710,357417797,487177517,372690.800505
2025-09-01,SZ300284,苏交科,9.33,17869908,1197352359,1262827774,1178218.313142
2025-09-01,SZ300286,安科瑞,24.1,4604282,175760899,250784655,604391.01855
2025-09-01,SZ300285,国瓷材料,22.85,41522274,841344847,997048299,2278255.363215
2025-09-01,SZ002653,海思科,56.64,8312812,481497408,1119917970,6343215.38208
2025-09-01,SZ002652,扬子新材,3.69,21828140,512064000,512064000,188951.616
2025-09-01,SZ300287,飞利信,6.59,208914441,1318221968,1435273808,945845.439472
2025-09-01,SZ300291,百纳千成,6.38,41471994,928978644,941889651,600925.597338
2025-09-01,SH601515,衢州东峰,4.72,36905530,1874431281,1874431281,884731.564632
2025-09-01,SZ300288,朗玛信息,15.56,7720018,256569391,337941402,525836.821512
2025-09-01,SZ300289,利德曼,8.46,38072401,543156487,544011487,460233.718002
2025-09-01,SZ300290,荣科科技,24.57,42424553,639542444,639732569,1571822.922033
2025-09-01,SZ002655,共达电声,14.47,21844500,359901075,360000000,520920
2025-09-01,SZ002654,万润科技,13.99,109192525,845242544,845302544,1182578.259056
2025-09-01,SH601231,环旭电子,19.4,23588031,2196273929,2196273929,4260771.42226
2025-09-01,SH601929,吉视传媒,5.01,519916822,3489788168,3489788168,1748383.872168
2025-09-01,SZ002656,*ST摩登,2.39,9834800,676589803,712519844,170292.242716
2025-09-01,SZ002657,中科金财,45.65,41448933,336356264,340051995,1552337.357175
2025-09-01,SZ300292,吴通控股,5.25,48589204,1115944813,1341764974,704426.61135
2025-09-01,SZ300293,蓝英装备,24.8,19222857,280335917,338438106,839326.50288
2025-09-01,SZ300294,博雅生物,26.39,6787310,504248738,504248738,1330712.419582
2025-09-01,SZ002662,峰璟股份,3.68,23469318,1499981100,1500000000,552000
2025-09-01,SH601800,中国交建,9.03,69982313,11778437225,16278611425,14699586.116775
2025-09-01,SZ002658,雪迪龙,8.16,15681254,358657749,635760924,518780.913984
2025-09-01,SZ002659,凯文教育,5.24,34838500,598277572,598280384,313498.921216
2025-09-01,SZ300296,利亚德,7.41,248254505,2274185250,2711977222,2009575.121502
2025-09-01,SZ300295,三六五网,14.06,4691400,167525888,189613714,266596.881884
2025-09-01,SZ002660,茂硕电源,10.21,21770343,342986710,356626019,364115.165399
2025-09-01,SZ002664,信质集团,27.26,12641678,402576088,408200000,1112753.2
2025-09-01,SZ002663,普邦股份,1.94,70696874,1292892119,1723348902,334329.686988
2025-09-01,SZ002661,克明食品,9.87,12977936,314571817,333137742,328806.951354
2025-09-01,SZ300299,富春股份,7,34591720,689223085,690300085,483210.0595
2025-09-01,SZ300298,三诺生物,20.96,13210049,451299480,560266088,1174317.720448
2025-09-01,SZ300303,聚飞光电,6.99,160043061,1327953436,1415605527,989508.263373
2025-09-01,SZ300300,海峡创新,5.8,36127332,666804612,666847062,386771.29596
2025-09-01,SZ300304,云意电气,14.52,66937193,855535484,878143718,1275064.678536
2025-09-01,SZ300302,同有科技,16.71,19852100,368813895,479263798,800849.806458
2025-09-01,SZ300301,ST长方,2.25,10972100,789876719,829868769,186720.473025
2025-09-01,SZ002666,德联集团,5.3,42647590,500668201,787999301,417639.62953
2025-09-01,SH601238,广汽集团,7.73,42533490,7383697595,10197065900,7882331.9407
2025-09-01,SZ300307,慈星股份,7.71,18871997,782211234,794248776,612365.806296
2025-09-01,SZ300305,裕兴股份,6.36,8838000,321474192,375400292,238754.585712
2025-09-01,SZ300306,远方信息,13.26,5513000,157602490,268958778,356639.339628
2025-09-01,SZ002667,威领股份,13.9,22911243,236234750,242371000,336895.69
2025-09-01,SZ300308,中际旭创,406.1,59865089,1105500482,1111118334,45122515.54374
2025-09-01,SH601012,隆基绿能,17.08,141622645,7578052185,7578059731,12943326.020548
2025-09-01,SZ002669,康达新材,15.46,30570437,301898350,303400000,469056.4
2025-09-01,SZ002668,TCL智家,10.43,27994947,1084111428,1084111428,1130728.219404
2025-09-01,SZ002670,国盛证券,19.42,53158948,1623350634,1935084653,3757934.396126
2025-09-01,SH601388,怡球资源,2.66,57422740,2201222616,2201222616,585525.215856
2025-09-01,SZ300311,ST任子行,5.2,15173820,537409093,673630150,350287.678
2025-09-01,SZ300310,宜通世纪,6.82,30277261,691890446,881658531,601291.118142
2025-09-01,SZ300313,*ST天山,8.82,3755000,197352789,312977396,276046.063272
2025-09-01,SH603001,奥康国际,8.94,7610400,400980000,400980000,358476.12
2025-09-01,SZ002671,龙泉股份,4.96,24808665,550263523,563694346,279592.395616
2025-09-01,SZ002672,东江环保,4.89,14128180,905118302,1105255802,540470.087178
2025-09-01,SH603000,人民网,21.7,17939493,1105691056,1105691056,2399349.59152
2025-09-01,SH603123,翠微股份,14.75,55251899,652275949,798736665,1178136.580875
2025-09-01,SZ002673,西部证券,8.87,60014274,4109178858,4469581705,3964518.972335
2025-09-01,SH603333,尚纬股份,8.79,46033905,621527586,621527586,546322.748094
2025-09-01,SZ002674,兴业科技,12.99,10031010,292563652,295550944,383920.676256
2025-09-01,SZ300314,戴维医疗,15.22,11584601,143741448,288000000,438336
2025-09-01,SZ300316,晶盛机电,30.46,18690950,1231555433,1309533797,3988839.945662
2025-09-01,SZ300317,珈伟新能,4.14,22446649,828913405,830188405,343697.99967
2025-09-01,SZ300315,掌趣科技,5.85,120754206,2583027657,2707611003,1583952.436755
2025-09-01,SH603002,宏昌电子,8.25,40859330,1134078509,1134078509,935614.769925
2025-09-01,SH603366,日出东方,11.3,35112408,813048101,813048101,918744.35413
2025-09-01,SZ300321,同大股份,36.56,5669227,88695900,88800000,324652.8
2025-09-01,SZ300319,麦捷科技,12.97,40420093,828991794,879095862,1140187.333014
2025-09-01,SZ300318,博晖创新,5.98,7176302,798539484,816900495,488506.49601
2025-09-01,SZ002677,浙江美大,6.9,4035540,534870719,646051647,445775.63643
2025-09-01,SZ002676,顺威股份,10.84,55862110,719976459,720000000,780480
2025-09-01,SZ002675,东诚药业,16.66,11840440,743383994,824595705,1373776.44453
2025-09-01,SH603128,华贸物流,6.17,23558350,1309046494,1309046494,807681.686798
2025-09-01,SZ002678,珠江钢琴,4.63,20447180,1357574448,1358320323,628902.309549
2025-09-01,SZ300323,华灿光电,9.13,52722714,879259866,1622998797,1481797.901661
2025-09-01,SZ300320,海达股份,10.95,12904300,485787750,601234191,658351.439145
2025-09-01,SZ002681,奋达科技,8.09,194892834,1532680780,1794652232,1451873.655688
2025-09-01,SZ002679,福建金森,9.8,8942425,235756000,235756000,231040.88
2025-09-01,SZ300322,硕贝德,26.8,46979005,441204055,460811445,1234974.6726
2025-09-01,SZ300324,旋极信息,7.72,440313601,1709990848,1727590595,1333699.93934
2025-09-01,SH601965,中国汽研,18.1,6012065,993996567,1003054887,1815529.34547
2025-09-01,SZ002683,广东宏大,34.06,18580406,660385192,760002247,2588567.653282
2025-09-01,SZ002682,龙洲股份,4.66,25704890,562360194,562368594,262063.764804
2025-09-01,SH601339,百隆东方,5.29,24988981,1499569000,1499569000,793272.001
2025-09-01,SZ002685,华东重机,9.18,109526557,1007556316,1007690641,925060.008438
2025-09-01,SZ300326,ST凯利,5.74,11169994,712047440,717012682,411565.279468
2025-09-01,SZ300327,中颖电子,27.2,12569476,340315158,341370172,928526.86784
2025-09-01,SZ000722,湖南发展,12.76,12467617,464158282,464158282,592265.967832
2025-09-01,SZ300328,宜安科技,18.85,109461752,686366725,690423600,1301448.486
2025-09-01,SZ300329,海伦钢琴,13.43,16293400,252128487,252888780,339629.63154
2025-09-01,SZ300332,天壕能源,5.29,15888036,829635134,865116484,457646.620036
2025-09-01,SZ300331,苏大维格,27.84,42428415,210215970,259662286,722899.804224
2025-09-01,SZ300333,兆日科技,15.09,23533205,334780067,336000000,507024
2025-09-01,SH600455,博通股份,26.8,2059395,62458000,62458000,167387.44
2025-09-01,SZ002686,亿利达,6.76,10947100,522732608,566239133,382777.653908
2025-09-01,SZ300334,津膜科技,7.27,7441763,302029761,302065356,219601.513812
2025-09-01,SH601608,中信重工,5.36,53683116,4550567930,4579553437,2454640.642232
2025-09-01,SZ300335,迪森股份,5.95,13759200,384161164,477012388,283822.37086
2025-09-01,SZ002687,乔治白,4.57,9657786,413449634,504779491,230684.227387
2025-09-01,SZ002688,金河生物,7.53,87569855,749889867,771634398,581040.701694
2025-09-01,SZ002689,ST远智,4.22,38170269,1042911524,1043310725,440277.12595
2025-09-01,SH603008,喜临门,18.94,14600001,371441480,371441480,703510.16312
2025-09-01,SZ300337,银邦股份,11.43,21425539,711383934,821920000,939454.56
2025-09-01,SZ300339,润和软件,66.4,92284932,777686667,796410841,5288167.98424
2025-09-01,SZ300340,科恒股份,15.25,18883530,273464562,275893365,420737.381625
2025-09-01,SZ300342,天银机电,19.47,45529983,418798863,425035113,827543.365011
2025-09-01,SZ300338,ST开元,4.14,5048700,349361242,402624692,166686.622488
2025-09-01,SZ300341,麦克奥迪,17.66,8125900,515368536,517410336,913746.653376
2025-09-01,SZ002691,冀凯股份,8.79,21887900,335980305,340000000,298860
2025-09-01,SH603077,和邦生物,1.93,125844565,8831364728,8831364728,1704453.392504
2025-09-01,SZ002690,美亚光电,20.26,18489181,433626565,882235050,1787408.2113
2025-09-01,SZ300343,ST联创,5.44,15312897,1066219389,1068969119,581519.200736
2025-09-01,SZ300345,华民股份,8.03,31897460,444854692,579439942,465290.273426
2025-09-01,SZ300344,*ST立方,5.51,17495572,639994166,641706416,353580.235216
2025-09-01,SZ000863,三湘印象,3.45,24981151,1163615418,1180699560,407341.3482
2025-09-01,SZ300346,南大光电,36.75,45998213,656551079,691156903,2540001.618525
2025-09-01,SH601038,一拖股份,13.18,7584192,731705275,1123645275,1480964.47245
2025-09-01,SZ002693,*ST双成,8,10044914,410981596,414689750,331751.8
2025-09-01,SZ002692,远程股份,5.99,85086032,717708975,718146000,430169.454
2025-09-01,SH603766,隆鑫通用,12.58,32634686,2053541850,2053541850,2583355.6473
2025-09-01,SZ002694,顾地科技,4.27,12016040,718780700,763084800,325837.2096
2025-09-01,SZ300349,金卡智能,12.81,7892941,370351092,418337213,535889.969853
2025-09-01,SZ300347,泰格医药,65.09,17903676,566214206,861026050,5604418.55945
2025-09-01,SZ300348,长亮科技,17.29,59519015,708206141,810751526,1401789.388454
2025-09-01,SZ300350,华鹏飞,6.36,16992000,471565417,562012279,357439.809444
2025-09-01,SH603399,永杉锂业,10.15,14574358,512290649,512290649,519975.008735
2025-09-01,SZ002695,煌上煌,12.48,8829541,511336184,559466901,698214.692448
2025-09-01,SZ002696,百洋股份,6.38,8966100,334486948,346362262,220979.123156
2025-09-01,SZ002697,红旗连锁,6.02,91924496,1144902500,1360000000,818720
2025-09-01,SH603167,渤海轮渡,10.37,3740000,469144503,469144503,486502.849611
2025-09-01,SZ002698,博实股份,16.57,19871906,841438051,1022560873,1694383.366561
2025-09-01,SZ300352,北信源,6.74,105277242,1276610882,1449824087,977181.434638
2025-09-01,SZ300351,永贵电器,17.92,10110371,261882492,387874197,695070.561024
2025-09-01,SZ300354,东华测试,43.48,5791512,81308594,138320201,601416.233948
2025-09-01,SZ002700,万憬能源,7.31,5840710,263464874,413628185,302362.203235
2025-09-01,SZ300355,蒙草生态,4.65,63186418,1298468958,1604242081,745972.567665
2025-09-01,SZ300353,东土科技,25.75,111604413,537259022,614892881,1583349.168575
2025-09-01,SH603993,洛阳钼业,13.53,369215674,17460842176,21394310176,28946501.668128
2025-09-01,SZ002701,奥瑞金,5.58,28470725,2557405761,2559760469,1428346.341702
2025-09-01,SZ002702,海欣食品,4.43,27771468,458743750,555760000,246201.68
2025-09-01,SZ000156,华数传媒,8.3,27299259,1699875877,1852932442,1537933.92686
2025-09-01,SZ002703,浙江世宝,12.3,15076892,586048074,822632384,1011837.83232
2025-09-01,SZ000498,山东路桥,6.31,60017299,1449344864,1552439109,979589.077779
2025-09-01,SH600817,宇通重工,12.24,9601800,527249346,533304346,652764.519504
2025-09-01,SZ000831,中国稀土,59.12,174156948,1061220807,1061220807,6273937.410984
2025-09-01,SZ000403,派林生物,17.74,7786248,940710132,950397386,1686004.962764
2025-09-01,SZ000681,视觉中国,22.81,115875565,676102568,700577436,1598017.131516
2025-09-01,SZ000757,浩物股份,4.84,19967079,532706020,532716095,257834.58998
2025-09-01,SH600556,天下秀,5.33,35719667,1807747642,1807747642,963529.493186
2025-09-01,SZ000657,中钨高新,21.83,137521789,1254488183,2278954380,4974957.41154
2025-09-01,SZ000672,上峰水泥,8.78,14511377,969395450,969395450,851129.2051
2025-09-01,SZ000688,国城矿业,14.79,17152698,1125392701,1125397021,1664462.194059
2025-09-01,SZ000820,*ST节能,2.66,9923150,296966877,646555179,171983.677614
2025-09-01,SH600698,湖南天雁,12.65,41978770,830345271,1068637732,1351826.73098
2025-09-01,SZ000545,金浦钛业,3.27,76750392,985403096,986833096,322694.422392
2025-09-01,SZ000333,美的集团,74.03,77625858,6919903689,7672506592,56799566.300576
2025-09-01,SH600023,浙能电力,5.09,110793508,13408732749,13408732749,6825044.969241
2025-09-01,SH603699,纽威股份,33.79,9663300,754689893,768573661,2597010.400519
2025-09-01,SZ002708,光洋股份,12.25,16118800,513995122,562097967,688570.009575
2025-09-01,SZ300357,我武生物,33.4,27456766,484064205,523584000,1748770.56
2025-09-01,SZ300360,炬华科技,15.87,13607411,500276637,514187126,816014.968962
2025-09-01,SZ300359,全通教育,6.11,15510050,633301697,633333422,386966.720842
2025-09-01,SZ002706,良信股份,11.43,52524939,914989590,1123125020,1283731.89786
2025-09-01,SZ300358,楚天科技,8.56,13131307,576266453,590304736,505300.854016
2025-09-01,SZ002705,新宝股份,15.82,16045631,808103400,811875780,1284387.48396
2025-09-01,SH603308,应流股份,28.19,10222412,679036441,679036441,1914203.727179
2025-09-01,SZ002712,思美传媒,5.79,13988381,540900273,544276198,315135.918642
2025-09-01,SZ300368,汇金股份,16.15,107905569,528943475,528943475,854243.712125
2025-09-01,SZ300373,扬杰科技,69.1,23197301,542147860,543347787,3754533.20817
2025-09-01,SZ002707,众信旅游,8.38,59208461,825207225,982715033,823515.197654
2025-09-01,SZ300365,恒华科技,6.73,21584278,511724617,599855469,403702.730637
2025-09-01,SZ002709,天赐材料,21.89,78119666,1384904550,1914344146,4190499.335594
2025-09-01,SZ300371,汇中股份,14.04,8436704,134410381,201217296,282509.083584
2025-09-01,SZ300370,安控科技,3.22,100954364,1324847224,1565376225,504051.14445
2025-09-01,SZ300378,鼎捷数智,54,21130305,269380580,271392830,1465521.282
2025-09-01,SZ300375,鹏翎股份,5.31,28863615,505177225,755378818,401106.152358
2025-09-01,SZ300366,ST创意,9.18,67476388,530502490,607576150,557754.9057
2025-09-01,SZ002721,金一文化,4.02,146594736,2659378615,2659378615,1069070.20323
2025-09-01,SZ300376,易事特,5.05,33514000,2327434901,2328240476,1175761.44038
2025-09-01,SZ300377,赢时胜,25.63,50391993,661687219,751003080,1924820.89404
2025-09-01,SH601225,陕西煤业,20.33,49333209,9695000000,9695000000,19709935
2025-09-01,SZ002722,物产金轮,18.23,6864424,175518532,206604363,376639.753749
2025-09-01,SZ002716,湖南白银,6.06,199475905,2210479088,2823088646,1710791.719476
2025-09-01,SZ002718,友邦吊顶,18.42,2321700,56505890,131447829,242126.901018
2025-09-01,SZ300379,东通退,6.68,35876538,526637564,557922828,372692.449104
2025-09-01,SZ300380,安硕信息,55.54,12688900,127365543,138439050,768890.4837
2025-09-01,SZ300381,溢多利,7.4,6763751,489340774,491061461,363385.48114
2025-09-01,SZ002714,牧原股份,54.8,40504726,3810592508,5462768373,29935970.68404
2025-09-01,SZ002719,麦趣尔,9.59,9624000,161861095,174139457,166999.739263
2025-09-01,SZ300382,斯莱克,14.53,15378983,648338222,648399994,942125.191282
2025-09-01,SZ002725,跃岭股份,15.31,24786082,212013809,256000000,391936
2025-09-01,SZ300363,博腾股份,25.47,40034843,500443767,545464520,1389298.13244
2025-09-01,SZ002723,小崧股份,9.29,21879566,317113683,332349876,308753.034804
2025-09-01,SZ300383,光环新网,16.51,164315549,1793554131,1797592847,2967825.790397
2025-09-01,SZ300369,绿盟科技,8.54,33016068,798227568,799308527,682609.482058
2025-09-01,SH603005,晶方科技,32.93,50333030,652171706,652171706,2147601.427858
2025-09-01,SH603288,海天味业,41.22,26320376,5560600544,5851824944,24121222.419168
2025-09-01,SZ002713,*ST东易,4.63,5837660,411500831,419536980,194245.62174
2025-09-01,SZ002715,登云股份,22.18,9524864,138000000,138000000,306084
2025-09-01,SZ002717,ST岭南,1.68,49319953,1615200070,1820233558,305799.237744
2025-09-01,SZ300386,飞天诚信,20.39,14229169,250757653,418044000,852391.716
2025-09-01,SZ002726,龙大美食,5.45,17398243,1077113189,1079160689,588142.575505
2025-09-01,SZ300385,雪浪环境,5.25,9209872,290662633,333145932,174901.6143
2025-09-01,SH603006,联明股份,13.37,4320700,254254250,254254250,339937.93225
2025-09-01,SH603328,依顿电子,11.45,31910835,998442611,998442611,1143216.789595
2025-09-01,SH603168,莎普爱思,8.4,25483551,322592499,375925005,315777.0042
2025-09-01,SZ002727,一心堂,14.94,14305306,397312433,585604125,874892.56275
2025-09-01,SZ300387,富邦科技,9.72,9677800,288956645,289057018,280963.421496
2025-09-01,SH603369,今世缘,42.9,9760533,1246800037,1246800037,5348772.15873
2025-09-01,SH603009,北特科技,47.03,10518610,338408970,338526168,1592088.568104
2025-09-01,SZ002728,特一药业,9.16,12669764,376473716,512661866,469598.269256
2025-09-01,SH603126,中材节能,6.89,11013457,610500000,610500000,420634.5
2025-09-01,SZ300390,天华新能,20.32,15891543,672536570,830750788,1688085.601216
2025-09-01,SZ300384,三联虹普,17.93,5811267,220232669,319007265,571980.026145
2025-09-01,SZ300388,节能国祯,7.77,9443177,679804254,681042231,529169.813487
2025-09-01,SZ300389,艾比森,18.05,47300990,233181321,369100317,666226.072185
2025-09-01,SZ300391,*ST长药,4.19,8597800,350336112,350336112,146790.830928
2025-09-01,SH603111,康尼机电,7.58,32350894,845704717,868068223,657995.713034
2025-09-01,SH603100,川仪股份,20.74,8578449,510000559,513201484,1064379.877816
2025-09-01,SZ000751,锌业股份,3.69,100653495,1409868779,1615630595,596167.689555
2025-09-01,SH603609,禾丰股份,8.6,6276886,912480728,912480728,784733.42608
2025-09-01,SH603099,长白山,47.79,17431093,266670000,266670000,1274415.93
2025-09-01,SH601579,会稽山,25.5,42741977,479463409,479463409,1222631.69295
2025-09-01,SH603806,福斯特,14.78,34002891,2608736752,2608736752,3855712.919456
2025-09-01,SH603188,亚邦股份,4.25,10336800,570170000,570170000,242322.25
2025-09-01,SZ300396,迪瑞医疗,14.12,3614262,272290169,272700161,385052.627332
2025-09-01,SZ300395,菲利华,92.55,40388119,513043779,522267673,4833587.313615
2025-09-01,SZ300397,天和防务,14.46,18891242,405505408,517636745,748502.73327
2025-09-01,SZ002729,好利科技,15.3,6492779,175463711,182969920,279943.9776
2025-09-01,SZ300393,中来股份,6.31,22911746,955905050,1089627358,687554.862898
2025-09-01,SH603306,华懋科技,51.3,24097068,329060430,329060430,1688080.0059
2025-09-01,SH601016,节能风电,3.01,70121273,5966843731,6473390050,1948490.40505
2025-09-01,SH600917,重庆燃气,5.72,4166000,1561039760,1561039760,892914.74272
2025-09-01,SZ300398,飞凯材料,24.39,50795836,563850241,566946450,1382782.39155
2025-09-01,SZ300399,天利科技,33.75,18447261,197580725,197600000,666900
2025-09-01,SH603169,兰石重装,7.94,25952860,1306291798,1306291798,1037195.687612
2025-09-01,SZ002730,电光科技,17.55,9073040,346029880,362079880,635450.1894
2025-09-01,SZ300401,花园生物,14.85,24602193,534683767,543467766,807049.63251
2025-09-01,SH603010,万盛股份,10.42,3538750,589578593,589578593,614340.893906
2025-09-01,SZ300402,宝色股份,18.9,5864895,243618497,246790497,466434.03933
2025-09-01,SZ300400,劲拓股份,25.74,16463118,239923400,242625800,624518.8092
2025-09-01,SH603456,九洲药业,19.13,48231900,889446028,889446028,1701510.251564
2025-09-01,SH603018,华设集团,7.78,15872866,683793565,683793565,531991.39357
2025-09-01,SH603606,东方电缆,54.7,14418108,687715368,687715368,3761803.06296
2025-09-01,SZ300403,汉宇集团,15.71,22139311,427063593,603000000,947313
2025-09-01,SZ300405,科隆股份,6.13,12422070,218823359,284372671,174320.447323
2025-09-01,SZ300406,九强生物,14.52,6943327,424416455,586308628,851320.127856
2025-09-01,SH603688,石英股份,41.98,27284101,541678289,541678289,2273965.457222
2025-09-01,SH603988,中电电机,24.25,9197158,235200000,235200000,570360
2025-09-01,SZ002724,海洋王,8.29,16859200,571765616,771497994,639571.837026
2025-09-01,SZ002731,ST萃华,13.49,16457460,229656400,256156000,345554.444
2025-09-01,SH601015,陕西黑猫,3.54,19574511,2042497639,2042497639,723044.164206
2025-09-01,SH603019,中科曙光,92.14,116603802,1462706864,1463115784,13481148.833776
2025-09-01,SH603011,合锻智能,16.55,50837384,494414437,494414437,818255.893235
2025-09-01,SH603088,宁波精达,10,10604497,437871840,502387966,502387.966
2025-09-01,SH603166,福达股份,18.1,14808004,639008651,646208651,1169637.65831
2025-09-01,SZ300407,凯发电气,11.53,6600600,242040009,318200493,366885.168429
2025-09-01,SZ002733,雄韬股份,21.83,21934880,368862759,384214913,838741.155079
2025-09-01,SZ300408,三环集团,43.64,38644769,1869808017,1916497371,8363594.527044
2025-09-01,SZ300409,道氏技术,22.62,98860896,687489642,782248953,1769447.131686
2025-09-01,SH603518,锦泓集团,9.99,17980078,344052934,346200184,345853.983816
2025-09-01,SZ002735,王子新材,16.92,77899190,280463510,382006553,646355.087676
2025-09-01,SH603368,柳药集团,18.29,8648717,397168905,397168905,726421.927245
2025-09-01,SH603998,方盛制药,11.86,21564374,439081360,439081360,520750.49296
2025-09-01,SZ002732,燕塘乳业,17.32,2534900,156498811,157350000,272530.2
2025-09-01,SH601969,海南矿业,8.27,19433607,1978096038,1998248251,1652551.303577
2025-09-01,SH601226,华电科工,6.81,12765800,1162223700,1165722300,793856.8863
2025-09-01,SH603588,高能环境,6.8,65758531,1523234457,1523234457,1035799.43076
2025-09-01,SZ002736,国信证券,14.55,58466829,9612429377,9612429377,13986084.743535
2025-09-01,SH603636,南威软件,13.5,19497757,580360523,580360523,783486.70605
2025-09-01,SZ002738,中矿资源,41.99,26101578,711041693,721491877,3029544.391523
2025-09-01,SZ002737,葵花药业,15.96,4772020,584000000,584000000,932064
2025-09-01,SZ300412,迦南科技,5.31,15402040,467861646,497756637,264308.774247
2025-09-01,SZ300411,金盾股份,13.7,15112445,309115500,406520007,556932.40959
2025-09-01,SZ300410,正业科技,9.01,33987005,366994598,367114797,330770.432097
2025-09-01,SH603017,中衡设计,9.74,4198308,276190293,276190293,269009.345382
2025-09-01,SH603889,新澳股份,6.03,11679353,720658743,730490943,440486.038629
2025-09-01,SH603788,宁波高发,16.92,3823420,223065068,223065068,377426.095056
2025-09-01,SZ300413,芒果超媒,25.96,22370888,1021699958,1870720815,4856391.23574
2025-09-01,SH601021,春秋航空,52.38,7399403,978333423,978333423,5124510.469674
2025-09-01,SZ300364,中文在线,29.87,61865248,660411373,728500118,2176029.852466
2025-09-01,SZ300418,昆仑万维,41.67,81124157,1254490703,1255356953,5231072.423151
2025-09-01,SZ300419,ST浩丰,7,13350540,367753770,367753770,257427.639
2025-09-01,SH601069,西部黄金,21.91,29324270,683992760,910999123,1995999.078493
2025-09-01,SH603601,再升科技,5.8,91922502,1021652765,1021652765,592558.6037
2025-09-01,SZ300416,苏试试验,18.54,28853479,505143444,508547806,942847.632324
2025-09-01,SZ002739,万达电影,11.64,36855677,2085454617,2111778708,2458110.416112
2025-09-01,SZ300417,南华仪器,12.99,6306620,87562238,134563200,174797.5968
2025-09-01,SH603600,永艺股份,10.95,6186718,300038034,330433170,361824.32115
2025-09-01,SZ300415,伊之密,25.05,20788980,453092139,468562084,1173748.02042
2025-09-01,SZ000166,申万宏源,5.42,192235726,22535507316,25039944560,13571649.95152
2025-09-01,SH603686,福龙马,18.5,25795047,415430404,415430404,768546.2474
2025-09-01,SH603678,火炬电子,40.51,10837814,475566631,475566631,1926520.422181
2025-09-01,SH603899,晨光股份,30.86,5665268,920970377,920970377,2842114.583422
2025-09-01,SZ002734,利民股份,20.12,20298414,399618987,441036711,887365.862532
2025-09-01,SH603558,健盛集团,9.48,6268300,353183149,353183149,334817.625252
2025-09-01,SH603698,航天工程,17.75,9128350,535990000,535990000,951382.25
2025-09-01,SH603611,诺力股份,25.85,15044420,257600791,257600791,665898.044735
2025-09-01,SH603799,华友钴业,50.22,140423023,1686354743,1701548103,8545174.573266
2025-09-01,SZ002741,光华科技,21.66,40166708,426358415,465022310,1007238.32346
2025-09-01,SZ300425,中建环能,5.32,10555098,679070327,682224853,362943.621796
2025-09-01,SZ002746,仙坛股份,6.31,14816260,709676227,860538727,542999.936737
2025-09-01,SZ300423,昇辉科技,6.92,11995410,333360483,497511290,344277.81268
2025-09-01,SZ002745,木林森,9.05,30529859,1064676029,1484166399,1343170.591095
2025-09-01,SH603898,好莱客,10.83,3441020,311345062,311345062,337186.702146
2025-09-01,SZ300420,五洋自控,4.38,59525203,1116296861,1116383561,488975.999718
2025-09-01,SZ300421,力星股份,15.39,12953496,230344072,294030484,452512.914876
2025-09-01,SZ002743,富煌钢构,6.01,11961054,434570978,435268478,261596.355278
2025-09-01,SZ300426,华智数媒,10.41,13500800,400000000,450382810,468848.50521
2025-09-01,SH603939,益丰药房,23.51,13432593,1212194500,1212416854,2850392.023754
2025-09-01,SZ300422,博世科,5.25,11844539,511451890,533880389,280287.204225
2025-09-01,SZ300427,红相股份,6.7,17241824,503004888,508520298,340708.59966
2025-09-01,SZ300394,天孚通信,222.16,57543615,775852386,777415891,17271071.434456
2025-09-01,SH603618,杭电股份,6.9,40055976,691375616,691375616,477049.17504
2025-09-01,SH603222,济民健康,12.67,105049227,525090615,525090615,665289.809205
2025-09-01,SZ002742,*ST三圣,4.51,8686400,431858082,432000000,194832
2025-09-01,SH603118,共进股份,13.66,75737916,787276406,787276406,1075419.570596
2025-09-01,SH601198,东兴证券,12.16,35792136,3232445520,3232445520,3930653.75232
2025-09-01,SH603828,ST柯利达,4.66,6852009,595939625,595960158,277717.433628
2025-09-01,SH603969,银龙股份,9.72,26759329,842903000,857344000,833338.368
2025-09-01,SH603997,继峰股份,12.09,17764200,1268012438,1268012438,1533027.037542
2025-09-01,SH603309,维力医疗,14.25,4586667,291871418,292868018,417336.92565
2025-09-01,SH603015,弘讯科技,12.3,9820500,404219000,404219000,497189.37
2025-09-01,SZ300433,蓝思科技,32.34,144137593,4965696340,5284367371,17089644.077814
2025-09-01,SH601689,拓普集团,61.51,49403472,1737835580,1737835580,10689426.65258
2025-09-01,SH603519,立霸股份,12.94,2700736,266327839,266327839,344628.223666
2025-09-01,SZ300430,诚益通,22.83,17520722,259854209,273046796,623365.835268
2025-09-01,SZ300374,中铁装配,17.57,6209010,194934600,245912337,432067.976109
2025-09-01,SZ002748,世龙实业,9.27,6342300,240000000,240000000,222480
2025-09-01,SZ300432,富临精工,14.97,80750345,1690555691,1709760242,2559511.082274
2025-09-01,SH603268,*ST松发,53,2222220,124168800,970778303,5145125.0059
2025-09-01,SZ300428,立中集团,21.46,26970450,557144821,639496790,1372360.11134
2025-09-01,SZ002747,埃斯顿,23.63,30845541,782405153,871018453,2058216.604439
2025-09-01,SZ002749,国光股份,16.04,4218216,453651032,466358550,748039.1142
2025-09-01,SH603030,全筑股份,2.74,103409284,1316933520,1316933520,360839.78448
2025-09-01,SH603158,腾龙股份,11.88,104623692,490799306,490799306,583069.575528
2025-09-01,SH603012,创力集团,6.08,10513000,646500000,646500000,393072
2025-09-01,SH600958,东方证券,11.29,138176551,7469482864,8496645292,9592712.534668
2025-09-01,SZ300429,强力新材,14.19,21544213,398646447,536302383,761013.081477
2025-09-01,SH603729,龙韵股份,17.13,3827880,93338000,93338000,159887.994
2025-09-01,SH603020,爱普股份,10.42,53184866,383237774,383237774,399333.760508
2025-09-01,SH603338,浙江鼎力,53.91,6227835,506347879,506347879,2729721.415689
2025-09-01,SH603199,九华旅游,38.55,3727100,110680000,110680000,426671.4
2025-09-01,SZ300435,中泰股份,18.08,20797099,368814630,385713000,697369.104
2025-09-01,SH603869,ST智知,8.7,1839870,494116588,494116588,429881.43156
2025-09-01,SZ002752,昇兴股份,5.65,11504345,976768468,976918468,551958.93442
2025-09-01,SZ300449,汉邦高科,7.74,13478160,385552712,386035989,298791.855486
2025-09-01,SZ300436,广生堂,131.55,15904150,136719819,159267000,2095157.385
2025-09-01,SZ300424,航新科技,17.05,9263890,244958211,245428777,418456.064785
2025-09-01,SZ300447,全信股份,15.8,7360084,201286915,312310375,493450.3925
2025-09-01,SH603808,歌力思,8.12,9506790,369092878,369092878,299703.416936
2025-09-01,SZ300443,金雷股份,26.2,20088636,242774045,320134598,838752.64676
2025-09-01,SZ300439,美康生物,11,5683500,292332051,384318815,422750.6965
2025-09-01,SH603025,大豪科技,16.74,13252310,1109174773,1116654773,1869280.090002
2025-09-01,SH603818,曲美家居,4.09,18392600,686543855,686543855,280796.436695
2025-09-01,SZ300444,双杰电气,8.18,41450734,621446699,798625090,653275.32362
2025-09-01,SZ300440,运达科技,13.28,10201526,442223565,443918600,589523.9008
2025-09-01,SZ300437,清水源,9.33,7245582,175810597,252422911,235510.575963
2025-09-01,SH603883,老百姓,17.89,15324344,758890236,760095613,1359811.051657
2025-09-01,SZ300446,航天智造,18.12,13958600,373560171,845410111,1531883.121132
2025-09-01,SH603703,盛洋科技,10.49,9790500,414982120,414982120,435316.24388
2025-09-01,SZ300441,鲍斯股份,8.81,15680776,626549161,644415868,567730.379708
2025-09-01,SH603021,ST华鹏,4.84,8016360,319948070,319948070,154854.86588
2025-09-01,SZ300404,博济医药,11.22,21138793,280598962,385550678,432587.860716
2025-09-01,SZ300448,浩云科技,6.85,22964387,464543924,676517079,463414.199115
2025-09-01,SZ300438,鹏辉能源,28.39,22357883,404164238,503343360,1428991.79904
2025-09-01,SH603567,珍宝岛,12.13,7112822,939540524,940996515,1141428.772695
2025-09-01,SZ300434,金石亚药,10.47,10844301,342121086,401743872,420625.833984
2025-09-01,SH603318,水发燃气,6.75,6039300,383544591,459070924,309872.8737
2025-09-01,SZ300442,润泽科技,58.19,41105625,1568412073,1634343573,9510245.251287
2025-09-01,SH603315,福鞍股份,13.44,5355100,313726264,320426264,430652.898816
2025-09-01,SZ300445,康斯特,18.95,3542160,142064743,212430013,402554.874635
2025-09-01,SH603789,*ST星农,6.08,6438810,260000000,270451400,164434.4512
2025-09-01,SH600959,江苏有线,3.71,53323162,5000717686,5000717686,1855266.261506
2025-09-01,SZ300414,中光防雷,13.57,15071472,313528580,326019466,442408.415362
2025-09-01,SH603355,莱克电气,22.58,4459540,571139378,573481858,1294922.035364
2025-09-01,SH603599,广信股份,11.75,17209069,910269345,910269345,1069566.480375
2025-09-01,SZ300457,赢合科技,26.74,64187457,637624858,649095713,1735681.936562
2025-09-01,SZ300456,赛微电子,24.22,51802634,597449078,732213134,1773420.210548
2025-09-01,SZ300451,创业慧康,5.37,54086314,1526693770,1549124692,831879.959604
2025-09-01,SH603718,海利生物,7.23,12402330,648979700,655662200,474043.7706
2025-09-01,SH603227,雪峰科技,9.49,22750300,974075458,1071692689,1017036.361861
2025-09-01,SZ300452,山河药辅,13.67,8229256,186802167,234449487,320492.448729
2025-09-01,SZ300459,汤姆猫,5.75,151891730,3287193454,3515810939,2021591.289925
2025-09-01,SZ300453,三鑫医疗,9.77,13592604,361063310,522397525,510382.381925
2025-09-01,SZ300455,航天智装,19.21,40499501,708622436,717767936,1378832.205056
2025-09-01,SZ300458,全志科技,52.5,128037751,675544917,825297512,4332811.938
2025-09-01,SZ002755,奥赛康,23.72,17999316,928151576,928160351,2201596.352572
2025-09-01,SH603989,艾华集团,19.26,19814914,401130603,401130603,772577.541378
2025-09-01,SZ002756,永兴材料,35.08,8864265,388730641,539101540,1891168.20232
2025-09-01,SZ300460,ST惠伦,10.78,14506570,280804251,280804251,302706.982578
2025-09-01,SH603968,醋化股份,12.5,4752300,204480000,204480000,255600
2025-09-01,SH603311,金海高科,11.23,5652867,235883907,235883907,264897.627561
2025-09-01,SZ300450,先导智能,40.7,226978373,1559414363,1566163034,6374283.54838
2025-09-01,SH603022,新通联,11.02,20773981,200000000,200000000,220400
2025-09-01,SH603566,普莱柯,14.74,7220800,346062273,346062273,510095.790402
2025-09-01,SZ002753,永东股份,7.09,6187535,242807661,375698285,266370.084065
2025-09-01,SZ300461,田中精机,21.14,3434074,114008765,157056692,332017.846888
2025-09-01,SZ002758,浙农股份,9.76,29473744,518311549,521399299,508885.715824
2025-09-01,SZ002757,南兴股份,19.95,10232344,282053921,295455913,589434.546435
2025-09-01,SH603108,润达医疗,17.51,21381207,603664264,603664264,1057016.126264
2025-09-01,SH603885,吉祥航空,12.43,20533295,2184005268,2184005268,2714718.548124
2025-09-01,SZ300468,四方精创,47.83,89891535,529794065,530649275,2538095.482325
2025-09-01,SH603023,威帝股份,4.2,15500413,558117407,558117407,234409.31094
2025-09-01,SH603598,引力传媒,17.77,9096296,267862900,268462900,477058.5733
2025-09-01,SZ300462,ST华铭,10.42,3466700,136734413,181221938,188833.259396
2025-09-01,SZ300467,迅游科技,23.72,9041040,168557274,203204897,482002.015684
2025-09-01,SZ002759,天际股份,11.31,65036246,500942093,501382605,567063.726255
2025-09-01,SH603568,伟明环保,19.35,6361662,1701474119,1704558119,3298319.960265
2025-09-01,SZ300466,赛摩智能,9.99,16026740,448872162,535529908,534994.378092
2025-09-01,SZ300465,高伟达,28.1,127913120,443749357,443749357,1246935.69317
2025-09-01,SH603669,灵康药业,6.15,28945815,721244755,721244755,443565.524325
2025-09-01,SH603918,金桥信息,19.44,21034928,365107526,365401826,710341.149744
2025-09-01,SH603198,迎驾贡酒,45.15,9630405,800000000,800000000,3612000
2025-09-01,SZ300463,迈克生物,12.33,7134300,495758160,608624624,750434.161392
2025-09-01,SH603300,海南华铁,10.68,141108903,1990650596,1990650596,2126014.836528
2025-09-01,SH603901,永创智能,10.79,10557300,480207685,487673635,526199.852165
2025-09-01,SH603026,石大胜华,38.5,4906053,202680000,232701014,895898.9039
2025-09-01,SZ300464,星徽股份,5.71,14444600,355342675,457819663,261415.027573
2025-09-01,SZ300475,香农芯创,46.9,50160381,444267767,463773767,2175098.96723
2025-09-01,SZ300478,杭州高新,18.26,6717890,126673000,126673000,231304.898
2025-09-01,SZ300477,ST合纵,2.13,36005705,990850559,1072018687,228339.980331
2025-09-01,SH601985,中国核电,8.81,179471921,18883284867,20568002074,18120409.827194
2025-09-01,SZ002762,*ST金比,6.66,4482575,211378434,354025000,235780.65
2025-09-01,SZ002761,浙江建投,9.45,15864138,1081784396,1081784396,1022286.25422
2025-09-01,SZ002763,汇洁股份,7.14,12633900,303599200,409924000,292685.736
2025-09-01,SZ002766,索菱股份,5.25,14316400,853773184,861799824,452444.9076
2025-09-01,SZ300471,厚普股份,11.18,9277241,366548480,404165856,451857.427008
2025-09-01,SZ300472,*ST新元,6.1,12306561,264841371,275258621,167907.75881
2025-09-01,SZ002760,凤形股份,21.03,4427000,107988706,107988706,227100.248718
2025-09-01,SZ300469,信息发展,60.28,19321777,248232554,248238824,1496383.631072
2025-09-01,SH603066,音飞储存,11.68,5920900,294180074,294180074,343602.326432
2025-09-01,SH601968,宝钢包装,5.19,13303470,1275779460,1275779460,662129.53974
2025-09-01,SZ300476,胜宏科技,270.37,71838300,855202413,862688641,23324512.786717
2025-09-01,SH603616,韩建河山,5.62,16314292,381368000,391318000,219920.716
2025-09-01,SZ300479,神思电子,21.99,6625802,196928365,197040865,433292.862135
2025-09-01,SH601368,绿城水务,5,5690952,882973077,882973077,441486.5385
2025-09-01,SZ002767,先锋电子,20.25,5187450,130198521,150000000,303750
2025-09-01,SZ300473,德尔股份,33.56,16951100,150524988,150973101,506665.726956
2025-09-01,SZ300470,中密控股,39.26,4540899,197309685,207961737,816457.779462
2025-09-01,SZ002765,蓝黛科技,13.45,37234871,595885140,652128090,877112.28105
2025-09-01,SZ300485,赛升药业,13.48,11807616,273817182,481666400,649286.3072
2025-09-01,SZ002773,康弘药业,41.86,12094370,686813029,921299954,3856561.607444
2025-09-01,SH601211,国泰海通,20.63,127501759,13493993295,17628925829,36368473.985227
2025-09-01,SZ002772,众兴菌业,8.06,6658570,390135453,393241359,316952.535354
2025-09-01,SZ002771,真视通,18.07,10731343,174514655,209764100,379043.7287
2025-09-01,SZ002769,普路通,9.24,47478748,373010230,373318054,344945.881896
2025-09-01,SH603116,红蜻蜓,6.07,5163700,576200800,576200800,349753.8856
2025-09-01,SZ002775,文科股份,4.41,16190420,443229472,607735472,268011.343152
2025-09-01,SH603117,万林物流,5.71,36390343,599197742,599197742,342141.910682
2025-09-01,SH603589,口子窖,34.56,6715064,598119472,598119472,2067100.895232
2025-09-01,SZ300482,万孚生物,22.33,6420829,430311383,481424761,1075021.491313
2025-09-01,SZ300483,首华燃气,11.59,10566977,271601538,271721538,314925.262542
2025-09-01,SH603223,恒通股份,9.45,5296332,714187046,714187046,674906.75847
2025-09-01,SH603979,金诚信,69.05,11940944,623777888,623777888,4307186.31664
2025-09-01,SZ002768,国恩股份,48.8,7989184,176748125,271250000,1323700
2025-09-01,SH603085,天成自控,11.07,9893294,397100000,397100000,439589.7
2025-09-01,SZ300486,东杰智能,24.14,83452483,444568699,455846217,1100412.767838
2025-09-01,SZ300481,濮阳惠成,14.83,5534050,290075624,291855438,432821.614554
2025-09-01,SZ300488,恒锋工具,37.01,3849762,144153848,173136506,640778.208706
2025-09-01,SZ300489,光智科技,45.59,4042750,137163931,137672835,627650.454765
2025-09-01,SH603838,*ST四通,6.63,1781280,320016000,320016000,212170.608
2025-09-01,SZ300487,蓝晓科技,56.06,9278691,306626865,507665541,2845973.022846
2025-09-01,SZ300480,光力科技,18.27,21366460,236648580,352829602,644619.682854
2025-09-01,SZ002506,协鑫集成,2.74,200683224,5844431277,5850316427,1602986.700998
2025-09-01,SZ000520,凤凰航运,4.72,20069791,1012083455,1012083455,477703.39076
2025-09-01,SZ300498,温氏股份,18.01,69709247,5962706871,6653926781,11983722.132581
2025-09-01,SH601155,新城控股,14.7,20145513,2255622856,2255622856,3315765.59832
2025-09-01,SZ002779,中坚科技,99.78,5219458,165808335,184800000,1843934.4
2025-09-01,SZ002780,三夫户外,14.07,8885010,130652734,157587486,221725.592802
2025-09-01,SH603398,*ST沐邦,6.15,63413739,433641524,433641524,266689.53726
2025-09-01,SH603936,博敏电子,12.65,121606978,630398004,630398004,797453.47506
2025-09-01,SZ002783,凯龙股份,10.08,10667555,441111469,499357647,503352.508176
2025-09-01,SH603696,安记食品,13.4,26724437,235200000,235200000,315168
2025-09-01,SH603999,读者传媒,6.72,8570440,576000000,576000000,387072
2025-09-01,SZ300496,中科创达,78.31,38127274,367876865,460012019,3602354.120789
2025-09-01,SZ300493,润欣科技,23.82,38355896,500983047,512575047,1220953.761954
2025-09-01,SH603800,洪田股份,51.7,12948595,208000000,208000000,1075360
2025-09-01,SZ300497,富祥药业,10.37,18313369,453139628,550004834,570355.012858
2025-09-01,SH603866,桃李面包,5.67,21198824,1599719155,1599719155,907040.760885
2025-09-01,SZ002782,可立克,17.02,29984084,486501200,495964013,844130.750126
2025-09-01,SZ300492,华图山鼎,67.1,1483416,196681058,196681058,1319729.89918
2025-09-01,SZ002786,银宝山新,10.1,25288500,494112000,495612000,500568.12
2025-09-01,SZ002785,万里石,29.13,4225100,193495023,226619695,660143.171535
2025-09-01,SH603508,思维列控,37.16,20134589,381274377,381274377,1416815.584932
2025-09-01,SZ001979,招商蛇口,9.35,111219283,8458418040,9060836177,8471881.825495
2025-09-01,SZ002777,久远银海,19.83,14370663,404511491,408231038,809522.148354
2025-09-01,SH603299,苏盐井神,11.21,10968367,777247495,781658202,876238.844442
2025-09-01,SZ002787,华源控股,8.36,8538700,250861114,335176599,280207.636764
2025-09-01,SH603778,国晟科技,3.74,22558150,642857142,656642120,245584.15288
2025-09-01,SZ300494,盛天网络,14.56,46712360,398348068,490510076,714182.670656
2025-09-01,SZ300491,通合科技,39.01,26633740,155056529,174738099,681653.324199
2025-09-01,SZ300490,华自科技,9.37,13711200,393252612,398670674,373554.421538
2025-09-01,SZ002778,中晟高科,19.9,7876640,123428740,124753300,248259.067
2025-09-01,SZ300499,高澜股份,32.02,56336690,271403636,305248564,977405.901928
2025-09-01,SZ300501,海顺新材,16.53,11969270,125201288,193537918,319918.178454
2025-09-01,SZ300500,启迪设计,14.12,5159233,167597955,173974869,245652.515028
2025-09-01,SH603377,ST东时,3.61,28416545,714873142,714873142,258069.204262
2025-09-01,SH601900,南方传媒,14.11,12855400,881970094,881970094,1244459.802634
2025-09-01,SZ002788,鹭燕医药,8.5,7352507,381793801,388516736,330239.2256
2025-09-01,SH603608,天创时尚,7.34,11652660,419715527,419715527,308071.196818
2025-09-01,SZ300502,新易盛,388.5,66046191,885151540,993714892,38605823.5542
2025-09-01,SH603027,千禾味业,12.15,19174390,961242590,1025481086,1245959.51949
2025-09-01,SZ002790,瑞尔特,7.35,4479532,260697500,417872300,307136.1405
2025-09-01,SZ300503,昊志机电,31.15,36402424,240969998,308206385,960062.889275
2025-09-01,SH603520,司太立,12.1,27749418,438409881,438409881,530475.95601
2025-09-01,SH603919,金徽酒,21.9,16664462,507259997,507259997,1110899.39343
2025-09-01,SZ002789,*ST建艺,9.11,8028190,156466099,159623514,145417.021254
2025-09-01,SZ300505,川金诺,20.95,13222708,217361222,274867523,575847.460685
2025-09-01,SH601020,华钰矿业,28.12,88510736,819964698,819964698,2305740.730776
2025-09-01,SH603861,白云电器,10.48,23620118,528586478,540527955,566473.29684
2025-09-01,SZ300484,蓝海华腾,22.88,10305272,166352625,207163900,473991.0032
2025-09-01,SZ300506,ST名家汇,3.92,4025355,653549489,695596569,272673.855048
2025-09-01,SZ002792,通宇通讯,18.16,42484698,333404005,522433405,948739.06348
2025-09-01,SZ002791,坚朗五金,22.18,4913654,191276284,353885013,784916.958834
2025-09-01,SH603028,赛福天,8.02,10119880,287040000,287040000,230206.08
2025-09-01,SZ300474,景嘉微,85.6,20328283,406474134,522619223,4473620.54888
2025-09-01,SH603798,康普顿,14.52,12542340,256449650,256449650,372364.8918
2025-09-01,SH603701,德宏股份,19.93,4468889,261361901,261361901,520894.268693
2025-09-01,SZ002793,罗欣药业,5.75,22264080,1085935344,1087588486,625363.37945
2025-09-01,SH603868,飞科电器,38.43,1829142,435600000,435600000,1674010.8
2025-09-01,SZ300508,维宏股份,30.59,2271523,81942458,108795330,332804.91447
2025-09-01,SH603726,朗迪集团,20.25,8138900,184826200,185651200,375943.68
2025-09-01,SZ300509,新美星,9.36,10192440,247103523,296400000,277430.4
2025-09-01,SH603029,天鹅股份,18.43,3241190,121342000,121342000,223633.306
2025-09-01,SH603822,ST嘉澳,73.09,2156700,76825886,76825886,561520.400774
2025-09-01,SZ002795,永和智控,4.95,19654252,434922547,445754078,220648.26861
2025-09-01,SZ300507,苏奥传感,8.25,21768757,774991748,800646907,660533.698275
2025-09-01,SH603528,多伦科技,9.42,14903700,705930131,705930131,664986.183402
2025-09-01,SZ300511,雪榕生物,6.34,16982353,516859395,597631469,378898.351346
2025-09-01,SZ300510,金冠股份,4.67,49013397,824690700,824690700,385130.5569
2025-09-01,SH603101,汇嘉时代,10.64,55530442,470400000,470400000,500505.6
2025-09-01,SZ002796,世嘉科技,14.27,16204776,226546483,252426948,360213.254796
2025-09-01,SZ002797,第一创业,8.17,121775239,4202400000,4202400000,3433360.8
2025-09-01,SH603779,威龙股份,7.33,5704097,332082754,332082754,243416.658682
2025-09-01,SH603959,百利科技,5.4,17453200,490298992,490298992,264761.45568
2025-09-01,SH603339,四方科技,15.92,16208236,309441175,309441175,492630.3506
2025-09-01,SZ002798,帝欧水华,6.52,11639883,340472213,410195349,267447.367548
2025-09-01,SZ300512,中亚股份,8.49,5347400,328343526,407640875,346087.102875
2025-09-01,SZ002800,天顺股份,14.81,4415300,140081200,152253067,225486.792227
2025-09-01,SZ300513,恒实科技,9.23,10592868,288277832,313691155,289536.936065
2025-09-01,SZ300516,久之洋,39.49,2272381,180000000,180000000,710820
2025-09-01,SH603737,三棵树,47.93,5543845,737817473,737817473,3536359.148089
2025-09-01,SH601611,中国核建,9.13,22141226,3013834212,3013834212,2751630.635556
2025-09-01,SH603131,上海沪工,21.19,20906720,317991057,317991057,673823.049783
2025-09-01,SZ002799,环球印务,8.46,5803852,320035800,320040000,270753.84
2025-09-01,SZ300515,三德科技,21.9,5465300,201761275,205754500,450602.355
2025-09-01,SH601127,赛力斯,143.89,54637774,1509782193,1633366086,23502504.611454
2025-09-01,SZ002801,微光股份,36.4,3412440,115802700,229632000,835860.48
2025-09-01,SZ300518,新迅达,14.71,15851359,199393726,199411576,293334.428296
2025-09-01,SZ300519,新光药业,16.63,5702400,114100000,160000000,266080
2025-09-01,SH603909,建发合诚,10.57,5512058,260673140,260673140,275531.50898
2025-09-01,SH603958,哈森股份,17.19,3767522,219360000,219360000,377079.84
2025-09-01,SZ002802,洪汇新材,13.39,5777766,181942875,182301990,244102.36461
2025-09-01,SH603016,新宏泰,26.76,1980000,148160000,148160000,396476.16
2025-09-01,SZ300521,爱司凯,25.65,5208900,149183740,149185000,382659.525
2025-09-01,SZ300522,世名科技,13.59,7068748,263105621,322451507,438211.598013
2025-09-01,SH601966,玲珑轮胎,15.58,17226167,1463502683,1463502683,2280137.180114
2025-09-01,SZ002805,丰元股份,13.35,14001780,278542598,280062508,373883.44818
2025-09-01,SZ300520,科大国创,25.89,14483875,277813433,291791018,755446.945602
2025-09-01,SH603069,海汽集团,19.99,4996500,316000000,316000000,631684
2025-09-01,SZ002803,吉宏股份,17.56,13739120,288770188,452679288,794904.829728
2025-09-01,SZ300517,海波重科,11.75,9789860,124021799,200409524,235481.1907
2025-09-01,SZ300525,博思软件,15.5,21457262,621839742,758210292,1175225.9526
2025-09-01,SZ002806,华锋股份,12.41,8040505,174105835,212479189,263686.673549
2025-09-01,SZ300523,辰安科技,23.44,3873018,232358460,232637638,545302.623472
2025-09-01,SH603322,超讯通信,43.99,17995630,157586796,157586796,693224.315604
2025-09-01,SH603663,三祥新材,28.01,18489010,422819750,423299750,1185662.59975
2025-09-01,SH600919,江苏银行,10.72,179369511,18351324463,18351324463,19672619.824336
2025-09-01,SZ300529,健帆生物,23.15,7981500,511585981,798605275,1848771.211625
2025-09-01,SZ300527,ST应急,8.93,25220974,1014054220,1014054220,905550.41846
2025-09-01,SZ300528,幸福蓝海,17.85,29675021,372608054,372608054,665105.37639
2025-09-01,SH601811,新华文轩,16.18,5107148,791903900,1233841000,1996354.738
2025-09-01,SH600977,中国电影,14.9,82152548,1867000000,1867000000,2781830
2025-09-01,SZ300530,领湃科技,36.09,9610634,158247513,171951354,620572.436586
2025-09-01,SZ300531,优博讯,21.69,18905569,308758738,322251025,698962.473225
2025-09-01,SH603569,长久物流,9.42,26616080,603507251,603507251,568503.830442
2025-09-01,SZ300535,达威股份,20.05,2903082,76445046,104801463,210126.933315
2025-09-01,SH603159,上海亚虹,22,2581700,140000000,140000000,308000
2025-09-01,SZ002808,*ST恒久,5.04,5633092,165005928,268800000,135475.2
2025-09-01,SH600936,北投科技,4.04,44956191,1671026239,1671026239,675094.600556
2025-09-01,SH601997,贵阳银行,6.14,44679163,3656198076,3656198076,2244905.618664
2025-09-01,SH601595,上海电影,31.85,9929013,448200000,448200000,1427517
2025-09-01,SH603986,兆易创新,174.88,61279712,663716019,664029976,11612556.220288
2025-09-01,SZ300532,今天国际,13.43,13792853,431139335,453324086,608814.247498
2025-09-01,SZ300533,冰川网络,41.8,19270087,164979566,234461970,980051.0346
2025-09-01,SH603515,欧普照明,18.16,1281904,736354775,743817633,1350772.821528
2025-09-01,SH603031,安孚科技,35.7,10240980,211120000,252123849,900082.14093
2025-09-01,SZ300540,蜀道装备,19.2,9078441,206727204,229559110,440753.4912
2025-09-01,SZ002809,红墙股份,12.2,5216595,139106432,211600295,258152.3599
2025-09-01,SZ002810,山东赫达,14.05,6134967,320010093,348136913,489132.362765
2025-09-01,SH603007,*ST花王,4.78,12873962,499830778,876896101,419156.336278
2025-09-01,SZ300538,同益股份,16.7,5142241,120985248,181918573,303804.01691
2025-09-01,SZ300537,广信材料,26.64,16799560,143924989,207806521,553596.571944
2025-09-01,SZ300539,横河精密,30.09,26112017,172536025,268100662,806714.891958
2025-09-01,SH603090,宏盛股份,36.14,8953000,100000000,100000000,361400
2025-09-01,SH603658,安图生物,41.51,3982045,571424768,571424768,2371984.211968
2025-09-01,SZ002807,江阴银行,4.8,38799288,2458016407,2461392789,1181468.53872
2025-09-01,SH603843,*ST正平,2.71,17229760,699623237,699623237,189597.897227
2025-09-01,SZ002811,郑中设计,12.15,23960286,283112775,307970005,374183.556075
2025-09-01,SZ300543,朗科智能,11.73,11844384,250198808,306371334,359373.574782
2025-09-01,SH601163,三角轮胎,13.92,4888188,800000000,800000000,1113600
2025-09-01,SH603393,新天然气,29.64,5435700,423221331,423921327,1256502.813228
2025-09-01,SH603067,振华股份,18.88,19164648,710760277,710760277,1341915.402976
2025-09-01,SZ300541,先进数通,17.66,44286029,386578483,430044492,759458.572872
2025-09-01,SZ300534,陇神戎发,10.43,12087899,302051488,303345000,316388.835
2025-09-01,SZ002812,恩捷股份,32.6,28729135,808181358,968152058,3156175.70908
2025-09-01,SH603189,网达软件,23.55,25423310,269548349,269548349,634786.361895
2025-09-01,SH601500,通用股份,4.62,25777166,1583000735,1589315735,734263.86957
2025-09-01,SZ300542,新晨科技,23.17,12777486,247663604,298559899,691763.285983
2025-09-01,SZ300536,农尚环境,10.63,18049575,293266871,293288133,311765.285379
2025-09-01,SH600908,无锡银行,6,39770080,1999312665,2194681695,1316809.017
2025-09-01,SZ300546,雄帝科技,29.9,16113770,133913985,186632691,558031.74609
2025-09-01,SH603738,泰晶科技,15.79,9968506,389322772,389322772,614740.656988
2025-09-01,SZ300545,联得装备,36,7698324,119558935,185461376,667660.9536
2025-09-01,SZ300547,川环科技,47.49,26545356,178223597,216906174,1030087.420326
2025-09-01,SZ300549,优德精密,19.68,3067300,101054675,133340000,262413.12
2025-09-01,SH601128,常熟银行,7.51,43944067,3316497842,3316497842,2490689.879342
2025-09-01,SH603887,城地香江,18.74,31906255,595279421,608944421,1141161.844954
2025-09-01,SH603421,鼎信通讯,7.03,9516585,652190511,652190511,458489.929233
2025-09-01,SZ002813,路畅科技,24.88,2466241,119856075,120000000,298560
2025-09-01,SZ300548,长芯博创,144.25,39200983,268815478,291107978,4199232.58265
2025-09-01,SZ002815,崇达技术,17.24,99238147,729194092,1169797602,2016731.065848
2025-09-01,SH603777,来伊份,14.28,18836952,334424166,334424166,477557.709048
2025-09-01,SH603313,梦百合,8.72,8941879,570586885,570586885,497551.76372
2025-09-01,SH603816,顾家家居,28.71,5918680,812166231,821771519,2359306.031049
2025-09-01,SH603160,汇顶科技,82.2,9326544,462079234,462079234,3798291.30348
2025-09-01,SZ300550,和仁科技,13.86,4929153,262316361,262560141,363908.355426
2025-09-01,SZ300555,ST路通,10.68,4182000,197984863,200000000,213600
2025-09-01,SZ300551,古鳌科技,12.53,26451550,339072858,340062839,426098.737267
2025-09-01,SH603859,能科科技,45.91,24471935,244697701,244697701,1123407.145291
2025-09-01,SZ300552,万集科技,28.85,6122251,137762426,213133112,614889.02812
2025-09-01,SZ300553,集智股份,41.71,3646674,85077044,111012881,463034.726651
2025-09-01,SZ002816,*ST和科,17.29,3328000,100000000,100000000,172900
2025-09-01,SZ002817,黄山胶囊,7.56,9223370,290039295,299098170,226118.21652
2025-09-01,SH603667,五洲新春,39.13,14437600,366202770,366202770,1432951.43901
2025-09-01,SH603258,电魂网络,21.81,7882829,241248950,244015700,532198.2417
2025-09-01,SH600926,杭州银行,15.69,58944015,7249002548,7249002548,11373684.997812
2025-09-01,SH603888,新华网,21.32,18621209,674738168,674738168,1438541.774176
2025-09-01,SH603716,塞力医疗,33.53,39827316,191018075,191018075,640483.605475
2025-09-01,SZ300559,佳发教育,14.5,18361098,311136833,399514567,579296.12215
2025-09-01,SZ300557,理工光科,28.43,2543993,119286666,120946746,343851.598878
2025-09-01,SZ300560,中富通,14.08,7212143,186964785,229743622,323479.019776
2025-09-01,SZ300556,丝路视觉,21.39,7365000,107009669,121564268,260025.969252
2025-09-01,SZ300558,贝达药业,73.15,13516778,419392660,420733843,3077668.061545
2025-09-01,SH601882,海天精工,21,12947037,522000000,522000000,1096200
2025-09-01,SH603203,快克智能,32.78,8309844,249153318,253661118,831501.144804
2025-09-01,SH603060,国检集团,6.87,6902163,803940905,803940905,552307.401735
2025-09-01,SZ002818,富森美,12.31,5424350,298357191,748458940,921352.95514
2025-09-01,SH603556,海兴电力,27.36,3207365,486264170,486264170,1330418.76912
2025-09-01,SZ002819,东方中科,30.64,5530540,235079280,299610100,918005.3464
2025-09-01,SH603977,国泰集团,12.84,11325083,621241828,621241828,797674.507152
2025-09-01,SZ300563,神宇股份,43.49,16975561,124124075,179430526,780343.357574
2025-09-01,SZ300566,激智科技,19.61,7907812,228217008,263741550,517197.17955
2025-09-01,SZ300562,乐心医疗,15.43,8495820,161792311,218201988,336685.667484
2025-09-01,SH601229,上海银行,9.48,148362262,14208972242,14208972242,13470105.685416
2025-09-01,SH603633,徕木股份,12.46,36568538,426810818,426810818,531806.279228
2025-09-01,SZ300561,*ST汇科,18.23,25696111,241057574,328107975,598140.838425
2025-09-01,SH603858,步长制药,19.9,13049915,1054568442,1054568442,2098591.19958
2025-09-01,SZ002821,凯莱英,110.78,14050455,317016913,360593720,3994657.23016
2025-09-01,SZ002820,桂发祥,13.19,21714079,200868295,200868295,264945.281105
2025-09-01,SH603987,康德莱,9.6,37967750,436790880,436790880,419319.2448
2025-09-01,SH603727,博迈科,14.13,2527039,281719277,281719277,398069.338401
2025-09-01,SZ300565,科信技术,12.93,12286000,228205145,249704612,322868.063316
2025-09-01,SZ300567,精测电子,72.89,14228605,202183671,279743400,2039049.6426
2025-09-01,SH603900,莱绅通灵,11.45,38633676,341508840,343023840,392762.2968
2025-09-01,SZ002823,凯中精密,17.04,13207176,218918297,328368949,559540.689096
2025-09-01,SH603336,宏辉果蔬,9.03,28775915,570399448,570399448,515070.701544
2025-09-01,SZ300569,天能重工,5.56,16122104,1019604127,1022710620,568627.10472
2025-09-01,SH603819,神力股份,12.39,6648999,217730187,217730187,269767.701693
2025-09-01,SH603323,苏农银行,5.26,37167809,2018541437,2018541437,1061752.795862
2025-09-01,SZ002825,纳尔股份,10.37,5675322,256544008,341535127,354171.926699
2025-09-01,SZ002822,ST中装,3.35,19292856,644543037,789318272,264421.62112
2025-09-01,SH603319,美湖股份,38.36,23409817,339149678,339149678,1300978.164808
2025-09-01,SH603660,苏州科达,8.88,33954426,532432378,536725728,476612.446464
2025-09-01,SZ300568,星源材质,13.22,168050072,1213871552,1341891639,1773980.746758
2025-09-01,SH603559,ST通脉,8.14,1464600,401276979,401276979,326639.460906
2025-09-01,SZ300572,安车检测,26.31,10392000,183597101,228988812,602469.564372
2025-09-01,SH600909,华安证券,6.43,67094353,4678398535,4678398535,3008210.258005
2025-09-01,SZ300570,太辰光,142.15,35443579,192193023,227126867,3228608.414405
2025-09-01,SH603033,三维股份,11.78,7458366,1012531018,1031163554,1214710.666612
2025-09-01,SZ300573,兴齐眼药,77.54,38714924,188450755,245348945,1902435.71953
2025-09-01,SH603990,麦迪科技,14.88,8202200,306282731,306282731,455748.703728
2025-09-01,SZ002828,贝肯能源,10.5,14207600,193561975,200987600,211036.98
2025-09-01,SZ002826,易明医药,19.9,8744710,174326389,190677750,379448.7225
2025-09-01,SH603036,如通股份,22,12086800,206006025,206006025,453213.255
2025-09-01,SZ002827,高争民爆,42.91,7565100,276000000,277046000,1188804.386
2025-09-01,SH603928,兴业股份,18.49,26220273,262080000,262080000,484585.92
2025-09-01,SZ002830,名雕股份,17.07,3298300,66852500,133340000,227611.38
2025-09-01,SZ002829,星网宇达,23.68,25689389,146048944,207809394,492092.644992
2025-09-01,SZ300571,平治信息,34.73,9759993,115611896,139528294,484581.765062
2025-09-01,SH603708,家家悦,11.29,6613107,638338675,638338675,720684.364075
2025-09-01,SH603585,苏利股份,19.1,2682500,182731904,186886904,356953.98664
2025-09-01,SH603389,*ST亚振,25.98,3385020,262752000,262752000,682629.696
2025-09-01,SZ002831,裕同科技,26.57,6854463,510993219,920513500,2445804.3695
2025-09-01,SH603098,森特股份,13.91,17803300,538799978,539699978,750722.669398
2025-09-01,SH603878,武进不锈,5.56,8915138,561069165,561069165,311954.45574
2025-09-01,SZ300581,晨曦航空,21.66,29661028,550109546,550109546,1191537.276636
2025-09-01,SH603823,百合花,15.08,15065716,411031504,416367704,627882.497632
2025-09-01,SZ300576,容大感光,39.89,13544201,232654109,366367572,1461440.244708
2025-09-01,SZ300575,中旗股份,6.54,11721760,342708216,476992400,311953.0296
2025-09-01,SZ300577,开润股份,22.99,4307924,140211858,239792667,551283.341433
2025-09-01,SH603416,信捷电气,58.88,3696942,139505000,157138633,925232.271104
2025-09-01,SH603577,汇金通,9.84,7777600,339139100,339139100,333712.8744
2025-09-01,SH603058,永吉股份,9.22,29335932,418843522,419894162,387142.417364
2025-09-01,SZ002832,比音勒芬,16.76,10080159,389418284,570707084,956505.072784
2025-09-01,SZ300579,数字认证,37.17,6572776,262278592,270000000,1003590
2025-09-01,SH600996,贵广网络,8.5,21644533,1246799854,1246799854,1059779.8759
2025-09-01,SH603298,杭叉集团,24.87,21567639,1309812049,1309812049,3257502.565863
2025-09-01,SH603218,日月股份,12.77,20546190,1028036250,1030416250,1315841.55125
2025-09-01,SZ002833,弘亚数控,17.29,6488597,288558246,424231297,733495.912513
2025-09-01,SZ300582,英飞特,14.94,11743400,221568138,298536488,446013.513072
2025-09-01,SZ002835,同为股份,18.9,7544000,127288199,219493931,414843.52959
2025-09-01,SH603886,元祖股份,13.14,5200432,240000000,240000000,315360
2025-09-01,SZ002837,英维克,80.16,93563505,842566590,968927487,7766922.735792
2025-09-01,SZ002836,新宏泽,9.4,7149204,230400000,230400000,216576
2025-09-01,SZ300585,奥联电子,16.63,17371799,171111111,171111111,284557.777593
2025-09-01,SH603929,亚翔集成,42.47,5051630,213360000,213360000,906139.92
2025-09-01,SH603239,浙江仙通,15.13,4192300,270720000,270720000,409599.36
2025-09-01,SH603186,华正新材,42.02,10445900,142012027,142012027,596734.537454
2025-09-01,SH601375,中原证券,4.63,62335700,3447519700,4642884700,2149655.6161
2025-09-01,SZ300586,美联新材,11.54,108299619,534596468,711216645,820744.00833
2025-09-01,SH603444,吉比特,460,1956810,72041101,72041101,3313890.646
2025-09-01,SZ300588,熙菱信息,19.5,9888360,176822030,191471030,373368.5085
2025-09-01,SH603035,常熟汽饰,14.83,7083600,380030933,380030933,563585.873639
2025-09-01,SH603032,德新科技,22.62,13659134,231663040,233514680,528210.20616
2025-09-01,SZ300587,天铁科技,8.18,40036216,1051937511,1298268797,1061983.875946
2025-09-01,SZ002838,道恩股份,26.64,7315510,420631724,478398402,1274453.342928
2025-09-01,SH603228,景旺电子,61.11,40701856,933382073,942786361,5761367.452071
2025-09-01,SZ300583,赛托生物,16.55,3902320,186148926,189702126,313957.01853
2025-09-01,SH603877,太平鸟,14.36,1777050,469323226,471075401,676464.275836
2025-09-01,SZ002840,华统股份,11.04,11261439,629963761,805062893,888789.433872
2025-09-01,SZ300591,万里马,11.38,35941460,350444827,405673777,461656.758226
2025-09-01,SH603689,皖天然气,8.7,3835240,485300063,490193073,426467.97351
2025-09-01,SH603266,天龙股份,22.23,8332982,198886750,198886750,442125.24525
2025-09-01,SH603579,荣泰健康,37.8,14196483,192031653,192031653,725879.64834
2025-09-01,SZ300580,贝斯特,27.03,11244499,470813575,500543865,1352970.067095
2025-09-01,SZ300590,移为通信,14.51,33168686,354332597,459887712,667297.070112
2025-09-01,SZ300584,海辰药业,63.88,18395300,82110746,120000000,766560
2025-09-01,SH603628,清源股份,13.24,8051940,272168400,273147360,361647.10464
2025-09-01,SH603639,海利尔,15.32,7270766,339878336,339878336,520693.610752
2025-09-01,SZ002824,和胜股份,21.7,26636947,189155983,279114081,605677.55577
2025-09-01,SZ300589,江龙船艇,14.58,11257645,231606914,377667996,550639.938168
2025-09-01,SZ300593,新雷能,21.57,67539195,450263501,542498469,1170169.197633
2025-09-01,SH603690,至纯科技,28.39,42304902,382964250,383644650,1089167.16135
2025-09-01,SH603039,泛微网络,61.3,4425692,260603073,260603073,1597496.83749
2025-09-01,SH603038,华立股份,16.12,8447540,268677106,268677106,433107.494872
2025-09-01,SZ300595,欧普康视,18.54,19322973,668494760,896152386,1661466.523644
2025-09-01,SH603165,荣晟环保,12.15,3717561,272623728,272623728,331237.82952
2025-09-01,SH603668,天马科技,14.03,10676120,502335741,502335741,704777.044623
2025-09-01,SH601858,中国科传,21.59,19500245,790500000,790500000,1706689.5
2025-09-01,SH603337,杰克科技,48.01,4355574,471039291,476427291,2287327.424091
2025-09-01,SZ002842,翔鹭钨业,12.95,66031860,268462509,327172422,423688.28649
2025-09-01,SZ300596,利安隆,36.1,9449866,223044791,229619667,828926.99787
2025-09-01,SZ002841,视源股份,41.3,8383249,521345446,696016545,2874548.33085
2025-09-01,SZ002843,泰嘉股份,24.39,15454472,250792562,251737562,613987.913718
2025-09-01,SZ300592,华凯易佰,11.65,7731900,351030174,404361469,471081.111385
2025-09-01,SH603037,凯众股份,13.39,20353956,266614368,268074568,358951.846552
2025-09-01,SH603638,艾迪精密,18.64,6375154,831088418,831088418,1549148.811152
2025-09-01,SZ300598,诚迈科技,54.7,15774483,216920975,216981741,1186890.12327
2025-09-01,SZ300597,吉大通信,9.69,9364100,271372238,272570030,264120.35907
2025-09-01,SZ300599,雄塑科技,8,8446000,212340942,358131567,286505.2536
2025-09-01,SH601881,中国银河,18.24,71893661,7243417623,10934402256,19944349.714944
2025-09-01,SH603429,集友股份,10.89,23375445,524485465,524485465,571164.671385
2025-09-01,SZ002839,张家港行,4.49,47501314,2442084025,2444344974,1097510.893326
2025-09-01,SH603358,华达科技,43,4522459,439040000,469743076,2019895.2268
2025-09-01,SZ300600,国瑞科技,19.25,16424802,294234480,294234480,566401.374
2025-09-01,SZ300578,会畅科技,20.37,6891500,198216115,198269740,403875.46038
2025-09-01,SZ002845,同兴达,15.44,6304580,250235351,327551705,505739.83252
2025-09-01,SH603966,法兰泰克,11.66,20250392,397722136,398700736,464885.058176
2025-09-01,SZ300603,立昂技术,11.94,19823800,369618555,464798231,554969.087814
2025-09-01,SH603089,正裕工业,15.73,8843118,240033268,240033268,377572.330564
2025-09-01,SZ300602,飞荣达,32.1,30383373,395403873,581863431,1867781.61351
2025-09-01,SH603360,百傲化学,26.53,29670224,706223654,706223654,1873611.354062
2025-09-01,SH603677,奇精机械,19.81,2769600,192600865,192600865,381542.313565
2025-09-01,SH603177,德创环保,15.95,5126993,204192000,206154000,328815.63
2025-09-01,SZ002846,英联股份,18.32,48642559,257018096,419993636,769428.341152
2025-09-01,SZ300601,康泰生物,20.49,54673646,899839387,1116928663,2288586.830487
2025-09-01,SZ300606,金太阳,23.42,7511436,117674486,138347826,324010.608492
2025-09-01,SZ002847,盐津铺子,75.53,6777451,245721263,272779679,2060304.915487
2025-09-01,SH603881,数据港,36.66,14009189,718376999,718376999,2633570.078334
2025-09-01,SH603637,镇海股份,11.94,14378376,238685877,238685877,284990.937138
2025-09-01,SZ300605,恒锋信息,16.49,9453733,118931885,164583371,271397.978779
2025-09-01,SH603626,科森科技,16.22,141459140,554879690,554879690,900014.85718
2025-09-01,SH603040,新坐标,66.96,3904949,135775146,136486896,913916.255616
2025-09-01,SZ300607,拓斯达,36.43,23268665,332049404,476972412,1737610.496916
2025-09-01,SH603208,江山欧派,14.99,2320469,177172674,177172674,265581.838326
2025-09-01,SZ300608,思特奇,13.26,9567391,287566907,331229961,439210.928286
2025-09-01,SH603330,天洋新材,7.65,12268349,406713230,432673649,330995.341485
2025-09-01,SZ300610,晨化股份,12.28,4954830,161228049,215007980,264029.79944
2025-09-01,SH603615,茶花股份,26.69,9204900,241820000,241820000,645417.58
2025-09-01,SZ002848,*ST高斯,9.11,5815900,164926212,167150000,152273.65
2025-09-01,SH603839,安正时尚,7.84,8810260,389034500,389034500,305003.048
2025-09-01,SZ300609,汇纳科技,54.58,15814811,119931707,120114387,655584.324246
2025-09-01,SH601212,白银有色,3.87,200302689,7404774511,7404774511,2865647.735757
2025-09-01,SZ300615,欣天科技,15.1,7350407,125252425,193229200,291776.092
2025-09-01,SZ300612,宣亚国际,14.91,7984530,179879496,180454496,269057.653536
2025-09-01,SZ002849,威星智能,16.3,12776892,193567320,220634016,359633.44608
2025-09-01,SZ300613,富瀚微,54.5,7596680,219149727,232354753,1266333.40385
2025-09-01,SH603817,海峡环保,6.16,15347171,570084039,570084039,351171.768024
2025-09-01,SZ300611,美力科技,25.61,8654300,148302980,211074680,540562.25548
2025-09-01,SH600939,重庆建工,3.5,10527300,1901804390,1901804390,665631.5365
2025-09-01,SH603345,安井食品,74.88,5546422,293294232,333288932,2495667.522816
2025-09-01,SH603238,诺邦股份,21.37,10759155,177509000,177509000,379336.733
2025-09-01,SZ300617,安靠智电,34.69,3198535,140564591,167360156,580572.381164
2025-09-01,SZ300619,金银河,29.78,16216721,149845165,173999658,518170.981524
2025-09-01,SZ002850,科达利,138.16,6016386,196837693,273506733,3778769.023128
2025-09-01,SZ300618,寒锐钴业,45.74,42066268,271320758,308324991,1410278.508834
2025-09-01,SH603138,海量数据,16.67,14405580,283116990,293872710,489885.80757
2025-09-01,SH603578,三星新材,13.25,2861961,180357032,180357032,238973.0674
2025-09-01,SZ002851,麦格米特,89.81,61115504,455465114,547693154,4918832.216074
2025-09-01,SZ300616,尚品宅配,13.29,4390840,155008242,224515980,298381.73742
2025-09-01,SH603908,牧高笛,24.52,3051160,93366000,93366000,228933.432
2025-09-01,SH603991,至正股份,61.76,1767986,74534998,74534998,460328.147648
2025-09-01,SH603955,大千生态,37.93,4538790,135720000,135720000,514785.96
2025-09-01,SZ002852,道道全,11.46,8415204,285267998,343968305,394187.67753
2025-09-01,SZ002853,皮阿诺,12.03,2593547,128704815,182915948,220047.885444
2025-09-01,SZ300620,光库科技,110.56,36695614,247107685,249180545,2754940.10552
2025-09-01,SH603630,拉芳家化,26.97,11402320,225204580,225204580,607376.75226
2025-09-01,SH603665,康隆达,28.26,6339322,160167707,161111057,455299.847082
2025-09-01,SH603960,克来机电,20.51,15951159,262197900,262197900,537767.8929
2025-09-01,SZ300623,捷捷微电,34.79,28673392,726050677,832079919,2894806.038201
2025-09-01,SH603903,中持股份,10.39,17089972,255319480,255319480,265276.93972
2025-09-01,SH603811,诚意药业,14.57,14793581,327304320,327304320,476882.39424
2025-09-01,SZ300622,博士眼镜,35.79,10955231,154765277,227854160,815490.03864
2025-09-01,SZ300621,维业股份,9.1,5486923,202529013,208056700,189331.597
2025-09-01,SH603179,新泉股份,50.3,34065308,487303796,487303796,2451138.09388
2025-09-01,SZ300625,三雄极光,12.13,3161000,161971756,279331000,338828.503
2025-09-01,SH603517,ST绝味,16.4,12760535,606001936,606001936,993843.17504
2025-09-01,SZ300628,亿联网络,38.04,12333919,725478755,1266512495,4817813.53098
2025-09-01,SZ300626,华瑞股份,10.96,5495400,179901525,180000000,197280
2025-09-01,SZ002856,美芝股份,10.51,9062800,123904443,135312808,142213.761208
2025-09-01,SZ300627,华测导航,37.57,17663585,646957822,785211888,2950041.063216
2025-09-01,SH603656,泰禾智能,18.95,3294900,183375358,183375358,347496.30341
2025-09-01,SZ002855,捷荣技术,19.51,4572200,246227232,246419682,480764.799582
2025-09-01,SZ300631,久吾高科,34.16,9750100,120599456,125043424,427148.336384
2025-09-01,SZ002857,三晖电气,28.32,15885468,128000000,129170300,365810.2896
2025-09-01,SH603388,*ST元成,2.25,9690180,325733572,325733572,73290.0537
2025-09-01,SH603768,常青股份,12.68,4049400,237955857,237955857,301728.026676
2025-09-01,SZ002858,力盛体育,14.21,8923100,146978438,163919838,232930.089798
2025-09-01,SZ300629,新劲刚,24.33,24648898,216834037,251423424,611713.190592
2025-09-01,SZ002774,快意电梯,11.07,5983600,281771935,336687900,372713.5053
2025-09-01,SH603717,天域生物,8.34,12749700,290146240,290146240,241981.96416
2025-09-01,SH603833,欧派家居,55.52,5810864,609152528,609152528,3382014.835456
2025-09-01,SH603178,圣龙股份,19.07,4838900,236411881,236411881,450837.457067
2025-09-01,SH601228,广州港,3.42,28130555,7544531351,7544531351,2580229.722042
2025-09-01,SH603303,得邦照明,14.58,7479865,476944575,476944575,695385.19035
2025-09-01,SH603041,美思德,12.73,3911080,183147692,183147692,233147.011916
2025-09-01,SZ300635,中达安,14.53,9711000,120416095,140134000,203614.702
2025-09-01,SZ300636,同和药业,9.2,38660021,367357684,419951495,386355.3754
2025-09-01,SH601200,上海环境,8.27,11297218,1346230251,1346230251,1113332.417577
2025-09-01,SH603385,惠达卫浴,6.8,4649420,380664968,380664968,258852.17824
2025-09-01,SZ300632,光莆股份,13.2,6939461,221210558,305181620,402839.7384
2025-09-01,SH603586,金麒麟,20.09,4558494,196052780,196052780,393870.03502
2025-09-01,SZ300633,开立医疗,32.86,4203300,432712405,432712405,1421892.96283
2025-09-01,SH603538,美诺华,26.78,23001906,215393312,219828692,588701.237176
2025-09-01,SZ002859,洁美科技,30.69,5610321,405610456,430937219,1322546.325111
2025-09-01,SH603078,江化微,19.73,18353691,385637248,385637248,760862.290304
2025-09-01,SH603906,龙蟠科技,14.75,26280631,565078903,685078903,1010491.381925
2025-09-01,SZ002862,实丰文化,19.71,5081740,126247916,168000000,331128
2025-09-01,SZ002860,星帅尔,13.14,10152505,349642607,359712516,472662.246024
2025-09-01,SH601366,利群股份,4.55,7923776,913932943,913932943,415839.489065
2025-09-01,SZ300637,扬帆新材,14.21,14419420,234504944,234750130,333579.93473
2025-09-01,SZ300639,凯普生物,5.96,11972019,635164371,646500674,385314.401704
2025-09-01,SZ300638,广和通,32.35,36258829,532926550,765453542,2476242.20837
2025-09-01,SH603797,联泰环保,4.67,11822584,584490586,584490586,272957.103662
2025-09-01,SZ002861,瀛通通讯,17.45,9416980,150168350,186283962,325065.51369
2025-09-01,SH603826,坤彩科技,20.31,4300524,655200000,655200000,1330711.2
2025-09-01,SH603050,科林电气,16.04,1934890,403319193,403319193,646923.985572
2025-09-01,SZ300640,德艺文创,6.61,11386300,220749130,310993427,205566.655247
2025-09-01,SZ300604,长川科技,62.5,78283692,485560675,630465854,3940411.5875
2025-09-01,SZ002863,今飞凯达,5.28,15515358,599483554,599483554,316527.316512
2025-09-01,SZ300641,正丹股份,24.03,13019420,532682322,532682322,1280035.619766
2025-09-01,SH603225,新凤鸣,15.52,22691404,1511771505,1524654505,2366263.79176
2025-09-01,SH603803,瑞斯康达,9.25,13956200,424883557,424883557,393017.290225
2025-09-01,SH603081,大丰实业,12.98,9875600,433392868,433392868,562543.942664
2025-09-01,SH603232,格尔软件,16.04,8534288,231299995,234149995,375576.59198
2025-09-01,SZ300645,正元智慧,20.56,13468910,139315462,142101533,292160.751848
2025-09-01,SZ300554,三超新材,24.44,4044700,79138721,114211577,279133.094188
2025-09-01,SZ300642,透景生命,28.5,23432548,137706966,162556041,463284.71685
2025-09-01,SH603139,康惠股份,23.86,3261100,99880000,99880000,238313.68
2025-09-01,SH603096,新经典,18.47,2033920,154234624,154234624,284871.350528
2025-09-01,SZ002865,钧达股份,46.4,7910336,224865792,292584052,1357590.00128
2025-09-01,SZ300648,星云股份,50.42,7591300,106189439,174281400,878726.8188
2025-09-01,SH603920,世运电路,39.55,47345714,720546867,720546867,2849762.858985
2025-09-01,SZ002866,传艺科技,18.42,8348700,181266506,289522256,533299.995552
2025-09-01,SZ300514,友讯达,14.11,4178800,160258325,200000000,282200
2025-09-01,SZ002867,周大生,13.86,21833695,1079096804,1085473893,1504466.815698
2025-09-01,SH603787,新日股份,12.94,7583400,230143790,230143790,297806.06426
2025-09-01,SH603320,迪贝电气,19.6,3798220,149146203,149146203,292326.55788
2025-09-01,SZ300647,超频三,7.45,17703380,456642143,457321024,340704.16288
2025-09-01,SZ002868,*ST绿康,27.64,1857420,154041618,155415837,429569.373468
2025-09-01,SZ300650,太龙股份,16.63,17760764,170345341,218296126,363026.457538
2025-09-01,SH603505,金石资源,17.64,18681998,841668813,841668813,1484703.786132
2025-09-01,SH603501,豪威集团,145.2,35954355,1206010585,1206010585,17511273.6942
2025-09-01,SZ300643,万通智控,25.25,6111500,230662312,231253546,583915.20365
2025-09-01,SZ300649,杭州园林,17.09,4868000,106116814,132416609,226299.984781
2025-09-01,SH603985,恒润股份,17.28,28047593,440858003,440858003,761802.629184
2025-09-01,SH603229,奥翔药业,11.46,18451220,830297145,830297145,951520.52817
2025-09-01,SZ300651,金陵体育,22.02,6790962,87433026,141209688,310943.732976
2025-09-01,SH603728,鸣志电器,63.39,11288578,418882500,418882500,2655296.1675
2025-09-01,SH603926,铁流股份,15.42,14467810,230838611,234716611,361933.014162
2025-09-01,SH603896,寿仙谷,21.56,2228560,198243911,198243911,427413.872116
2025-09-01,SH603113,金能科技,7.72,9316200,847952378,847952378,654619.235816
2025-09-01,SH603086,先达股份,9.61,14918883,434813143,434813143,417855.430423
2025-09-01,SZ002871,伟隆股份,17.9,33765430,153293528,251853845,450818.38255
2025-09-01,SH603180,金牌家居,20,1659720,154257088,154257088,308514.176
2025-09-01,SZ002870,香山股份,33.95,3379200,128961580,132075636,448396.78422
2025-09-01,SH601952,苏垦农发,9.68,11052820,1378000000,1378000000,1333904
2025-09-01,SZ002869,金溢科技,32,12979355,159511604,179556341,574580.2912
2025-09-01,SH603488,展鹏科技,8.54,4035740,291990440,291990440,249359.83576
2025-09-01,SZ300652,雷迪克,60.01,5116250,119717927,133390572,800476.822572
2025-09-01,SZ300653,正海生物,21.1,2498459,180000000,180000000,379800
2025-09-01,SH603758,秦安股份,14.97,16738199,438797049,438797049,656879.182353
2025-09-01,SH603269,海鸥股份,11.63,17397938,308751768,308751768,359078.306184
2025-09-01,SZ002872,ST天圣,4.84,3158250,214918134,318000000,153912
2025-09-01,SZ300656,民德电子,26.59,4934909,132897892,171125072,455021.566448
2025-09-01,SZ002873,新天药业,12.15,15447467,238668821,244103806,296586.12429
2025-09-01,SH603197,保隆科技,37.81,13792097,213622621,213622621,807707.130001
2025-09-01,SH603383,顶点软件,45.48,6755649,204498019,205386979,934099.980492
2025-09-01,SZ300657,弘信电子,36.27,55332768,468613051,482555756,1750229.727012
2025-09-01,SZ300655,晶瑞电材,12.63,148953998,1010933314,1072970107,1355161.245141
2025-09-01,SH603855,华荣股份,20.61,12272500,333554000,337529000,695647.269
2025-09-01,SZ002876,三利谱,26.15,6172332,148949410,173884932,454709.09718
2025-09-01,SH603580,*ST艾艾,14.66,2738400,130673200,130673200,191566.9112
2025-09-01,SZ300659,中孚信息,15.92,9469512,190332729,260392378,414544.665776
2025-09-01,SH603196,日播时尚,20.16,4143000,236988282,236988282,477768.376512
2025-09-01,SZ002875,安奈儿,17.1,8157827,182436562,213016872,364258.85112
2025-09-01,SH603200,上海洗霸,81.27,14824479,175480103,175480103,1426126.797081
2025-09-01,SZ300658,延江股份,6.64,9132250,225514014,332764105,220955.36572
2025-09-01,SH603042,华脉科技,16.84,18389000,160589840,160589840,270433.29056
2025-09-01,SZ300660,江苏雷利,50.9,15917164,446778567,447136548,2275925.02932
2025-09-01,SZ002877,智能自控,8.96,8819819,240514652,355843695,318835.95072
2025-09-01,SZ300661,圣邦股份,77.46,17825918,592615965,617912243,4786348.234278
2025-09-01,SZ002878,元隆雅图,20.32,58029706,235932838,261991727,532367.189264
2025-09-01,SH600732,爱旭股份,15.34,43671028,1585317243,1826310605,2801560.46807
2025-09-01,SH603496,恒为科技,30.53,15752977,320209243,320209243,977598.818879
2025-09-01,SZ300662,科锐国际,32,7376866,196283592,196806359,629780.3488
2025-09-01,SZ300663,科蓝软件,19.69,23096391,447592920,478449738,942067.534122
2025-09-01,SH603536,惠发食品,10.1,12154980,240532260,244642300,247088.723
2025-09-01,SH603767,中马传动,29.25,27938566,308631500,308631500,902747.1375
2025-09-01,SZ300665,飞鹿股份,9.56,19296506,218070949,218945730,209312.11788
2025-09-01,SH603879,永悦科技,6.96,7236310,359344440,359344440,250103.73024
2025-09-01,SZ300666,江丰电子,81.27,13143491,221157113,265320683,2156261.190741
2025-09-01,SH603980,吉华集团,5.29,14342560,676833360,676833360,358044.84744
2025-09-01,SH603226,菲林格尔,22.93,4588119,355491770,355491770,815142.62861
2025-09-01,SZ002880,卫光生物,28.57,2056921,226013000,226800000,647967.6
2025-09-01,SH603326,我乐家居,8.77,7168980,319176930,319176930,279918.16761
2025-09-01,SH603316,诚邦股份,9.88,63476641,264264000,264264000,261092.832
2025-09-01,SZ300667,必创科技,16.61,5086504,172630474,204636039,339900.460779
2025-09-01,SZ300668,杰恩设计,17.68,1877200,99693862,120381273,212834.090664
2025-09-01,SH603335,迪生力,5.04,15937250,428144600,428144600,215784.8784
2025-09-01,SZ002883,中设股份,11.72,7066656,153325049,156157166,183016.198552
2025-09-01,SH603679,华体科技,17.31,10160836,164785986,164785986,285244.541766
2025-09-01,SH603380,易德龙,43.78,4640500,160441200,160441200,702411.5736
2025-09-01,SZ002881,美格智能,56.32,13708762,180810670,262064400,1475946.7008
2025-09-01,SH601878,浙商证券,12.02,61857108,4573796639,4573796639,5497703.560078
2025-09-01,SZ002885,京泉华,15.78,8344815,230907653,270916968,427506.975504
2025-09-01,SH603043,广州酒家,17.14,7562409,568770805,568770805,974873.15977
2025-09-01,SZ002886,沃特股份,21.25,7852400,209078164,263203565,559307.575625
2025-09-01,SH603286,日盈电子,31.95,5349700,115414831,117423931,375169.459545
2025-09-01,SH603938,三孚股份,14.39,3424115,382624497,382624497,550596.651183
2025-09-01,SZ300669,沪宁股份,35.19,2852245,182499937,192705526,678130.745994
2025-09-01,SH603801,志邦家居,10.03,7010331,434349842,434349842,435652.891526
2025-09-01,SH603617,君禾股份,8.53,20007972,383641337,390471337,333072.050461
2025-09-01,SZ300670,大烨智能,7.51,26426300,224694226,316920479,238007.279729
2025-09-01,SH603331,百达精工,10.86,5276880,202175636,202175636,219562.740696
2025-09-01,SZ300671,富满微,39.87,8622100,217151457,217724473,868067.473851
2025-09-01,SH603933,睿能科技,16.5,5799000,207544575,207544575,342448.54875
2025-09-01,SZ002879,长缆科技,18.01,5675390,137884005,193107640,347786.85964
2025-09-01,SH603305,旭升集团,14.31,16908980,953316724,953316724,1364196.232044
2025-09-01,SH603757,大元泵业,52.9,17355876,164747529,164747529,871514.42841
2025-09-01,SZ002884,凌霄泵业,17.11,8712119,273072488,357682509,611994.772899
2025-09-01,SZ300673,佩蒂股份,18.28,10681742,161992309,248830140,454861.49592
2025-09-01,SZ300672,国科微,95.84,12526507,210337661,217140672,2081076.200448
2025-09-01,SH603595,ST东尼,24.36,37555864,232442326,232442326,566229.506136
2025-09-01,SZ300676,华大基因,53.92,7475463,416046525,418317075,2255565.6684
2025-09-01,SH603387,基蛋生物,8.52,6066085,507153517,507153517,432094.796484
2025-09-01,SZ002882,金龙羽,34.2,35993700,246737150,432900000,1480518
2025-09-01,SH603612,索通发展,25.95,67424030,498104459,498104459,1292581.071105
2025-09-01,SZ300675,建科院,15.17,3339700,146666700,146666700,222493.3839
2025-09-01,SH603707,健友股份,11.76,26500677,1615634969,1615634969,1899986.723544
2025-09-01,SH601619,嘉泽新能,3.87,34948179,2434362939,2434362939,942098.457393
2025-09-01,SH603676,卫信康,12.55,5977786,435161500,435161500,546127.6825
2025-09-01,SZ300677,英科医疗,36.39,14679396,464903405,654793743,2382794.430777
2025-09-01,SZ002888,惠威科技,19.82,15139004,74923020,147643412,292629.242584
2025-09-01,SZ300680,隆盛科技,44.23,18293183,175838140,227716078,1007188.212994
2025-09-01,SZ300681,英搏尔,31,10814803,183899240,262943418,815124.5958
2025-09-01,SH603063,禾望电气,36.51,47077321,454572054,454572054,1659642.569154
2025-09-01,SZ300678,中科信息,38.72,17507839,291278395,296386293,1147607.726496
2025-09-01,SH603730,岱美股份,5.72,42129126,2148583520,2148583520,1228989.77344
2025-09-01,SZ002889,东方嘉盛,15.95,3522766,251284553,377667472,602379.61784
2025-09-01,SH603233,大参林,16.93,9976067,1138847895,1138847895,1928069.486235
2025-09-01,SH600710,苏美达,10.31,22730539,1306749434,1306749434,1347258.666454
2025-09-01,SZ300679,电连技术,49.75,13007670,359145259,424820000,2113479.5
2025-09-01,SH603357,设计总院,8.62,9483791,555602959,560577909,483218.157558
2025-09-01,SZ300682,朗新科技,26.3,44310700,1034069502,1080247336,2841050.49368
2025-09-01,SZ002887,绿茵生态,9.11,11653035,194600360,305986700,278753.8837
2025-09-01,SH603860,中公高科,31.16,1380800,66680000,66680000,207774.88
2025-09-01,SH603825,ST华扬,9.8,18942428,253336552,253336552,248269.82096
2025-09-01,SZ300685,艾德生物,23.77,9664404,389597363,391536144,930681.414288
2025-09-01,SZ002890,弘宇股份,14.92,2596280,161484210,169875160,253453.73872
2025-09-01,SZ300687,赛意信息,28.52,25545749,329086439,408411610,1164789.91172
2025-09-01,SZ300686,智动力,12.77,15895440,193670867,260624220,332817.12894
2025-09-01,SH603880,南卫股份,6.34,6808171,289042000,289042000,183252.628
2025-09-01,SH603978,深圳新星,16.69,5159100,211094299,211094299,352316.385031
2025-09-01,SH603535,嘉诚国际,11.79,8893434,510918139,510918139,602372.485881
2025-09-01,SZ300683,海特生物,47.42,10762804,122064641,130894391,620701.202122
2025-09-01,SZ300690,双一科技,35.75,11097246,110781379,165348919,591122.385425
2025-09-01,SZ300689,澄天伟业,56.58,2472190,101182174,115600000,654064.8
2025-09-01,SH603458,勘设股份,9.17,15052765,306124514,306124514,280716.179338
2025-09-01,SZ300688,创业黑马,33.44,21017884,148378458,167379464,559716.927616
2025-09-01,SH603602,纵横通信,16.84,21041292,229338293,229338293,386205.685412
2025-09-01,SZ300691,联合光电,19.8,8026734,220738120,269048766,532716.55668
2025-09-01,SH603721,*ST天择,21.41,4086180,130000000,130000000,278330
2025-09-01,SH601326,秦港股份,3.41,37430100,4757559000,5587412000,1905307.492
2025-09-01,SH603776,永安行,21.3,11688668,280760572,280760572,598020.01836
2025-09-01,SZ002892,科力尔,14.75,19337194,483548143,743750960,1097032.666
2025-09-01,SH603129,春风动力,272,2781253,152577663,152577663,4150112.4336
2025-09-01,SH603557,ST起步,2.52,16316312,623436888,623436888,157106.095776
2025-09-01,SH601949,中国出版,7.04,13476000,1903968054,1903968054,1340393.510016
2025-09-01,SZ002891,中宠股份,59.51,9464459,304372555,304372705,1811321.967455
2025-09-01,SZ300692,中赋科技,7.13,22242620,375333573,424507648,302673.953024
2025-09-01,SH603976,正川股份,21,1495300,151202102,151202102,317524.4142
2025-09-01,SZ300693,盛弘股份,38.34,20496230,268853025,312795823,1199259.185382
2025-09-01,SZ300696,爱乐达,28.82,14954306,265886641,293152983,844866.897006
2025-09-01,SH603079,圣达生物,17.78,2648780,171188958,189029624,336094.671472
2025-09-01,SH603181,皇马科技,16.79,34502959,588700000,588700000,988427.3
2025-09-01,SH603127,昭衍新药,32.71,34899742,630482128,749477334,2451540.359514
2025-09-01,SZ002895,川恒股份,27.09,14872015,596626783,607666683,1646169.044247
2025-09-01,SZ002896,中大力德,91.85,10325924,196522670,196522670,1805060.72395
2025-09-01,SZ300698,万马科技,46.5,6580200,118545943,134000000,623100
2025-09-01,SH603359,东珠生态,8.38,0,446096000,446096000,373828.448
2025-09-01,SZ300699,光威复材,31.73,17674676,821443049,831352000,2637879.896
2025-09-01,SH603500,祥和实业,11.02,15986008,331833469,332800046,366745.650692
2025-09-01,SH603183,建研院,4.46,16325455,497153251,497153251,221730.349946
2025-09-01,SH603725,天安新材,10.29,9738572,286657680,304857680,313698.55272
2025-09-01,SZ300697,电工合金,15.97,28439099,331240000,432640000,690926.08
2025-09-01,SH603527,众源新材,11.32,11565122,316971200,316971200,358811.3984
2025-09-01,SZ002897,意华股份,46.08,11600986,182425213,193880696,893402.247168
2025-09-01,SH603882,金域医学,31.84,9729328,460134577,463258275,1475014.3476
2025-09-01,SZ300695,兆丰股份,102.17,1471956,102256924,102256924,1044758.992508
2025-09-01,SH603277,银都股份,17.42,2194921,609746025,613699305,1069064.18931
2025-09-01,SZ300700,岱勒新材,14.03,18045016,269627549,396046023,555652.570269
2025-09-01,SZ002898,*ST赛隆,15.13,2425620,101262561,176000000,266288
2025-09-01,SH603386,骏亚科技,15.25,10400800,326322560,326322560,497641.904
2025-09-01,SH603648,畅联股份,11.15,3926200,362412800,362412800,404090.272
2025-09-01,SZ300701,森霸传感,12.4,16885549,249121823,282735119,350591.54756
2025-09-01,SZ002899,英派斯,21.04,5127700,147796976,147796976,310964.837504
2025-09-01,SH603321,梅轮电梯,8.39,5238910,302515000,349049469,292852.504491
2025-09-01,SZ002893,京能热力,11.3,8245100,202778618,263640000,297913.2
2025-09-01,SH603813,*ST原尚,18.63,1207700,89942000,105015000,195642.945
2025-09-01,SZ300703,创源股份,31.19,11616026,169661583,180391840,562642.14896
2025-09-01,SZ300702,天宇股份,28.44,13285075,211164483,347977159,989647.040196
2025-09-01,SH603106,恒银科技,11.8,23839311,520520000,520520000,614213.6
2025-09-01,SH603055,台华新材,9.42,7836200,886700858,890292633,838655.660286
2025-09-01,SH603533,掌阅科技,21.73,13953432,438896835,438896835,953722.822455
2025-09-01,SZ002901,大博医疗,55.78,4412555,288517798,414019506,2309400.804468
2025-09-01,SZ002900,哈三联,14.95,11574312,173080045,316357550,472954.53725
2025-09-01,SZ300706,阿石创,42.51,8535880,113575499,153220499,651340.341249
2025-09-01,SZ300654,世纪天鸿,10.58,10174765,352261534,366124852,387360.093416
2025-09-01,SH603363,傲农生物,4.85,164450874,1597961826,2602961826,1262436.48561
2025-09-01,SH603136,天目湖,13.13,12218800,270126710,270126710,354676.37023
2025-09-01,SH603378,亚士创能,5.97,8770832,428596642,428596642,255872.195274
2025-09-01,SH603367,辰欣药业,25.38,21816657,452754129,452754129,1149089.979402
2025-09-01,SH601086,国芳集团,12.49,58449351,666000000,666000000,831834
2025-09-01,SZ002902,铭普光磁,24.81,24178838,177632246,235009062,583057.482822
2025-09-01,SZ300705,九典制药,18.9,19388765,369790526,500211714,945400.13946
2025-09-01,SZ300707,威唐工业,15.18,5402700,143283815,176539920,267987.59856
2025-09-01,SH603103,横店影视,16.62,4383000,634200000,634200000,1054040.4
2025-09-01,SH603110,东方材料,16.72,20690900,201226732,201226732,336451.095904
2025-09-01,SZ002903,宇环数控,22.92,8037825,105653824,155805000,357105.06
2025-09-01,SZ002906,华阳集团,31.65,11025991,524727583,524917041,1661362.434765
2025-09-01,SH603499,翔港科技,20.12,27570371,302594390,302594390,608819.91268
2025-09-01,SZ300708,聚灿光电,9.44,54500721,742845914,971746804,917328.982976
2025-09-01,SZ002905,金逸影视,9.41,7464176,349440000,376320000,354117.12
2025-09-01,SH603829,洛凯股份,17.7,3470264,160008269,160008269,283214.63613
2025-09-01,SH603396,金辰股份,27.68,2620800,138527478,138527478,383444.059104
2025-09-01,SZ300709,精研科技,57.71,25953780,149283061,186076681,1073848.526051
2025-09-01,SZ300710,万隆光电,20.71,4606020,74580013,99490300,206044.4113
2025-09-01,SZ002908,德生科技,11.46,13298898,321834632,431432088,494421.172848
2025-09-01,SH603466,风语筑,10.54,16814347,594785851,594785851,626904.286954
2025-09-01,SZ002907,华森制药,17.72,7235400,299914510,417596314,739980.668408
2025-09-01,SH603683,晶华新材,24.84,12706476,258791289,289634661,719452.497924
2025-09-01,SH603922,金鸿顺,22.9,14562180,179200000,179200000,410368
2025-09-01,SH601108,财通证券,8.6,50760190,4643760927,4643760927,3993634.39722
2025-09-01,SH603607,京华激光,27.46,14139240,178516800,178516800,490207.1328
2025-09-01,SH603722,阿科力,51.95,7500500,95700121,97720121,507656.028595
2025-09-01,SZ002909,集泰股份,7.13,22496691,380427383,390000000,278070
2025-09-01,SZ300715,凯伦股份,10.67,4628500,334158876,378055430,403385.14381
2025-09-01,SH603260,合盛硅业,51.87,6627260,1182206941,1182206941,6132107.402967
2025-09-01,SZ002910,庄园牧场,9.89,7073740,171061950,195539347,193388.414183
2025-09-01,SZ300712,永福股份,25.55,2536350,186740010,187546035,479180.119425
2025-09-01,SH603289,泰瑞机器,10.71,10443426,293374575,293374575,314204.169825
2025-09-01,SZ300713,英可瑞,18.57,3474525,89108778,158720810,294744.54417
2025-09-01,SZ300711,广哈通信,24.22,6785079,248426804,249170606,603491.207732
2025-09-01,SH603912,佳力图,10.32,25511470,541818152,541818152,559156.332864
2025-09-01,SH603937,丽岛新材,11.33,9517985,208880925,208880925,236662.088025
2025-09-01,SH603659,璞泰来,23.84,133294326,2136399076,2136399076,5093175.397184
2025-09-01,SH603856,东宏股份,11.75,4250050,282056060,282056060,331415.8705
2025-09-01,SH603507,振江股份,27.72,9957685,181772307,184301307,510883.223004
2025-09-01,SZ300717,华信新材,20.7,3187000,101853400,102775000,212744.25
2025-09-01,SZ300720,海川智能,25.65,5497950,174651991,194877256,499860.16164
2025-09-01,SZ300718,长盛轴承,92.05,9371348,193842033,298779030,2750260.97115
2025-09-01,SH600903,贵州燃气,6.96,10114620,1150008428,1150008428,800405.865888
2025-09-01,SZ300719,安达维尔,18.14,5610300,179620132,254227150,461168.0501
2025-09-01,SZ300716,ST泉为,10.91,10307978,160020000,160020000,174581.82
2025-09-01,SH603916,苏博特,11.35,14691805,420314119,426284119,483832.475065
2025-09-01,SH603083,剑桥科技,93.95,63137968,268019841,268019841,2518046.406195
2025-09-01,SZ300722,新余国科,37.61,7109882,276756480,276756480,1040881.12128
2025-09-01,SZ300725,药石科技,45.36,13618623,189282624,220376063,999625.821768
2025-09-01,SH603076,乐惠国际,27.94,4959696,120701344,120701344,337239.555136
2025-09-01,SH603278,大业股份,10.2,13204300,341759392,341759392,348594.57984
2025-09-01,SZ300721,怡达股份,14.59,5626230,138351669,164846739,240511.392201
2025-09-01,SH603605,珀莱雅,84.43,8167805,395405126,396005222,3343472.089346
2025-09-01,SZ300723,一品红,73.63,17855334,417667190,451692766,3325813.836058
2025-09-01,SZ002864,盘龙药业,30.14,2250200,74190728,106280960,320330.81344
2025-09-01,SH603970,中农立华,13.84,4038275,268800134,268800134,372019.385456
2025-09-01,SH603619,中曼石油,19.44,10412448,462338461,462338461,898785.968184
2025-09-01,SH600933,爱柯迪,19.25,23179782,977369171,985121171,1896358.254175
2025-09-01,SH603365,水星家纺,17.15,1237270,259802300,262633500,450416.4525
2025-09-01,SZ300726,宏达电子,38.84,10803014,214438423,411839845,1599585.95798
2025-09-01,SZ002912,中新赛克,30.4,9154171,162222011,170752000,519086.08
2025-09-01,SH603661,恒林股份,31.77,2514483,139067031,139067031,441815.957487
2025-09-01,SZ002911,佛燃能源,11.48,11277348,1256371852,1297501261,1489531.447628
2025-09-01,SH601019,山东出版,8.68,32123724,2086900000,2086900000,1811429.2
2025-09-01,SH603685,晨丰科技,19.37,6772998,169009125,169009125,327370.675125
2025-09-01,SZ300727,润禾材料,40.18,13294107,161774220,179867353,722707.024354
2025-09-01,SH603809,豪能股份,14.93,31673349,859845527,859845527,1283749.371811
2025-09-01,SH603711,香飘飘,13.57,3141600,412874100,412874100,560270.1537
2025-09-01,SZ002913,奥士康,40.98,8828058,301685174,317360504,1300543.345392
2025-09-01,SH603848,好太太,23.9,2998054,402406511,402406511,961751.56129
2025-09-01,SZ300729,乐歌股份,14.83,6823662,320307984,341612314,506611.061662
2025-09-01,SH603917,合力科技,13.38,7748962,203840000,203840000,272737.92
2025-09-01,SZ002915,中欣氟材,27.2,23033041,288082375,325468375,885273.98
2025-09-01,SZ300730,科创信息,20.38,23458502,193319079,241138947,491441.173986
2025-09-01,SZ300731,科创新源,56.42,33301077,120179189,126431804,713328.238168
2025-09-01,SZ002917,金奥博,14.53,7150000,260478031,347614197,505083.428241
2025-09-01,SH603890,春秋电子,13.97,14735558,439066035,439066035,613375.250895
2025-09-01,SZ300732,设研院,9.24,12701104,323904885,324315368,299667.400032
2025-09-01,SZ002916,深南电路,199.88,17025345,665020632,666740795,13326815.01046
2025-09-01,SH600025,华能水电,9.07,34547582,18000000000,18000000000,16326000
2025-09-01,SZ002919,名臣健康,15.92,6390516,264388170,266526066,424309.497072
2025-09-01,SH603477,巨星农牧,21.22,17754806,510070333,510070333,1082369.246626
2025-09-01,SZ000155,川能动力,10.16,17344174,1846168342,1846168342,1875707.035472
2025-09-01,SZ002918,蒙娜丽莎,13.35,10916481,219467884,415185333,554272.419555
2025-09-01,SH603283,赛腾股份,42.55,20716980,271716823,278590823,1185403.951865
2025-09-01,SZ001965,招商公路,10.5,21596278,6820337394,6820337394,7161354.2637
2025-09-01,SZ002920,德赛西威,126.37,12911466,553135812,554949301,7012894.316737
2025-09-01,SZ300684,中石科技,35.77,27404694,203244969,299509223,1071344.490671
2025-09-01,SZ002921,联诚精密,16.08,5935788,132764730,153233227,246399.029016
2025-09-01,SZ300735,光弘科技,31.64,38603859,757417281,767460689,2428245.619996
2025-09-01,SZ002922,伊戈尔,24.19,54064654,375028780,423103124,1023486.456956
2025-09-01,SH603655,朗博科技,38.9,2143900,106000000,106000000,412340
2025-09-01,SH603329,上海雅仕,11.66,6051473,206383053,206383053,240642.639798
2025-09-01,SH603080,新疆火炬,21.42,4423498,141500000,141500000,303093
2025-09-01,SH603161,科华控股,13.77,8278770,190748750,194407705,267699.409785
2025-09-01,SZ300664,鹏鹞环保,5.54,10706150,752245332,756256332,418966.007928
2025-09-01,SZ002923,润都股份,14.33,11273738,258084833,334893286,479902.078838
2025-09-01,SZ300736,百邦科技,12.79,8819000,124445237,127293324,162808.161396
2025-09-01,SZ002925,盈趣科技,18.51,8803846,736174691,777441784,1439044.742184
2025-09-01,SZ300733,西菱动力,20.87,9979600,225483982,305676280,637946.39636
2025-09-01,SH603056,德邦股份,16.23,11678800,1019815388,1019815388,1655160.374724
2025-09-01,SH601828,美凯龙,2.93,22548961,3613447039,4354732673,1275936.673189
2025-09-01,SZ300624,万兴科技,79.95,15183740,171233216,193336324,1545723.91038
2025-09-01,SZ300738,奥飞数据,23.57,111352896,984873567,985152531,2322004.515567
2025-09-01,SH603895,天永智能,29.6,4852910,108080000,108080000,319916.8
2025-09-01,SH603356,华菱精工,12.95,3774800,133340000,133340000,172675.3
2025-09-01,SZ300737,科顺股份,5.13,19772987,886916272,1109968359,569413.768167
2025-09-01,SH601838,成都银行,18.2,36456177,4231058198,4238435356,7713952.34792
2025-09-01,SH603506,南都物业,13.81,6570681,187777779,187777779,259321.112799
2025-09-01,SZ300739,明阳电路,17.93,26670088,344509123,347816398,623634.801614
2025-09-01,SH603516,淳中科技,96.71,18321636,203266279,203266279,1965788.184209
2025-09-01,SZ002926,华西证券,10.52,90828403,2625000000,2625000000,2761500
2025-09-01,SZ300644,南京聚隆,35.04,5347593,87905791,109969461,385332.991344
2025-09-01,SH603871,嘉友国际,12.29,23288603,1368008658,1368008658,1681282.640682
2025-09-01,SZ300740,水羊股份,22.48,31504187,359015979,390004249,876729.551752
2025-09-01,SH603709,中源家居,14.04,3400130,125109270,126171500,177144.786
2025-09-01,SH603156,养元饮品,21.88,5570837,1260277566,1260277566,2757487.314408
2025-09-01,SZ002927,泰永长征,15.25,5396443,220737832,223192180,340368.0745
2025-09-01,SH603712,七一二,22.97,21090770,772000000,772000000,1773284
2025-09-01,SH603680,今创集团,13.37,10061651,783718767,783718767,1047831.991479
2025-09-01,SH601360,三六零,11.48,127104662,6999557879,6999557879,8035492.445092
2025-09-01,SZ002929,润建股份,56.64,44217740,210560743,284083084,1609046.587776
2025-09-01,SH600901,江苏金租,5.6,61179870,5790452431,5792379763,3243732.66728
2025-09-01,SZ300741,华宝股份,19.74,4089535,615876700,615880000,1215747.12
2025-09-01,SH603059,倍加洁,31.54,1890000,100448700,100448700,316815.1998
2025-09-01,SZ002928,华夏航空,9,27908850,1278235175,1278241550,1150417.395
2025-09-01,SZ300634,彩讯股份,29.23,18975168,434573500,451210900,1318889.4607
2025-09-01,SH600929,雪天盐业,5.76,34900353,1639625498,1640711650,945049.9104
2025-09-01,SZ002930,宏川智慧,12.13,14979770,432981707,457489639,554934.932107
2025-09-01,SZ300504,天邑股份,15.65,5327300,218251531,271024580,424153.4677
2025-09-01,SH603214,爱婴室,19.28,4989240,138540036,138540036,267105.189408
2025-09-01,SZ002931,锋龙股份,16.08,6778275,200611572,218505856,351357.416448
2025-09-01,SH603897,长城科技,26.8,4511800,206435681,206435681,553247.62508
2025-09-01,SH603301,振德医疗,24.28,3286056,266451202,266451202,646943.518456
2025-09-01,SH603773,沃格光电,37.73,16990288,205069682,224406333,846685.094409
2025-09-01,SH603876,鼎胜新材,10.03,44975022,929267213,929267213,932055.014639
2025-09-01,SH603733,仙鹤股份,24.84,5338010,705976114,705976114,1753644.667176
2025-09-01,SH603348,文灿股份,21.35,5380874,314477192,314477192,671408.80492
2025-09-01,SH603596,伯特利,46.55,27024583,606510820,606510820,2823307.8671
2025-09-01,SZ300743,天地数码,19.62,6161447,127301642,151240499,296733.859038
2025-09-01,SH603259,药明康德,111.58,101245380,2473280246,2951506736,32932912.160288
2025-09-01,SH603013,亚普股份,25.58,11060191,512599264,512599264,1311228.917312
2025-09-01,SZ300454,深信服,128.06,11849624,278293039,421881556,5402615.206136
2025-09-01,SH603045,福达合金,20.61,8604380,135445155,135445155,279152.464455
2025-09-01,SZ300745,欣锐科技,21.03,5890616,141359402,167614391,352493.064273
2025-09-01,SZ300746,汉嘉数智,15.6,6897286,221330475,225738328,352151.79168
2025-09-01,SH603486,科沃斯,93,9793503,569201990,576356790,5360118.147
2025-09-01,SH601138,工业富联,55.62,269519213,19858182061,19859467566,110458358.602092
2025-09-01,SH601330,绿色动力,6.99,7503150,989093466,1393453258,974023.827342
2025-09-01,SZ300750,宁德时代,304,42996421,4252131008,4559314625,138603164.6
2025-09-01,SH603666,亿嘉和,31.38,4903585,205530420,205530420,644954.45796
2025-09-01,SH601990,南京证券,8.67,33962789,3659788847,3686361034,3196075.016478
2025-09-01,SH601066,中信建投,28.07,38159690,6495671035,7756694797,21773042.295179
2025-09-01,SH603587,地素时尚,13.12,3865387,474092787,474092787,622009.736544
2025-09-01,SZ300747,锐科激光,33.87,40301688,521977920,564802491,1912986.037017
2025-09-01,SH603650,彤程新材,37.95,19520666,595766579,598955455,2273035.951725
2025-09-01,SH603693,江苏新能,13.25,5860919,891475880,891475880,1181205.541
2025-09-01,SH603706,东方环宇,21.36,2006500,189382714,189382714,404521.477104
2025-09-01,SH603105,芯能科技,9.3,34114314,500006675,500006675,465006.20775
2025-09-01,SZ002932,明德生物,19.69,4173200,156085161,232520957,457833.764333
2025-09-01,SH603713,密尔克卫,65.95,1939596,158127156,158127156,1042848.59382
2025-09-01,SH601869,长飞光纤,91.98,35722978,406338314,757905108,6971211.183384
2025-09-01,SH603657,春光科技,39.75,6092300,135190050,135190050,537380.44875
2025-09-01,SH601606,长城军工,70.7,108908383,724228400,724228400,5120294.788
2025-09-01,SZ300724,捷佳伟创,108.12,38670639,287136029,347713586,3759479.291832
2025-09-01,SZ000629,钒钛股份,2.87,180553965,9290270724,9294970045,2667656.402915
2025-09-01,SH603590,康辰药业,61.79,7855358,157237477,159356477,984663.671383
2025-09-01,SH603192,汇得科技,22.95,2712210,138666667,141153667,323947.665765
2025-09-01,SZ002933,新兴装备,36.72,4645727,114089047,117350000,430909.2
2025-09-01,SZ000950,重药控股,5.25,21780594,1728184696,1728184696,907296.9654
2025-09-01,SH601068,中铝国际,5.03,13443400,2559590667,2987836267,1502881.642301
2025-09-01,SZ002935,天奥电子,16.69,8703978,415090883,424102508,707827.085852
2025-09-01,SH603297,永新光学,116.38,5175720,110729100,110936700,1291081.3146
2025-09-01,SH603790,雅运股份,18.47,2700300,191360000,191360000,353441.92
2025-09-01,SH603810,丰山集团,15.33,2753765,165245996,165245996,253322.111868
2025-09-01,SZ002938,鹏鼎控股,58.49,41679932,2306781753,2318051016,13558280.392584
2025-09-01,SZ002936,郑州银行,2.06,146128511,6700633017,9092091358,1872970.819748
2025-09-01,SZ300748,金力永磁,39.65,135343700,1134339915,1372131923,5440503.074695
2025-09-01,SH603583,捷昌驱动,43.63,37445219,382246955,382246955,1667743.464665
2025-09-01,SZ300749,顶固集创,8.82,6607820,157395600,205169400,180959.4108
2025-09-01,SZ002937,兴瑞科技,19.36,12156209,296952759,297777779,576497.780144
2025-09-01,SH601577,长沙银行,9.63,34786102,4020683625,4021553754,3872756.265102
2025-09-01,SZ300694,蠡湖股份,13.25,5811700,215316977,215316977,285294.994525
2025-09-01,SZ300760,迈瑞医疗,246.48,10996766,1212405619,1212441394,29884255.479312
2025-09-01,SH601162,天风证券,5.8,473499419,8665757464,10141772224,5882227.88992
2025-09-01,SZ002940,昂利康,49,12923335,185275467,201728186,988468.1114
2025-09-01,SZ002939,长城证券,12.07,123457151,3602659631,4034426956,4869553.335892
2025-09-01,SZ300674,宇信科技,27.94,42963023,703011795,704057060,1967135.42564
2025-09-01,SZ300751,迈为股份,100.71,12989656,193352409,279405006,2813887.815426
2025-09-01,SH603220,中贝通信,23.94,22071151,434252192,434252192,1039599.747648
2025-09-01,SH601319,中国人保,8.75,102162899,35497756583,44223990583,38695991.760125
2025-09-01,SZ002941,新疆交建,15.82,49860777,685820342,685820342,1084967.781044
2025-09-01,SH603187,海容冷链,15.19,10622849,386416107,386416107,586966.066533
2025-09-01,SZ002943,宇晶股份,38.2,7393442,121905048,205429262,784739.78084
2025-09-01,SZ300752,隆利科技,24.38,10157426,154057350,228498956,557080.454728
2025-09-01,SZ002942,新农股份,19.28,3306261,137208793,155857930,300494.08904
2025-09-01,SZ300753,爱朋医疗,34.42,11732771,87905761,126048000,433857.216
2025-09-01,SH603629,利通电子,26.05,21211096,256412000,259930000,677117.65
2025-09-01,SZ001872,招商港口,20.38,5988751,1744903414,2501508381,5098074.080478
2025-09-01,SH603185,弘元绿能,21.12,25980747,679022202,679022202,1434094.890624
2025-09-01,SZ300756,金马游乐,38.41,6692146,131230353,157598176,605334.594016
2025-09-01,SH601860,紫金银行,2.94,77076893,3551568467,3660984783,1076329.526202
2025-09-01,SZ300757,罗博特科,257.1,11503382,148170135,167692391,4311371.37261
2025-09-01,SH601975,招商南油,2.96,104612341,4801856148,4801856148,1421349.419808
2025-09-01,SH603121,华培动力,17.18,8839948,338533715,338533715,581600.92237
2025-09-01,SH603739,蔚蓝生物,14.63,4007460,253028866,253028866,370181.230958
2025-09-01,SZ002948,青岛银行,4.94,50475239,3112421412,5820354724,2875255.233656
2025-09-01,SH603332,苏州龙杰,15.93,9659510,216347184,216347184,344641.064112
2025-09-01,SZ002945,华林证券,16.92,14916247,2700000000,2700000000,4568400
2025-09-01,SH601598,中国外运,5.66,23232795,5255916875,7272197875,4116063.99725
2025-09-01,SH601298,青岛港,8.67,40863278,5392075000,6491100000,5627783.7
2025-09-01,SH603700,宁水集团,12.78,10865643,201699184,201699184,257771.557152
2025-09-01,SH601615,明阳智能,11.97,38374816,2271496706,2271496706,2718981.557082
2025-09-01,SZ002946,新乳业,19.33,13260358,850708651,860676864,1663688.378112
2025-09-01,SZ300759,康龙化成,31.34,66404047,1419384613,1778195525,5572864.77535
2025-09-01,SZ300755,华致酒行,18.31,10484650,416445880,416798400,763157.8704
2025-09-01,SH603351,威尔药业,29.23,1330376,135439132,135439132,395888.582836
2025-09-01,SZ002947,恒铭达,43.7,15790545,192405609,256209336,1119634.79832
2025-09-01,SH601865,福莱特,17.91,33876455,1900205139,2342920139,4196169.968949
2025-09-01,SZ300761,立华股份,19.87,9560164,628016130,837269641,1663654.776667
2025-09-01,SZ300758,七彩化学,15.8,19409505,366306693,406038596,641540.98168
2025-09-01,SH603956,威派格,6.87,13244047,569906286,569906286,391525.618482
2025-09-01,SZ002949,华阳国际,13.5,4315500,151881168,196042743,264657.70305
2025-09-01,SH600928,西安银行,4.23,194177473,4423354066,4444444445,1880000.000235
2025-09-01,SZ002950,奥美医疗,10.47,34738969,451995209,633265407,663028.881129
2025-09-01,SZ300762,上海瀚讯,27.12,46853386,627965772,627965772,1703043.173664
2025-09-01,SZ002951,金时科技,16.95,10478900,404996625,405000000,686475
2025-09-01,SZ300763,锦浪科技,69.19,20870040,321509105,398113845,2754549.693555
2025-09-01,SZ300765,新诺威,56.96,15943818,1247072434,1404592944,8000561.409024
2025-09-01,SZ300766,每日互动,44.41,36854175,358250038,394749757,1753083.670837
2025-09-01,SH603681,永冠新材,15.82,3534300,191131005,191131005,302369.24991
2025-09-01,SZ002958,青农商行,3.36,75852200,4939642632,5555619241,1866688.064976
2025-09-01,SZ002952,亚世光电,20.55,2971000,133245032,164340000,337718.7
2025-09-01,SZ300767,震安科技,21.99,26089258,239891997,276291028,607563.970572
2025-09-01,SH603379,三美股份,62.18,13591454,610479037,610479037,3795958.652066
2025-09-01,SZ300768,迪普科技,18.83,8742066,420667709,643829039,1212330.080437
2025-09-01,SH603068,博通集成,46,23567650,150424966,150424966,691954.8436
2025-09-01,SZ300769,德方纳米,38.3,18411537,251757478,280188030,1073120.1549
2025-09-01,SH603317,天味食品,12.13,10427866,1064996294,1064996294,1291840.504622
2025-09-01,SZ300770,新媒股份,45.92,11465917,229130909,229130909,1052169.134128
2025-09-01,SZ300771,智莱科技,13.34,7896650,181199138,240000000,320160
2025-09-01,SZ300773,拉卡拉,29.09,64591786,734335413,788082500,2292531.9925
2025-09-01,SZ300772,运达股份,15.76,28577419,697821899,786847705,1240071.98308
2025-09-01,SH603967,中创物流,11.65,5208070,346666710,346666710,403866.71715
2025-09-01,SH603697,有友食品,13.82,22575228,427692098,427692098,591070.479436
2025-09-01,SZ002953,日丰股份,15.37,73223960,271637531,456888849,702238.160913
2025-09-01,SZ300778,新城市,14.28,20273531,203619486,203659642,290825.968776
2025-09-01,SH603267,鸿远电子,59.14,6955086,231080892,231080892,1366612.395288
2025-09-01,SH600989,宝丰能源,17.57,46278451,7333360000,7333360000,12884713.52
2025-09-01,SZ300777,中简科技,38.8,16420872,423615261,439707537,1706065.24356
2025-09-01,SZ300776,帝尔激光,77.3,3964277,167600895,273560526,2114622.86598
2025-09-01,SZ300775,三角防务,26.91,14679234,531575436,547539350,1473428.39085
2025-09-01,SH603982,泉峰汽车,9.05,11564484,339553548,339553548,307295.96094
2025-09-01,SZ300779,惠城环保,210.5,4608366,157630114,197132126,4149631.2523
2025-09-01,SH603327,福蓉科技,10.39,12914746,997492462,997492462,1036394.668018
2025-09-01,SZ002955,鸿合科技,26.85,4257020,196279788,236639912,635378.16372
2025-09-01,SZ300780,德恩精工,18.06,5758966,107535012,146670000,264886.02
2025-09-01,SZ300781,因赛集团,43.44,5979251,120845236,163854990,711786.07656
2025-09-01,SH603915,国茂股份,16.79,21017040,656632480,656632480,1102485.93392
2025-09-01,SZ300782,卓胜微,83.18,12213935,448247520,534943198,4449657.520964
2025-09-01,SZ002956,西麦食品,22.02,3775680,223224301,223246885,491589.64077
2025-09-01,SH603217,元利科技,20.7,7447844,208087600,208087600,430741.332
2025-09-01,SH603863,松炀资源,18.17,14686081,204650000,204650000,371849.05
2025-09-01,SZ300594,朗进科技,17.68,8540019,90998125,91873450,162432.2596
2025-09-01,SH600968,海油发展,4.07,121091712,10165104199,10165104199,4137197.408993
2025-09-01,SH603867,新化股份,29.68,6099712,192773989,192773989,572153.199352
2025-09-01,SH601698,中国卫通,23.86,153997559,4224385412,4224385412,10079383.593032
2025-09-01,SZ300788,中信出版,32.79,4163600,190151515,190151515,623506.817685
2025-09-01,SH601236,红塔证券,9.34,40880076,4716787742,4716787742,4405479.751028
2025-09-01,SZ300783,三只松鼠,26.76,15321021,280226700,401630700,1074763.7532
2025-09-01,SZ300785,值得买,35.07,11675963,122334285,198855243,697385.337201
2025-09-01,SH603236,移远通信,106.81,18914189,261657654,261657654,2794765.402374
2025-09-01,SH603256,宏和科技,40.75,32469800,879727500,879727500,3584889.5625
2025-09-01,SH688122,西部超导,64.38,24555764,649664497,649664497,4182540.031686
2025-09-01,SH688088,虹软科技,61.55,32856162,401170400,401170400,2469203.812
2025-09-01,SH688333,铂力特,82.18,10192377,271768196,271768196,2233391.034728
2025-09-01,SH688001,华兴源创,31.47,16217513,445377843,445377843,1401604.071921
2025-09-01,SH688388,嘉元科技,28.15,50033260,426239162,426239162,1199863.24103
2025-09-01,SH688012,中微公司,223.2,21924815,626145307,626145307,13975563.25224
2025-09-01,SH688019,安集科技,189.99,8369412,168489007,168489007,3201122.643993
2025-09-01,SH688022,瀚川智能,16.49,5536990,175878324,175878324,290023.356276
2025-09-01,SH688003,天准科技,58.95,6190094,194136500,194136500,1144434.6675
2025-09-01,SH688005,容百科技,25.38,34941711,714618752,714725470,1813973.24286
2025-09-01,SH688006,杭可科技,30.15,55704777,603672152,603672152,1820071.53828
2025-09-01,SH688007,光峰科技,22.95,33800962,459291145,459291145,1054073.177775
2025-09-01,SH688008,澜起科技,124.22,64423613,1145151330,1145151330,14225069.82126
2025-09-01,SH688009,中国通号,5.57,58632146,8621018000,10589819000,5898529.183
2025-09-01,SH688018,乐鑫科技,218.18,7250640,156702722,156702722,3418939.988596
2025-09-01,SH688033,天宜新材,7.06,21998397,562198596,562198596,396912.208776
2025-09-01,SH688016,心脉医疗,109.92,2784702,123262117,123262117,1354897.190064
2025-09-01,SH688002,睿创微纳,76.75,7618877,460237540,460237540,3532323.1195
2025-09-01,SH688029,南微医学,93.51,4490087,187847422,187847422,1756561.243122
2025-09-01,SH688010,福光股份,33,3878928,160561578,160561578,529853.2074
2025-09-01,SH688015,交控科技,23.93,8657837,188680742,188680742,451513.015606
2025-09-01,SH688020,方邦股份,71.85,6000097,80831748,80831748,580776.10938
2025-09-01,SH688011,新光光电,47.19,6429180,100000000,100000000,471900
2025-09-01,SH688028,沃尔德,25.68,4710635,150949000,150949000,387637.032
2025-09-01,SH688066,航天宏图,36.6,36723187,261277407,261277407,956275.30962
2025-09-01,SZ300786,国林科技,15.95,9312020,146644444,184015879,293505.327005
2025-09-01,SH603983,丸美生物,40.51,5208400,401000000,401000000,1624451
2025-09-01,SH603687,大胜达,7.7,11103685,550031864,550031864,423524.53528
2025-09-01,SZ002957,科瑞技术,18.42,16657999,410025366,419982466,773607.702372
2025-09-01,SH603279,景津装备,15.69,5213472,576373000,576457000,904461.033
2025-09-01,SH603613,国联股份,29.59,31861990,720537813,720537813,2132071.388667
2025-09-01,SZ002966,苏州银行,8.05,45032156,4396221024,4470662011,3598882.918855
2025-09-01,SH603530,神马电力,29.25,2186800,427464774,431684575,1262677.381875
2025-09-01,SH603662,柯力传感,71.64,9531517,280829868,280829868,2011865.174352
2025-09-01,SH688099,晶晨股份,98.71,13121267,421101263,421101263,4156690.567073
2025-09-01,SH688188,柏楚电子,156.73,3211135,288391239,288391239,4519955.888847
2025-09-01,SZ002960,青鸟消防,11.1,19429330,741718712,869338948,964966.23228
2025-09-01,SH603115,海星股份,21.43,7591272,241890400,241890400,518371.1272
2025-09-01,SH688321,微芯生物,38.96,29008711,407796477,407796477,1588775.074392
2025-09-01,SZ300787,海能实业,15.48,14089813,190958656,313432816,485193.999168
2025-09-01,SZ002959,小熊电器,55.48,6335628,151704101,157038674,871250.563352
2025-09-01,SH603992,松霖科技,29.22,3121700,424751283,432895283,1264920.016926
2025-09-01,SZ003816,中国广核,3.78,210972523,39334986100,50498611100,19088474.9958
2025-09-01,SZ300789,唐源电气,29.9,4149968,98895953,143849057,430108.68043
2025-09-01,SH603755,日辰股份,26.88,2113304,98613681,98613681,265073.574528
2025-09-01,SH603093,南华期货,22.79,16159100,610065893,610065893,1390340.170147
2025-09-01,SZ002961,瑞达期货,22.55,8779900,445033512,445035762,1003555.64331
2025-09-01,SH688168,安博通,108.76,4339809,76855124,76855124,835876.328624
2025-09-01,SH603927,中科软,21.64,17915313,831040000,831040000,1798370.56
2025-09-01,SZ002962,五方光电,15.88,5085913,209184005,291665352,463164.578976
2025-09-01,SZ300790,宇瞳光学,33.49,51671929,324623513,374118981,1252924.467369
2025-09-01,SH688116,天奈科技,50.86,21115934,344741494,366415836,1863590.941896
2025-09-01,SZ300791,仙乐健康,25.52,4699484,256629897,307318960,784277.98592
2025-09-01,SZ300792,壹网壹创,30.5,12244039,212533673,236942730,722675.3265
2025-09-01,SH688036,传音控股,90,14239673,1140350575,1140350575,10263155.175
2025-09-01,SH688068,热景生物,204.63,3383495,92707940,92707940,1897082.57622
2025-09-01,SH688030,山石网科,21.21,3411582,180232658,180232658,382273.467618
2025-09-01,SH688368,晶丰明源,103.27,2551248,88048706,88048706,909278.986862
2025-09-01,SH603786,科博达,58.8,4389200,403856700,403856700,2374677.396
2025-09-01,SZ300793,佳禾智能,18.76,16182340,372066892,380525392,713865.635392
2025-09-01,SH603815,交建股份,10.02,30498095,618924235,618924235,620162.08347
2025-09-01,SZ300795,米奥会展,16.04,5295598,173265200,298893870,479425.76748
2025-09-01,SH688139,海尔生物,32.98,3865976,317952508,317952508,1048607.371384
2025-09-01,SZ002965,祥鑫科技,43.31,13919577,199421609,265380359,1149362.334829
2025-09-01,SH688098,申联生物,12.6,20368702,410644000,410644000,517411.44
2025-09-01,SZ002963,豪尔赛,13.1,5658000,114211952,150359930,196971.5083
2025-09-01,SH603610,麒盛科技,16.25,28217032,352991621,352991621,573611.384125
2025-09-01,SH601077,渝农商行,6.38,121025727,8837700254,11357000000,7245766
2025-09-01,SH688108,赛诺医疗,34.04,58954601,416048000,416048000,1416227.392
2025-09-01,SH688366,昊海生科,55.28,1405445,194051855,232581095,1285708.29316
2025-09-01,SH688369,致远互联,29.23,5875974,115218071,115218071,336782.421533
2025-09-01,SH688025,杰普特,146.51,3690745,95049423,95049423,1392569.096373
2025-09-01,SH688058,宝兰德,31.52,2652574,77730937,77730937,245007.913424
2025-09-01,SZ300797,钢研纳克,19.19,43484220,378559890,382783800,734562.1122
2025-09-01,SH688389,普门科技,14.14,5524619,428485730,428485730,605878.82222
2025-09-01,SH688199,久日新材,29.15,9996951,161227251,161227251,469977.436665
2025-09-01,SH688128,中国电研,26.59,4318929,404500000,404500000,1075565.5
2025-09-01,SH688023,安恒信息,59.1,5960893,102065545,102065545,603207.37095
2025-09-01,SH688202,美迪西,66.92,9305816,134352184,134352184,899084.815328
2025-09-01,SH688021,奥福科技,18.6,2724940,76413717,76413717,142129.51362
2025-09-01,SH688363,华熙生物,58.9,8215014,481678242,481678242,2837084.84538
2025-09-01,SH688299,长阳科技,24.68,51591884,287392894,287392894,709285.662392
2025-09-01,SZ300800,力合科技,11.87,3785050,234381500,236759000,281032.933
2025-09-01,SH688288,鸿泉技术,31.41,3504026,101043920,101043920,317378.95272
2025-09-01,SZ300564,筑博设计,16.52,3702529,113191750,161315200,266492.7104
2025-09-01,SZ002967,广电计量,21,12657200,529721139,583245846,1224816.2766
2025-09-01,SH688166,博瑞医药,96.9,15409998,422768244,422768244,4096624.28436
2025-09-01,SH603489,八方股份,26.72,6727831,234617979,234617979,626899.239888
2025-09-01,SZ300802,矩子科技,21.44,4833880,199934099,289295555,620249.66992
2025-09-01,SZ300796,贝斯美,10.88,8883584,361142872,361142872,392923.444736
2025-09-01,SH688300,联瑞新材,57.23,10081771,241469190,241469190,1381928.17437
2025-09-01,SH688101,三达膜,17.5,18975296,332012066,332012066,581021.1155
2025-09-01,SZ300803,指南针,150.88,51567168,598589911,608150449,9175773.974512
2025-09-01,SH688111,金山办公,332.2,7413232,463179293,463179293,15386816.11346
2025-09-01,SH688138,清溢光电,31.79,5395315,266800000,314800000,1000749.2
2025-09-01,SZ300805,电声股份,11.91,15242700,288162792,424253592,505286.028072
2025-09-01,SH688196,卓越新能,46.5,2186622,120000000,120000000,558000
2025-09-01,SZ300798,锦鸡股份,8.61,15984761,372802066,468849780,403679.66058
2025-09-01,SZ300806,斯迪克,25.49,18081818,316210172,453300503,1155462.982147
2025-09-01,SH603390,通达电气,13.55,7611948,349755265,351651984,476488.43832
2025-09-01,SH601916,浙商银行,3.14,346941480,21544435963,27464635963,8623895.692382
2025-09-01,SZ300801,泰和科技,25.1,19226069,136491125,218430000,548259.3
2025-09-01,SZ300808,久量股份,29.7,2114300,118899578,160000000,475200
2025-09-01,SZ002969,嘉美包装,3.51,14346305,949775824,955451290,335363.40279
2025-09-01,SH688358,祥生医疗,31.3,1604462,112124537,112124537,350949.80081
2025-09-01,SZ002968,新大正,10.72,4485755,213156158,226277783,242569.783376
2025-09-01,SH688310,迈得医疗,20.81,8368319,166219690,166219690,345903.17489
2025-09-01,SH688118,普元信息,30.54,4919490,91817613,91817613,280410.990102
2025-09-01,SZ300809,华辰装备,46.25,6244120,150569504,253539200,1172618.8
2025-09-01,SH688357,建龙微纳,34.6,2079405,100058481,100058481,346202.34426
2025-09-01,SH688399,硕世生物,61.9,2414758,83871721,83871721,519165.95299
2025-09-01,SZ300810,中科海讯,55.1,10579550,113990525,118050000,650455.5
2025-09-01,SH688258,卓易信息,68.74,5593303,121142237,121142237,832731.737138
2025-09-01,SH688198,佰仁医疗,116.95,806020,137748133,137748133,1610964.415435
2025-09-01,SH601658,邮储银行,6.09,195747396,67122395200,120095053492,73137887.576628
2025-09-01,SH688218,江苏北人,28.53,11731500,118601725,118601725,338370.721425
2025-09-01,SH688039,当虹科技,55.7,6261044,110601424,110601424,616049.93168
2025-09-01,SZ001914,招商积余,12.4,10463011,1060341660,1060346060,1314829.1144
2025-09-01,SH688037,芯源微,127.8,6673075,201277846,201277846,2572330.87188
2025-09-01,SZ002970,锐明技术,50.05,4966990,121371597,178698639,894386.688195
2025-09-01,SH603053,成都燃气,10.47,6889930,888890000,888890000,930667.83
2025-09-01,SZ300807,天迈科技,45.43,8894550,51941489,68039587,309103.843741
2025-09-01,SH688089,嘉必优,27.36,12212593,168309120,168309120,460493.75232
2025-09-01,SH601512,中新集团,8.54,12312399,1498890000,1498890000,1280052.06
2025-09-01,SH688123,聚辰股份,90.01,8070137,158115819,158115819,1423200.486819
2025-09-01,SH603995,甬金股份,18.36,5049095,365617601,365617601,671273.915436
2025-09-01,SH688268,华特气体,58.61,4076671,120223849,120304849,705106.719989
2025-09-01,SZ002972,科安达,12.73,4176120,134646690,246008800,313169.2024
2025-09-01,SZ300811,铂科新材,78.62,20178329,237343265,289515067,2276167.456754
2025-09-01,SH688078,龙软科技,32.74,1262631,72893000,72893000,238651.682
2025-09-01,SH603109,神驰机电,32.65,5148640,208848360,208848360,681889.8954
2025-09-01,SH688181,八亿时空,41.28,7966115,134481546,134481546,555139.821888
2025-09-01,SH688081,兴图新科,26.79,4555417,103040000,103040000,276044.16
2025-09-01,SZ002973,侨银股份,13.64,4917498,222891990,408665563,557419.827932
2025-09-01,SZ300812,易天股份,24.91,5464140,92708057,140077029,348931.879239
2025-09-01,SZ002971,和远气体,26.72,2634160,161004546,211235000,564419.92
2025-09-01,SZ300813,泰林生物,32.93,4580257,76051073,121199219,399109.028167
2025-09-01,SH688178,万德斯,25.8,1693500,84997844,84997844,219294.43752
2025-09-01,SH603551,奥普科技,12.59,4154867,384908650,390158650,491209.74035
2025-09-01,SH601816,京沪高铁,5.26,206830012,48925679370,48925679370,25734907.34862
2025-09-01,SH688278,特宝生物,85.9,4392789,406800000,406800000,3494412
2025-09-01,SH688158,优刻得,27.41,30670437,405473908,456305081,1250732.227021
2025-09-01,SH688100,威胜信息,37.86,5216901,491685175,491685175,1861520.07255
2025-09-01,SH688026,洁特生物,19.93,7178289,140318398,140363220,279743.89746
2025-09-01,SZ300815,玉禾田,27.66,29165245,390384108,398592000,1102505.472
2025-09-01,SH688159,有方科技,77.16,14315741,92728820,92908820,716884.45512
2025-09-01,SH688266,泽璟制药,106.2,5406098,264708186,264708186,2811200.93532
2025-09-01,SH603290,斯达半导,109.72,13931059,239473466,239473466,2627502.868952
2025-09-01,SH688298,东方生物,27.59,2924106,201600000,201600000,556214.4
2025-09-01,SZ002975,博杰股份,52.8,3920417,105858980,160302593,846397.69104
2025-09-01,SH603195,公牛集团,47.09,5613552,1800728214,1808587688,8516639.422792
2025-09-01,SH603893,瑞芯微,233.99,26708377,420606050,420728550,9844627.34145
2025-09-01,SZ300816,艾可蓝,37.41,2261900,56668571,80000000,299280
2025-09-01,SH688398,赛特新材,22.83,5052314,167813997,167813997,383119.355151
2025-09-01,SH688186,广大特材,27.58,25136349,280489356,280489356,773589.643848
2025-09-01,SZ300818,耐普矿机,26.91,3497788,109482412,168772604,454167.077364
2025-09-01,SH688080,映翰通,57.86,4254752,73851842,73851842,427306.757812
2025-09-01,SH688208,道通科技,42.02,17069272,670183308,670183308,2816110.260216
2025-09-01,SZ300820,英杰电气,50,2518800,111060676,221618988,1108094.94
2025-09-01,SH688090,瑞松科技,35.6,4727856,122094204,122370064,435637.42784
2025-09-01,SH688200,华峰测控,189.99,4660141,135533225,135533225,2574995.741775
2025-09-01,SZ300817,双飞集团,22.47,5379721,125261253,218298240,490516.14528
2025-09-01,SH688177,百奥泰,34.72,9030388,414080000,414080000,1437685.76
2025-09-01,SH688169,石头科技,212,4988262,259085550,259085550,5492613.66
2025-09-01,SH688233,神工股份,37.32,5633313,170305736,170305736,635581.006752
2025-09-01,SH603719,良品铺子,13.62,12601754,401000000,401000000,546162
2025-09-01,SH601696,中银证券,16.82,214907766,2778000000,2778000000,4672596
2025-09-01,SH688396,华润微,52.33,18713925,1327529398,1327529398,6946961.339734
2025-09-01,SH603948,建业股份,32.09,2577100,162489167,162489167,521427.736903
2025-09-01,SZ002976,瑞玛精密,25.49,3825200,65216250,121171500,308866.1535
2025-09-01,SH603949,雪龙集团,19.69,9395320,210205274,211136680,415728.12292
2025-09-01,SZ300821,东岳硅材,9.99,21221430,1199790750,1200000000,1198800
2025-09-01,SZ300819,聚杰微纤,25.92,5251100,134762250,149205000,386739.36
2025-09-01,SZ300822,贝仕达克,19.4,3836608,288982037,311536200,604380.228
2025-09-01,SZ002977,天箭科技,38.99,2922996,66620170,120120000,468347.88
2025-09-01,SZ300823,建科智能,15.57,2963540,84789426,130982727,203940.105939
2025-09-01,SH688051,佳华科技,40.18,2427874,77334000,77334000,310728.012
2025-09-01,SH603221,爱丽家居,12.22,3593700,242270000,244580000,298876.76
2025-09-01,SH688189,南新制药,15.52,31391246,274400000,274400000,425868.8
2025-09-01,SZ300825,阿尔特,11.72,23496253,484410200,498040481,583703.443732
2025-09-01,SH688228,开普云,145.01,8136725,67518240,67518240,979081.99824
2025-09-01,SZ300826,测绘股份,17.92,3514294,160930466,166505437,298377.743104
2025-09-01,SH603353,和顺石油,16.55,2785430,170418000,171906000,284504.43
2025-09-01,SZ002979,雷赛智能,46.58,14015455,218213155,314140847,1463268.065326
2025-09-01,SH688096,京源环保,9.21,7280786,236037460,236037460,217390.50066
2025-09-01,SH688085,三友医疗,23.63,14166252,298144242,333462498,787971.882774
2025-09-01,SZ300827,上能电气,24.88,21200975,383343898,502346364,1249837.753632
2025-09-01,SZ002980,华盛昌,25.8,5351180,100375560,189141160,487984.1928
2025-09-01,SH603095,越剑智能,15.03,2775924,258269200,258269200,388178.6076
2025-09-01,SH688222,成都先导,26.94,43243005,400680000,400680000,1079431.92
2025-09-01,SZ002981,朝阳科技,34.92,9947014,119413915,135253115,472303.87758
2025-09-01,SZ002978,安宁股份,33.3,7118244,369989958,471989958,1571726.56014
2025-09-01,SH688126,沪硅产业,21.34,70518947,2731658657,2747177186,5862476.114924
2025-09-01,SZ300828,锐新科技,16.52,4885250,124738190,166422000,274929.144
2025-09-01,SH603682,锦和商管,6.01,13432500,472500000,472500000,283972.5
2025-09-01,SZ300829,金丹科技,19.9,18341400,158244431,227275107,452277.46293
2025-09-01,SH601609,金田股份,12.12,100304274,1728618528,1728618528,2095085.655936
2025-09-01,SZ002982,湘佳股份,15.5,4222024,129875824,203193911,314950.56205
2025-09-01,SH688318,财富趋势,167.28,7852769,256119472,256119472,4284366.527616
2025-09-01,SZ002983,芯瑞达,22.34,8074818,128128469,223435220,499154.28148
2025-09-01,SH603439,三力制药,12.82,5371300,403840216,409802216,525366.440912
2025-09-01,SZ002985,北摩高科,29.7,6299652,175670793,331853600,985605.192
2025-09-01,SH603392,万泰生物,58.93,4355353,1265122774,1265122774,7455368.507182
2025-09-01,SH688365,光云科技,17.05,18057518,425824684,425824684,726031.08622
2025-09-01,SH603212,赛伍技术,11.78,15145000,437490636,437490636,515363.969208
2025-09-01,SZ300830,金现代,11.81,19572931,315572104,430128079,507981.261299
2025-09-01,SZ300831,派瑞股份,15.22,8357595,184484240,320000000,487040
2025-09-01,SZ002987,京北方,25.33,63476501,843444624,867357451,2197016.423383
2025-09-01,SH688466,金科环境,22.85,1593583,123119025,123119025,281326.972125
2025-09-01,SH688588,凌志软件,20.03,32675176,400010003,400010003,801220.036009
2025-09-01,SZ300832,新产业,62.52,6770615,681997363,785718785,4912313.84382
2025-09-01,SH688598,金博股份,32.37,8606135,204157916,204157916,660859.174092
2025-09-01,SZ002988,豪美新材,44.2,3537755,254781469,254858672,1126475.33024
2025-09-01,SH688566,吉贝尔,40.5,12593636,199430865,199430865,807695.00325
2025-09-01,SH601778,晶科科技,4.79,214961979,3570973871,3570973871,1710496.484209
2025-09-01,SZ300833,浩洋股份,37.64,1749400,81255470,126490500,476110.242
2025-09-01,SH688516,奥特维,42.18,13253373,314626388,315196071,1329497.027478
2025-09-01,SH605001,威奥股份,7.55,7823500,392886000,392886000,296628.93
2025-09-01,SZ002990,盛视科技,30.46,3843100,134095388,261307388,795942.303848
2025-09-01,SZ300835,龙磁科技,67.13,10192259,82377273,119371904,801343.591552
2025-09-01,SH603950,长源东谷,31.39,13098266,323606800,324130800,1017446.5812
2025-09-01,SZ300836,佰奥智能,46.54,6306346,63209837,92685610,431358.82894
2025-09-01,SH605168,三人行,33.73,6477919,210816986,210816986,711085.693778
2025-09-01,SH605288,凯迪股份,86.8,4318020,70198912,70673012,613441.74416
2025-09-01,SH688360,德马科技,21.89,8442857,252286035,263745667,577339.265063
2025-09-01,SZ002986,宇新股份,11.84,4371784,301941192,383500152,454064.179968
2025-09-01,SH600918,中泰证券,7.11,40691289,3925847319,6921663256,4921302.575016
2025-09-01,SH601827,三峰环境,8.54,6547633,1671933300,1671933300,1427831.0382
2025-09-01,SZ300837,浙矿股份,24.9,2131361,70582798,100001548,249003.85452
2025-09-01,SH601399,国机重装,3.33,70289509,7213555890,7213555890,2402114.11137
2025-09-01,SZ300838,浙江力诺,14.32,5824000,101754875,137978000,197584.496
2025-09-01,SH688312,燕麦科技,30.65,2702123,145600816,145600816,446266.50104
2025-09-01,SH688157,松井股份,41.91,3666643,156431080,156431080,655602.65628
2025-09-01,SH688599,天合光能,16.57,34535811,2179365412,2179365412,3611208.487684
2025-09-01,SZ002989,中天精装,35,17270682,186673706,201327956,704647.846
2025-09-01,SH688004,博汇科技,24.55,2331655,80088000,80088000,196616.04
2025-09-01,SZ300841,康华生物,75.83,3837250,118929275,129946899,985387.335117
2025-09-01,SH688106,金宏气体,19.02,8413554,481977496,481977496,916721.197392
2025-09-01,SH605166,聚合顺,13.18,38365392,314726498,314726498,414809.524364
2025-09-01,SZ300842,帝科股份,50.71,8598639,126125115,141762418,718877.221678
2025-09-01,SH688505,复旦张江,10.08,11781538,710572100,1036572100,1044864.6768
2025-09-01,SZ300824,北鼎股份,12.91,6438787,316495307,326341682,421307.111462
2025-09-01,SH688520,神州细胞,65.87,7743880,445335714,445335714,2933426.348118
2025-09-01,SH688518,联赢激光,24.93,22876518,341325095,341325095,850923.461835
2025-09-01,SH603087,甘李药业,78.22,26609058,561398601,601065290,4701532.69838
2025-09-01,SH600956,新天绿能,7.61,9607409,2348088677,4205693073,3200532.428553
2025-09-01,SH688558,国盛智科,30.85,2638100,132000000,132000000,407220
2025-09-01,SZ300839,博汇股份,14.8,13850517,289689057,294963575,436546.091
2025-09-01,SH688528,秦川物联,10.95,2498937,168000000,168000000,183960
2025-09-01,SZ300846,首都在线,24.1,52594564,391906134,502296016,1210533.39856
2025-09-01,SZ300843,胜蓝股份,65.03,15871679,157090219,163704863,1064572.724089
2025-09-01,SZ300845,捷安高科,13.06,31435407,144020835,205052707,267798.835342
2025-09-01,SH688600,皖仪科技,22.04,2339443,134708490,134708490,296897.51196
2025-09-01,SH688277,天智航,18.02,11911115,452668589,452668589,815708.797378
2025-09-01,SH688568,中科星图,46.11,18711158,808078912,808078912,3726051.863232
2025-09-01,SH688377,迪威尔,33.2,1940376,175845236,194667000,646294.44
2025-09-01,SZ300840,酷特智能,21.63,11983300,177085135,240000000,519120
2025-09-01,SZ300847,中船汉光,19.1,6377482,296010000,296010000,565379.1
2025-09-01,SH688027,国盾量子,327.25,3409915,80374370,102861001,3366126.257725
2025-09-01,SZ300849,锦盛新材,12.79,3348150,121468023,150000000,191850
2025-09-01,SH605199,ST葫芦娃,9.24,3881300,400108752,400108752,369700.486848
2025-09-01,SH688060,云涌科技,43.18,922912,60190728,60190728,259903.563504
2025-09-01,SZ300850,新强联,35.75,14526970,267603530,380902671,1361727.048825
2025-09-01,SZ300852,四会富仕,39.01,8299357,135707389,141272243,551103.019943
2025-09-01,SH688309,恒誉环保,26.23,2538608,80010733,80010733,209868.152659
2025-09-01,SH688180,君实生物,47.11,23154361,766394171,1026689871,4836735.982281
2025-09-01,SH688165,埃夫特,25.64,26198575,521780000,521780000,1337843.92
2025-09-01,SH688500,慧辰股份,75.25,3405996,73315910,75196710,565855.24275
2025-09-01,SH605108,同庆楼,21.61,7434013,260000000,260000000,561860
2025-09-01,SH688981,中芯国际,114.76,0,1988359129,7986322759,91651039.982284
2025-09-01,SH688579,地纬智能,13.09,9452321,400010000,400010000,523613.09
2025-09-01,SH688567,孚能科技,19.58,56986864,1222103885,1222103885,2392879.40683
2025-09-01,SZ300851,交大思诺,27.87,1378000,54110025,86933400,242283.3858
2025-09-01,SZ300848,美瑞新材,16.84,3963428,239423688,427887627,720562.763868
2025-09-01,SH688488,艾迪药业,17.3,11117495,420782808,420782808,727954.25784
2025-09-01,SH688256,寒武纪,1448.39,17538116,418350224,418350224,60593428.093936
2025-09-01,SH688580,伟思医疗,53.58,2580625,95771288,95771288,513142.561104
2025-09-01,SH688336,三生国健,52.95,6611396,616785793,616785793,3265880.773935
2025-09-01,SH688561,奇安信,38.63,18572258,682252725,682252725,2635542.276675
2025-09-01,SZ300856,科思股份,14.6,5825982,456553715,475687052,694503.09592
2025-09-01,SH688077,大地熊,40.37,8331603,114478504,114478504,462149.720648
2025-09-01,SH688589,力合微,24.65,6344630,145328310,145328310,358234.28415
2025-09-01,SH688069,德林海,21.86,1716244,113000000,113000000,247018
2025-09-01,SH688418,震有科技,32.24,10384890,192554634,192554634,620796.140016
2025-09-01,SH688508,芯朋微,70.76,8967175,131310346,131310346,929152.008296
2025-09-01,SZ300855,图南股份,29.09,6425240,292956138,395531500,1150601.1335
2025-09-01,SZ300853,申昊科技,25.37,5577680,110256483,146945860,372801.64682
2025-09-01,BJ920370,新安洁,5.03,17567464,261562412,300283343,151042.521529
2025-09-01,BJ920184,国源科技,26.7,8317157,87723735,132613709,354078.60303
2025-09-01,BJ920021,流金科技,7.48,9572439,251881971,308999983,231131.987284
2025-09-01,BJ920368,连城数控,29.37,4376247,223369634,234780440,689550.15228
2025-09-01,BJ920946,森萱医药,12.19,4599145,426787090,426918340,520413.45646
2025-09-01,BJ920415,恒拓开源,18.05,7358563,106419991,140511487,253623.234035
2025-09-01,BJ920433,大唐药业,7.18,4047027,169355422,255919681,183750.330958
2025-09-01,BJ920729,永顺生物,10.5,2971187,76825041,273350000,287017.5
2025-09-01,BJ920185,贝特瑞,26.96,28048236,1109172997,1127338649,3039304.997704
2025-09-01,BJ920167,同享科技,20.17,1775218,65274437,109706125,221277.254125
2025-09-01,BJ920198,微创光电,11.52,3403474,70152938,161363872,185891.180544
2025-09-01,BJ920475,三友科技,22.09,1746196,42049860,101060000,223241.54
2025-09-01,BJ920489,佳先股份,22.37,3507029,85653749,136459200,305259.2304
2025-09-01,BJ920445,龙竹科技,13.84,6109266,105262791,146930025,203351.1546
2025-09-01,SZ300857,协创数据,105.21,22756964,345128519,346120769,3641536.610649
2025-09-01,BJ920418,苏轴股份,33.08,5931042,155996309,162489600,537515.5968
2025-09-01,BJ920508,殷图网联,29.23,1412750,31245000,60000000,175380
2025-09-01,BJ920799,艾融软件,58.75,5258787,120704571,209780050,1232457.79375
2025-09-01,SZ300858,科拓生物,19.49,6812850,193764577,263495118,513551.984982
2025-09-01,BJ920640,富士达,28.64,5809081,180602235,187728000,537652.992
2025-09-01,BJ920682,球冠电缆,10.45,5895599,188324422,324480000,339081.6
2025-09-01,BJ920964,润农节水,8.24,4627150,132357378,261208000,215235.392
2025-09-01,BJ920819,颖泰生物,4.46,17705246,1207507500,1225800000,546706.8
2025-09-01,BJ920278,鹿得医疗,11.3,2272177,74048000,174500000,197185
2025-09-01,BJ920163,方大新材,18.06,1455237,61985735,128715160,232459.57896
2025-09-01,BJ920263,中航泰达,16.08,9547165,102593737,141242896,227118.576768
2025-09-01,BJ920242,建邦科技,38.1,937696,36700225,65823750,250788.4875
2025-09-01,BJ920961,创远信科,28.13,15291483,103891205,142840508,401810.349004
2025-09-01,BJ920010,凯添燃气,14.66,9960692,173668103,234500000,343777
2025-09-01,BJ920149,旭杰科技,15.24,1690958,61923173,75015600,114323.7744
2025-09-01,BJ920266,生物谷,11.25,2743935,80765688,124000007,139500.007875
2025-09-01,SH605188,国光连锁,19.86,46535794,501351500,501351500,995684.079
2025-09-01,SH688050,爱博医疗,81.13,7148038,189809560,193403175,1569079.958775
2025-09-01,SH603408,建霖家居,11.79,4836353,447573000,447573000,527688.567
2025-09-01,SH605118,力鼎光电,33.59,15080600,407116000,410684000,1379487.556
2025-09-01,SH605222,起帆电缆,17.32,9643295,412901024,412901024,715144.573568
2025-09-01,SZ002991,甘源食品,58.55,1161856,49933706,93215831,545778.690505
2025-09-01,SH601456,国联民生,12.15,50787303,2389133168,5680592806,6901920.25929
2025-09-01,SH688586,江航装备,12.07,12156203,791339156,791339156,955146.361292
2025-09-01,SH688311,盟升电子,42.88,6224495,167914642,167914642,720017.984896
2025-09-01,SH605318,法狮龙,32.59,2647203,125729028,125729028,409750.902252
2025-09-01,SZ002992,宝明科技,63.1,2503450,158039502,180868635,1141281.08685
2025-09-01,SH605399,晨光新材,13.2,3274913,311557328,312241328,412158.55296
2025-09-01,SZ002995,天地在线,19.16,3890519,112417208,177454480,340002.78368
2025-09-01,SH605158,华达新材,9.1,4759460,511420000,511420000,465392.2
2025-09-01,SZ300859,西域旅游,45.33,12278100,155000000,155000000,702615
2025-09-01,SH688338,赛科希德,27.03,1214438,106142400,106142400,286902.9072
2025-09-01,SH605066,天正电气,7.87,15454405,502433125,504750125,397238.348375
2025-09-01,SH688556,高测股份,10.66,50569432,765476919,765476919,815998.395654
2025-09-01,SH688339,亿华通,24.99,9803341,195787119,231652081,578898.550419
2025-09-01,SH688286,敏芯股份,98.63,6010090,56012729,56012729,552453.546127
2025-09-01,SH688155,先惠技术,66.82,11809590,125479333,125479333,838452.903106
2025-09-01,SH605100,华丰股份,28.18,11407398,169932000,171132000,482249.976
2025-09-01,SH688313,仕佳光子,83.49,51721792,458802328,458802328,3830540.636472
2025-09-01,SH605366,宏柏新材,6.34,8117959,632332672,632332672,400898.914048
2025-09-01,SH688065,凯赛生物,53.75,6375687,583378039,721289794,3876932.64275
2025-09-01,SH688185,康希诺,84.99,3286207,88830199,247449899,2103076.691601
2025-09-01,SZ002993,奥海科技,50.09,10268182,238446933,276040000,1382684.36
2025-09-01,SH605088,冠盛股份,38.23,6232910,199715253,202818693,775375.863339
2025-09-01,SH600610,中毅达,13.27,29838553,708726705,1071274605,1421581.400835
2025-09-01,SH688055,龙腾光电,4.27,15971012,3333333400,3333333400,1423333.3618
2025-09-01,SH688335,复洁科技,15.6,4822207,148034592,148034592,230933.96352
2025-09-01,SH688229,博睿数据,80.6,3657847,44400000,44400000,357864
2025-09-01,SH688521,芯原股份,153,0,500852832,525713273,8043413.0769
2025-09-01,SH605388,均瑶健康,8.02,13531626,600484000,600484000,481588.168
2025-09-01,SH605333,沪光股份,33.01,4047400,436776081,436776081,1441797.843381
2025-09-01,SH688519,南亚新材,74.51,8184942,234771002,234771002,1749278.735902
2025-09-01,SH603931,格林达,27.9,5027517,199558380,199558380,556767.8802
2025-09-01,SH688379,华光新材,56.5,9468475,90085520,90085520,508983.188
2025-09-01,SH688596,正帆科技,37.38,33612794,292539068,292539068,1093511.036184
2025-09-01,SH688393,安必平,29.61,2292529,78704949,93567699,277053.956739
2025-09-01,SH605178,时空科技,23.1,2644540,99080000,99080000,228874.8
2025-09-01,SH605008,长鸿高科,15.35,4158480,645962414,645962414,991552.30549
2025-09-01,SZ300873,海晨股份,23,5600760,166839685,230601779,530384.0917
2025-09-01,SZ300872,天阳科技,27.85,59827537,422041693,488121083,1359417.216155
2025-09-01,SZ300871,回盛生物,22.95,8059954,202332557,202332557,464353.218315
2025-09-01,SZ300875,捷强装备,53.7,8110448,87791669,99834751,536112.61287
2025-09-01,SZ300877,金春股份,26.15,2643847,119998950,120000000,313800
2025-09-01,SZ300864,南大环境,20.72,1509585,157760839,157760839,326880.458408
2025-09-01,SZ300862,蓝盾光电,27.52,12426540,151471007,184617902,508068.466304
2025-09-01,SZ300878,维康药业,21.01,3259980,144123959,144790322,304204.466522
2025-09-01,SZ300865,大宏立,32.9,2069118,56251438,95680000,314787.2
2025-09-01,SZ300866,安克创新,145.05,7037818,301973661,536157605,7776966.060525
2025-09-01,SZ300870,欧陆通,255.58,6990403,109238363,109238363,2791914.081554
2025-09-01,SZ300869,康泰医学,17.3,6986800,253360994,401802977,695119.15021
2025-09-01,SZ300860,锋尚文化,29.37,3168774,111897529,190931343,560765.354391
2025-09-01,SZ300868,杰美特,32.59,4204261,80188805,127976000,417073.784
2025-09-01,SZ300876,蒙泰高新,30.9,1893100,68387324,96002324,296647.18116
2025-09-01,SZ300867,圣元环保,17.52,4321433,191627822,271741053,476090.324856
2025-09-01,SZ300863,卡倍亿,38.77,2825579,180868834,188175836,729557.716172
2025-09-01,SZ300861,美畅股份,17.55,24544819,421864889,671840440,1179079.9722
2025-09-01,SH605255,天普股份,51.91,210000,134080000,134080000,696009.28
2025-09-01,SH605123,派克新材,76.88,4952980,121170892,121170892,931561.817696
2025-09-01,SH688356,键凯科技,91.69,1290946,60650700,60650700,556106.2683
2025-09-01,SH688408,中信博,47.29,5820335,219065886,219065886,1035962.574894
2025-09-01,SZ002996,顺博合金,7.56,11197520,416463824,669436581,506094.055236
2025-09-01,SH688017,绿的谐波,151.35,7456048,183330125,183330125,2774701.441875
2025-09-01,SH688289,圣湘生物,21.35,10772070,579388006,579388006,1236993.39281
2025-09-01,SH688215,瑞晟智能,71.33,4380388,62423269,62423269,445265.177777
2025-09-01,SH688569,铁科轨道,22.65,979555,210666700,210666700,477160.0755
2025-09-01,SZ300881,盛德鑫泰,35,1908580,57406250,110000000,385000
2025-09-01,SZ300880,迦南智能,20.23,3212740,195116468,195137280,394762.71744
2025-09-01,SZ300879,大叶股份,37.76,19114949,201028448,202398833,764257.993408
2025-09-01,SH603155,新亚强,16.91,5768393,315786800,315786800,533995.4788
2025-09-01,SH688550,瑞联新材,46.03,8291857,173575305,173575305,798967.128915
2025-09-01,SH688513,苑东生物,69.16,5594918,176532256,176532256,1220897.082496
2025-09-01,SH688056,莱伯泰科,36.59,1068907,67452460,67452460,246808.55114
2025-09-01,SH605006,山东玻纤,8.17,22217640,600016979,610967179,499160.185243
2025-09-01,SZ002999,天禾股份,6.86,9533740,343714875,347592000,238448.112
2025-09-01,SZ002997,瑞鹄模具,40.05,9116939,209321325,209321325,838331.906625
2025-09-01,SH688378,奥来德,24.19,10211751,240960571,249279257,603006.522683
2025-09-01,SH688390,固德威,51.86,13912461,242586404,242586404,1258053.091144
2025-09-01,SH601702,华峰铝业,17.76,9777300,998530600,998530600,1773390.3456
2025-09-01,SH605003,众望布艺,23.88,2812254,110000000,110000000,262680
2025-09-01,SH688095,福昕软件,89.2,6275225,91439524,91439524,815640.55408
2025-09-01,SH688559,海目星,35.3,20092594,247759044,247759044,874589.42532
2025-09-01,SH688551,科威尔,45.19,3952725,84070709,84070709,379915.533971
2025-09-01,SZ300882,万胜智能,18.21,9706115,266327030,286201188,521172.363348
2025-09-01,SZ300885,海昌新材,23.22,7813492,167017775,248151800,576208.4796
2025-09-01,SZ300883,龙利得,6.57,13801865,330674575,346000000,227322
2025-09-01,SZ002984,森麒麟,19.75,19997849,713118085,1035461086,2045035.64485
2025-09-01,SH605358,立昂微,26.66,16469749,671365928,671365928,1789861.564048
2025-09-01,SH605009,豪悦护理,36.35,11184418,214619640,215067640,781770.8714
2025-09-01,SZ003000,劲仔食品,12.56,6814999,300393708,450894159,566323.063704
2025-09-01,SH605128,上海沿浦,38.94,4077322,211138706,211138706,822174.121164
2025-09-01,SH605369,拱东医疗,19.89,1247871,220492949,220492949,438560.475561
2025-09-01,SZ300889,爱克股份,21.22,15754133,147204779,218064880,462733.67536
2025-09-01,SH688577,浙海德曼,119.51,3096449,111279729,111279729,1329904.041279
2025-09-01,SZ300886,华业香料,32.88,5845515,43646300,74798000,245935.824
2025-09-01,SZ300887,谱尼测试,8.51,10790042,362197220,545737213,464422.368263
2025-09-01,SH603112,华翔股份,17.61,11734343,505198717,539170563,949479.361443
2025-09-01,SZ300890,翔丰华,31.99,13222102,108593267,119032152,380783.854248
2025-09-01,SZ300891,惠云钛业,10.21,16130473,332421670,400007920,408408.08632
2025-09-01,SZ300888,稳健医疗,42.35,7688317,175601631,582329808,2466166.73688
2025-09-01,SH688301,奕瑞科技,117.77,3147998,200218370,200218370,2357971.74349
2025-09-01,SH605198,安德利,48.26,2571740,270536000,341200000,1646631.2
2025-09-01,SZ003006,百亚股份,30.12,4993876,428572965,429647790,1294099.14348
2025-09-01,SZ003003,天元股份,12.44,5089700,117800075,176798300,219937.0852
2025-09-01,SH605116,奥锐特,23.24,3250896,397511234,406195234,943997.723816
2025-09-01,SH688536,思瑞浦,162.01,5809097,132601444,135648979,2197649.108779
2025-09-01,SH688127,蓝特光学,33.92,14661770,403192400,403192400,1367628.6208
2025-09-01,SZ003002,壶化股份,25.17,3805100,182874500,200000000,503400
2025-09-01,SH688526,科前生物,18.3,5135253,466128056,466128056,853014.34248
2025-09-01,SZ003005,竞业达,22.87,5535198,126978206,231388691,529185.936317
2025-09-01,SH688156,路德科技,21.75,4033946,100714157,100714157,219053.291475
2025-09-01,SZ003008,开普检测,21.62,1698780,77848325,104000000,224848
2025-09-01,SZ003007,直真科技,36.83,3735839,74067636,104000000,383032
2025-09-01,SH605050,福然德,16.63,18867048,492829181,492829181,819574.928003
2025-09-01,SZ300893,松原安全,31.01,4638914,158387597,316914122,982750.692322
2025-09-01,SZ300895,铜牛信息,52.26,7710301,138172254,140800657,735824.233482
2025-09-01,SZ300892,品渥食品,37.41,9255576,64562500,100000000,374100
2025-09-01,SZ002998,优彩资源,8.16,7937168,243444655,326411630,266351.89008
2025-09-01,SZ003009,中天火箭,59.36,5504779,155393029,155393819,922417.709584
2025-09-01,SH603565,中谷物流,11.17,50735710,2100063103,2100063103,2345770.486051
2025-09-01,SZ003010,若羽臣,64.23,8038274,161530130,222185340,1427096.43882
2025-09-01,SH605218,伟时电子,24.48,3911792,212833460,212833460,521016.31008
2025-09-01,SZ300897,山科智能,30.9,4586562,87419868,140219804,433279.19436
2025-09-01,SH688595,芯海科技,41.5,5684762,144093092,144093092,597986.3318
2025-09-01,SH688585,上纬新材,85.12,11108521,403361728,403361728,3433415.028736
2025-09-01,SZ300896,爱美客,196.9,4538845,208591570,302592061,5958037.68109
2025-09-01,SH605111,新洁能,35.29,17669339,415332567,415332567,1465708.628943
2025-09-01,SH688013,天臣医疗,57.82,3468861,81155600,81155600,469241.6792
2025-09-01,SH605136,丽人丽妆,10.16,26086828,400458500,400458500,406865.836
2025-09-01,SH605018,长华集团,12.05,3932200,470065793,471225793,567827.080565
2025-09-01,SZ003011,海象新材,21.06,6271497,78088766,102676000,216235.656
2025-09-01,SH688093,世华科技,40.5,5658048,262631312,262631312,1063656.8136
2025-09-01,SH605099,共创草坪,33.09,4733135,400090000,401642000,1329033.378
2025-09-01,SH605338,巴比食品,24.08,6392424,239566662,239566662,576876.522096
2025-09-01,SZ003001,中岩大地,26.33,2824444,107330309,176165288,463843.203304
2025-09-01,SZ300999,金龙鱼,33.86,21932670,542647097,5421591536,18357508.940896
2025-09-01,SH688330,宏力达,33.5,6222536,140000000,140000000,469000
2025-09-01,SZ300899,*ST凯鑫,26.82,832600,40936066,63783466,171067.255812
2025-09-01,SH688386,泛亚微透,68.5,2373570,91000000,91000000,623350
2025-09-01,SZ300898,熊猫乳品,29.11,7395364,114734689,124000000,360964
2025-09-01,SH605336,帅丰电器,15.31,2798882,183412450,183412450,280804.46095
2025-09-01,SZ003012,东鹏控股,7.37,32704293,1144510256,1156981158,852695.113446
2025-09-01,SH601568,北元集团,4.12,46374207,3972222224,3972222224,1636555.556288
2025-09-01,SH605058,澳弘电子,29.21,3518700,142923950,142923950,417480.85795
2025-09-01,SZ003015,日久光电,20.07,30720507,247401692,281066667,564100.800669
2025-09-01,SZ003013,地铁设计,15.81,5629200,399947088,408326898,645564.825738
2025-09-01,SH688788,科思科技,71.41,4244815,157074408,157074408,1121668.347528
2025-09-01,SH688129,东来技术,25.14,1216654,120478800,120478800,302883.7032
2025-09-01,SH688179,阿拉丁,13.46,9770797,332602199,332602199,447682.559854
2025-09-01,SZ003017,大洋生物,36.51,14879903,69287988,84000000,306684
2025-09-01,SZ003016,欣贺股份,7.99,6515927,418882842,428521612,342388.767988
2025-09-01,SH601187,厦门银行,6.58,19134000,1284046023,2639127888,1736546.150304
2025-09-01,SH688221,前沿生物,18,20633292,374578653,374578653,674241.5754
2025-09-01,SZ300900,广联航空,21.02,11073414,220288241,297149916,624609.123432
2025-09-01,SH689009,九号公司,73.17,21866228,556497314,722480793,5286391.962381
2025-09-01,SZ300902,国安达,23.61,7833418,121253174,181803369,429237.754209
2025-09-01,SZ300901,中胤时尚,17.25,4391700,240000000,240000000,414000
2025-09-01,SH605169,洪通燃气,15.11,3645651,282880000,282880000,427431.68
2025-09-01,SH688133,泰坦科技,25.55,6939379,164436977,164436977,420136.476235
2025-09-01,SH601995,中金公司,38.94,47535400,2923542440,4827256868,18797338.243992
2025-09-01,SZ300903,科翔股份,11.37,20697474,328325193,414694422,471507.557814
2025-09-01,SZ300906,日月明,32.07,2760986,72197000,80000000,256560
2025-09-01,SZ300905,宝丽迪,32.92,6609345,138200166,177897756,585639.412752
2025-09-01,SZ003018,金富科技,12.11,2582300,97978925,260000000,314860
2025-09-01,SH688529,豪森智能,20.95,3604952,168175953,168175953,352328.621535
2025-09-01,BJ920839,万通液压,41.79,2415134,66058875,119215000,498199.485
2025-09-01,SH605007,五洲特纸,12.26,2246900,401549828,476900681,584680.234906
2025-09-01,SH688057,金达莱,13.09,4152449,276000000,276000000,361284
2025-09-01,SH688135,利扬芯片,28.56,11470228,203008275,203008275,579791.6334
2025-09-01,SH688160,步科股份,90.3,2024736,84000000,90832206,820214.82018
2025-09-01,SZ300884,狄耐克,14.12,10730199,191409886,253862820,358454.30184
2025-09-01,SZ003019,宸展光电,41.87,10521148,170419630,176326880,738280.64656
2025-09-01,SZ300909,汇创达,35.74,4896100,122954981,172972979,618205.426946
2025-09-01,SZ300907,康平科技,37.32,4220658,96000000,96000000,358272
2025-09-01,SH688219,会通股份,14.2,21648856,550437553,550437553,781621.32526
2025-09-01,BJ920396,常辅股份,32.23,2425586,50812223,71976336,231979.730928
2025-09-01,SZ300908,仲景食品,32.26,2948789,123152674,146000000,470996
2025-09-01,SH605068,明新旭腾,24.46,6255280,162140136,162140136,396594.772656
2025-09-01,SH688777,中控技术,50.83,29210951,783221764,791189527,4021616.365741
2025-09-01,BJ920047,诺思兰德,26.9,6741832,180106427,274271974,737791.61006
2025-09-01,SH605177,东亚药业,19.99,1915119,112583869,114725972,229337.218028
2025-09-01,SZ003004,*ST声迅,19.8,1491500,65799313,81861613,162085.99374
2025-09-01,BJ920030,德众汽车,7.45,3022999,112474041,178839681,133235.562345
2025-09-01,SZ300910,瑞丰新材,61.01,2490227,207486069,295935278,1805501.131078
2025-09-01,SH605266,健之佳,21.46,3008235,154542928,154542928,331649.123488
2025-09-01,SZ300916,朗特智能,44.6,5432312,93425166,144644007,645112.27122
2025-09-01,SH688557,兰剑智能,36.82,3370595,102679640,102679640,378066.43448
2025-09-01,SH688578,艾力斯,116.98,14474165,450000000,450000000,5264100
2025-09-01,SZ300915,海融科技,26.12,1697210,57602288,125839268,328692.168016
2025-09-01,SH605258,协和电子,33.6,3246500,88000000,88000000,295680
2025-09-01,SZ300911,亿田智能,56.52,16498037,169362923,181361991,1025057.973132
2025-09-01,SZ003021,兆威机电,121.2,7060093,206824890,240196500,2911181.58
2025-09-01,SH601686,友发集团,5.89,10653032,1438401772,1438401772,847218.643708
2025-09-01,SH605183,确成股份,20.27,4652800,412429445,415883145,842995.134915
2025-09-01,SZ300912,凯龙高科,15.04,5907100,85860975,114982000,172932.928
2025-09-01,SZ300913,兆龙互连,66.82,23728126,255851903,312710663,2089532.650166
2025-09-01,SH688590,新致软件,24.19,8635592,262893294,262893294,635938.878186
2025-09-01,BJ920670,数字人,16.98,9812453,66648421,106182400,180297.7152
2025-09-01,SH605376,博迁新材,50.68,10175205,261600000,261600000,1325788.8
2025-09-01,SZ003022,联泓新科,19.95,15921356,1334431825,1335568000,2664458.16
2025-09-01,SH688308,欧科亿,19.7,4578379,158781708,158781708,312799.96476
2025-09-01,SZ003025,思进智能,14.19,5693208,226415928,283953558,402930.098802
2025-09-01,SZ003023,彩虹集团,22.97,3644600,105067794,105341600,241969.6552
2025-09-01,SH688571,杭华股份,8.34,3308876,420128500,420128500,350387.169
2025-09-01,SH688136,科兴制药,45.37,7076311,201257250,201257250,913104.14325
2025-09-01,SZ003020,立方制药,36.43,19532817,137724523,190182182,692833.689026
2025-09-01,SH605299,舒华体育,9.82,9880948,409226523,409226523,401860.445586
2025-09-01,SH605151,西上海,19.91,2766400,134554222,134554222,267897.456002
2025-09-01,SH688608,恒玄科技,280.99,6744858,168366223,168366223,4730922.500077
2025-09-01,SH688510,航亚科技,24.26,5277230,258382608,258382608,626836.207008
2025-09-01,SZ000995,皇台酒业,14.88,11478340,177408000,177408000,263983.104
2025-09-01,SZ003027,同兴科技,19.36,3944950,104860968,130723200,253080.1152
2025-09-01,SZ003026,中晶科技,38.2,7445891,95695312,129619000,495144.58
2025-09-01,SH688699,明微电子,39.16,2192956,110064640,110064640,431013.13024
2025-09-01,SH688668,鼎通科技,129.85,14305948,139201726,139201726,1807534.41211
2025-09-01,SZ300917,特发服务,47.83,7876392,169000000,169000000,808327
2025-09-01,SH605500,森林包装,9.84,4539452,414400000,414400000,407769.6
2025-09-01,SH605186,健麾信息,21.91,2880100,136000000,136000000,297976
2025-09-01,SZ300921,南凌科技,25.33,6590814,114701067,183797487,465559.034571
2025-09-01,SZ300918,南山智尚,21.62,24515435,434705856,506134427,1094262.631174
2025-09-01,BJ920000,安徽凤凰,21.12,1449273,48306300,91680000,193628.16
2025-09-01,SH688678,福立旺,28.23,13487896,259269037,259269037,731916.491451
2025-09-01,SZ300919,中伟新材,37.9,21227690,912577544,938028458,3555127.85582
2025-09-01,SZ300923,研奥股份,26.11,1600345,76468500,78600000,205224.6
2025-09-01,SH688658,悦康药业,29.21,12941327,450000000,450000000,1314450
2025-09-01,SZ003029,吉大正元,28.43,9854874,173246731,193620227,550462.305361
2025-09-01,SH688560,明冠新材,14.42,3456922,201301918,201301918,290277.365756
2025-09-01,SZ300922,天秦装备,26.88,8650733,124667618,158582360,426269.38368
2025-09-01,SZ300920,润阳科技,52.15,1852600,55381311,100000000,521500
2025-09-01,SH688679,通源环境,16.27,4360166,131689675,131689675,214259.101225
2025-09-01,BJ920856,浩淼科技,20.84,1981763,52559097,95126628,198243.892752
2025-09-01,SH601956,东贝集团,6.83,13982980,621616590,621616590,424564.13097
2025-09-01,BJ920675,秉扬科技,12.74,2126142,78972870,172164000,219336.936
2025-09-01,BJ920510,丰光精密,21.6,2550962,93899078,184213929,397902.08664
2025-09-01,SH605179,一鸣食品,23.53,16627422,401000000,401000000,943553
2025-09-01,SZ003028,振邦智能,32.24,1912110,70535817,144708620,466540.59088
2025-09-01,SH605377,华旺科技,9.45,9576741,556670268,556670268,526053.40326
2025-09-01,SH688698,伟创电气,54.65,5119893,213794774,213794774,1168388.43991
2025-09-01,SH688618,三旺通信,27.99,2678367,110047848,110185630,308409.57837
2025-09-01,SH688063,派能科技,55.8,15009064,245359249,245359249,1369104.60942
2025-09-01,SZ300925,法本信息,25.12,18883876,349546113,428708945,1076916.86984
2025-09-01,SZ300894,火星人,13.9,6106700,294073010,407722935,566734.87965
2025-09-01,SH688686,奥普特,142.67,2524053,122235455,122235455,1743933.236485
2025-09-01,SH605155,西大门,14.67,5476104,189934500,191298100,280634.3127
2025-09-01,SZ003031,中瓷电子,62.09,5518794,340156696,451052859,2800587.201531
2025-09-01,SZ003030,祖名股份,19.65,2393100,79385850,124780000,245192.7
2025-09-01,SH605277,新亚电子,24.83,14802345,318134783,324297261,805230.099063
2025-09-01,SZ300928,华安鑫创,34.87,2318900,53586478,80000000,278960
2025-09-01,SZ300926,博俊科技,28.82,5866172,283291691,434309173,1251679.036586
2025-09-01,SH688617,惠泰医疗,305.49,3005076,141013796,141013796,4307830.454004
2025-09-01,SZ300927,江天化学,29.95,5650660,140888930,144360000,432358.2
2025-09-01,BJ920344,三元基因,31.86,3793286,113560796,121810000,388086.66
2025-09-01,SZ003033,征和工业,45.39,1482438,80743867,81750000,371063.25
2025-09-01,BJ920509,同惠电子,29.26,4148577,83971260,160305696,469054.466496
2025-09-01,BJ920826,盖世食品,13.67,9865069,60182612,140515814,192085.117738
2025-09-01,SZ003032,*ST传智,6.72,6300800,276219885,402447500,270444.72
2025-09-01,SH688656,浩欧博,124.58,1293183,63479740,63479740,790830.60092
2025-09-01,SH688819,天能股份,29.84,7156795,972100000,972100000,2900746.4
2025-09-01,SH688317,之江生物,26.62,4819323,192157999,192157999,511524.593338
2025-09-01,SZ003035,南网能源,4.72,12564501,3787878787,3787878787,1787878.787464
2025-09-01,SH605005,合兴股份,19.25,2179573,401000000,401000000,771925
2025-09-01,SH605228,神通科技,16.74,8736500,428034311,431037311,721556.458614
2025-09-01,SZ300929,华骐环保,10.87,6994135,126747356,132132956,143628.523172
2025-09-01,SZ300935,盈建科,25.07,2353460,60273655,79430680,199132.71476
2025-09-01,SH605398,新炬网络,31.02,2667880,162716379,162716379,504746.207658
2025-09-01,SZ300931,通用电梯,10.27,13692442,184975438,240146000,246629.942
2025-09-01,SZ300930,屹通新材,32.97,3383088,47125001,100000000,329700
2025-09-01,SZ300932,三友联众,12.08,7922584,227993798,320103998,386685.629584
2025-09-01,SZ300933,中辰股份,9.13,27419023,469659755,469659755,428799.356315
2025-09-01,SH688680,海优新材,46.9,2983811,84020325,84020325,394055.32425
2025-09-01,SH688669,聚石化学,23.52,2390933,121333334,121333334,285376.001568
2025-09-01,BJ920275,驱动力,11.85,4964641,132000690,159377600,188862.456
2025-09-01,SZ300936,中英科技,40.63,1921003,47460275,75200000,305537.6
2025-09-01,SZ300937,药易购,29,1804376,62918153,95666682,277433.3778
2025-09-01,SH688689,银河微电,28.1,4269636,128903167,128903167,362217.89927
2025-09-01,SZ300938,信测标准,24.51,8779081,153130936,228988343,561250.428693
2025-09-01,SZ003036,泰坦股份,16.11,5187950,216041843,216041843,348043.409073
2025-09-01,SZ300939,秋田微,38.41,10324426,120000000,120000000,460920
2025-09-01,SH688350,富淼科技,25.85,8501996,122150207,122150207,315758.285095
2025-09-01,SH605055,迎丰股份,7.49,6846618,440000000,440000000,329560
2025-09-01,SH605368,蓝天燃气,9.93,9693909,714634963,714634963,709632.518259
2025-09-01,SH688628,优利德,36.37,1681253,111653848,111742888,406408.883656
2025-09-01,SH688607,康众医疗,33.56,6133928,88129027,88129027,295761.014612
2025-09-01,SZ300940,南极光,30.54,9081480,157479422,222644372,679955.912088
2025-09-01,SZ003037,三和管桩,8.75,10408795,599074678,599074678,524190.34325
2025-09-01,SH601963,重庆银行,9.7,13699464,1879400797,3474584772,3370347.22884
2025-09-01,SH600916,中国黄金,8.39,81991598,1680000000,1680000000,1409520
2025-09-01,BJ920427,华维设计,16.15,2361293,50620164,103095000,166498.425
2025-09-01,SH688687,凯因科技,33.75,6263028,170944422,170944422,576937.42425
2025-09-01,SH688059,华锐精密,74.44,4594325,87159984,87159984,648818.920896
2025-09-01,SH605337,李子园,14.3,16258143,390101844,390101844,557845.63692
2025-09-01,SZ300946,恒而达,55.02,2869051,75804300,156007800,858354.9156
2025-09-01,BJ920239,长虹能源,37.77,7515135,69594118,182074204,687694.268508
2025-09-01,SH605077,华康股份,19.37,4147237,299427734,303048234,587004.429258
2025-09-01,SZ300941,创识科技,27.72,5571650,106288099,204750000,567567
2025-09-01,SZ300942,易瑞生物,13.82,26338103,401940194,401940194,555481.348108
2025-09-01,SH688665,四方光电,62.42,2297211,100553341,100553341,627653.954522
2025-09-01,SH605081,*ST太和,13.7,1861365,113247072,113247072,155148.48864
2025-09-01,SZ300947,德必集团,21.55,4258629,151077731,151137696,325701.73488
2025-09-01,SZ003038,鑫铂股份,17.67,5019764,165497912,243695765,430610.416755
2025-09-01,SZ300943,春晖智控,17.44,5156500,134340287,203820000,355462.08
2025-09-01,SZ300945,曼卡龙,20.07,35261402,238400647,262071629,525977.759403
2025-09-01,SH688070,纵横股份,58.85,2346782,87580000,87580000,515408.3
2025-09-01,BJ920735,德源药业,40.91,3501755,103757231,117315990,479939.71509
2025-09-01,BJ920599,同力股份,21.7,7294976,347574346,461525000,1001509.25
2025-09-01,SH688619,罗普特,17.38,4668821,185438042,185438042,322291.316996
2025-09-01,BJ920832,齐鲁华信,8.62,2928985,122520083,138763865,119614.45163
2025-09-01,SH605133,嵘泰股份,43.95,17340247,240394071,282806592,1242934.97184
2025-09-01,SH605268,王力安防,10.51,7136377,437696250,446302500,469063.9275
2025-09-01,BJ920225,利通科技,25.21,4072760,82782154,126918894,319962.531774
2025-09-01,SZ300948,冠中生态,11.25,5642250,130806091,140030528,157534.344
2025-09-01,SH688183,生益电子,82.78,25535437,831821175,831821175,6885815.68665
2025-09-01,SH688677,海泰新光,44.07,3239493,119877000,119877000,528297.939
2025-09-01,SZ300951,博硕科技,43.15,13731584,151134306,169140546,729841.45599
2025-09-01,SZ300949,奥雅股份,41.9,1292500,34301063,60328300,252775.577
2025-09-01,SH605060,联德股份,28.22,4969970,240592000,240592000,678950.624
2025-09-01,SH605298,必得科技,32.8,10162652,184652000,187850000,616148
2025-09-01,SH605303,园林股份,17.95,23270118,161237408,161237408,289421.14736
2025-09-01,SH688079,美迪凯,12.39,11224284,397918998,406716698,503921.988822
2025-09-01,SH688696,极米科技,126.26,2287997,70000000,70000000,883820
2025-09-01,SZ300950,德固特,35.94,20010300,90374775,152480000,548013.12
2025-09-01,SZ003039,顺控发展,13.77,3295700,617518730,617518730,850323.29121
2025-09-01,SH605208,永茂泰,15.2,15218899,329940000,329940000,501508.8
2025-09-01,SH688328,深科达,25.89,5540602,94456295,94456295,244547.347755
2025-09-01,SH688676,金盘科技,57.9,21519897,459286072,459286072,2659266.35688
2025-09-01,SH605122,四方新材,13.6,3121000,172354000,172354000,234401.44
2025-09-01,SH688083,中望软件,76.65,4933464,169584547,169584547,1299865.552755
2025-09-01,SZ300952,恒辉安防,29.28,4958651,104788554,172586789,505334.118192
2025-09-01,SH688667,菱电电控,71.44,2259184,52214531,52214531,373020.609464
2025-09-01,SH688316,青云科技,73.4,2937398,47898129,47898129,351572.26686
2025-09-01,SH688456,有研粉材,52.35,2596718,103660000,103660000,542660.1
2025-09-01,SH688616,西力科技,13.23,5033986,179378265,179378265,237317.444595
2025-09-01,SZ300953,震裕科技,139.81,7855112,124753594,173477731,2425392.157111
2025-09-01,SH688092,爱科科技,25.03,1871191,82690657,82690657,206974.714471
2025-09-01,SH605389,长龄液压,46.42,3412813,136266760,144087070,668852.17894
2025-09-01,SH605286,同力天启,41.19,3057600,168000000,168000000,691992
2025-09-01,SZ300959,线上线下,45.66,1501000,52355219,80367800,366959.3748
2025-09-01,SZ003040,楚天龙,24.87,33394208,456850258,461135972,1146845.162364
2025-09-01,SH688609,九联科技,11.47,21178145,500000000,500000000,573500
2025-09-01,SH688633,星球石墨,26.31,1258107,143769462,143769462,378257.454522
2025-09-01,SZ300955,嘉亨家化,32.81,17930116,100800000,100800000,330724.8
2025-09-01,SH688606,奥泰生物,71.7,1276774,79280855,79280855,568443.73035
2025-09-01,SZ300957,贝泰妮,47.62,5257124,423600000,423600000,2017183.2
2025-09-01,SZ300956,英力股份,17.82,12619610,210452396,215427660,383892.09012
2025-09-01,SH688195,腾景科技,85.5,14474896,129350000,129350000,1105942.5
2025-09-01,SH603759,海天股份,7.96,7517294,461760000,461760000,367560.96
2025-09-01,SH688329,艾隆科技,21.46,2461123,77200000,77200000,165671.2
2025-09-01,SZ300960,通业科技,29.51,2937912,130878265,144444265,426255.026015
2025-09-01,SZ300958,建工修复,12.95,4039598,91049427,156736579,202973.869805
2025-09-01,SH688661,和林微纳,46.34,5119194,151649191,151887826,703848.185684
2025-09-01,SH688109,品茗科技,41.85,2531658,78842300,78842300,329955.0255
2025-09-01,SZ300961,深水海纳,18.27,12739442,152568733,177280000,323890.56
2025-09-01,SH688626,翔宇医疗,58.29,5015044,160000000,160000000,932640
2025-09-01,SH688659,元琛科技,10.53,5093385,160000000,160000000,168480
2025-09-01,SH688662,富信科技,49.12,6752042,88240000,88240000,433434.88
2025-09-01,SH688630,芯碁微装,143,10079063,131740716,131740716,1883892.2388
2025-09-01,SZ300965,恒宇信通,78.62,2832335,20609250,60000000,471720
2025-09-01,SZ003041,真爱美家,23.3,15107096,136823400,144000000,335520
2025-09-01,SZ003042,中农联合,16.88,3044990,127365745,142480000,240506.24
2025-09-01,SH688260,昀冢科技,34.82,5254972,120000000,120000000,417840
2025-09-01,SZ003043,华亚智能,51.9,7043959,79830544,133987726,695396.29794
2025-09-01,SH603324,盛剑科技,26.63,4303482,148565060,148565060,395628.75478
2025-09-01,SH688191,智洋创新,24.97,4682637,231650370,231650370,578430.97389
2025-09-01,SH688636,智明达,37.09,8354945,167627405,167627405,621730.045145
2025-09-01,SZ300966,共同药业,22.46,3416254,76664972,115279416,258917.568336
2025-09-01,SZ300963,中洲特材,19.6,24433571,289412680,458640000,898934.4
2025-09-01,SH688468,科美诊断,8.24,9225215,401108000,401108000,330512.992
2025-09-01,SZ300962,中金辐照,17.84,3222983,264001897,264001897,470979.384248
2025-09-01,SH688611,杭州柯林,40.19,2556643,153389600,153389600,616472.8024
2025-09-01,SZ300969,恒帅股份,86.52,2592491,30360289,112000000,969024
2025-09-01,SH688683,莱尔科技,31.99,2672179,155177929,155177929,496414.194871
2025-09-01,SZ300970,华绿生物,14.23,3699300,92729429,120202400,171048.0152
2025-09-01,SH605378,野马电池,25.38,8229152,261346400,261346400,663297.1632
2025-09-01,SH688315,诺禾致源,15.82,7044234,416200000,416200000,658428.4
2025-09-01,SZ300967,晓鸣股份,24.71,20249257,124791142,187569361,463483.891031
2025-09-01,SH688663,新风光,33.03,3298606,140620230,140620230,464468.61969
2025-09-01,SZ300971,博亚精工,25.21,11324489,92062498,117600000,296469.6
2025-09-01,SZ300973,立高食品,49.98,5153136,116526251,169340501,846363.823998
2025-09-01,SZ300968,格林精密,15.87,8873022,413380000,413380000,656034.06
2025-09-01,SH601279,英利汽车,4.15,16353800,1585785985,1585785985,658101.183775
2025-09-01,SH605086,龙高股份,26.95,2878300,179200000,179200000,482944
2025-09-01,SZ300972,万辰集团,204.7,6551092,163443447,187615062,3840480.31914
2025-09-01,SH688533,上声电子,30.93,7602555,162847152,162847152,503686.241136
2025-09-01,SZ300976,达瑞电子,65.33,4770473,85210032,133114976,869640.138208
2025-09-01,SH605117,德业股份,63.74,20500016,904446704,904446704,5764943.291296
2025-09-01,SH688682,霍莱沃,31.97,3382742,101838895,101838895,325578.947315
2025-09-01,SZ300983,尤安设计,21.6,561505,118282465,172800000,373248
2025-09-01,SZ300977,深圳瑞捷,19.48,2729257,94802158,152226727,296537.664196
2025-09-01,SZ300980,祥源新材,24,5429000,98341448,138211043,331706.5032
2025-09-01,SH605016,百龙创园,21.56,7182363,420012320,420012320,905546.56192
2025-09-01,SH688201,信安世纪,15.56,42308829,302530753,317153816,493491.337696
2025-09-01,SH605098,行动教育,36,1422600,119251100,119251100,429303.96
2025-09-01,SZ300975,商络电子,12.8,27610311,492073289,687005604,879367.17312
2025-09-01,SH688639,华恒生物,38.66,9793549,250115693,250115693,966947.269138
2025-09-01,SZ300979,华利集团,52.59,3456499,1166989800,1167000000,6137253
2025-09-01,SZ300978,东箭科技,11.16,6002800,191219381,422702739,471736.256724
2025-09-01,SH605289,罗曼股份,53.03,5176830,108337500,109007500,578066.7725
2025-09-01,SZ300981,中红医疗,14.43,6625543,393034879,428864959,618852.135837
2025-09-01,SZ300982,苏文电能,19.34,4061240,193897146,206965146,400270.592364
2025-09-01,SH605089,味知香,27.03,2906486,138000000,138000000,373014
2025-09-01,SH688383,新益昌,73.94,1424938,102133600,102133600,755175.8384
2025-09-01,SZ001201,东瑞股份,16.35,4588196,234201295,257784001,421476.841635
2025-09-01,SH688323,瑞华泰,16.04,3260995,180000224,180000224,288720.359296
2025-09-01,SZ001202,炬申股份,15.15,7276163,116823955,166691110,252537.03165
2025-09-01,SZ300985,致远新能,20.5,7600924,186512480,186512480,382350.584
2025-09-01,SH688395,正弦电气,25.09,1412811,86597720,86597720,217273.67948
2025-09-01,SH605300,佳禾食品,14.15,4132681,400010000,454398597,642974.014755
2025-09-01,SH605180,华生科技,15.9,4433324,169000000,169000000,268710
2025-09-01,SZ300986,志特新材,12.63,13090027,411816323,411973975,520323.130425
2025-09-01,SH688113,联测科技,41.16,2097722,64397559,64397559,265060.352844
2025-09-01,SH605305,中际联合,37.36,9872042,212520000,212520000,793974.72
2025-09-01,SH605080,浙江自然,27.46,3696698,140351200,141573040,388759.56784
2025-09-01,SH600906,财达证券,7.66,39629259,2124234950,3245000000,2485670
2025-09-01,SZ300989,蕾奥规划,17.83,10551595,150613160,210959534,376140.849122
2025-09-01,SZ001203,大中矿业,12.03,12377877,1292443386,1508021588,1814149.970364
2025-09-01,SZ300987,川网传媒,18.86,4742200,173368000,173368000,326972.048
2025-09-01,SH605196,华通线缆,23.8,27018555,504400781,511002781,1216186.61878
2025-09-01,SH688655,迅捷兴,23.87,4144426,133390000,133390000,318401.93
2025-09-01,SZ300988,津荣天宇,24.62,12980973,106669847,140297357,345412.092934
2025-09-01,SH688097,博众精工,35.86,5724544,445008765,446647765,1601678.88529
2025-09-01,SZ300990,同飞股份,77.96,11379779,77725975,169749340,1323365.85464
2025-09-01,SH688355,明志科技,19.37,2541423,123956072,123956072,240102.911464
2025-09-01,SZ001205,盛航股份,16.32,7950152,159418805,188003136,306821.117952
2025-09-01,SH688685,迈信林,61.18,5189810,145426667,145426667,889720.348706
2025-09-01,SH605488,福莱新材,33,8828387,278330452,280209252,924690.5316
2025-09-01,SH688565,力源科技,10.23,3758437,149730000,149730000,153173.79
2025-09-01,SH688217,睿昂基因,29.79,1877720,55855896,55855896,166394.714184
2025-09-01,SH688575,亚辉龙,15.29,6016665,570426800,570426800,872182.5772
2025-09-01,SH688314,康拓医疗,37.55,1749292,81239172,81239172,305053.09086
2025-09-01,SH605339,南侨食品,17.37,956454,424290616,424290616,736992.799992
2025-09-01,SZ001206,依依股份,25.98,9183599,106315461,184893808,480354.113184
2025-09-01,SH688660,电气风电,23.53,47182510,1333333400,1333333400,3137333.4902
2025-09-01,SZ300991,创益通,40.85,11478150,92142000,144000000,588240
2025-09-01,SH688076,ST诺泰,43.4,6072192,316051897,316051897,1371665.23298
2025-09-01,SH688613,奥精医疗,20.6,6192097,137008584,137008584,282237.68304
2025-09-01,SH688359,三孚新科,72.17,4480370,97759050,97759050,705527.06385
2025-09-01,SZ300993,玉马科技,16.66,12374532,240794175,308131200,513346.5792
2025-09-01,SZ300992,泰福泵业,28.83,2852643,77493052,95337552,274858.162416
2025-09-01,SZ300614,百川畅银,14.56,1944779,160435533,160435533,233594.136048
2025-09-01,SH600032,浙江新能,7.61,7278900,2404675324,2404675324,1829957.921564
2025-09-01,SH605090,九丰能源,29.66,13004553,664643117,666211503,1975983.317898
2025-09-01,SZ300995,奇德新材,58.44,2947003,59904781,84160000,491831.04
2025-09-01,SH603836,海程邦达,13.94,4118907,205235237,205235237,286097.920378
2025-09-01,BJ920726,朱老六,21.41,2508066,55917205,101670000,217675.47
2025-09-01,SH605499,东鹏饮料,314.94,2021096,520013000,520013000,16377289.422
2025-09-01,SH605296,神农集团,32.48,3773330,524564418,524564418,1703785.229664
2025-09-01,SZ301001,凯淳股份,31.35,1823700,50300000,80000000,250800
2025-09-01,SH605189,富春染织,14.78,7914964,194076105,194076105,286844.48319
2025-09-01,SZ301000,肇民科技,45.2,6307004,229269322,242877322,1097805.49544
2025-09-01,SH688538,和辉光电,2.86,225433178,5752235725,13809437625,3949499.16075
2025-09-01,SH603511,爱慕股份,14.85,3444858,401887312,404050612,600015.15882
2025-09-01,SZ301005,超捷股份,47.19,7051733,132371786,134267251,633607.157469
2025-09-01,SZ301003,江苏博云,35.41,2293761,74610103,97133323,343949.096743
2025-09-01,SZ300998,宁波方正,26.23,5159725,107680580,137169230,359794.89029
2025-09-01,SZ300997,欢乐家,17.5,10295679,386007256,437473475,765578.58125
2025-09-01,SH688117,圣诺生物,44.5,9807013,157385978,157385978,700367.6021
2025-09-01,SZ300996,普联软件,18.88,27004856,235102708,282776048,533881.178624
2025-09-01,BJ920523,德瑞锂电,32.28,11647821,81039513,101301369,327000.819132
2025-09-01,SZ301002,崧盛股份,32.74,8358256,73323773,122876546,402297.811604
2025-09-01,SH688625,呈和科技,34.02,2463908,188320951,188320951,640667.875302
2025-09-01,SZ301006,迈拓股份,16.68,3136466,86086100,139280000,232319.04
2025-09-01,SH605319,无锡振华,32.64,3531664,213681583,250061583,816201.006912
2025-09-01,SH688319,欧林生物,29.97,13814597,405409300,405933600,1216582.9992
2025-09-01,SH688131,皓元医药,69.5,10653622,212098693,212098693,1474085.91635
2025-09-01,BJ920212,智新电子,16.73,2340478,51332127,106100000,177505.3
2025-09-01,SH601156,东航物流,15.58,20525941,944595556,1587555556,2473411.556248
2025-09-01,SH688269,凯立新材,38.77,1715509,130704000,130704000,506739.408
2025-09-01,SH600905,三峡能源,4.24,139172307,28587650142,28587650142,12121163.660208
2025-09-01,SH688345,博力威,31.03,2990076,100000000,101149500,313866.8985
2025-09-01,SZ301008,宏昌科技,32.31,14842794,115843234,130963234,423142.209054
2025-09-01,SH603529,爱玛科技,36.06,9475801,847560432,869047956,3133786.929336
2025-09-01,SH688700,东威科技,44.19,7692327,298401360,298401360,1318635.60984
2025-09-01,SH605259,绿田机械,27.3,3943080,172480000,172480000,470870.4
2025-09-01,SH688681,科汇股份,17.12,8123387,104670000,104670000,179195.04
2025-09-01,SZ301007,德迈仕,49.55,7159627,152993500,153340000,759799.7
2025-09-01,SH688067,爱威科技,25.59,1462898,68000000,68000000,174012
2025-09-01,SH688597,煜邦电力,8.05,5722759,336059460,336059460,270527.8653
2025-09-01,SZ301011,华立科技,30.05,5511724,139019988,146692000,440809.46
2025-09-01,SZ301009,可靠股份,14.48,7173225,151035028,271860000,393653.28
2025-09-01,SZ301010,晶雪节能,19.53,4317300,108000000,108000000,210924
2025-09-01,SH688517,金冠电气,15.22,2188418,136613184,136613184,207925.266048
2025-09-01,SZ300984,金沃股份,58.68,3180940,77471850,123268602,723340.156536
2025-09-01,SH601665,齐鲁银行,5.54,84690386,6153842525,6153842525,3409228.75885
2025-09-01,SH688621,阳光诺和,76.9,6034677,112000000,112000000,861280
2025-09-01,SH688425,铁建重工,5.76,38723051,5333497000,5333497000,3072094.272
2025-09-01,SZ301012,扬电科技,21.19,6236315,143452162,196960162,417358.583278
2025-09-01,SH688690,纳微科技,27.8,13691889,403814765,403814765,1122605.0467
2025-09-01,SH688216,气派科技,25.76,4359513,106285805,106879805,275322.37768
2025-09-01,SZ001207,联科科技,23.72,7650530,196620534,202355964,479988.346608
2025-09-01,SZ001208,华菱线缆,12.09,8693100,263397747,534424000,646118.616
2025-09-01,SZ301004,嘉益股份,63.91,1682804,134504860,145446857,929550.863087
2025-09-01,SH601528,瑞丰银行,5.59,13602280,1734456538,1962161395,1096848.219805
2025-09-01,SH688276,百克生物,23.6,4616727,413657598,413657598,976231.93128
2025-09-01,SH688601,力芯微,43.69,4902906,133692700,133692700,584103.4063
2025-09-01,BJ920768,拾比佰,14.78,13576965,76571789,110970000,164013.66
2025-09-01,SH688367,工大高科,18.54,2345511,87624600,87624600,162456.0084
2025-09-01,SZ301019,宁波色母,17.15,2908306,111465861,167999995,288119.991425
2025-09-01,SZ301013,利和兴,19.31,18321560,189241638,233743056,451357.841136
2025-09-01,SH688161,威高骨科,32.15,3434425,400000000,400000000,1286000
2025-09-01,SH603171,税友股份,56.3,7347661,405890000,406345000,2287722.35
2025-09-01,SZ301016,雷尔伟,18.51,4298735,207150158,218400000,404258.4
2025-09-01,SZ301015,百洋医药,25.92,9080700,525551976,525619476,1362405.681792
2025-09-01,SH605011,杭州热电,21.84,2444392,400100000,400100000,873818.4
2025-09-01,SH688499,利元亨,61.7,15935960,168728510,168728510,1041054.9067
2025-09-01,SZ301022,海泰科,41.1,4801096,62565353,95112522,390912.46542
2025-09-01,SZ301017,漱玉平民,12.09,5336839,243352766,405352766,490071.494094
2025-09-01,SH688239,航宇科技,38.62,7511542,190625798,191905934,741140.717108
2025-09-01,BJ920765,美之高,17.38,2001579,56371050,89671523,155849.106974
2025-09-01,SZ301020,密封科技,23.87,2147900,146400000,146400000,349456.8
2025-09-01,SH605287,德才股份,16.37,4057346,140000000,140000000,229180
2025-09-01,SZ301021,英诺激光,40.22,10218632,152038414,152151932,611955.070504
2025-09-01,SH605162,新中港,8.89,6204200,400532847,400532847,356073.700983
2025-09-01,SZ301018,申菱环境,78.93,18379483,198999414,266052564,2099952.887652
2025-09-01,SZ301023,奕帆传动,43.6,2143482,41600842,78187370,340896.9332
2025-09-01,SH688226,威腾电气,41.33,11443586,187647520,187647520,775547.20016
2025-09-01,SZ301039,中集车辆,9.16,20794000,1453680000,1874124420,1716697.96872
2025-09-01,BJ920885,星辰科技,26.05,9118031,88023583,169928400,442663.482
2025-09-01,SH688789,宏华数科,75.7,2731734,179451332,179451332,1358446.58324
2025-09-01,SH605020,永和股份,29.79,12879346,379121955,470490376,1401590.830104
2025-09-01,SH688087,英科再生,27.28,3545853,186245490,194054775,529381.4262
2025-09-01,SH688305,科德数控,61.98,3033097,132213778,132906678,823755.590244
2025-09-01,SH605028,世茂能源,22.8,5171948,160000000,160000000,364800
2025-09-01,SH688038,中科通达,15.85,3894202,116373400,116373400,184451.839
2025-09-01,SH688799,华纳药厂,53.74,7720468,131320000,131320000,705713.68
2025-09-01,SZ301031,中熔电气,111.72,5923690,68817680,98322480,1098458.74656
2025-09-01,SZ301027,华蓝集团,14.56,5792026,118242296,147000000,214032
2025-09-01,SH688793,倍轻松,32.53,973815,85945419,85945419,279580.448007
2025-09-01,SZ301026,浩通科技,31.14,8093584,111580666,158273987,492865.195518
2025-09-01,SH688501,青达环保,30.64,3624940,124226000,124226000,380628.464
2025-09-01,SZ301025,读客文化,10.62,6604569,277150740,400309400,425128.5828
2025-09-01,SH605056,咸亨国际,14.29,3092200,406673240,410367240,586414.78596
2025-09-01,SH605365,立达信,15.48,2371200,502012876,502012876,777115.932048
2025-09-01,SZ301028,鼎熔岩,13.85,7101583,248459438,384049688,531908.81788
2025-09-01,BJ920146,华阳变速,10.11,4393338,108563062,134990443,136475.337873
2025-09-01,SZ301032,新柴股份,14.02,5342105,159872775,241133400,338069.0268
2025-09-01,SH688800,瑞可达,76.05,14050058,205674335,205674335,1564153.317675
2025-09-01,SH688303,大全能源,30.67,43009572,2145205724,2145205724,6579345.955508
2025-09-01,SZ301030,仕净科技,16.63,10323464,202105710,202383330,336563.47779
2025-09-01,SH601921,浙版传媒,8.62,18379300,2222222223,2222222223,1915555.556226
2025-09-01,SZ001209,洪兴股份,18.03,1920720,96094636,131522720,237135.46416
2025-09-01,SZ301029,怡合达,27.28,13986288,461880769,634202712,1730104.998336
2025-09-01,SH688768,容知日新,51.01,1859905,87263549,87988713,448830.425013
2025-09-01,SH605167,利柏特,11.14,14444450,449070000,449070000,500263.98
2025-09-01,SZ301033,迈普医学,80.28,1202200,56067429,66611929,534760.566012
2025-09-01,SH688296,和达科技,14.05,4169892,107393160,107898660,151597.6173
2025-09-01,SZ301035,润丰股份,80.04,3449900,280344774,280770974,2247290.875896
2025-09-01,SZ301024,霍普股份,44.09,1036777,60210000,63585000,280346.265
2025-09-01,SH688718,唯赛勃,15.38,1885328,173754389,173754389,267234.250282
2025-09-01,SZ301036,双乐股份,36.54,2225031,70433635,100000000,365400
2025-09-01,SH688071,华依科技,40.08,2937835,84789724,84789724,339837.213792
2025-09-01,SZ001210,金房能源,15.36,3559733,95299042,156812676,240864.270336
2025-09-01,SH688511,*ST天微,23.82,1614253,102829142,102829142,244939.016244
2025-09-01,SH688509,正元地信,4.75,14487199,384792200,770000000,365750
2025-09-01,SZ301037,保立佳,14.35,3779700,67997785,139031686,199510.46941
2025-09-01,SH688670,金迪克,15.83,1836690,123200000,123200000,195025.6
2025-09-01,SH605507,国邦医药,23.09,6337458,301722186,558823500,1290323.4615
2025-09-01,SZ301040,中环海陆,39.6,0,94232282,100000907,396003.59172
2025-09-01,SZ300774,倍杰特,10.31,15456430,194880451,408763660,421435.33346
2025-09-01,SH688385,复旦微电,62.05,20021656,537097300,821427300,5096956.3965
2025-09-01,SZ301038,深水规院,31.01,7386818,223080000,223080000,691771.08
2025-09-01,SZ301042,安联锐视,38.82,1531600,65983127,69723577,270666.925914
2025-09-01,SZ300964,本川智能,48.66,4333100,55060747,77298284,376133.449944
2025-09-01,SH688778,厦钨新能,59.2,13670215,504691083,504691083,2987771.21136
2025-09-01,SZ001211,双枪科技,26.25,5464405,66996575,72000000,189000
2025-09-01,BJ920553,凯腾精工,13.33,19687104,91865218,143690460,191539.38318
2025-09-01,SH688148,芳源股份,5.92,15328559,510173053,510173053,302022.447376
2025-09-01,BJ920090,同辉信息,9.12,9397029,135347400,199333546,181792.193952
2025-09-01,SH605589,圣泉集团,33.41,30536774,780893300,846401998,2827829.075318
2025-09-01,SZ000792,盐湖股份,20.06,82210470,5291541746,5291572541,10614894.517246
2025-09-01,SZ301041,金百泽,30.89,5368418,78920639,106680000,329534.52
2025-09-01,SZ301043,绿岛风,34.56,999100,56747750,68000000,235008
2025-09-01,SH688779,五矿新能,6.49,55066971,1929218895,1929218895,1252063.062855
2025-09-01,SZ300814,中富电路,45.69,12225646,191430132,191430132,874644.273108
2025-09-01,SZ300994,久祺股份,19.42,8951994,116664000,233088000,452656.896
2025-09-01,SH605588,冠石科技,56.24,2927400,73099561,73468201,413185.162424
2025-09-01,SH688787,海天瑞声,137.35,3297079,60325180,60325180,828566.3473
2025-09-01,SZ301045,天禄科技,25.43,3797363,63957984,110318358,280539.584394
2025-09-01,SZ300844,山水比德,58.15,2019122,87325000,90496000,526234.24
2025-09-01,BJ920566,梓橦宫,13.52,3048955,111672428,145463380,196666.48976
2025-09-01,SH605069,正和生态,10.69,6395780,84161278,211697778,226304.924682
2025-09-01,SH688798,艾为电子,91.62,7536278,135743240,233128636,2135924.563032
2025-09-01,BJ920642,通易航天,18.6,3602927,100589878,103670278,192826.71708
2025-09-01,SZ301047,义翘神州,82.09,5597332,119580621,121636742,998516.015078
2025-09-01,SZ301046,能辉科技,23.58,9088573,113163579,152295829,359113.564782
2025-09-01,SH688733,壹石通,26.86,10803063,199775190,199775190,536596.16034
2025-09-01,BJ920039,国义招标,14.65,3244521,153819900,153820000,225346.3
2025-09-01,SZ301048,金鹰重工,12.68,7257587,533333400,533333400,676266.7512
2025-09-01,SH688728,格科微,17.23,25594234,2498887173,2600586667,4480810.827241
2025-09-01,SH601825,沪农商行,8.75,56099083,9374441403,9644444445,8438888.889375
2025-09-01,SH605580,恒盛能源,20.97,9875086,280000000,280000000,587160
2025-09-01,SH601728,中国电信,7.58,134732136,77629728699,91507138699,69362411.133842
2025-09-01,BJ920174,五新隧装,58.14,3888746,87000759,90008718,523310.686452
2025-09-01,SH688766,普冉股份,78.29,6122397,148049102,148049102,1159076.419558
2025-09-01,SZ001212,中旗新材,59.35,11668579,158629161,185416404,1100446.35774
2025-09-01,SZ301049,超越科技,22.3,2400300,42826359,94253334,210184.93482
2025-09-01,SZ301050,雷电微力,55.5,9490625,207945263,244791768,1358594.3124
2025-09-01,SH605577,龙版传媒,13.86,4026660,444444445,444444445,616000.00077
2025-09-01,SH688786,悦安新材,27.34,3123188,143800003,143800003,393149.208202
2025-09-01,BJ920305,*ST云创,15.96,4538487,81100875,132376125,211272.2955
2025-09-01,SZ301051,信濠光电,25.17,5064099,161007966,203043456,511060.378752
2025-09-01,SZ301052,果麦文化,83.17,7154178,80195919,98959339,823044.822463
2025-09-01,SH688776,国光电气,80.6,3125312,108383419,108383419,873570.35714
2025-09-01,BJ920077,吉林碳谷,14.96,5888990,316956817,587681817,879171.998232
2025-09-01,SH688711,宏微科技,27.47,11183555,213081641,213081641,585335.267827
2025-09-01,SZ301053,远信工业,38.17,6758564,75752702,82475816,314810.189672
2025-09-01,SZ301055,张小泉,24.93,7561500,156000000,156000000,388908
2025-09-01,SH688121,卓然股份,13.36,14802860,202666667,233614003,312108.308008
2025-09-01,SZ001215,千味央厨,31.11,13250333,96791495,97160446,302266.147506
2025-09-01,SH688187,时代电气,48.4,7371748,279321813,1357948412,6572470.31408
2025-09-01,SZ301056,森赫股份,10.83,2981379,175995830,266786667,288929.960361
2025-09-01,SZ001213,中铁特货,4.24,16773900,4444444444,4444444444,1884444.444256
2025-09-01,SH688767,博拓生物,41.16,5482336,149333334,149333334,614656.002744
2025-09-01,SZ301058,中粮科工,11.87,11212258,512274245,512274245,608069.528815
2025-09-01,SZ301057,汇隆新材,24.84,4513800,82586963,116969438,290552.083992
2025-09-01,SH605599,菜百股份,14.59,12630782,777777800,777777800,1134777.8102
2025-09-01,SH688091,上海谊众,72.49,5769493,206703640,206703640,1498394.68636
2025-09-01,SH688103,国力电子,67.34,2225926,95315536,95315536,641854.819424
2025-09-01,SZ301059,金三江,11.78,3640462,206737026,231154000,272299.412
2025-09-01,SH688622,禾信仪器,97.84,853109,70465521,70465521,689434.657464
2025-09-01,SZ301060,兰卫医学,10.01,5290700,360184557,400517000,400917.517
2025-09-01,SZ301061,匠心家居,102.6,2136930,144484439,217581796,2232389.22696
2025-09-01,SZ301062,上海艾录,8.7,9458351,311609280,432277187,376081.15269
2025-09-01,SZ301065,本立科技,24.39,4461437,86287500,106020000,258582.78
2025-09-01,SH688707,振华新材,15.69,10805313,508740205,508740205,798213.381645
2025-09-01,SH600955,维远股份,14.68,5942241,550000000,550000000,807400
2025-09-01,SH688701,卓锦股份,8.71,3610393,134277372,134277372,116955.591012
2025-09-01,SH605033,美邦股份,24.88,6934900,135200000,135200000,336377.6
2025-09-01,SZ300854,中兰环保,21.03,10307908,81340875,100068750,210444.58125
2025-09-01,SH688697,纽威数控,14.89,5397823,457333380,457333380,680969.40282
2025-09-01,SH605598,上海港湾,25.68,4488280,243016809,244584809,628093.789512
2025-09-01,SZ301066,万事利,15.17,3580417,188786643,234923111,356378.359387
2025-09-01,SZ301067,显盈科技,34.98,3242540,63828900,97236000,340131.528
2025-09-01,SZ301070,开勒股份,49.79,4387039,59354800,90229840,449254.37336
2025-09-01,SZ301063,海锅股份,27.49,5866851,81447303,104360724,286887.630276
2025-09-01,SZ301071,力量钻石,30.27,4884357,194594167,260272313,787844.291451
2025-09-01,SZ301069,凯盛新材,22.18,14124220,391961138,420641138,932982.044084
2025-09-01,SH601868,中国能建,2.43,377102234,32428727636,41691163636,10130952.763548
2025-09-01,SZ301068,大地海洋,28.24,1382738,100777825,141315742,399075.655408
2025-09-01,SZ301072,中捷精工,26.51,5016700,67139923,105045985,278476.906235
2025-09-01,SZ301075,多瑞医药,41.17,12307100,80000000,80000000,329360
2025-09-01,SZ001217,华尔泰,11.72,3836200,328583022,331870000,388951.64
2025-09-01,SZ301077,星华新材,22.81,3126772,95402629,170078941,387950.064421
2025-09-01,SZ301073,君亭酒店,25.99,14754529,178179500,194451046,505378.268554
2025-09-01,SZ301076,新瀚新材,52.63,15817784,109811552,174881200,920399.7556
2025-09-01,SH605567,春雪食品,10.33,6720935,200000000,200000000,206600
2025-09-01,SZ301078,孩子王,12.33,41602311,1254205031,1261359906,1555256.764098
2025-09-01,SZ001218,丽臣实业,20.14,5846688,114046420,130178260,262179.01564
2025-09-01,SH688772,珠海冠宇,22,45902892,1132068851,1132068851,2490551.4722
2025-09-01,SH688272,富吉瑞,27.15,1557729,76000000,76000000,206340
2025-09-01,SZ301080,百普赛斯,59.83,2878030,126668848,167848198,1004235.768634
2025-09-01,SZ301085,亚康股份,65.13,4233982,58911742,86775675,565169.971275
2025-09-01,SH688722,同益中,20.68,21941879,224105200,224666700,464610.7356
2025-09-01,SZ301079,邵阳液压,29.79,4218821,69525199,108932234,324509.125086
2025-09-01,SZ001216,华瓷股份,15.82,12047400,246023949,251866700,398453.1194
2025-09-01,SZ301081,严牌股份,10.6,5554660,215898481,225126451,238634.03806
2025-09-01,SZ301086,鸿富瀚,66.07,3826393,47338313,90000000,594630
2025-09-01,SH688285,高铁电气,8.91,3007233,376289913,376289913,335274.312483
2025-09-01,SZ001219,青岛食品,14.52,5256483,189962298,194983750,283116.405
2025-09-01,SZ301083,百胜智能,16.61,3432116,85609917,177866667,295436.533887
2025-09-01,SH605555,德昌股份,17.27,16291283,484069040,484069040,835987.23208
2025-09-01,SH688737,中自科技,23.03,2991021,119564509,119564509,275357.064227
2025-09-01,SZ301087,可孚医疗,41.45,3910143,194247020,208897000,865878.065
2025-09-01,SH688255,凯尔达,36.03,3739311,109858870,109858870,395821.50861
2025-09-01,SH605566,福莱蒽特,26.2,3603200,133340000,133340000,349350.8
2025-09-01,BJ920925,锦好医疗,27.64,1090696,55295053,98460643,272145.217252
2025-09-01,SH688211,中科微至,33.8,1449516,131608698,131608698,444837.39924
2025-09-01,SH688553,汇宇制药,24.42,13898294,343539725,423600000,1034431.2
2025-09-01,SZ301090,华润材料,7.91,8008300,1479409053,1486358853,1175709.852723
2025-09-01,SH605138,盛泰集团,9.08,34234771,555563735,555563735,504451.87138
2025-09-01,SZ301089,拓新药业,33.37,2870561,90976313,126544500,422278.9965
2025-09-01,SZ301082,久盛电气,18.44,8328849,209231511,226309174,417314.116856
2025-09-01,SH688257,新锐股份,18.4,10838023,252408504,252408504,464431.64736
2025-09-01,SH688280,精进电动,9.71,66168035,520544145,590221667,573105.238657
2025-09-01,SZ301088,戎美股份,14.35,1694700,187850000,227900000,327036.5
2025-09-01,BJ920892,广咨国际,18,2791963,146216069,170351353,306632.4354
2025-09-01,SH688739,成大生物,27.87,3650998,416450000,416450000,1160646.15
2025-09-01,SZ301091,深城交,34.4,12662671,527280000,527280000,1813843.2
2025-09-01,SZ301093,华兰股份,37.16,12386057,156933991,164201624,610173.234784
2025-09-01,SZ001288,运机集团,24.02,3685350,151510458,234917593,564272.058386
2025-09-01,SZ301092,争光股份,31.39,2059502,60688584,134535284,422306.256476
2025-09-01,SZ301129,瑞纳智能,29.01,2690900,37490500,135917400,394296.3774
2025-09-01,BJ920924,广脉科技,28.44,2197941,61813660,107571500,305933.346
2025-09-01,SZ301169,零点有数,48.88,1817173,72018036,72040536,352134.139968
2025-09-01,BJ920405,海希通讯,22.31,2883277,110090256,140260000,312920.06
2025-09-01,BJ920089,禾昌聚合,19.3,9107236,93500819,150668000,290789.24
2025-09-01,SZ301128,强瑞技术,94.43,7821005,88231356,103441270,976795.91261
2025-09-01,SH688162,巨一科技,31.65,2485510,137100775,137198775,434234.122875
2025-09-01,SZ301149,隆华新材,11.3,10321700,261228714,430000018,485900.02034
2025-09-01,SZ301188,力诺药包,18.86,7371625,239046345,239046345,450841.40667
2025-09-01,SH603213,镇洋发展,15.29,0,441808522,441808522,675525.230138
2025-09-01,SZ301178,天亿马,55.34,2976317,49476342,66852800,369963.3952
2025-09-01,SZ301098,金埔园林,9.02,7352776,149688709,183934959,165909.333018
2025-09-01,SH688107,安路科技,33.36,10067666,400849367,400849367,1337233.488312
2025-09-01,BJ920873,中设咨询,7.94,7117752,110203517,153387002,121789.279588
2025-09-01,BJ920171,志晟信息,29.22,2680925,67375108,100233235,292881.51267
2025-09-01,BJ920145,恒合股份,23.03,1180343,48674750,70550000,162476.65
2025-09-01,BJ920932,科达自控,26.27,11902738,86152895,107870350,283375.40945
2025-09-01,BJ920454,同心传动,20.25,2562383,63179125,105100000,212827.5
2025-09-01,SH688105,诺唯赞,24.37,3477088,397734544,397734544,969279.083728
2025-09-01,BJ920260,中寰股份,13.86,1619860,98960709,103550000,143520.3
2025-09-01,SH688212,澳华内镜,49.82,2405263,134665250,134665250,670902.2755
2025-09-01,BJ920092,汉鑫科技,42.2,1506055,31929705,62079700,261976.334
2025-09-01,BJ920680,广道退,10.66,0,46893344,66999900,71421.8934
2025-09-01,BJ920981,晶赛科技,39.68,2275114,37309618,76468000,303425.024
2025-09-01,BJ920436,大地电气,19.67,1982131,88868151,94476000,185834.292
2025-09-01,SZ301180,万祥科技,15.32,4856800,164138002,400010000,612815.32
2025-09-01,SH688182,灿勤科技,27.45,7327467,400000000,400000000,1098000
2025-09-01,SH603048,浙江黎明,20.13,3406115,146880000,146880000,295669.44
2025-09-01,SH688232,新点软件,30.12,5683357,330000000,330000000,993960
2025-09-01,SZ001267,汇绿生态,15.9,52280042,575861323,784164678,1246821.83802
2025-09-01,SH688075,安旭生物,40.46,726588,127082805,127082805,514177.02903
2025-09-01,SH688082,盛美上海,158.15,8050218,436107535,441291188,6979020.13822
2025-09-01,SZ301118,恒光股份,24.1,4924190,105052463,110196400,265573.324
2025-09-01,SZ301185,鸥玛软件,20.36,4081000,139870363,153417600,312358.2336
2025-09-01,SZ301099,雅创电子,39.8,4413735,89780377,146665777,583729.79246
2025-09-01,SH603219,富佳股份,18.68,17831463,561400000,561400000,1048695.2
2025-09-01,SZ301119,正强股份,37.3,2262512,84110000,104000000,387920
2025-09-01,SZ301155,海力风电,75.44,2852432,123349196,217391478,1640001.310032
2025-09-01,BJ920720,吉冈精密,16.95,8331097,71588383,266307160,451390.6362
2025-09-01,SH600935,华塑股份,2.51,27998300,3507401812,3594738056,902279.252056
2025-09-01,SZ301133,金钟股份,25.49,3139600,96341039,106623094,271782.266606
2025-09-01,SH688190,云路股份,108.18,1248192,120000000,120000000,1298160
2025-09-01,SH688049,炬芯科技,62.03,15742051,175167650,175167650,1086564.93295
2025-09-01,SZ001317,三羊马,52.84,5511800,29390289,80051007,422989.520988
2025-09-01,SH688230,芯导科技,70.08,2075369,117600000,117600000,824140.8
2025-09-01,SH688112,鼎阳科技,39.2,2437646,159200019,159200019,624064.07448
2025-09-01,SZ301198,喜悦智行,11.52,6970431,155554360,169000000,194688
2025-09-01,SZ301108,洁雅股份,32.51,5524711,64655698,112556252,365920.375252
2025-09-01,SZ301213,观想科技,64.05,1722929,51711049,79999999,512399.993595
2025-09-01,SZ301167,建研设计,16.22,5269220,71117896,112000000,181664
2025-09-01,SH688151,华强科技,23.78,4352191,344500000,344500000,819221
2025-09-01,SZ301199,迈赫股份,28.09,6125221,63826000,186676000,524372.884
2025-09-01,SZ301111,粤万年青,17,3703279,160000000,160000000,272000
2025-09-01,SZ301126,达嘉维康,12.22,5364841,137883269,205403200,251002.7104
2025-09-01,SZ301179,泽宇智能,16.88,6377532,234818577,401720697,678104.536536
2025-09-01,SZ301193,家联科技,24.48,11792413,136068641,193352441,473326.775568
2025-09-01,SH688110,东芯股份,118,0,442249758,442249758,5218547.1444
2025-09-01,SZ301168,通灵股份,40.65,2108600,95313336,120000000,487800
2025-09-01,SH688192,迪哲医药,80.89,4414279,409728086,459412894,3716190.899566
2025-09-01,SH688246,嘉和美康,33.2,4442186,137585598,137585598,456784.18536
2025-09-01,SH603216,梦天家居,14.89,12616600,222690000,222690000,331585.41
2025-09-01,SH688235,百济神州,300,11803229,115055260,1428203304,42846099.12
2025-09-01,SZ301177,迪阿股份,37.19,12330125,400009325,400010000,1487637.19
2025-09-01,SZ301138,华研精机,42.56,9095113,68560140,120000000,510720
2025-09-01,SZ301101,明月镜片,48.17,5236907,190916850,201512100,970683.7857
2025-09-01,SH603071,物产环能,13.65,4550311,557954442,557954442,761607.81333
2025-09-01,SZ301100,风光股份,18.98,1048600,87500000,200000000,379600
2025-09-01,SZ301096,百诚医药,62.45,9657208,82787179,109228284,682130.63358
2025-09-01,SH688032,禾迈股份,112.84,1699848,124073545,124073545,1400045.88178
2025-09-01,SH688248,南网科技,36.38,8425857,228712100,564700000,2054378.6
2025-09-01,SZ301221,光庭信息,58.83,5289686,62723179,92622300,544896.9909
2025-09-01,SZ301113,雅艺科技,21.95,1422444,55117466,91000000,199745
2025-09-01,SZ301211,亨迪药业,13.07,13237028,417600000,417600000,545803.2
2025-09-01,SH600927,永安期货,15.36,8171701,1455555556,1455555556,2235733.334016
2025-09-01,SZ301186,超达装备,45.46,1905381,75159938,80370232,365363.074672
2025-09-01,SZ301182,凯旺科技,38.98,6936700,95821700,95821700,373512.9866
2025-09-01,SZ301190,善水科技,26.08,3704778,159354000,214636500,559771.992
2025-09-01,SH603230,内蒙新华,13.66,16609822,353523000,353523000,482912.418
2025-09-01,SZ001296,长江材料,24.82,11631345,76851339,149591086,371285.075452
2025-09-01,SH688167,炬光科技,133.4,6694988,89859524,89859524,1198726.05016
2025-09-01,SH688210,统联精密,44.27,10503218,160241309,160241309,709388.274943
2025-09-01,SZ301166,优宁维,32.1,1046922,56918668,86666668,278200.00428
2025-09-01,SH688265,南模生物,60.14,2412137,77963513,77963513,468872.567182
2025-09-01,SH688206,概伦电子,38.14,14599481,435177853,435177853,1659768.331342
2025-09-01,SZ301189,奥尼电子,34.07,2817000,111757873,116396465,396562.756255
2025-09-01,SZ301127,武汉天源,14.3,7729151,665584879,674122924,963995.78132
2025-09-01,SH688236,春立医疗,23.1,5130944,288428000,383568500,886043.235
2025-09-01,SH688227,品高股份,35.48,3458032,64096781,113055275,401120.1157
2025-09-01,SH603176,汇通集团,6.37,7407634,461786207,474321207,302142.608859
2025-09-01,SH600941,中国移动,106.99,12262839,902767867,21613354979,231241284.920321
2025-09-01,SH688262,国芯科技,31.55,31919518,335999913,335999913,1060079.725515
2025-09-01,BJ920245,威博液压,33.16,952036,37995962,49695000,164788.62
2025-09-01,SH688176,亚虹医药,12.5,32924027,435685949,571170486,713963.1075
2025-09-01,SZ301159,三维天地,36.71,2441975,53014975,77350000,283951.85
2025-09-01,SZ301196,唯科科技,101,7029337,124577272,125256497,1265090.6197
2025-09-01,SZ001234,泰慕士,23.97,3480000,91520500,109413700,262264.6389
2025-09-01,SZ301136,招标股份,11.95,3868700,275204820,275204820,328869.7599
2025-09-01,SH688234,天岳先进,63.41,13796762,429711044,477456744,3027553.213704
2025-09-01,SH688259,创耀科技,45.62,4661804,111700000,111700000,509575.4
2025-09-01,SZ300834,星辉环材,23.68,1368992,192426778,193712353,458710.851904
2025-09-01,SH688220,翱捷科技,106,15062815,360408158,418300889,4433989.4234
2025-09-01,SZ001227,兰州银行,2.46,82166257,4212150270,5695697168,1401141.503328
2025-09-01,SZ301117,佳缘科技,34.71,7238597,79449887,129168620,448344.28002
2025-09-01,SZ301158,德石股份,19.33,6881000,146520431,150370510,290666.19583
2025-09-01,SH688062,迈威生物,57.6,26457453,204170000,399600000,2301696
2025-09-01,BJ920204,沪江材料,22.25,2081900,49986938,94287797,209790.348325
2025-09-01,SZ301116,益客食品,11.41,4005000,448977343,448979593,512285.715613
2025-09-01,SZ301201,诚达药业,30.24,6034151,108544304,154713824,467854.603776
2025-09-01,SH688173,希荻微,16.49,16782859,405857147,410319336,676616.585064
2025-09-01,SH603150,万朗磁塑,35.88,3192593,85483000,85483000,306713.004
2025-09-01,SZ001289,龙源电力,16.61,5786317,5041934164,8359816164,13885654.648404
2025-09-01,SH603102,百合股份,42.5,1235600,64000000,64000000,272000
2025-09-01,SZ301123,奕东电子,46.1,17551127,233600000,233600000,1076896
2025-09-01,SH688223,晶科能源,5.69,80614647,10005202308,10005202308,5692960.113252
2025-09-01,SZ301122,采纳股份,21.94,2436911,75640658,122245658,268206.973652
2025-09-01,SH688270,臻镭科技,79.16,15497728,214051600,214051600,1694432.4656
2025-09-01,SZ301217,铜冠铜箔,32.96,39923496,829015544,829015544,2732435.233024
2025-09-01,SH688171,纬德信息,48.3,3007391,83773400,83773400,404625.522
2025-09-01,SZ301228,实朴检测,27.5,2631017,119754000,120000000,330000
2025-09-01,SZ301235,华康洁净,37.1,8677790,72734235,107765977,399811.77467
2025-09-01,SZ301106,骏成科技,31.58,1952498,101621335,101621335,320920.17593
2025-09-01,SH688225,亚信安全,22.91,7916422,400010000,400010000,916422.91
2025-09-01,SH688261,东微半导,83.4,11019849,122531446,122531446,1021912.25964
2025-09-01,SZ301206,三元生物,30.89,4148295,130283122,202325700,624984.0873
2025-09-01,SH688283,坤恒顺维,35.61,2480034,121800000,121800000,433729.8
2025-09-01,SZ001313,粤海饲料,7.68,7916364,699125851,700000000,537600
2025-09-01,SH603122,合富中国,6.72,8184800,398052633,398052633,267491.369376
2025-09-01,SH688267,中触媒,29.76,4578138,176200000,176200000,524371.2
2025-09-01,SH603215,比依股份,22.35,10875239,187228380,187947951,420063.670485
2025-09-01,SZ301207,华兰疫苗,18.36,3853198,600648150,601027500,1103486.49
2025-09-01,SZ301181,标榜股份,30.8,2610012,90181223,115540973,355866.19684
2025-09-01,SH603132,金徽股份,13.85,6414465,978000000,978000000,1354530
2025-09-01,SZ301229,纽泰格,22.33,4265020,108033097,160241898,357820.158234
2025-09-01,BJ920346,威贸电子,30.79,3983108,44623718,80677603,248406.339637
2025-09-01,SZ301130,西点药业,31.37,2237000,58413135,76494685,239963.826845
2025-09-01,SZ001266,宏英智能,30,3311404,57512700,103169760,309509.28
2025-09-01,BJ920857,泓禧科技,19.43,1042263,74007152,74007152,143795.896336
2025-09-01,SZ301200,大族数控,90.7,10157948,421386128,425509152,3859368.00864
2025-09-01,BJ920179,凯德石英,37.9,4678159,59660970,74970000,284136.3
2025-09-01,SZ301218,华是科技,22.54,3455703,70068836,114040000,257046.16
2025-09-01,SH688281,华秦科技,70.31,3587426,170356675,272570675,1916444.415925
2025-09-01,SZ301215,中汽股份,6.4,12937552,1322400000,1323900000,847296
2025-09-01,SZ301222,浙江恒威,29.72,1500500,29318400,101333400,301162.8648
2025-09-01,SH603070,万控智造,13.91,3639809,395416908,401000000,557791
2025-09-01,SZ301110,青木科技,67.9,4139584,48540333,92535333,628314.91107
2025-09-01,BJ920419,路斯股份,20.49,2844651,93600549,103306400,211674.8136
2025-09-01,SH688163,赛伦生物,24.87,1655431,44372000,108220000,269143.14
2025-09-01,SZ301131,聚赛龙,51.32,1959400,30799510,47792367,245270.427444
2025-09-01,SH688115,思林杰,58,1327477,42139500,66670000,386686
2025-09-01,SH603261,*ST立航,21.33,771200,77505022,77907622,166176.957726
2025-09-01,SH688175,高凌信息,21.14,1566249,73317000,129317000,273376.138
2025-09-01,SZ301236,软通动力,60.08,40122632,680277889,952941177,5725270.591416
2025-09-01,SH688102,斯瑞新材,17.29,11909169,731423882,731423882,1264631.891978
2025-09-01,SH688207,格灵深瞳,18.56,16134543,188676306,258973147,480654.160832
2025-09-01,SZ301219,腾远钴业,72.98,17259552,170574352,294717182,2150845.994236
2025-09-01,SZ001308,康冠科技,24.25,5211949,241867635,702635281,1703890.556425
2025-09-01,SH688282,理工导航,48.53,434537,36520000,88000000,427064
2025-09-01,SH688150,莱特光电,26.41,5229343,179343304,402437585,1062837.661985
2025-09-01,BJ920689,克莱特,41.49,1510328,37930617,73400000,304536.6
2025-09-01,SH688306,均普智能,12.07,25235800,1228282800,1228282800,1482537.3396
2025-09-01,SZ301137,哈焊华通,31.64,4572669,101285800,181813400,575257.5976
2025-09-01,SZ301256,华融化学,10.75,6380500,480000000,480000000,516000
2025-09-01,SZ301103,何氏眼科,22.59,6175458,83090131,158026471,356981.797989
2025-09-01,SH688238,和元生物,7.92,18253298,641145700,649036700,514037.0664
2025-09-01,SH688197,首药控股,48.35,2845430,64004882,148719343,719058.023405
2025-09-01,SZ301237,和顺科技,38.41,1208321,39250000,80000000,307280
2025-09-01,SH603209,兴通股份,15.13,2034540,280000000,325000000,491725
2025-09-01,SH603051,鹿山新材,21.16,11336338,145967405,145967405,308867.02898
2025-09-01,SZ301226,祥明智能,34.76,3285280,108800000,108800000,378188.8
2025-09-01,SZ301102,兆讯传媒,11.57,3131481,101500000,406000000,469742
2025-09-01,SZ301263,泰恩康,36.88,7654833,303586055,425497500,1569234.78
2025-09-01,SZ301216,万凯新材,18.07,28942792,284826936,515223189,931008.302523
2025-09-01,SZ301258,富士莱,35.64,2543620,33872000,91670000,326711.88
2025-09-01,SH688193,仁度生物,53.53,827500,31638266,40069870,214494.01411
2025-09-01,SH688331,荣昌生物,96.82,14390368,162223872,563608243,5456855.008726
2025-09-01,SH688048,长光华芯,84.21,14896847,106209943,176279943,1484453.400003
2025-09-01,SH688295,中复神鹰,27.01,13587066,601600718,900000000,2430900
2025-09-01,SZ301268,铭利达,25.12,15969493,180392304,400396854,1005796.897248
2025-09-01,SZ301097,天益医疗,44.2,751778,18347368,58947368,260547.36656
2025-09-01,SH688337,普源精电,39.9,5428481,68115804,194104030,774475.0797
2025-09-01,SZ301151,冠龙节能,22.78,7005700,55736944,169004100,384991.3398
2025-09-01,SH688153,唯捷创芯,35.76,8015961,160677031,430313008,1538799.316608
2025-09-01,SZ301135,瑞德智能,29.93,2993047,55428500,101952000,305142.336
2025-09-01,SH688302,海创药业,63.15,3980121,81515120,99015598,625283.50137
2025-09-01,SZ301279,金道科技,23.94,1973952,37113973,129738973,310595.101362
2025-09-01,SZ301109,军信股份,15.43,10645830,205335811,789100842,1217582.599206
2025-09-01,BJ920169,七丰精工,36.74,4614461,50811990,81745390,300332.56286
2025-09-01,SH688125,安达智能,44.7,1247578,22497416,81914036,366155.74092
2025-09-01,SZ301120,新特电气,15.22,22480475,218619763,371441055,565333.28571
2025-09-01,SH688209,英集芯,21.05,10340511,298969373,429331405,903742.607525
2025-09-01,SZ301163,宏德股份,29.79,5384800,54725639,81600000,243086.4
2025-09-01,SH688326,经纬恒润,116.52,2101345,90040181,119959040,1397762.73408
2025-09-01,SZ301212,联盛化学,26.43,1264700,93750000,108000000,285444
2025-09-01,SZ301248,杰创智能,27.8,10199698,101422200,153705000,427299.9
2025-09-01,SH688279,峰岹科技,204.78,1625057,55858233,113919380,2332841.06364
2025-09-01,SH688072,拓荆科技,196.48,6474983,279729118,279729118,5496117.710464
2025-09-01,SH600938,中国海油,25.94,45863855,2990000000,47529953984,123292700.634496
2025-09-01,SZ301148,嘉戎技术,25.81,3560419,38097080,116497080,300678.96348
2025-09-01,SZ301150,中一科技,31.37,16718426,117960764,233233467,731653.385979
2025-09-01,SZ301187,欧圣电气,30.56,5004010,66306711,254933525,779076.8524
2025-09-01,SZ301288,*ST清研,14.71,1769900,47092924,108010000,158882.71
2025-09-01,SH688052,纳芯微,185.7,3627307,142528433,142528433,2646753.00081
2025-09-01,SH688325,赛微微电,59.55,1812339,53842916,86139015,512957.834325
2025-09-01,SH688046,药康生物,17.73,3362640,410000000,410000000,726930
2025-09-01,SZ301259,艾布鲁,46.6,8160816,98871038,156000000,726960
2025-09-01,SH603191,望变电气,15.12,8922558,330037407,332353407,502518.351384
2025-09-01,SH688320,禾川科技,48.42,4523640,110876387,151013668,731208.180456
2025-09-01,SZ001228,永泰运,23.86,1583650,79864609,103864609,247820.957074
2025-09-01,SH688290,景业智能,59.04,4364997,102189714,102189714,603328.071456
2025-09-01,SH688170,德龙激光,39.62,6533674,103360000,103360000,409512.32
2025-09-01,SZ301162,国能日新,56.06,3551685,85225548,132583724,743264.356744
2025-09-01,SH603206,嘉环科技,18.54,11372562,305199988,305199988,565840.777752
2025-09-01,SH603097,江苏华辰,22.35,2213802,160000000,164435000,367512.225
2025-09-01,SZ001319,铭科精技,27.73,3762600,82000075,141400000,392102.2
2025-09-01,BJ920580,科创新材,17.19,14252819,55903561,86000000,147834
2025-09-01,SZ301257,普蕊斯,47.28,12703099,75318909,79004770,373534.55256
2025-09-01,BJ920970,大禹生物,9.99,2414068,69040900,111360400,111249.0396
2025-09-01,SZ301153,中科江南,26.27,6644957,329230008,352850580,926938.47366
2025-09-01,SH603272,联翔股份,18.29,1956600,103627000,103627000,189533.783
2025-09-01,SZ001318,阳光乳业,15.04,9941500,282660000,282660000,425120.64
2025-09-01,SH688213,思特威,109.93,9987699,323044273,401841572,4417444.400996
2025-09-01,SZ301107,瑜欣电子,30.88,2635945,59576650,102418120,316267.15456
2025-09-01,SZ301183,东田微,113,13629746,58626976,80000000,904000
2025-09-01,BJ920533,骏创科技,33.82,2645933,72209900,130757328,442221.283296
2025-09-01,SH688287,*ST观典,4.84,2758240,370515600,370515600,179329.5504
2025-09-01,SH688045,必易微,46.58,3693311,37695069,69837819,325304.560902
2025-09-01,SZ301191,菲菱科思,107.22,4650400,45298244,69342000,743484.924
2025-09-01,BJ920267,鑫汇科,29.97,1013867,28985936,49982941,149798.874177
2025-09-01,SH688327,云从科技,17.47,58228320,833441040,1038548520,1814344.26444
2025-09-01,BJ920271,邦德股份,17.86,1984563,57884931,130823000,233649.878
2025-09-01,SZ001270,*ST铖昌,47.7,4726524,203499561,206114901,983168.07777
2025-09-01,SZ301160,翔楼新材,64.08,3673057,76276387,115849275,742362.1542
2025-09-01,SH688119,中钢洛耐,4.52,15892441,1125000000,1125000000,508500
2025-09-01,SZ301298,东利机械,17.15,3754429,108204492,146800000,251762
2025-09-01,SH688251,井松智能,23.43,2831116,59963940,100742300,236039.2089
2025-09-01,SZ301125,腾亚精工,19.66,7412192,117355920,141757920,278696.07072
2025-09-01,SH688348,昱能科技,50.44,3427802,156277435,156277435,788263.38214
2025-09-01,SH688120,华海清科,128.17,9427164,353405110,353405110,4529593.29487
2025-09-01,SZ301266,宇邦新材,34.85,2553600,104240093,109878593,382926.896605
2025-09-01,BJ920223,荣亿精密,28.31,28991519,81583750,157285000,445273.835
2025-09-01,BJ920299,灿能电力,19.84,1883810,45080484,90109276,178776.803584
2025-09-01,BJ920491,奥迪威,31.3,5427024,115575071,141143180,441778.1534
2025-09-01,SZ301286,侨源股份,26.77,1817600,161279398,400100000,1071067.7
2025-09-01,SZ301238,瑞泰新材,19.7,20472613,733333300,733333300,1444666.601
2025-09-01,BJ920564,天润科技,26.27,2447140,40515548,89103621,234075.212367
2025-09-01,SZ301156,美农生物,19.45,3237350,74624767,140784675,273826.192875
2025-09-01,BJ920378,泰德股份,11.97,2352743,111382264,155526000,186164.622
2025-09-01,SH688349,三一重能,29.18,7252875,234547515,1226404215,3578647.49937
2025-09-01,SZ301289,国缆检测,52.1,1004396,77552100,78000000,406380
2025-09-01,SZ001226,拓山重工,36.28,1957800,74666700,74666700,270890.7876
2025-09-01,SZ301220,亚香股份,47.12,3958718,65573654,112770840,531376.19808
2025-09-01,SZ301302,华如科技,25.81,3399962,138990000,155865000,402287.565
2025-09-01,SZ001323,慕思股份,29.4,1590903,89694954,435080764,1279137.44616
2025-09-01,SZ001316,润贝航科,34.52,2507244,110759915,115134600,397444.6392
2025-09-01,SH688047,龙芯中科,144.86,9494989,401000000,401000000,5808886
2025-09-01,BJ920943,优机股份,28.79,1768408,51807833,101521378,292280.047262
2025-09-01,SH688297,中无人机,59.24,16244989,675000000,675000000,3998700
2025-09-01,SZ301112,信邦智能,45.55,2545148,110266600,110266600,502264.363
2025-09-01,SZ001268,联合精密,35.33,2764800,62933334,107933334,381328.469022
2025-09-01,SH601089,福元医药,24.87,11312100,480000000,480000000,1193760
2025-09-01,SZ001309,德明利,101.97,25301734,159775046,226890028,2313597.615516
2025-09-01,SH688237,超卓航科,47,4431513,89603310,89603310,421135.557
2025-09-01,SZ301234,五洲医疗,43.3,2084700,68000000,68000000,294440
2025-09-01,BJ920870,恒进感应,19.07,2638555,66002900,134000000,255538
2025-09-01,SZ301239,普瑞眼科,39.7,5573036,149619048,149619048,593987.62056
2025-09-01,SZ301233,盛帮股份,61.5,2407652,19915125,51470000,316540.5
2025-09-01,BJ920821,则成电子,35.24,6393468,72853422,138361899,487587.332076
2025-09-01,SH688400,凌云光,38.86,27858325,460869955,460976733,1791355.584438
2025-09-01,SZ301208,中亦科技,47.97,6513542,50128560,120000060,575640.28782
2025-09-01,SH688322,奥比中光,85.7,15601473,292195880,401099840,3437425.6288
2025-09-01,SH688053,ST思科瑞,36.06,4574689,100000000,100000000,360600
2025-09-01,SZ301139,元道通信,19.63,7460585,76167148,121580800,238663.1104
2025-09-01,SZ301175,中科环保,5.55,23282885,621880000,1471880000,816893.4
2025-09-01,SZ301312,智立方,55.8,8658867,60552763,121222703,676422.68274
2025-09-01,BJ920639,晨光电缆,9.01,3052081,117101133,201600000,181641.6
2025-09-01,SH603235,天新药业,27.6,2157555,147065200,437780000,1208272.8
2025-09-01,SH688353,华盛锂电,35.27,6998418,119070954,159500000,562556.5
2025-09-01,BJ920062,科润智控,12.02,9124736,133510005,188706277,226824.944954
2025-09-01,SZ001230,劲旅环境,24.09,2893280,54077714,133496097,321592.097673
2025-09-01,SH603170,宝立食品,14.55,6201294,400010000,400010000,582014.55
2025-09-01,SH688332,中科蓝讯,123.7,5198192,44314351,120598200,1491799.734
2025-09-01,BJ920725,惠丰钻石,28.41,1860272,42077762,91275000,259312.275
2025-09-01,BJ920871,派特尔,17.58,1795481,44187733,84985577,149404.644366
2025-09-01,SH688231,隆达股份,21.65,4023377,126448762,246857143,534445.714595
2025-09-01,SH688375,国博电子,69.73,6763669,596014900,596014900,4156011.8977
2025-09-01,SH688382,益方生物,42.01,20534778,417612648,578327844,2429555.272644
2025-09-01,SZ001336,楚环科技,22.12,2595300,46583160,80373500,177786.182
2025-09-01,SH603211,晋拓股份,19.91,3631200,271808000,271808000,541169.728
2025-09-01,SZ301306,西测测试,58.21,2068438,58300000,84400000,491292.4
2025-09-01,SZ001258,立新能源,7.02,6535200,933331084,933333334,655200.000468
2025-09-01,SH688253,英诺特,31.5,2091276,68810680,136458196,429843.3174
2025-09-01,SZ301269,华大九天,130,14480720,542941768,542941768,7058242.984
2025-09-01,SH603201,常润股份,17.58,4075187,187573122,190038522,334087.721676
2025-09-01,SH688130,晶华微,25.2,3055036,60285094,120891094,304645.55688
2025-09-01,SZ301195,北路智控,35.55,2944643,87712327,132069840,469508.2812
2025-09-01,SZ301333,诺思格,54.75,2903158,57170234,96581256,528782.3766
2025-09-01,SH688371,菲沃泰,24.9,4076263,335472356,335472356,835326.16644
2025-09-01,SZ301278,快可电子,34.96,1160720,44982861,89708143,313619.667928
2025-09-01,SH688373,盟科药业,7.64,27285398,525491506,655605491,500882.595124
2025-09-01,SZ001236,弘业期货,12.28,22926617,758077778,1007777778,1237551.111384
2025-09-01,SH688380,中微半导,34.98,20918861,169155000,400365000,1400476.77
2025-09-01,SZ301308,江波龙,100.14,14624162,274397898,419145267,4197320.703738
2025-09-01,SZ301095,广立微,90.86,7128554,174504335,200281088,1819753.965568
2025-09-01,BJ920985,海泰新能,9.66,5961885,219317859,309476200,298954.0092
2025-09-01,SZ301121,紫建电子,50.29,5534580,50591642,98826057,496996.240653
2025-09-01,SZ001229,魅视科技,35.72,2121300,52679431,100000000,357200
2025-09-01,SZ301197,工大科雅,19.19,3792700,82293000,120540000,231316.26
2025-09-01,SH688205,德科立,124.99,14823227,158285329,158285329,1978408.327171
2025-09-01,SZ301132,满坤科技,38.21,4830068,148037216,148086249,565837.557429
2025-09-01,SZ301318,维海德,32.65,2305215,76063721,135130876,441202.31014
2025-09-01,SH688273,麦澜德,42,1984875,36826790,100000000,420000
2025-09-01,SZ301192,泰祥股份,31.6,1270161,47868750,99900000,315684
2025-09-01,SH688041,海光信息,208.96,65733413,2324338091,2324338091,48569368.749536
2025-09-01,SZ301336,趣睡科技,58.08,1279472,30430297,40000000,232320
2025-09-01,SZ001339,智微智能,63.23,11638912,118972185,251828468,1592311.403164
2025-09-01,SZ301338,凯格精机,69.49,5561028,59150000,106400000,739373.6
2025-09-01,SH688203,海正生材,16.66,12454245,124118007,202678068,337661.661288
2025-09-01,SH688401,路维光电,44.8,7857871,193333720,193333720,866135.0656
2025-09-01,SZ301330,熵基科技,34.68,17384804,113914871,235351550,816199.1754
2025-09-01,SZ301321,翰博高新,17.67,5406398,147566101,186435000,329430.645
2025-09-01,SZ001330,博纳影业,5.44,80952680,1065486979,1374518984,747738.327296
2025-09-01,SH688403,汇成股份,13.6,27255554,840220568,840220568,1142699.97248
2025-09-01,SH603255,鼎际得,35.85,2886100,60675248,134611667,482582.826195
2025-09-01,SH688292,浩瀚深度,23.83,3693659,100828947,158346667,377340.107461
2025-09-01,SZ001222,源飞宠物,26.69,10547138,109419440,190890000,509485.41
2025-09-01,SZ001231,农心科技,20.64,2379339,49905000,100000000,206400
2025-09-01,SZ301300,远翔新材,40,1399404,30925542,64888000,259552
2025-09-01,SZ301171,易点天下,32.15,29602068,373387451,471885905,1517113.184575
2025-09-01,BJ920834,三维装备,14.41,1864672,62796439,120000005,172920.007205
2025-09-01,SH688271,联影医疗,152.1,14722027,824157988,824157988,12535442.99748
2025-09-01,SZ000670,盈方微,9.6,131143705,816626960,839489360,805909.7856
2025-09-01,SH688381,帝奥微,26.95,9940285,191546400,247500000,667012.5
2025-09-01,SH688247,宣泰医药,11.7,5550846,453340000,453340000,530407.8
2025-09-01,SZ301209,联合化学,86.62,770787,54395918,112000000,970144
2025-09-01,SH688370,丛麟科技,28.94,2653535,43749116,137107879,396790.201826
2025-09-01,SZ301282,金禄电子,28.97,7951499,79616218,151139968,437852.487296
2025-09-01,SH688439,振华风光,59.47,3385261,200000000,200000000,1189400
2025-09-01,SH688416,恒烁股份,45.54,5357310,65236457,82929413,377660.546802
2025-09-01,SZ301152,天力锂能,27.83,3966770,70999382,118740007,330453.439481
2025-09-01,SZ001259,利仁科技,26.04,2534500,47544499,73588888,191625.464352
2025-09-01,SH603237,五芳斋,17.93,5465307,196011726,197125868,353446.681324
2025-09-01,SZ301270,汉仪股份,38.7,4134294,94492844,100000000,387000
2025-09-01,SZ301115,联检科技,16.4,3087698,121878384,185159340,303661.3176
2025-09-01,SH688351,微电生理,24.72,6574890,124859881,470600000,1163323.2
2025-09-01,BJ920152,昆工科技,20.4,1751642,82161225,111341700,227137.068
2025-09-01,BJ920395,朗鸿科技,16.35,8951539,103738024,152585704,249477.62604
2025-09-01,SZ301283,聚胶股份,44.98,2306542,45847203,80417822,361719.363356
2025-09-01,BJ920790,联迪信息,48.8,2036306,54348958,78967020,385359.0576
2025-09-01,SZ301296,新巨丰,9.74,6503725,271679453,420000000,409080
2025-09-01,BJ920270,天铭科技,18.84,2532488,81158317,104616000,197096.544
2025-09-01,SH688293,奥浦迈,53.7,2873520,77409308,113548754,609756.80898
2025-09-01,SZ001283,豪鹏科技,75.91,6817668,75850598,98604888,748509.704808
2025-09-01,SZ001331,胜通能源,12.04,5624956,70560000,282240000,339816.96
2025-09-01,SZ301328,维峰电子,48.48,2352215,34133841,109893594,532764.143712
2025-09-01,SZ301231,荣信文化,25.72,5150000,53900000,84400000,217076.8
2025-09-01,SZ301276,嘉曼服饰,21.74,2511166,46064106,129600000,281750.4
2025-09-01,SH603182,嘉华股份,14.17,2944500,93078672,164550000,233167.35
2025-09-01,SZ301349,信德新材,38.16,3261570,42139253,102000000,389232
2025-09-01,SH688114,华大智造,70.5,4937282,212932489,416516155,2936438.89275
2025-09-01,SZ301339,通行宝,17.49,9535084,168060869,580333320,1015002.97668
2025-09-01,SH688391,钜泉科技,32.29,2712249,57307224,115139220,371784.54138
2025-09-01,SZ301205,联特科技,118,12768917,67958280,129744000,1530979.2
2025-09-01,SZ301161,唯万密封,35.65,4780122,53328000,120000000,427800
2025-09-01,SH688455,科捷智能,16.65,4741951,129849167,180849167,301113.863055
2025-09-01,SH688184,ST帕瓦,10.59,1401544,100487514,159047514,168431.317326
2025-09-01,SZ301327,华宝新能,66.16,4058398,48149189,174381356,1153707.051296
2025-09-01,SZ301309,万得凯,30.07,1218488,25000000,100000000,300700
2025-09-01,SZ001238,浙江正特,51.71,2216370,32252469,110000000,568810
2025-09-01,SH688035,德邦科技,57.07,6144550,88817622,142240000,811763.68
2025-09-01,SZ001332,锡装股份,37.35,1042250,27000000,110000000,410850
2025-09-01,SZ301326,捷邦科技,123.94,5152425,27056568,72459528,898063.390032
2025-09-01,SZ301331,恩威医药,35.64,1262716,32905633,102891887,366706.685268
2025-09-01,SH688448,磁谷科技,51.55,4731837,47972300,71652300,369367.6065
2025-09-01,SH688428,诺诚健华,29.64,12051843,268359717,1764643952,5230404.673728
2025-09-01,SZ301369,联动科技,78.78,3769605,25113398,70575398,555992.985444
2025-09-01,SH688132,邦彦技术,19.42,3219522,108495718,152225204,295621.346168
2025-09-01,BJ920207,众诚科技,28.05,2689260,56314468,92195000,258606.975
2025-09-01,SZ301227,森鹰窗业,35.1,2987407,33934925,95230500,334259.055
2025-09-01,SH688387,信科移动,7.07,55255013,1378750000,3418750000,2417056.25
2025-09-01,SH603057,紫燕食品,25.46,5061500,68061925,413513750,1052806.0075
2025-09-01,SZ301366,一博科技,41.55,5138561,76289387,209536201,870622.915155
2025-09-01,SH688252,天德钰,29.2,12849661,182339485,409021341,1194342.31572
2025-09-01,SH688392,骄成超声,91.35,6699277,70752121,115733360,1057224.2436
2025-09-01,BJ920971,天马新材,37.36,2858804,84352802,105088002,392608.775472
2025-09-01,BJ920122,中纺标,43.17,812561,35724138,92242108,398209.180236
2025-09-01,SZ301285,鸿日达,51.29,7353371,78499808,206670000,1060010.43
2025-09-01,SZ301176,逸豪新材,32.28,5126358,56355556,169066667,545747.201076
2025-09-01,BJ920402,硅烷科技,12.42,10827616,422060067,422060067,524198.603214
2025-09-01,SZ301319,唯特偶,29.45,3260301,60185692,123782219,364538.634955
2025-09-01,SH688275,万润新能,49.37,5260788,84596775,126118463,622646.851831
2025-09-01,SH688137,近岸蛋白,43.98,773295,32675439,70175439,308631.580722
2025-09-01,SZ001269,欧晶科技,28.47,3654500,83906479,192411335,547795.070745
2025-09-01,SZ301313,凡拓数创,26.97,5660395,66664906,103453400,279013.8198
2025-09-01,SZ001255,博菲电气,33.84,1343406,18556000,81284000,275065.056
2025-09-01,BJ920685,新芝生物,16.92,2457426,54791080,91515941,154844.972172
2025-09-01,SH688409,富创精密,71.48,6216909,177213527,306210771,2188794.591108
2025-09-01,SH688073,毕得医药,67.87,1806311,43234172,90882948,616822.568076
2025-09-01,SH603052,可川科技,35.11,9426349,56459682,187897282,659707.357102
2025-09-01,SH688459,哈铁科技,10.68,3705365,175584968,480000000,512640
2025-09-01,SZ301363,美好医疗,25.21,27189076,156253408,568871180,1434124.24478
2025-09-01,BJ920046,亿能电力,15.6,1857149,51438737,101150000,157794
2025-09-01,SZ301316,慧博云通,65.32,30017440,242826503,404000000,2638928
2025-09-01,SH603163,圣晖集成,40.24,4988301,35002750,100000000,402400
2025-09-01,BJ920476,海能技术,28.88,4806587,80629983,85179800,245999.2624
2025-09-01,BJ920992,中科美菱,21.77,1512630,27898177,96730934,210583.243318
2025-09-01,SH688061,灿瑞科技,35.15,2458264,43297770,114889391,403836.209365
2025-09-01,SH688031,星环科技,59.68,6979291,93966144,121129516,722900.951488
2025-09-01,SH603151,邦基科技,26.43,10313966,82401671,169569671,448172.640453
2025-09-01,SH688244,永信至诚,26.58,3314817,72892684,150961519,401255.717502
2025-09-01,SZ301299,卓创资讯,64.87,1397800,35596148,60380560,391688.69272
2025-09-01,SZ001300,三柏硕,14.15,3439063,66219087,243775914,344942.91831
2025-09-01,SZ301273,瑞晨环保,28.37,2300434,34629292,71641792,203247.763904
2025-09-01,SZ301380,挖金客,42.95,6871501,43827659,101392433,435480.499735
2025-09-01,SH688426,康为世纪,23.1,2407199,37993332,112493716,259860.48396
2025-09-01,SZ301223,中荣股份,17.89,1491700,112015060,193127560,345505.20484
2025-09-01,SH688291,金橙子,42.13,9139454,33666700,102666700,432534.8071
2025-09-01,SZ001322,箭牌家居,8.58,4743537,165612800,967162960,829825.81968
2025-09-01,SH688372,伟测科技,84.76,10660906,103258033,148943529,1262445.351804
2025-09-01,BJ920527,夜光明,20.78,1170013,36347987,60042700,124768.7306
2025-09-01,BJ920139,华岭股份,26.46,6901190,260468480,269507392,713116.559232
2025-09-01,SH688152,麒麟信安,54.17,3532042,40096546,102080546,552970.317682
2025-09-01,SZ001299,美能能源,12.64,4269000,65430072,242638606,306695.197984
2025-09-01,SZ301389,隆扬电子,74.55,25090021,82077047,283500000,2113492.5
2025-09-01,SZ001298,好上好,36.26,26828730,154084852,296835996,1076327.321496
2025-09-01,BJ920753,天纺标,28.26,1166910,31512025,81404368,230048.743968
2025-09-01,SZ301379,天山电子,26.44,6240826,126662490,197572840,522382.58896
2025-09-01,SZ301230,泓博医药,38.75,7449554,76860305,139586605,540898.094375
2025-09-01,SZ301367,瑞迈特,91.57,1933741,56524785,89600000,820467.2
2025-09-01,SZ301267,华厦眼科,21,8615910,328828875,840000000,1764000
2025-09-01,SH688419,耐科装备,30.37,3585196,30772999,114551669,347893.418753
2025-09-01,SH603280,南方路机,42.92,4394422,27941667,108406667,465281.414764
2025-09-01,SZ301388,欣灵电气,31.9,2288292,27356588,102447600,326807.844
2025-09-01,SZ301359,东南电子,21.34,2525240,35863867,120176000,256455.584
2025-09-01,BJ920876,慧为智能,33.99,2737590,38644714,64180659,218150.059941
2025-09-01,SH688432,有研硅,12.57,12009668,507565658,1247621058,1568259.669906
2025-09-01,BJ920914,远航精密,37.8,7528766,100000000,100000000,378000
2025-09-01,SZ301396,宏景科技,82,22910355,76081074,153517547,1258843.8854
2025-09-01,SZ301356,天振股份,22.5,12987241,54810000,216000000,486000
2025-09-01,SZ301277,新天地,14.38,5160755,101018400,392078400,563808.7392
2025-09-01,SZ001338,永顺泰,12.02,7786403,235954481,501730834,603080.462468
2025-09-01,SZ301361,众智科技,33.8,1929130,29084000,116336000,393215.68
2025-09-01,SH688362,甬矽电子,37.5,15758948,279790930,409625930,1536097.2375
2025-09-01,BJ920339,恒太照明,10.2,1102899,150897135,220203800,224607.876
2025-09-01,BJ920808,曙光数创,85.37,5469430,194603262,200000001,1707400.008537
2025-09-01,SZ301335,天元宠物,36.65,11621050,50613904,126902800,465098.762
2025-09-01,SH688376,美埃科技,48.51,3490610,50985589,134400000,651974.4
2025-09-01,SH603130,云中马,39.57,3314451,51063450,137514200,544143.6894
2025-09-01,BJ920357,雅葆轩,27,2054725,44514600,80080000,216216
2025-09-01,SZ301165,锐捷网络,103.61,24119911,95454545,795454545,8241704.540745
2025-09-01,SZ301377,鼎泰高科,78,8653484,71024000,410000000,3198000
2025-09-01,SZ301365,矩阵股份,20.48,13464023,46350000,180000000,368640
2025-09-01,BJ920634,新威凌,30.3,4901185,39997368,63912046,193653.49938
2025-09-01,BJ920237,力佳科技,23.95,2845258,84537856,86392800,206910.756
2025-09-01,SH688480,赛恩斯,48.01,2471551,63846179,95326179,457660.985379
2025-09-01,BJ920662,方盛股份,36.8,3792040,24580687,87550002,322184.00736
2025-09-01,BJ920374,云里物里,31.75,1409221,34113551,81518000,258819.65
2025-09-01,SZ301290,东星医疗,27.78,2367400,68163400,100173334,278281.521852
2025-09-01,SZ301311,昆船智能,20.97,3665144,87242367,240000000,503280
2025-09-01,SZ301391,卡莱特,54.11,2179155,49316694,95014811,514125.142321
2025-09-01,BJ920199,倍益康,43.72,3908039,37201495,68109800,297776.0456
2025-09-01,BJ920641,格利尔,19.37,2702845,44657345,75075000,145420.275
2025-09-01,SH688489,三未信安,53.75,3793205,50532972,114768476,616880.5585
2025-09-01,SZ001256,炜冈科技,23.18,2216900,40942880,142612558,330575.909444
2025-09-01,BJ920110,雷特科技,40.95,892979,16239000,39000000,159705
2025-09-01,BJ920300,辰光医疗,17.15,2180639,66531656,85847126,147227.82109
2025-09-01,BJ920087,秋乐种业,18.09,4959593,160624725,165200000,298846.8
2025-09-01,SZ001333,光华股份,21.4,1658800,44000000,128000000,273920
2025-09-01,SH601022,宁波远洋,9.64,10793900,248633334,1308633334,1261522.533976
2025-09-01,BJ920942,恒立钻具,43.7,2187230,40969719,61327100,267999.427
2025-09-01,SH688084,晶品特装,84.49,1957433,35325611,75659066,639243.448634
2025-09-01,BJ920230,欧康医药,16.38,1622213,46709014,100447495,164532.99681
2025-09-01,BJ920866,绿亨科技,10.12,2315114,93609737,180205900,182368.3708
2025-09-01,SH688503,聚和材料,54.94,13922464,180664831,242033643,1329732.834642
2025-09-01,SH688420,美腾科技,25.89,1120284,34109000,88430000,228945.27
2025-09-01,BJ920414,欧普泰,15.19,2610610,55275836,79748171,121137.471749
2025-09-01,SZ001223,欧克科技,50.05,2841880,23352000,93352000,467226.76
2025-09-01,SH688143,长盈通,50.44,6391118,94522576,122374426,617256.604744
2025-09-01,BJ920014,特瑞斯,13.99,1259572,69638743,124448188,174103.015012
2025-09-01,BJ920957,汉维科技,15.4,1407948,42704734,107301334,165244.05436
2025-09-01,BJ920075,柏星龙,33.4,2343388,34878864,64815000,216482.1
2025-09-01,BJ920429,康比特,20.75,2632968,113288891,124500000,258337.5
2025-09-01,SZ301368,丰立智能,71.11,5000068,64121440,120100000,854031.1
2025-09-01,SZ301398,星源卓镁,46.49,3351180,33460000,112000000,520688
2025-09-01,BJ920571,国航远洋,10.34,10263244,281574463,555407453,574291.306402
2025-09-01,BJ920608,丰安股份,22.27,1046231,40899548,62240000,138608.48
2025-09-01,SZ301265,华新环保,11.61,6537903,169797153,302973182,351751.864302
2025-09-01,BJ920810,春光智能,16.17,2542508,62407545,95900000,155070.3
2025-09-01,SH688172,燕东微,24.3,18572403,585251811,1427978097,3469986.77571
2025-09-01,BJ920879,基康技术,26.7,3033791,134841998,166966331,445800.10377
2025-09-01,BJ920807,奔朗新材,21.25,14076372,123632757,181880000,386495
2025-09-01,SH688498,源杰科技,358.8,5278654,60149271,85947726,3083804.40888
2025-09-01,BJ920505,九菱科技,60.29,1858013,36277191,64867730,391087.54417
2025-09-01,BJ920033,康普化学,19.77,1110951,82760958,119135250,235530.38925
2025-09-01,SH601136,首创证券,21.34,18406566,481483800,2733333800,5832934.3292
2025-09-01,BJ920526,凯华材料,31.91,1717802,52367486,82700000,263895.7
2025-09-01,BJ920718,合肥高科,18.69,1147537,42744319,90666700,169456.0623
2025-09-01,BJ920247,华密新材,31.14,6409580,114235163,157544166,490592.532924
2025-09-01,SH688141,杰华特,39.38,35985988,263946216,446880000,1759813.44
2025-09-01,SH688147,微导纳米,44.93,12576824,101157283,461157283,2071979.672519
2025-09-01,BJ920190,雷神科技,32.1,2759679,98675051,100000001,321000.00321
2025-09-01,SZ301280,珠城科技,54.6,3291855,37922640,136780140,746819.5644
2025-09-01,BJ920781,瑞奇智造,11.16,2565347,102082230,154567054,172496.832264
2025-09-01,SH688410,山外山,16.33,12529107,234553572,321315646,524708.449918
2025-09-01,SZ301301,川宁生物,11.92,16202150,617782357,2230085000,2658261.32
2025-09-01,BJ920001,纬达光电,23.92,2575484,88691020,153656204,367545.639968
2025-09-01,SZ301255,通力科技,32.64,2300451,38080000,152320000,497172.48
2025-09-01,BJ920227,美登科技,64.2,962120,17623704,38941500,250004.43
2025-09-01,SH688475,萤石网络,35.6,9908983,409500000,787500000,2803500
2025-09-01,SZ001301,尚太科技,59.26,12936040,161396375,260837350,1545722.1361
2025-09-01,SH688496,清越科技,10,5593898,237945600,450000000,450000
2025-09-01,BJ920855,浙江大农,21.78,1244112,67074411,74733333,162769.199274
2025-09-01,BJ920351,华光源海,28.68,1695162,35260439,88035439,252485.639052
2025-09-01,SZ301105,鸿铭股份,37.67,1349100,16437497,50000000,188350
2025-09-01,BJ920262,太湖雪,27.03,1050616,31185407,69114185,186815.642055
2025-09-01,BJ920392,佳合科技,39.3,1507403,36389900,76205000,299485.65
2025-09-01,BJ920195,三祥科技,20.17,2522045,70758985,98030000,197726.51
2025-09-01,SH688525,佰维存储,73.22,26223392,322747017,466708301,3417238.179922
2025-09-01,SZ301297,富乐德,43.7,8068762,141307600,721068167,3151067.88979
2025-09-01,SH688506,百利天恒,347,1724947,102891120,401000000,13914700
2025-09-01,BJ920950,迅安科技,23.16,1296149,37050000,73320000,169809.12
2025-09-01,SH688485,九州一轨,13.49,5541209,88157978,150292062,202743.991638
2025-09-01,BJ920371,欧福蛋业,11.88,6682155,193653671,205445536,244069.296768
2025-09-01,SH688435,英方软件,37.85,2641207,47182576,83500000,316047.5
2025-09-01,BJ920252,天宏锂电,20.59,5887580,68231239,102650665,211357.719235
2025-09-01,SZ301317,鑫磊股份,36.41,7698667,44800000,157190000,572328.79
2025-09-01,SH603173,福斯达,52.12,5131608,49540000,160000000,833920
2025-09-01,BJ920425,乐创技术,26.26,3199913,59213298,70936548,186279.375048
2025-09-01,SH603281,江瀚新材,25.42,1588832,251693916,373333334,949013.335028
2025-09-01,SH601059,信达证券,19.46,46615853,691600000,3243000000,6310878
2025-09-01,BJ920023,田野股份,4.65,11501461,268808530,327304000,152196.36
2025-09-01,BJ920802,保丽洁,18.98,1456386,22098593,82008290,155651.73442
2025-09-01,SZ301260,格力博,21.67,9457785,204435770,482457074,1045484.479358
2025-09-01,SZ301373,凌玮科技,34.53,1281031,38472723,108472091,374554.130223
2025-09-01,BJ920367,新赣江,24.7,1735716,41781867,70861250,175027.2875
2025-09-01,SZ301358,湖南裕能,36.39,17794559,386118204,760802721,2768561.101719
2025-09-01,SZ301419,阿莱德,34.36,4285336,42420000,120000000,412320
2025-09-01,SH688515,裕太微,117.99,5400249,49819400,80000000,943920
2025-09-01,SZ001314,亿道信息,53.82,5810527,51806112,140446000,755880.372
2025-09-01,SH688307,中润光学,34.5,2897739,58149322,88000000,303600
2025-09-01,SH603307,扬州金泉,39.1,717600,17000000,67877000,265399.07
2025-09-01,SZ001260,坤泰股份,21.23,8760884,31750000,115000000,244145
2025-09-01,BJ920407,驰诚股份,19.2,1227878,34760895,85384000,163937.28
2025-09-01,SH603190,亚通精工,23.39,1795070,40519480,120000000,280680
2025-09-01,BJ920249,利尔达,17.88,20043183,115410726,421630000,753874.44
2025-09-01,SZ301303,真兰仪表,17.09,3756769,101734815,408800000,698639.2
2025-09-01,BJ920273,一致魔芋,45.99,5142728,67759167,103188407,474563.483793
2025-09-01,SH688486,龙迅股份,74.21,3426175,74382056,133327968,989426.850528
2025-09-01,SZ001225,和泰机电,38.92,967578,21038773,64666800,251683.1856
2025-09-01,BJ920906,舜宇精工,33.02,12448586,33183223,64970000,214530.94
2025-09-01,BJ920478,峆一药业,24.62,2662273,47206071,78708700,193780.8194
2025-09-01,SZ001311,多利科技,22.6,2671284,78846669,310509334,701751.09484
2025-09-01,BJ920770,艾能聚,20.12,5880821,81893800,130132175,261825.9361
2025-09-01,BJ920422,润普食品,14.88,3612996,66222710,88482710,131662.27248
2025-09-01,SH688522,纳睿雷达,49.44,7680334,121009841,302995606,1498010.276064
2025-09-01,SZ301408,华人健康,13.99,6916777,149171303,400010000,559613.99
2025-09-01,SZ001337,四川黄金,25.9,37801943,288456000,420000000,1087800
2025-09-01,SH603061,金海通,111.9,2406500,41826334,60000000,671400
2025-09-01,SZ301322,绿通科技,32.69,2486087,92165810,142458008,465695.228152
2025-09-01,SZ001366,播恩集团,12.62,3684100,55680000,160680000,202778.16
2025-09-01,SZ001278,一彬科技,17.99,2759800,50534501,123733400,222596.3866
2025-09-01,BJ920974,凯大催化,9.33,6182230,128772918,163800000,152825.4
2025-09-01,SZ301157,华塑科技,53.83,2613000,20660055,60000000,322980
2025-09-01,SH688502,茂莱光学,452.99,1199281,16800000,52800000,2391787.2
2025-09-01,SH601121,宝地矿业,6.92,20337332,380000000,800000000,553600
2025-09-01,BJ920541,铁大科技,16.55,2652495,90058684,136700000,226238.5
2025-09-01,SZ001368,通达创智,24.85,1731768,32086099,113836944,282884.80584
2025-09-01,SH603153,上海建科,19.19,3548040,135000000,409861106,786523.462414
2025-09-01,BJ920057,百甲科技,7.65,5389371,115385579,181263297,138666.422205
2025-09-01,BJ920575,康乐卫士,16.64,3761985,187938680,280940000,467484.16
2025-09-01,BJ920663,明阳科技,22.98,2134472,63262837,133856190,307601.52462
2025-09-01,SH603282,亚光股份,18.8,4503467,62809759,133820000,251581.6
2025-09-01,SH603073,彩蝶实业,17.39,3367830,50892848,116000000,201724
2025-09-01,SZ301439,泓淋电力,15.99,8149188,183246924,389101809,622173.792591
2025-09-01,BJ920556,雅达股份,13.01,29955060,118165939,161315200,209871.0752
2025-09-01,SZ301378,通达海,35.93,19684265,45914531,96600000,347083.8
2025-09-01,SZ301246,宏源药业,14.71,3542100,160042750,400006800,588410.0028
2025-09-01,SZ301345,涛涛车业,183.28,1427855,28695741,108631741,1991002.549048
2025-09-01,SH603065,宿迁联盛,8.79,3825957,196673455,418967572,368272.495788
2025-09-01,BJ920809,安达科技,5.76,21683172,459107148,599050000,345052.8
2025-09-01,SH603291,联合水务,11.8,3468400,129943077,423220604,499400.31272
2025-09-01,SZ301314,科瑞思,42.99,1111440,16250000,55250000,237519.75
2025-09-01,SH603162,海通发展,8.79,5896869,275978896,925663528,813658.241112
2025-09-01,SH600925,苏能股份,4.98,8289368,1606048586,6888888889,3430666.666722
2025-09-01,SZ301386,未来电器,23.33,1914577,42921004,140000000,326620
2025-09-01,BJ920792,东和新材,13.85,3062278,100358838,165540000,229272.9
2025-09-01,SH688531,日联科技,61.8,6096414,106963834,165593939,1023370.54302
2025-09-01,SZ301141,中科磁业,71.38,5943506,44512605,124032605,885344.73449
2025-09-01,BJ920261,一诺威,16.38,3427168,170894686,291132748,476875.441224
2025-09-01,SH688343,云天励飞,97.79,38692743,263830220,358826660,3508965.90814
2025-09-01,SZ301281,科源制药,36.07,1872905,68852000,108290000,390602.03
2025-09-01,SH688535,华海诚科,111,4259896,52455548,80696453,895730.6283
2025-09-01,SZ301203,国泰环保,31.85,851500,43842500,80000000,254800
2025-09-01,BJ920895,花溪科技,27.7,1604588,28736900,56524000,156571.48
2025-09-01,SH688484,南芯科技,49.47,7424919,293215445,425702911,2105952.300717
2025-09-01,SZ001286,陕西能源,9.17,11126374,1050000000,3750000000,3438750
2025-09-01,SH601065,江盐集团,8.47,5720275,416256079,642776079,544431.338913
2025-09-01,SZ001360,南矿集团,15.63,3155840,81781146,204000000,318852
2025-09-01,SH601061,中信金属,9.31,51401637,501153847,4900000000,4561900
2025-09-01,SH603125,常青科技,17.91,3871736,101214350,404836375,725061.947625
2025-09-01,SH603135,中重科技,10.42,5657892,252657156,629538080,655978.67936
2025-09-01,SZ001287,中电港,22.28,21050549,437394498,759900097,1693057.416116
2025-09-01,SH601133,柏诚股份,13.1,9994928,149386744,528018424,691704.13544
2025-09-01,SZ001367,海森药业,25.62,2709664,38708913,151926440,389235.53928
2025-09-01,SZ001328,登康口腔,42.12,2092545,43043500,172173800,725196.0456
2025-09-01,BJ920593,鼎智科技,40.69,5713229,161610277,190164392,773778.911048
2025-09-01,SZ301429,森泰股份,19.19,2301300,44041133,118220000,226864.18
2025-09-01,SH688433,华曙高科,47.24,9009391,202104320,414168800,1956533.4112
2025-09-01,SZ301357,北方长龙,180.11,12981969,23800000,95200000,1714647.2
2025-09-01,SH688539,高华科技,33.76,8532852,104720000,185920000,627665.92
2025-09-01,SZ301387,光大同创,43.65,2425798,42684324,106747204,465951.54546
2025-09-01,BJ920304,迪尔化工,14.11,2007745,78828854,162288000,228988.368
2025-09-01,SH688507,索辰科技,100.5,3267570,49235730,89108784,895543.2792
2025-09-01,BJ920896,旺成科技,20.92,2417815,44401810,101224240,211761.11008
2025-09-01,SH603137,恒尚节能,14.97,2914743,73733334,182933334,273851.200998
2025-09-01,SH688352,颀中科技,12.44,17574097,365881123,1189037288,1479162.386272
2025-09-01,SH688146,中船特气,43.3,8552570,144970842,529411765,2292352.94245
2025-09-01,SH688478,晶升股份,41.79,0,103409466,138366096,578231.915184
2025-09-01,SZ301307,美利信,27.1,6259600,108991640,210600000,570726
2025-09-01,BJ920694,中裕科技,22.11,1477871,62490441,132088476,292047.620436
2025-09-01,BJ920394,民士达,44.71,2420176,47953750,146250000,653883.75
2025-09-01,SZ301360,荣旗科技,52.3,1593552,25460000,53340000,278968.2
2025-09-01,SZ301293,三博脑科,65.24,28649560,160945692,205986987,1343859.103188
2025-09-01,SH688249,晶合集成,24.89,71175617,1186761696,2006135157,4993270.405773
2025-09-01,SZ301390,经纬股份,36.84,1027100,29050730,60000000,221040
2025-09-01,BJ920699,海达尔,63.91,3714638,20875300,45625300,291591.2923
2025-09-01,SH688469,芯联集成,6.07,261579457,4429800000,7069085200,4290934.7164
2025-09-01,SH603172,万丰股份,16.88,4108199,50080000,133380000,225145.44
2025-09-01,SH688479,友车科技,19.94,1047281,62317400,144317400,287768.8956
2025-09-01,BJ920578,巨能股份,29.95,1382869,23000000,76479097,229054.895515
2025-09-01,SZ301325,曼恩斯特,63.39,7668780,57894700,143892660,912135.57174
2025-09-01,BJ920837,华原股份,17.04,2156726,136787787,151712787,258518.589048
2025-09-01,SH688512,慧智微,13.22,19290085,324570296,466843548,617167.170456
2025-09-01,SZ001380,华纬科技,24.18,8052010,88003853,270854208,654925.474944
2025-09-01,SZ301382,蜂助手,36.72,10482664,176912778,285860403,1049679.399816
2025-09-01,SH688552,航天南湖,44.21,10601078,86827551,337248000,1490973.408
2025-09-01,SZ301332,德尔玛,10.74,7032020,264897500,461562500,495718.125
2025-09-01,BJ920006,晟楠科技,34.95,3630303,34291876,90287200,315553.764
2025-09-01,SH688361,中科飞测,102.83,7659792,248291056,321591809,3306928.571947
2025-09-01,SZ301428,世纪恒通,39.93,2908855,61196667,98666667,393976.001331
2025-09-01,SH688581,安杰思,75.3,1871412,41416416,80978794,609770.31882
2025-09-01,SZ001324,长青科技,20.14,3704154,81653600,138000000,277932
2025-09-01,SH688458,美芯晟,47.33,4054217,85068541,111536629,527902.865057
2025-09-01,SZ301305,朗坤科技,20.44,8107756,123713454,241228204,493070.448976
2025-09-01,SZ301399,英特科技,20.78,3019847,54683586,185020000,384471.56
2025-09-01,SZ001282,三联锻造,20.23,3553701,78164800,222185600,449481.4688
2025-09-01,SH688562,航天软件,19.15,7952487,173020000,400000000,766000
2025-09-01,BJ920471,美邦科技,15.61,1264091,53030607,83200000,129875.2
2025-09-01,SZ301252,同星科技,28.53,2586194,47306250,168200000,479874.6
2025-09-01,BJ920719,宁新新材,16.88,9837838,73193662,93093400,157141.6592
2025-09-01,SZ301337,亚华电子,30.12,2092200,36985775,104200000,313850.4
2025-09-01,SZ301353,普莱得,25.85,2124270,31881249,98181249,253798.528665
2025-09-01,BJ920017,星昊医药,20.77,3319987,121417900,122288200,253992.5914
2025-09-01,SH688593,新相微,18.56,10578184,322681723,459529412,852886.588672
2025-09-01,SZ001373,翔腾新材,31.18,1774900,33131732,68686888,214165.716784
2025-09-01,BJ920779,武汉蓝电,44.41,3061699,20033202,80074720,355611.83152
2025-09-01,SH688523,航天环宇,25.95,10169300,96515937,406880000,1055853.6
2025-09-01,SZ301310,鑫宏业,39.67,1560640,50244160,136554440,541711.46348
2025-09-01,SH688570,天玛智控,20.53,2036536,188200000,433000000,888949
2025-09-01,SH688576,西山科技,68.85,681320,21792239,45500060,313267.9131
2025-09-01,SZ301323,新莱福,53.33,2054200,67007163,104922890,559553.77237
2025-09-01,BJ920221,易实精密,21.52,2627905,61764908,116040000,249718.08
2025-09-01,SH688623,双元科技,68.14,238074,19142700,59142700,402998.3578
2025-09-01,SZ301320,豪江智能,19.77,5199787,67688975,181200000,358232.4
2025-09-01,SZ301383,天键股份,39.83,3579701,70614145,163273200,650317.1556
2025-09-01,SH688472,阿特斯,10.45,117142595,1392731603,3688217324,3854187.10358
2025-09-01,SZ301355,南王科技,12.25,3843100,100205428,195097928,238994.9618
2025-09-01,SZ301287,康力源,41.08,1126800,17031350,66670000,273880.36
2025-09-01,SZ301232,飞沃科技,39.58,4271632,44667265,75162347,297492.569426
2025-09-01,SZ301225,恒勃股份,77.89,2070217,30180000,103380000,805226.82
2025-09-01,SZ301448,开创电气,45.35,4300465,47840000,104000000,471640
2025-09-01,SH688334,西高院,18.89,2683291,156904698,316579466,598018.611274
2025-09-01,SZ301262,海看股份,25.81,2473276,122075392,417000000,1076277
2025-09-01,SH688443,智翔金泰,37.02,16263629,116680000,366680000,1357449.36
2025-09-01,SZ301315,威士顿,55.27,2367372,37000000,88000000,486376
2025-09-01,SH688543,国科军工,56.27,8513997,115962028,208842028,1175154.091556
2025-09-01,SZ301376,致欧科技,18.89,3230290,193562374,402388475,760111.829275
2025-09-01,BJ920455,汇隆活塞,10.35,1562304,92783076,177450000,183660.75
2025-09-01,BJ920651,天罡股份,34.16,1138481,15274871,61000000,208376
2025-09-01,SZ301170,锡南科技,28.03,1522300,33575425,100000000,280300
2025-09-01,SH688620,安凯微,14.3,18729807,232318520,392000000,560560
2025-09-01,SH688629,华丰科技,97.58,30883071,181783047,460992831,4498368.044898
2025-09-01,SZ300804,广康生化,42.34,2204934,27500000,74000000,313316
2025-09-01,SZ301295,美硕科技,31.08,6791138,29400000,100800000,313286.4
2025-09-01,SH688631,莱斯信息,86.51,2750277,64870000,163470000,1414178.97
2025-09-01,SZ301397,溯联股份,46.88,7332166,70737798,155662898,729747.665824
2025-09-01,SH688429,时创能源,15.81,2653650,119827267,400000800,632401.2648
2025-09-01,BJ920208,青矩技术,28.43,2827380,87618461,133804554,380406.347022
2025-09-01,SZ301291,明阳电气,44.37,9725622,161636955,312200000,1385231.4
2025-09-01,SH688582,芯动联科,81.5,9790644,249195660,400715660,3265832.629
2025-09-01,SZ301210,金杨精密,45.94,5273110,43463918,114614334,526538.250396
2025-09-01,BJ920175,东方碳素,12.95,3262615,79275860,119000000,154105
2025-09-01,BJ920717,瑞星股份,12.79,1283397,44280000,114680000,146675.72
2025-09-01,SZ301395,仁信新材,11.5,5428016,137430438,242850438,279278.0037
2025-09-01,SZ301488,豪恩汽电,117,10058883,23412188,92000000,1076400
2025-09-01,SZ301202,朗威股份,48.54,5040567,37180000,136400000,662085.6
2025-09-01,SZ301486,致尚科技,104.13,18066769,72453755,128680995,1339955.200935
2025-09-01,SZ301292,海科新源,19.6,7581337,85120631,222795778,436679.72488
2025-09-01,SH688603,天承科技,94.2,6299891,47421608,124724524,1174905.01608
2025-09-01,SZ301261,恒工精密,87.19,2707489,37483321,87890196,766314.618924
2025-09-01,BJ920592,华信永道,48.74,2230795,49635581,80795000,393794.83
2025-09-01,SH688638,誉辰智能,39.95,1138887,26461022,56000000,223720
2025-09-01,BJ920576,天力复合,31.96,1126298,107127654,108950000,348204.2
2025-09-01,SZ301381,赛维时代,22.41,7129238,195306200,403458200,904149.8262
2025-09-01,SZ301370,国科恒泰,11.57,13431537,323748561,470600000,544484.2
2025-09-01,SZ301393,昊帆生物,57.99,4383527,42104775,108000000,626292
2025-09-01,SZ301272,英华特,45.08,3292682,31328500,58502300,263728.3684
2025-09-01,SZ301456,盘古智能,26.47,1807612,60500068,150447805,398235.339835
2025-09-01,BJ920751,惠同新材,21.85,2766159,83067125,86780000,189614.3
2025-09-01,SZ301329,信音电子,21.2,2466807,59944000,170200000,360824
2025-09-01,SZ301503,智迪科技,42.79,1596900,32480000,80000000,342320
2025-09-01,SH688627,精智达,112.27,4785282,72351688,94011754,1055469.962158
2025-09-01,SZ301505,苏州规划,22.57,2476827,74921828,114399991,258200.779687
2025-09-01,SH688563,航材股份,56.96,4168583,116988993,450000000,2563200
2025-09-01,SH688610,埃科光电,71.53,1837428,40932568,68000000,486404
2025-09-01,BJ920701,豪声电子,22.53,5587858,100207240,137200000,309111.6
2025-09-01,SZ301512,智信精密,45.51,1135600,24813400,53333400,242720.3034
2025-09-01,SH688602,康鹏科技,8.93,8734596,259596161,519375000,463801.875
2025-09-01,BJ920982,锦波生物,313.1,934966,61218373,115065340,3602695.7954
2025-09-01,SZ301499,维科精密,28.53,2135077,34563717,138254866,394441.132698
2025-09-01,SH688450,光格科技,29.7,785211,40822665,66000000,196020
2025-09-01,SZ301468,博盈特焊,25.28,1424452,76888729,132000000,333696
2025-09-01,SZ301446,福事特,30.8,5281371,31772000,104000000,320320
2025-09-01,SZ301515,港通医疗,21.84,1703406,63041550,100000000,218400
2025-09-01,SH688612,威迈斯,41.25,5798364,254321675,420957142,1736448.21075
2025-09-01,SZ301172,君逸数码,25.26,7919622,98766080,172480000,435684.48
2025-09-01,SH688651,盛邦安全,40.47,3706897,32454426,75399000,305139.753
2025-09-01,SZ301519,舜禹股份,13.83,3208042,78001250,164160000,227033.28
2025-09-01,SH688646,ST逸飞,31.27,1195257,57572708,95162608,297573.475216
2025-09-01,SZ301371,敷尔佳,26.43,2446010,77529400,520104000,1374634.872
2025-09-01,SH603119,浙江荣泰,78.43,13164514,203879483,363742150,2852829.68245
2025-09-01,SZ301518,长华化学,25.52,7239249,53455228,140178204,357734.776608
2025-09-01,SZ301509,金凯生科,41.05,5855025,56740928,120446669,494433.576245
2025-09-01,SZ301362,民爆光电,50.65,4940769,29670000,104670000,530153.55
2025-09-01,SH688347,华虹公司,85.71,77767585,407750000,1729475522,14823334.699062
2025-09-01,BJ920926,鸿智科技,17.5,1221363,80182379,88361737,154633.03975
2025-09-01,SH603296,华勤技术,96.11,23296861,571430929,1015754580,9762417.26838
2025-09-01,SZ301487,盟固利,24.77,54762709,272794004,459616438,1138469.916926
2025-09-01,SZ300904,威力传动,64.78,2097200,21983232,72383232,468898.576896
2025-09-01,SH688671,碧兴物联,21.99,1070846,46847122,78518900,172663.0611
2025-09-01,SZ301348,蓝箭电子,21.7,7663371,155139170,240000000,520800
2025-09-01,BJ920058,华洋赛车,35.22,651466,27557923,56087050,197538.5901
2025-09-01,SZ301372,科净源,27.15,2454170,41170445,68571430,186171.43245
2025-09-01,SZ301510,固高科技,34.17,7309134,279159260,400010000,1366834.17
2025-09-01,SH688548,广钢气体,11.05,17897067,691209002,1319398521,1457935.365705
2025-09-01,SH688592,司南导航,50.8,4005203,38521772,80460614,408739.91912
2025-09-01,SZ301498,乖宝宠物,98.64,4012030,179021919,400044500,3946038.948
2025-09-01,BJ920748,路桥信息,62.7,2877244,62347575,76740000,481159.8
2025-09-01,SZ301511,德福科技,35.91,41076440,374545551,630322000,2263486.302
2025-09-01,SH688573,信宇人,29.59,6974091,53216225,97754388,289255.234092
2025-09-01,BJ920504,博迅生物,29.8,968267,17097703,43333100,129132.638
2025-09-01,SZ301533,威马农机,38.4,2456100,28436700,98306700,377497.728
2025-09-01,SH688693,锴威特,38.23,3363549,38904414,73684211,281694.738653
2025-09-01,BJ920274,宏裕包材,28.65,8029937,81333334,81333334,233020.00191
2025-09-01,SZ301418,协昌科技,39.48,2890274,29436334,73333334,289520.002632
2025-09-01,SZ301469,恒达新材,29.05,1222738,46058685,89480000,259939.4
2025-09-01,SH603275,众辰科技,48.95,2260400,41535963,148771851,728238.210645
2025-09-01,BJ920953,国子软件,39.38,2626728,37618264,128115990,504520.76862
2025-09-01,SZ301421,波长光电,84.09,5264481,46308485,115718000,973072.662
2025-09-01,SH688591,泰凌微,58.47,29149597,168437356,240743536,1407627.454992
2025-09-01,SZ301528,多浦乐,58.72,1620679,31849957,61900000,363476.8
2025-09-01,SZ301525,儒竞科技,89.26,3106895,49401197,94311768,841826.841168
2025-09-01,SH603270,金帝股份,27.38,7548231,70716667,219106667,599914.054246
2025-09-01,BJ920976,视声智能,27.08,1417637,42627200,70953400,192141.8072
2025-09-01,SZ301507,民生健康,14.56,3927900,110531858,356554330,519143.10448
2025-09-01,SZ301251,威尔高,55.26,6835844,53926240,134621760,743919.84576
2025-09-01,BJ920627,力王股份,27.14,2383425,46817500,94450000,256337.3
2025-09-01,SH688549,中巨芯,9.05,30267053,577735989,1477276000,1336934.78
2025-09-01,SZ301529,福赛科技,80.6,2838416,45238510,84837210,683787.9126
2025-09-01,SH603075,热威股份,25.15,2768477,41245066,402483111,1012245.024165
2025-09-01,SH688702,盛科通信,125.88,10096702,201491783,410000000,5161080
2025-09-01,BJ920519,万德股份,14.52,1867884,62994354,89258104,129602.767008
2025-09-01,SZ301550,斯菱智驱,101.35,4733933,97456675,159500000,1616532.5
2025-09-01,BJ920469,富恒新材,15.88,4795872,103448162,140946000,223822.248
2025-09-01,SH688716,中研股份,46.11,8201527,68578553,121680000,561066.48
2025-09-01,SZ301548,崇德科技,52.89,2152445,26234982,87000000,460143
2025-09-01,SZ301500,飞南资源,16.89,17798859,144050667,562941089,950807.499321
2025-09-01,SZ301520,万邦医药,44.15,1238200,22422992,66666667,294333.334805
2025-09-01,SH603276,恒兴新材,19.06,11690007,75642328,207649497,395779.941282
2025-09-01,BJ920665,科强股份,14.82,1082070,64071668,129990000,192645.18
2025-09-01,SZ301558,三态股份,9.45,12118611,219281777,788851223,745464.405735
2025-09-01,SH688719,爱科赛博,43.33,3800076,88567578,115385418,499965.016194
2025-09-01,BJ920978,开特股份,33.55,6315886,100279448,179261468,601422.22514
2025-09-01,SH688657,浩辰软件,57.86,1524105,40389399,65514288,379065.670368
2025-09-01,SZ301559,中集环科,18.67,4937938,90000000,600000000,1120200
2025-09-01,BJ920786,骑士乳业,10.92,10497836,142196455,209053000,228285.876
2025-09-01,SZ301517,陕西华达,47,6335981,59467380,151237380,710815.686
2025-09-01,SH603193,润本股份,29.47,3607563,103336314,404593314,1192336.496358
2025-09-01,BJ920026,卓兆点胶,41.92,3826097,43168451,82077246,344067.815232
2025-09-01,SH603273,天元智能,20.28,3727305,56058400,214313400,434627.5752
2025-09-01,SZ301489,思泉新材,214.92,3613517,47600652,80753867,1735562.109564
2025-09-01,BJ920693,阿为特,50.6,1872043,36610000,72700000,367862
2025-09-01,SZ001378,德冠新材,22.67,1287802,65759216,133333600,302267.2712
2025-09-01,SZ301555,惠柏新材,31.82,3153717,48347250,92266700,293592.6394
2025-09-01,BJ920493,并行科技,167.95,1756042,41296948,59709405,1002819.456975
2025-09-01,SH603107,上海汽配,16.05,2882100,218174000,337335000,541422.675
2025-09-01,BJ920130,立方控股,30.64,1855950,56663256,92243236,282633.275104
2025-09-01,SZ001376,百通能源,12.22,5541800,213752813,460900000,563219.8
2025-09-01,SH603062,麦加芯彩,54,1679309,37886400,108000000,583200
2025-09-01,BJ920833,美心翼申,24.92,10476946,62466750,82360000,205241.12
2025-09-01,SZ001326,联域股份,38.12,1076700,24103329,73200000,279038.4
2025-09-01,BJ920679,前进科技,24.38,2016070,26179250,55850000,136162.3
2025-09-01,SH688648,中邮科技,64.66,6437157,66128924,136000000,879376
2025-09-01,BJ920132,泰鹏智能,23.45,908930,28123225,82824000,194222.28
2025-09-01,SZ001306,夏厦精密,95.7,1115449,15500000,62850600,601480.242
2025-09-01,BJ920522,纳科诺尔,64.49,7563831,128596020,156750720,1010885.39328
2025-09-01,SH688653,康希通信,13.97,12191108,310514392,424480000,592998.56
2025-09-01,BJ920570,坤博精工,42.92,1441976,24628672,50169821,215328.871732
2025-09-01,SZ301568,思泰克,52.75,9077036,47644020,103258400,544688.06
2025-09-01,SH688652,京仪装备,77.36,6205596,119070000,168000000,1299648
2025-09-01,BJ920579,机科股份,28.08,2080067,44574420,129480000,363579.84
2025-09-01,SZ301508,中机认检,34.94,2554345,58836400,226085200,789941.6888
2025-09-01,SH601083,锦江航运,12.16,11729907,194120000,1294120000,1573649.92
2025-09-01,BJ920703,广厦环能,16.34,1868092,76265147,150724000,246283.016
2025-09-01,SH688720,艾森股份,50.51,4095263,55282656,88133334,445161.470034
2025-09-01,SZ301516,中远通,17.86,4850145,70175439,280701755,501333.33443
2025-09-01,SZ001239,永达股份,17.12,4872661,114000000,240000000,410880
2025-09-01,BJ920547,无锡晶海,27.69,2280579,35604000,77688000,215118.072
2025-09-01,SZ301459,丰茂股份,45,1326055,26098991,104121820,468548.19
2025-09-01,BJ920375,派诺科技,17.68,12006077,64916188,108159864,191226.639552
2025-09-01,SH603231,索宝蛋白,19.34,20382508,106265982,191459105,370281.90907
2025-09-01,SZ301413,安培龙,119.91,4541187,57519866,98401985,1179938.202135
2025-09-01,BJ920284,灵鸽科技,27.15,8039138,67762315,104785645,284493.026175
2025-09-01,SH603373,安邦护卫,53.93,4528889,45430108,107526882,579892.474626
2025-09-01,SZ001358,兴欣新材,26.65,5808622,50976308,123200000,328328
2025-09-01,BJ920061,西磁科技,39.55,2071352,37489400,70790000,279974.45
2025-09-01,SH601096,宏盛华源,4.4,22491446,1642976541,2675155088,1177068.23872
2025-09-01,SZ301526,国际复材,7.62,206065665,1404392923,3770878048,2873409.072576
2025-09-01,SH603004,鼎龙科技,24.42,7805954,58880000,235520000,575139.84
2025-09-01,SZ301578,辰奕智能,39.21,2564348,23169900,81485391,319504.218111
2025-09-01,BJ920363,莱赛激光,21.28,1772149,51889370,95450000,203117.6
2025-09-01,SZ301566,达利凯普,18.57,14125822,207500808,400010000,742818.57
2025-09-01,SH688717,艾罗能源,68.1,3919624,97139537,160000000,1089600
2025-09-01,BJ920690,捷众科技,37.66,7504117,43099080,66300000,249685.8
2025-09-01,SH603325,博隆技术,98.5,1646044,34183200,80004000,788039.4
2025-09-01,SH603312,西典新能,43.98,2500734,52520000,161600000,710716.8
2025-09-01,SZ001387,雪祺电气,13.79,3986350,113910333,183038400,252409.9536
2025-09-01,BJ920806,云星宇,15.75,4266666,300736667,300736667,473660.250525
2025-09-01,SZ301567,贝隆精密,42.88,1208296,21239850,72000000,308736
2025-09-01,SH601033,永兴股份,16.19,8021532,240000000,900000000,1457100
2025-09-01,BJ920403,康农种业,27.77,3902982,58024330,99361080,275925.71916
2025-09-01,SZ001379,腾达科技,21.47,3079992,67299000,200000000,429400
2025-09-01,SZ301577,美信科技,61.89,1628800,18841155,44260000,273925.14
2025-09-01,SH603375,盛景微,44.42,12258929,63780929,100666667,447161.334814
2025-09-01,BJ920496,许昌智能,12.01,6309384,145118432,165575000,198855.575
2025-09-01,SH603082,北自科技,42.36,2925094,40556900,162227543,687195.872148
2025-09-01,SZ301502,华阳智能,57.19,1017300,23587000,57083500,326460.5365
2025-09-01,BJ920656,海昇药业,19.13,2243747,25000125,100000000,191300
2025-09-01,SH688709,成都华微,46.02,14254387,217922251,636847026,2930770.013652
2025-09-01,SZ301589,诺瓦星云,177.65,1176891,34464960,92448000,1642338.72
2025-09-01,SH688584,上海合晶,25.69,11684576,339788393,665458353,1709562.508857
2025-09-01,SZ301591,肯特股份,44.9,2054236,33948725,84120000,377698.8
2025-09-01,SH603341,龙旗科技,45.92,10413721,266212831,469381544,2155400.050048
2025-09-01,BJ920706,铁拓机械,24.89,3454697,42346870,92405245,229996.654805
2025-09-01,SZ301588,美新科技,21.13,4313851,73359183,118867754,251167.564202
2025-09-01,SH688695,中创股份,31.35,2394659,51269194,85051378,266636.07003
2025-09-01,SH603344,星德胜,27,8769297,54030980,194530980,525233.646
2025-09-01,SZ301538,骏鼎达,68.7,1148520,31219671,78400000,538608
2025-09-01,BJ920438,戈碧迦,50.86,9997015,139394050,144630000,735588.18
2025-09-01,SZ001359,平安电工,55.5,7052441,46380000,185503165,1029542.56575
2025-09-01,SZ301536,星宸科技,68.18,10438208,187243602,421715232,2875254.451776
2025-09-01,BJ920123,芭薇股份,18.88,3104140,63632896,111540000,210587.52
2025-09-01,SZ001389,广合科技,75,12518048,150242580,425235000,3189262.5
2025-09-01,BJ920931,无锡鼎邦,18.39,873951,28775800,93930000,172737.27
2025-09-01,SZ301587,中瑞股份,22.94,2256753,73453040,147328040,337970.52376
2025-09-01,SH688691,灿芯股份,84.18,12815459,71465010,120000000,1010160
2025-09-01,SZ301539,宏鑫科技,20.09,2530100,75061799,148000000,297332
2025-09-01,SH688530,欧莱新材,18.97,3992112,67778204,160044824,303605.031128
2025-09-01,SZ301596,瑞迪智驱,92.58,1611160,31316613,77165300,714396.3474
2025-09-01,BJ920002,万达轴承,123.85,1074904,31857967,45502968,563554.25868
2025-09-01,SZ301392,汇成真空,174.58,2251288,40795911,100000000,1745800
2025-09-01,SZ300784,利安科技,57.22,1685271,16928850,56237600,321791.5472
2025-09-01,SH688692,达梦数据,277.8,2961675,73136650,113240000,3145807.2
2025-09-01,SZ301565,中仑新材,23.85,6258455,128010000,400010000,954023.85
2025-09-01,SZ301580,爱迪特,47.48,1520501,72016992,106564537,505968.421676
2025-09-01,SH603381,永臻股份,24.59,20284928,142137686,237256326,583413.305634
2025-09-01,SH603350,安乃达,42.58,4630684,44000000,116415000,495695.07
2025-09-01,SH603285,键邦股份,24.41,1772007,62296780,160000000,390560
2025-09-01,SZ301603,乔锋智能,77.59,6525416,37732500,120760000,936976.84
2025-09-01,SZ301552,科力装备,43.1,2176564,23800000,95200000,410312
2025-09-01,SZ301606,绿联科技,65.35,5134824,219016309,414909806,2711435.58221
2025-09-01,SH603391,力聚热能,40.96,1200615,22750000,91000000,372736
2025-09-01,SZ301608,博实结,97.86,2555008,39937150,88990000,870856.14
2025-09-01,SH688721,龙图光罩,53.98,2931309,35004484,133500000,720633
2025-09-01,SH603310,巍华新材,18.25,3313070,184560000,345340000,630245.5
2025-09-01,SZ301611,珂玛科技,58.52,7217304,146582688,436000000,2551472
2025-09-01,SZ301571,国科天成,51.64,4930327,119166990,179425908,926555.388912
2025-09-01,BJ920118,太湖远大,27.5,1268458,21964000,50896000,139964
2025-09-01,SH603207,小方制药,34.95,3449340,54400000,160559967,561157.084665
2025-09-01,SZ301586,佳力奇,54.07,2045877,52911069,82975503,448648.544721
2025-09-01,BJ920008,成电光信,36.64,1535648,33174309,63750000,233580
2025-09-01,SZ001277,速达股份,41.81,1684536,19000000,76000000,317756
2025-09-01,SH688710,益诺思,41.15,2585340,28195924,140979615,580131.115725
2025-09-01,SZ301607,富特科技,36.45,3286409,33026836,155420399,566507.354355
2025-09-01,SZ301600,慧翰股份,128.4,2612636,26149500,104523500,1342081.74
2025-09-01,BJ920016,中草香料,23.79,1464951,26359121,76981929,183140.009091
2025-09-01,SH603091,众鑫股份,64.38,1140634,20447760,102238793,658213.349334
2025-09-01,BJ920099,瑞华技术,29.8,1266276,39348280,78399998,233631.99404
2025-09-01,SZ301551,无线传媒,50.41,1704869,37882341,400010000,2016450.41
2025-09-01,SH688615,合合信息,174.76,1631618,28000000,140000000,2446640
2025-09-01,SZ301618,长联科技,61.6,1016628,22554000,90215860,555729.6976
2025-09-01,SZ001279,强邦新材,39.84,1760418,37623967,160000000,637440
2025-09-01,BJ920019,铜冠矿建,25.05,3915475,55864900,210266700,526718.0835
2025-09-01,SZ301522,上大股份,37.41,7535223,74373334,371866667,1391153.201247
2025-09-01,SZ301556,托普云农,107.82,1545697,19354483,85280000,919488.96
2025-09-01,SZ301626,苏州天脉,146,1962012,26028000,115680000,1688928
2025-09-01,SZ301592,六九一二,155.33,1275417,17500000,70000000,1087310
2025-09-01,SZ301613,新铝时代,57.5,2058017,35960400,143841247,827087.17025
2025-09-01,SH688726,拉普拉斯,50.1,3521653,36311450,405326189,2030684.20689
2025-09-01,BJ920088,科力股份,38.21,1753454,24150000,88071500,336521.2015
2025-09-01,BJ920066,科拜尔,31.24,1187886,17054251,62853326,196353.790424
2025-09-01,SZ301628,强达电路,98.3,2498118,18844000,75375800,740944.114
2025-09-01,SH603205,健尔康,30.98,2549521,39000000,156000000,483288
2025-09-01,SZ301633,港迪技术,77.61,432900,13920000,55680000,432132.48
2025-09-01,BJ920111,聚星科技,30.78,6552236,36888500,155154500,477565.551
2025-09-01,BJ920060,万源通,39.15,9916639,70101274,152044663,595254.855645
2025-09-01,SH688750,金天钛业,24.2,7778337,83250000,462500000,1119250
2025-09-01,SZ301631,壹连科技,96.68,3258389,19233151,91414580,883796.15944
2025-09-01,SH603395,红四方,38.02,10801307,53596492,260000000,988520
2025-09-01,SH688449,联芸科技,50.51,6973079,70000000,460000000,2323460
2025-09-01,BJ920128,胜业电气,34.4,1137832,21960000,81190000,279293.6
2025-09-01,SZ301622,英思特,91.78,3625490,28982970,115931880,1064022.79464
2025-09-01,SH688708,佳驰科技,83.6,1937710,38409600,400010000,3344083.6
2025-09-01,BJ920098,科隆新材,33.78,1404833,43537729,81320369,274700.206482
2025-09-01,SZ301617,博苑股份,66.2,9230367,33410000,133640000,884696.8
2025-09-01,SH688605,先锋精科,65.33,4573938,40476000,202379856,1322147.599248
2025-09-01,BJ920106,林泰新材,97.37,1055960,29275100,55828500,543602.1045
2025-09-01,SZ301598,博科测试,63.88,1060600,14724306,58897223,376235.460524
2025-09-01,SZ301585,蓝宇股份,34.73,2054483,26000000,104000000,361192
2025-09-01,SH603194,中力股份,39.95,3774851,51455120,401000000,1601995
2025-09-01,BJ920082,方正阀门,21.71,2194302,39092415,145355000,315565.705
2025-09-01,SZ001391,国货航,6.84,26854824,858765260,12208881225,8350874.7579
2025-09-01,BJ920116,星图测控,73.68,4195152,40580780,159775000,1177222.2
2025-09-01,SH603072,天和磁材,56.62,11568902,66070000,264280000,1496353.36
2025-09-01,SZ301581,黄山谷捷,59.36,1193167,20000000,80000000,474880
2025-09-01,SZ301458,钧崴电子,39.41,5946145,64551316,266666700,1050933.4647
2025-09-01,SH688758,赛分科技,19.47,2686469,42479336,416464084,810855.571548
2025-09-01,SH688583,思看科技,113.57,3717679,17680001,88400000,1003958.8
2025-09-01,SZ301601,惠通科技,34.45,4727226,31608000,140480000,483953.6
2025-09-01,SZ301602,超研股份,26.32,3651800,58353924,428329638,1127363.607216
2025-09-01,SH688545,兴福电子,34.33,8666164,72883564,360000000,1235880
2025-09-01,SZ001356,富岭股份,14.97,4724625,125230500,589320000,882212.04
2025-09-01,SZ001395,亚联机械,55.42,2208846,19687359,87240000,483484.08
2025-09-01,SH688411,海博思创,125.25,2078815,37933554,180092492,2255658.4623
2025-09-01,BJ920108,宏海科技,16.99,1221714,35402850,172200000,292567.8
2025-09-01,SZ302132,中航成飞,105.59,37904015,586069499,2672091376,28214612.839184
2025-09-01,SZ301173,毓恬冠佳,51.29,979183,16861923,87834772,450504.545588
2025-09-01,SZ301557,常友科技,72.83,690535,11080000,44307871,322694.224493
2025-09-01,SH603409,汇通控股,35.55,839439,30875897,126030000,448036.65
2025-09-01,SZ301275,汉朔科技,57.12,1810600,31760754,422400000,2412748.8
2025-09-01,SH603271,永杰新材,41.89,5437528,38570371,196720000,824060.08
2025-09-01,SZ301479,弘景光电,101.43,1489472,19884812,88965333,902375.372619
2025-09-01,SZ301501,恒鑫生活,52.83,1811472,35067354,147900000,781355.7
2025-09-01,SH603124,江南新材,93.61,5136413,28637506,145745199,1364320.807839
2025-09-01,SZ001382,新亚电缆,21.25,2930788,60139493,412000000,875500
2025-09-01,SZ301629,矽电股份,161.73,1713853,10431719,41727274,674855.202402
2025-09-01,SH688757,胜科纳米,32.07,3767681,32574732,403311486,1293419.935602
2025-09-01,SZ301616,浙江华业,54.27,2350338,20000000,80000000,434160
2025-09-01,SZ301535,浙江华远,21.06,4974000,59901023,425294118,895669.412508
2025-09-01,BJ920029,开发科技,101.05,1815643,31793334,138886667,1403449.770035
2025-09-01,SZ301658,首航新能,34.11,2548200,38728009,412371135,1406597.941485
2025-09-01,SH603257,中国瑞林,60.48,7118270,24400163,120000000,725760
2025-09-01,SH603210,泰鸿万立,21.38,3835500,73587566,340400000,727775.2
2025-09-01,SZ301665,泰禾股份,31.24,3886315,35906289,450000000,1405800
2025-09-01,SZ001335,信凯科技,41.2,1749918,22963621,93739560,386206.9872
2025-09-01,SH603120,肯特催化,43.17,2937439,22143822,90400000,390256.8
2025-09-01,SZ301662,宏工科技,118.49,4239480,15776325,80000000,947920
2025-09-01,SH603202,天有为,101.58,1538882,32543652,160000000,1625280
2025-09-01,SZ001400,江顺科技,76.5,3214524,15000000,60000000,459000
2025-09-01,SZ301560,众捷汽车,38.24,1589116,23099600,121600000,464998.4
2025-09-01,BJ920068,天工股份,21.59,7556821,62704261,655600015,1415440.432385
2025-09-01,SH688755,汉邦科技,46.85,1247233,16540747,88000000,412280
2025-09-01,SZ301636,泽润新能,56.47,950532,15141113,63867823,360661.596481
2025-09-01,SZ301595,太力科技,41.59,1923714,23099106,108280000,450336.52
2025-09-01,SH603014,威高血净,41.01,7624300,38112587,411394066,1687127.064666
2025-09-01,SZ001390,古麒绒材,25.32,3942281,48998847,200000000,506400
2025-09-01,SZ301590,优优绿能,192.76,2474393,8164562,42000000,809592
2025-09-01,SH603049,中策橡胶,47.21,4235630,84823411,874485598,4128446.508158
2025-09-01,BJ920027,交大铁发,29.95,1850365,26278000,79203500,237214.4825
2025-09-01,SH688775,影石创新,326.9,5149246,30501569,401000000,13108690
2025-09-01,SH603382,海阳科技,39.4,12769128,35520860,181251368,714130.38992
2025-09-01,SZ301678,新恒汇,90.95,6626427,45512773,239555467,2178756.972365
2025-09-01,SH603400,华之杰,66.7,1850931,19597624,100000000,667000
2025-09-01,BJ920037,广信科技,95.09,1792135,29564308,91462908,869720.792172
2025-09-01,SZ001388,信通电子,50.98,4618326,30572689,156000000,795288
2025-09-01,SH688729,屹唐股份,31.74,27107423,199787692,2955560000,9380947.44
2025-09-01,SZ301630,同宇新材,200.2,1300982,10000000,40000000,800800
2025-09-01,SH600930,华电新能,6.5,93117707,2505175252,41714285714,27114285.7141
2025-09-01,SH603262,技源集团,31.84,5457331,38802645,400010000,1273631.84
2025-09-01,SZ301609,山大电力,50.75,3790988,34750244,162880000,826616
2025-09-01,SZ001221,悍高集团,55.44,6464697,34924646,400010000,2217655.44
2025-09-01,BJ920005,鼎佳精密,51.94,1541316,19000000,83000000,431102
2025-09-01,SZ301491,汉桑科技,67.22,4800000,27066519,129000000,867138
2025-09-01,BJ920007,酉立智能,77.84,940127,10642850,42000000,326928
2025-09-01,SH603406,天富龙,44.72,2612401,35539898,400010000,1788844.72
2025-09-01,SZ301632,广东建科,32.74,10013188,68863457,418560000,1370365.44
2025-09-01,BJ920101,志高机械,50.28,1211771,20407563,85925951,432035.681628
2025-09-01,BJ920018,宏远股份,33.4,1951658,29147732,122727291,409909.15194
2025-09-01,BJ920056,能之光,30.15,4971249,30630570,79474700,239616.2205
2025-09-01,BJ920112,巴兰仕,43.65,6938235,23183000,82000000,357930
