日期,代码,名称,日收盘价,日交易量,流通股本,总股本,总市值(万)
2025-11-04,SH600654,中安科,3.81,215516299,2316224287,2876386351,1095903.199731
2025-11-04,SH600651,飞乐音响,8.31,47265252,2507028015,2507028015,2083340.280465
2025-11-04,SH600602,云赛智联,19.67,15438112,1074302990,1367673455,2690213.685985
2025-11-04,SH600601,方正科技,11.9,182901631,4170293287,4273742887,5085754.03553
2025-11-04,SH600653,申华控股,2.09,28168709,1946380317,1946380317,406793.486253
2025-11-04,SZ000004,*ST国华,12.88,8588300,126287768,132380282,170505.803216
2025-11-04,SZ000002,万  科Ａ,6.23,107737250,9716399629,11930709471,7432832.000433
2025-11-04,SZ000001,平安银行,11.59,150300748,19405600653,19405918198,22491459.191482
2025-11-04,SZ000009,中国宝安,10.9,37944965,2576020465,2579213965,2811343.22185
2025-11-04,SH600603,广汇物流,7.62,21163015,1193329151,1193329151,909316.813062
2025-11-04,SZ000012,南  玻Ａ,4.77,12347370,1959316598,3070692107,1464720.135039
2025-11-04,SZ000016,深康佳Ａ,5.49,47124329,1596593800,2407945408,1321962.028992
2025-11-04,SH600605,汇通能源,30.45,2559481,206282429,206282429,628129.996305
2025-11-04,SH600608,*ST沪科,4.43,5790159,318371441,328861441,145685.618363
2025-11-04,SH600604,市北高新,6.05,28495462,1407454804,1873304804,1133349.40642
2025-11-04,SH600606,绿地控股,1.79,100127646,14054218314,14054218314,2515705.078206
2025-11-04,SZ000011,深物业A,10.44,17021700,526475543,595979092,622202.172048
2025-11-04,SZ000017,深中华A,6.75,13953700,302984965,689184933,465199.829775
2025-11-04,SZ000007,全新好,8.58,14413168,346448044,346448044,297252.421752
2025-11-04,SZ000006,深振业Ａ,11.93,53242701,1349987396,1349995046,1610544.089878
2025-11-04,SZ000020,深华发Ａ,15,6868081,181165391,283161227,424741.8405
2025-11-04,SZ000008,神州高铁,2.92,46906882,2716296952,2716377683,793182.283436
2025-11-04,SZ000014,沙河股份,17.6,30535292,242046224,242046224,426001.35424
2025-11-04,SH600609,金杯汽车,4.85,34917369,1304558558,1304558558,632710.90063
2025-11-04,SH600611,大众交通,5.9,18019502,1563316364,2364122864,1394832.48976
2025-11-04,SH600612,老凤祥,46.28,2472861,317109630,523117764,2420989.011792
2025-11-04,SH600655,豫园股份,5.43,12515498,3889846273,3892458273,2113604.842239
2025-11-04,SH600616,金枫酒业,5.76,6124250,669004950,669004950,385346.8512
2025-11-04,SZ000019,深粮控股,7.04,17605636,416216407,1152535254,811384.818816
2025-11-04,SH600618,氯碱化工,11.1,12735815,749839976,1156399976,1283603.97336
2025-11-04,SH600619,海立股份,21.27,22077687,789174798,1073344406,2283003.551562
2025-11-04,SH600620,天宸股份,6.35,7336800,686677113,686677113,436039.966755
2025-11-04,SZ000501,武商集团,9.8,12494577,768228566,768992731,753612.87638
2025-11-04,SZ000503,国新健康,10.12,12425568,979193200,981312532,993088.282384
2025-11-04,SH600621,华鑫股份,16.41,12021832,1060899292,1060899292,1740935.738172
2025-11-04,SH600622,光大嘉宝,3.12,129439286,1499685402,1499685402,467901.845424
2025-11-04,SH600623,华谊集团,7.82,16310000,1871841976,2122831280,1660054.06096
2025-11-04,SZ000504,*ST生物,9.84,3763330,329117898,330023098,324742.728432
2025-11-04,SZ000505,京粮控股,7.01,18645674,632380336,726950251,509592.125951
2025-11-04,SH600624,ST复华,6.14,56481049,679346942,679346942,417119.022388
2025-11-04,SH600626,申达股份,5.14,22946403,1107978710,1320744667,678862.758838
2025-11-04,SH600628,新世界,7.55,7803300,646875384,646875384,488390.91492
2025-11-04,SH600630,龙头股份,9.44,14491039,424861597,424861597,401069.347568
2025-11-04,SH600635,大众公用,7,252640295,2418791675,2952434675,2066704.2725
2025-11-04,SH600637,东方明珠,10.54,283642753,3361899817,3361899817,3543442.407118
2025-11-04,SH600636,*ST国化,8.64,5515700,438636802,438636802,378982.196928
2025-11-04,SH600638,新黄浦,6.01,10977412,673396786,673396786,404711.468386
2025-11-04,SH600639,浦东金桥,11.46,8851723,850236703,1122412893,1286285.175378
2025-11-04,SZ000507,珠海港,5.6,15836337,902354455,919734895,515051.5412
2025-11-04,SH600641,先导基电,17.76,23600368,930629920,930629920,1652798.73792
2025-11-04,SH600640,国脉文化,14.24,14233549,795695940,795695940,1133071.01856
2025-11-04,SH600642,申能股份,8.33,22059991,4893813156,4894079376,4076768.120208
2025-11-04,SH600644,乐山电力,11.31,29835345,578320818,578320818,654080.845158
2025-11-04,SH600643,爱建集团,5.69,12695028,1590351716,1593170778,906514.172682
2025-11-04,SH600648,外高桥,10.95,3301683,1137770691,1359912218,1489103.87871
2025-11-04,SH600645,中源协和,24.86,8388689,467770165,467948890,1163320.94054
2025-11-04,SZ000509,华塑控股,3.74,50557203,1073124808,1073128052,401349.891448
2025-11-04,SZ000510,新金路,6,44868631,606664817,648543589,389126.1534
2025-11-04,SH600649,城投控股,4.64,24854727,2504500768,2504500768,1162088.356352
2025-11-04,SH600657,信达地产,3.76,23232019,2851878595,2851878595,1072306.35172
2025-11-04,SH600658,电子城,6.34,34283842,1118585045,1118585045,709182.91853
2025-11-04,SZ000026,飞亚达,16.26,3261680,364562983,405764007,659772.275382
2025-11-04,SH600650,锦江在线,15.83,5844066,390560075,551610107,873198.799381
2025-11-04,SH600660,福耀玻璃,66.67,8963524,2002986332,2609743532,17399160.127844
2025-11-04,SH600662,外服控股,5.34,8933859,2270080651,2283457375,1219366.23825
2025-11-04,SH600661,昂立教育,10.74,4699326,286548830,286548830,307753.44342
2025-11-04,SZ000025,特  力Ａ,18,8354947,392778320,431058320,775904.976
2025-11-04,SH600663,陆家嘴,8.5,8403540,3155683662,5035153679,4279880.62715
2025-11-04,SH600664,哈药股份,3.66,23260342,2518509876,2518509876,921774.614616
2025-11-04,SH600665,天地源,3.57,10681540,864122521,864122521,308491.739997
2025-11-04,SH600666,奥瑞德,3.72,213884111,2419752935,2763512843,1028026.777596
2025-11-04,SZ000514,渝 开 发,5.22,15777700,843770965,843770965,440448.44373
2025-11-04,SH600668,尖峰集团,11.85,4775060,412900594,412900594,489287.20389
2025-11-04,SH600667,太极实业,9.34,311139621,2091542178,2091542178,1953500.394252
2025-11-04,SZ000516,国际医学,4.78,13902300,2204856269,2238896753,1070192.647934
2025-11-04,SZ000028,国药一致,25.27,2956141,478053712,556565077,1406439.949579
2025-11-04,SH600671,天目药业,19.05,2974400,121720533,121778885,231988.775925
2025-11-04,SH600600,青岛啤酒,65.24,3540392,709125943,1364196788,8900019.844912
2025-11-04,SZ000027,深圳能源,7.08,32259553,4757389916,4757389916,3368232.060528
2025-11-04,SZ000029,深深房Ａ,28.51,2599865,891660000,1011660000,2884242.66
2025-11-04,SH600673,东阳光,20.4,33937246,3001557927,3009555059,6139492.32036
2025-11-04,SH600675,中华企业,2.9,38814416,6046135331,6046135331,1753379.24599
2025-11-04,SH600674,川投能源,14.98,27161467,4874606828,4874606828,7302161.028344
2025-11-04,SH600676,交运股份,6.32,12903069,1028492944,1028492944,650007.540608
2025-11-04,SZ000030,富奥股份,5.61,9942091,1670906445,1719810845,964813.884045
2025-11-04,SZ000031,大悦城,2.95,22868880,4286304701,4286313339,1264462.435005
2025-11-04,SH600678,四川金顶,9.64,12846099,348990000,348990000,336426.36
2025-11-04,SZ000519,中兵红箭,18.06,22972041,1392558982,1392558982,2514961.521492
2025-11-04,SH600679,上海凤凰,13.29,6271600,343694257,515294257,684826.067553
2025-11-04,SH600682,南京新百,7.48,11430813,1165060275,1346132221,1006906.901308
2025-11-04,SZ000521,长虹美菱,6.88,10972943,875579688,1029923715,708587.51592
2025-11-04,SH600683,京投发展,4.98,71466686,740777597,740777597,368907.243306
2025-11-04,SH600684,珠江股份,5.23,46032013,853460723,853460723,446359.958129
2025-11-04,SH600685,中船防务,27.3,13833642,821435181,1413506378,3858872.41194
2025-11-04,SZ000513,丽珠集团,36.41,5942395,584146308,904100430,3291829.66563
2025-11-04,SZ000525,红太阳,6.26,15760663,990080168,1298027341,812565.115466
2025-11-04,SZ000032,深桑达Ａ,20.64,15007553,1089363764,1137959234,2348747.858976
2025-11-04,SZ000526,学大教育,40.63,1744759,119530059,121861109,495121.685867
2025-11-04,SH600688,上海石化,2.75,37914335,7328813500,10542617500,2899219.8125
2025-11-04,SH600686,金龙汽车,15.57,32421346,717047417,717047417,1116442.828269
2025-11-04,SH600689,上海三毛,14.87,5733927,152204143,200991343,298874.127041
2025-11-04,SZ000523,红棉股份,3.28,14138323,1325160154,1835468461,602033.655208
2025-11-04,SZ000524,岭南控股,14.47,49065358,669948933,670208597,969791.839859
2025-11-04,SZ000528,柳    工,11.95,79908269,2030755524,2032276833,2428570.815435
2025-11-04,SH600692,亚通股份,8.53,5956201,255010517,351764064,300054.746592
2025-11-04,SH600690,海尔智家,26.65,44788976,6254501095,9380463334,24998934.78511
2025-11-04,SH600691,潞化科技,2.91,35122480,2375585952,2375981952,691410.748032
2025-11-04,SH600693,东百集团,6.41,79205286,868952782,869846246,557571.443686
2025-11-04,SH600694,大商股份,17.7,3596495,344357828,347767828,615549.05556
2025-11-04,SZ000541,佛山照明,6.31,10733376,1230533206,1535778230,969076.06313
2025-11-04,SZ000539,粤电力Ａ,4.78,32388559,2555386899,5250283986,2509635.745308
2025-11-04,SZ000547,航天发展,8.98,136575029,1588350696,1598468269,1435424.505562
2025-11-04,SZ000550,江铃汽车,19.58,5332875,518463160,863214000,1690173.012
2025-11-04,SZ000553,安道麦A,6.49,4973709,2177071961,2329811766,1512047.836134
2025-11-04,SH600699,均胜电子,29.57,65154338,1355053644,1395670563,4126997.854791
2025-11-04,SH600696,*ST岩石,5.74,3727800,334469431,334469431,191985.453394
2025-11-04,SH600697,欧亚集团,13.81,14274900,155376015,159088075,219700.631575
2025-11-04,SH600800,渤海化学,4.08,22845887,1109730216,1110045216,452898.448128
2025-11-04,SZ000544,中原环保,8.9,7990050,974684488,974684488,867469.19432
2025-11-04,SZ000530,冰山冷热,7.2,127348429,600041463,843212507,607113.00504
2025-11-04,SZ000537,绿发电力,8.63,10068973,2066602352,2066602352,1783477.829776
2025-11-04,SZ000554,泰山石油,6.9,16051682,362653197,480793318,331747.38942
2025-11-04,SZ000538,云南白药,55.93,9198810,1772794114,1784262603,9979380.738579
2025-11-04,SZ000543,皖能电力,8.26,45090792,2266863331,2266863331,1872429.111406
2025-11-04,SZ000548,湖南投资,5.78,17036700,499173999,499215811,288546.738758
2025-11-04,SH600805,悦达投资,5.54,19031370,850275368,850894494,471395.549676
2025-11-04,SZ000533,顺钠股份,7.22,44243528,684902400,690816000,498769.152
2025-11-04,SH600803,新奥股份,19.87,11612225,3076367590,3097087607,6153913.075109
2025-11-04,SH600802,福建水泥,7.81,70619994,458248400,458248400,357892.0004
2025-11-04,SH600801,华新建材,21.94,15898456,1344275649,2078995649,4561316.453906
2025-11-04,SZ000532,华金资本,14.73,4179700,343549746,344708340,507755.38482
2025-11-04,SH600807,济高发展,3.4,21518410,787018464,884634731,300775.80854
2025-11-04,SZ000551,创元科技,11.13,5378722,482982355,484733046,539507.880198
2025-11-04,SZ000531,穗恒运Ａ,7.05,18597340,909745488,1041401332,734187.93906
2025-11-04,SH600808,马钢股份,4.1,122762081,5967751186,7700681186,3157279.28626
2025-11-04,SH600809,山西汾酒,188.9,4332528,1219964222,1219964222,23045124.15358
2025-11-04,SH600810,神马股份,10.28,51356950,1020259981,1030085981,1058928.388468
2025-11-04,SZ000564,供销大集,2.7,398981520,14715017084,18058063354,4875677.10558
2025-11-04,SZ000563,陕国投Ａ,3.64,46204090,5113970358,5113970358,1861485.210312
2025-11-04,SZ000534,万泽股份,18.74,31155480,500183416,509835816,955432.319184
2025-11-04,SZ000559,万向钱潮,12.97,290550994,3314544214,3315358444,4300019.901868
2025-11-04,SH600812,华北制药,6.14,18879884,1715730370,1715730370,1053458.44718
2025-11-04,SH600814,杭州解百,7.49,4754600,729492148,735078598,550573.869902
2025-11-04,SH600816,建元信托,2.98,41292601,5469137919,9844448254,2933645.579692
2025-11-04,SH600815,厦工股份,3.37,62131650,1774094480,1774094480,597869.83976
2025-11-04,SH600820,隧道股份,6.69,27692599,3144096094,3144096094,2103400.286886
2025-11-04,SH600819,耀皮玻璃,8.36,17325491,747416067,934916069,781589.833684
2025-11-04,SH600821,金开新能,5.6,29000346,1997263453,1997263453,1118467.53368
2025-11-04,SZ000021,深科技,26.97,87851621,1567029346,1567280671,4226955.969687
2025-11-04,SH600825,新华传媒,7.01,16733370,1044887850,1044887850,732466.38285
2025-11-04,SH600824,益民集团,4.29,13114300,1054027073,1054027073,452177.614317
2025-11-04,SH600822,上海物贸,11.64,7106300,396147908,495972914,577312.471896
2025-11-04,SH600827,百联股份,8.85,12758073,1604449920,1784168117,1578988.783545
2025-11-04,SH600826,兰生股份,11.39,15761023,735533549,735533549,837772.712311
2025-11-04,SH600834,申通地铁,8.95,6349401,477381905,477381905,427256.804975
2025-11-04,SH600829,人民同泰,9.71,55034139,579888597,579888597,563071.827687
2025-11-04,SH600831,广电网络,5.05,8836801,710946992,710946992,359028.23096
2025-11-04,SH600830,香溢融通,9.95,8381444,454322747,454322747,452051.133265
2025-11-04,SH600835,上海机电,25.65,10030671,806504300,1022739308,2623326.32502
2025-11-04,SH600828,茂业商业,4.1,12703757,1731360181,1731982546,710112.84386
2025-11-04,SH600838,上海九百,8.8,5313700,400881981,400881981,352776.14328
2025-11-04,SH600843,上工申贝,12.03,20699802,469222730,713166480,857939.27544
2025-11-04,SH600846,同济科技,14.27,6567270,624761516,624761516,891534.683332
2025-11-04,SH600841,动力新科,6.37,7786500,1043024484,1387821784,884042.476408
2025-11-04,SH600839,四川长虹,10.17,89774051,4614958631,4616244222,4694720.373774
2025-11-04,SH600848,上海临港,11.74,26034137,2393912273,2522487004,2961399.742696
2025-11-04,SH600850,电科数字,26.4,9045446,680198741,680198741,1795724.67624
2025-11-04,SH600847,万里股份,12.51,2733700,153287400,153287400,191762.5374
2025-11-04,SH600851,海欣股份,6.86,4904903,738206110,1207056692,828040.890712
2025-11-04,SZ000555,神州信息,21.9,252399728,971903562,975774437,2136946.01703
2025-11-04,SZ000039,中集集团,7.88,27700233,2301407141,5392520385,4249306.06338
2025-11-04,SZ000035,中国天楹,5.93,26571509,2313025748,2388032769,1416103.432017
2025-11-04,SZ000565,渝三峡Ａ,8.26,8925450,433592220,433592220,358147.17372
2025-11-04,SH600857,宁波中百,16.95,9848300,224319919,224319919,380222.262705
2025-11-04,SH600859,王府井,14.42,24863448,1123828064,1123931424,1620709.113408
2025-11-04,SH600860,京城股份,12.45,12897325,442265988,547485988,681620.05506
2025-11-04,SZ000558,天府文旅,5.4,94496700,1288684608,1289223949,696180.93246
2025-11-04,SZ000034,神州数码,42.07,31685074,604773280,723444335,3043530.317345
2025-11-04,SZ000568,泸州老窖,133.1,6796659,1469446263,1471951503,19591674.50493
2025-11-04,SH600861,北京人力,18.76,2431000,366574848,566112718,1062027.458968
2025-11-04,SH600863,内蒙华电,4.4,86411674,6526887811,6526887811,2871830.63684
2025-11-04,SZ000566,海南海药,6.21,49627207,1165894733,1297365126,805663.743246
2025-11-04,SZ000567,海德股份,7.95,76240970,1949902172,1954592155,1553900.763225
2025-11-04,SZ000571,新大洲A,5.75,27398592,813992300,839129000,482499.175
2025-11-04,SZ000036,华联控股,4.07,16804333,1401150983,1403818725,571354.221075
2025-11-04,SZ000570,苏常柴Ａ,5.7,8905649,555692507,705692507,402244.72899
2025-11-04,SZ000037,深南电A,9.04,10073699,338908150,602762596,544897.386784
2025-11-04,SZ000572,海马汽车,7.99,198902333,1642253067,1644636426,1314064.504374
2025-11-04,SH600864,哈投股份,7.45,32581705,2080570520,2080570520,1550025.0374
2025-11-04,SH600865,百大集团,9.18,3892360,376240316,376240316,345388.610088
2025-11-04,SZ000045,深纺织Ａ,13.15,12333700,457021849,506521849,666076.231435
2025-11-04,SZ000573,粤宏远Ａ,4.4,18562426,632964819,638280604,280843.46576
2025-11-04,SH600866,星湖科技,7.13,23982621,1255769324,1661472616,1184629.975208
2025-11-04,SH600867,通化东宝,9.12,56213782,1958542829,1958542829,1786191.060048
2025-11-04,SZ000576,甘化科工,10.74,6921600,433815261,436418214,468713.161836
2025-11-04,SH600868,梅雁吉祥,2.96,68769010,1898148679,1898148679,561852.008984
2025-11-04,SZ000042,中洲控股,7.78,3657300,664131202,664831139,517238.626142
2025-11-04,SZ000048,京基智农,16.7,30104903,526359600,530282250,885571.3575
2025-11-04,SH600872,中炬高新,18.01,6737570,770987950,778991206,1402963.162006
2025-11-04,SH600869,远东股份,7.9,51466530,2219352746,2219352746,1753288.66934
2025-11-04,SZ000050,深天马Ａ,10.06,44124434,2457716686,2457747661,2472494.146966
2025-11-04,SZ000049,德赛电池,27.33,7878007,384534862,384638534,1051217.113422
2025-11-04,SH600871,石化油服,2.26,165552400,13547012351,18957045833,4284292.358258
2025-11-04,SH600874,创业环保,6.28,16530534,1230418085,1570418085,986222.55738
2025-11-04,SH600875,东方电气,21.4,95215892,2263366595,3458360326,7400891.09764
2025-11-04,SH600877,电科芯片,14.3,49467347,1184059492,1184059492,1693205.07356
2025-11-04,SZ000010,美丽生态,3.89,29692400,830391690,1149652292,447214.741588
2025-11-04,SH600876,凯盛新能,11.1,3737600,395674963,645674963,716699.20893
2025-11-04,SZ000582,北部湾港,8.95,34019605,1853368029,2369655792,2120841.93384
2025-11-04,SH600879,航天电子,10.78,76372457,3299299334,3299299334,3556644.682052
2025-11-04,SH600880,博瑞传播,5.13,17946561,1093030175,1093332092,560879.363196
2025-11-04,SH600881,亚泰集团,1.93,50934026,3232150988,3232150988,623805.140684
2025-11-04,SH600882,妙可蓝多,24.31,4683718,510053647,510053647,1239940.415857
2025-11-04,SH600883,博闻科技,8.59,2903302,236088000,236088000,202799.592
2025-11-04,SZ000586,汇源通信,14.14,5895300,193440000,193440000,273524.16
2025-11-04,SH600886,国投电力,14.53,21164133,7454179797,8004494262,11630530.162686
2025-11-04,SZ000590,古汉医药,11.45,14524100,239371427,239471267,274194.600715
2025-11-04,SH600884,杉杉股份,12.19,165402479,1805529746,2249412863,2742034.279997
2025-11-04,SH600885,宏发股份,30.5,25659581,1459747248,1459747248,4452229.1064
2025-11-04,SZ000591,太阳能,4.71,49860020,3918016288,3918568213,1845645.628323
2025-11-04,SH600888,新疆众和,8.08,25101767,1403712011,1403712011,1134199.304888
2025-11-04,SZ000589,贵州轮胎,5.02,34319180,1537166004,1554688404,780453.578808
2025-11-04,SH600889,南京化纤,15.3,6798519,366346010,366346010,560509.3953
2025-11-04,SZ000593,德龙汇能,10.23,39018725,358483169,358631009,366879.522207
2025-11-04,SH600887,伊利股份,27.07,60648580,6293929721,6325360667,17122751.325569
2025-11-04,SH600894,广日股份,9.71,2997179,843144445,851678362,826979.689502
2025-11-04,SH600893,航发动力,38.36,16935986,2665124758,2665594238,10225219.496968
2025-11-04,SZ000055,方大集团,4.35,9305800,675852229,1073874227,467135.288745
2025-11-04,SZ000595,*ST宝实,5.31,16729900,1138656366,1138656366,604626.530346
2025-11-04,SH600895,张江高科,41.01,43086811,1548689550,1548689550,6351175.84455
2025-11-04,SZ000599,青岛双星,6.5,60232990,816745112,816758987,530893.34155
2025-11-04,SH600706,曲江文旅,10.53,10012716,254030185,255059785,268577.953605
2025-11-04,SH600707,彩虹股份,5.83,16018186,3587669732,3588389732,2092031.213756
2025-11-04,SZ000597,东北制药,5.61,11414644,1409315987,1427088265,800596.516665
2025-11-04,SH600702,舍得酒业,61.39,7342398,332618879,332758879,2042806.758181
2025-11-04,SZ000598,兴蓉环境,7.21,24246672,2979227721,2984008721,2151470.287841
2025-11-04,SH600711,盛屯矿业,10.3,113817500,3090611551,3090611551,3183329.89753
2025-11-04,SH600897,厦门空港,17.72,31192082,416934000,416934000,738807.048
2025-11-04,SZ000600,建投能源,8.77,38099600,1090050876,1809299376,1586755.552752
2025-11-04,SH600704,物产中大,5.8,65061510,5171179890,5171179890,2999284.3362
2025-11-04,SH600714,金瑞矿业,11.84,4054301,288176273,288176273,341200.707232
2025-11-04,SH600708,光明地产,3.92,36323926,2225277771,2228636743,873625.603256
2025-11-04,SZ000401,金隅冀东,4.82,9711560,2631354026,2658216626,1281260.413732
2025-11-04,SH600717,天津港,4.82,20482609,2894001038,2894001038,1394908.500316
2025-11-04,SH600718,东软集团,10.53,17609674,1192329218,1192329218,1255522.666554
2025-11-04,SZ000404,长虹华意,7.04,13596475,692719572,695995979,489981.169216
2025-11-04,SH600712,南宁百货,7.41,18111700,538648371,544655360,403589.62176
2025-11-04,SZ000402,金 融 街,3.02,34059653,2988667172,2988929907,902656.831914
2025-11-04,SH600722,金牛化工,6.43,9446400,680319676,680319676,437445.551668
2025-11-04,SZ000408,藏格矿业,54.69,16710900,1570209245,1570225745,8587564.599405
2025-11-04,SH600713,南京医药,5.08,7540100,1286905475,1308930265,664936.57462
2025-11-04,SH600715,文投控股,2.63,71549000,2662372241,4059853500,1067741.4705
2025-11-04,SH600726,华电能源,2.64,47660066,2747344834,7907336210,2087536.75944
2025-11-04,SH600716,凤凰股份,4.11,11829686,936060590,936060590,384720.90249
2025-11-04,SH600729,重庆百货,27.85,5616840,192482844,440475577,1226724.481945
2025-11-04,SH600725,云维股份,3.78,33762090,1232470000,1232470000,465873.66
2025-11-04,SZ000407,胜利股份,3.78,0,875782212,880084656,332671.999968
2025-11-04,SZ000056,皇庭国际,2.4,33798362,903726533,1182528220,283806.7728
2025-11-04,SZ000415,渤海租赁,3.58,51475536,5392955733,6184521282,2214058.618956
2025-11-04,SH600720,中交设计,7.64,8804339,1009049771,2294595565,1753071.01166
2025-11-04,SH600728,佳都科技,6.79,50608326,2132599261,2132599261,1448034.898219
2025-11-04,SH600724,宁波富达,5.49,16760500,1444942664,1445241071,793437.347979
2025-11-04,SH600719,大连热电,6.4,11077500,404599600,404599600,258943.744
2025-11-04,SZ000410,沈阳机床,8,90246145,1680915944,2649073009,2119258.4072
2025-11-04,SH600735,ST新华锦,7.7,76619095,425451827,428778219,330159.22863
2025-11-04,SH600730,中国高科,10.19,11860205,586656002,586656002,597802.466038
2025-11-04,SZ000423,东阿阿胶,47.78,7313934,643018085,643976824,3076921.265072
2025-11-04,SH600737,中粮糖业,15.61,28746041,2138848228,2138848228,3338742.083908
2025-11-04,SH600738,丽尚国潮,5.55,58559103,760666196,761335236,422541.05598
2025-11-04,SH600731,湖南海利,7.5,11166730,557982665,558742416,419056.812
2025-11-04,SZ000420,吉林化纤,4.2,88685969,2458031143,2458868343,1032724.70406
2025-11-04,SZ000421,南京公用,7.3,40619797,574296297,574415734,419323.48582
2025-11-04,SH600740,山西焦化,4.31,38338725,2562121154,2562121154,1104274.217374
2025-11-04,SZ000428,华天酒店,3.32,19047720,1018926000,1018926000,338283.432
2025-11-04,SZ000417,合百集团,6.61,20026712,779027451,779884200,515503.4562
2025-11-04,SZ000422,湖北宜化,13.75,34012273,1057803184,1088248412,1496341.5665
2025-11-04,SH600736,苏州高新,5.94,17868032,1151292907,1151292907,683867.986758
2025-11-04,SZ000419,通程控股,6.22,9717972,543582655,543582655,338108.41141
2025-11-04,SH600733,北汽蓝谷,8.32,99893044,4891711921,5573503169,4637154.636608
2025-11-04,SH600739,辽宁成大,12.62,13361700,1529709816,1529709816,1930493.787792
2025-11-04,SZ000603,盛达资源,22.06,23172774,666716359,689969346,1522072.377276
2025-11-04,SH600741,华域汽车,20.1,15905400,3152723984,3152723984,6336975.20784
2025-11-04,SH600742,富维股份,9.88,12794883,743057880,743057880,734141.18544
2025-11-04,SZ000425,徐工机械,10.75,116495482,9289149004,11752972482,12634445.41815
2025-11-04,SZ000426,兴业银锡,27.83,85175084,1775205464,1775635739,4941594.261637
2025-11-04,SZ000430,ST张家界,7.89,0,331738800,404817686,319401.154254
2025-11-04,SZ000607,华媒控股,4.49,18413100,885033444,1017698410,456946.58609
2025-11-04,SZ000601,韶能股份,5.25,14589095,1065735252,1080551669,567289.626225
2025-11-04,SH600744,华银电力,6.53,37544558,2031124274,2031124274,1326324.150922
2025-11-04,SZ000605,渤海股份,7.4,5712740,352658600,352658600,260967.364
2025-11-04,SH600746,江苏索普,7.36,7465700,1166082347,1167842884,859532.362624
2025-11-04,SZ000608,*ST阳光,2.31,29465832,744536959,749913309,173229.974379
2025-11-04,SH600756,浪潮软件,17.69,48303134,324098753,349628753,618493.264057
2025-11-04,SH600750,华润江中,21.34,4515571,627292416,634953289,1354990.318726
2025-11-04,SH600748,上实发展,6.67,53769357,1844562892,1844562892,1230323.448964
2025-11-04,SZ000610,西安旅游,12.48,11443101,235504294,236747901,295461.380448
2025-11-04,SZ000612,焦作万方,9.98,47910034,1191420144,1192199394,1189814.995212
2025-11-04,SH600753,*ST海钦,7.77,4974500,230307175,230307175,178948.674975
2025-11-04,SZ000596,古井贡酒,158,2968423,408600000,528600000,8351880
2025-11-04,SH600757,长江传媒,8.93,19594611,1213497103,1213650273,1083789.693789
2025-11-04,SH600755,厦门国贸,6.72,132481489,2132158487,2137621097,1436481.377184
2025-11-04,SH600761,安徽合力,20.46,11521149,890692761,890692761,1822357.389006
2025-11-04,SZ000609,ST中迪,7.99,2347161,291058272,299265522,239113.152078
2025-11-04,SH600760,中航沈飞,60.29,15366902,2748185991,2835094714,17092786.030706
2025-11-04,SH600754,锦江酒店,22.96,9354837,906044063,1066298444,2448221.227424
2025-11-04,SH600749,西藏旅游,19.19,10820700,226965517,226965517,435546.827123
2025-11-04,SZ000615,*ST美谷,3.74,14061618,762500287,762979719,285354.414906
2025-11-04,SZ000617,中油资本,10.13,102860717,12642079079,12642079079,12806426.107027
2025-11-04,SZ000619,海螺新材,6.43,13991200,360000000,441168831,283671.558333
2025-11-04,SZ000623,吉林敖东,20.96,15703855,1191023393,1195895387,2506596.731152
2025-11-04,SH600758,辽宁能源,4.23,43577691,1320743394,1322017394,559213.357662
2025-11-04,SH600763,通策医疗,42.76,4566943,447289117,447289117,1912608.264292
2025-11-04,SH600769,祥龙电业,13.43,7446100,374977200,374977200,503594.3796
2025-11-04,SH600764,中国海防,31.64,5320101,710629386,710629386,2248431.377304
2025-11-04,SH600771,广誉远,19.28,7739928,489491141,489491141,943738.919848
2025-11-04,SH600765,中航重机,15.68,9534068,1564438153,1575492153,2470371.695904
2025-11-04,SH600774,汉商集团,9.97,3676700,294842131,295032402,294147.304794
2025-11-04,SH600773,西藏城投,12.62,34887945,951586865,951586865,1200902.62363
2025-11-04,SH600768,宁波富邦,13.44,2649401,133747200,133747200,179756.2368
2025-11-04,SZ000633,合金投资,6.65,9306421,385103523,385106373,256095.738045
2025-11-04,SZ000637,茂化实华,4.79,21518990,364585055,519875356,249020.295524
2025-11-04,SZ000651,格力电器,39.71,39819816,5515155557,5601405741,22243182.197511
2025-11-04,SH600775,南京熊猫,12.55,66526439,671838529,913838529,1146867.353895
2025-11-04,SZ000628,高新发展,48.53,7619404,192238585,352280000,1709614.84
2025-11-04,SZ000630,铜陵有色,5.04,278618575,11143011450,13409471510,6758373.64104
2025-11-04,SZ000635,英 力 特,8.87,3742000,303087602,394133623,349596.523601
2025-11-04,SH600770,综艺股份,5.54,23308200,1300000000,1300000000,720200
2025-11-04,SZ000632,三木集团,4.73,122670358,465481606,465519570,220190.75661
2025-11-04,SH600777,*ST新潮,4.1,20945002,6366152391,6800495825,2788203.28825
2025-11-04,SZ000639,西王食品,3.31,21465169,1079426772,1079428095,357290.699445
2025-11-04,SH600776,东方通信,12.84,18415167,956000064,1256000064,1612704.082176
2025-11-04,SZ000626,远大控股,8.18,20448005,503716521,506626864,414420.774752
2025-11-04,SZ000652,泰达股份,4.3,14937720,1474462359,1475573852,634496.75636
2025-11-04,SZ000655,金岭矿业,9.79,19219229,595340230,595340230,582838.08517
2025-11-04,SZ000656,*ST金科,1.38,41554200,7610149756,10634081632,1467503.265216
2025-11-04,SZ000636,风华高科,17.68,71072120,1157013211,1157013211,2045599.357048
2025-11-04,SH600778,友好集团,6.87,9287964,311214882,311491352,213994.558824
2025-11-04,SZ000659,珠海中富,2.82,21523452,1285702520,1285702520,362568.11064
2025-11-04,SH600780,通宝能源,6.17,15483246,1146502523,1146502523,707392.056691
2025-11-04,SZ000663,永安林业,7.7,27970209,306301196,336683929,259246.62533
2025-11-04,SH600779,水井坊,41.93,1990624,487503198,487503198,2044100.909214
2025-11-04,SZ000669,ST金鸿,3.22,13843220,680408797,680408797,219091.632634
2025-11-04,SZ000668,*ST荣控,10.27,4338701,146841890,146841890,150806.62103
2025-11-04,SZ000665,湖北广电,6.51,93904140,1137119780,1137149495,740284.321245
2025-11-04,SZ000661,长春高新,106.75,7024048,399624406,407937529,4354733.122075
2025-11-04,SZ000676,智度股份,9.24,31160291,1264528532,1265289215,1169127.23466
2025-11-04,SH600783,鲁信创投,15,25028762,744359294,744359294,1116538.941
2025-11-04,SH600784,鲁银投资,6.74,12178000,675652277,675652277,455389.634698
2025-11-04,SH600782,新钢股份,4.18,51832034,3145652149,3182542149,1330302.618282
2025-11-04,SZ000677,恒天海龙,4.68,18684876,863977948,863977948,404341.679664
2025-11-04,SZ000058,深 赛 格,9.74,17987499,984702354,1231200672,1199189.454528
2025-11-04,SH600785,新华百货,13.58,7083900,225631280,225631280,306407.27824
2025-11-04,SZ000061,农 产 品,8.6,14189035,1696933006,1984961198,1707066.63028
2025-11-04,SZ000682,东方电子,12.49,56069467,1340556939,1340727007,1674568.031743
2025-11-04,SH600787,中储股份,5.97,20736729,2170079582,2170079582,1295537.510454
2025-11-04,SZ000680,山推股份,10.9,35400710,1314701804,1500142612,1635155.44708
2025-11-04,SH600792,云煤能源,4.7,70886800,1109923600,1109923600,521664.092
2025-11-04,SZ000060,中金岭南,5.29,116152128,3962109044,3962165294,2095985.440526
2025-11-04,SZ000685,中山公用,12.15,17976693,1253962161,1475111351,1792260.291465
2025-11-04,SZ000679,大连友谊,9.04,10329424,356400000,356400000,322185.6
2025-11-04,SZ000690,宝新能源,4.76,37673357,2174471375,2175887862,1035722.622312
2025-11-04,SH600791,京能置业,5.23,8295407,452313696,452880000,236856.24
2025-11-04,SZ000062,深圳华强,27.76,10261122,1044927241,1045909322,2903444.277872
2025-11-04,SZ000059,华锦股份,5.11,13059219,1599442537,1599442537,817315.136407
2025-11-04,SZ000683,博源化工,6.45,35146380,3323450023,3718739060,2398586.6937
2025-11-04,SH600793,宜宾纸业,23.28,4499000,176904002,176904002,411832.516656
2025-11-04,SZ000698,ST沈化,3.91,11148176,785714395,819514395,320430.128445
2025-11-04,SZ000701,厦门信达,6.36,70991451,667603556,675807106,429813.319416
2025-11-04,SH600789,鲁抗医药,10.14,38827330,898669632,898669632,911251.006848
2025-11-04,SZ000686,东北证券,9.03,37997120,2340452915,2340452915,2113428.982245
2025-11-04,SZ000692,惠天热电,3.86,20376602,532832976,532832976,205673.528736
2025-11-04,SH600790,轻纺城,3.82,15776688,1465790928,1465790928,559932.134496
2025-11-04,SZ000700,模塑科技,9.87,34709674,918015389,918015389,906081.188943
2025-11-04,SZ000691,*ST亚太,12.29,24475152,323270000,323270000,397298.83
2025-11-04,SZ001696,宗申动力,23,26368769,891398225,1145026920,2633561.916
2025-11-04,SH600794,保税科技,4.16,12386260,1200152157,1200152157,499263.297312
2025-11-04,SH600795,国电电力,5.42,117852299,17835619082,17835619082,9666905.542444
2025-11-04,SZ000702,正虹科技,7.27,4415100,266634576,346624948,251996.337196
2025-11-04,SZ000697,ST炼石,8.36,4669900,590896429,873100876,729912.332336
2025-11-04,SZ000708,中信特钢,14.89,19657011,5047157829,5047157829,7515218.007381
2025-11-04,SZ000703,恒逸石化,6.57,15847728,3583568714,3602618114,2366920.100898
2025-11-04,SH600796,钱江生化,6.54,29143241,311477889,866585766,566747.090964
2025-11-04,SH600051,宁波联合,7.76,7869100,310880000,310880000,241242.88
2025-11-04,SZ000705,浙江震元,9.73,8015027,281960751,334123286,325101.957278
2025-11-04,SZ000711,ST京蓝,1.76,32690400,2285733714,2856976223,502827.815248
2025-11-04,SH600052,东望时代,4.79,14524686,844194741,844194741,404369.280939
2025-11-04,SZ000707,双环科技,6.48,5297800,464145765,584717193,378896.741064
2025-11-04,SZ000712,锦龙股份,13.7,11590836,895734125,896000000,1227520
2025-11-04,SZ000758,中色股份,6.4,41769847,1976125503,1990552530,1273953.6192
2025-11-04,SZ000709,河钢股份,2.48,82002342,10335412398,10337121092,2563606.030816
2025-11-04,SZ000716,黑芝麻,6.25,12678404,739005337,753489550,470930.96875
2025-11-04,SH600797,浙大网新,10.65,41741552,1027526370,1027526370,1094315.58405
2025-11-04,SZ000400,许继电气,27.2,79213559,1011701259,1018622249,2770652.51728
2025-11-04,SZ000713,国投丰乐,6.94,5456732,614014980,614014980,426126.39612
2025-11-04,SZ000710,贝瑞基因,13.56,29134100,329529923,353521465,479375.10654
2025-11-04,SH600060,海信视像,24.45,9936500,1300168721,1304972254,3190657.16103
2025-11-04,SH600798,宁波海运,4.15,39867392,1206534201,1206534201,500711.693415
2025-11-04,SZ000736,*ST中地,6.18,1371000,721266045,747098401,461706.811818
2025-11-04,SZ000737,北方铜业,14.78,50341294,1904538160,1904716435,2815170.89093
2025-11-04,SZ000721,西安饮食,8.76,15035799,512360308,573914308,502748.933808
2025-11-04,SZ000766,通化金马,27.97,37418772,966007681,966494707,2703285.695479
2025-11-04,SH600054,黄山旅游,11.36,4992038,513300000,729379440,828575.04384
2025-11-04,SH600064,南京高科,8.96,29697520,1730339644,1730339644,1550384.321024
2025-11-04,SZ000717,中南股份,2.75,30827700,2423560965,2423845590,666557.53725
2025-11-04,SZ000715,中兴商业,5.93,8126410,538993401,540434622,320477.730846
2025-11-04,SH600067,冠城新材,4.47,202804405,1391668739,1391668739,622075.926333
2025-11-04,SH600066,宇通客车,32.23,19376026,2213939223,2213939223,7135526.115729
2025-11-04,SZ000739,普洛药业,15.02,11079440,1158008405,1158443576,1739982.251152
2025-11-04,SZ000720,新能泰山,3.51,11623100,1256531571,1256531571,441042.581421
2025-11-04,SH600056,中国医药,11.24,16866862,1495351478,1495879748,1681368.836752
2025-11-04,SZ000723,美锦能源,5.3,173663846,4396249039,4403480409,2333844.61677
2025-11-04,SH600059,古越龙山,9.55,7500840,911542413,911542413,870523.004415
2025-11-04,SZ000759,中百集团,7.24,26155400,655706025,662574590,479704.00316
2025-11-04,SH600055,万东医疗,15.85,5027779,703061058,703061058,1114351.77693
2025-11-04,SH600061,国投资本,7.79,34625609,6393983207,6393983207,4980912.918253
2025-11-04,SZ000727,冠捷科技,2.61,54519002,4529566980,4529566980,1182216.98178
2025-11-04,SH600062,华润双鹤,19.24,7964475,1032630823,1038757509,1998569.447316
2025-11-04,SH600076,康欣新材,2.92,31843200,1344543367,1344543367,392606.663164
2025-11-04,SH600071,凤凰光学,21.8,3203496,281573889,281573889,613831.07802
2025-11-04,SH600058,五矿发展,9.23,9781306,1071910711,1071910711,989373.586253
2025-11-04,SZ000779,甘咨询,9.05,4334399,464774742,464829452,420670.65406
2025-11-04,SH600063,皖维高新,5.89,29125135,2069106449,2069106449,1218703.698461
2025-11-04,SH600072,中船科技,12.05,9488619,1083337316,1502624316,1810662.30078
2025-11-04,SZ000778,新兴铸管,4.33,75626323,3893605496,3963182285,1716057.929405
2025-11-04,SH600079,ST人福,20.39,38720466,1543178770,1632225965,3328108.742635
2025-11-04,SZ000786,北新建材,23.68,18646131,1634955466,1700390342,4026524.329856
2025-11-04,SZ000767,晋控电力,3,38844376,2912246436,3076942219,923082.6657
2025-11-04,SZ000625,长安汽车,12.29,74419064,8260513020,9914086060,12184411.76774
2025-11-04,SZ000735,罗 牛 山,8.2,143723858,1150897517,1151513578,944241.13396
2025-11-04,SZ000776,广发证券,22.23,45196112,5904049311,7605845511,16907794.570953
2025-11-04,SZ000068,华控赛格,3.93,28217484,1006671464,1006671464,395621.885352
2025-11-04,SH600080,金花股份,7.85,5578528,373270285,373270285,293017.173725
2025-11-04,SH600088,中视传媒,17,9592276,397706400,397706400,676100.88
2025-11-04,SZ000788,北大医药,5.86,13776777,595987425,595987425,349248.63105
2025-11-04,SZ000728,国元证券,8.62,42618366,4363777891,4363777891,3761576.542042
2025-11-04,SZ000731,四川美丰,7.07,15265325,558829131,558829131,395092.195617
2025-11-04,SH600075,新疆天业,4.81,21428159,1707363607,1707363607,821241.894967
2025-11-04,SZ000828,东莞控股,11.79,5455600,1039515642,1039516992,1225590.533568
2025-11-04,SH600089,特变电工,21.92,488997925,5052792571,5052792571,11075721.315632
2025-11-04,SZ000800,一汽解放,7.22,24848713,4920860683,4921280975,3553164.86395
2025-11-04,SH600106,重庆路桥,6.61,18149958,1329025062,1329025062,878485.565982
2025-11-04,SZ000782,恒申新材,5.43,10492400,528139623,686581509,372813.759387
2025-11-04,SH600097,开创国际,11.54,4587700,240936559,240936559,278040.789086
2025-11-04,SH600082,海泰发展,4.76,19339011,634335412,646115826,307551.133176
2025-11-04,SH600085,同仁堂,33.46,5529326,1371470262,1371470262,4588939.496652
2025-11-04,SZ000819,岳阳兴长,17.87,5705504,365532306,369504506,660304.552222
2025-11-04,SZ000752,ST西发,11.47,2953416,263758491,263758491,302530.989177
2025-11-04,SZ000838,财信发展,3.12,139009484,1053765855,1100462170,343344.19704
2025-11-04,SZ000738,航发控制,18.58,7527224,1315184001,1315184001,2443611.873858
2025-11-04,SZ000753,漳州发展,9.2,53303195,991481071,991481071,912162.58532
2025-11-04,SZ000768,中航西飞,25.23,18037022,2772725857,2781149071,7016839.106133
2025-11-04,SZ000066,中国长城,17.02,124079363,3225589838,3225799088,5490310.047776
2025-11-04,SZ000755,山西高速,5.37,9133641,1467310196,1467310196,787945.575252
2025-11-04,SH600100,同方股份,8.77,115130642,3350297713,3350297713,2938211.094301
2025-11-04,SH600101,明星电力,9.88,26841605,547862471,547862471,541288.121348
2025-11-04,SH600078,澄星股份,9.18,30094054,662572861,676812861,621314.206398
2025-11-04,SH600081,东风科技,12.47,2613340,553026170,553026170,689623.63399
2025-11-04,SH600103,青山纸业,3.84,335247618,2212329047,2240826747,860477.470848
2025-11-04,SZ000796,凯撒旅业,6.79,157698072,1330766810,1603788916,1088972.673964
2025-11-04,SZ000733,振华科技,50.96,18052490,554094731,554169431,2824047.420376
2025-11-04,SH600099,林海股份,11,3030900,219120000,219120000,241032
2025-11-04,SH600073,光明肉业,6.81,8451802,937729472,937729472,638593.770432
2025-11-04,SZ000762,西藏矿业,25.85,32525255,520800618,521174140,1347235.1519
2025-11-04,SH600095,湘财股份,13.08,86218532,2859187743,2859187743,3739817.567844
2025-11-04,SZ000750,国海证券,4.54,59373251,5796203977,6386174477,2899323.212558
2025-11-04,SH600096,云天化,29.3,40507163,1822990731,1822990731,5341362.84183
2025-11-04,SZ000777,中核科技,24.39,106437037,383410827,383417593,935155.509327
2025-11-04,SH600084,中信尼雅,5.74,9016100,1123726830,1123726830,645019.20042
2025-11-04,SZ000785,居然智家,2.88,48059727,5897593464,6227048814,1793390.058432
2025-11-04,SZ000797,中国武夷,3.42,152443628,1570572469,1570754217,537197.942214
2025-11-04,SZ000729,燕京啤酒,11.52,18602732,2509606667,2818539341,3246957.320832
2025-11-04,SH600098,广州发展,6.99,37664738,3505864981,3505864981,2450599.621719
2025-11-04,SZ000799,酒鬼酒,61.65,10317516,324900480,324928980,2003187.1617
2025-11-04,SZ000868,安凯客车,5.44,14830458,733328418,939514735,511096.01584
2025-11-04,SZ000088,盐 田 港,4.6,38317710,3162894468,5199483346,2391762.33916
2025-11-04,SZ000793,*ST华闻,3.29,26454900,1961008615,1997245457,657093.755353
2025-11-04,SZ000783,长江证券,8.63,87527407,5530072948,5530072948,4772452.954124
2025-11-04,SH600116,三峡水利,6.74,9728460,1912142904,1912142904,1288784.317296
2025-11-04,SZ000756,新华制药,15.91,9637691,492623924,689776535,1097434.467185
2025-11-04,SH600109,国金证券,9.75,42425174,3712559510,3712559510,3619745.52225
2025-11-04,SZ000795,英洛华,10.45,12552675,1133684103,1133684103,1184699.887635
2025-11-04,SZ000816,智慧农业,3.32,41200955,1436430472,1447013318,480408.421576
2025-11-04,SH600108,亚盛集团,3.19,55488502,1946915121,1946915121,621065.923599
2025-11-04,SH600128,苏豪弘业,11.14,7245981,246767500,246767500,274898.995
2025-11-04,SH600118,中国卫星,42.71,64149482,1182489135,1182489135,5050411.095585
2025-11-04,SZ000069,华侨城Ａ,2.38,63103500,6898601781,8037758053,1912986.416614
2025-11-04,SZ000789,万年青,5.78,4877950,797407415,797407415,460901.48587
2025-11-04,SH600111,北方稀土,49.1,81323593,3615065842,3615065842,17749973.28422
2025-11-04,SH600105,永鼎股份,14.85,128673111,1461994802,1461994802,2171062.28097
2025-11-04,SH600110,诺德股份,6.62,70944318,1735180932,1735180932,1148689.776984
2025-11-04,SZ000823,超声电子,12.8,13789523,536968845,536991589,687349.23392
2025-11-04,SZ000791,甘肃能源,6.97,21981151,1935621786,3243839742,2260956.300174
2025-11-04,SH600117,西宁特钢,3.12,33077150,3255114857,3255114857,1015595.835384
2025-11-04,SZ000818,航锦科技,21.37,11528340,658211439,660000039,1410420.083343
2025-11-04,SZ000888,峨眉山Ａ,12.73,11440284,526913102,526913102,670760.378846
2025-11-04,SH600113,浙江东日,47.46,4644561,411431160,421176660,1998904.42836
2025-11-04,SH600132,重庆啤酒,53.34,1474009,483971198,483971198,2581502.370132
2025-11-04,SZ000839,国安股份,2.76,44731950,3919826352,3919826352,1081872.073152
2025-11-04,SH600115,中国东航,4.95,124986703,17114518793,22291296570,11034191.80215
2025-11-04,SH600107,ST尔雅,8.14,14132200,360000000,360000000,293040
2025-11-04,SZ000848,承德露露,9.06,36897972,1042554074,1052554074,953613.991044
2025-11-04,SH600129,太极集团,20.78,6216656,551418185,551418185,1145846.98843
2025-11-04,SZ000063,中兴通讯,41.73,141174163,4027360077,4783534887,19961691.083451
2025-11-04,SH600104,上汽集团,15.97,55662750,11495277504,11495277504,18357958.173888
2025-11-04,SZ000899,赣能股份,10.68,15796004,975677760,975677760,1042023.84768
2025-11-04,SH600120,浙江东方,7.23,195980471,3415381492,3415381492,2469320.818716
2025-11-04,SZ000829,天音控股,10.26,22933100,1024129669,1025100438,1051753.049388
2025-11-04,SH600138,中青旅,9.75,12292087,723840000,723840000,705744
2025-11-04,SZ000889,中嘉博创,3.96,33755798,869849676,936291116,370771.281936
2025-11-04,SZ000898,鞍钢股份,2.7,35841757,7957346173,9369221258,2529689.73966
2025-11-04,SH600121,郑州煤电,5.48,139424825,1218412038,1218412038,667689.796824
2025-11-04,SZ000802,北京文化,4.64,16807700,715465255,715900255,332177.71832
2025-11-04,SZ000761,本钢板材,3.56,12336587,3708235241,4108235241,1462531.745796
2025-11-04,SH600119,长江投资,8.97,6045200,365270370,365270370,327647.52189
2025-11-04,SZ001896,豫能控股,5.98,37798676,1525781330,1525781330,912417.23534
2025-11-04,SH600135,乐凯胶片,7.59,6498976,553307099,553307099,419960.088141
2025-11-04,SZ000886,海南高速,7.78,69358941,977836898,988828300,769308.4174
2025-11-04,SH600133,东湖高新,9.78,28397175,1066239875,1066239875,1042782.59775
2025-11-04,SZ000798,中水渔业,8.22,7470900,365836212,365858712,300735.861264
2025-11-04,SH600009,上海机场,32.08,11577458,2046279515,2488313040,7982508.23232
2025-11-04,SZ000429,粤高速Ａ,12.19,23571304,1303329906,2090806126,2548692.667594
2025-11-04,SH600136,ST明诚,1.89,17079300,1943089494,2040825931,385716.100959
2025-11-04,SZ000803,山高环能,6.69,12480896,459787780,466296153,311952.126357
2025-11-04,SZ000876,新 希 望,9.75,27200487,4499296448,4502576702,4390012.28445
2025-11-04,SH600126,杭钢股份,9.04,39686572,3377189083,3377189083,3052978.931032
2025-11-04,SH600158,中体产业,9.44,23344939,959513067,959513067,905780.335248
2025-11-04,SZ000790,华神科技,4.06,11382696,622614614,623719364,253230.061784
2025-11-04,SH600131,国网信通,18.38,9147622,1195905149,1199724419,2205093.482122
2025-11-04,SZ000807,云铝股份,23.67,66857937,3467921051,3467957405,8208655.177635
2025-11-04,SH600137,浪莎股份,20.3,3278981,97217588,97217588,197351.70364
2025-11-04,SZ000089,深圳机场,7.27,18880456,2050742403,2050769509,1490909.433043
2025-11-04,SH600168,武汉控股,5.28,19995375,993397569,993397569,524513.916432
2025-11-04,SZ000858,五 粮 液,117.16,17273363,3881444512,3881608005,45476919.38658
2025-11-04,SH600127,金健米业,6.83,9323800,641783218,641783218,438337.937894
2025-11-04,SZ000801,四川九洲,15.73,29079500,1016324759,1016324759,1598678.845907
2025-11-04,SH600125,铁龙物流,6.42,18493373,1305521874,1305521874,838145.043108
2025-11-04,SH600157,永泰能源,1.62,463811155,21817764145,21817764145,3534477.79149
2025-11-04,SZ000883,湖北能源,4.76,41293643,6479756454,6481449486,3085169.955336
2025-11-04,SZ000813,德展健康,4.41,48148604,2096760540,2097105540,924823.54314
2025-11-04,SH600150,中国船舶,36.25,69623445,7525621288,7525621288,27280377.169
2025-11-04,SH600148,长春一东,20.57,1732000,141516450,141516450,291099.33765
2025-11-04,SH600159,大龙地产,3.17,21971200,830003232,830003232,263111.024544
2025-11-04,SH600156,华升股份,8.84,8626400,402110702,402110702,355465.860568
2025-11-04,SZ000811,冰轮环境,13.88,25870730,978452263,992638145,1377781.74526
2025-11-04,SH600165,ST宁科,4.01,17888350,684883775,684883775,274638.393775
2025-11-04,SZ000810,创维数字,13.42,21102840,1110613175,1141595579,1532021.267018
2025-11-04,SZ000878,云南铜业,16.81,61469315,2003593177,2003628310,3368099.18911
2025-11-04,SH600163,中闽能源,5.74,76575608,1902996143,1902996143,1092319.786082
2025-11-04,SH600166,福田汽车,2.89,150216149,7917400367,7917400367,2288128.706063
2025-11-04,SZ000065,北方国际,11.09,12421391,974962288,1071385874,1188166.934266
2025-11-04,SH600151,航天机电,8.4,30238993,1434252287,1434252287,1204771.92108
2025-11-04,SZ000815,美利云,12.41,14338099,695263035,695263035,862821.426435
2025-11-04,SH600152,维科技术,6.85,14241110,529079375,529079375,362419.371875
2025-11-04,SH600162,香江控股,2.14,75317700,3268438122,3268438122,699445.758108
2025-11-04,SH600161,天坛生物,18.5,8994488,1977371446,1977371446,3658137.1751
2025-11-04,SZ000809,和展能源,3.39,84872734,824791293,824791293,279604.248327
2025-11-04,SZ000882,华联股份,1.96,47756601,2735514266,2737351947,536520.981612
2025-11-04,SH600153,建发股份,10.39,35788278,2899538551,2899538551,3012620.554489
2025-11-04,SH600170,上海建工,2.92,545847799,8885939744,8885939744,2594694.405248
2025-11-04,SZ000812,陕西金叶,4.74,19648800,768160970,768692614,364360.299036
2025-11-04,SZ000821,ST京机,12.5,11903402,604650764,622874778,778593.4725
2025-11-04,SH600160,巨化股份,33.15,28465833,2699746081,2699746081,8949658.258515
2025-11-04,SH600188,兖矿能源,15.24,52135284,5923911084,10037480544,15297120.349056
2025-11-04,SH600180,瑞茂通,4.88,25914400,1086627464,1086627464,530274.202432
2025-11-04,SZ000822,山东海化,5.65,10863782,895091926,895091926,505726.93819
2025-11-04,SH600196,复星医药,28.3,25912800,2118488825,2670429325,7557314.98975
2025-11-04,SZ000830,鲁西化工,13.23,18393706,1904168929,1904319011,2519414.051553
2025-11-04,SH600199,金种子酒,10.42,7433101,657796824,657796824,685424.290608
2025-11-04,SZ000856,冀东装备,11.13,4280100,227000000,227000000,252651
2025-11-04,SH600186,莲花控股,5.79,34251500,1786710441,1793107141,1038209.034639
2025-11-04,SZ000881,中广核技,8.31,23069180,841590860,945425815,785648.852265
2025-11-04,SH600169,ST太重,2.64,4739700,3333141500,3347103170,883635.23688
2025-11-04,SZ000862,银星能源,6.03,16054300,627967088,917954696,553526.681688
2025-11-04,SH600155,华创云信,7.35,17308958,2213542477,2213542477,1626953.720595
2025-11-04,SH600171,上海贝岭,33.71,10246488,708923303,708923303,2389780.454413
2025-11-04,SZ000581,威孚高科,21.4,7793358,793867049,966785693,2068921.38302
2025-11-04,SZ000837,秦川机床,13.5,25559698,1007403337,1023145837,1381246.87995
2025-11-04,SZ000850,华茂股份,4.67,13143060,943396879,943665009,440691.559203
2025-11-04,SH600189,泉阳泉,7.48,32632827,715197812,715197812,534967.963376
2025-11-04,SH600178,东安动力,12.81,4828805,466476161,466476161,597555.962241
2025-11-04,SZ000825,太钢不锈,4.23,57142935,5696247796,5696247796,2409512.817708
2025-11-04,SH600198,大唐电信,8.28,13622900,1301949804,1303603541,1079383.731948
2025-11-04,SH600183,生益科技,63.08,50331521,2394501544,2429119230,15322884.10284
2025-11-04,SZ000860,顺鑫农业,15.62,6052330,741766989,741766989,1158640.036818
2025-11-04,SH600179,安通控股,4.31,110115131,3744236495,4231526979,1823788.127949
2025-11-04,SZ000833,粤桂股份,15.66,50118580,453702026,802082221,1256060.758086
2025-11-04,SZ000859,国风新材,6.35,8650623,895925271,895976271,568944.932085
2025-11-04,SH600177,雅戈尔,7.6,17001596,4623441902,4623441902,3513815.84552
2025-11-04,SZ000852,石化机械,7.22,52384218,945738786,955967689,690208.671458
2025-11-04,SH600172,黄河旋风,6.36,127029806,1276255750,1442184476,917229.326736
2025-11-04,SH600218,全柴动力,9.68,7655600,435599919,435599919,421660.721592
2025-11-04,SZ000887,中鼎股份,21.71,31866589,1314370608,1316489747,2858099.240737
2025-11-04,SH600191,华资实业,9.19,15011512,484932000,484932000,445652.508
2025-11-04,SZ000895,双汇发展,26.12,9784332,3464212167,3464661213,9049695.088356
2025-11-04,SH600123,兰花科创,6.8,24021371,1473240021,1473240021,1001803.21428
2025-11-04,SZ000078,海王生物,2.55,17308202,2626441138,2631123257,670936.430535
2025-11-04,SH600192,长城电工,10.36,17841915,441748000,441748000,457650.928
2025-11-04,SZ000893,亚钾国际,40.7,8897881,811810074,924051187,3760888.33109
2025-11-04,SH600195,中牧股份,7.79,11951779,1021148260,1021148260,795474.49454
2025-11-04,SZ000877,天山股份,6.03,25524224,7110490194,7110491694,4287626.491482
2025-11-04,SZ000892,欢瑞世纪,8.3,204806788,710836454,980980473,814213.79259
2025-11-04,SH600201,生物股份,10.46,18654092,1111747826,1111747826,1162888.225996
2025-11-04,SZ000890,法尔胜,4.8,12568200,419491046,419503968,201361.90464
2025-11-04,SH600228,*ST返利,6.5,15932501,416037177,417012377,271058.04505
2025-11-04,SZ000900,现代投资,4.3,15188194,1517760834,1517828334,652666.18362
2025-11-04,SH600167,联美控股,8.12,26505118,2262840463,2262840463,1837426.455956
2025-11-04,SH600266,城建发展,4.9,33205309,2075743507,2075743507,1017114.31843
2025-11-04,SZ000908,*ST景峰,7.61,32802230,879774351,879774351,669508.281111
2025-11-04,SZ000928,中钢国际,6.44,15215462,1434627071,1434644621,923911.135924
2025-11-04,SH600007,中国国贸,20.41,2254399,1007282534,1007282534,2055863.651894
2025-11-04,SH600206,有研新材,21.87,21244518,846553332,846553332,1851412.137084
2025-11-04,SZ000917,电广传媒,8.94,46082601,1417459363,1417556338,1267295.366172
2025-11-04,SH600200,退市苏吴,1.02,32416460,710879480,710879480,72509.70696
2025-11-04,SZ000901,航天科技,21.25,140165059,798193381,798201406,1696177.98775
2025-11-04,SZ000902,新洋丰,14.71,10137114,1142782565,1254733383,1845712.806393
2025-11-04,SH600173,卧龙新能,8.7,65740313,700416244,700506244,609440.43228
2025-11-04,SZ000903,ST云动,3.08,66365400,1920261648,1934961410,595968.11428
2025-11-04,SH600176,中国巨石,15.71,27305369,4003136728,4003136728,6288927.799688
2025-11-04,SZ000897,津滨发展,2.39,58155440,1617241634,1617272234,386528.063926
2025-11-04,SH600359,新农开发,7.18,8163210,381512820,381512820,273926.20476
2025-11-04,SZ000905,厦门港务,11,77769950,741808097,741809597,815990.5567
2025-11-04,SZ000909,ST数源,6.19,7145509,437710570,437714245,270945.117655
2025-11-04,SH600203,福日电子,14.8,85218565,592988082,592988082,877622.36136
2025-11-04,SZ000913,钱江摩托,15.87,3617109,459544250,526593500,835703.8845
2025-11-04,SH600193,*ST创兴,4.19,11379120,425373000,425373000,178231.287
2025-11-04,SZ000911,广农糖业,8,13081110,400319818,400319818,320255.8544
2025-11-04,SZ000912,泸天化,4.33,10027857,1568000000,1568000000,678944
2025-11-04,SH600202,哈空调,6.46,22085752,383340672,383340672,247638.074112
2025-11-04,SZ000915,华特达因,34.4,4444500,234179735,234331485,806100.3084
2025-11-04,SH600185,珠免集团,6.54,43474967,1885005795,1885005795,1232793.78993
2025-11-04,SZ000925,众合科技,7.89,13159459,673244308,676369858,533655.817962
2025-11-04,SZ000920,沃顿科技,13.86,20094065,421977500,472621118,655052.869548
2025-11-04,SH600141,兴发集团,27.51,18950367,1103256073,1103256073,3035057.456823
2025-11-04,SZ000922,佳电股份,13.39,13569380,587318753,694985154,930585.121206
2025-11-04,SZ000926,福星股份,2.54,40451320,1573209145,1592964774,404613.052596
2025-11-04,SH600208,衢州发展,4.27,94399107,8507976337,8508940800,3633317.7216
2025-11-04,SZ000929,*ST兰黄,8.86,3014600,185754223,185766000,164588.676
2025-11-04,SZ000910,大亚圣象,7.74,4061269,547184500,547397500,423685.665
2025-11-04,SZ000906,浙商中拓,6.18,7460259,701239764,709663179,438571.844622
2025-11-04,SZ000930,中粮科技,5.9,13141300,1856348080,1856442396,1095301.01364
2025-11-04,SZ000931,中 关 村,5.26,7265913,751029532,753126982,396144.792532
2025-11-04,SZ000921,海信家电,25.7,7599489,918122463,1384861171,3559093.20947
2025-11-04,SZ000923,河钢资源,17.67,13546896,627901354,652728961,1153372.074087
2025-11-04,SH600207,安彩高科,5.92,72591559,1089312554,1089312554,644873.031968
2025-11-04,SZ000090,天健集团,3.83,31582917,1868459934,1868545434,715652.901222
2025-11-04,SH600211,西藏药业,44.82,4145098,322319196,322319196,1444634.636472
2025-11-04,SZ000927,中国铁物,2.72,40511300,6050350581,6050353641,1645696.190352
2025-11-04,SH600006,东风股份,7.83,41616652,2000000000,2000000000,1566000
2025-11-04,SZ000932,华菱钢铁,5.87,86960062,6908546583,6908632499,4055367.276913
2025-11-04,SZ000936,华西股份,7.4,17830852,885887337,886012887,655649.53638
2025-11-04,SH600212,绿能慧充,8.42,13439900,514817213,704267213,592992.993346
2025-11-04,SZ000935,四川双马,21.02,9910500,763440333,763440333,1604751.579966
2025-11-04,SH600210,紫江企业,7.56,44659567,1516736158,1516736158,1146652.535448
2025-11-04,SZ000933,神火股份,25.35,63970985,2247510374,2249004399,5701226.151465
2025-11-04,SH600215,派斯林,7.54,6690338,456882880,462995380,349098.51652
2025-11-04,SZ000937,冀中能源,6.15,18954129,3433397227,3533546850,2173131.31275
2025-11-04,SH600197,伊力特,14.7,2609460,473174717,473174717,695566.83399
2025-11-04,SZ000948,南天信息,18.44,4891049,389128291,389888774,718954.899256
2025-11-04,SH600149,廊坊发展,5.68,11657200,380160000,380160000,215930.88
2025-11-04,SZ000949,新乡化纤,4.68,143222992,1699873676,1700329922,795754.403496
2025-11-04,SH600216,浙江医药,14.53,9098951,961633475,961637750,1397259.65075
2025-11-04,SZ000938,紫光股份,26.66,50635196,2860079874,2860079874,7624972.944084
2025-11-04,SH600222,太龙药业,6.61,14094000,573886283,573886283,379338.833063
2025-11-04,SH600000,浦发银行,11.62,134964340,33305838300,33305838300,38701384.1046
2025-11-04,SZ000952,广济药业,7.25,20530035,343996035,346750339,251393.995775
2025-11-04,SH600226,亨通股份,4.1,51876200,2974381224,2974381224,1219496.30184
2025-11-04,SZ000919,金陵药业,7.24,7773400,621766728,621924528,450273.358272
2025-11-04,SH600268,国电南自,12.22,72962664,1010742795,1015870778,1241394.090716
2025-11-04,SH600221,海航控股,1.81,876786440,32872676656,43215632535,7822029.488835
2025-11-04,SZ000953,河化股份,7.43,7352300,366122195,366122195,272028.790885
2025-11-04,SH600239,云南城投,2.68,75042264,1605686909,1605686909,430324.091612
2025-11-04,SZ000955,欣龙控股,7.07,155970659,537992975,538395000,380645.265
2025-11-04,SH600217,中再资环,4.3,13239678,1657653673,1657653673,712791.07939
2025-11-04,SZ000959,首钢股份,4.24,62140295,7522681016,7754967370,3288106.16488
2025-11-04,SZ000958,电投产融,6.72,34421563,5383401645,5383418520,3617657.24544
2025-11-04,SH600219,南山铝业,4.62,361453915,11613670848,11613670848,5365515.931776
2025-11-04,SZ000957,中通客车,11.74,18778693,592903936,592903936,696069.220864
2025-11-04,SH600223,福瑞达,7.75,8207511,1016568775,1016568775,787840.800625
2025-11-04,SZ000962,东方钽业,29.88,25490705,501664375,504864268,1508534.432784
2025-11-04,SH600238,*ST椰岛,6.84,10642603,445271580,448200000,306568.8
2025-11-04,SZ000963,华东医药,40.88,7596959,1752110253,1754021048,7170438.044224
2025-11-04,SZ000960,锡业股份,22.01,37747444,1645801952,1645801952,3622410.096352
2025-11-04,SH600227,赤天化,2.44,16965600,1277599803,1688727685,412049.55514
2025-11-04,SH600500,中化国际,4.17,20583360,3586722753,3588523593,1496414.338281
2025-11-04,SH600229,城市传媒,6.96,7264391,660707784,660707784,459852.617664
2025-11-04,SZ000999,华润三九,29,8215813,1662694003,1664254363,4826337.6527
2025-11-04,SZ000966,长源电力,4.49,23690848,3261522820,3481035016,1562984.722184
2025-11-04,SH600236,桂冠电力,7.36,20509766,7882377802,7882377802,5801430.062272
2025-11-04,SZ000967,盈峰环境,6.98,21858392,3165436203,3166943903,2210526.844294
2025-11-04,SH600230,沧州大化,12.23,7840560,413961015,413961015,506274.321345
2025-11-04,SZ000965,天保基建,4.46,50231588,1109830895,1109830895,494984.57917
2025-11-04,SZ000518,*ST四环,2.55,13795750,1029535693,1029556222,262536.83661
2025-11-04,SZ000970,中科三环,13.53,16555792,1215725773,1215725773,1644876.970869
2025-11-04,SH600299,安迪苏,9.34,5654222,2681901273,2681901273,2504895.788982
2025-11-04,SH600008,首创环保,3.19,86478909,7340590677,7340590677,2341648.425963
2025-11-04,SZ000070,特发信息,9.78,20385120,888678852,900344760,880537.17528
2025-11-04,SH600231,凌钢股份,2.39,46438152,2813941621,2852231621,681683.357419
2025-11-04,SH600269,赣粤高速,5.51,32742024,2335407014,2335407014,1286809.264714
2025-11-04,SZ000978,桂林旅游,6.52,10002250,468118750,468130000,305220.76
2025-11-04,SZ000973,佛塑科技,8.86,224169074,967423171,967423171,857136.929506
2025-11-04,SH600256,广汇能源,5.3,71856878,6392002964,6392002964,3387761.57092
2025-11-04,SZ000301,东方盛虹,9.13,17937411,6608555595,6611230167,6036053.142471
2025-11-04,SZ000969,安泰科技,21.5,146946889,1033193454,1050718097,2259043.90855
2025-11-04,SH600258,首旅酒店,14.42,7900088,1116603126,1116603126,1610141.707692
2025-11-04,SH600232,金鹰股份,6.93,7789200,364718544,364718544,252749.950992
2025-11-04,SZ000988,华工科技,76.88,33622889,1004985657,1005502707,7730304.811416
2025-11-04,SH600233,圆通速递,16.7,15608749,3422539846,3422539846,5715641.54282
2025-11-04,SZ000977,浪潮信息,62.3,43338593,1470490271,1472135122,9171401.81006
2025-11-04,SZ000975,山金国际,20.44,32685438,2527432441,2776722265,5675620.30966
2025-11-04,SH600237,铜峰电子,7.9,32322816,621676155,630704155,498256.28245
2025-11-04,SH600257,大湖股份,5.77,11115100,481237188,481237188,277673.857476
2025-11-04,SH600235,民丰特纸,7.06,6883100,351300000,351300000,248017.8
2025-11-04,SH600234,科新发展,11.67,7735701,262520973,262520973,306361.975491
2025-11-04,SZ000980,众泰汽车,3.67,146160100,5031388673,5042547739,1850615.020213
2025-11-04,SZ000968,蓝焰控股,7.35,16334657,967502660,967502660,711114.4551
2025-11-04,SZ000989,九芝堂,10.14,15193675,694153753,855942012,867925.200168
2025-11-04,SH600262,北方股份,27.89,9441070,170000000,170000000,474130
2025-11-04,SH600300,维维股份,3.59,57885807,1617142180,1617142180,580554.04262
2025-11-04,SH600130,*ST波导,3.96,15940110,750000000,750000000,297000
2025-11-04,SZ000990,诚志股份,7.74,9764700,1215236635,1215237535,940593.85209
2025-11-04,SH600278,东方创业,8.36,24012300,871915557,871915557,728921.405652
2025-11-04,SH600301,华锡有色,29.2,11657500,275335681,632567479,1847097.03868
2025-11-04,SZ000987,越秀资本,7.93,33208075,5014425174,5017132462,3978586.042366
2025-11-04,SH600018,上港集团,5.59,38615683,23214577754,23281365262,13014283.181458
2025-11-04,SH600289,ST信通,6.74,8454702,565922684,631052069,425329.094506
2025-11-04,SH600261,阳光照明,3.48,12781200,1335052966,1335052966,464598.432168
2025-11-04,SZ000096,广聚能源,11.54,5491500,510848000,528000000,609312
2025-11-04,SZ000158,常山北明,23.8,73268032,1587932246,1598616721,3804707.79598
2025-11-04,SH600267,海正药业,11.03,16982002,1198188946,1198848196,1322329.560188
2025-11-04,SZ000985,大庆华科,18.98,2479220,129639500,129639500,246055.771
2025-11-04,SZ000983,山西焦煤,7.27,68009198,4640213529,5677101059,4127252.469893
2025-11-04,SZ000099,中信海直,21.9,9729453,775770137,775770137,1698936.60003
2025-11-04,SZ000993,闽东电力,11.67,29969106,439747572,457951455,534429.347985
2025-11-04,SH600279,重庆港,5.52,12080450,1186866283,1186866283,655150.188216
2025-11-04,SZ000997,新 大 陆,26.99,11865889,1007439381,1013097915,2734351.272585
2025-11-04,SH600298,安琪酵母,37.32,9381068,857150471,868058471,3239594.213772
2025-11-04,SH600265,ST景谷,21.36,2234525,129800000,129800000,277252.8
2025-11-04,SH600287,苏豪时尚,5.75,4928868,436796074,438847974,252337.58505
2025-11-04,SZ000151,中成股份,12.71,3470300,307934695,337370728,428798.195288
2025-11-04,SH600282,南钢股份,5.4,35324304,6165091011,6165091011,3329149.14594
2025-11-04,SH600293,三峡新材,3.29,37128152,1160145046,1160145046,381687.720134
2025-11-04,SZ000153,丰原药业,6.73,10187320,460556222,464773722,312792.714906
2025-11-04,SH600358,ST联合,6,10602080,504936660,504936660,302961.996
2025-11-04,SH600246,万通发展,11.96,110045899,1890412476,1890412476,2260933.321296
2025-11-04,SZ000159,国际实业,6.21,19242844,480672868,480685993,298506.001653
2025-11-04,SH600280,中央商场,3.33,11497339,1128334788,1128334788,375735.484404
2025-11-04,SZ000972,*ST中基,3.85,11866930,771283579,771283579,296944.177915
2025-11-04,SH600308,华泰股份,4.5,191834544,1516870176,1516870176,682591.5792
2025-11-04,SZ000157,中联重科,8.21,66789700,7070417363,8648535236,7100447.428756
2025-11-04,SH600283,钱江水利,9.8,7272557,544167189,560824898,549608.40004
2025-11-04,SH600276,恒瑞医药,61.92,51560966,6379002274,6637199874,41097541.619808
2025-11-04,SH600285,羚锐制药,22.23,8320017,565865486,567115486,1260697.725378
2025-11-04,SZ000869,张  裕Ａ,21.45,1299530,455104295,671823900,1441062.2655
2025-11-04,SH600366,宁波韵升,13.77,24342926,1063042036,1099041051,1513379.527227
2025-11-04,SH600292,电投水电,13.78,26304986,780816890,780816890,1075965.67442
2025-11-04,SH600281,华阳新材,6.19,6790500,514402025,514402025,318414.853475
2025-11-04,SH600243,*ST海华,5.42,6533920,438850000,438850000,237856.7
2025-11-04,SZ000488,ST晨鸣,2.12,19453750,1681387372,2941456200,623588.7144
2025-11-04,SH600255,鑫科材料,3.75,37092344,1806146955,1806146955,677305.108125
2025-11-04,SH600337,美克家居,2.26,54830395,1436998137,1436998137,324761.578962
2025-11-04,SH600241,时代万恒,9.09,12709000,294302115,294302115,267520.622535
2025-11-04,SH600288,大恒科技,16.48,38069290,436800000,436800000,719846.4
2025-11-04,SH600252,中恒集团,2.78,39315088,3184163070,3195228370,888273.48686
2025-11-04,SH600422,昆药集团,13.55,5532850,756975757,756975757,1025702.150735
2025-11-04,SH600318,新力金融,9.45,10278148,512727632,512727632,484527.61224
2025-11-04,SH600333,长春燃气,7.18,41821250,609030684,609030684,437284.031112
2025-11-04,SZ000998,隆平高科,9.73,8191982,1315050546,1469448061,1429772.963353
2025-11-04,SH600019,宝钢股份,7.51,99429101,21782084749,21782084749,16358345.646499
2025-11-04,SH600302,标准股份,11.1,58955089,346009804,346009804,384070.88244
2025-11-04,SH600316,洪都航空,33.88,5603050,717114512,717114512,2429583.966656
2025-11-04,SH600038,中直股份,35.96,5301400,668935221,819893213,2948335.993948
2025-11-04,SH600016,民生银行,4.05,599789905,35462123213,43782418502,17731879.49331
2025-11-04,SH600307,酒钢宏兴,1.73,77899318,6263357424,6263357424,1083560.834352
2025-11-04,SH600368,五洲交通,4.3,21940703,1609653858,1609653858,692151.15894
2025-11-04,SH600320,振华重工,4.81,63804113,3321997661,5268353501,2534078.033981
2025-11-04,SH600328,中盐化工,7.93,15413058,1466309533,1466309533,1162783.459669
2025-11-04,SH600345,长江通信,25.73,5136100,211559297,329612132,848092.015636
2025-11-04,SH600323,瀚蓝环境,28.58,3953854,815347146,815347146,2330262.143268
2025-11-04,SZ000726,鲁  泰Ａ,7.17,10043962,588697206,817306563,586008.805671
2025-11-04,SH600339,中油工程,3.61,42585786,5583147471,5583147471,2015516.237031
2025-11-04,SH600303,曙光股份,3.88,17128602,675604211,683604211,265238.433868
2025-11-04,SH600338,西藏珠峰,13.89,42864900,914210168,914210168,1269837.923352
2025-11-04,SH600398,海澜之家,6.23,48503908,4802770296,4802770296,2992125.894408
2025-11-04,SH600399,抚顺特钢,5.42,78538601,1972100000,1972100000,1068878.2
2025-11-04,SH600336,澳柯玛,7.29,14675042,798014769,798014769,581752.766601
2025-11-04,SH600388,龙净环保,16.48,17160812,1270046293,1270046293,2093036.290864
2025-11-04,SH600309,万华化学,61.6,18933855,3130471626,3130471626,19283705.21616
2025-11-04,SH600400,红豆股份,2.66,49018432,2291371852,2291371852,609504.912632
2025-11-04,SH600369,西南证券,4.73,32972555,6645109124,6645109124,3143136.615652
2025-11-04,SH600389,江山股份,22.24,12651548,430650000,430650000,957765.6
2025-11-04,SH600378,昊华科技,30.71,11929984,1072565363,1289999620,3961588.83302
2025-11-04,SZ000725,京东方Ａ,4,498363631,36706050201,37413880464,14965552.1856
2025-11-04,SH600365,ST通葡,3.38,8251400,427280000,451280000,152532.64
2025-11-04,SH600390,五矿资本,5.85,32468920,4498065459,4498065459,2631368.293515
2025-11-04,SH600377,宁沪高速,13.86,10449286,3802183001,5037747500,6982318.035
2025-11-04,SH600326,西藏天路,12.55,94106898,1362464423,1362464423,1709892.850865
2025-11-04,SH600382,广东明珠,7.34,23628156,694408089,694408089,509695.537326
2025-11-04,SH600330,天通股份,9.78,69571323,1233434416,1233434416,1206298.858848
2025-11-04,SH600332,白云山,26.57,11810512,1405890949,1625790949,4319726.551493
2025-11-04,SH600305,恒顺醋业,8.16,10163274,1102988228,1106471528,902880.766848
2025-11-04,SH600037,歌华有线,8.19,14942055,1391777884,1391777884,1139866.086996
2025-11-04,SH600033,福建高速,3.79,149703446,2744400000,2744400000,1040127.6
2025-11-04,SH600386,北巴传媒,4.92,12560400,806400000,806400000,396748.8
2025-11-04,SH600312,平高电气,17.97,47897830,1356921309,1356921309,2438387.592273
2025-11-04,SH600558,大西洋,6.09,34553798,897604831,897604831,546641.342079
2025-11-04,SH600272,开开实业,13.5,4237000,160000000,262651945,354580.12575
2025-11-04,SH600550,保变电气,9.01,117431274,1841528480,1841528480,1659217.16048
2025-11-04,SH600310,广西能源,3.97,13423980,1465710722,1465710722,581887.156634
2025-11-04,SH600335,国机汽车,6.32,11930300,1495788692,1495788692,945338.453344
2025-11-04,SH600250,南京商旅,10.58,11315831,310593879,310593879,328608.323982
2025-11-04,SH600010,包钢股份,2.8,2513930847,31380798287,45288619348,12680813.41744
2025-11-04,SH600376,首开股份,6.17,140272207,2579565242,2579565242,1591591.754314
2025-11-04,SH600315,上海家化,24.23,6526882,672225980,672225980,1628803.54954
2025-11-04,SH600360,*ST华微,8.28,13787050,960295304,960295304,795124.511712
2025-11-04,SH600518,康美药业,2.06,232598078,13822352188,13828896690,2848752.71814
2025-11-04,SH600367,红星发展,16.12,10738300,321973182,341130902,549903.014024
2025-11-04,SH600319,亚星化学,8.9,0,387709384,387709384,345061.35176
2025-11-04,SH600396,华电辽能,3.19,11831500,1472706817,1472706817,469793.474623
2025-11-04,SH600363,联创光电,59.51,13145711,453514450,453514450,2698864.49195
2025-11-04,SH600383,金地集团,3.91,46166998,4514583572,4514583572,1765202.176652
2025-11-04,SH600356,恒丰纸业,9.29,5987288,298731378,298731378,277521.450162
2025-11-04,SH600295,鄂尔多斯,11.22,17900937,1975576254,2798776254,3140226.956988
2025-11-04,SH600381,*ST春天,4.86,7482500,587060741,587060741,285311.520126
2025-11-04,SH600588,用友网络,15.58,60688979,3416997409,3416997409,5323681.963222
2025-11-04,SH600568,ST中珠,2.03,11277200,1669067279,1992869681,404552.545243
2025-11-04,SH600528,中铁工业,8.36,14972569,2221551588,2221551588,1857217.127568
2025-11-04,SH600395,盘江股份,5.11,23322982,2146624894,2146624894,1096925.320834
2025-11-04,SH600329,达仁堂,45.18,8413768,567089356,770094356,3479286.300408
2025-11-04,SH600380,健康元,12.04,13172332,1829453386,1829453386,2202661.876744
2025-11-04,SH600589,大位科技,7.1,33470550,1478469890,1484669890,1054115.6219
2025-11-04,SH600468,百利电气,7.14,54881184,1087735321,1087735321,776643.019194
2025-11-04,SH600501,航天晨光,22.45,6516274,427702200,427824200,960465.329
2025-11-04,SH600488,津药药业,4.32,9781753,1091886680,1091886680,471695.04576
2025-11-04,SH600419,天润乳业,9.75,4326102,315510787,315510787,307623.017325
2025-11-04,SH600530,交大昂立,8.36,6303700,774920000,774920000,647833.12
2025-11-04,SH600028,中国石化,5.58,164460085,94841824851,121177613698,67617108.443484
2025-11-04,SH600569,安阳钢铁,2.61,131667410,2872421386,2872421386,749701.981746
2025-11-04,SH600346,恒力石化,17.58,17731726,7039099786,7039099786,12374737.423788
2025-11-04,SH600566,济川药业,25.24,4487264,917378960,920660660,2323747.50584
2025-11-04,SH600498,烽火通信,23.81,25336929,1184781938,1289212644,3069615.305364
2025-11-04,SH600418,江淮汽车,48.75,35915096,2184009791,2184009791,10647047.731125
2025-11-04,SH600539,狮头股份,10.87,3813300,230000000,230000000,250010
2025-11-04,SH600519,贵州茅台,1429,2656572,1252270215,1252270215,178949413.7235
2025-11-04,SH600599,*ST熊猫,9.99,11006921,166000000,166000000,165834
2025-11-04,SH600508,上海能源,13.51,12436431,722718000,722718000,976392.018
2025-11-04,SH600448,华纺股份,3.61,21187873,629819662,629819662,227364.897982
2025-11-04,SH600596,新安股份,9.64,19074397,1349597049,1349597049,1301011.555236
2025-11-04,SH600322,津投城开,2.61,35923176,1105700000,1105700000,288587.7
2025-11-04,SH600361,创新新材,4.6,72542000,1667006795,3756072163,1727793.19498
2025-11-04,SH600011,华能国际,8.13,60664995,10997709919,15698093359,12762549.900867
2025-11-04,SH600391,航发科技,26.4,4181300,330129367,330129367,871541.52888
2025-11-04,SH600567,山鹰国际,1.78,102009500,5815476687,5815476687,1035154.850286
2025-11-04,SH600331,宏达股份,10.34,38576801,2032000000,2641600000,2731414.4
2025-11-04,SH600548,深高速,10.35,4762377,1714425983,2537856127,2626681.091445
2025-11-04,SH600506,统一股份,25.31,21564139,147706873,192018934,485999.921954
2025-11-04,SH600523,贵航股份,14.46,3397900,404044620,404311320,584634.16872
2025-11-04,SH600520,三佳科技,26.55,4046528,158430000,158430000,420631.65
2025-11-04,SH600362,江西铜业,38.6,46764312,2075247405,3462729405,13366135.5033
2025-11-04,SH600379,宝光股份,13.21,4428500,330201564,330201564,436196.266044
2025-11-04,SH600583,海油工程,5.57,42007781,4421354800,4421354800,2462694.6236
2025-11-04,SH600585,海螺水泥,23.01,21583616,3999702579,5299302579,12193695.234279
2025-11-04,SH600509,天富能源,8.74,86108573,1374397407,1374397407,1201223.333718
2025-11-04,SH600373,中文传媒,11.09,39424349,1347358719,1367505119,1516563.176971
2025-11-04,SH600350,山东高速,9.53,10100702,4834570825,4834570825,4607345.996225
2025-11-04,SH600533,栖霞建设,2.77,29219900,1050000000,1050000000,290850
2025-11-04,SH600598,北大荒,14.58,18458449,1777679909,1777679909,2591857.307322
2025-11-04,SH600036,招商银行,43.01,134003592,20628944429,25219845601,108470555.929901
2025-11-04,SH600456,宝钛股份,31.8,6938654,477777539,477777539,1519332.57402
2025-11-04,SH600855,航天长峰,15.51,16000312,467639728,468542728,726709.771128
2025-11-04,SH600428,中远海特,7.06,42363964,2445285583,2743920395,1937207.79887
2025-11-04,SH600486,扬农化工,62.45,11628187,403988654,405398884,2531716.03058
2025-11-04,SH600833,第一医药,14.03,6151000,223086347,223086347,312990.144841
2025-11-04,SH600415,小商品城,17.45,60143621,5482860526,5483559226,9568810.84937
2025-11-04,SH600578,京能电力,4.78,44504091,6694621015,6694621015,3200028.84517
2025-11-04,SH600582,天地科技,6.1,39072000,4138588892,4138588892,2524539.22412
2025-11-04,SH600536,中国软件,52,25330010,843655895,933786584,4855690.2368
2025-11-04,SH600845,宝信软件,23.07,12576617,2133740521,2870778802,6622886.696214
2025-11-04,SH600026,中远海能,12.48,74655115,3474776395,5465220839,6820595.607072
2025-11-04,SH600505,西昌电力,14.12,17836600,364567500,364567500,514769.31
2025-11-04,SH600529,山东药玻,20.8,6112340,663614113,663614113,1380317.35504
2025-11-04,SH600496,精工钢构,4.26,34486620,1990124549,1990124549,847793.057874
2025-11-04,SH600580,卧龙电驱,44.39,102393102,1562117511,1562117511,6934239.631329
2025-11-04,SH600355,*ST精伦,3.39,19501802,492089200,492089200,166818.2388
2025-11-04,SH600510,黑牡丹,8.49,15097332,1032025457,1032025457,876189.612993
2025-11-04,SH600426,华鲁恒升,24.73,15541148,2119456552,2123219998,5250723.055054
2025-11-04,SZ000411,英特集团,11.21,5018586,322820763,521894227,585043.428467
2025-11-04,SH600327,大东方,4.79,9949740,884779518,884779518,423809.389122
2025-11-04,SH600595,中孚实业,7.14,124547828,4007905114,4007905114,2861644.251396
2025-11-04,SZ000536,华映科技,5.08,150730223,2763082516,2766032803,1405144.663924
2025-11-04,SH600818,中路股份,10.6,4671200,237957910,321447910,340734.7846
2025-11-04,SH600397,江钨装备,7.22,16384100,989959882,989959882,714751.034804
2025-11-04,SH600590,泰豪科技,9.27,13678778,843569523,852869750,790610.25825
2025-11-04,SH600503,华丽家族,3.2,28742710,1602290000,1602290000,512732.8
2025-11-04,SH600721,百花医药,8.95,9472000,384547635,384547635,344170.133325
2025-11-04,SH600593,大连圣亚,62.14,15092101,128800000,130445000,810585.23
2025-11-04,SH600561,江西长运,7.42,9212100,284476800,284476800,211081.7856
2025-11-04,SH600416,湘电股份,16.63,67531723,1325406445,1475782384,2454226.104592
2025-11-04,SH600526,菲达环保,5.64,24472978,720690073,888702840,501228.40176
2025-11-04,SH600531,豫光金铅,11.6,53682730,1090313807,1090313807,1264764.01612
2025-11-04,SH600592,龙溪股份,23.05,11703353,399553571,399553571,920970.981155
2025-11-04,SH600515,海南机场,5.43,340069106,9176012508,11425309602,6203943.113886
2025-11-04,SZ000546,金圆股份,5.2,20511201,696705206,777648262,404377.09624
2025-11-04,SH600579,中化装备,9.3,37817430,493600759,493600759,459048.70587
2025-11-04,SH600586,金晶科技,5.66,134830187,1417337700,1417337700,802213.1382
2025-11-04,SH600581,八一钢铁,4.41,30196200,1532897870,1532897870,676007.96067
2025-11-04,SH600535,天士力,15.18,10414522,1493950005,1493950005,2267816.10759
2025-11-04,SH600597,光明乳业,8.35,7925160,1378455363,1378473763,1151025.592105
2025-11-04,SH600516,方大炭素,6.49,335336608,4025970368,4025970368,2612854.768832
2025-11-04,SH600743,华远控股,2.15,24062203,2346100874,2346100874,504411.68791
2025-11-04,SH600551,时代出版,9.32,18882995,678055239,678055239,631947.482748
2025-11-04,SH600577,精达股份,10.3,101432477,2149182634,2149182634,2213658.11302
2025-11-04,SH600371,万向德农,9.12,4787893,292578000,292578000,266831.136
2025-11-04,SH600557,康缘药业,14.86,7834700,566158806,566158806,841311.985716
2025-11-04,SH600560,金自天正,18.02,5815205,223645500,223645500,403009.191
2025-11-04,SZ000875,电投绿能,6.04,79261319,3342404867,3627270626,2190871.458104
2025-11-04,SH600351,亚宝药业,6.78,12789347,700000046,700000046,474600.031188
2025-11-04,SH600587,新华医疗,15.29,11671761,604362036,606677919,927610.538151
2025-11-04,SH600853,龙建股份,4.26,21660344,1011441846,1014031746,431977.523796
2025-11-04,SH600050,中国联通,5.43,187429447,30766826127,31264425327,16976582.952561
2025-11-04,SH600499,科达制造,11.98,38068034,1917856391,1917856391,2297591.956418
2025-11-04,SH600522,中天科技,16.35,87804188,3412949652,3412949652,5580172.68102
2025-11-04,SH600559,老白干酒,16.76,9787856,909509444,914747444,1533116.716144
2025-11-04,SH600571,信雅达,17.25,12953500,457751703,466318309,804399.083025
2025-11-04,SH600549,厦门钨业,34.8,43030121,1553931980,1587585826,5524798.67448
2025-11-04,SH600552,凯盛科技,12.3,15459206,944606894,944606894,1161866.47962
2025-11-04,SH600353,旭光电子,16.2,27046812,828811159,829976239,1344561.50718
2025-11-04,SH600511,国药股份,29.67,4586300,553346424,754502998,2238610.395066
2025-11-04,SH600525,ST长园,3.53,17265396,1318780152,1318780152,465529.393656
2025-11-04,SH600563,法拉电子,116.96,3469535,225000000,225000000,2631600
2025-11-04,SZ000557,西部创业,5.17,9904487,1457916198,1458374735,753979.737995
2025-11-04,SH600458,时代新材,14.09,12046303,809749272,931180500,1312033.3245
2025-11-04,SH600512,腾达建设,2.6,29851802,1587405163,1593810979,414390.85454
2025-11-04,SH600030,中信证券,29.08,119758945,12176550974,14820546829,43098150.178732
2025-11-04,SH600759,洲际油气,2.56,688755930,4143685780,4149009280,1062146.37568
2025-11-04,SH600012,皖通高速,15.68,11559072,1165600000,1708591889,2679072.081952
2025-11-04,SH600538,国发股份,5.88,10970100,524198348,524198348,308228.628624
2025-11-04,SH600537,亿晶光电,3.95,60497000,1183715018,1183715018,467567.43211
2025-11-04,SH600562,国睿科技,27.37,12484762,1241857840,1241857840,3398964.90808
2025-11-04,SH600408,安泰集团,3.76,275568246,1006800000,1006800000,378556.8
2025-11-04,SH600576,祥源文旅,7.35,8990888,660390083,1054548440,775093.1034
2025-11-04,SH600573,惠泉啤酒,11.53,2877201,250000000,250000000,288250
2025-11-04,SH600521,华海药业,18.42,39846132,1497251442,1497251442,2757937.156164
2025-11-04,SH600370,三房巷,2.26,28147300,3896671117,3896671117,880647.672442
2025-11-04,SH600460,士兰微,30.37,52046752,1664071845,1664071845,5053786.193265
2025-11-04,SH600513,联环药业,22.94,37112674,285456270,285456270,654836.68338
2025-11-04,SH600039,四川路桥,9.7,37772556,6715566605,8695590645,8434722.92565
2025-11-04,SH600575,淮河能源,3.87,116215781,3886261065,3886261065,1503983.032155
2025-11-04,SH600375,汉马科技,7.87,107619465,1087685760,1603071367,1261617.165829
2025-11-04,SH600343,航天动力,15.28,12328174,638206348,638206348,975179.299744
2025-11-04,SH600502,安徽建工,4.77,17359061,1716533938,1716533938,818786.688426
2025-11-04,SH600481,双良节能,7.09,81716789,1873771378,1873771378,1328503.907002
2025-11-04,SH600004,白云机场,9.85,22140769,2366718283,2366718283,2331217.508755
2025-11-04,SH600459,贵研铂业,16.13,17974328,753839558,759807126,1225568.894238
2025-11-04,SH600392,盛和资源,22.51,42077072,1752826570,1752826570,3945612.60907
2025-11-04,SH600584,长电科技,39.82,71868602,1789414570,1789414570,7125448.81774
2025-11-04,SH600251,冠农股份,8.76,5666058,776993583,776993583,680646.378708
2025-11-04,SH600436,片仔癀,177.15,1776212,603317210,603317210,10687764.37515
2025-11-04,SH600409,三友化工,5.56,19025352,2064349448,2064349448,1147778.293088
2025-11-04,SH600433,冠豪高新,3.3,11952550,1750279233,1750279233,577592.14689
2025-11-04,SH600490,鹏欣资源,7.93,77195339,1992621386,2212887079,1754819.453647
2025-11-04,SH600273,嘉化能源,8.52,19051326,1356879522,1356879522,1156061.352744
2025-11-04,SH600031,三一重工,21.71,51538824,8474390037,9105988837,19769101.765127
2025-11-04,SH600435,北方导航,13.96,18701595,1511327873,1511327873,2109813.710708
2025-11-04,SH600439,瑞贝卡,3.08,47751842,1131985440,1131985440,348651.51552
2025-11-04,SH600271,航天信息,8.4,18391852,1852884638,1852884638,1556423.09592
2025-11-04,SH600423,柳化股份,3.81,10636199,798695026,798695026,304302.804906
2025-11-04,SH600475,华光环能,16.87,46855437,942885729,955965729,1612714.184823
2025-11-04,SH600425,青松建化,4.63,36921920,1378790086,1604703707,742977.816341
2025-11-04,SH600029,南方航空,6.86,46794238,12673349573,18120918309,12430949.959974
2025-11-04,SH600546,山煤国际,11.3,41172566,1982456140,1982456140,2240175.4382
2025-11-04,SH600352,浙江龙盛,10.83,72043789,3253331860,3253331860,3523358.40438
2025-11-04,SH600020,中原高速,4.66,24962335,2247371832,2247371832,1047275.273712
2025-11-04,SH600489,中金黄金,20.7,98105601,4847312564,4847312564,10033937.00748
2025-11-04,SH600480,凌云股份,12.7,22049920,1204161985,1222360477,1552397.80579
2025-11-04,SH600348,华阳股份,8.13,46627130,3607500000,3607500000,2932897.5
2025-11-04,SH600487,亨通光电,21.12,79679401,2445181125,2466734657,5209743.595584
2025-11-04,SH600547,山东黄金,34.33,49405902,3614443347,4609929525,15825888.059325
2025-11-04,SH600449,宁夏建材,13.89,19702233,478181042,478181042,664193.467338
2025-11-04,SH600858,银座股份,5.62,12016080,517548029,520066589,292277.423018
2025-11-04,SH600015,华夏银行,6.99,81162887,15387223983,15914928468,11124534.999132
2025-11-04,SH600429,三元股份,4.95,11369538,1497557426,1509176043,747042.141285
2025-11-04,SH600478,科力远,7.59,98089692,1665540916,1665540916,1264145.555244
2025-11-04,SH600507,方大特钢,6.04,33558640,2313187890,2313187890,1397165.48556
2025-11-04,SH600403,大有能源,8.55,126843308,2390812402,2390812402,2044144.60371
2025-11-04,SH600517,国网英大,6.67,116701890,5718435744,5718435744,3814196.641248
2025-11-04,SH600406,国电南瑞,24.17,54852475,7996324758,8032088259,19413557.322003
2025-11-04,SH600469,风神股份,7.04,32461867,729450871,729450871,513533.413184
2025-11-04,SH600021,上海电力,28.77,91395868,2821185445,2821185445,8116550.525265
2025-11-04,SZ000678,襄阳轴承,13.6,17497697,459611797,459611797,625072.04392
2025-11-04,SH600184,光电股份,17.58,5871775,508760826,582727468,1024434.888744
2025-11-04,SZ000826,启迪环境,2.53,179575744,1425172959,1425353248,360614.371744
2025-11-04,SZ000560,我爱我家,2.88,53667303,2255938469,2355500851,678384.245088
2025-11-04,SH600477,杭萧钢构,2.76,28454791,2368966150,2368966150,653834.6574
2025-11-04,SH600900,长江电力,28.6,104942889,24007256503,24468217716,69979102.66776
2025-11-04,SH600527,江南高纤,2.3,54258516,1731760902,1731760902,398305.00746
2025-11-04,SH600545,卓郎智能,3.03,39339361,1787912222,1787912222,541737.403266
2025-11-04,SH600476,湘邮科技,17.71,4175400,161070000,161070000,285254.97
2025-11-04,SH600570,恒生电子,30.26,42366679,1894130907,1894130907,5731640.124582
2025-11-04,SZ000851,*ST高鸿,0.38,0,1132136826,1157860020,43998.68076
2025-11-04,SH600446,金证股份,16.5,21375271,941267479,941267479,1553091.34035
2025-11-04,SH600340,华夏幸福,2.23,366497242,3893355062,3913720342,872759.636266
2025-11-04,SH600540,新赛股份,4.99,13127470,581376960,581376960,290107.10304
2025-11-04,SZ000885,城发环境,14.72,5292643,642078255,642078255,945139.19136
2025-11-04,SH600354,敦煌种业,6.47,19517575,527802080,527802080,341487.94576
2025-11-04,SH600249,两面针,6.49,32105601,550000000,550000000,356950
2025-11-04,SZ000100,TCL科技,4.25,294280733,18096745896,20800862447,8840366.539975
2025-11-04,SH600444,国机通用,20.48,35524206,146421932,146421932,299872.116736
2025-11-04,SH600325,华发股份,4.9,31612202,2752152116,2752152116,1348554.53684
2025-11-04,SH600438,通威股份,24.3,87189102,4501989837,4501989837,10939835.30391
2025-11-04,SH600452,涪陵电力,9.76,26587001,1536541654,1536541654,1499664.654304
2025-11-04,SH600470,六国化工,6.23,21833763,521600000,521600000,324956.8
2025-11-04,SH600035,楚天高速,4.15,20326995,1610115901,1610115901,668198.098915
2025-11-04,SH600479,千金药业,10.71,4935618,418507117,492210016,527156.927136
2025-11-04,SH600284,浦东建设,8.09,28010692,970256000,970256000,784937.104
2025-11-04,SH600463,空港股份,12.26,4029100,300000000,300000000,367800
2025-11-04,SH600594,益佰制药,4.3,12650800,791927400,791927400,340528.782
2025-11-04,SH600543,莫高股份,6.4,9408100,321120000,321120000,205516.8
2025-11-04,SH600405,动力源,5.85,23462976,610119397,612829588,358505.30898
2025-11-04,SH600467,好当家,2.47,51140231,1460994304,1460994304,360865.593088
2025-11-04,SH600960,渤海汽车,5.46,32011104,950515518,950515518,518981.472828
2025-11-04,SH600969,郴电国际,7.94,13436900,370050484,370050484,293820.084296
2025-11-04,SH600572,康恩贝,4.72,41272398,2518188518,2524930371,1191767.135112
2025-11-04,SH600988,赤峰黄金,28.57,39192328,1663911378,1900411178,5429474.735546
2025-11-04,SH600976,健民集团,39.37,990030,153298600,153398600,603930.2882
2025-11-04,SH600497,驰宏锌锗,6.45,87983366,5040380483,5040380483,3251045.411535
2025-11-04,SH600493,凤竹纺织,7.36,7501500,272000000,272000000,200192
2025-11-04,SH600986,浙文互联,8.98,51854543,1487374062,1487374062,1335661.907676
2025-11-04,SH600410,华胜天成,19.83,174509513,1096494683,1096494683,2174348.956389
2025-11-04,SH600985,淮北矿业,13.33,25078815,2693258709,2693258709,3590113.859097
2025-11-04,SH600990,四创电子,26.19,4618325,269012696,271075062,709945.587378
2025-11-04,SH600114,东睦股份,28.7,23031276,616383477,631383477,1812070.57899
2025-11-04,SH600980,北矿科技,23.78,4232800,187794816,189263526,450068.664828
2025-11-04,SH600992,贵绳股份,14.84,22804808,245090000,245090000,363713.56
2025-11-04,SH600993,马应龙,28.79,9122497,430307016,431053891,1241004.152189
2025-11-04,SH600967,内蒙一机,18.38,25781220,1701794667,1701794667,3127898.597946
2025-11-04,SH600491,龙元建设,3.34,14948112,1529757955,1529757955,510939.15697
2025-11-04,SH600963,岳阳林纸,4.49,18300100,1757567854,1757567854,789147.966446
2025-11-04,SH600495,晋西车轴,5.25,23667132,1208190886,1208190886,634300.21515
2025-11-04,SH600483,福能股份,10.54,45497550,2780137800,2780137800,2930265.2412
2025-11-04,SH600461,洪城环境,9.34,22086935,1284155178,1284155178,1199400.936252
2025-11-04,SH600997,开滦股份,6.51,15403351,1587799851,1587799851,1033657.703001
2025-11-04,SH600421,*ST华嵘,7.17,3489121,195600000,195600000,140245.2
2025-11-04,SH600966,博汇纸业,5.22,21908854,1336844288,1336844288,697832.718336
2025-11-04,SH600975,新五丰,6.28,11796479,1016956114,1249661740,784787.57272
2025-11-04,SH600995,南网储能,12.49,16344978,3196005805,3196005805,3991811.250445
2025-11-04,SH600420,国药现代,10.36,9863849,1341172692,1341172692,1389454.908912
2025-11-04,SH600962,国投中鲁,21.27,3816308,262210000,262210000,557720.67
2025-11-04,SH600143,金发科技,19.06,83132136,2634826028,2636612697,5025383.800482
2025-11-04,SZ002001,新 和 成,24.24,23861647,3036861928,3073421680,7449974.15232
2025-11-04,SZ002007,华兰生物,16.39,28552327,1573702879,1827456666,2995201.475574
2025-11-04,SZ002005,ST德豪,2.71,39274162,1751993158,1752424858,474907.136518
2025-11-04,SZ002003,伟星股份,10.73,6820332,1016614037,1168889653,1254218.597669
2025-11-04,SZ002008,大族激光,41.06,21408929,956724021,1029603408,4227551.593248
2025-11-04,SZ002004,华邦健康,4.89,33077936,1881619429,1979919191,968180.484399
2025-11-04,SZ002006,精工科技,20.95,20894544,519793440,519793440,1088967.2568
2025-11-04,SZ002009,天奇股份,17.49,33124732,354122569,402233207,703505.879043
2025-11-04,SH600022,山东钢铁,1.63,107948870,10698849554,10698849554,1743912.477302
2025-11-04,SZ002010,传化智联,6.24,33418543,2780979606,2787970508,1739693.596992
2025-11-04,SH600981,苏豪汇鸿,2.94,20738750,2242433192,2242433192,659275.358448
2025-11-04,SZ002012,凯恩股份,5.99,13154100,466791373,467625470,280107.65653
2025-11-04,SZ002011,盾安环境,13.54,21162289,919385442,1065436182,1442600.590428
2025-11-04,SH600982,宁波能源,4.79,35927500,1117627485,1117627485,535343.565315
2025-11-04,SH600984,建设机械,3.96,45564250,1257043925,1257043925,497789.3943
2025-11-04,SZ002015,协鑫能科,10.74,21978290,1623324614,1623324614,1743450.635436
2025-11-04,SZ002016,世荣兆业,6.62,20130120,809095632,809095632,535621.308384
2025-11-04,SZ002014,永新股份,11.25,4160149,604517085,612491866,689053.34925
2025-11-04,SZ002019,亿帆医药,12.76,13614050,841474080,1216390085,1552113.74846
2025-11-04,SZ002017,东信和平,23.62,27495650,580085882,580431909,1370980.169058
2025-11-04,SH600965,福成股份,5.24,15762387,818700955,818700955,428999.30042
2025-11-04,SH600482,中国动力,20.83,19653027,2253509214,2253509214,4694059.692762
2025-11-04,SZ002020,京新药业,18.16,7523172,723968335,861029140,1563628.91824
2025-11-04,SZ002021,中捷资源,2.74,31058360,1195437891,1195477323,327560.786502
2025-11-04,SZ002023,海特高新,12.91,25046105,740860235,740860235,956450.563385
2025-11-04,SZ002022,科华生物,6.68,5204106,514250744,514348244,343584.626992
2025-11-04,SZ002024,ST易购,1.7,15553367,9194047476,9264767618,1575010.49506
2025-11-04,SZ002025,航天电器,44.59,3600005,453863583,455425988,2030744.480492
2025-11-04,SZ002026,山东威达,15,11856200,422993749,440531939,660797.9085
2025-11-04,SH600983,惠而浦,10.31,2933600,766439000,766439000,790198.609
2025-11-04,SH600973,宝胜股份,5.54,39517926,1371366248,1371366248,759736.901392
2025-11-04,SZ002027,分众传媒,7.77,94981683,14442199726,14442199726,11221589.187102
2025-11-04,SZ002028,思源电气,142.89,18665257,606787461,778405282,11122633.074498
2025-11-04,SZ002029,七 匹 狼,9.26,55989209,665405959,705023537,652851.795262
2025-11-04,SH600987,航民股份,7.14,8179146,1020818873,1020818873,728864.675322
2025-11-04,SZ002030,达安基因,6.57,14175416,1403446032,1403446032,922064.043024
2025-11-04,SZ002031,巨轮智能,7.74,39744656,1938753591,2199395670,1702332.24858
2025-11-04,SZ002032,苏 泊 尔,47.4,1202817,800367621,801359733,3798445.13442
2025-11-04,SH600971,恒源煤电,7.23,14246646,1200004884,1200004884,867603.531132
2025-11-04,SZ002033,丽江股份,8.79,10289936,549480181,549490711,483002.334969
2025-11-04,SZ002034,旺能环境,17.26,4675734,431831194,433984982,749058.078932
2025-11-04,SH600961,株冶集团,14.59,17631603,751812398,1072872703,1565321.273677
2025-11-04,SZ002035,华帝股份,6.37,10915778,780018017,847653618,539955.354666
2025-11-04,SZ002036,联创电子,10.04,25503876,1053381404,1055371685,1059593.17174
2025-11-04,SH600979,广安爱众,4.88,34955697,1232259790,1261656994,615688.613072
2025-11-04,SZ002037,保利联合,10.24,5845820,483883566,483883566,495496.771584
2025-11-04,SZ002038,双鹭药业,7.57,13375911,851913469,1027350000,777703.95
2025-11-04,SZ000695,滨海能源,11.22,5588400,221811364,222147539,249249.538758
2025-11-04,SH600873,梅花生物,11.44,46007416,2804241650,2804241650,3208052.4476
2025-11-04,SZ000951,中国重汽,18.39,24426487,1174869360,1174869360,2160584.75304
2025-11-04,SH600862,中航高科,22.23,9889323,1393049107,1393049107,3096748.164861
2025-11-04,SH600182,S佳通,15.65,1488300,170000000,340000000,532100
2025-11-04,SH600613,神奇制药,6.52,6152300,479319978,534071628,348214.701456
2025-11-04,SH600615,鑫源智造,12.43,2907220,225149410,225624610,280451.39023
2025-11-04,SH600053,九鼎投资,19.64,11905547,433540800,433540800,851474.1312
2025-11-04,SH600027,华电国际,5.47,95888201,8510327533,11611774184,6351640.478648
2025-11-04,SZ002039,黔源电力,18.15,12527154,427556926,427558126,776017.99869
2025-11-04,SZ002040,南 京 港,12.08,48278508,485940145,487946985,589439.95788
2025-11-04,SH600970,中材国际,9.36,32228350,2251856839,2621819524,2454023.074464
2025-11-04,SZ002041,登海种业,9.51,7713876,880000000,880000000,836880
2025-11-04,SZ002042,华孚时尚,4.75,24565300,1700681355,1700681355,807823.643625
2025-11-04,SZ002043,兔 宝 宝,12.96,10084678,736121755,829754480,1075361.80608
2025-11-04,SZ002044,美年健康,5.58,84757562,3874227627,3914253923,2184153.689034
2025-11-04,SZ002045,国光电器,15.78,12163813,561832882,562483132,887598.382296
2025-11-04,SZ002046,国机精工,28.29,13374262,528786812,536266835,1517098.876215
2025-11-04,SZ000409,云鼎科技,11.44,7937769,576622592,677990505,775621.13772
2025-11-04,SZ002047,*ST宝鹰,3.39,6050123,1516171712,1516248693,514008.306927
2025-11-04,SZ002048,宁波华翔,31.41,20659931,709801383,813833122,2556249.836202
2025-11-04,SZ002049,紫光国微,80.99,20928839,849472307,849624032,6881105.035168
2025-11-04,SZ002050,三花智控,46.95,190361371,3684229033,4208925935,19760907.264825
2025-11-04,SZ000561,烽火电子,11.18,14550600,601790068,864018238,965972.390084
2025-11-04,SH600751,海航科技,4.6,73218304,2573189052,2899337783,1333695.38018
2025-11-04,SH600617,国新能源,3.53,48826149,1775542689,1929191776,681004.696928
2025-11-04,SH600892,*ST大晟,4.05,12028600,559319536,559464188,226582.99614
2025-11-04,SZ000718,苏宁环球,2.63,90097367,2282093122,3034636384,798109.368992
2025-11-04,SH600844,金煤科技,3.21,23165301,822730634,1016524240,326304.28104
2025-11-04,SZ000552,甘肃能化,2.64,57599713,3725777647,5351809306,1412877.656784
2025-11-04,SZ002051,中工国际,8.52,7933040,1237337717,1237408937,1054272.414324
2025-11-04,SH601001,晋控煤业,15.53,41591985,1673700000,1673700000,2599256.1
2025-11-04,SZ002053,云南能投,12.13,6107100,920722939,920729464,1116844.839832
2025-11-04,SZ002052,同洲电子,14.9,28726524,689387155,752439694,1121135.14406
2025-11-04,SH601988,中国银行,5.73,408813179,210765514846,322212411814,184627711.969422
2025-11-04,SZ002055,ST得润,7.4,16408050,593990017,604490017,447322.61258
2025-11-04,SZ002054,德美化工,8.31,38531357,384375669,482115452,400637.940612
2025-11-04,SH600048,保利发展,7.21,141893065,11970443418,11970443418,8630689.704378
2025-11-04,SH601006,大秦铁路,5.75,93152550,20147177716,20147177716,11584627.1867
2025-11-04,SZ002056,横店东磁,20.59,28061004,1625031609,1626712074,3349400.160366
2025-11-04,SZ002057,中钢天源,10.39,23140683,753424916,753883706,783285.170534
2025-11-04,SZ002058,*ST威尔,24.68,2896900,143117781,143448332,354030.483376
2025-11-04,SZ002060,广东建工,3.83,23950000,1562814660,3754393242,1437932.611686
2025-11-04,SZ002059,云南旅游,5.49,26901655,983046058,1012434813,555826.712337
2025-11-04,SZ002061,浙江交科,4.18,27567480,2599137900,2670551430,1116290.49774
2025-11-04,SZ002062,宏润建设,10.71,67234099,1124694023,1237270889,1325117.122119
2025-11-04,SH601111,中国国航,8.1,69359763,11638109474,17448421000,14133221.01
2025-11-04,SZ002066,瑞泰科技,17.15,6320190,231000000,234907000,402865.505
2025-11-04,SZ002063,远光软件,6.57,44722977,1758753234,1905096000,1251648.072
2025-11-04,SZ002064,华峰化学,8.91,19550398,4948575572,4962543897,4421626.612227
2025-11-04,SZ002065,东华软件,10.56,132805519,2907921649,3205482375,3384989.388
2025-11-04,SZ002068,黑猫股份,9.84,9855501,735005821,735345196,723579.672864
2025-11-04,SZ002067,景兴纸业,6.25,120831702,1337603853,1474853853,921783.658125
2025-11-04,SH601699,潞安环能,15.41,43717595,2991409200,2991409200,4609761.5772
2025-11-04,SZ002069,獐子岛,3.91,11518053,710216194,711112194,278044.867854
2025-11-04,SH601588,北辰实业,1.91,45507610,2660000000,3367020000,643100.82
2025-11-04,SH600017,日照港,3.21,32879962,3075653888,3075653888,987284.898048
2025-11-04,SZ002073,软控股份,8.61,23068944,1009540473,1019726423,877984.450203
2025-11-04,SZ002072,凯瑞德,7.48,5067000,296637200,367680000,275024.64
2025-11-04,SZ002074,国轩高科,42.19,54847388,1727564061,1805457485,7617225.129215
2025-11-04,SZ002076,*ST星光,2.23,123996500,1042274232,1109124491,247334.761493
2025-11-04,SH601398,工商银行,8.13,441097605,269612212539,356406257089,289758287.013357
2025-11-04,SZ002078,太阳纸业,14.2,14216395,2777395188,2794535119,3968239.86898
2025-11-04,SZ002079,苏州固锝,10.17,15703736,809671778,810432616,824209.970472
2025-11-04,SZ002077,大港股份,17.19,36416758,580348513,580348513,997619.093847
2025-11-04,SZ002081,金 螳 螂,3.38,26495934,2644604889,2655323689,897499.406882
2025-11-04,SZ002082,万邦德,14.38,24732545,553252922,611689055,879608.86109
2025-11-04,SZ002080,中材科技,31.03,29359968,1678123584,1678123584,5207217.481152
2025-11-04,SH601666,平煤股份,8.63,36329207,2469357013,2469357013,2131055.102219
2025-11-04,SZ002084,海鸥住工,4.09,56203790,644634442,646056040,264236.92036
2025-11-04,SZ002083,孚日股份,5.84,75533930,946325512,946639012,552837.183008
2025-11-04,SZ002086,东方海洋,2.6,24295700,1581286037,1958946500,509326.09
2025-11-04,SZ002085,万丰奥威,16.86,37761050,2123297520,2123297520,3579879.61872
2025-11-04,SZ002088,鲁阳节能,11.62,2762079,505791378,513122586,596248.444932
2025-11-04,SH601872,招商轮船,8.34,198496603,8074538502,8074538502,6734165.110668
2025-11-04,SZ002092,中泰化学,4.67,20647400,2575610517,2590019517,1209539.114439
2025-11-04,SZ002091,江苏国泰,9.16,39873652,1597258700,1627639425,1490917.7133
2025-11-04,SZ002090,金智科技,11.7,17840840,396017512,400577071,468675.17307
2025-11-04,SZ002095,生 意 宝,20.31,4523172,251708415,252720000,513274.32
2025-11-04,SZ002093,国脉科技,11.44,22103075,1006649700,1007500000,1152580
2025-11-04,SZ002094,青岛金王,8.14,57660824,690453549,690897549,562390.604886
2025-11-04,SH601991,大唐发电,3.63,113676103,12396089106,18506710504,6717935.912952
2025-11-04,SZ002096,易普力,13.87,7605600,700943763,1240440770,1720491.34799
2025-11-04,SZ002097,山河智能,13.2,34292033,1072699139,1074617264,1418494.78848
2025-11-04,SZ002098,浔兴股份,9.08,7853908,357988750,358000000,325064
2025-11-04,SH601333,广深铁路,3.02,89283201,5652237000,7083537000,2139228.174
2025-11-04,SZ002100,天康生物,7.4,19662613,1365251515,1365251515,1010286.1211
2025-11-04,SZ002099,海翔药业,6.24,51674766,1615697863,1618715253,1010078.317872
2025-11-04,SZ002102,能特科技,3.76,33411400,2172883984,2475626790,930835.67304
2025-11-04,SZ002101,广东鸿图,13.16,17724650,662212199,664376239,874319.130524
2025-11-04,SH601628,中国人寿,43.43,13916265,20823530000,28264705000,122753613.815
2025-11-04,SZ002103,广博股份,9.76,9951791,380232688,534272953,521450.402128
2025-11-04,SZ002104,恒宝股份,21.08,47697002,599680004,708320154,1493138.884632
2025-11-04,SZ002105,信隆健康,7.14,7421962,364471975,368060000,262794.84
2025-11-04,SZ002106,莱宝高科,11.18,9578100,704100908,705816160,789102.46688
2025-11-04,SZ002108,沧州明珠,4.75,149019647,1647498206,1648598206,783084.14785
2025-11-04,SZ002107,沃华医药,6.21,5062320,569616650,577209600,358447.1616
2025-11-04,SZ002110,三钢闽光,4.6,51423180,2429076227,2429076227,1117375.06442
2025-11-04,SZ002111,威海广泰,10.23,4790560,481248820,532008275,544244.465325
2025-11-04,SH601002,晋亿实业,5.06,7945901,954440720,954440720,482947.00432
2025-11-04,SZ002109,兴化股份,3.74,20085602,1276269851,1276269851,477324.924274
2025-11-04,SH601166,兴业银行,21.14,168489305,21162851947,21162851947,44738269.015958
2025-11-04,SZ002112,三变科技,14.55,96879413,262080000,294131282,427961.01531
2025-11-04,SZ002116,中国海诚,10.67,6585851,457524112,466056258,497282.027286
2025-11-04,SZ002115,三维通信,11.21,64659750,752195532,810991332,909121.283172
2025-11-04,SZ002114,罗平锌电,8.18,10951600,323390823,323395267,264537.328406
2025-11-04,SH601003,柳钢股份,5.42,31340600,2562793200,2562793200,1389033.9144
2025-11-04,SH601005,重庆钢铁,1.52,164071400,8313636567,8851763767,1345468.092584
2025-11-04,SH601318,中国平安,58.94,51812600,10660065083,18107641995,106726441.91853
2025-11-04,SZ002117,东港股份,11.73,6094369,523554680,523720955,614324.680215
2025-11-04,SZ002119,康强电子,18.08,14821853,375284000,375284000,678513.472
2025-11-04,SZ002120,韵达股份,7.32,19008102,2815128806,2899200219,2122214.560308
2025-11-04,SZ002121,科陆电子,8.92,81062477,1399922404,1660816688,1481448.485696
2025-11-04,SZ002122,ST汇洲,3.23,4380600,1988219088,2001500575,646484.685725
2025-11-04,SZ002123,梦网科技,12.37,11555907,720068768,805420590,996305.26983
2025-11-04,SZ000650,仁和药业,6.25,16046100,1331385834,1399938234,874961.39625
2025-11-04,SZ002124,天邦食品,2.88,28129820,1972354648,2221933832,639916.943616
2025-11-04,SZ002125,湘潭电化,14.21,22133775,629481713,629481713,894493.514173
2025-11-04,SH601007,金陵饭店,7.5,7419720,390000000,390000000,292500
2025-11-04,SZ002127,南极电商,3.56,30182450,1994732997,2454870403,873933.863468
2025-11-04,SZ002128,电投能源,25.77,16902589,2241573493,2241573493,5776534.891461
2025-11-04,SZ002126,银轮股份,34.96,28829699,792570004,843650301,2949401.452296
2025-11-04,SZ002130,沃尔核材,27.18,39164665,1144511751,1259898562,3424404.291516
2025-11-04,SZ002129,TCL中环,9.49,111643411,4040039793,4043115773,3836916.868577
2025-11-04,SH601008,连云港,5.71,27140630,1240638006,1240638006,708404.301426
2025-11-04,SZ002132,恒星科技,3.75,24834700,1399482156,1401544698,525579.26175
2025-11-04,SZ002131,利欧股份,5.39,391663212,5849723957,6771778703,3649988.720917
2025-11-04,SZ002133,广宇集团,3.58,16686960,769870201,774144175,277143.61465
2025-11-04,SH601998,中信银行,8.12,90733597,40762999287,55645162264,45183871.758368
2025-11-04,SZ000880,潍柴重机,29.55,15243458,227026800,463848840,1370673.3222
2025-11-04,SZ000338,潍柴动力,15.77,245771979,4985166147,8713581296,13741317.703792
2025-11-04,SH601600,中国铝业,9.85,377335607,13165622419,17155632078,16898297.59683
2025-11-04,SH601328,交通银行,7.39,228439366,26072439569,88363784223,65300836.540797
2025-11-04,SZ002134,天津普林,23.15,36950778,245697256,245849768,569142.21292
2025-11-04,SZ002135,东南网架,4.77,14114115,1043867495,1115517913,532102.044501
2025-11-04,SZ002136,安 纳 达,11.84,9754400,214455760,215020000,254583.68
2025-11-04,SZ002137,实益达,9.21,19689961,396458731,577504854,531881.970534
2025-11-04,SZ002138,顺络电子,37.85,24367022,756508622,806318354,3051914.96989
2025-11-04,SH601919,中远海控,15.03,73342365,12609935239,15489754739,23281101.372717
2025-11-04,SZ002139,拓邦股份,13.67,15733758,1071009944,1246834988,1704423.428596
2025-11-04,SZ002140,东华科技,12.61,48351626,543441443,708013872,892805.492592
2025-11-04,SH601168,西部矿业,22.51,41562224,2383000000,2383000000,5364133
2025-11-04,SZ002142,宁波银行,28.85,30956143,6599887366,6603590792,19051359.43492
2025-11-04,SH601009,南京银行,11.58,52524568,12363567245,12363567245,14317010.86971
2025-11-04,SZ002141,贤丰控股,3.89,18123600,1018970875,1032935798,401812.025422
2025-11-04,SZ002144,宏达高科,13.4,3642900,137644276,176762528,236861.78752
2025-11-04,SZ002145,钛能化学,5.35,73741166,3728872889,3806672183,2036569.617905
2025-11-04,SZ002146,荣盛发展,1.66,254964283,3911521351,4348163851,721795.199266
2025-11-04,SZ002150,正泰电源,20.69,39049250,358517478,363234553,751532.290157
2025-11-04,SZ002148,北纬科技,9.64,17235200,449317611,558987330,538863.78612
2025-11-04,SZ002149,西部材料,17.7,11954914,488139274,488214274,864139.26498
2025-11-04,SZ002151,北斗星通,30.23,9250661,442818862,542910913,1641219.689999
2025-11-04,SZ002153,石基信息,9.63,22396820,1599763804,2729193841,2628213.668883
2025-11-04,SZ002152,广电运通,12.8,19528046,2482133713,2483382898,3178730.10944
2025-11-04,SZ002156,通富微电,40.88,68073834,1517452222,1517596912,6203936.176256
2025-11-04,SZ002155,湖南黄金,20.53,47372080,1562510257,1562651316,3208123.151748
2025-11-04,SZ002154,报 喜 鸟,3.97,33703300,1179772578,1459333729,579355.490413
2025-11-04,SZ002157,正邦科技,2.92,58247400,7221617773,9250162589,2701047.475988
2025-11-04,SZ002159,三特索道,15.39,3310600,138472563,177301325,272866.739175
2025-11-04,SZ002158,汉钟精机,23.9,8046132,533587149,534724139,1277990.69221
2025-11-04,SZ002160,常铝股份,5.74,203583612,793530298,1032781167,592816.389858
2025-11-04,SZ002161,远 望 谷,8,21554400,704742622,739757400,591805.92
2025-11-04,SZ002164,宁波东力,13.45,21697670,479775218,532173689,715773.611705
2025-11-04,SZ002163,海南发展,15.02,174441812,803548875,844957867,1269126.716234
2025-11-04,SZ002162,悦心健康,4.48,24876985,918494121,919700965,412026.03232
2025-11-04,SZ002167,东方锆业,12.89,27246371,757401963,774673300,998553.8837
2025-11-04,SZ002166,莱茵生物,8.06,7200269,736491425,741609425,597737.19655
2025-11-04,SZ002165,红 宝 丽,8.41,19499662,727629496,735269837,618361.932917
2025-11-04,SZ002168,*ST惠程,4.06,4572600,784163368,784163368,318370.327408
2025-11-04,SZ002170,芭田股份,10.82,33875322,784589525,967669957,1047018.893474
2025-11-04,SZ002169,智光电气,8.95,93527939,758673967,782704094,700520.16413
2025-11-04,SH601169,北京银行,5.75,244053320,21142984272,21142984272,12157215.9564
2025-11-04,SZ002172,澳洋健康,4.38,19746800,765271980,765732360,335390.77368
2025-11-04,SZ002171,楚江新材,12.93,144645453,1613741470,1622937872,2098458.668496
2025-11-04,SZ002174,游族网络,12.87,37016600,982803242,983355167,1265578.099929
2025-11-04,SZ002173,创新医疗,24.19,60225328,416304443,441284352,1067466.847488
2025-11-04,SH601939,建设银行,9.55,158653100,9593657606,261600381459,249828364.293345
2025-11-04,SH601808,中海油服,14.54,13542092,2960468000,4771592000,6937894.768
2025-11-04,SH601088,中国神华,43.52,22824364,16491037955,19868519955,86467798.84416
2025-11-04,SZ002176,江特电机,10.84,147619099,1706019116,1706325581,1849656.929804
2025-11-04,SZ002175,东方智造,4.44,31853380,1276780727,1276780727,566890.642788
2025-11-04,SH600629,华建集团,24.01,79637971,953117050,970338659,2329783.120259
2025-11-04,SZ002179,中航光电,34.94,14919996,2080708850,2118271050,7401239.0487
2025-11-04,SZ002177,御银股份,7.27,24128731,674918963,761191294,553386.070738
2025-11-04,SZ002178,延华智能,6.82,21594877,711783158,712153001,485688.346682
2025-11-04,SH601857,中国石油,9.57,169633164,161922077818,183020977818,175151075.771826
2025-11-04,SZ002182,宝武镁业,13.7,20862424,865512461,991791553,1358754.42761
2025-11-04,SZ002183,怡 亚 通,5.04,51602603,2596994091,2597009091,1308892.581864
2025-11-04,SZ002180,纳思达,22.1,16951169,1359774795,1421878923,3142352.41983
2025-11-04,SZ002184,海得控制,14.9,14778969,240371504,351908370,524343.4713
2025-11-04,SZ002181,粤 传 媒,12.75,78333149,1134520181,1161058174,1480349.17185
2025-11-04,SZ002185,华天科技,12.01,95565228,3228418900,3229160776,3878222.091976
2025-11-04,SZ002186,全 聚 德,11.6,5446990,306511338,306921588,356029.04208
2025-11-04,SZ002188,中天服务,6.32,10748000,257363007,327103864,206729.642048
2025-11-04,SZ002187,广百股份,6.5,18008200,700894633,700894633,455581.51145
2025-11-04,SZ002190,成飞集成,41.06,10354935,358729343,358729343,1472942.682358
2025-11-04,SZ002189,中光学,23.48,5630700,261159921,261199273,613295.893004
2025-11-04,SH601390,中国中铁,5.62,90957528,20474857941,24741008919,13904447.012478
2025-11-04,SZ002191,劲嘉股份,4.59,42944491,1440514711,1451778834,666366.484806
2025-11-04,SZ002192,融捷股份,44.86,17524768,259120228,259655203,1164813.240658
2025-11-04,SZ002193,如意集团,5.85,7736200,261714050,261715550,153103.59675
2025-11-04,SZ002194,武汉凡谷,12.54,9674776,510893775,683285806,856840.400724
2025-11-04,SZ002196,方正电机,11.23,91116980,488285407,495871930,556864.17739
2025-11-04,SZ002195,岩山科技,7.68,213608147,5601261712,5670554696,4354986.006528
2025-11-04,SH601866,中远海发,2.65,124901283,9751983820,13197655820,3497378.7923
2025-11-04,SZ002198,嘉应制药,6.54,6344100,507480748,507509848,331911.440592
2025-11-04,SZ002197,证通电子,10.23,11919780,534000012,614362928,628493.275344
2025-11-04,SH601918,新集能源,7.39,44768366,2590541800,2590541800,1914410.3902
2025-11-04,SZ002199,*ST东晶,9.9,2933500,243442363,243442363,241007.93937
2025-11-04,SZ002200,*ST交投,7.65,2867100,184132890,184132890,140861.66085
2025-11-04,SH601999,出版传媒,7.45,7210301,550914700,550914700,410431.4515
2025-11-04,SH601601,中国太保,35.43,31798176,6845041455,9620341455,34084869.775065
2025-11-04,SZ002202,金风科技,16.22,153944948,3355317179,4225067647,6853059.723434
2025-11-04,SZ002201,九鼎新材,8.45,19590088,602023420,651636241,550632.623645
2025-11-04,SH601099,太平洋,4.45,114449620,6816316370,6816316370,3033260.78465
2025-11-04,SZ002203,海亮股份,10.78,33094591,2212141269,2291755274,2470512.185372
2025-11-04,SZ002204,大连重工,6.43,30558738,1931370032,1931370032,1241870.930576
2025-11-04,SZ002205,国统股份,14.96,17904892,185843228,185843228,278021.469088
2025-11-04,SZ002206,海 利 得,5.69,29197500,853016686,1162207220,661295.90818
2025-11-04,SZ002207,准油股份,8.22,14909001,260805950,262055378,215409.520716
2025-11-04,SZ002208,合肥城建,12.43,135821178,803084383,803291894,998491.824242
2025-11-04,SZ002209,达 意 隆,13.34,10328100,156403784,199029050,265504.7527
2025-11-04,SZ002210,飞马国际,4.63,586440615,2656256674,2661232774,1232150.774362
2025-11-04,SZ002212,天融信,11.08,152992186,1166849933,1179453879,1306834.897932
2025-11-04,SH601898,中煤能源,14.35,38058703,9152000400,13258663400,19026181.979
2025-11-04,SZ002211,ST宏达,3.8,16880200,432475779,432475779,164340.79602
2025-11-04,SZ002213,大为股份,26.81,71329970,206588254,237337830,636302.72223
2025-11-04,SZ002214,*ST大立,14.7,2897060,479018901,599237935,880879.76445
2025-11-04,SZ002215,诺 普 信,12.8,24989991,785642022,1005191310,1286644.8768
2025-11-04,SZ002217,合力泰,3.42,368566405,5680337391,7479398928,2557954.433376
2025-11-04,SZ002216,三全食品,11.39,9002466,630256229,879184048,1001390.630672
2025-11-04,SZ002218,拓日新能,3.74,28034800,1392398249,1413020549,528469.685326
2025-11-04,SZ002219,新里程,2.28,52493494,3272043720,3387381753,772323.039684
2025-11-04,SZ002221,东华能源,8.19,7824900,1460875112,1576127767,1290848.641173
2025-11-04,SH601186,中国铁建,7.97,36675879,11503245500,13579541500,10822894.5755
2025-11-04,SZ002222,福晶科技,44.42,8433461,468151714,470250000,2088850.5
2025-11-04,SZ000592,平潭发展,8.57,374394453,1915092449,1931780892,1655536.224444
2025-11-04,SH601958,金钼股份,14.28,31078559,3226604400,3226604400,4607591.0832
2025-11-04,SZ002223,鱼跃医疗,35.12,6871311,940158164,1002476929,3520698.974648
2025-11-04,SZ002225,濮耐股份,5.85,22505022,974176845,1159239147,678154.900995
2025-11-04,SZ002224,三 力 士,4.53,17279570,806380369,902116324,408658.694772
2025-11-04,SH601899,紫金矿业,28.78,268031747,20587938340,26577543340,76490169.73252
2025-11-04,SZ002227,奥 特 迅,13.23,5706121,245936766,247806170,327847.56291
2025-11-04,SZ002226,江南化工,6.23,23763420,2648869368,2648922855,1650278.938665
2025-11-04,SZ002228,合兴包装,3.57,45026873,1209321709,1213385629,433178.669553
2025-11-04,SZ002229,鸿博股份,17.95,42781895,493164301,496191488,890663.72096
2025-11-04,SZ002232,启明信息,19.59,6726793,408548455,408548455,800346.423345
2025-11-04,SZ002230,科大讯飞,54.09,56357496,2189095501,2311692581,12503945.170629
2025-11-04,SZ002231,*ST奥维,3.42,36287890,307825717,346850017,118622.705814
2025-11-04,SZ002235,安妮股份,7.6,45816666,553578302,579572284,440474.93584
2025-11-04,SZ002234,民和股份,9.16,5403387,301408639,348960212,319647.554192
2025-11-04,SZ002233,塔牌集团,8.6,23191549,1191484966,1192275016,1025356.51376
2025-11-04,SZ002236,大华股份,20.22,53776626,2112048730,3282842254,6637907.037588
2025-11-04,SZ002237,恒邦股份,12.85,31249240,910521545,1148135945,1475354.689325
2025-11-04,SZ002241,歌尔股份,31.81,79501052,3084319307,3491497159,11106452.462779
2025-11-04,SZ002239,奥特佳,3.2,85835308,3265082896,3308833844,1058826.83008
2025-11-04,SZ002240,盛新锂能,23.87,75970600,866277805,915293872,2184806.472464
2025-11-04,SZ002238,天威视讯,8.84,14091228,802559160,802559160,709462.29744
2025-11-04,SZ002243,力合科创,9.14,16606929,1204142290,1210604219,1106492.256166
2025-11-04,SZ002242,九阳股份,9.64,3643323,761705700,763017000,735548.388
2025-11-04,SZ002244,滨江集团,10.26,22667122,2685899365,3111443890,3192341.43114
2025-11-04,SZ002245,蔚蓝锂芯,18.01,44544520,1084940857,1153587037,2077610.253637
2025-11-04,SZ002246,北化股份,19.94,15327008,549034794,549034794,1094775.379236
2025-11-04,SZ002247,聚力文化,3.17,49087200,643540672,850870049,269725.805533
2025-11-04,SZ002248,华东数控,13.66,50611316,307495600,307495600,420038.9896
2025-11-04,SZ002249,大洋电机,11.9,132186771,1829754153,2442421982,2906482.15858
2025-11-04,SZ002250,联化科技,12,70677983,906534156,911333117,1093599.7404
2025-11-04,SZ002251,步步高,5.22,88639223,2152472119,2688699689,1403501.237658
2025-11-04,SZ002252,上海莱士,6.75,24263324,6634489612,6637984837,4480639.764975
2025-11-04,SZ002253,*ST智胜,10.44,4829850,208304044,225626095,235553.64318
2025-11-04,SZ002254,泰和新材,9.99,9770648,818818320,857213183,856355.969817
2025-11-04,SZ002256,兆新股份,3.22,204121295,1951093547,1993944778,642050.218516
2025-11-04,SZ002255,海陆重工,10.8,95999558,637972243,830881055,897351.5394
2025-11-04,SH600703,三安光电,13.61,41021483,4989018727,4989018727,6790054.487447
2025-11-04,SH600745,闻泰科技,44.83,121294572,1244622083,1244622083,5579640.798089
2025-11-04,SZ002258,利尔化学,12.28,18455649,799150345,800437228,982936.915984
2025-11-04,SZ002259,升达林业,4.19,9497300,752328267,752328267,315225.543873
2025-11-04,SZ002262,恩华药业,24.17,9971343,883908476,1015786583,2455156.171111
2025-11-04,SZ002261,拓维信息,34.12,41609054,1145652281,1259831474,4298544.989288
2025-11-04,SZ002263,大东南,3.66,62481000,1878345100,1878360100,687479.7966
2025-11-04,SZ002264,新 华 都,7.11,32495522,654782810,719811300,511785.8343
2025-11-04,SZ002266,浙富控股,4.66,451368352,4896801048,5219271402,2432180.473332
2025-11-04,SZ002265,建设工业,28.53,10072300,403097025,1033040407,2947264.281171
2025-11-04,SZ002268,电科网安,18.06,11145300,845297908,845636083,1527218.765898
2025-11-04,SZ002267,陕天然气,8.23,7954765,1112075445,1112075445,915238.091235
2025-11-04,SH601766,中国中车,7.63,121181858,24327798048,28698864088,21897233.299144
2025-11-04,SZ002269,美邦服饰,2.25,232867276,2512500000,2512500000,565312.5
2025-11-04,SZ002270,华明装备,26.02,21925265,896206281,896225431,2331978.571462
2025-11-04,SZ002271,东方雨虹,12.54,40921740,1914981623,2388699866,2995429.631964
2025-11-04,SZ002273,水晶光电,24.58,27432234,1362211854,1390632221,3418173.999218
2025-11-04,SZ002272,川润股份,15.93,31321905,386492848,484877300,772409.5389
2025-11-04,SZ002274,华昌化工,6.32,9459300,937849130,952364646,601894.456272
2025-11-04,SH601727,上海电气,9.4,344586817,12615639636,15540121636,14607714.33784
2025-11-04,SH600248,陕建股份,3.81,17605631,3705739286,3739735286,1424839.143966
2025-11-04,SH600734,实达集团,3.72,104520629,2177853106,2178303106,810328.755432
2025-11-04,SH600259,中稀有色,52.07,5907299,336435910,336435910,1751821.78337
2025-11-04,SH600187,国中水务,2.8,22936490,1613781103,1613781103,451858.70884
2025-11-04,SZ000506,招金黄金,11.85,28651200,928584361,929017761,1100886.046785
2025-11-04,SZ000638,*ST万方,7.9,58784736,310145601,311386551,245995.37529
2025-11-04,SZ000631,顺发恒能,3.14,15390500,2395279084,2395279084,752117.632376
2025-11-04,SZ002276,万马股份,19.7,176042189,1007131871,1014289836,1998150.97692
2025-11-04,SZ002275,桂林三金,15.16,3617601,559041316,587568600,890753.9976
2025-11-04,SZ002277,友阿股份,6.68,27195606,1394172800,1394172800,931307.4304
2025-11-04,SH601107,四川成渝,6.12,40754445,2162740000,3058060000,1871532.72
2025-11-04,SH601668,中国建筑,5.44,244901979,41320390444,41320390444,22478292.401536
2025-11-04,SZ002278,神开股份,12.44,50456664,333996661,363909648,452703.602112
2025-11-04,SZ002279,久其软件,7.93,73492923,789727349,862206871,683730.048703
2025-11-04,SH601788,光大证券,18.52,20805259,3906698839,4610787639,8539178.707428
2025-11-04,SZ002282,博深股份,7.46,6778200,505007638,526838348,393021.407608
2025-11-04,SZ002283,天润工业,6.31,11918000,1003526429,1139457178,718997.479318
2025-11-04,SZ002281,光迅科技,60.8,20061063,779638234,806851752,4905658.65216
2025-11-04,SZ002286,保龄宝,9.79,5136900,369552130,380567380,372575.46502
2025-11-04,SZ002287,奇正藏药,25.28,2548227,570989795,572118203,1446314.817184
2025-11-04,SZ002285,世联行,2.37,45349511,1975776226,1992829038,472300.482006
2025-11-04,SZ002284,亚太股份,13.77,18007419,731214173,739100348,1017741.179196
2025-11-04,SZ002290,禾盛新材,39.42,4058532,247390455,248112330,978058.80486
2025-11-04,SZ002291,遥望科技,6.98,68794329,869101510,935545353,653010.656394
2025-11-04,SZ002289,*ST宇顺,36.23,1984610,279953733,280253733,1015359.274659
2025-11-04,SZ002292,奥飞娱乐,8.82,24674717,1017868772,1478699697,1304213.132754
2025-11-04,SZ002294,信立泰,57.45,6852553,1114565736,1114816535,6404620.993575
2025-11-04,SZ002293,罗莱生活,9.54,15192245,826608069,834092481,795724.226874
2025-11-04,SZ000517,荣安地产,2,37339900,2491986416,3183922485,636784.497
2025-11-04,SZ000529,广弘控股,6.01,5599361,569884377,583790330,350857.98833
2025-11-04,SH601618,中国中冶,3.48,118435679,17852619170,20723619170,7211819.47116
2025-11-04,SZ002297,博云新材,9.16,22091167,573104819,573104819,524964.014204
2025-11-04,SZ002295,精艺股份,12.29,10221300,250294000,250616000,308007.064
2025-11-04,SZ002296,辉煌科技,10.98,7362092,347415444,389580420,427759.30116
2025-11-04,SZ002298,中电鑫龙,12.64,138389048,660653512,740110901,935500.178864
2025-11-04,SH601888,中国中免,75.45,36112710,1952475544,2068859044,15609541.48698
2025-11-04,SZ002300,太阳电缆,6.58,42943786,722270208,722333700,475295.5746
2025-11-04,SZ002299,圣农发展,16.79,7824305,1225830200,1243111721,2087184.579559
2025-11-04,SZ002301,齐心集团,6.45,11754200,717990223,721307933,465243.616785
2025-11-04,SZ300002,神州泰岳,12.13,42563804,1822520486,1967173866,2386181.899458
2025-11-04,SZ300001,特锐德,28.84,40948230,1031556106,1055537713,3044170.764292
2025-11-04,SZ300027,华谊兄弟,2.58,69483865,2484978787,2774505919,715822.527102
2025-11-04,SZ300026,红日药业,3.83,33230884,2738528478,3004154837,1150591.302571
2025-11-04,SZ300025,华星创业,6.42,11500403,506392121,508792922,326645.055924
2025-11-04,SZ300024,机器人,18.23,28998551,1539926904,1565619950,2854125.16885
2025-11-04,SZ300022,吉峰科技,8.75,10753702,494229430,494240380,432460.3325
2025-11-04,SZ300021,大禹节水,4.89,48619683,872739211,1022367469,499937.692341
2025-11-04,SZ300020,ST银江,3.85,16836280,766639584,794677974,305951.01999
2025-11-04,SZ300019,硅宝科技,22.11,15852489,337537896,393116700,869181.0237
2025-11-04,SZ300018,中元股份,11.26,52289306,449312251,485335536,546487.813536
2025-11-04,SZ300017,网宿科技,11.55,59853685,2306141629,2459449777,2840664.492435
2025-11-04,SZ300016,北陆药业,8.78,16287349,562114688,562873163,494202.637114
2025-11-04,SZ300015,爱尔眼科,12.04,62244508,7930959173,9325396670,11227777.59068
2025-11-04,SZ300014,亿纬锂能,79.28,63060971,1861454267,2045741118,16218635.583504
2025-11-04,SZ300013,新宁物流,4.48,25181799,445961553,558358894,250144.784512
2025-11-04,SZ300012,华测检测,14.43,42523341,1431769688,1682828214,2428321.112802
2025-11-04,SZ300011,鼎汉技术,8.19,19841500,507256004,558650387,457534.666953
2025-11-04,SZ300010,豆神教育,7.15,76035047,1663332582,2066612659,1477628.051185
2025-11-04,SZ300009,安科生物,10.84,38165365,1221700208,1672521258,1813013.043672
2025-11-04,SZ300008,天海防务,6.84,77938865,1647290071,1728029133,1181971.926972
2025-11-04,SZ300007,汉威科技,52.88,23704177,283295039,327445619,1731532.433272
2025-11-04,SZ300006,莱美药业,4.67,18518840,1055820898,1055911205,493110.532735
2025-11-04,SZ300005,探路者,9.63,28251782,883314286,883702186,851005.205118
2025-11-04,SZ300004,南风股份,11.58,20443700,479993598,479993598,555832.586484
2025-11-04,SZ300003,乐普医疗,17.3,45663540,1578883705,1843396367,3189075.71491
2025-11-04,SZ002302,西部建设,6.78,20915796,1262354304,1262354304,855876.218112
2025-11-04,SZ002303,美盈森,4.27,21140638,966937007,1531323685,653875.213495
2025-11-04,SZ002305,*ST南置,2.56,113524300,1734103276,1734215770,443959.23712
2025-11-04,SZ002304,洋河股份,70.56,4871900,1506409524,1506445074,10629476.442144
2025-11-04,SZ002307,北新路桥,4.96,41138437,1268291582,1268291582,629072.624672
2025-11-04,SZ002306,*ST云网,1.94,32898847,813919412,869762500,168733.925
2025-11-04,SH600854,春兰股份,5.46,10056750,519458538,519458538,283624.361748
2025-11-04,SH600999,招商证券,17.32,37393270,7422005272,8696526806,15062384.427992
2025-11-04,SZ002310,东方新能,2.52,34417650,4199049717,5999322117,1511829.173484
2025-11-04,SZ002311,海大集团,57.64,3901094,1662521303,1663749970,9589854.82708
2025-11-04,SZ002309,中利集团,3.06,20897481,1214278621,3007665385,920345.60781
2025-11-04,SZ002312,川发龙蟒,10.96,23567420,1883819198,1889338619,2070715.126424
2025-11-04,SZ002313,日海智能,11.15,7166600,374373675,374400000,417456
2025-11-04,SZ002314,南山控股,3.23,112461871,1338277264,2707782513,874613.751699
2025-11-04,SZ002315,焦点科技,48.21,9537368,202315261,317235869,1529394.124449
2025-11-04,SZ002316,亚联发展,5.57,28867500,340747500,393120000,218967.84
2025-11-04,SZ002319,乐通股份,12.92,7856802,200000000,209472510,270638.48292
2025-11-04,SZ002317,众生药业,19.74,58736525,761617406,849930477,1677762.761598
2025-11-04,SZ002318,久立特材,24.62,29065168,954957728,977170720,2405794.31264
2025-11-04,SZ002321,华英农业,3.01,88749913,2124212084,2132890071,641999.911371
2025-11-04,SZ002320,海峡股份,14,125919864,2228933187,2228933187,3120506.4618
2025-11-04,SZ002324,普利特,12.68,16642488,776275962,1112336248,1410442.362464
2025-11-04,SZ002323,雅博股份,1.82,69128294,2120381924,2120855142,385995.635844
2025-11-04,SZ002322,理工能科,12.61,3943304,365019679,379147970,478105.59017
2025-11-04,SZ002326,永太科技,18.37,53367811,808159042,925127636,1699459.467332
2025-11-04,SH601139,深圳燃气,6.76,14737310,2876741752,2876741752,1944677.424352
2025-11-04,SZ300029,*ST天龙,6.55,6845766,200360250,200506500,131331.7575
2025-11-04,SZ300030,阳普医疗,8.12,5350100,272226050,309187315,251060.09978
2025-11-04,SZ300031,宝通科技,23.4,7521403,351901892,418746695,979867.2663
2025-11-04,SZ300036,超图软件,17.35,11535934,438477777,492766617,854950.080495
2025-11-04,SZ300035,中科电气,24.54,42923250,583348130,685426671,1682037.050634
2025-11-04,SZ300034,钢研高纳,16.88,14682960,766646058,796961563,1345271.118344
2025-11-04,SZ300033,同花顺,352.01,6025431,275505581,537600000,18924057.6
2025-11-04,SZ300032,金龙机电,5.11,18584600,803169608,803169608,410419.669688
2025-11-04,SZ002328,新朋股份,6.43,25280670,570791896,771770000,496248.11
2025-11-04,SZ002327,富安娜,7.26,5619438,487745772,838245539,608566.261314
2025-11-04,SZ002331,皖通科技,8.78,9554760,395845295,428431749,376163.075622
2025-11-04,SZ002329,皇氏集团,3.65,12206298,650388924,832403985,303827.454525
2025-11-04,SZ002330,得利斯,5.02,11179783,635178715,635315290,318928.27558
2025-11-04,SH601117,中国化学,7.83,70098657,6069580762,6106877362,4781684.974446
2025-11-04,SZ300041,回天新材,12.26,31734059,544434423,559434222,685866.356172
2025-11-04,SZ300037,新宙邦,49.87,18133136,540259415,747782523,3729191.442201
2025-11-04,SZ300040,九洲集团,6.52,18886019,517376045,643410436,419503.604272
2025-11-04,SZ300039,上海凯宝,6.2,12935980,916926226,1046000000,648520
2025-11-04,SZ300042,朗科科技,29.81,19436001,200381550,200400000,597392.4
2025-11-04,SZ002332,仙琚制药,9.46,15999100,984573711,989204866,935787.803236
2025-11-04,SZ002333,罗普斯金,6.15,29130383,652563100,674924800,415078.752
2025-11-04,SZ002334,英威腾,9.02,25248751,734095565,813800600,734048.1412
2025-11-04,SZ002335,科华数据,53.53,21284791,454672644,515414041,2759011.361473
2025-11-04,SZ002338,奥普光电,52.7,4520364,240000000,240000000,1264800
2025-11-04,SZ002337,赛象科技,6.15,29715226,587996532,588615750,361998.68625
2025-11-04,SH601801,皖新传媒,6.87,18940579,1957931237,1957931237,1345098.759819
2025-11-04,SZ300049,福瑞医科,71.77,5594757,233501342,264975900,1901732.0343
2025-11-04,SZ300050,世纪鼎利,5.93,12003200,544514149,544846718,323094.103774
2025-11-04,SZ300048,合康新能,6.14,42998800,1125447982,1127759857,692444.552198
2025-11-04,SZ300047,天源迪科,16.26,29410975,546641741,637744672,1036972.836672
2025-11-04,SZ300043,星辉娱乐,6.65,120802113,1243539501,1244198401,827391.936665
2025-11-04,SZ300044,ST赛为,4.39,22773052,715378203,763869228,335338.591092
2025-11-04,SZ300045,华力创通,23.38,36078058,516313176,662675236,1549334.701768
2025-11-04,SZ300046,台基股份,37.5,6242000,236531371,236531371,886992.64125
2025-11-04,SH601877,正泰电器,28.42,30989579,2148968976,2148968976,6107369.829792
2025-11-04,SZ002340,格林美,8.01,180182473,5084385687,5124299057,4104563.544657
2025-11-04,SZ002339,积成电子,8.36,26514435,478793604,504092274,421421.141064
2025-11-04,SZ002342,巨力索具,7.97,34069318,954690000,960000000,765120
2025-11-04,SZ002343,慈文传媒,8.08,18152220,473680286,473680286,382733.671088
2025-11-04,SZ002344,海宁皮城,4.7,23074629,1281450092,1282616960,602829.9712
2025-11-04,SZ002346,柘中股份,18.16,7540000,393325028,441575416,801900.955456
2025-11-04,SZ002345,潮宏基,11.69,34170293,867290215,888512707,1038671.354483
2025-11-04,SH601179,中国西电,8.29,302843249,5125882352,5125882352,4249356.469808
2025-11-04,SZ002347,泰尔股份,7.13,11167400,493382901,504702276,359852.722788
2025-11-04,SZ002349,精华制药,7.64,12594150,814180908,829674908,633871.629712
2025-11-04,SZ002348,高乐股份,4.45,21977500,903532999,947200000,421504
2025-11-04,SZ002350,北京科锐,8.09,38629958,530551471,542331351,438746.062959
2025-11-04,SZ002351,漫步者,12.75,8087224,521056775,889107000,1133611.425
2025-11-04,SZ002352,顺丰控股,39.85,31695677,4772018674,5039430409,20082130.179865
2025-11-04,SZ002353,杰瑞股份,53.23,15674173,693243890,1023855833,5449984.599059
2025-11-04,SZ002354,天娱数科,7.17,91912038,1625931279,1654585820,1186338.03294
2025-11-04,SZ002355,兴民智通,6,15371588,618166650,668481000,401088.6
2025-11-04,SZ002356,赫美集团,3.48,17274400,1311247021,1311254521,456316.573308
2025-11-04,SH601106,中国一重,3.27,58270765,6857782927,6857782927,2242495.017129
2025-11-04,SZ002357,富临运业,11.01,22363031,313477786,313489036,345151.428636
2025-11-04,SZ002358,森源电气,5.63,57702601,929755702,929756977,523453.178051
2025-11-04,SZ300053,航宇微,13.47,13569887,650818928,696874323,938689.713081
2025-11-04,SZ300051,琏升科技,6.93,10005800,367731040,372136690,257890.72617
2025-11-04,SZ300054,鼎龙股份,34.35,10729403,734435485,944543607,3244507.290045
2025-11-04,SZ300052,ST中青宝,12.58,7853900,261851210,261858710,329418.25718
2025-11-04,SH601678,滨化股份,4.27,24021281,2029836276,2056836276,878269.089852
2025-11-04,SZ300056,中创环保,9.2,43635303,385150243,385490443,354651.20756
2025-11-04,SZ300058,蓝色光标,7.86,642357584,3480029758,3590221227,2821913.884422
2025-11-04,SZ300057,万顺新材,6.16,40623423,725146104,897741579,553008.812664
2025-11-04,SH601688,华泰证券,21.43,65887213,7306758106,9026863786,19344569.093398
2025-11-04,SZ300055,万邦达,7.7,45484883,632701144,836749606,644297.19662
2025-11-04,SZ002362,汉王科技,23.36,5241820,207593932,244454646,571046.053056
2025-11-04,SZ002361,神剑股份,6.59,24176984,809122984,951034969,626732.044571
2025-11-04,SZ002360,同德化工,5.32,9214944,327522230,401774248,213743.899936
2025-11-04,SZ002365,永安药业,17.22,8297272,245560101,294682500,507443.265
2025-11-04,SZ002363,隆基机械,8.6,21035402,415758167,416895301,358529.95886
2025-11-04,SZ002364,中恒电气,24.72,40008628,558103760,563564960,1393132.58112
2025-11-04,SH601607,上海医药,17.82,16002388,2789207505,3708361809,6608300.743638
2025-11-04,SZ002366,融发核电,8.42,203097926,1256464390,2080937640,1752149.49288
2025-11-04,SZ002367,康力电梯,7.41,11140800,794583231,797745456,591129.382896
2025-11-04,SZ002368,太极股份,25.97,14120980,620429720,623231286,1618531.649742
2025-11-04,SZ002369,卓翼科技,8.77,14343600,566215407,566956280,497220.65756
2025-11-04,SZ002371,北方华创,405.43,7790481,723465982,724088670,29356726.94781
2025-11-04,SZ002370,亚太药业,9.06,289812795,745667530,745667530,675574.78218
2025-11-04,SZ002374,中锐股份,3.34,160008206,1085209283,1085209283,362459.900522
2025-11-04,SZ002372,伟星新材,10.32,7611082,1470858109,1592037988,1642983.203616
2025-11-04,SZ002373,千方科技,10.85,26773307,1377594126,1580188215,1714504.213275
2025-11-04,SH601188,龙江交通,3.7,23910900,1305469915,1305469915,483023.86855
2025-11-04,SZ300062,中能电气,7.67,82150549,386116997,557606117,427683.891739
2025-11-04,SH601518,吉林高速,3.07,28362911,1890553169,1890553169,580399.822883
2025-11-04,SZ300061,旗天科技,11.57,7838900,622169705,658993677,762455.684289
2025-11-04,SZ300059,东方财富,25.26,189508997,13376386008,15804037675,39920999.16705
2025-11-04,SZ002377,国创高新,3.1,30122321,872348621,916325201,284060.81231
2025-11-04,SZ002376,新北洋,7.95,13862900,781309703,810562541,644397.220095
2025-11-04,SZ002375,亚厦股份,4.14,20471266,1326793698,1339996498,554758.550172
2025-11-04,SZ300063,天龙集团,8.85,35677998,626554443,758527150,671296.52775
2025-11-04,SZ300066,三川智慧,7.04,29477995,1005910348,1040033262,732183.416448
2025-11-04,SZ300065,海兰信,19.71,43792281,655846610,720494503,1420094.665413
2025-11-04,SH601158,重庆水务,4.71,12832102,4800022456,4800022456,2260810.576776
2025-11-04,SZ002378,章源钨业,13.14,58848926,1195121369,1201417666,1578662.813124
2025-11-04,SZ002380,科远智慧,29.15,6035662,141751890,239991649,699575.656835
2025-11-04,SH601101,昊华能源,7.87,14552751,1439997926,1439997926,1133278.367762
2025-11-04,SZ002379,宏桥控股,20.15,15941448,1136373753,1136373753,2289793.112295
2025-11-04,SZ002381,双箭股份,6.88,4729800,322026218,411577638,283165.414944
2025-11-04,SZ002383,合众思壮,9.39,12998938,740360305,740360305,695198.326395
2025-11-04,SZ002382,蓝帆医疗,5.47,7434935,999697849,1007132099,550901.258153
2025-11-04,SZ002385,大北农,4.11,59630258,3524077887,4300078565,1767332.290215
2025-11-04,SZ002386,天原股份,5.93,59838069,1301404537,1301647073,771876.714289
2025-11-04,SZ002384,东山精密,69.22,51474173,1386321723,1831607532,12678387.336504
2025-11-04,SZ002387,维信诺,8.47,0,1394988960,1396788660,1183079.99502
2025-11-04,SZ002389,航天彩虹,21.71,10308200,984758026,984916021,2138252.681591
2025-11-04,SZ002388,新亚制程,5.94,18007184,506223495,510697600,303354.3744
2025-11-04,SZ002391,长青股份,6.22,30940667,464120811,649592550,404046.5661
2025-11-04,SZ002390,信邦制药,3.87,22274504,1927818234,1943851868,752270.672916
2025-11-04,SZ300070,碧水源,4.43,31668896,3371838197,3624209363,1605524.747809
2025-11-04,SZ300071,福石控股,6.15,294680840,945350866,963884336,592788.86664
2025-11-04,SZ300067,安诺其,4.83,40907459,937483681,1154374574,557562.919242
2025-11-04,SZ300068,南都电源,18.51,62589897,853003114,898190679,1662550.946829
2025-11-04,SZ300069,金利华电,19.9,5074701,117000000,117000000,232830
2025-11-04,SZ002393,力生制药,21.39,3303220,250324607,257616859,551042.461401
2025-11-04,SZ002394,联发股份,11.6,11114900,323285606,323700000,375492
2025-11-04,SZ002392,北京利尔,8.06,14462931,1143881383,1190490839,959535.616234
2025-11-04,SZ300073,当升科技,64.5,18323223,505971312,544293668,3510694.1586
2025-11-04,SZ300072,海新能科,4.1,45949941,2331361270,2349720302,963385.32382
2025-11-04,SZ300075,数字政通,16.47,10335140,515438476,621130158,1023001.370226
2025-11-04,SZ300074,华平股份,5.09,28343200,542057300,545151600,277482.1644
2025-11-04,SH601369,陕鼓动力,8.85,16386905,1705795987,1723474492,1525274.92542
2025-11-04,SZ002395,双象股份,17.67,2561630,268186481,268209000,473925.303
2025-11-04,SZ002397,梦洁股份,4.34,23932722,647862094,747781443,324537.146262
2025-11-04,SZ300078,思创智联,3.65,45849570,1113367148,1117872230,408023.36395
2025-11-04,SZ300079,数码视讯,5.66,24681895,1281479656,1426028062,807131.883092
2025-11-04,SZ300076,GQY视讯,6.68,15251400,424000000,424000000,283232
2025-11-04,SZ300077,国民技术,22.85,13861015,566327400,583126700,1332444.5095
2025-11-04,SZ002398,垒知集团,5.47,37662778,569314458,698024317,381819.301399
2025-11-04,SZ002401,中远海科,17.6,4947381,371363940,371668440,654136.4544
2025-11-04,SZ002400,省广集团,8.65,136974098,1726164618,1743337128,1507986.61572
2025-11-04,SZ002399,海普瑞,12.12,4154269,1247201704,1467296204,1778362.999248
2025-11-04,SZ002404,嘉欣丝绸,6.69,8068200,455787096,560051541,374674.480929
2025-11-04,SZ002402,和而泰,47.2,76054814,805831823,924694285,4364557.0252
2025-11-04,SZ002403,爱仕达,13.87,3794700,297161454,340638579,472465.709073
2025-11-04,SZ002406,远东传动,7.82,13869010,602212898,730225082,571036.014124
2025-11-04,SZ002405,四维图新,9.06,58325882,2355851219,2370648814,2147807.825484
2025-11-04,SZ002407,多氟多,27.83,204040029,1080550826,1190432569,3312973.839527
2025-11-04,SZ002408,齐翔腾达,4.81,8835971,2751088204,2842844187,1367408.053947
2025-11-04,SZ300084,海默科技,9.81,20485600,344594054,510247899,500553.188919
2025-11-04,SZ300082,奥克股份,9.02,42553373,678207963,680098200,613448.5764
2025-11-04,SZ300081,恒信东方,5.58,30788908,604703842,604795417,337475.842686
2025-11-04,SZ300083,创世纪,9.83,49236496,1493035214,1664862589,1636559.924987
2025-11-04,SZ002409,雅克科技,76.18,11833364,318522747,475927678,3625617.051004
2025-11-04,SZ002412,汉森制药,6.52,8724306,497845000,503200000,328086.4
2025-11-04,SZ002410,广联达,14.55,33228509,1588081079,1651944342,2403579.01761
2025-11-04,SZ300085,银之杰,46.68,16506651,652012860,706640535,3298598.01738
2025-11-04,SZ300086,康芝药业,8.74,87127658,440682522,455124411,397778.735214
2025-11-04,SZ300087,荃银高科,8.86,10402290,895672569,947331751,839335.931386
2025-11-04,SZ300088,长信科技,6.06,55031840,2485503647,2497733579,1513626.548874
2025-11-04,SZ002416,爱施德,12.51,30269970,1223904304,1239281806,1550341.539306
2025-11-04,SZ002413,雷科防务,5.52,24642000,1293079400,1316989628,726978.274656
2025-11-04,SZ002415,海康威视,31.79,62853368,9046433602,9164871550,29135126.65745
2025-11-04,SZ002418,康盛股份,5.34,314197042,1136397338,1136400000,606837.6
2025-11-04,SZ002419,天虹股份,5.59,20196951,1168712413,1168847750,653385.89225
2025-11-04,SZ002420,毅昌科技,7.53,10977536,399559350,411290000,309701.37
2025-11-04,SZ002421,达实智能,2.99,235338388,2006692505,2120581639,634053.910061
2025-11-04,SZ002424,ST百灵,5.79,15875900,1213214512,1397598400,809209.4736
2025-11-04,SZ002423,中粮资本,12.41,25559972,2304105575,2304105575,2859395.018575
2025-11-04,SZ002422,科伦药业,33.96,9022056,1305874730,1598053372,5426989.251312
2025-11-04,SZ002425,凯撒文化,4.23,19453500,956060898,956665066,404669.322918
2025-11-04,SZ002426,胜利精密,3.2,81748662,3402599891,3402625916,1088840.29312
2025-11-04,SZ002427,尤夫股份,6.96,9338187,984705486,985432777,685861.212792
2025-11-04,SZ002428,云南锗业,25.91,36726480,653035625,653120000,1692233.92
2025-11-04,SZ002429,兆驰股份,6.09,37530825,4524333018,4526940607,2756906.829663
2025-11-04,SZ002430,杭氧股份,27.7,28822083,977673372,978351447,2710033.50819
2025-11-04,SZ002431,棕榈股份,2.82,306374273,1812816265,1812816265,511214.18673
2025-11-04,SZ002432,九安医疗,39.78,4876415,438348207,464914340,1849429.24452
2025-11-04,SZ002436,兴森科技,21.31,90724069,1510497256,1699673563,3622004.362753
2025-11-04,SZ002434,万里扬,8.8,18733900,1311341050,1312600000,1155088
2025-11-04,SZ002437,誉衡药业,3.4,64903082,2100083300,2245789726,763568.50684
2025-11-04,SZ002438,江苏神通,14.51,23550746,468880667,507537461,736436.855911
2025-11-04,SZ002396,星网锐捷,26.08,13922949,583280278,585695098,1527492.815584
2025-11-04,SZ002439,启明星辰,15.56,15168479,725342936,1211400205,1884938.71898
2025-11-04,SZ300080,易成新能,5.25,28565531,1870860549,1873380436,983524.7289
2025-11-04,SZ300091,*ST金灵,3.03,50395989,1476033276,1489164214,451216.756842
2025-11-04,SH601000,唐山港,4.06,65286574,5925928614,5925928614,2405927.017284
2025-11-04,SZ002442,龙星科技,6.26,5216400,493859195,503288870,315058.83262
2025-11-04,SZ002440,闰土股份,7.49,36469005,946358669,1123999905,841875.928845
2025-11-04,SZ002443,金洲管道,8.09,15251223,519426572,520535520,421113.23568
2025-11-04,SZ002441,众业达,10.23,22164313,399079729,544543609,557068.112007
2025-11-04,SZ300092,科新机电,18.01,18421600,209866256,273923271,493335.811071
2025-11-04,SZ300093,*ST金刚,13.99,9457277,215656800,216000000,302184
2025-11-04,SZ300094,国联水产,3.58,22748092,1105517399,1128167253,403883.876574
2025-11-04,SZ002446,盛路通信,8.56,33079968,847683296,915321724,783515.395744
2025-11-04,SZ002444,巨星科技,30.58,15221252,1147032778,1194478182,3652714.280556
2025-11-04,SZ002445,中南文化,2.6,43900465,2366380973,2376607531,617917.95806
2025-11-04,SH601288,农业银行,8.15,374084190,319244210777,349983033873,285236172.606495
2025-11-04,SZ002414,高德红外,13.34,66843305,3398612431,4270736108,5697161.968072
2025-11-04,SZ002448,中原内配,11.28,26864100,455537409,588409646,663726.080688
2025-11-04,SZ002449,国星光电,8.75,11496760,618477169,618477169,541167.522875
2025-11-04,SZ002453,华软科技,6.69,21878928,612763136,812367126,543473.607294
2025-11-04,SZ002454,松芝股份,8.88,11282030,626979228,628581600,558180.4608
2025-11-04,SZ002452,长高电新,8.47,57631667,515904790,620332085,525421.275995
2025-11-04,SZ002451,摩恩电气,7.79,37524361,439149000,440670000,343281.93
2025-11-04,SZ300097,ST智云,6.19,7205800,270009948,288549669,178612.245111
2025-11-04,SZ300096,ST易联众,7.33,12984500,430000000,430000000,315190
2025-11-04,SZ300095,华伍股份,9.76,6934500,338727079,420090164,410008.000064
2025-11-04,SZ300098,高新兴,5.69,34378395,1541743627,1737782275,988798.114475
2025-11-04,SZ002457,青龙管业,11.9,23028258,333321649,333486800,396849.292
2025-11-04,SZ002456,欧菲光,12.44,121868740,3312546834,3357339213,4176529.980972
2025-11-04,SZ002455,百川股份,7.19,23776160,519227836,594256563,427270.468797
2025-11-04,SH601717,中创智领,23.39,18844214,1542165730,1785399930,4176050.43627
2025-11-04,SZ300101,振芯科技,22.42,10090696,566043415,567905700,1273244.5794
2025-11-04,SZ300100,双林股份,38.61,9962073,552382082,571982940,2208426.13134
2025-11-04,SZ300099,尤洛卡,6.87,6050550,581412240,737265255,506501.230185
2025-11-04,SZ002458,益生股份,9.05,7899420,748868710,1106412915,1001303.688075
2025-11-04,SZ002460,赣锋锂业,66.15,69475358,1207835807,2057193379,13608334.202085
2025-11-04,SZ002459,晶澳科技,13.96,66756327,3305753508,3309682191,4620316.338636
2025-11-04,SZ300102,乾照光电,12,13266800,916339888,920333863,1104400.6356
2025-11-04,SZ300103,达刚控股,7.59,3966935,317340610,317601000,241059.159
2025-11-04,SH601718,际华集团,3.62,42314700,4391629404,4391629404,1589769.844248
2025-11-04,SH601818,光大银行,3.46,393932681,46406815561,59085551061,20443600.667106
2025-11-04,SZ002463,沪电股份,71,45418975,1922468044,1923714885,13658375.6835
2025-11-04,SZ002462,嘉事堂,14.38,4979700,291470419,291707120,419474.83856
2025-11-04,SZ002461,珠江啤酒,9.28,8097204,2213328480,2213328480,2053968.82944
2025-11-04,SZ300107,建新股份,7.45,23223028,347212817,562707468,419217.06366
2025-11-04,SZ300105,龙源技术,7.98,13659716,515814420,515814420,411619.90716
2025-11-04,SZ300106,西部牧业,11.32,5517400,211332310,211332310,239228.17492
2025-11-04,SZ300109,新开源,16.77,5581724,449688521,486050005,815105.858385
2025-11-04,SZ300110,华仁药业,3.46,20963860,1180847607,1182212982,409045.691772
2025-11-04,SZ300113,顺网科技,21.7,13598599,518199602,683566082,1483338.39794
2025-11-04,SZ300111,向日葵,8.85,188595080,1287210714,1287210714,1139181.48189
2025-11-04,SZ300112,万讯自控,9.21,6822806,237643510,290225894,267298.048374
2025-11-04,SZ002466,天齐锂业,52.25,74682631,1475819034,1641194983,8575243.786175
2025-11-04,SZ002465,海格通信,11.58,38417287,2477887109,2481833948,2873963.711784
2025-11-04,SZ300115,长盈精密,34.63,85537972,1355563239,1359485211,4707897.285693
2025-11-04,SZ300118,东方日升,10.85,41834304,926826080,1140013863,1236915.041355
2025-11-04,SZ002470,金正大,1.86,79243100,3285749417,3286027742,611201.160012
2025-11-04,SZ002467,二六三,6.49,51807925,1366883957,1375371873,892616.345577
2025-11-04,SZ002469,三维化学,8.38,11180604,628894911,648862630,543746.88394
2025-11-04,SZ002468,申通快递,15.48,17398201,1467199966,1530802166,2369681.752968
2025-11-04,SZ002472,双环传动,41.42,23508536,755244492,849567442,3518908.344764
2025-11-04,SZ002471,中超控股,4.66,65360503,1338132763,1368760000,637842.16
2025-11-04,SZ002475,立讯精密,60.54,128990576,7265330667,7281808472,44084068.489488
2025-11-04,SZ002474,榕基软件,8.45,83038869,530765945,622200000,525759
2025-11-04,SZ002476,宝莫股份,5.82,14430100,611927325,612000000,356184
2025-11-04,SZ300121,阳谷华泰,15.13,9782700,429399833,445231182,673634.778366
2025-11-04,SZ300120,经纬辉开,9.81,31229500,527447002,574393929,563480.444349
2025-11-04,SZ300119,瑞普生物,20.42,8467800,334962021,464754706,949029.109652
2025-11-04,SH600372,中航机载,12.03,24933293,4838896630,4838896630,5821192.64589
2025-11-04,SZ002479,富春环保,5.15,11153667,863072844,865000000,445475
2025-11-04,SZ002478,常宝股份,6.79,38973900,722723938,900804228,611646.070812
2025-11-04,SZ002480,新筑股份,7.21,23948700,767717946,769168670,554570.61107
2025-11-04,SZ002481,双塔食品,5.73,19516194,1118152600,1233696500,706908.0945
2025-11-04,SZ300124,汇川技术,73.09,33199276,2365044174,2699696667,19732082.939103
2025-11-04,SH601018,宁波港,3.76,49232176,19454388399,19454388399,7314850.038024
2025-11-04,SZ300122,智飞生物,21.29,55382907,1414306248,2393789747,5096378.371363
2025-11-04,SZ300123,亚光科技,6,22379000,1000418818,1021834123,613100.4738
2025-11-04,SZ002483,润邦股份,6.85,18333288,885250799,886468413,607230.862905
2025-11-04,SZ002484,江海股份,28.13,20014390,820472265,850523941,2392523.846033
2025-11-04,SZ002482,广田集团,1.86,96941637,3743559801,3750962363,697678.999518
2025-11-04,SH601177,杭齿前进,17.62,6739299,400060000,407975000,718851.95
2025-11-04,SZ300125,*ST聆达,10.27,6502300,265428408,267599995,274825.194865
2025-11-04,SZ300128,锦富技术,7.88,102949549,1297717037,1299115412,1023702.944656
2025-11-04,SZ300127,银河磁体,33.07,7709752,230816140,323146360,1068645.01252
2025-11-04,SZ300126,锐奇股份,9.68,6593551,210652704,303957600,294230.9568
2025-11-04,SH601377,兴业证券,6.9,120756834,8635987294,8635987294,5958831.23286
2025-11-04,SZ002487,大金重工,47.49,31790860,630920266,637749349,3028671.658401
2025-11-04,SZ002485,ST雪发,4.48,8974182,544000000,544000000,243712
2025-11-04,SZ002486,嘉麟杰,3.18,82218717,820466875,824283100,262122.0258
2025-11-04,SZ300131,英唐智控,11.42,0,1042267516,1135019485,1296192.25187
2025-11-04,SZ300130,新国都,27.33,11821435,434152308,567299123,1550428.503159
2025-11-04,SZ300129,泰胜风能,8.39,25009765,646452973,934899232,784380.455648
2025-11-04,SZ002489,浙江永强,3.92,54937690,1913028928,2169016313,850254.394696
2025-11-04,SZ002488,金固股份,10.02,14436247,920083999,995439065,997429.94313
2025-11-04,SZ002491,通鼎互联,5.25,17977900,1176468871,1229994500,645747.1125
2025-11-04,SZ002490,山东墨龙,7.46,72253700,541722000,797848400,595194.9064
2025-11-04,SZ300133,华策影视,7.88,71107397,1612228901,1888270981,1487957.533028
2025-11-04,SZ300132,青松股份,7.18,18776831,508081284,516580886,370905.076148
2025-11-04,SZ300135,宝利国际,4.35,37116100,921600000,921600000,400896
2025-11-04,SZ300134,大富科技,11.66,8106851,712418006,767498006,894902.674996
2025-11-04,SH601098,中南传媒,12.21,10809159,1796000000,1796000000,2192916
2025-11-04,SZ002495,佳隆股份,2.77,21066678,700773507,935625600,259168.2912
2025-11-04,SZ002492,恒基达鑫,9.34,38424886,397834725,405000000,378270
2025-11-04,SZ002493,荣盛石化,10.01,39374697,9362198504,9989442254,9999431.696254
2025-11-04,SH600998,九州通,5.1,38166535,5042470234,5042470234,2571659.81934
2025-11-04,SZ002494,华斯股份,5.53,10555400,286770438,377310718,208652.827054
2025-11-04,SZ300137,先河环保,8.25,6004380,530034106,536582210,442680.32325
2025-11-04,SZ300138,晨光生物,13.08,7069726,398313292,483100093,631894.921644
2025-11-04,SZ300136,信维通信,35.21,67293050,824567926,967568638,3406809.174398
2025-11-04,SZ002496,*ST辉丰,1.73,60955526,1112452271,1507589677,260813.014121
2025-11-04,SZ002497,雅化集团,19.03,102070828,1058551340,1152562520,2193326.47556
2025-11-04,SZ002498,汉缆股份,3.84,42197246,3326796000,3326796000,1277489.664
2025-11-04,SZ300142,沃森生物,12.33,59597507,1555944539,1599348541,1971996.751053
2025-11-04,SZ300141,和顺电气,12.03,20971050,254738760,257844600,310187.0538
2025-11-04,SZ300140,节能环境,6.43,17404448,1020121250,3099067016,1992700.091288
2025-11-04,SZ300139,晓程科技,23.62,19418129,233659225,274000000,647188
2025-11-04,SZ002500,山西证券,6.4,25459680,3589771547,3589771547,2297453.79008
2025-11-04,SZ002501,利源股份,2.47,172839636,3546469206,3550000000,876850
2025-11-04,SZ002507,涪陵榨菜,13.24,10098889,1148914515,1153919028,1527788.793072
2025-11-04,SZ002508,老板电器,19.54,6121825,933551787,944938916,1846410.641864
2025-11-04,SH601777,千里科技,11.43,28280931,4521100071,4521100071,5167617.381153
2025-11-04,SZ002511,中顺洁柔,8.09,14403515,1265340927,1286377813,1040679.650717
2025-11-04,SZ002510,天汽模,6.7,22644776,1004846946,1015138708,680142.93436
2025-11-04,SZ002513,蓝丰生化,8.08,63330903,265195916,355563978,287295.694224
2025-11-04,SZ002512,达华智能,5.15,197029475,1094451782,1112496632,572935.76548
2025-11-04,SZ002514,宝馨科技,7.12,33759200,554034264,720034264,512664.395968
2025-11-04,SZ002515,金字火腿,6.42,38806419,1210599674,1210614164,777214.293288
2025-11-04,SH601880,辽港股份,1.68,169033075,18413051214,23571767213,3960056.891784
2025-11-04,SZ002517,恺英网络,23.9,39142105,1889045648,2136443234,5106099.32926
2025-11-04,SZ002516,旷达科技,6.17,15167609,1460943682,1470838682,907507.466794
2025-11-04,SZ002518,科士达,44.31,16396952,565140414,582225094,2579839.391514
2025-11-04,SZ002519,银河电子,4.7,12294100,1118785461,1126430898,529422.52206
2025-11-04,SZ300143,盈康生命,10.49,6382662,641363180,749451604,786174.732596
2025-11-04,SZ300144,宋城演艺,8.01,27154780,2357669244,2624680340,2102368.95234
2025-11-04,SZ300145,南方泵业,4.51,35528972,1903993301,1920900236,866326.006436
2025-11-04,SZ002523,天桥起重,4.51,78704186,1411542683,1416640800,638905.0008
2025-11-04,SZ002522,浙江众成,5.31,104387955,905019879,905779387,480968.854497
2025-11-04,SZ002520,日发精机,6.05,12950500,717440171,750245171,453898.328455
2025-11-04,SZ002521,齐峰新材,9.04,3934000,418407835,560061050,506295.1892
2025-11-04,SZ300147,ST香雪,9.83,7671014,657398353,661279045,650037.301235
2025-11-04,SZ300146,汤臣倍健,12.55,19144094,1120818659,1691677031,2123054.673905
2025-11-04,SZ300148,天舟文化,4.89,47016025,806745896,835339343,408480.938727
2025-11-04,SH601933,永辉超市,4.63,68761435,9075036993,9075036993,4201742.127759
2025-11-04,SZ002524,光正眼科,4.64,12388100,510175124,518467074,240568.722336
2025-11-04,SZ002526,山东矿机,3.83,38240475,1771084438,1782793836,682810.039188
2025-11-04,SZ300150,世纪瑞尔,6.1,52465386,460223232,585106053,356914.69233
2025-11-04,SZ300151,昌红科技,13.8,7829984,368570989,532508827,734862.18126
2025-11-04,SZ300149,睿智医药,11.22,13762415,474552969,497963992,558715.599024
2025-11-04,SZ002528,ST英飞拓,3.23,51009445,1050219577,1198675082,387172.051486
2025-11-04,SZ002529,*ST海源,7.38,4043900,260000000,260000000,191880
2025-11-04,SZ002527,新时达,17.8,15338785,529280328,663061291,1180249.09798
2025-11-04,SH601890,亚星锚链,10.88,143834395,959400000,959400000,1043827.2
2025-11-04,SZ300153,科泰电源,34.03,13191399,318330118,320000000,1088960
2025-11-04,SZ300154,瑞凌股份,9.43,6381400,315086151,449555201,423930.554543
2025-11-04,SZ300152,ST新动力,2.46,33423000,712618425,712800000,175348.8
2025-11-04,SZ002532,天山铝业,13.32,71028300,4130005452,4651885415,6196311.37278
2025-11-04,SZ002531,天顺风能,7.34,34488600,1786866124,1796878658,1318908.934972
2025-11-04,SZ002530,金财互联,11.18,26888558,695123334,779198175,871143.55965
2025-11-04,SZ002533,金杯电工,13.13,33149300,637645433,733941062,963664.614406
2025-11-04,SH601126,四方股份,28.83,91660146,818853700,833208500,2402140.1055
2025-11-04,SZ300157,新锦动力,4.93,36145827,707824632,753937707,371691.289551
2025-11-04,SZ300158,振东制药,6.93,33480097,1004703142,1005319756,696686.590908
2025-11-04,SZ300159,*ST新研,3.11,57257424,1471839203,1495645923,465145.882053
2025-11-04,SH601118,海南橡胶,5.95,72678971,4279427797,4279427797,2546259.539215
2025-11-04,SZ300155,安居宝,5.12,9473000,330726776,561227744,287348.604928
2025-11-04,SZ002534,西子洁能,17.1,23777677,824741729,835935177,1429449.15267
2025-11-04,SZ002537,海联金汇,8.82,24485058,1169199745,1174016745,1035482.76909
2025-11-04,SZ002536,飞龙股份,22.3,23109221,544417200,574785888,1281772.53024
2025-11-04,SZ002535,林州重机,4.07,14693090,746338485,801683074,326285.011118
2025-11-04,SZ300162,雷曼光电,7.87,8925900,342161780,419510030,330154.39361
2025-11-04,SZ300163,先锋新材,4.76,80447438,453789957,474000000,225624
2025-11-04,SZ300161,华中数控,31.17,9164813,194994903,198696906,619338.256002
2025-11-04,SZ300160,秀强股份,5.87,7390100,762359517,772946292,453719.473404
2025-11-04,SZ300164,通源石油,5.98,69953646,583210778,588458629,351898.260142
2025-11-04,SZ002541,鸿路钢构,17.5,6614057,496126413,690017142,1207529.9985
2025-11-04,SZ002540,亚太科技,6.74,14365382,871065587,1250679412,842957.923688
2025-11-04,SZ002539,云图控股,10.19,18311625,881202205,1207723762,1230670.513478
2025-11-04,SZ002538,司尔特,5.89,20633400,853550551,853555763,502744.344407
2025-11-04,SH601700,风范股份,4.97,26673724,1142246700,1142246700,567696.6099
2025-11-04,SZ300166,东方国信,10.51,17689788,905777562,1138745748,1196821.781148
2025-11-04,SZ300165,ST天瑞,4.9,6855162,420534679,495511725,242800.74525
2025-11-04,SZ300168,万达信息,7.15,31496220,1439182545,1440628576,1030049.43184
2025-11-04,SZ300169,天晟新材,7.01,8830200,301735782,325984340,228515.02234
2025-11-04,SZ300167,ST迪威迅,6.06,6689300,358893250,389374000,235960.644
2025-11-04,SH601137,博威合金,21.38,10700181,820882203,821562203,1756499.990014
2025-11-04,SZ002542,中化岩土,3.75,48476150,1758771284,1806116738,677293.77675
2025-11-04,SZ002544,普天科技,25.05,11048521,680469046,680533890,1704737.39445
2025-11-04,SH601519,大智慧,14.23,33257550,1989160000,1989160000,2830574.68
2025-11-04,SZ002543,万和电气,11.28,3884899,661611003,743600000,838780.8
2025-11-04,SZ300171,东富龙,17.07,30688991,562657355,765828040,1307268.46428
2025-11-04,SZ300170,汉得信息,18.27,42350241,975076509,1020196311,1863898.660197
2025-11-04,SH601799,星宇股份,126.06,2131022,285679419,285679419,3601274.755914
2025-11-04,SZ300172,中电环保,5.68,27407407,523512387,676710000,384371.28
2025-11-04,SH601616,广电电气,4.21,31354401,853675319,853675319,359397.309299
2025-11-04,SZ300173,ST福能,5.82,18900801,734725698,734725698,427610.356236
2025-11-04,SZ300174,元力股份,16.19,6038200,362942163,364210360,589656.57284
2025-11-04,SZ002546,新联电子,7.88,127515326,801232096,834049096,657230.687648
2025-11-04,SZ002545,东方铁塔,16.97,18893678,1130163708,1244062083,2111173.354851
2025-11-04,SZ300179,四方达,13.38,33828563,375599229,485908830,650146.01454
2025-11-04,SZ300176,鸿特科技,6.87,14796400,387280800,387280800,266061.9096
2025-11-04,SZ300175,ST朗源,6.3,8427592,470800000,470800000,296604
2025-11-04,SZ300177,中海达,9.35,18868728,606303251,744169066,695798.07671
2025-11-04,SZ002549,凯美特气,23.34,76311610,692359526,695347901,1622942.000934
2025-11-04,SZ002547,春兴精工,5.2,46743386,1104807166,1128057168,586589.72736
2025-11-04,SZ002550,千红制药,9.02,36421250,941240180,1279800000,1154379.6
2025-11-04,SZ002548,金新农,4.99,20731800,804471492,828173658,413258.655342
2025-11-04,SZ300184,力源信息,11.1,32212599,1049187220,1154011922,1280953.23342
2025-11-04,SZ300180,华峰超纤,7.26,36877939,1712422292,1761060155,1278529.67253
2025-11-04,SZ300183,东软载波,15.57,5092951,406537112,462609137,720282.426309
2025-11-04,SH601216,君正集团,5.2,52899348,8438017390,8438017390,4387769.0428
2025-11-04,SZ300182,捷成股份,6.63,160256817,2258902057,2663825632,1766116.394016
2025-11-04,SZ300181,佐力药业,17.17,8439139,602910919,701387335,1204282.054195
2025-11-04,SZ002553,南方精工,30.63,20476664,250800000,348000000,1065924
2025-11-04,SZ002552,宝鼎科技,16.2,8039906,368503289,387985331,628536.23622
2025-11-04,SZ002551,尚荣医疗,4,11185068,611186722,845494578,338197.8312
2025-11-04,SZ002554,惠博普,3.67,122299037,1333470525,1333720072,489475.266424
2025-11-04,SH601992,金隅集团,1.74,77623200,8334158264,10677771134,1857932.177316
2025-11-04,SH601116,三江购物,13.9,13891920,547678400,547678400,761272.976
2025-11-04,SZ002557,洽洽食品,21.98,4617603,504773428,505855153,1111869.626294
2025-11-04,SZ002556,辉隆股份,5.83,45240012,945621156,946518080,551820.04064
2025-11-04,SZ002555,三七互娱,23.44,210803875,1598967293,2212237681,5185485.124264
2025-11-04,SZ002558,巨人网络,35.07,36642255,1934750611,1934750611,6785170.392777
2025-11-04,SZ002560,通达股份,8.81,33995202,452936002,525738570,463175.68017
2025-11-04,SZ002561,徐家汇,8.82,6816100,414439567,415763000,366702.966
2025-11-04,SZ002559,亚威股份,10.7,16999550,500407524,549765024,588248.57568
2025-11-04,SZ300185,通裕重工,3.07,80481213,3707246966,3897004888,1196380.500616
2025-11-04,SZ300187,永清环保,5.31,7986100,642131317,645622165,342825.369615
2025-11-04,SH601011,宝泰隆,3.93,174380543,1915664539,1915664539,752856.163827
2025-11-04,SZ002564,天沃科技,8.88,22967060,858904477,858904477,762707.175576
2025-11-04,SZ002562,兄弟科技,7.12,79979252,701528783,1142821917,813689.204904
2025-11-04,SZ002563,森马服饰,5.61,61309341,2208442340,2694090160,1511384.57976
2025-11-04,SZ300188,国投智能,14.97,16311890,855505090,859477310,1286637.53307
2025-11-04,SZ300190,维尔利,4.35,11243015,804407150,810808068,352701.50958
2025-11-04,SZ300189,神农种业,5.16,222847455,886240074,1024000000,528384
2025-11-04,SZ300191,潜能恒信,19.97,4265710,221195000,320000000,639040
2025-11-04,SH601199,江南水务,5.99,14075850,935210292,935210292,560190.964908
2025-11-04,SZ002566,益盛药业,8.26,3473300,231790468,330951600,273366.0216
2025-11-04,SZ002565,顺灏股份,7.15,36740202,1059943922,1059988922,757892.07923
2025-11-04,SZ300193,佳士科技,9.18,6071000,419655672,476249805,437197.32099
2025-11-04,SZ300194,福安药业,4.58,30971729,968344216,1189712382,544888.270956
2025-11-04,SZ300192,科德教育,17.95,10221050,324637704,329143329,590812.275555
2025-11-04,SZ002567,唐人神,4.78,14088025,1431416890,1433051393,684998.565854
2025-11-04,SZ002568,百润股份,24.95,4869868,722758275,1048548555,2616128.644725
2025-11-04,SZ300196,长海股份,14.31,5262104,246115363,408716884,584873.861004
2025-11-04,SZ300195,长荣股份,8.23,16462500,313912481,423707756,348711.483188
2025-11-04,SZ300197,节能铁汉,2.08,47440765,2965223080,2965298080,616782.00064
2025-11-04,SZ300198,ST纳川,2.32,30389860,1026216511,1031548540,239319.26128
2025-11-04,SZ300199,翰宇药业,21.02,62352155,745697845,883241336,1856573.288272
2025-11-04,SZ300201,海伦哲,5.52,21728509,1005443115,1009043607,556992.071064
2025-11-04,SZ300200,高盟新材,10.48,12951640,423263062,430973206,451659.919888
2025-11-04,SZ002075,沙钢股份,5.78,34078422,2193821920,2193825445,1268031.10721
2025-11-04,SZ002572,索菲亚,12.94,6597632,651463620,963047164,1246183.030216
2025-11-04,SZ002569,*ST步森,10.42,5613201,139956425,144010000,150058.42
2025-11-04,SZ002571,德力股份,8.46,15861501,298306188,391950700,331590.2922
2025-11-04,SZ002570,贝因美,6.41,41739018,1079995333,1080043333,692307.776453
2025-11-04,SZ300204,舒泰神,38.05,73686638,453664501,477772555,1817924.571775
2025-11-04,SZ300203,聚光科技,16.48,7584420,448368525,448737600,739519.5648
2025-11-04,SZ300206,理邦仪器,13.81,14832773,338379565,579663346,800515.080826
2025-11-04,SZ300205,*ST天喻,5.28,8593218,430056000,430056000,227069.568
2025-11-04,SZ300207,欣旺达,33.81,80341927,1713837205,1847462446,6246270.529926
2025-11-04,SZ002573,清新环境,4.08,12545600,1412747479,1415267079,577428.968232
2025-11-04,SZ002574,明牌珠宝,5.72,6901300,528000000,528000000,302016
2025-11-04,SZ002575,群兴玩具,6.39,19963500,591119000,616500000,393943.5
2025-11-04,SZ300210,森远股份,9.37,5244860,483755948,484219953,453714.095961
2025-11-04,SZ300209,行云科技,6.15,18573700,490018540,928636126,571111.21749
2025-11-04,SZ002578,闽发铝业,4.09,92869000,861162561,938630183,383899.744847
2025-11-04,SZ002576,通达动力,18.25,6343400,162027571,165100000,301307.5
2025-11-04,SZ002577,雷柏科技,19.15,1639700,281741800,281756800,539564.272
2025-11-04,SZ300212,易华录,20.14,8349408,698511724,719892422,1449863.337908
2025-11-04,SZ300213,佳讯飞鸿,9.3,19053900,552221868,594364660,552759.1338
2025-11-04,SZ300211,*ST亿通,9.32,6304300,297085626,303929723,283262.501836
2025-11-04,SZ002580,圣阳股份,13.38,9480270,452338800,453868993,607276.712634
2025-11-04,SH601218,吉鑫科技,5.7,66678493,969033512,969033512,552349.10184
2025-11-04,SZ002579,中京电子,11.89,13477297,583376744,612618620,728403.53918
2025-11-04,SH601113,华鼎股份,3.97,13019800,1104152226,1104152226,438348.433722
2025-11-04,SZ300215,电科院,6.26,13184101,499870396,749094187,468932.961062
2025-11-04,SZ300214,日科化学,7.71,8049100,402683086,464902614,358439.915394
2025-11-04,SZ300219,鸿利智汇,7.55,23433815,706648891,707943506,534497.34703
2025-11-04,SZ300218,安利股份,17.73,11487600,216276394,216987000,384717.951
2025-11-04,SZ300217,东方电热,5.44,34950700,1226930512,1477976940,804019.45536
2025-11-04,SH601233,桐昆股份,14.12,18874341,2395898093,2404779773,3395549.039476
2025-11-04,SH601208,东材科技,19.49,68421940,1018117834,1018117834,1984311.658466
2025-11-04,SZ002582,好想你,10.01,10482800,344242203,447707891,448155.598891
2025-11-04,SZ002581,ST未名,8.12,10347658,400791161,659735586,535705.295832
2025-11-04,SZ300222,科大智能,12.31,19809233,633803509,778281234,958064.199054
2025-11-04,SZ300220,金运激光,15.58,1948000,151019348,151200000,235569.6
2025-11-04,SZ300221,银禧科技,8.46,13183580,456492842,473754685,400796.46351
2025-11-04,SH601599,浙文影业,3.8,31463892,1160542453,1160542453,441006.13214
2025-11-04,SZ002583,海能达,11.44,25023661,1282721049,1818619381,2080500.571864
2025-11-04,SH601566,九牧王,9.34,8104601,574637150,574637150,536711.0981
2025-11-04,SZ300225,*ST金泰,6.36,27603440,475057090,475429590,302373.21924
2025-11-04,SZ300223,北京君正,89.72,28273747,420570410,482540723,4329355.366756
2025-11-04,SZ300224,正海磁材,16.3,17012717,925436817,930700417,1517041.67971
2025-11-04,SZ002585,双星新材,5.43,14020620,886756734,1141322612,619738.178316
2025-11-04,SZ002584,西陇科学,8.34,12034850,468426527,585216422,488070.495948
2025-11-04,SZ002586,ST围海,4.48,16000300,896920799,1144223714,512612.223872
2025-11-04,SH601311,骆驼股份,9.9,23652450,1173146118,1173146118,1161414.65682
2025-11-04,SH601010,文峰股份,2.69,26683594,1848000000,1848000000,497112
2025-11-04,SZ300226,上海钢联,26.7,9935838,306355664,318721422,850986.19674
2025-11-04,SZ300227,光韵达,9.65,18315632,412592224,544111391,525067.492315
2025-11-04,SZ300228,富瑞特装,8.24,31492800,549991299,585861549,482749.916376
2025-11-04,SZ002590,万安科技,13.66,9191200,494956865,519052477,709025.683582
2025-11-04,SZ002587,奥拓电子,6.44,11839550,523392294,651544156,419594.436464
2025-11-04,SZ002589,瑞康医药,2.93,19264036,1365591548,1504710471,440880.168003
2025-11-04,SZ002588,史丹利,9.56,8363509,858597570,1151891980,1101208.73288
2025-11-04,SZ300231,银信科技,11.25,7161933,444268439,444291254,499827.66075
2025-11-04,SZ300230,永利股份,5.1,14933800,629822499,813213441,414738.85491
2025-11-04,SH601567,三星医疗,24.02,44548646,1405209400,1405209400,3375312.9788
2025-11-04,SZ300229,拓尔思,20.72,33101428,873030233,873620932,1810142.571104
2025-11-04,SZ002591,恒大高新,6.78,52191900,223512462,300199484,203535.250152
2025-11-04,SZ300233,金城医药,17.46,5414735,371704313,383874587,670245.028902
2025-11-04,SZ300232,洲明科技,7.27,23585743,887026803,1091107141,793234.891507
2025-11-04,SH601798,蓝科高新,10.16,19701600,354528198,354528198,360200.649168
2025-11-04,SZ300234,开尔新材,5.47,10043100,343987044,503171090,275234.58623
2025-11-04,SZ002593,日上集团,5.86,104883178,558849118,803858029,471060.804994
2025-11-04,SZ002595,豪迈科技,65,4812100,794564361,800000000,5200000
2025-11-04,SZ300235,方直科技,17.71,33951950,203134291,251746635,445843.290585
2025-11-04,SZ300237,ST美晨,2.69,125974510,1441901430,1441914930,387875.11617
2025-11-04,SZ300236,上海新阳,56.21,4095527,278726967,313381402,1761516.860642
2025-11-04,SZ002594,比亚迪,97.8,43501704,3487241823,9117197565,89166192.1857
2025-11-04,SH601058,赛轮轮胎,15.66,47548957,3288100259,3288100259,5149165.005594
2025-11-04,SZ300239,东宝生物,5.7,8956580,589761783,593607933,338356.52181
2025-11-04,SZ300240,飞力达,8.27,12576700,363378879,371562950,307282.55965
2025-11-04,SZ300238,冠昊生物,15.44,6637600,265134082,265155701,409400.402344
2025-11-04,SZ002596,海南瑞泽,4.49,110850101,1146525268,1147580518,515263.652582
2025-11-04,SZ002598,山东章鼓,11.93,6767800,281443664,312047038,372272.116334
2025-11-04,SZ002597,金禾实业,19.82,3112398,566818818,568319878,1126409.998196
2025-11-04,SZ000620,盈新发展,3,167343220,4671748815,5871815040,1761544.512
2025-11-04,SZ300241,瑞丰光电,5.75,14218302,576613329,690497309,397035.952675
2025-11-04,SZ300242,佳云科技,4.85,28102985,634554878,634555224,307759.28364
2025-11-04,SZ300243,瑞丰高材,11.09,4098700,194458304,250426501,277722.989609
2025-11-04,SZ002601,龙佰集团,17.5,31438380,1987815761,2386293256,4176013.198
2025-11-04,SZ002600,领益智造,14.84,154636717,7197536579,7306060977,10842194.489868
2025-11-04,SZ002599,盛通股份,8.47,11420598,398006736,532679787,451179.779589
2025-11-04,SZ300246,宝莱特,8.84,3593116,211242973,264576399,233885.536716
2025-11-04,SZ300245,天玑科技,14.85,7247950,312786077,313457493,465484.377105
2025-11-04,SZ300244,迪安诊断,16.41,11860130,501459061,624979436,1025591.254476
2025-11-04,SZ002603,以岭药业,17.61,19038992,1376846739,1670705376,2942112.167136
2025-11-04,SZ002602,世纪华通,18.67,151940662,6854234423,7428083118,13868231.181306
2025-11-04,SZ300247,融捷健康,4.46,14102800,803275313,804040313,358601.979598
2025-11-04,SZ300248,新开普,12.68,7064800,409113109,476348393,604009.762324
2025-11-04,SZ300251,光线传媒,17.18,49047529,2775365010,2933588432,5039904.926176
2025-11-04,SZ300250,初灵信息,26.3,36082452,157674047,214067479,562997.46977
2025-11-04,SZ300249,依米康,15.28,11573140,373425027,440487994,673065.654832
2025-11-04,SZ002606,大连电瓷,9.3,12353500,421142055,439073220,408338.0946
2025-11-04,SZ002605,姚记科技,25.81,3976700,337218241,417627419,1077896.368439
2025-11-04,SH601222,林洋能源,5.89,16890600,2060169156,2060169156,1213439.632884
2025-11-04,SZ002608,江苏国信,8.28,16992700,3778079704,3778079704,3128249.994912
2025-11-04,SH601901,方正证券,8.22,89591604,8232101395,8232101395,6766787.34669
2025-11-04,SZ002607,中公教育,2.72,74844466,5083997378,6167399389,1677532.633808
2025-11-04,SH601636,旗滨集团,6.95,30725460,2683578190,2683578190,1865086.84205
2025-11-04,SZ002609,捷顺科技,9.78,8409100,459400191,643438841,629283.186498
2025-11-04,SH601789,宁波建工,5.54,29229726,1086798590,1086798590,602086.41886
2025-11-04,SZ300253,卫宁健康,9.18,69422871,1914485892,2214628153,2033028.644454
2025-11-04,SH601886,江河集团,7.91,11755531,1133002060,1133002060,896204.62946
2025-11-04,SZ300252,金信诺,13.5,29776800,558791959,662153834,893907.6759
2025-11-04,SH600727,鲁北化工,7.38,7743841,528523135,528583135,390094.35363
2025-11-04,SZ300257,开山股份,16.49,13568528,954690200,993635018,1638504.144682
2025-11-04,SZ300256,星星科技,4.2,34371400,2243393386,2268393386,952725.22212
2025-11-04,SZ300254,仟源医药,10.95,6799800,224377905,256108563,280438.876485
2025-11-04,SZ300255,常山药业,55.84,74136796,917695878,919060878,5132035.942752
2025-11-04,SZ300258,精锻科技,13.45,14613735,569893138,585047243,786888.541835
2025-11-04,SZ000981,山子高科,3.8,849364273,9513356093,9997470888,3799038.93744
2025-11-04,SH600057,厦门象屿,8.85,90270769,2092510164,2840589339,2513921.565015
2025-11-04,SZ002612,朗姿股份,20.55,35158361,254739227,442445375,909225.245625
2025-11-04,SZ002613,北玻股份,3.94,10336260,772256538,1100568692,433624.064648
2025-11-04,SZ002611,东方精工,21.36,314735367,1002197707,1217286340,2600123.62224
2025-11-04,SZ300259,新天科技,4.6,143675468,1169533231,1169801516,538108.69736
2025-11-04,SZ300261,雅本化学,7.96,74907085,936173264,963309471,766794.338916
2025-11-04,SZ300260,新莱应材,55.69,23535102,287636945,407806752,2271075.801888
2025-11-04,SH601908,京运通,4.11,50575500,2414602861,2414602861,992401.775871
2025-11-04,SH600681,百川能源,4.82,189733817,1339808772,1340854810,646292.01842
2025-11-04,SZ002615,哈尔斯,8.08,5649548,305860707,466267732,376744.327456
2025-11-04,SZ002614,奥佳华,7.06,15972851,441004791,623478134,440175.562604
2025-11-04,SZ300265,通光线缆,9.58,27453253,458140462,458440087,439185.603346
2025-11-04,SZ300263,隆华科技,8.21,21165078,975529146,1035006302,849740.173942
2025-11-04,SZ300264,佳创视讯,5.94,13447120,370428953,430857518,255929.365692
2025-11-04,SH601677,明泰铝业,14.92,40840495,1218006627,1243523627,1855337.251484
2025-11-04,SZ002616,长青集团,6.1,14461986,586865822,858601922,523747.17242
2025-11-04,SZ002617,露笑科技,8.67,71097609,1891453762,1923005903,1667246.117901
2025-11-04,SZ300267,尔康制药,3.58,34862400,1422391891,2062604870,738412.54346
2025-11-04,SZ300266,兴源环境,2.71,31665158,1552818514,1553807314,421081.782094
2025-11-04,SZ300268,*ST佳沃,11.35,1619700,133707500,174200000,197717
2025-11-04,SH601633,长城汽车,22.47,13406487,6209243112,8557872012,19229538.410964
2025-11-04,SH600633,浙数文化,13.73,20827244,1268074472,1268074472,1741066.250056
2025-11-04,SZ002620,ST瑞和,5.72,9493550,315360303,377494000,215926.568
2025-11-04,SH601996,丰林集团,2.49,22869100,1120914416,1120914416,279107.689584
2025-11-04,SH600094,大名城,5.2,33789936,2126229950,2324950045,1208974.0234
2025-11-04,SZ300270,中威电子,10.15,17740700,260930248,302806028,307348.11842
2025-11-04,SZ300269,联建光电,5.31,18782500,525679603,549113825,291579.441075
2025-11-04,SZ002623,亚玛顿,20.25,3137500,198636125,199062500,403101.5625
2025-11-04,SH601669,中国电建,5.61,105392335,13071525850,17226159334,9663875.386374
2025-11-04,SZ002622,皓宸医疗,3.46,27383600,839975250,840000000,290640
2025-11-04,SH600313,农发种业,6.47,16706544,1082198663,1082198663,700182.534961
2025-11-04,SZ300271,华宇软件,8.09,15555922,797242504,811860673,656795.284457
2025-11-04,SH601100,恒立液压,89.8,7268976,1340820992,1340820992,12040572.50816
2025-11-04,SZ002624,完美世界,17.47,49833973,1827733041,1939968404,3389124.801788
2025-11-04,SZ002626,金达威,19.98,7562708,609842271,609934771,1218649.672458
2025-11-04,SZ300275,梅安森,12.84,10911665,252820985,307667668,395045.285712
2025-11-04,SZ300274,阳光电源,187.19,103821903,1589709449,2073211424,38808444.645856
2025-11-04,SZ300272,开能健康,6.69,18175209,465372015,611469472,409073.076768
2025-11-04,SZ002628,成都路桥,4.5,11392500,753784802,757100415,340695.18675
2025-11-04,SZ002627,三峡旅游,6.12,41512640,717107567,724601378,443456.043336
2025-11-04,SZ002629,仁智股份,8.77,21828900,423294250,426098000,373687.946
2025-11-04,SZ002625,光启技术,45.37,46780953,2154580737,2154587862,9775365.129894
2025-11-04,SZ002631,德尔未来,5.42,14032380,793572352,797282881,432127.321502
2025-11-04,SZ002630,ST华西,3.01,38974220,1030272887,1180800000,355420.8
2025-11-04,SZ002592,ST八菱,8.19,5450200,262716370,283331157,232048.217583
2025-11-04,SZ300276,三丰智能,9.27,19996324,1057124061,1401042990,1298766.85173
2025-11-04,SZ002632,道明光学,10.45,11715068,581886011,624599090,652706.04905
2025-11-04,SZ002633,申科股份,18.43,2352100,149418750,150000000,276450
2025-11-04,SZ300277,海联讯,14.5,20417116,341314746,341700000,495465
2025-11-04,SZ002636,金安国纪,14.41,57012083,724315417,728000000,1049048
2025-11-04,SZ002637,赞宇科技,11.24,9948704,442723150,470401000,528730.724
2025-11-04,SZ002638,勤上股份,2.88,112111820,1347057259,1436594349,413739.172512
2025-11-04,SZ002635,安洁科技,13.95,5511520,395351687,659686776,920263.05252
2025-11-04,SH601928,凤凰传媒,10.13,16744747,2544900000,2544900000,2577983.7
2025-11-04,SZ000719,中原传媒,12.31,9223697,667147543,1023203749,1259563.815019
2025-11-04,SZ002639,雪人集团,12.45,179222508,650619306,772602178,961889.71161
2025-11-04,SZ002634,棒杰股份,5.45,58279600,446514538,459352513,250347.119585
2025-11-04,SZ002640,跨境通,5.06,91658500,1548262005,1558041330,788368.91298
2025-11-04,SZ002641,公元股份,4.31,16625682,1133994653,1229093871,529739.458401
2025-11-04,SH601555,东吴证券,9.42,46804257,4968702837,4968702837,4680518.072454
2025-11-04,SZ300278,华昌达,5.61,15866700,1417065180,1421506508,797465.150988
2025-11-04,SH601336,新华保险,66.75,16831168,2085439340,3119546600,20822973.555
2025-11-04,SZ002642,荣联科技,9.06,19954400,661580313,661580313,599391.763578
2025-11-04,SZ002645,华宏科技,16.35,29575892,558927551,627600360,1026126.5886
2025-11-04,SZ002643,万润股份,13.6,20498074,909295570,922959225,1255224.546
2025-11-04,SZ002644,佛慈制药,9.09,3781400,510657000,510657000,464187.213
2025-11-04,SZ002646,天佑德酒,9.68,3131001,475929624,479107974,463776.518832
2025-11-04,SZ002648,卫星化学,17.39,40641224,3366482485,3368645690,5858074.85491
2025-11-04,SZ002647,*ST仁东,7,11921175,677735988,1130291657,791204.1599
2025-11-04,SZ300281,金明精机,7.65,5043200,397325912,418923580,320476.5387
2025-11-04,SZ300279,和晶科技,7.57,7006400,462669455,489099490,370248.31393
2025-11-04,SZ002650,ST加加,6.94,6721800,1151962700,1152000200,799488.1388
2025-11-04,SZ002649,博彦科技,13.55,8225801,548543370,585344532,793141.84086
2025-11-04,SZ002651,利君股份,11.13,9473300,565463641,1033460000,1150240.98
2025-11-04,SZ300283,温州宏丰,7.62,27200836,367218502,496978222,378697.405164
2025-11-04,SZ300284,苏交科,8.65,28060133,1197352359,1262827774,1092346.02451
2025-11-04,SZ300286,安科瑞,25.32,5626502,211829429,250784655,634986.74646
2025-11-04,SZ300285,国瓷材料,22.49,15312981,841344847,997048299,2242361.624451
2025-11-04,SZ002653,海思科,53.89,4481155,481497408,1119917970,6035237.94033
2025-11-04,SZ002652,扬子新材,3.98,19338260,512064000,512064000,203801.472
2025-11-04,SZ300287,飞利信,5.5,33778764,1318221968,1435273808,789400.5944
2025-11-04,SZ300291,百纳千成,6.42,21870300,930758644,941889651,604693.155942
2025-11-04,SH601515,衢州东峰,4.75,24076703,1863651350,1863651350,885234.39125
2025-11-04,SZ300288,朗玛信息,14.83,17481966,256569391,337941402,501167.099166
2025-11-04,SZ300289,利德曼,7.72,11112100,543156487,544011487,419976.867964
2025-11-04,SZ300290,荣科科技,28.11,47606117,639542444,639732569,1798288.251459
2025-11-04,SZ002655,共达电声,12.44,7308200,359901075,360000000,447840
2025-11-04,SZ002654,万润科技,15.9,56759535,845242544,845302544,1344031.04496
2025-11-04,SH601231,环旭电子,23.34,25435171,2200942377,2200942377,5136999.507918
2025-11-04,SH601929,吉视传媒,4.48,1063267665,3489788168,3489788168,1563425.099264
2025-11-04,SZ002656,*ST摩登,2.51,15588372,676589803,712519844,178842.480844
2025-11-04,SZ002657,中科金财,30.7,18288460,336287015,340051995,1043959.62465
2025-11-04,SZ300292,吴通控股,4.68,21421425,1115944813,1341764974,627946.007832
2025-11-04,SZ300293,蓝英装备,22.93,4551500,280335917,338438106,776038.577058
2025-11-04,SZ300294,博雅生物,25.11,2893193,504248738,504248738,1266168.581118
2025-11-04,SZ002662,峰璟股份,3.89,22770828,1499981100,1500000000,583500
2025-11-04,SH601800,中国交建,8.72,20851848,11778437225,16278611425,14194949.1626
2025-11-04,SZ002658,雪迪龙,8.43,13344295,358657749,635760924,535946.458932
2025-11-04,SZ002659,凯文教育,6,17910200,598277572,598280384,358968.2304
2025-11-04,SZ300296,利亚德,6.73,61064736,2274185250,2711977222,1825160.670406
2025-11-04,SZ300295,三六五网,13.16,4460538,167525888,189613714,249531.647624
2025-11-04,SZ002660,茂硕电源,9.53,4512900,342986710,356626019,339864.596107
2025-11-04,SZ002664,信质集团,26.14,17260700,402576088,408200000,1067034.8
2025-11-04,SZ002663,普邦股份,2.44,40835939,1292892119,1723348902,420497.132088
2025-11-04,SZ002661,克明食品,9.64,2551899,314571817,333137742,321144.783288
2025-11-04,SZ300299,富春股份,6.82,35204068,689223085,690300085,470784.65797
2025-11-04,SZ300298,三诺生物,18.61,7202500,451300698,560267306,1042657.456466
2025-11-04,SZ300303,聚飞光电,6.63,22409268,1327953436,1415605527,938546.464401
2025-11-04,SZ300300,海峡创新,12.97,296202462,666804612,666847062,864900.639414
2025-11-04,SZ300304,云意电气,12.09,26379900,855535484,878143718,1061675.755062
2025-11-04,SZ300302,同有科技,22.3,40996066,368813895,479263798,1068758.26954
2025-11-04,SZ300301,ST长方,2.37,16150100,789876719,829868769,196678.898253
2025-11-04,SZ002666,德联集团,5.45,10774200,500668201,787999301,429459.619045
2025-11-04,SH601238,广汽集团,7.78,24085004,7383697595,10197065900,7933317.2702
2025-11-04,SZ300307,慈星股份,7.17,8776300,782211234,794248776,569476.372392
2025-11-04,SZ300305,裕兴股份,6.54,4462400,321475817,375400292,245511.790968
2025-11-04,SZ300306,远方信息,12.89,2755400,157602490,268958778,346687.864842
2025-11-04,SZ002667,威领股份,12.3,10692328,236611000,260591500,320527.545
2025-11-04,SZ300308,中际旭创,477.8,36085368,1105500482,1111118334,53089233.99852
2025-11-04,SH601012,隆基绿能,21.35,195737981,7578052584,7578060130,16179158.37755
2025-11-04,SZ002669,康达新材,13.48,6665500,301898350,303400000,408983.2
2025-11-04,SZ002668,TCL智家,11.1,34821277,1084111428,1084111428,1203363.68508
2025-11-04,SZ002670,国盛证券,21.09,39363000,1623350634,1935084653,4081093.533177
2025-11-04,SH601388,怡球资源,3.15,59637274,2201222616,2201222616,693385.12404
2025-11-04,SZ300311,ST任子行,4.97,12637860,537409093,673630150,334794.18455
2025-11-04,SZ300310,宜通世纪,6.12,18992878,691890446,881658531,539575.020972
2025-11-04,SZ300313,*ST天山,8.51,5560600,197352789,312977396,266343.763996
2025-11-04,SH603001,奥康国际,9.08,12954000,400980000,400980000,364089.84
2025-11-04,SZ002671,龙泉股份,5.34,14438500,550263523,563694346,301012.780764
2025-11-04,SZ002672,东江环保,5.04,13213244,905118302,1105255802,557048.924208
2025-11-04,SH603000,人民网,20.45,14223255,1105691056,1105691056,2261138.20952
2025-11-04,SH603123,翠微股份,12.82,46959264,652275949,798736665,1023980.40453
2025-11-04,SZ002673,西部证券,8.61,29710801,4109178858,4469581705,3848309.848005
2025-11-04,SH603333,尚纬股份,8.2,8572300,621527586,621527586,509652.62052
2025-11-04,SZ002674,兴业科技,14.01,2811500,292563652,295550944,414066.872544
2025-11-04,SZ300314,戴维医疗,13.57,3497400,143741448,288000000,390816
2025-11-04,SZ300316,晶盛机电,38.18,14805614,1231555433,1309533797,4999800.036946
2025-11-04,SZ300317,珈伟新能,4.09,20489100,828913405,830188405,339547.057645
2025-11-04,SZ300315,掌趣科技,5.26,55418338,2583027657,2707611003,1424203.387578
2025-11-04,SH603002,宏昌电子,7.19,12976550,1134078509,1134078509,815402.447971
2025-11-04,SH603366,日出东方,10.23,33503991,813048101,813048101,831748.207323
2025-11-04,SZ300321,同大股份,47.39,1951400,88695900,88800000,420823.2
2025-11-04,SZ300319,麦捷科技,12.69,20343986,828991794,879095862,1115572.648878
2025-11-04,SZ300318,博晖创新,5.86,7143897,798539484,816900495,478703.69007
2025-11-04,SZ002677,浙江美大,7.64,13368100,534870719,646051647,493583.458308
2025-11-04,SZ002676,顺威股份,8.53,15099480,719976459,720000000,614160
2025-11-04,SZ002675,东诚药业,15.39,8788271,743383994,824595705,1269052.789995
2025-11-04,SH603128,华贸物流,6.11,14334887,1309046494,1309046494,799827.407834
2025-11-04,SZ002678,珠江钢琴,5.03,22123457,1357574448,1358320323,683235.122469
2025-11-04,SZ300323,华灿光电,7.88,18024300,879259866,1622998797,1278923.052036
2025-11-04,SZ300320,海达股份,9.66,17694111,485787750,601234191,580792.228506
2025-11-04,SZ002681,奋达科技,6.63,30627258,1532680780,1794652232,1189854.429816
2025-11-04,SZ002679,福建金森,15.14,41195757,235756000,235756000,356934.584
2025-11-04,SZ300322,硕贝德,23.98,19142504,440430763,460038153,1103171.490894
2025-11-04,SZ300324,旋极信息,5.85,76506603,1709990848,1727590595,1010640.498075
2025-11-04,SH601965,中国汽研,17.29,2431800,998169777,1003054887,1734281.899623
2025-11-04,SZ002683,广东宏大,40.86,12720353,660385192,760002247,3105369.181242
2025-11-04,SZ002682,龙洲股份,5.11,79557950,562360194,562368594,287370.351534
2025-11-04,SH601339,百隆东方,5.22,21489849,1499569000,1499569000,782775.018
2025-11-04,SZ002685,华东重机,7.47,20316100,1007556316,1007690641,752744.908827
2025-11-04,SZ300326,ST凯利,5.87,5383900,712047440,717012682,420886.444334
2025-11-04,SZ300327,中颖电子,26.36,10822190,340315158,341370172,899851.773392
2025-11-04,SZ000722,湖南发展,13.19,24707223,464158282,464158282,612224.773958
2025-11-04,SZ300328,宜安科技,16.76,59435733,686366725,690423600,1157149.9536
2025-11-04,SZ300329,海伦钢琴,18.58,9581226,252128487,252888780,469867.35324
2025-11-04,SZ300332,天壕能源,6.06,25855992,829635534,865116884,524260.831704
2025-11-04,SZ300331,苏大维格,34.82,13014773,210215970,259662286,904144.079852
2025-11-04,SZ300333,兆日科技,12.12,8234000,334780067,336000000,407232
2025-11-04,SH600455,博通股份,28.24,1294700,62458000,62458000,176381.392
2025-11-04,SZ002686,亿利达,6.47,7989100,522732608,566239133,366356.719051
2025-11-04,SZ300334,津膜科技,7.54,8062600,302029761,302065356,227757.278424
2025-11-04,SH601608,中信重工,7.25,100580103,4550567930,4579553437,3320176.241825
2025-11-04,SZ300335,迪森股份,6.11,15716000,384161164,477012388,291454.569068
2025-11-04,SZ002687,乔治白,4.97,13437502,413449634,504779491,250875.407027
2025-11-04,SZ002688,金河生物,6.18,18516900,747463617,771634398,476870.057964
2025-11-04,SZ002689,ST远智,5.15,120200500,1042911524,1043310725,537305.023375
2025-11-04,SH603008,喜临门,17.03,9340171,368292435,368292435,627202.016805
2025-11-04,SZ300337,银邦股份,10.38,22823986,711388083,821924149,853157.266662
2025-11-04,SZ300339,润和软件,63.06,64205288,777686667,796410841,5022166.763346
2025-11-04,SZ300340,科恒股份,14.29,9949800,273464562,275893365,394251.618585
2025-11-04,SZ300342,天银机电,18.5,15781627,418798863,425035113,786314.95905
2025-11-04,SZ300338,ST开元,4.12,20917602,349361242,402624692,165881.373104
2025-11-04,SZ300341,麦克奥迪,18.88,28210429,515368536,517410336,976870.714368
2025-11-04,SZ002691,冀凯股份,8.43,8336244,335980305,340000000,286620
2025-11-04,SH603077,和邦生物,2.17,146096545,8831391228,8831391228,1916411.896476
2025-11-04,SZ002690,美亚光电,20.71,7778030,433626565,882235050,1827108.78855
2025-11-04,SZ300343,ST联创,5.23,14676365,1066219389,1068969119,559070.849237
2025-11-04,SZ300345,华民股份,6.76,11452100,447301193,580183943,392204.345468
2025-11-04,SZ300344,*ST立方,4.9,52874800,639994166,641706416,314436.14384
2025-11-04,SZ000863,三湘印象,3.92,18009660,1163615418,1180699560,462834.22752
2025-11-04,SZ300346,南大光电,38.68,20490135,656551079,691156903,2673394.900804
2025-11-04,SH601038,一拖股份,13.14,5836043,731705275,1123645275,1476469.89135
2025-11-04,SZ002693,*ST双成,8.21,16063200,410981596,414689750,340460.28475
2025-11-04,SZ002692,远程股份,5.34,12187070,717708975,718146000,383489.964
2025-11-04,SH603766,隆鑫通用,14.38,41996688,2053541850,2053541850,2952993.1803
2025-11-04,SZ002694,顾地科技,4.36,7245500,718780700,763084800,332704.9728
2025-11-04,SZ300349,金卡智能,14.87,24270270,370351092,418337213,622067.435731
2025-11-04,SZ300347,泰格医药,59.28,11051561,566214206,861026050,5104162.4244
2025-11-04,SZ300348,长亮科技,14.66,13649057,708206141,810751526,1188561.737116
2025-11-04,SZ300350,华鹏飞,6.51,15975880,471565417,562012279,365869.993629
2025-11-04,SH603399,永杉锂业,10.51,18193900,512290649,512290649,538417.472099
2025-11-04,SZ002695,煌上煌,12.9,7092700,511336184,559466901,721712.30229
2025-11-04,SZ002696,百洋股份,6.97,13620730,334486948,346362262,241414.496614
2025-11-04,SZ002697,红旗连锁,5.53,18829685,1144902500,1360000000,752080
2025-11-04,SH603167,渤海轮渡,10.65,7098500,469144503,469144503,499638.895695
2025-11-04,SZ002698,博实股份,16.03,8993287,841438449,1022561271,1639165.717413
2025-11-04,SZ300352,北信源,6.2,52770962,1276610882,1449824087,898890.93394
2025-11-04,SZ300351,永贵电器,17.37,12114752,262965260,388956965,675618.248205
2025-11-04,SZ300354,东华测试,52.15,6825500,81308594,138320201,721339.848215
2025-11-04,SZ002700,万憬能源,7.28,6334400,263464874,413628185,301121.31868
2025-11-04,SZ300355,蒙草生态,4.52,218116728,1298468958,1604242081,725117.420612
2025-11-04,SZ300353,东土科技,23.53,40185913,537259022,614892881,1446842.948993
2025-11-04,SH603993,洛阳钼业,15.73,206562804,17460842176,21394310176,33653249.906848
2025-11-04,SZ002701,奥瑞金,5.88,35187158,2557405761,2559760469,1505139.155772
2025-11-04,SZ002702,海欣食品,4.93,18259870,458743750,555760000,273989.68
2025-11-04,SZ000156,华数传媒,8.13,17038807,1699875877,1852932442,1506434.075346
2025-11-04,SZ002703,浙江世宝,13.96,33698935,586048074,822632384,1148394.808064
2025-11-04,SZ000498,山东路桥,6.18,13961421,1449346561,1552440806,959408.418108
2025-11-04,SH600817,宇通重工,11.56,2636175,529244346,533304346,616499.823976
2025-11-04,SZ000831,中国稀土,49.4,27099492,1061220807,1061220807,5242430.78658
2025-11-04,SZ000403,派林生物,15.7,6070372,940710132,950397386,1492123.89602
2025-11-04,SZ000681,视觉中国,22.3,55456029,676102568,700577436,1562287.68228
2025-11-04,SZ000757,浩物股份,5.56,37636293,532706020,532716095,296190.14882
2025-11-04,SH600556,天下秀,6.65,228677256,1807747642,1807747642,1202152.18193
2025-11-04,SZ000657,中钨高新,22.77,115632210,1246979358,2278604400,5188382.2188
2025-11-04,SZ000672,上峰水泥,10.74,15230680,969395450,969395450,1041130.7133
2025-11-04,SZ000688,国城矿业,16.45,30490526,1125392701,1125397021,1851278.099545
2025-11-04,SZ000820,*ST节能,2.96,21072400,296966877,646555179,191380.332984
2025-11-04,SH600698,湖南天雁,9.93,11221790,830345271,1068637732,1061157.267876
2025-11-04,SZ000545,金浦钛业,2.86,36984249,985403096,986833096,282234.265456
2025-11-04,SZ000333,美的集团,75.16,30260649,6919903689,7672506592,57666559.545472
2025-11-04,SH600023,浙能电力,5.25,64614118,13408732749,13408732749,7039584.693225
2025-11-04,SH603699,纽威股份,54.45,7448546,754689893,775526127,4222739.761515
2025-11-04,SZ002708,光洋股份,13.56,21442078,513995122,562097967,762204.843252
2025-11-04,SZ300357,我武生物,34.06,8148811,484064205,523584000,1783327.104
2025-11-04,SZ300360,炬华科技,15.76,12589118,500276637,514187126,810358.910576
2025-11-04,SZ300359,全通教育,5.7,9126730,633301697,633333422,361000.05054
2025-11-04,SZ002706,良信股份,10.9,36699320,914989590,1123125020,1224206.2718
2025-11-04,SZ300358,楚天科技,11.33,57873227,576266940,590305223,668815.817659
2025-11-04,SZ002705,新宝股份,14.95,7057496,808103400,811875780,1213754.2911
2025-11-04,SH603308,应流股份,39.55,18506782,679036441,679036441,2685589.124155
2025-11-04,SZ002712,思美传媒,5.79,16051700,540900273,544276198,315135.918642
2025-11-04,SZ300368,汇金股份,17.42,44334000,528943475,528943475,921419.53345
2025-11-04,SZ300373,扬杰科技,68.04,12018118,542147860,543347787,3696938.342748
2025-11-04,SZ002707,众信旅游,7.1,24206343,825207225,982715033,697727.67343
2025-11-04,SZ300365,恒华科技,6.52,16198540,511724617,599855469,391105.765788
2025-11-04,SZ002709,天赐材料,39.56,104901238,1384917203,1914356799,7573195.496844
2025-11-04,SZ300371,汇中股份,13.2,3395282,134410381,201217296,265606.83072
2025-11-04,SZ300370,安控科技,2.93,21311600,1324847224,1565376225,458655.233925
2025-11-04,SZ300378,鼎捷数智,54,17329065,269380580,271392830,1465521.282
2025-11-04,SZ300375,鹏翎股份,5.15,21593882,509537225,759738818,391265.49127
2025-11-04,SZ300366,ST创意,6.85,12865238,530502490,607576150,416189.66275
2025-11-04,SZ002721,金一文化,3.3,33635500,2659378615,2659378615,877594.94295
2025-11-04,SZ300376,易事特,5.43,15153400,2327434901,2328240476,1264234.578468
2025-11-04,SZ300377,赢时胜,19.99,17736976,661687219,751003080,1501255.15692
2025-11-04,SH601225,陕西煤业,23.55,37399371,9695000000,9695000000,22831725
2025-11-04,SZ002722,物产金轮,16.37,3435375,191286179,222372010,364022.98037
2025-11-04,SZ002716,湖南白银,6.13,99197975,2324854230,2823088646,1730553.339998
2025-11-04,SZ002718,友邦吊顶,27.49,5490011,56505890,131447829,361350.081921
2025-11-04,SZ300379,东通退,2.18,55165564,526637564,557922828,121627.176504
2025-11-04,SZ300380,安硕信息,45.88,3407500,127365543,138439050,635158.3614
2025-11-04,SZ300381,溢多利,7.05,5930076,489340774,491061461,346198.330005
2025-11-04,SZ002714,牧原股份,49.5,42011412,3810595164,5462771029,27040716.59355
2025-11-04,SZ002719,麦趣尔,9.49,6873400,161861095,174139457,165258.344693
2025-11-04,SZ300382,斯莱克,15.11,21587285,648338222,648399994,979732.390934
2025-11-04,SZ002725,跃岭股份,14.96,11207600,212013809,256000000,382976
2025-11-04,SZ300363,博腾股份,25.51,14151724,500443767,545464520,1391479.99052
2025-11-04,SZ002723,小崧股份,7.87,8229000,317113683,332349876,261559.352412
2025-11-04,SZ300383,光环新网,13.37,33465466,1793554131,1797592847,2403381.636439
2025-11-04,SZ300369,绿盟科技,8.3,24192998,808055928,810621887,672816.16621
2025-11-04,SH603005,晶方科技,28.73,20324418,652171706,652171706,1873689.311338
2025-11-04,SH603288,海天味业,37.75,16254622,5560600544,5851824944,22090639.1636
2025-11-04,SZ002713,*ST东易,12.55,31206663,411500831,419536980,526518.9099
2025-11-04,SZ002715,登云股份,22.44,5114100,138000000,138000000,309672
2025-11-04,SZ002717,ST岭南,1.93,133249844,1615200070,1820233558,351305.076694
2025-11-04,SZ300386,飞天诚信,17.5,4928609,250757653,418044000,731577
2025-11-04,SZ002726,龙大美食,4.8,12855025,1077113189,1079160689,517997.13072
2025-11-04,SZ300385,雪浪环境,5.74,10179080,290662633,333145932,191225.764968
2025-11-04,SH603006,联明股份,14.75,4285400,254254250,254254250,375025.01875
2025-11-04,SH603328,依顿电子,11.08,11070462,998442611,998442611,1106274.412988
2025-11-04,SH603168,莎普爱思,8.05,6048386,322592499,374126505,301171.836525
2025-11-04,SZ002727,一心堂,13.4,8548844,397312433,585604125,784709.5275
2025-11-04,SZ300387,富邦科技,9.27,4535200,288956645,289057018,267955.855686
2025-11-04,SH603369,今世缘,38.13,8830462,1246800037,1246800037,4754048.541081
2025-11-04,SH603009,北特科技,46.89,7594099,338408970,338526168,1587349.201752
2025-11-04,SZ002728,特一药业,11.38,88088437,376473716,512661866,583409.203508
2025-11-04,SH603126,中材节能,7.31,18647250,610500000,610500000,446275.5
2025-11-04,SZ300390,天华新能,33.42,52910691,672536570,830750788,2776369.133496
2025-11-04,SZ300384,三联虹普,16.82,2252612,220232669,319007265,536570.21973
2025-11-04,SZ300388,节能国祯,8.93,10910900,679804254,681042231,608170.712283
2025-11-04,SZ300389,艾比森,16.84,7534100,233181321,369100317,621564.933828
2025-11-04,SZ300391,*ST长药,3.51,14652603,350336112,350336112,122967.975312
2025-11-04,SH603111,康尼机电,7.3,12414000,846509779,862030672,629282.39056
2025-11-04,SH603100,川仪股份,23.39,4881800,510000559,513173176,1200312.058664
2025-11-04,SZ000751,锌业股份,3.93,76325255,1409868779,1615630595,634942.823835
2025-11-04,SH603609,禾丰股份,7.63,4530100,912491034,912491034,696230.658942
2025-11-04,SH603099,长白山,57.91,27783197,266670000,266670000,1544285.97
2025-11-04,SH601579,会稽山,21.49,8975801,479463409,479463409,1030366.865941
2025-11-04,SH603806,福斯特,15.92,23380293,2608739124,2608739124,4153112.685408
2025-11-04,SH603188,亚邦股份,4.9,120024700,570170000,570170000,279383.3
2025-11-04,SZ300396,迪瑞医疗,13.69,2282180,272290169,272700161,373326.520409
2025-11-04,SZ300395,菲利华,76.36,15493299,511629529,522267673,3988035.951028
2025-11-04,SZ300397,天和防务,12.53,9158541,405505408,517636745,648598.841485
2025-11-04,SZ002729,好利科技,14.87,4899422,175463711,182969920,272076.27104
2025-11-04,SZ300393,中来股份,6.23,28589091,955905050,1089627358,678837.844034
2025-11-04,SH603306,华懋科技,49.15,5618980,329489400,329489400,1619440.401
2025-11-04,SH601016,节能风电,3.11,48222872,5933833471,6440379790,2002958.11469
2025-11-04,SH600917,重庆燃气,5.89,5050046,1561039760,1561039760,919452.41864
2025-11-04,SZ300398,飞凯材料,22.66,16492196,563850241,566946450,1284700.6557
2025-11-04,SZ300399,天利科技,27.9,5839890,197580725,197600000,551304
2025-11-04,SH603169,兰石重装,10.54,248199814,1306291798,1306291798,1376831.555092
2025-11-04,SZ002730,电光科技,16.22,8655200,346029880,362079880,587293.56536
2025-11-04,SZ300401,花园生物,13.62,5054310,534617282,543469831,740205.909822
2025-11-04,SH603010,万盛股份,11.36,15801400,589578593,589578593,669761.281648
2025-11-04,SZ300402,宝色股份,26.22,55074764,243618497,246790497,647084.683134
2025-11-04,SZ300400,劲拓股份,22.49,4607400,239923400,242625800,545665.4242
2025-11-04,SH603456,九洲药业,19.75,26095623,889446028,889446028,1756655.9053
2025-11-04,SH603018,华设集团,7.79,6315874,683796403,683796403,532677.397937
2025-11-04,SH603606,东方电缆,62.06,6767701,687715368,687715368,4267961.573808
2025-11-04,SZ300403,汉宇集团,13.97,13126578,427063593,603000000,842391
2025-11-04,SZ300405,科隆股份,6.52,7617440,218823359,284372671,185410.981492
2025-11-04,SZ300406,九强生物,13.66,2737679,424416455,586308628,800897.585848
2025-11-04,SH603688,石英股份,39.39,14465575,541678289,541678289,2133670.780371
2025-11-04,SH603988,中电电机,26.19,10139454,235200000,235200000,615988.8
2025-11-04,SZ002724,海洋王,7.13,7253645,571765616,771497994,550078.069722
2025-11-04,SZ002731,ST萃华,12.87,6972380,229656400,256156000,329672.772
2025-11-04,SH601015,陕西黑猫,4.45,95991852,2042497639,2042497639,908911.449355
2025-11-04,SH603019,中科曙光,107.22,34547080,1462706864,1463115784,15687527.436048
2025-11-04,SH603011,合锻智能,23.02,49878824,494414437,494414437,1138142.033974
2025-11-04,SH603088,宁波精达,12.04,35917913,437871840,502387966,604875.111064
2025-11-04,SH603166,福达股份,15.36,18258242,640715651,646208651,992576.487936
2025-11-04,SZ300407,凯发电气,12.29,9139700,242040009,318200493,391068.405897
2025-11-04,SZ002733,雄韬股份,22.26,19937438,368862759,384214913,855262.396338
2025-11-04,SZ300408,三环集团,50.96,25952573,1869808017,1916497371,9766470.602616
2025-11-04,SZ300409,道氏技术,23.08,32966275,687489642,782248953,1805430.583524
2025-11-04,SH603518,锦泓集团,9.26,5196400,344691484,346200184,320581.370384
2025-11-04,SZ002735,王子新材,16.79,39176928,280463510,382006553,641389.002487
2025-11-04,SH603368,柳药集团,18.69,4293464,397168905,397168905,742308.683445
2025-11-04,SH603998,方盛制药,11.8,10532400,439081360,439081360,518116.0048
2025-11-04,SZ002732,燕塘乳业,17.54,2641300,156498811,157350000,275991.9
2025-11-04,SH601969,海南矿业,9.66,40639048,1981800951,1998248251,1930307.810466
2025-11-04,SH601226,华电科工,7.57,17602150,1162223700,1165722300,882451.7811
2025-11-04,SH603588,高能环境,7.34,26143544,1523234457,1523234457,1118054.091438
2025-11-04,SZ002736,国信证券,13.8,33645395,9612429377,10241743060,14133605.4228
2025-11-04,SH603636,南威软件,12.49,26224882,580360523,580360523,724870.293227
2025-11-04,SZ002738,中矿资源,55.08,25023368,711041693,721491877,3973977.258516
2025-11-04,SZ002737,葵花药业,14.51,3760858,584000000,584000000,847384
2025-11-04,SZ300412,迦南科技,5.68,21057920,467861646,497756637,282725.769816
2025-11-04,SZ300411,金盾股份,12.2,7253800,309115500,406520007,495954.40854
2025-11-04,SZ300410,正业科技,9.33,10364611,366994598,367114797,342518.105601
2025-11-04,SH603017,中衡设计,9.99,4575500,276190293,276190293,275914.102707
2025-11-04,SH603889,新澳股份,7.61,10453300,720658743,730297443,555756.354123
2025-11-04,SH603788,宁波高发,16.58,2307700,223065068,223065068,369841.882744
2025-11-04,SZ300413,芒果超媒,29.89,27128258,1021699958,1870720815,5591584.516035
2025-11-04,SH601021,春秋航空,54.17,7171289,978333423,978333423,5299632.152391
2025-11-04,SZ300364,中文在线,29.46,72814420,660411373,728500118,2146161.347628
2025-11-04,SZ300418,昆仑万维,45.82,64829218,1254490703,1255356953,5752045.558646
2025-11-04,SZ300419,ST浩丰,8.04,20077792,367753770,367753770,295674.03108
2025-11-04,SH601069,西部黄金,26.45,14888400,887188443,910999123,2409592.680335
2025-11-04,SH603601,再升科技,4.72,26630480,1030142958,1030142958,486227.476176
2025-11-04,SZ300416,苏试试验,15.48,8286644,505143444,508547806,787232.003688
2025-11-04,SZ002739,万达电影,11.17,33063330,2085454617,2111778708,2358856.816836
2025-11-04,SZ300417,南华仪器,13.99,4582439,87562238,134563200,188253.9168
2025-11-04,SH603600,永艺股份,11.87,14692400,300038034,330433170,392224.17279
2025-11-04,SZ300415,伊之密,24.37,13469436,453092139,468562084,1141885.798708
2025-11-04,SZ000166,申万宏源,5.46,71633926,22535507316,25039944560,13671809.72976
2025-11-04,SH603686,福龙马,33.47,125484523,415430404,415430404,1390445.562188
2025-11-04,SH603678,火炬电子,33.42,11384866,475566631,475566631,1589343.680802
2025-11-04,SH603899,晨光股份,27.89,3294800,920970377,920970377,2568586.381453
2025-11-04,SZ002734,利民股份,18.08,12370454,402588469,444076098,802889.585184
2025-11-04,SH603558,健盛集团,12.33,11274879,342638049,342638049,422472.714417
2025-11-04,SH603698,航天工程,19.52,10342772,535990000,535990000,1046252.48
2025-11-04,SH603611,诺力股份,24.51,4263670,257600791,257600791,631379.538741
2025-11-04,SH603799,华友钴业,59.9,76856587,1884078917,1896097297,11357622.80903
2025-11-04,SZ002741,光华科技,20.61,15001766,426358415,465022310,958410.98091
2025-11-04,SZ300425,中建环能,5.35,9340897,679070327,682224853,364990.296355
2025-11-04,SZ002746,仙坛股份,6.34,11886750,709676227,860538727,545581.552918
2025-11-04,SZ300423,昇辉科技,8.31,54794250,333360483,497511290,413431.88199
2025-11-04,SZ002745,木林森,8.65,14308618,1064676029,1484166399,1283803.935135
2025-11-04,SH603898,好莱客,11.07,16449100,311345062,311345062,344658.983634
2025-11-04,SZ300420,五洋自控,4.05,23235817,1116296861,1116383561,452135.342205
2025-11-04,SZ300421,力星股份,22.36,41819853,230344072,294030484,657452.162224
2025-11-04,SZ002743,富煌钢构,5.52,9547600,434570978,435268478,240268.199856
2025-11-04,SZ300426,华智数媒,9.58,8397100,400000000,450382810,431466.73198
2025-11-04,SH603939,益丰药房,23.76,9840035,1212391897,1212417413,2880703.773288
2025-11-04,SZ300422,博世科,5.2,6525277,511451890,533880389,277617.80228
2025-11-04,SZ300427,红相股份,6.81,52380591,503004888,508520298,346302.322938
2025-11-04,SZ300394,天孚通信,153.94,26954661,775852386,777415891,11967540.226054
2025-11-04,SH603618,杭电股份,8.14,22446842,691375616,691375616,562779.751424
2025-11-04,SH603222,济民健康,10.01,25280907,525090615,525090615,525615.705615
2025-11-04,SZ002742,*ST三圣,4.84,6502300,431858082,432000000,209088
2025-11-04,SH603118,共进股份,11.77,47200164,787276406,787276406,926624.329862
2025-11-04,SH601198,东兴证券,12.6,35614442,3232445520,3232445520,4072881.3552
2025-11-04,SH603828,ST柯利达,6.48,9181038,595939625,595960158,386182.182384
2025-11-04,SH603969,银龙股份,9.41,27340276,842903000,857344000,806760.704
2025-11-04,SH603997,继峰股份,13.93,25173671,1268012438,1268012438,1766341.326134
2025-11-04,SH603309,维力医疗,14.2,5097630,291871418,291871418,414457.41356
2025-11-04,SH603015,弘讯科技,12.59,7374826,404219000,404219000,508911.721
2025-11-04,SZ300433,蓝思科技,28.59,55420933,4971871044,5284327591,15107892.582669
2025-11-04,SH601689,拓普集团,69.15,62303697,1737835580,1737835580,12017133.0357
2025-11-04,SH603519,立霸股份,12.91,2496600,266327839,266327839,343829.240149
2025-11-04,SZ300430,诚益通,20.84,9173220,259854209,273046796,569029.522864
2025-11-04,SZ300374,中铁装配,16.46,6727500,194934600,245912337,404771.706702
2025-11-04,SZ002748,世龙实业,12.28,25870100,240000000,240000000,294720
2025-11-04,SZ300432,富临精工,17.67,78283045,1690555691,1709760242,3021146.347614
2025-11-04,SH603268,*ST松发,62.4,6149320,124168800,970778303,6057656.61072
2025-11-04,SZ300428,立中集团,23.53,8581517,557145182,639497151,1504736.796303
2025-11-04,SZ002747,埃斯顿,24.01,20994073,782405153,871018453,2091315.305653
2025-11-04,SZ002749,国光股份,14.27,1725700,453651032,466358550,665493.65085
2025-11-04,SH603030,全筑股份,3.89,258774048,1316933520,1316933520,512287.13928
2025-11-04,SH603158,腾龙股份,10.27,18051976,490770148,490770148,504020.941996
2025-11-04,SH603012,创力集团,5.83,12044400,646500000,646500000,376909.5
2025-11-04,SH600958,东方证券,10.77,64105957,7469482864,8496645292,9150886.979484
2025-11-04,SZ300429,强力新材,13.43,8711538,398633977,536304427,720256.845461
2025-11-04,SH603729,龙韵股份,17.75,3583380,93338000,93338000,165674.95
2025-11-04,SH603020,爱普股份,10.94,6884300,383237774,383237774,419262.124756
2025-11-04,SH603338,浙江鼎力,52.36,5714787,506347879,506347879,2651237.494444
2025-11-04,SH603199,九华旅游,34.9,1414940,110680000,110680000,386273.2
2025-11-04,SZ300435,中泰股份,20.18,10853200,368814630,385713000,778368.834
2025-11-04,SH603869,ST智知,10.44,2571875,494116588,494116588,515857.717872
2025-11-04,SZ002752,昇兴股份,6.38,90586594,976768468,976918468,623273.982584
2025-11-04,SZ300449,汉邦高科,7.25,5186840,385552712,386035989,279876.092025
2025-11-04,SZ300436,广生堂,111.88,14189231,136719819,159267000,1781879.196
2025-11-04,SZ300424,航新科技,17.59,50706511,245286592,245431474,431713.962766
2025-11-04,SZ300447,全信股份,14.96,5298620,201286915,312310375,467216.321
2025-11-04,SH603808,歌力思,8.89,5428140,369092878,369092878,328123.568542
2025-11-04,SZ300443,金雷股份,28.17,13989276,242774045,320134598,901819.162566
2025-11-04,SZ300439,美康生物,10.51,3076600,292332051,384318815,403919.074565
2025-11-04,SH603025,大豪科技,19.44,35418859,1109174773,1116654773,2170776.878712
2025-11-04,SH603818,曲美家居,4.03,9936200,686543855,686543855,276677.173565
2025-11-04,SZ300444,双杰电气,8.24,111985116,621446699,798625090,658067.07416
2025-11-04,SZ300440,运达科技,12.8,15007200,442223565,443918600,568215.808
2025-11-04,SZ300437,清水源,9.97,7373309,175810597,252422911,251665.642267
2025-11-04,SH603883,老百姓,16.87,16672838,758890236,758890236,1280247.828132
2025-11-04,SZ300446,航天智造,19.53,52885266,373560171,845410111,1651085.946783
2025-11-04,SH603703,盛洋科技,12.5,20243120,414982120,414982120,518727.65
2025-11-04,SZ300441,鲍斯股份,8.05,7666499,626549161,644415868,518754.77374
2025-11-04,SH603021,ST华鹏,5.33,12553740,319948070,319948070,170532.32131
2025-11-04,SZ300404,博济医药,10.04,6654085,280769982,385721698,387264.584792
2025-11-04,SZ300448,浩云科技,7.42,29458480,464543924,676517079,501975.672618
2025-11-04,SZ300438,鹏辉能源,49.25,55462473,404164238,503343360,2478966.048
2025-11-04,SH603567,珍宝岛,11.5,8962479,939540524,940996515,1082145.99225
2025-11-04,SZ300434,金石亚药,11.34,27767520,342121086,401743872,455577.550848
2025-11-04,SH603318,水发燃气,7.04,11964592,383544591,459070924,323185.930496
2025-11-04,SZ300442,润泽科技,50.62,26525637,1568412073,1634343573,8273047.166526
2025-11-04,SH603315,福鞍股份,13.18,12635000,313726264,320426264,422321.815952
2025-11-04,SZ300445,康斯特,20.19,4261000,142064743,212430013,428896.196247
2025-11-04,SH603789,*ST星农,5.99,3318340,260000000,270451400,162000.3886
2025-11-04,SH600959,江苏有线,3.74,64067677,5000717686,5000717686,1870268.414564
2025-11-04,SZ300414,中光防雷,12.11,9960598,313528580,326019466,394809.573326
2025-11-04,SH603355,莱克电气,25.87,3120666,573395470,573395470,1483374.08089
2025-11-04,SH603599,广信股份,11.69,8235009,910269345,910269345,1064104.864305
2025-11-04,SZ300457,赢合科技,28.51,15461425,637624858,649095713,1850571.877763
2025-11-04,SZ300456,赛微电子,25.49,46445187,597449078,732213134,1866411.278566
2025-11-04,SZ300451,创业慧康,4.92,57661007,1526693770,1549124692,762169.348464
2025-11-04,SH603718,海利生物,6.98,5999600,648979700,655662200,457652.2156
2025-11-04,SH603227,雪峰科技,9.03,8986114,974075458,1071692689,967738.498167
2025-11-04,SZ300452,山河药辅,13.57,4551504,186802542,234449862,318148.462734
2025-11-04,SZ300459,汤姆猫,4.71,107729503,3287193454,3515810939,1655946.952269
2025-11-04,SZ300453,三鑫医疗,9.83,13626597,359859715,522084275,513208.842325
2025-11-04,SZ300455,航天智装,25.12,114488041,708622436,717767936,1803033.055232
2025-11-04,SZ300458,全志科技,44.35,19079438,675674787,825427382,3660770.43917
2025-11-04,SZ002755,奥赛康,19.11,16416077,928151576,928160351,1773714.430761
2025-11-04,SH603989,艾华集团,16.9,6591626,401130603,401130603,677910.71907
2025-11-04,SZ002756,永兴材料,46.13,27449731,388730641,539101540,2486875.40402
2025-11-04,SZ300460,ST惠伦,9.61,4732960,280804251,280804251,269852.885211
2025-11-04,SH603968,醋化股份,12.01,3759800,204480000,204480000,245580.48
2025-11-04,SH603311,金海高科,12.63,9609100,235883907,235883907,297921.374541
2025-11-04,SZ300450,先导智能,52.9,85268041,1559414363,1566163034,8285002.44986
2025-11-04,SH603022,新通联,10.74,5021086,200000000,200000000,214800
2025-11-04,SH603566,普莱柯,13.94,3403200,346062273,346062273,482410.808562
2025-11-04,SZ002753,永东股份,7.26,4265500,242807864,375698488,272757.102288
2025-11-04,SZ300461,田中精机,20.51,3456100,114008765,157056692,322123.275292
2025-11-04,SZ002758,浙农股份,9.67,8783742,518311549,521399299,504193.122133
2025-11-04,SZ002757,南兴股份,17.82,5039400,282053921,295455913,526502.436966
2025-11-04,SH603108,润达医疗,16.81,27351290,603675824,603675824,1014779.060144
2025-11-04,SH603885,吉祥航空,13,12523899,2184005268,2184005268,2839206.8484
2025-11-04,SZ300468,四方精创,36.97,22181257,529794065,530649275,1961810.369675
2025-11-04,SH603023,威帝股份,4.29,10702185,558117407,558117407,239432.367603
2025-11-04,SH603598,引力传媒,17.26,12080559,268991027,269291027,464796.312602
2025-11-04,SZ300462,ST华铭,12.95,9844700,138034042,181221938,234682.40971
2025-11-04,SZ300467,迅游科技,25.86,6595500,168557274,203204897,525487.863642
2025-11-04,SZ002759,天际股份,31.1,118663105,500942093,501382605,1559299.90155
2025-11-04,SH603568,伟明环保,21.8,5861490,1701474119,1704558119,3715936.69942
2025-11-04,SZ300466,赛摩智能,9.9,7159080,448872162,535529908,530174.60892
2025-11-04,SZ300465,高伟达,21.6,25514440,443749357,443749357,958498.61112
2025-11-04,SH603669,灵康药业,5.63,7660740,721244755,721244755,406060.797065
2025-11-04,SH603918,金桥信息,18.27,31112001,365107526,365401826,667589.136102
2025-11-04,SH603198,迎驾贡酒,42.69,5216000,800000000,800000000,3415200
2025-11-04,SZ300463,迈克生物,11.76,5232400,491800160,604666624,711087.949824
2025-11-04,SH603300,海南华铁,7.79,128750624,1996783956,1996783956,1555494.701724
2025-11-04,SH603901,永创智能,13.07,34742421,480207994,487673944,637389.844808
2025-11-04,SH603026,石大胜华,62.58,14686048,202680000,232701014,1456242.945612
2025-11-04,SZ300464,星徽股份,7.56,31350000,355342675,457819663,346111.665228
2025-11-04,SZ300475,香农芯创,143.73,35331448,444267767,463773767,6665820.353091
2025-11-04,SZ300478,杭州高新,27.02,12044010,126673000,126673000,342270.446
2025-11-04,SZ300477,ST合纵,2.11,77752344,990850559,1072018687,226195.942957
2025-11-04,SH601985,中国核电,9.06,116437874,18883284867,20568002074,18634609.879044
2025-11-04,SZ002762,*ST金比,8.17,3719510,211378434,354025000,289238.425
2025-11-04,SZ002761,浙江建投,9.43,12057651,1081788148,1081788148,1020126.223564
2025-11-04,SZ002763,汇洁股份,7.52,5695260,303599200,409924000,308262.848
2025-11-04,SZ002766,索菱股份,5.38,11189017,855066984,863373624,464495.009712
2025-11-04,SZ300471,厚普股份,12.79,23841100,366548480,470158731,601333.016949
2025-11-04,SZ300472,*ST新元,7.6,14107139,264841371,275258621,209196.55196
2025-11-04,SZ002760,凤形股份,22.14,2794400,107988706,107988706,239086.995084
2025-11-04,SZ300469,信息发展,66.05,6563934,248232554,248238824,1639617.43252
2025-11-04,SH603066,音飞储存,11.17,2538200,294180074,294180074,328599.142658
2025-11-04,SH601968,宝钢包装,5.45,12822900,1275779460,1275779460,695299.8057
2025-11-04,SZ300476,胜宏科技,294.5,29244520,855202338,870349313,25631787.26785
2025-11-04,SH603616,韩建河山,6.11,23107451,384293000,391318000,239095.298
2025-11-04,SZ300479,神思电子,19.41,3333553,196928365,197040865,382456.318965
2025-11-04,SH601368,绿城水务,5.28,7900372,882973077,882973077,466209.784656
2025-11-04,SZ002767,先锋电子,19.71,5061770,130198521,150000000,295650
2025-11-04,SZ300473,德尔股份,31.41,3116495,150524988,150973101,474206.510241
2025-11-04,SZ300470,中密控股,35.36,3527255,197309685,207961737,735352.702032
2025-11-04,SZ002765,蓝黛科技,13.27,39934069,595885140,652128090,865373.97543
2025-11-04,SZ300485,赛升药业,12.37,11087300,273817182,481666400,595821.3368
2025-11-04,SZ002773,康弘药业,30.87,18039329,686813029,921299954,2844052.957998
2025-11-04,SH601211,国泰海通,19.7,114786176,13493993295,17628925829,34728983.88313
2025-11-04,SZ002772,众兴菌业,14.17,39543031,390135453,393241359,557223.005703
2025-11-04,SZ002771,真视通,16.18,3640760,174514655,209764100,339398.3138
2025-11-04,SZ002769,普路通,10.32,35162771,373010230,373318054,385264.231728
2025-11-04,SH603116,红蜻蜓,5.9,5218200,576200800,576200800,339958.472
2025-11-04,SZ002775,文科股份,4.55,15236743,471412001,636230001,289484.650455
2025-11-04,SH603117,万林物流,5.5,14831520,599197742,599197742,329558.7581
2025-11-04,SH603589,口子窖,32.08,3288000,598119472,598119472,1918767.266176
2025-11-04,SZ300482,万孚生物,21.74,7068344,430398465,468084798,1017616.350852
2025-11-04,SZ300483,首华燃气,14.18,16477700,271617503,271737503,385323.779254
2025-11-04,SH603223,恒通股份,9.97,9630797,714187046,714187046,712044.484862
2025-11-04,SH603979,金诚信,62.22,9111609,623780087,623780087,3881159.701314
2025-11-04,SZ002768,国恩股份,50.18,3840000,176748125,271250000,1361132.5
2025-11-04,SH603085,天成自控,10.84,9654300,397100000,397100000,430456.4
2025-11-04,SZ300486,东杰智能,24.17,42312506,477005527,477148936,1153268.978312
2025-11-04,SZ300481,濮阳惠成,15.04,4520950,290075624,291855438,438950.578752
2025-11-04,SZ300488,恒锋工具,34.24,1409600,144164234,173146892,592854.958208
2025-11-04,SZ300489,光智科技,41.9,1758101,137163931,137672835,576849.17865
2025-11-04,SH603838,*ST四通,8.17,1440600,320016000,320016000,261453.072
2025-11-04,SZ300487,蓝晓科技,53.75,4047025,306626913,507665589,2728702.540875
2025-11-04,SZ300480,光力科技,17.76,9552965,247530714,352829602,626625.373152
2025-11-04,SZ002506,协鑫集成,2.55,89053800,5844431277,5850316427,1491830.688885
2025-11-04,SZ000520,凤凰航运,4.5,16627330,1012083455,1012083455,455437.55475
2025-11-04,SZ300498,温氏股份,17.91,34719448,5962707231,6653927141,11917183.509531
2025-11-04,SH601155,新城控股,14.28,19612373,2255622856,2255622856,3221029.438368
2025-11-04,SZ002779,中坚科技,117.7,2925378,165808335,184800000,2175096
2025-11-04,SZ002780,三夫户外,15.15,11067718,130652734,157587486,238745.04129
2025-11-04,SH603398,*ST沐邦,7.88,29435771,433641524,433641524,341709.520912
2025-11-04,SH603936,博敏电子,11.67,19837399,630398004,630398004,735674.470668
2025-11-04,SZ002783,凯龙股份,9.71,8621700,455746336,499357647,484876.275237
2025-11-04,SH603696,安记食品,12.16,6720585,235200000,235200000,286003.2
2025-11-04,SH603999,读者传媒,6.96,12556200,576000000,576000000,400896
2025-11-04,SZ300496,中科创达,67.01,13247002,368252340,460394994,3085106.854794
2025-11-04,SZ300493,润欣科技,20.07,14966440,506540047,512575047,1028738.119329
2025-11-04,SH603800,洪田股份,47.88,5904895,208000000,208000000,995904
2025-11-04,SZ300497,富祥药业,10.63,11567430,440842687,538648934,572583.816842
2025-11-04,SH603866,桃李面包,5.49,13157879,1599719155,1599719155,878245.816095
2025-11-04,SZ002782,可立克,19.62,33613088,486501200,495964013,973081.393506
2025-11-04,SZ300492,华图山鼎,65.75,986948,196681058,196681058,1293177.95635
2025-11-04,SZ002786,银宝山新,9.36,10465100,494112000,495612000,463892.832
2025-11-04,SZ002785,万里石,35.31,7825400,193495023,226619695,800194.143045
2025-11-04,SH603508,思维列控,26.35,18107711,381274377,381274377,1004657.983395
2025-11-04,SZ001979,招商蛇口,9.31,31059638,8458418040,9060836177,8435638.480787
2025-11-04,SZ002777,久远银海,19.28,7543466,404511491,408231038,787069.441264
2025-11-04,SH603299,苏盐井神,10.65,6194838,777247495,781658202,832465.98513
2025-11-04,SZ002787,华源控股,11.12,49069583,250861114,335176599,372716.378088
2025-11-04,SH603778,国晟科技,4.8,109571700,642857142,656642120,315188.2176
2025-11-04,SZ300494,盛天网络,12.9,14181122,398348068,490510076,632757.99804
2025-11-04,SZ300491,通合科技,29.26,33082324,155587579,175269149,512837.529974
2025-11-04,SZ300490,华自科技,11.92,26353700,393252612,398670674,475215.443408
2025-11-04,SZ002778,中晟高科,20.5,3424960,123428740,124753300,255744.265
2025-11-04,SZ300499,高澜股份,27.12,16467027,271403636,305248564,827834.105568
2025-11-04,SZ300501,海顺新材,16.02,2885467,125201345,193537975,310047.83595
2025-11-04,SZ300500,启迪设计,14.33,3051300,167597955,173974869,249305.987277
2025-11-04,SH603377,ST东时,3.77,20277093,714899883,714899883,269517.255891
2025-11-04,SH601900,南方传媒,14.85,16078336,881970094,881970094,1309725.58959
2025-11-04,SZ002788,鹭燕医药,8.73,17770198,381793801,388516736,339175.110528
2025-11-04,SH603608,天创时尚,8.09,9066930,419716014,419716014,339550.255326
2025-11-04,SZ300502,新易盛,348.04,34639620,885391990,993972352,34594213.739008
2025-11-04,SH603027,千禾味业,9.55,25632006,1249615367,1333125412,1273134.76846
2025-11-04,SZ002790,瑞尔特,9.86,62319413,260697500,417872300,412022.0878
2025-11-04,SZ300503,昊志机电,29.37,12401530,240975099,308226785,905262.067545
2025-11-04,SH603520,司太立,10.57,10440640,438409881,438409881,463399.244217
2025-11-04,SH603919,金徽酒,20.06,3591013,507259997,507259997,1017563.553982
2025-11-04,SZ002789,*ST建艺,11.88,20310960,156466099,159623514,189632.734632
2025-11-04,SZ300505,川金诺,21.11,10962427,217361222,274867523,580245.341053
2025-11-04,SH601020,华钰矿业,27.22,31214338,819964698,819964698,2231943.907956
2025-11-04,SH603861,白云电器,12.58,36853526,528586478,540527955,679984.16739
2025-11-04,SZ300484,蓝海华腾,20.15,5077028,166352625,207163900,417435.2585
2025-11-04,SZ300506,ST名家汇,4.55,38143160,653549489,695596569,316496.438895
2025-11-04,SZ002792,通宇通讯,19.03,14061655,333404005,524933405,998948.269715
2025-11-04,SZ002791,坚朗五金,22.66,4523712,191276284,353885013,801903.439458
2025-11-04,SH603028,赛福天,8.27,7256680,284190000,287040000,237382.08
2025-11-04,SZ300474,景嘉微,73.46,6413891,406474134,522619223,3839160.812158
2025-11-04,SH603798,康普顿,15.19,3005660,256449650,256449650,389547.01835
2025-11-04,SH603701,德宏股份,18.91,1597200,261361901,261361901,494235.354791
2025-11-04,SZ002793,罗欣药业,5.41,22376080,1085935344,1087588486,588385.370926
2025-11-04,SH603868,飞科电器,35.55,996710,435600000,435600000,1548558
2025-11-04,SZ300508,维宏股份,33.21,3355160,81942458,108795330,361309.29093
2025-11-04,SH603726,朗迪集团,24.06,5923984,184706200,185651200,446676.7872
2025-11-04,SZ300509,新美星,11,10620700,247103523,296400000,326040
2025-11-04,SH603029,天鹅股份,20.08,3387637,121342000,121342000,243654.736
2025-11-04,SH603822,ST嘉澳,93.58,1577900,76825886,76825886,718936.641188
2025-11-04,SZ002795,永和智控,5.67,35610480,434922547,445754078,252742.562226
2025-11-04,SZ300507,苏奥传感,9.17,19724266,774991748,800646907,734193.213719
2025-11-04,SH603528,多伦科技,8.78,6577333,705930131,705930131,619806.655018
2025-11-04,SZ300511,雪榕生物,7.12,16949725,560054017,640847016,456283.075392
2025-11-04,SZ300510,金冠股份,4.49,39511000,824690700,824690700,370286.1243
2025-11-04,SH603101,汇嘉时代,10.51,8954402,470400000,470400000,494390.4
2025-11-04,SZ002796,世嘉科技,21.33,27551305,225676483,252426948,538426.680084
2025-11-04,SZ002797,第一创业,7.3,67049528,4202400000,4202400000,3067752
2025-11-04,SH603779,威龙股份,7.19,5664900,332082754,332082754,238767.500126
2025-11-04,SH603959,百利科技,7.2,15859500,490298992,490298992,353015.27424
2025-11-04,SH603339,四方科技,13.59,3901265,309441175,309441175,420530.556825
2025-11-04,SZ002798,帝欧水华,6.44,8515347,441287675,513347910,330596.05404
2025-11-04,SZ300512,中亚股份,9.72,10897150,323907201,409237375,397778.7285
2025-11-04,SZ002800,天顺股份,14.81,2876512,140081200,152253067,225486.792227
2025-11-04,SZ300513,恒实科技,10.81,44953800,288277832,313691155,339100.138555
2025-11-04,SZ300516,久之洋,41.15,4491600,180000000,180000000,740700
2025-11-04,SH603737,三棵树,43.05,2570682,737817473,737817473,3176304.221265
2025-11-04,SH601611,中国核建,12.97,143731423,3013834212,3013834212,3908942.972964
2025-11-04,SH603131,上海沪工,23.64,22656218,317992334,317992334,751733.877576
2025-11-04,SZ002799,环球印务,8.71,9183600,320035800,320040000,278754.84
2025-11-04,SZ300515,三德科技,21.4,3561200,201761275,205754500,440314.63
2025-11-04,SH601127,赛力斯,154.63,19089442,1509782193,1633366086,25256739.787818
2025-11-04,SZ002801,微光股份,34.95,2691860,115802700,229632000,802563.84
2025-11-04,SZ300518,新迅达,16.59,10112103,199393726,199411576,330823.804584
2025-11-04,SZ300519,新光药业,16.12,2482300,114100000,160000000,257920
2025-11-04,SH603909,建发合诚,13,21186131,260673140,260673140,338875.082
2025-11-04,SH603958,哈森股份,16.27,1882000,219360000,219360000,356898.72
2025-11-04,SZ002802,洪汇新材,13.42,3956080,181942875,182301990,244649.27058
2025-11-04,SH603016,新宏泰,26.76,1538810,148160000,148160000,396476.16
2025-11-04,SZ300521,爱司凯,27.67,2836800,149728740,149730000,414302.91
2025-11-04,SZ300522,世名科技,13.4,3943042,263105621,322451507,432085.01938
2025-11-04,SH601966,玲珑轮胎,15.36,22047116,1463502683,1463502683,2247940.121088
2025-11-04,SZ002805,丰元股份,14.85,9308020,278542598,280062508,415892.82438
2025-11-04,SZ300520,科大国创,45.85,87736536,278008433,292031018,1338962.21753
2025-11-04,SH603069,海汽集团,28.5,27036705,316000000,316000000,900600
2025-11-04,SZ002803,吉宏股份,17,23903617,288770188,450405288,765688.9896
2025-11-04,SZ300517,海波重科,12.66,9280580,124024873,200412598,253722.349068
2025-11-04,SZ300525,博思软件,13.56,16234119,621839742,758210292,1028133.155952
2025-11-04,SZ002806,华锋股份,13.08,12100709,174105835,212479189,277922.779212
2025-11-04,SZ300523,辰安科技,23.65,2374524,232358460,232637638,550188.01387
2025-11-04,SH603322,超讯通信,46.31,8289700,157586796,157586796,729784.452276
2025-11-04,SH603663,三祥新材,27.18,15441856,422819750,423299750,1150528.7205
2025-11-04,SH600919,江苏银行,11.11,153181837,18351324463,18351324463,20388321.478393
2025-11-04,SZ300529,健帆生物,20.26,5944098,511585981,798605275,1617974.28715
2025-11-04,SZ300527,ST应急,8.36,11381806,1016770372,1016770372,850020.030992
2025-11-04,SZ300528,幸福蓝海,25.3,63423301,372608054,372608054,942698.37662
2025-11-04,SH601811,新华文轩,14.35,2874493,791903900,1233841000,1770561.835
2025-11-04,SH600977,中国电影,15.69,104822137,1867000000,1867000000,2929323
2025-11-04,SZ300530,领湃科技,32.34,2344900,158247513,171951354,556090.678836
2025-11-04,SZ300531,优博讯,18.79,6825700,308758738,321078965,603307.375235
2025-11-04,SH603569,长久物流,8.43,7169981,603507251,603507251,508756.612593
2025-11-04,SZ300535,达威股份,20.79,2637650,76445046,104801463,217882.241577
2025-11-04,SH603159,上海亚虹,24,3046700,140000000,140000000,336000
2025-11-04,SZ002808,*ST恒久,6.04,19934323,165005928,268800000,162355.2
2025-11-04,SH600936,北投科技,3.76,21703500,1671026239,1671026239,628305.865864
2025-11-04,SH601997,贵阳银行,6.21,66808819,3656198076,3656198076,2270499.005196
2025-11-04,SH601595,上海电影,29.48,6672000,448200000,448200000,1321293.6
2025-11-04,SH603986,兆易创新,224.99,29336781,667238757,667277972,15013087.092028
2025-11-04,SZ300532,今天国际,12.59,6550624,431139335,453324086,570735.024274
2025-11-04,SZ300533,冰川网络,38.64,13952382,164979566,234461970,905961.05208
2025-11-04,SH603515,欧普照明,17.65,922383,734914775,743817633,1312838.122245
2025-11-04,SH603031,安孚科技,38.35,2744503,211120000,257824793,988758.081155
2025-11-04,SZ300540,蜀道装备,19.29,6890840,206727204,229559110,442819.52319
2025-11-04,SZ002809,红墙股份,11.53,3047654,139117394,211611257,243987.779321
2025-11-04,SZ002810,山东赫达,12.84,3706012,320010093,348136913,447007.796292
2025-11-04,SH603007,*ST花王,5.96,15273464,499830778,876896101,522630.076196
2025-11-04,SZ300538,同益股份,16.18,3759400,120985248,181918573,294344.251114
2025-11-04,SZ300537,广信材料,23.78,7213899,143924989,207806521,494163.906938
2025-11-04,SZ300539,横河精密,46.27,9133902,172536025,268100662,1240501.763074
2025-11-04,SH603090,宏盛股份,49.17,3176300,100000000,100000000,491700
2025-11-04,SH603658,安图生物,38.1,1840140,571424768,571424768,2177128.36608
2025-11-04,SZ002807,江阴银行,5.08,98255862,2458016407,2461392789,1250387.536812
2025-11-04,SH603843,*ST正平,6.79,0,699623237,699623237,475044.177923
2025-11-04,SZ002811,郑中设计,12.84,11600850,283112775,307970005,395433.48642
2025-11-04,SZ300543,朗科智能,11.57,6661254,250198808,306371334,354471.633438
2025-11-04,SH601163,三角轮胎,14.91,7770868,800000000,800000000,1192800
2025-11-04,SH603393,新天然气,28.77,5070167,423221331,423921327,1219621.657779
2025-11-04,SH603067,振华股份,28.06,34435013,710760277,710760277,1994393.337262
2025-11-04,SZ300541,先进数通,16.71,19412791,386578483,430044492,718604.346132
2025-11-04,SZ300534,陇神戎发,10.11,5943800,302051488,303345000,306681.795
2025-11-04,SZ002812,恩捷股份,47.86,57124895,808529586,968159086,4633609.385596
2025-11-04,SH603189,网达软件,23.07,10753900,269548349,269548349,621848.041143
2025-11-04,SH601500,通用股份,4.48,17172540,1583000735,1589315735,712013.44928
2025-11-04,SZ300542,新晨科技,18.73,5759800,247663604,298559899,559202.690827
2025-11-04,SZ300536,农尚环境,8.66,4585801,293266871,293288133,253987.523178
2025-11-04,SH600908,无锡银行,6.24,22549322,1999312665,2194681695,1369481.37768
2025-11-04,SZ300546,雄帝科技,26.35,6630025,133913985,186632691,491777.140785
2025-11-04,SH603738,泰晶科技,14.77,5201172,385887492,385887492,569955.825684
2025-11-04,SZ300545,联得装备,32.31,7477379,119558935,185461376,599225.705856
2025-11-04,SZ300547,川环科技,35.69,7626120,178223597,216906174,774138.135006
2025-11-04,SZ300549,优德精密,19.97,7183700,101054675,133340000,266279.98
2025-11-04,SH601128,常熟银行,7.23,91785330,3316515911,3316515911,2397841.003653
2025-11-04,SH603887,城地香江,15.62,12811733,595279421,602029421,940369.955602
2025-11-04,SH603421,鼎信通讯,7.25,10314440,652190511,652190511,472838.120475
2025-11-04,SZ002813,路畅科技,26.32,1794800,119856075,120000000,315840
2025-11-04,SZ300548,长芯博创,97.25,10961489,268815478,291107978,2831025.08605
2025-11-04,SZ002815,崇达技术,13.74,24637682,777142014,1217745524,1673182.349976
2025-11-04,SH603777,来伊份,12.99,3870300,334424166,334424166,434416.991634
2025-11-04,SH603313,梦百合,9.5,13998836,570586885,570586885,542057.54075
2025-11-04,SH603816,顾家家居,30.27,4461938,812166231,821451519,2486533.748013
2025-11-04,SH603160,汇顶科技,86.14,11127800,464662636,464662636,4002603.946504
2025-11-04,SZ300550,和仁科技,13.49,3896498,262316361,262560141,354193.630209
2025-11-04,SZ300555,ST路通,11.82,8990463,197984863,200000000,236400
2025-11-04,SZ300551,古鳌科技,12.96,9107500,339072858,340062839,440721.439344
2025-11-04,SH603859,能科科技,45.62,11072440,244697701,244697701,1116310.911962
2025-11-04,SZ300552,万集科技,25.67,2864000,137762426,213133112,547112.698504
2025-11-04,SZ300553,集智股份,37.6,2965780,85079825,111015662,417418.88912
2025-11-04,SZ002816,*ST和科,23.1,2463000,100000000,100000000,231000
2025-11-04,SZ002817,黄山胶囊,8.15,4499560,290039295,299098170,243765.00855
2025-11-04,SH603667,五洲新春,43.58,21251785,366202770,366202770,1595911.67166
2025-11-04,SH603258,电魂网络,19.89,2262965,241341350,243896700,485110.5363
2025-11-04,SH600926,杭州银行,16,53315859,7249002548,7249002548,11598404.0768
2025-11-04,SH603888,新华网,20.71,16199618,674738168,674738168,1397382.745928
2025-11-04,SH603716,塞力医疗,24.78,17024398,210169895,210169895,520800.99981
2025-11-04,SZ300559,佳发教育,12.25,8422100,311136833,399514567,489405.344575
2025-11-04,SZ300557,理工光科,29.77,6769524,119286666,120946746,360058.462842
2025-11-04,SZ300560,中富通,14.32,13668160,186964785,229743622,328992.866704
2025-11-04,SZ300556,丝路视觉,20.6,2995200,107009331,121564493,250422.85558
2025-11-04,SZ300558,贝达药业,55.9,6237413,419392660,420733843,2351902.18237
2025-11-04,SH601882,海天精工,20.3,3467430,522000000,522000000,1059660
2025-11-04,SH603203,快克智能,32.09,2462666,249153318,253661118,813998.527662
2025-11-04,SH603060,国检集团,6.62,5245983,803960224,803960224,532221.668288
2025-11-04,SZ002818,富森美,11.31,3631430,298357191,748458940,846507.06114
2025-11-04,SH603556,海兴电力,35.08,14023934,486264170,486264170,1705814.70836
2025-11-04,SZ002819,东方中科,30.1,4309599,235079280,299610100,901826.401
2025-11-04,SH603977,国泰集团,13.48,32928598,621241828,621241828,837433.984144
2025-11-04,SZ300563,神宇股份,38.11,3486554,124124075,179430526,683809.734586
2025-11-04,SZ300566,激智科技,18.38,3274840,228217008,263741550,484756.9689
2025-11-04,SZ300562,乐心医疗,14.53,4403780,162141561,218586988,317606.893564
2025-11-04,SH601229,上海银行,9.99,137319794,14208999583,14208999583,14194790.583417
2025-11-04,SH603633,徕木股份,10.65,7652911,426810818,426810818,454553.52117
2025-11-04,SZ300561,*ST汇科,16.44,8001400,241057574,328107975,539409.5109
2025-11-04,SH603858,步长制药,17.18,5559491,1054568442,1054568442,1811748.583356
2025-11-04,SZ002821,凯莱英,95.36,5894465,317016913,360593720,3438621.71392
2025-11-04,SZ002820,桂发祥,13.21,13768860,200868295,200868295,265347.017695
2025-11-04,SH603987,康德莱,9.07,5807400,436790880,436790880,396169.32816
2025-11-04,SH603727,博迈科,14.1,2390496,281719277,281719277,397224.18057
2025-11-04,SZ300565,科信技术,11.82,4537600,228205145,249704612,295150.851384
2025-11-04,SZ300567,精测电子,73.88,4035152,227047991,279745097,2066756.776636
2025-11-04,SH603900,莱绅通灵,9.1,6195180,341508840,343023840,312151.6944
2025-11-04,SZ002823,凯中精密,17.23,9910992,218918297,328368949,565779.699127
2025-11-04,SH603336,宏辉果蔬,9.25,8459333,608718945,608718945,563065.024125
2025-11-04,SZ300569,天能重工,6.76,46233050,1019604127,1022710620,691352.37912
2025-11-04,SH603819,神力股份,11.93,3847500,217730187,217730187,259752.113091
2025-11-04,SH603323,苏农银行,5.3,38361512,2018541437,2018541437,1069826.96161
2025-11-04,SZ002825,纳尔股份,11.3,8607287,256544008,341535127,385934.69351
2025-11-04,SZ002822,ST中装,3.69,12361801,807600500,961078193,354637.853217
2025-11-04,SH603319,美湖股份,34.93,13557902,339149678,339149678,1184649.825254
2025-11-04,SH603660,苏州科达,8.74,14322408,574736376,579029726,506071.980524
2025-11-04,SZ300568,星源材质,13.75,79287156,1220104052,1348124139,1853670.691125
2025-11-04,SH603559,ST通脉,8.05,720300,401276979,401276979,323027.968095
2025-11-04,SZ300572,安车检测,34.91,8158888,183597101,228988812,799399.942692
2025-11-04,SH600909,华安证券,6.54,94505624,4678400417,4678400417,3059673.872718
2025-11-04,SZ300570,太辰光,97.05,6812689,192193023,227126867,2204266.244235
2025-11-04,SH603033,三维股份,11.26,5098548,1012531018,1031163554,1161090.161804
2025-11-04,SZ300573,兴齐眼药,76.8,12847188,188450755,245348945,1884279.8976
2025-11-04,SH603990,麦迪科技,16.61,10673905,306282731,306282731,508735.616191
2025-11-04,SZ002828,贝肯能源,11.62,17299500,193561975,200987600,233547.5912
2025-11-04,SZ002826,易明医药,20.25,4164555,174326389,190677750,386122.44375
2025-11-04,SH603036,如通股份,20.46,7499409,206006025,206006025,421488.32715
2025-11-04,SZ002827,高争民爆,37.18,3072800,276000000,277046000,1030057.028
2025-11-04,SH603928,兴业股份,15.1,2550500,262080000,262080000,395740.8
2025-11-04,SZ002830,名雕股份,18.03,1995200,66852500,133340000,240412.02
2025-11-04,SZ002829,星网宇达,28.08,21366150,146048944,207809394,583528.778352
2025-11-04,SZ300571,平治信息,31.05,3080784,115611896,139528294,433235.35287
2025-11-04,SH603708,家家悦,10.99,8083414,638338675,638338675,701534.203825
2025-11-04,SH603585,苏利股份,19.92,6231078,182731962,186886962,372278.828304
2025-11-04,SH603389,*ST亚振,44.54,3344160,262752000,262752000,1170297.408
2025-11-04,SZ002831,裕同科技,26.19,6658168,510993219,920513500,2410824.8565
2025-11-04,SH603098,森特股份,14.96,11075455,538799978,539699978,807391.167088
2025-11-04,SH603878,武进不锈,10.2,16176874,561071938,561071938,572293.37676
2025-11-04,SZ300581,晨曦航空,16.56,11116038,550109546,550109546,910981.408176
2025-11-04,SH603823,百合花,19.39,71705456,411031504,416367704,807336.978056
2025-11-04,SZ300576,容大感光,36.57,4460265,232654109,366367572,1339806.210804
2025-11-04,SZ300575,中旗股份,6.39,7060000,342708216,476992400,304798.1436
2025-11-04,SZ300577,开润股份,23.14,1501200,139717982,239792701,554880.310114
2025-11-04,SH603416,信捷电气,60.7,4456130,139505000,157138633,953831.50231
2025-11-04,SH603577,汇金通,9.97,30964276,339139100,339139100,338121.6827
2025-11-04,SH603058,永吉股份,9.37,9772301,418844261,419894901,393441.522237
2025-11-04,SZ002832,比音勒芬,15.85,4653600,389418284,570707084,904570.72814
2025-11-04,SZ300579,数字认证,33.77,4133193,262278592,270000000,911790
2025-11-04,SH600996,贵广网络,9.79,21620794,1246799854,1246799854,1220617.057066
2025-11-04,SH603298,杭叉集团,27,13308296,1309812049,1309812049,3536492.5323
2025-11-04,SH603218,日月股份,14.1,14520800,1028036250,1030416250,1452886.9125
2025-11-04,SZ002833,弘亚数控,16.51,5609679,288552511,424231932,700406.919732
2025-11-04,SZ300582,英飞特,14.82,4262500,221539863,298536488,442431.075216
2025-11-04,SZ002835,同为股份,17.14,1598597,127288199,219493931,376212.597734
2025-11-04,SH603886,元祖股份,12.54,2508100,240000000,240000000,300960
2025-11-04,SZ002837,英维克,68.91,27495695,842566590,968927487,6676879.312917
2025-11-04,SZ002836,新宏泽,12.27,11046194,230400000,230400000,282700.8
2025-11-04,SZ300585,奥联电子,21.01,10354900,171111111,171111111,359504.444211
2025-11-04,SH603929,亚翔集成,50.3,15992845,213360000,213360000,1073200.8
2025-11-04,SH603239,浙江仙通,18.78,4659917,270720000,270720000,508412.16
2025-11-04,SH603186,华正新材,45,7270800,142023209,142023209,639104.4405
2025-11-04,SH601375,中原证券,4.55,35216044,3447519700,4642884700,2112512.5385
2025-11-04,SZ300586,美联新材,10.91,14435674,534596468,711216645,775937.359695
2025-11-04,SH603444,吉比特,452.01,2906953,72041101,72041101,3256329.806301
2025-11-04,SZ300588,熙菱信息,26.37,9813100,176822030,191471030,504909.10611
2025-11-04,SH603035,常熟汽饰,16.52,5431105,366347080,366347080,605205.37616
2025-11-04,SH603032,德新科技,21.81,6145500,231663040,233514680,509295.51708
2025-11-04,SZ300587,天铁科技,7.35,21323068,1051937511,1298268797,954227.565795
2025-11-04,SZ002838,道恩股份,24.02,4781471,420631724,478398402,1149112.961604
2025-11-04,SH603228,景旺电子,74.66,27024536,975722497,984784137,7352398.366842
2025-11-04,SZ300583,赛托生物,15.38,3091210,186148926,189702126,291761.869788
2025-11-04,SH603877,太平鸟,14.52,1827600,469323273,471075448,684001.550496
2025-11-04,SZ002840,华统股份,11.05,16111902,629963761,805062893,889594.496765
2025-11-04,SZ300591,万里马,12.31,126406122,350444827,405673777,499384.419487
2025-11-04,SH603689,皖天然气,9.09,5043325,485300208,490193218,445585.635162
2025-11-04,SH603266,天龙股份,21.81,5044400,198886750,198886750,433772.00175
2025-11-04,SH603579,荣泰健康,28.57,4891949,203355564,203355564,580986.846348
2025-11-04,SZ300580,贝斯特,25.5,6167304,470813575,500543865,1276386.85575
2025-11-04,SZ300590,移为通信,11.97,5878880,354362423,459917538,550521.292986
2025-11-04,SZ300584,海辰药业,55.91,9265220,82110746,120000000,670920
2025-11-04,SH603628,清源股份,14.29,22861353,272168400,273101100,390261.4719
2025-11-04,SH603639,海利尔,13.22,3244442,339878336,339878336,449319.160192
2025-11-04,SZ002824,和胜股份,20.27,8541939,189155983,309959238,628287.375426
2025-11-04,SZ300589,江龙船艇,15.3,70414204,231606914,377667996,577832.03388
2025-11-04,SZ300593,新雷能,25.74,31412990,450263501,542498469,1396391.059206
2025-11-04,SH603690,至纯科技,30.24,16554150,382964250,383644650,1160141.4216
2025-11-04,SH603039,泛微网络,57.28,2390674,260603073,260603073,1492734.402144
2025-11-04,SH603038,华立股份,20.02,12410347,268677106,268677106,537891.566212
2025-11-04,SZ300595,欧普康视,16.48,7633218,668494760,895289123,1475436.474704
2025-11-04,SH603165,荣晟环保,13.24,1990200,272625097,272625097,360955.628428
2025-11-04,SH603668,天马科技,15.61,68961686,503321518,503321518,785684.889598
2025-11-04,SH601858,中国科传,20.06,7140000,790500000,790500000,1585743
2025-11-04,SH603337,杰克科技,41.91,1907700,471286791,476427291,1996706.776581
2025-11-04,SZ002842,翔鹭钨业,11.73,17322320,268462509,327172422,383773.251006
2025-11-04,SZ300596,利安隆,39.14,6570516,223044791,229619667,898731.376638
2025-11-04,SZ002841,视源股份,41.2,4903838,521345446,696016545,2867588.1654
2025-11-04,SZ002843,泰嘉股份,20.22,5095800,250792562,251737562,509013.350364
2025-11-04,SZ300592,华凯易佰,10.91,6493740,351030174,404361469,441158.362679
2025-11-04,SH603037,凯众股份,14.12,6209384,266614368,268074568,378521.290016
2025-11-04,SH603638,艾迪精密,18.89,7323631,831088544,831088544,1569926.259616
2025-11-04,SZ300598,诚迈科技,57.5,25927237,216920975,216981741,1247645.01075
2025-11-04,SZ300597,吉大通信,9.32,4269300,271372238,272570030,254035.26796
2025-11-04,SZ300599,雄塑科技,7.83,4038600,212340942,358131567,280417.016961
2025-11-04,SH601881,中国银河,17.4,27188329,7243417623,10934402256,19025859.92544
2025-11-04,SH603429,集友股份,9.48,6974560,524485465,524485465,497212.22082
2025-11-04,SZ002839,张家港行,4.6,51958994,2442084025,2444344974,1124398.68804
2025-11-04,SH603358,华达科技,44.18,20294308,439040000,469743076,2075324.909768
2025-11-04,SZ300600,国瑞科技,18.27,47160916,294234480,294234480,537566.39496
2025-11-04,SZ300578,会畅科技,18.26,2474100,198216115,198269740,362040.54524
2025-11-04,SZ002845,同兴达,14.13,3424320,250235351,327551705,462830.559165
2025-11-04,SH603966,法兰泰克,10.72,9473979,397722136,398700736,427407.188992
2025-11-04,SZ300603,立昂技术,10.65,10116750,369618555,464798231,495010.116015
2025-11-04,SH603089,正裕工业,13.49,7236018,240033268,240033268,323804.878532
2025-11-04,SZ300602,飞荣达,29.8,19183711,395403873,581863431,1733953.02438
2025-11-04,SH603360,百傲化学,31.5,26977084,706223654,706223654,2224604.5101
2025-11-04,SH603677,奇精机械,19.64,2951276,192600865,192600865,378268.09886
2025-11-04,SH603177,德创环保,11.85,4217600,204192000,206154000,244292.49
2025-11-04,SZ002846,英联股份,17.06,11876900,257018096,419993636,716509.143016
2025-11-04,SZ300601,康泰生物,17.1,16718948,900396036,1116929111,1909948.77981
2025-11-04,SZ300606,金太阳,24.25,6993800,117674486,138347826,335493.47805
2025-11-04,SZ002847,盐津铺子,72.61,3722961,245721263,272779679,1980653.249219
2025-11-04,SH603881,数据港,32.09,28930988,718376999,718376999,2305271.789791
2025-11-04,SH603637,镇海股份,11.08,4846340,238685877,238685877,264463.951716
2025-11-04,SZ300605,恒锋信息,16.76,18164540,118930885,164583371,275841.729796
2025-11-04,SH603626,科森科技,12.76,54961809,554879690,554879690,708026.48444
2025-11-04,SH603040,新坐标,73.5,2617968,135775146,136486896,1003178.6856
2025-11-04,SZ300607,拓斯达,32.08,9448724,332049404,476972412,1530127.497696
2025-11-04,SH603208,江山欧派,14.59,2339438,177172674,177172674,258494.931366
2025-11-04,SZ300608,思特奇,11.98,5011360,287576013,331239067,396824.402266
2025-11-04,SH603330,天洋新材,8.29,11456780,406713230,432673649,358686.455021
2025-11-04,SZ300610,晨化股份,11.45,2633010,161228049,215007980,246184.1371
2025-11-04,SH603615,茶花股份,25.46,2312200,241820000,241820000,615673.72
2025-11-04,SZ002848,*ST高斯,7.95,4312800,164926212,167150000,132884.25
2025-11-04,SH603839,安正时尚,9.02,9853600,389034500,389034500,350909.119
2025-11-04,SZ300609,汇纳科技,44.74,8931629,119931707,120114387,537391.767438
2025-11-04,SH601212,白银有色,5.01,172127609,7404774511,7404774511,3709792.030011
2025-11-04,SZ300615,欣天科技,13.78,3374634,125252425,193229200,266269.8376
2025-11-04,SZ300612,宣亚国际,14.74,5480100,179879496,180454496,265989.927104
2025-11-04,SZ002849,威星智能,14.05,4648500,193567320,220634016,309990.79248
2025-11-04,SZ300613,富瀚微,46.67,2099550,219308837,232513863,1085142.198621
2025-11-04,SH603817,海峡环保,7.63,57608697,570084039,570084039,434974.121757
2025-11-04,SZ300611,美力科技,30.16,12658669,148302980,211074680,636601.23488
2025-11-04,SH600939,重庆建工,3.2,11301300,1901806844,1901806844,608578.19008
2025-11-04,SH603345,安井食品,73.82,4614662,293294232,333288932,2460338.896024
2025-11-04,SH603238,诺邦股份,17.63,2094106,177509000,177509000,312948.367
2025-11-04,SZ300617,安靠智电,34.65,3853000,140559341,167360156,579902.94054
2025-11-04,SZ300619,金银河,42.86,8389565,149845165,173999658,745762.534188
2025-11-04,SZ002850,科达利,168.9,6423398,197103533,273772573,4624018.75797
2025-11-04,SZ300618,寒锐钴业,46.63,9693079,272496658,309697091,1444117.535333
2025-11-04,SH603138,海量数据,16.08,6397100,288342850,293872710,472547.31768
2025-11-04,SH603578,三星新材,13.38,1844458,180357032,180357032,241317.708816
2025-11-04,SZ002851,麦格米特,77.52,22840838,455465114,547693154,4245717.329808
2025-11-04,SZ300616,尚品宅配,13.03,4248500,155008242,224515980,292544.32194
2025-11-04,SH603908,牧高笛,25.15,1522840,93366000,93366000,234815.49
2025-11-04,SH603991,至正股份,65.23,1972500,74534998,74534998,486191.791954
2025-11-04,SH603955,大千生态,34.22,2785250,135720000,135720000,464433.84
2025-11-04,SZ002852,道道全,10.7,4633508,285267998,343968305,368046.08635
2025-11-04,SZ002853,皮阿诺,13.33,7326800,128704815,182915948,243826.958684
2025-11-04,SZ300620,光库科技,102.07,7823999,247107685,249180545,2543385.822815
2025-11-04,SH603630,拉芳家化,22.43,5505500,225204580,225204580,505133.87294
2025-11-04,SH603665,康隆达,25.95,2549932,160167707,161111057,418083.192915
2025-11-04,SH603960,克来机电,19.35,3880175,262197900,262197900,507352.9365
2025-11-04,SZ300623,捷捷微电,28.51,8387054,767403209,832079919,2372259.849069
2025-11-04,SH603903,中持股份,14.92,12229444,255319480,255319480,380936.66416
2025-11-04,SH603811,诚意药业,11.76,7046269,327304320,327304320,384909.88032
2025-11-04,SZ300622,博士眼镜,30.84,8891536,154765277,227854160,702702.22944
2025-11-04,SZ300621,维业股份,9.29,5368015,202529013,208056700,193284.6743
2025-11-04,SH603179,新泉股份,73.36,20523390,510141893,510141893,3742400.927048
2025-11-04,SZ300625,三雄极光,12.67,2817900,161971756,279331000,353912.377
2025-11-04,SH603517,ST绝味,13.9,8332340,606001936,606001936,842342.69104
2025-11-04,SZ300628,亿联网络,35.55,5834784,725697147,1266730887,4503228.303285
2025-11-04,SZ300626,华瑞股份,13.72,19436560,179901525,180000000,246960
2025-11-04,SZ002856,美芝股份,11.73,5388400,123904443,135312808,158721.923784
2025-11-04,SZ300627,华测导航,31.25,9985405,646957822,785211888,2453787.15
2025-11-04,SH603656,泰禾智能,24.75,14183688,183375358,183375358,453854.01105
2025-11-04,SZ002855,捷荣技术,17.25,4828400,246227232,246419682,425073.95145
2025-11-04,SZ300631,久吾高科,30.46,2921700,120599456,125043424,380882.269504
2025-11-04,SZ002857,三晖电气,22.21,3207000,128000000,130634000,290138.114
2025-11-04,SH603388,*ST元成,0.7,3299100,325733572,325733572,22801.35004
2025-11-04,SH603768,常青股份,12.3,2102900,237955857,237955857,292685.70411
2025-11-04,SZ002858,力盛体育,14.98,5718672,146978438,163919838,245551.917324
2025-11-04,SZ300629,新劲刚,18.96,4449363,216834037,251423424,476698.811904
2025-11-04,SZ002774,快意电梯,9.67,3512400,281771935,336687900,325577.1993
2025-11-04,SH603717,天域生物,9.21,10031598,290146240,290146240,267224.68704
2025-11-04,SH603833,欧派家居,51.9,2497917,609152720,609152720,3161502.6168
2025-11-04,SH603178,圣龙股份,20.58,6343897,236411881,236411881,486535.651098
2025-11-04,SH601228,广州港,3.39,26328302,7544531351,7544531351,2557596.127989
2025-11-04,SH603303,得邦照明,13.7,1349500,476944575,476944575,653414.06775
2025-11-04,SH603041,美思德,12.87,3227260,183147692,183147692,235711.079604
2025-11-04,SZ300635,中达安,14.69,4563700,120416095,140134000,205856.846
2025-11-04,SZ300636,同和药业,8.19,8706200,367357684,419951495,343940.274405
2025-11-04,SH601200,上海环境,8.34,10473851,1346230251,1346230251,1122756.029334
2025-11-04,SH603385,惠达卫浴,7.1,3792790,380664968,380664968,270272.12728
2025-11-04,SZ300632,光莆股份,13.76,8555336,221210558,305181620,419929.90912
2025-11-04,SH603586,金麒麟,18.89,2259900,196052780,196052780,370343.70142
2025-11-04,SZ300633,开立医疗,28.63,4422131,432712405,432712405,1238855.615515
2025-11-04,SH603538,美诺华,22.98,12442761,216182934,220618314,506980.885572
2025-11-04,SZ002859,洁美科技,31.02,2801900,405610493,430937256,1336767.368112
2025-11-04,SH603078,江化微,18.03,10036722,385637248,385637248,695303.958144
2025-11-04,SH603906,龙蟠科技,17.39,32649144,565078903,685078903,1191352.212317
2025-11-04,SZ002862,实丰文化,17.65,2685940,126247916,168000000,296520
2025-11-04,SZ002860,星帅尔,13.66,13263671,349642607,359712516,491367.296856
2025-11-04,SH601366,利群股份,4.59,8138400,913932943,913932943,419495.220837
2025-11-04,SZ300637,扬帆新材,12.49,4455500,234504944,234750130,293202.91237
2025-11-04,SZ300639,凯普生物,5.95,9023151,635164371,646500674,384667.90103
2025-11-04,SZ300638,广和通,26.91,17353424,532926550,900533742,2423336.299722
2025-11-04,SH603797,联泰环保,4.83,5997532,576605190,576605190,278500.30677
2025-11-04,SZ002861,瀛通通讯,19.99,4284800,150168350,186283962,372381.640038
2025-11-04,SH603826,坤彩科技,18.38,2006118,655200000,655200000,1204257.6
2025-11-04,SH603050,科林电气,19.18,6134206,403319193,403319193,773566.212174
2025-11-04,SZ300640,德艺文创,7.19,28090770,220749130,310993427,223604.274013
2025-11-04,SZ300604,长川科技,81.31,24993333,485560675,630465854,5126317.858874
2025-11-04,SZ002863,今飞凯达,5.69,16377442,599483554,599483554,341106.142226
2025-11-04,SZ300641,正丹股份,19.52,4562070,532682322,532682322,1039795.892544
2025-11-04,SH603225,新凤鸣,15.25,12798495,1515606594,1524554694,2324945.90835
2025-11-04,SH603803,瑞斯康达,9.46,8651000,424883557,424883557,401939.844922
2025-11-04,SH603081,大丰实业,13.4,15134500,422499149,422499149,566148.85966
2025-11-04,SH603232,格尔软件,24.78,65827555,231299995,234149995,580223.68761
2025-11-04,SZ300645,正元智慧,19,5032092,139320264,142106335,270002.0365
2025-11-04,SZ300554,三超新材,25.33,3618200,79138721,114211577,289297.924541
2025-11-04,SZ300642,透景生命,22.73,7819200,137706966,162556041,369489.881193
2025-11-04,SH603139,康惠股份,22.46,1080300,99880000,99880000,224330.48
2025-11-04,SH603096,新经典,18.64,1793720,154234624,154234624,287493.339136
2025-11-04,SZ002865,钧达股份,41.96,6455048,224865792,292584052,1227682.682192
2025-11-04,SZ300648,星云股份,44.01,14387364,132686943,174281400,767012.4414
2025-11-04,SH603920,世运电路,39.78,18406703,720592317,720592317,2866516.237026
2025-11-04,SZ002866,传艺科技,18.39,4063700,181266506,289522256,532431.428784
2025-11-04,SZ300514,友讯达,14.18,6421600,160258325,200000000,283600
2025-11-04,SZ002867,周大生,13.08,11323173,1079096804,1085473893,1419799.852044
2025-11-04,SH603787,新日股份,13.88,8418200,230143790,230143790,319439.58052
2025-11-04,SH603320,迪贝电气,19.91,2226945,149146203,149146203,296950.090173
2025-11-04,SZ300647,超频三,6.76,10875620,456642143,457321024,309149.012224
2025-11-04,SZ002868,*ST绿康,29.38,2604080,154041618,155415837,456611.729106
2025-11-04,SZ300650,太龙股份,19.3,12171010,170345341,218296126,421311.52318
2025-11-04,SH603505,金石资源,18.27,14814054,841668813,841668813,1537728.921351
2025-11-04,SH603501,豪威集团,126.8,12819975,1206382412,1206382412,15296928.98416
2025-11-04,SZ300643,万通智控,20,5346000,230662312,231253546,462507.092
2025-11-04,SZ300649,杭州园林,16.65,2067900,106116814,132416609,220473.653985
2025-11-04,SH603985,恒润股份,15.91,10788111,440858003,440858003,701405.082773
2025-11-04,SH603229,奥翔药业,10.02,9364791,830297145,830297145,831957.73929
2025-11-04,SZ300651,金陵体育,22.55,11365028,87433026,141209688,318427.84644
2025-11-04,SH603728,鸣志电器,69.36,7243521,418882500,418882500,2905369.02
2025-11-04,SH603926,铁流股份,17,6143584,230838611,234716611,399018.2387
2025-11-04,SH603896,寿仙谷,20.32,1453828,198243911,198243911,402831.627152
2025-11-04,SH603113,金能科技,6.16,9661200,848490616,848490616,522670.219456
2025-11-04,SH603086,先达股份,9.03,15632500,434813143,434813143,392636.268129
2025-11-04,SZ002871,伟隆股份,15.79,5382235,149395528,251853845,397677.221255
2025-11-04,SH603180,金牌家居,19.45,924196,154257088,154257088,300030.03616
2025-11-04,SZ002870,香山股份,36.67,3138800,128961580,132075636,484321.357212
2025-11-04,SH601952,苏垦农发,9.33,7093940,1378000000,1378000000,1285674
2025-11-04,SZ002869,金溢科技,27.01,3114767,159511604,179556341,484981.677041
2025-11-04,SH603488,展鹏科技,8.39,3750700,291990440,291990440,244979.97916
2025-11-04,SZ300652,雷迪克,57.08,3458253,119717927,133390572,761393.384976
2025-11-04,SZ300653,正海生物,20.25,1389265,180000000,180000000,364500
2025-11-04,SH603758,秦安股份,14.54,4199911,438797049,438797049,638010.909246
2025-11-04,SH603269,海鸥股份,12.11,10665577,308751768,308751768,373898.391048
2025-11-04,SZ002872,ST天圣,5.2,2941500,214918134,318000000,165360
2025-11-04,SZ300656,民德电子,23.14,1997734,132897892,171125072,395983.416608
2025-11-04,SZ002873,新天药业,10.94,4899049,238668821,244103806,267049.563764
2025-11-04,SH603197,保隆科技,36.98,5066359,213659719,213659719,790113.640862
2025-11-04,SH603383,顶点软件,39.27,3782711,204683059,205386979,806554.666533
2025-11-04,SZ300657,弘信电子,30.9,16318277,471109503,482555756,1491097.28604
2025-11-04,SZ300655,晶瑞电材,16.9,78120446,1067667807,1072974716,1813327.27004
2025-11-04,SH603855,华荣股份,19.67,2985344,333554000,337511000,663884.137
2025-11-04,SZ002876,三利谱,23.66,2209140,148949410,173884932,411411.749112
2025-11-04,SH603580,*ST艾艾,15.98,2011762,130673200,130673200,208815.7736
2025-11-04,SZ300659,中孚信息,15.88,8771542,190332729,260392378,413503.096264
2025-11-04,SH603196,日播时尚,22.96,2334700,236988282,236988282,544125.095472
2025-11-04,SZ002875,安奈儿,18.53,3968078,182436562,213016872,394720.263816
2025-11-04,SH603200,上海洗霸,80.82,6082863,175480103,175480103,1418230.192446
2025-11-04,SZ300658,延江股份,8.94,10846100,225514014,332764105,297491.10987
2025-11-04,SH603042,华脉科技,15.57,7157859,160589840,160589840,250038.38088
2025-11-04,SZ300660,江苏雷利,51.01,10618419,446778567,447136548,2280843.531348
2025-11-04,SZ002877,智能自控,8.7,4049489,240514652,355843695,309584.01465
2025-11-04,SZ300661,圣邦股份,72.31,11160084,592615965,617912243,4468123.429133
2025-11-04,SZ002878,元隆雅图,18.79,14463978,235932838,261991727,492282.455033
2025-11-04,SH600732,爱旭股份,15.7,45578749,1585317243,2117249923,3324082.37911
2025-11-04,SH603496,恒为科技,28.02,7335418,320209243,320209243,897226.298886
2025-11-04,SZ300662,科锐国际,28.46,5665270,196283592,196806359,560110.897714
2025-11-04,SZ300663,科蓝软件,17.86,8192713,454982509,478450554,854512.689444
2025-11-04,SH603536,惠发食品,11.99,15108640,240532260,242380780,290614.55522
2025-11-04,SH603767,中马传动,29.87,36486350,308631500,308631500,921882.2905
2025-11-04,SZ300665,飞鹿股份,9.39,6740085,218070949,218945730,205590.04047
2025-11-04,SH603879,永悦科技,5.98,11031810,359344440,359344440,214887.97512
2025-11-04,SZ300666,江丰电子,90.55,7390856,221157113,265320683,2402478.784565
2025-11-04,SH603980,吉华集团,5.41,19502820,676833360,676833360,366166.84776
2025-11-04,SH603226,菲林格尔,39.29,6355479,355491770,355491770,1396727.16433
2025-11-04,SZ002880,卫光生物,27.36,682000,226013000,226800000,620524.8
2025-11-04,SH603326,我乐家居,8.96,8641100,319176930,319176930,285982.52928
2025-11-04,SH603316,诚邦股份,13.89,15981402,264264000,264264000,367062.696
2025-11-04,SZ300667,必创科技,16.33,5490500,172630474,204636039,334170.651687
2025-11-04,SZ300668,杰恩设计,19.15,1878900,99693862,120381273,230530.137795
2025-11-04,SH603335,迪生力,6.29,15502669,428144600,428144600,269302.9534
2025-11-04,SZ002883,中设股份,11.75,3723500,153325049,156157166,183484.67005
2025-11-04,SH603679,华体科技,16.7,3537840,164792211,164792211,275202.99237
2025-11-04,SH603380,易德龙,39.3,2791400,160441200,160441200,630533.916
2025-11-04,SZ002881,美格智能,44.54,3380199,181372670,262626400,1169737.9856
2025-11-04,SH601878,浙商证券,11.52,27517212,4573796639,4573796639,5269013.728128
2025-11-04,SZ002885,京泉华,29.32,84201785,230907653,270916968,794328.550176
2025-11-04,SH603043,广州酒家,17.05,6437979,568770805,568770805,969754.222525
2025-11-04,SZ002886,沃特股份,21.02,8632048,209078164,263203565,553253.89363
2025-11-04,SH603286,日盈电子,40.3,7379200,115414831,117423931,473218.44193
2025-11-04,SH603938,三孚股份,18.9,34291020,382624497,382624497,723160.29933
2025-11-04,SZ300669,沪宁股份,30.65,1545140,182499937,192705526,590642.43719
2025-11-04,SH603801,志邦家居,9.25,3818398,434350966,434350966,401774.64355
2025-11-04,SH603617,君禾股份,7.68,9692760,383641337,390471337,299881.986816
2025-11-04,SZ300670,大烨智能,8.53,9911100,224694226,316920479,270333.168587
2025-11-04,SH603331,百达精工,12.04,7019227,202175636,202175636,243419.465744
2025-11-04,SZ300671,富满微,34.9,3332415,217151457,217724473,759858.41077
2025-11-04,SH603933,睿能科技,22.81,20722892,207544575,207544575,473409.175575
2025-11-04,SZ002879,长缆科技,17.05,5219400,137884005,193107640,329248.5262
2025-11-04,SH603305,旭升集团,14.4,39516898,1027476400,1027476400,1479566.016
2025-11-04,SH603757,大元泵业,40.79,5349398,186547259,186547259,760926.269461
2025-11-04,SZ002884,凌霄泵业,17.56,5722447,273072488,357682509,628090.485804
2025-11-04,SZ300673,佩蒂股份,16.33,4249700,161985759,248830340,406339.94522
2025-11-04,SZ300672,国科微,86.07,4038275,210337661,217140672,1868929.763904
2025-11-04,SH603595,ST东尼,19.56,38500,232442326,232442326,454657.189656
2025-11-04,SZ300676,华大基因,48.6,4366032,416046525,418317075,2033020.9845
2025-11-04,SH603387,基蛋生物,8.39,5825578,507153517,507153517,425501.800763
2025-11-04,SZ002882,金龙羽,30.26,5108733,246737150,432900000,1309955.4
2025-11-04,SH603612,索通发展,23.62,17827802,498104459,498104459,1176522.732158
2025-11-04,SZ300675,建科院,17.78,12979416,146666700,146666700,260773.3926
2025-11-04,SH603707,健友股份,9.93,15324377,1615634969,1615634969,1604325.524217
2025-11-04,SH601619,嘉泽新能,4.44,86348715,2434568474,2912656123,1293219.318612
2025-11-04,SH603676,卫信康,11.12,2147800,435161500,435161500,483899.588
2025-11-04,SZ300677,英科医疗,37.84,10579371,466137781,654793743,2477739.523512
2025-11-04,SZ002888,惠威科技,18.47,2911860,74923020,147643412,272697.381964
2025-11-04,SZ300680,隆盛科技,50.63,17157100,175838140,227716078,1152926.502914
2025-11-04,SZ300681,英搏尔,29.95,11466584,187067711,266111889,797005.107555
2025-11-04,SH603063,禾望电气,30.43,18942590,457732220,457732220,1392879.14546
2025-11-04,SZ300678,中科信息,35.42,21924890,291278395,296386293,1049800.249806
2025-11-04,SH603730,岱美股份,7.59,22514357,2148584197,2148584197,1630775.405523
2025-11-04,SZ002889,东方嘉盛,15.04,1722898,251284553,377667472,568011.877888
2025-11-04,SH603233,大参林,18.29,9221690,1138847895,1138847895,2082952.799955
2025-11-04,SH600710,苏美达,11.49,19465369,1306749434,1306749434,1501455.099666
2025-11-04,SZ300679,电连技术,49.46,6885520,359145259,424820000,2101159.72
2025-11-04,SH603357,设计总院,8.64,6425948,555602959,560577909,484339.313376
2025-11-04,SZ300682,朗新科技,17.95,14433984,1034069502,1080247336,1939043.96812
2025-11-04,SZ002887,绿茵生态,9.81,23109565,194600532,305986872,300173.121432
2025-11-04,SH603860,中公高科,31.98,1290560,66680000,66680000,213242.64
2025-11-04,SH603825,ST华扬,9.81,5497700,253336552,253336552,248523.157512
2025-11-04,SZ300685,艾德生物,23.11,5913608,389597363,391536144,904840.028784
2025-11-04,SZ002890,弘宇股份,16.03,2104852,161484210,169875160,272309.88148
2025-11-04,SZ300687,赛意信息,24.9,9194258,329086439,408411610,1016944.9089
2025-11-04,SZ300686,智动力,16.16,13424059,169703882,260624220,421168.73952
2025-11-04,SH603880,南卫股份,6.84,6738795,289042000,289042000,197704.728
2025-11-04,SH603978,深圳新星,28.34,17665663,211094299,211094299,598241.243366
2025-11-04,SH603535,嘉诚国际,11.31,6951515,510918139,510918139,577848.415209
2025-11-04,SZ300683,海特生物,34.4,7975500,122064641,130894391,450276.70504
2025-11-04,SZ300690,双一科技,31.32,9863582,110781379,165348919,517872.814308
2025-11-04,SZ300689,澄天伟业,53.76,2594498,101182174,115600000,621465.6
2025-11-04,SH603458,勘设股份,8.54,10448931,306124514,306124514,261430.334956
2025-11-04,SZ300688,创业黑马,31.93,19054065,148378458,167379464,534442.628552
2025-11-04,SH603602,纵横通信,14.97,3653022,229338294,229338294,343319.426118
2025-11-04,SZ300691,联合光电,17.69,2832033,220738120,269048766,475947.267054
2025-11-04,SH603721,*ST天择,20.39,1013601,130000000,130000000,265070
2025-11-04,SH601326,秦港股份,3.91,81521881,4757559000,5587412000,2184678.092
2025-11-04,SH603776,永安行,19.76,2619900,280760572,280760572,554782.890272
2025-11-04,SZ002892,科力尔,13.71,9168352,483548143,743750960,1019682.56616
2025-11-04,SH603129,春风动力,249.78,1041000,152577663,152577663,3811084.866414
2025-11-04,SH603557,ST起步,2.37,25012100,623436888,623436888,147754.542456
2025-11-04,SH601949,中国出版,6.98,10764207,1903968054,1903968054,1328969.701692
2025-11-04,SZ002891,中宠股份,56.07,4855273,304376270,304376420,1706638.58694
2025-11-04,SZ300692,中赋科技,9.2,26608812,377601163,426775238,392633.21896
2025-11-04,SH603976,正川股份,20.13,930600,151203652,151203652,304372.951476
2025-11-04,SZ300693,盛弘股份,43.14,13531373,268853025,312795823,1349401.180422
2025-11-04,SZ300696,爱乐达,26.24,4433240,265886641,293152983,769233.427392
2025-11-04,SH603079,圣达生物,18.36,2910340,171188958,189029624,347058.389664
2025-11-04,SH603181,皇马科技,18.68,32153869,588700000,588700000,1099691.6
2025-11-04,SH603127,昭衍新药,34.44,20769147,630482128,749477334,2581199.938296
2025-11-04,SZ002895,川恒股份,33.66,18164970,596626783,607666683,2045406.054978
2025-11-04,SZ002896,中大力德,87.58,6899460,196522670,196522670,1721145.54386
2025-11-04,SZ300698,万马科技,47.67,13640300,118545943,134000000,638778
2025-11-04,SH603359,东珠生态,8.5,11625924,446096000,446096000,379181.6
2025-11-04,SZ300699,光威复材,28.16,7431696,821443049,831352000,2341087.232
2025-11-04,SH603500,祥和实业,12.27,7802277,331833469,332800046,408345.656442
2025-11-04,SH603183,建研院,4.75,10304895,497153251,497153251,236147.794225
2025-11-04,SH603725,天安新材,9.96,6787378,286657680,304857680,303638.24928
2025-11-04,SZ300697,电工合金,16.87,8862111,331240000,432640000,729863.68
2025-11-04,SH603527,众源新材,12.1,15314160,316971200,316971200,383535.152
2025-11-04,SZ002897,意华股份,45.26,5967889,182425213,193880696,877504.030096
2025-11-04,SH603882,金域医学,30.19,5498548,460134577,463258275,1398576.732225
2025-11-04,SZ300695,兆丰股份,108.99,2272150,102256924,102256924,1114498.214676
2025-11-04,SH603277,银都股份,17.93,1161485,609746025,613699305,1100362.853865
2025-11-04,SZ300700,岱勒新材,11.54,6387648,270610349,397028823,458171.261742
2025-11-04,SZ002898,*ST赛隆,13.72,2630600,101262561,176000000,241472
2025-11-04,SH603386,骏亚科技,12.84,5382400,326322560,326322560,418998.16704
2025-11-04,SH603648,畅联股份,10.87,3584300,362412800,362412800,393942.7136
2025-11-04,SZ300701,森霸传感,12.74,6051075,249121823,282735119,360204.541606
2025-11-04,SZ002899,英派斯,23.9,4191818,147796976,147796976,353234.77264
2025-11-04,SH603321,梅轮电梯,8.16,2659800,302515000,349049469,284824.366704
2025-11-04,SZ002893,京能热力,12.16,17713200,202778618,263640000,320586.24
2025-11-04,SH603813,*ST原尚,29.5,1019800,105015000,105015000,309794.25
2025-11-04,SZ300703,创源股份,26.73,8187300,169661583,180391840,482187.38832
2025-11-04,SZ300702,天宇股份,25.11,3388843,211164483,347977159,873770.646249
2025-11-04,SH603106,恒银科技,10.29,9130186,520520000,520520000,535615.08
2025-11-04,SH603055,台华新材,8.82,5103091,886881594,890292694,785238.156108
2025-11-04,SH603533,掌阅科技,21.81,20897048,438896835,438896835,957233.997135
2025-11-04,SZ002901,大博医疗,50.14,2573600,288517798,414019506,2075893.803084
2025-11-04,SZ002900,哈三联,14.05,7087878,174953600,316357550,444482.35775
2025-11-04,SZ300706,阿石创,36.46,3734800,113575499,153220499,558641.939354
2025-11-04,SZ300654,世纪天鸿,10.5,14761458,352261534,366124852,384431.0946
2025-11-04,SH603363,傲农生物,5.21,87709655,1597961826,2602961826,1356143.111346
2025-11-04,SH603136,天目湖,11.55,3866325,270126710,270126710,311996.35005
2025-11-04,SH603378,亚士创能,8.15,55145302,428596642,428596642,349306.26323
2025-11-04,SH603367,辰欣药业,20.93,21025996,452754129,452754129,947614.391997
2025-11-04,SH601086,国芳集团,11.13,19298200,666000000,666000000,741258
2025-11-04,SZ002902,铭普光磁,21.08,8243396,177632246,235009062,495399.102696
2025-11-04,SZ300705,九典制药,16.38,6804300,369791300,500212488,819348.055344
2025-11-04,SZ300707,威唐工业,15.67,6538928,143284815,176540920,276639.62164
2025-11-04,SH603103,横店影视,16.19,4316954,634200000,634200000,1026769.8
2025-11-04,SH603110,东方材料,17.84,6845800,201226732,201226732,358988.489888
2025-11-04,SZ002903,宇环数控,23.44,12139509,105653824,155805000,365206.92
2025-11-04,SZ002906,华阳集团,30.91,6085514,524729583,524919041,1622524.755731
2025-11-04,SH603499,翔港科技,17.07,3961160,302594390,302594390,516528.62373
2025-11-04,SZ300708,聚灿光电,9,20562750,710014254,938915144,845023.6296
2025-11-04,SZ002905,金逸影视,11.37,23723714,349440000,376320000,427875.84
2025-11-04,SH603829,洛凯股份,21.61,4470275,172582073,172582073,372949.859753
2025-11-04,SH603396,金辰股份,29.51,2646800,138527478,138527478,408794.587578
2025-11-04,SZ300709,精研科技,44.76,8264230,149283061,186076681,832879.224156
2025-11-04,SZ300710,万隆光电,24.08,20442905,74580013,99490300,239572.6424
2025-11-04,SZ002908,德生科技,10.23,5193686,321834632,431432088,441355.026024
2025-11-04,SH603466,风语筑,9.83,11177634,594785851,594785851,584674.491533
2025-11-04,SZ002907,华森制药,16.23,1869000,299914510,417596314,677758.817622
2025-11-04,SH603683,晶华新材,28.61,7632640,258791289,289602661,828553.213121
2025-11-04,SH603922,金鸿顺,20.34,5240701,179200000,179200000,364492.8
2025-11-04,SH601108,财通证券,8.5,36670246,4643762406,4643762406,3947198.0451
2025-11-04,SH603607,京华激光,23.26,2115603,178516800,178516800,415230.0768
2025-11-04,SH603722,阿科力,39.72,1554600,95700121,97720121,388144.320612
2025-11-04,SZ002909,集泰股份,6.72,7682377,380427383,390000000,262080
2025-11-04,SZ300715,凯伦股份,12.07,16025994,334158876,378055430,456312.90401
2025-11-04,SH603260,合盛硅业,48.26,5105490,1182206941,1182206941,5705330.697266
2025-11-04,SZ002910,庄园牧场,10.97,9941300,171061950,195539347,214506.663659
2025-11-04,SZ300712,永福股份,29.12,23129896,186740010,187546035,546134.05392
2025-11-04,SH603289,泰瑞机器,10.7,4909790,293384631,293384631,313921.55517
2025-11-04,SZ300713,英可瑞,18.97,6852973,89108778,158720810,301093.37657
2025-11-04,SZ300711,广哈通信,22.23,8486604,248426804,249170606,553906.257138
2025-11-04,SH603912,佳力图,8.68,6655627,541841189,541841189,470318.152052
2025-11-04,SH603937,丽岛新材,12.77,5634300,208888976,208888976,266751.222352
2025-11-04,SH603659,璞泰来,27.94,43143655,2136399076,2136399076,5969099.018344
2025-11-04,SH603856,东宏股份,13.18,4837200,282056060,282056060,371749.88708
2025-11-04,SH603507,振江股份,24.39,5138700,181772307,184301307,449510.887773
2025-11-04,SZ300717,华信新材,21.15,1432102,101853400,102775000,217369.125
2025-11-04,SZ300720,海川智能,26.46,2884990,174651991,194877256,515645.219376
2025-11-04,SZ300718,长盛轴承,84.36,6511692,193842033,298779030,2520499.89708
2025-11-04,SH600903,贵州燃气,7.11,14673945,1150009408,1150009408,817656.689088
2025-11-04,SZ300719,安达维尔,16.63,2754550,179620132,254227150,422779.75045
2025-11-04,SZ300716,ST泉为,13.26,3831684,160020000,160020000,212186.52
2025-11-04,SH603916,苏博特,10.16,4993806,420325330,426295330,433116.05528
2025-11-04,SH603083,剑桥科技,102.19,16883348,268019841,335030341,3423675.054679
2025-11-04,SZ300722,新余国科,31.64,3651748,276756480,276756480,875657.50272
2025-11-04,SZ300725,药石科技,41.43,6932208,202713902,233807341,968663.813763
2025-11-04,SH603076,乐惠国际,25.48,1171599,120701344,120701344,307547.024512
2025-11-04,SH603278,大业股份,9.91,6730300,341759392,341759392,338683.557472
2025-11-04,SZ300721,怡达股份,14.23,2541552,138351669,164846739,234576.909597
2025-11-04,SH603605,珀莱雅,71.67,5987554,395975948,396005292,2838169.927764
2025-11-04,SZ300723,一品红,51.65,10149750,417667190,451692766,2332993.13639
2025-11-04,SZ002864,盘龙药业,31.4,3369116,74190728,106280960,333722.2144
2025-11-04,SH603970,中农立华,13.33,2405900,268800134,268800134,358310.578622
2025-11-04,SH603619,中曼石油,21.09,11807590,462338461,462338461,975071.814249
2025-11-04,SH600933,爱柯迪,21.12,20933400,977375767,1030132514,2175639.869568
2025-11-04,SH603365,水星家纺,23.04,5677300,259802300,262633500,605107.584
2025-11-04,SZ300726,宏达电子,43.25,8297178,214438423,411839845,1781207.329625
2025-11-04,SZ002912,中新赛克,32.31,17221781,162222011,170752000,551699.712
2025-11-04,SH603661,恒林股份,32.93,982300,139067031,139067031,457947.733083
2025-11-04,SZ002911,佛燃能源,12.7,30896823,1269429842,1298394217,1648960.65559
2025-11-04,SH601019,山东出版,8.68,55815627,2086900000,2086900000,1811429.2
2025-11-04,SH603685,晨丰科技,20.27,3144534,187509180,187509180,380081.10786
2025-11-04,SZ300727,润禾材料,36.3,3930544,161774220,179867353,652918.49139
2025-11-04,SH603809,豪能股份,13.21,30117883,920288807,920288807,1215701.514047
2025-11-04,SH603711,香飘飘,13.54,7697400,412874100,412874100,559031.5314
2025-11-04,SZ002913,奥士康,37.52,3440778,298795114,317360504,1190736.611008
2025-11-04,SH603848,好太太,21.4,4585300,402406511,402406511,861149.93354
2025-11-04,SZ300729,乐歌股份,14.43,3815536,317937357,341612677,492947.092911
2025-11-04,SH603917,合力科技,16.61,21569660,203840000,203840000,338578.24
2025-11-04,SZ002915,中欣氟材,24.19,16566829,288082375,325468375,787307.999125
2025-11-04,SZ300730,科创信息,18.62,28911998,193319079,241138947,449000.719314
2025-11-04,SZ300731,科创新源,41.08,7000744,120179189,126431804,519381.850832
2025-11-04,SZ002917,金奥博,14.03,4083300,260478031,347614197,487702.718391
2025-11-04,SH603890,春秋电子,14.48,34176464,443379969,443379969,642014.195112
2025-11-04,SZ300732,设研院,8.14,8274844,370149589,370560072,301635.898608
2025-11-04,SZ002916,深南电路,222.85,13250342,665020632,666740795,14858318.616575
2025-11-04,SH600025,华能水电,9.85,24228391,18000000000,18631094257,18351627.843145
2025-11-04,SZ002919,名臣健康,17.86,4455440,264388170,266526066,476015.553876
2025-11-04,SH603477,巨星农牧,18.25,5525298,510070333,510070333,930878.357725
2025-11-04,SZ000155,川能动力,11.8,52914448,1846168342,1846168342,2178478.64356
2025-11-04,SZ002918,蒙娜丽莎,15.03,4807500,213088930,408806379,614435.987637
2025-11-04,SH603283,赛腾股份,46.95,13328831,275303613,275377113,1292895.545535
2025-11-04,SZ001965,招商公路,10.47,17002288,6795094992,6795094992,7114464.456624
2025-11-04,SZ002920,德赛西威,113.7,9058586,553135812,596842634,6786100.74858
2025-11-04,SZ300684,中石科技,44.12,15053000,203244969,299509223,1321434.691876
2025-11-04,SZ002921,联诚精密,16.7,6556656,128501630,148970127,248780.11209
2025-11-04,SZ300735,光弘科技,31.06,19543778,757417281,767460689,2383732.900034
2025-11-04,SZ002922,伊戈尔,26.92,46263221,375028780,423103124,1138993.609808
2025-11-04,SH603655,朗博科技,35.58,933700,106000000,106000000,377148
2025-11-04,SH603329,上海雅仕,11.83,3828949,206383053,250051175,295810.540025
2025-11-04,SH603080,新疆火炬,23.96,4691300,141500000,141500000,339034
2025-11-04,SH603161,科华控股,13.77,3178906,190748750,194407705,267699.409785
2025-11-04,SZ300664,鹏鹞环保,5.63,9412849,752245332,756256332,425772.314916
2025-11-04,SZ002923,润都股份,13.48,5183367,258084833,334893286,451436.149528
2025-11-04,SZ300736,百邦科技,14.35,9254500,125086237,127934324,183585.75494
2025-11-04,SZ002925,盈趣科技,18.88,11337758,736174691,777441784,1467810.088192
2025-11-04,SZ300733,西菱动力,18.46,3255300,225483982,305676280,564278.41288
2025-11-04,SH603056,德邦股份,14.91,4123800,1019815388,1019815388,1520544.743508
2025-11-04,SH601828,美凯龙,2.76,16050008,3613447039,4354732673,1201906.217748
2025-11-04,SZ300624,万兴科技,73.86,9457813,171233216,193336324,1427982.089064
2025-11-04,SZ300738,奥飞数据,19.68,34134661,984891675,985170639,1938815.817552
2025-11-04,SH603895,天永智能,29.47,1251200,108080000,108080000,318511.76
2025-11-04,SH603356,华菱精工,15.76,4538300,133340000,133340000,210143.84
2025-11-04,SZ300737,科顺股份,4.99,9779257,886904869,1109970006,553875.032994
2025-11-04,SH601838,成都银行,17,51064301,4231058198,4238435356,7205340.1052
2025-11-04,SH603506,南都物业,12.67,4921767,187777779,187777779,237914.445993
2025-11-04,SZ300739,明阳电路,16.93,7289500,330722411,361019411,611205.862823
2025-11-04,SH603516,淳中科技,188.03,13301110,203268279,203268279,3822053.450037
2025-11-04,SZ002926,华西证券,9.86,31804400,2625000000,2625000000,2588250
2025-11-04,SZ300644,南京聚隆,34.83,3737730,88579728,110643398,385370.955234
2025-11-04,SH603871,嘉友国际,14.02,6014471,1368008658,1368008658,1917948.138516
2025-11-04,SZ300740,水羊股份,20.23,12848926,358978152,390005506,788981.138638
2025-11-04,SH603709,中源家居,15.72,2023102,125109270,126077200,198193.3584
2025-11-04,SH603156,养元饮品,27.35,7808910,1260277566,1260277566,3446859.14301
2025-11-04,SZ002927,泰永长征,15.97,10540545,220737832,223192180,356437.91146
2025-11-04,SH603712,七一二,20.04,4870100,772000000,772000000,1547088
2025-11-04,SH603680,今创集团,10.73,3386161,783718767,783718767,840930.236991
2025-11-04,SH601360,三六零,13.11,505915628,6999557879,6999557879,9176420.379369
2025-11-04,SZ002929,润建股份,43.48,4255933,210560743,284083084,1235193.249232
2025-11-04,SH600901,江苏金租,6.13,25072579,5790452431,5792379763,3550728.794719
2025-11-04,SZ300741,华宝股份,18.28,1542100,615876700,615880000,1125828.64
2025-11-04,SH603059,倍加洁,30.56,1577300,100448700,100448700,306971.2272
2025-11-04,SZ002928,华夏航空,10.63,16636645,1278235175,1278241550,1358770.76765
2025-11-04,SZ300634,彩讯股份,27.2,17053049,434573500,451210900,1227293.648
2025-11-04,SH600929,雪天盐业,5.68,8060900,1639625498,1640113256,931584.329408
2025-11-04,SZ002930,宏川智慧,10.81,6847082,432981760,457489692,494546.357052
2025-11-04,SZ300504,天邑股份,14.16,2080300,218251531,271024580,383770.80528
2025-11-04,SH603214,爱婴室,18.16,2030900,138540036,138540036,251588.705376
2025-11-04,SZ002931,锋龙股份,16.62,6712484,200611572,218505856,363156.732672
2025-11-04,SH603897,长城科技,26.53,0,206435681,206435681,547673.861693
2025-11-04,SH603301,振德医疗,94.69,23363224,266451202,266451202,2523026.431738
2025-11-04,SH603773,沃格光电,30.2,3827690,224488633,224566633,678191.23166
2025-11-04,SH603876,鼎胜新材,13.39,95118346,929267213,929267213,1244288.798207
2025-11-04,SH603733,仙鹤股份,22.57,2426000,707724036,707724036,1597333.149252
2025-11-04,SH603348,文灿股份,21.5,2579218,314477192,314477192,676125.9628
2025-11-04,SH603596,伯特利,48.74,9522916,606510820,606510820,2956133.73668
2025-11-04,SZ300743,天地数码,18.54,2347473,127410896,151240499,280399.885146
2025-11-04,SH603259,药明康德,93.81,54686065,2473280246,2983757155,27990625.871055
2025-11-04,SH603013,亚普股份,23.35,6970600,512599264,512599264,1196919.28144
2025-11-04,SZ300454,深信服,128.93,12571678,278295190,421883707,5439346.634351
2025-11-04,SH603045,福达合金,21.8,4395260,135445155,135445155,295270.4379
2025-11-04,SZ300745,欣锐科技,26.77,13590398,141359402,167614391,448703.724707
2025-11-04,SZ300746,汉嘉数智,14.02,3744700,221330475,225738328,316485.135856
2025-11-04,SH603486,科沃斯,85.78,4339707,571708038,578862838,4965485.424364
2025-11-04,SH601138,工业富联,73.49,131235753,19858183781,19858183781,145937792.606569
2025-11-04,SH601330,绿色动力,7.47,9188377,989094338,1393454130,1040910.23511
2025-11-04,SZ300750,宁德时代,378.95,23939074,4255627601,4562854001,172909352.367895
2025-11-04,SH603666,亿嘉和,32.98,7038457,205530420,205530420,677839.32516
2025-11-04,SH601990,南京证券,8.57,56746334,3659788847,3686361034,3159211.406138
2025-11-04,SH601066,中信建投,25.8,11661251,6495671035,7756694797,20012272.57626
2025-11-04,SH603587,地素时尚,12.76,1821840,474092787,474092787,604942.396212
2025-11-04,SZ300747,锐科激光,25.24,9485623,521977920,564802491,1425561.487284
2025-11-04,SH603650,彤程新材,39.35,8451138,597287537,598955455,2356889.715425
2025-11-04,SH603693,江苏新能,12.83,4181318,891475880,891475880,1143763.55404
2025-11-04,SH603706,东方环宇,21.49,1800400,189382714,189382714,406983.452386
2025-11-04,SH603105,芯能科技,9.56,12671163,500007221,500007221,478006.903276
2025-11-04,SZ002932,明德生物,18.99,3709570,156085161,232520957,441557.297343
2025-11-04,SH603713,密尔克卫,57.59,1314800,158127173,158127173,910654.389307
2025-11-04,SH601869,长飞光纤,82.58,5800556,406338314,757905108,6258780.381864
2025-11-04,SH603657,春光科技,32.18,2515100,135190050,135190050,435041.5809
2025-11-04,SH601606,长城军工,52.51,58607475,724228400,724228400,3802923.3284
2025-11-04,SZ300724,捷佳伟创,91.25,13206334,287714449,348292006,3178164.55475
2025-11-04,SZ000629,钒钛股份,2.95,105864815,9290327949,9290947845,2740829.614275
2025-11-04,SH603590,康辰药业,45.87,4016600,158223477,159356477,730968.159999
2025-11-04,SH603192,汇得科技,27.98,3744100,138666667,141754417,396628.858766
2025-11-04,SZ002933,新兴装备,33.73,1173800,114089047,117350000,395821.55
2025-11-04,SZ000950,重药控股,5.4,17714688,1728184696,1728184696,933219.73584
2025-11-04,SH601068,中铝国际,5.29,20975670,2559590667,2987836267,1580565.385243
2025-11-04,SZ002935,天奥电子,17.85,11162034,415090883,424102508,757022.97678
2025-11-04,SH603297,永新光学,100.55,1058500,110729100,110936700,1115468.5185
2025-11-04,SH603790,雅运股份,20.15,1667070,191360000,191360000,385590.4
2025-11-04,SH603810,丰山集团,17.26,3956634,165307886,165307886,285321.411236
2025-11-04,SZ002938,鹏鼎控股,51.8,25742657,2309384165,2318051016,12007504.26288
2025-11-04,SZ002936,郑州银行,2.04,129512118,6700633017,9092091358,1854786.637032
2025-11-04,SZ300748,金力永磁,36.13,39441111,1130674373,1375589297,4970004.130061
2025-11-04,SH603583,捷昌驱动,37.21,4525101,382246955,385770955,1435453.723555
2025-11-04,SZ300749,顶固集创,9.79,5271400,157395600,205169400,200860.8426
2025-11-04,SZ002937,兴瑞科技,18.61,2708987,296952817,297777837,554164.554657
2025-11-04,SH601577,长沙银行,9.9,29817558,4020683625,4021553754,3981338.21646
2025-11-04,SZ300694,蠡湖股份,12.24,3435000,215316977,215316977,263547.979848
2025-11-04,SZ300760,迈瑞医疗,207,12605254,1212405619,1212441394,25097536.8558
2025-11-04,SH601162,天风证券,5.19,137157983,8597970474,10073985234,5228398.336446
2025-11-04,SZ002940,昂利康,40.83,19612945,185275467,201728186,823656.183438
2025-11-04,SZ002939,长城证券,10.84,28032589,3602659631,4034426956,4373318.820304
2025-11-04,SZ300674,宇信科技,23.24,12128095,703011795,704057060,1636228.60744
2025-11-04,SZ300751,迈为股份,102.71,4093858,193352409,279405006,2869768.816626
2025-11-04,SH603220,中贝通信,23.8,8288590,434252858,434252858,1033521.80204
2025-11-04,SH601319,中国人保,8.47,56399729,35497756583,44223990583,37457720.023801
2025-11-04,SZ002941,新疆交建,18.09,40132526,729751172,729751172,1320119.870148
2025-11-04,SH603187,海容冷链,13.84,6870805,386416107,386416107,534799.892088
2025-11-04,SZ002943,宇晶股份,33.65,6430264,121933947,205458161,691366.711765
2025-11-04,SZ300752,隆利科技,19.89,6746053,154057350,228498956,454484.423484
2025-11-04,SZ002942,新农股份,21.09,11217582,137208793,155857930,328704.37437
2025-11-04,SZ300753,爱朋医疗,30.31,5769059,87905761,126048000,382051.488
2025-11-04,SH603629,利通电子,29.13,50079348,256412000,259930000,757176.09
2025-11-04,SZ001872,招商港口,20.57,3776600,1725142618,2481747585,5104954.782345
2025-11-04,SH603185,弘元绿能,29.77,89360567,679022202,679022202,2021449.095354
2025-11-04,SZ300756,金马游乐,56.79,3777485,131230353,157598176,895000.041504
2025-11-04,SH601860,紫金银行,2.87,47590298,3551570925,3660987241,1050703.338167
2025-11-04,SZ300757,罗博特科,212.38,3395137,148170135,167608111,3559661.061418
2025-11-04,SH601975,招商南油,3.19,150815804,4801856148,4801856148,1531792.111212
2025-11-04,SH603121,华培动力,16.11,4537720,338533715,338533715,545377.814865
2025-11-04,SH603739,蔚蓝生物,15.68,13171540,253028866,253028866,396749.261888
2025-11-04,SZ002948,青岛银行,5.16,57306135,3112421412,5820354724,3003303.037584
2025-11-04,SH603332,苏州龙杰,13.44,2974100,216347184,216347184,290770.615296
2025-11-04,SZ002945,华林证券,15.63,9476727,2700000000,2700000000,4220100
2025-11-04,SH601598,中国外运,6.52,27972569,5255916875,7272197875,4741473.0145
2025-11-04,SH601298,青岛港,8.71,22479275,5392075000,6491100000,5653748.1
2025-11-04,SH603700,宁水集团,13.05,5602636,201699184,201699184,263217.43512
2025-11-04,SH601615,明阳智能,14.69,55444200,2271496706,2271496706,3336828.661114
2025-11-04,SZ002946,新乳业,17.32,4088600,850708706,860676919,1490692.423708
2025-11-04,SZ300759,康龙化成,32.24,23992697,1419384613,1778195525,5732902.3726
2025-11-04,SZ300755,华致酒行,19.57,5552750,416445880,416798400,815674.4688
2025-11-04,SH603351,威尔药业,28.59,1085920,135439132,135439132,387220.478388
2025-11-04,SZ002947,恒铭达,50.31,9431778,192405609,256209336,1288989.169416
2025-11-04,SH601865,福莱特,18.55,21163491,1901025162,2342880162,4346042.70051
2025-11-04,SZ300761,立华股份,20.86,5613322,628016130,837269641,1746544.471126
2025-11-04,SZ300758,七彩化学,14.09,8944960,366306693,406038596,572108.381764
2025-11-04,SH603956,威派格,6.6,8101012,569906286,569906286,376138.14876
2025-11-04,SZ002949,华阳国际,14.83,4965900,151882289,196043864,290733.050312
2025-11-04,SH600928,西安银行,3.99,51354952,4423354066,4444444445,1773333.333555
2025-11-04,SZ002950,奥美医疗,11.29,27033462,451995209,633265407,714956.644503
2025-11-04,SZ300762,上海瀚讯,25.12,20529543,627965772,627965772,1577450.019264
2025-11-04,SZ002951,金时科技,14.7,2589200,404996625,405000000,595350
2025-11-04,SZ300763,锦浪科技,80.46,14477339,321509105,398113845,3203223.99687
2025-11-04,SZ300765,新诺威,33.32,13748620,1247072434,1404592944,4680103.689408
2025-11-04,SZ300766,每日互动,36.86,14467098,358250038,394749757,1455047.604302
2025-11-04,SH603681,永冠新材,18.27,7995698,191131093,191131093,349196.506911
2025-11-04,SZ002958,青农商行,3.28,64579500,5439644132,5555620741,1822243.603048
2025-11-04,SZ002952,亚世光电,19.97,2129000,131645032,164340000,328186.98
2025-11-04,SZ300767,震安科技,20.94,12051609,239891997,276291028,578553.412632
2025-11-04,SH603379,三美股份,53.1,5594004,610479037,610479037,3241643.68647
2025-11-04,SZ300768,迪普科技,23.63,28149611,420667709,643829039,1521368.019157
2025-11-04,SH603068,博通集成,37.37,2806900,150424966,150424966,562138.097942
2025-11-04,SZ300769,德方纳米,44.56,20241441,251757478,280188030,1248517.86168
2025-11-04,SH603317,天味食品,12.23,10612518,1064996294,1064996294,1302490.467562
2025-11-04,SZ300770,新媒股份,48.96,10032930,227838591,227838591,1115497.741536
2025-11-04,SZ300771,智莱科技,13.75,7690351,181199138,240000000,330000
2025-11-04,SZ300773,拉卡拉,23.67,17032348,734335413,788082500,1865391.2775
2025-11-04,SZ300772,运达股份,18.19,21212317,697821899,786847705,1431275.975395
2025-11-04,SH603967,中创物流,12.08,4410820,346666710,346666710,418773.38568
2025-11-04,SH603697,有友食品,13.15,20338351,427692098,427692098,562415.10887
2025-11-04,SZ002953,日丰股份,13.46,14516583,271637531,456888849,614972.390754
2025-11-04,SZ300778,新城市,13.53,6074743,203619486,203659642,275551.495626
2025-11-04,SH603267,鸿远电子,48.86,6314993,231080892,231080892,1129061.238312
2025-11-04,SH600989,宝丰能源,18.37,43370014,7333360000,7333360000,13471382.32
2025-11-04,SZ300777,中简科技,30.75,9006583,423615261,439707537,1352100.676275
2025-11-04,SZ300776,帝尔激光,67.9,6586494,167602619,273562250,1857487.6775
2025-11-04,SZ300775,三角防务,25.55,6172200,531575436,547539350,1398963.03925
2025-11-04,SH603982,泉峰汽车,9.39,7109978,339553548,365128995,342856.126305
2025-11-04,SZ300779,惠城环保,156.62,4060506,157396654,197134916,3087527.054392
2025-11-04,SH603327,福蓉科技,9.24,4851863,997492950,997492950,921683.4858
2025-11-04,SZ002955,鸿合科技,27.4,5097900,196279788,236639912,648393.35888
2025-11-04,SZ300780,德恩精工,18.41,6089600,107535012,146670000,270019.47
2025-11-04,SZ300781,因赛集团,36.78,3594975,121165586,164175340,603836.90052
2025-11-04,SH603915,国茂股份,17.18,22152073,656632480,656632480,1128094.60064
2025-11-04,SZ300782,卓胜微,72.45,5592187,448247520,534943198,3875663.46951
2025-11-04,SZ002956,西麦食品,21.68,2739300,223224301,223246885,483999.24668
2025-11-04,SH603217,元利科技,24.83,3427717,208087600,208087600,516681.5108
2025-11-04,SH603863,松炀资源,22.86,13217000,204650000,204650000,467829.9
2025-11-04,SZ300594,朗进科技,18.56,3072200,90998125,91873450,170517.1232
2025-11-04,SH600968,海油发展,3.9,55802596,10165104199,10165104199,3964390.63761
2025-11-04,SH603867,新化股份,30.13,8359545,192892203,192892203,581184.207639
2025-11-04,SH601698,中国卫通,21.79,38866950,4224385412,4224385412,9204935.812748
2025-11-04,SZ300788,中信出版,29.78,2325400,190151515,190151515,566271.21167
2025-11-04,SH601236,红塔证券,8.79,16749889,4716787742,4716787742,4146056.425218
2025-11-04,SZ300783,三只松鼠,23.16,6535801,280226700,401630700,930176.7012
2025-11-04,SZ300785,值得买,35.2,6498341,122334285,198855243,699970.45536
2025-11-04,SH603236,移远通信,91.33,8234617,261657654,261657654,2389719.353982
2025-11-04,SH603256,宏和科技,32.69,17969118,879727500,879727500,2875829.1975
2025-11-04,SH688122,西部超导,75.96,23097908,649664497,649664497,4934851.519212
2025-11-04,SH688088,虹软科技,51.77,4633366,401170400,401170400,2076859.1608
2025-11-04,SH688333,铂力特,73.5,5592560,274322174,274322174,2016267.9789
2025-11-04,SH688001,华兴源创,29.5,3256000,445377843,445377843,1313864.63685
2025-11-04,SH688388,嘉元科技,39.84,14829431,426253444,426253444,1698193.720896
2025-11-04,SH688012,中微公司,292.85,20787829,626145307,626145307,18336665.315495
2025-11-04,SH688019,安集科技,192.41,2845125,168554258,168554258,3243152.478178
2025-11-04,SH688022,瀚川智能,16.01,4312062,175878324,175878324,281581.196724
2025-11-04,SH688003,天准科技,51.55,1609253,194136500,194136500,1000773.6575
2025-11-04,SH688005,容百科技,26.15,19480124,714618752,714725470,1869007.10405
2025-11-04,SH688006,杭可科技,30.95,8609403,603672152,603672152,1868365.31044
2025-11-04,SH688007,光峰科技,18.06,8511828,459615635,459615635,830065.83681
2025-11-04,SH688008,澜起科技,130.07,32812518,1145151330,1145151330,14894983.34931
2025-11-04,SH688009,中国通号,5.31,23359245,8621018000,10589819000,5623193.889
2025-11-04,SH688018,乐鑫科技,161.1,2677553,156702722,167143010,2692673.8911
2025-11-04,SH688033,天宜新材,7.06,10842250,562198596,562198596,396912.208776
2025-11-04,SH688016,心脉医疗,99.34,1653580,123262117,123262117,1224485.870278
2025-11-04,SH688002,睿创微纳,80.19,5624668,460237717,460237717,3690646.252623
2025-11-04,SH688029,南微医学,81.66,1859662,187847422,187847422,1533962.048052
2025-11-04,SH688010,福光股份,26.71,1941612,160561578,160561578,428859.974838
2025-11-04,SH688015,交控科技,24.02,1842922,188680742,188680742,453211.142284
2025-11-04,SH688020,方邦股份,60,5246065,82372000,82372000,494232
2025-11-04,SH688011,新光光电,40.7,2716234,100000000,100000000,407000
2025-11-04,SH688028,沃尔德,49.03,7657950,150949000,150949000,740102.947
2025-11-04,SH688066,航天宏图,29.46,9373716,261277771,261277771,769724.313366
2025-11-04,SZ300786,国林科技,16.54,7301000,146644444,184015879,304362.263866
2025-11-04,SH603983,丸美生物,33.31,4223190,401000000,401000000,1335731
2025-11-04,SH603687,大胜达,8.9,9316600,550031864,550031864,489528.35896
2025-11-04,SZ002957,科瑞技术,21.41,11533015,418678862,419982466,899182.459706
2025-11-04,SH603279,景津装备,15.35,2442900,576373000,576457000,884861.495
2025-11-04,SH603613,国联股份,28.3,12109442,720537813,720537813,2039122.01079
2025-11-04,SZ002966,苏州银行,8.45,57381985,4396221024,4470662011,3777709.399295
2025-11-04,SH603530,神马电力,44.32,8657232,427464774,431684575,1913226.0364
2025-11-04,SH603662,柯力传感,65.66,5580216,280829868,280829868,1843928.913288
2025-11-04,SH688099,晶晨股份,83.24,8002787,421101263,421101263,3505246.913212
2025-11-04,SH688188,柏楚电子,135.5,1615662,288729927,288729927,3912290.51085
2025-11-04,SZ002960,青鸟消防,10.83,12557554,747178042,874798278,947406.535074
2025-11-04,SH603115,海星股份,19.15,7111500,241890400,241890400,463220.116
2025-11-04,SH688321,微芯生物,30.7,21069059,407807559,407807559,1251969.20613
2025-11-04,SZ300787,海能实业,12.41,12924851,190958792,313432952,388970.293432
2025-11-04,SZ002959,小熊电器,45,3703393,151982755,157288003,707796.0135
2025-11-04,SH603992,松霖科技,28,1802100,424757446,432901446,1212124.0488
2025-11-04,SZ003816,中国广核,3.99,119703395,39334986100,50498611100,20148945.8289
2025-11-04,SZ300789,唐源电气,25.04,1869991,98895953,143849057,360198.038728
2025-11-04,SH603755,日辰股份,38.67,5908252,98613681,98613681,381339.104427
2025-11-04,SH603093,南华期货,19.9,7465400,610065893,610065893,1214031.12707
2025-11-04,SZ002961,瑞达期货,22.97,9606900,445034290,445036540,1022248.93238
2025-11-04,SH688168,安博通,77.4,1975034,76855124,76855124,594858.65976
2025-11-04,SH603927,中科软,21.54,13923146,831040000,831040000,1790060.16
2025-11-04,SZ002962,五方光电,15.12,3506212,209184005,291665352,440998.012224
2025-11-04,SZ300790,宇瞳光学,30.57,9441184,324623513,374118981,1143681.724917
2025-11-04,SH688116,天奈科技,53.68,8416702,344841784,366516126,1967458.564368
2025-11-04,SZ300791,仙乐健康,23.77,1793180,256524897,307318960,730497.16792
2025-11-04,SZ300792,壹网壹创,29.84,7307477,212533673,236942730,707037.10632
2025-11-04,SH688036,传音控股,73.57,8773014,1140350575,1140350575,8389559.180275
2025-11-04,SH688068,热景生物,140.65,5188482,92707940,92707940,1303937.1761
2025-11-04,SH688030,山石网科,19.83,2713752,180232718,180232718,357401.479794
2025-11-04,SH688368,晶丰明源,98.45,1152981,88490481,88490481,871188.785445
2025-11-04,SH603786,科博达,74.2,3822874,403856700,403856700,2996616.714
2025-11-04,SZ300793,佳禾智能,16.42,5833020,372079812,380538312,624843.908304
2025-11-04,SH603815,交建股份,13.37,9981400,618924235,618924235,827501.702195
2025-11-04,SZ300795,米奥会展,14.23,2929007,173265200,298893870,425325.97701
2025-11-04,SH688139,海尔生物,34.98,3453805,317952508,317952508,1112197.872984
2025-11-04,SZ002965,祥鑫科技,39.36,8508464,199421609,265380359,1044537.093024
2025-11-04,SH688098,申联生物,11.26,6663684,410644000,410644000,462385.144
2025-11-04,SZ002963,豪尔赛,16.67,5474365,114211952,150359930,250650.00331
2025-11-04,SH603610,麒盛科技,18.76,12370258,352991621,352991621,662212.280996
2025-11-04,SH601077,渝农商行,7.15,41177758,8838242409,11357000000,8120255
2025-11-04,SH688108,赛诺医疗,20.72,19084377,416048000,416048000,862051.456
2025-11-04,SH688366,昊海生科,50.56,515581,194051855,232581095,1175930.01632
2025-11-04,SH688369,致远互联,26.27,5568261,115218071,115218071,302677.872517
2025-11-04,SH688025,杰普特,146.96,1406223,95049423,95049423,1396846.320408
2025-11-04,SH688058,宝兰德,32.57,3283652,77730937,77730937,253169.661809
2025-11-04,SZ300797,钢研纳克,16.91,4916088,378559890,382783800,647287.4058
2025-11-04,SH688389,普门科技,13.82,2601597,428485730,428485730,592167.27886
2025-11-04,SH688199,久日新材,23.71,4090660,161227251,161227251,382269.812121
2025-11-04,SH688128,中国电研,31.04,3510458,404500000,404500000,1255568
2025-11-04,SH688023,安恒信息,57.38,2769379,102065545,102065545,585652.09721
2025-11-04,SH688202,美迪西,66.33,4101504,134352184,134352184,891158.036472
2025-11-04,SH688021,奥福科技,20.1,1590791,76413717,76413717,153591.57117
2025-11-04,SH688363,华熙生物,52.05,2921714,481678242,481678242,2507135.24961
2025-11-04,SH688299,长阳科技,18.63,9760573,287392894,287392894,535412.961522
2025-11-04,SZ300800,力合科技,12.12,2258700,234381500,236759000,286951.908
2025-11-04,SH688288,鸿泉技术,27.69,1600986,99813704,99813704,276384.146376
2025-11-04,SZ300564,筑博设计,16.44,1759215,113191750,161315200,265202.1888
2025-11-04,SZ002967,广电计量,20.51,12147237,529721139,583245846,1196237.230146
2025-11-04,SH688166,博瑞医药,55.7,11433305,423102473,423102473,2356680.77461
2025-11-04,SH603489,八方股份,29.05,9676461,234617979,234617979,681565.228995
2025-11-04,SZ300802,矩子科技,20.5,3933510,199934099,289295555,593055.88775
2025-11-04,SZ300796,贝斯美,9.53,7353352,361142872,361142872,344169.157016
2025-11-04,SH688300,联瑞新材,59.71,4226001,241469190,241469190,1441812.53349
2025-11-04,SH688101,三达膜,17.44,3138052,332012066,332012066,579029.043104
2025-11-04,SZ300803,指南针,137.76,25306344,598589911,608150449,8377880.585424
2025-11-04,SH688111,金山办公,350.21,9515380,463179293,463179293,16221002.020153
2025-11-04,SH688138,清溢光电,27.35,3315018,314800000,314800000,860978
2025-11-04,SZ300805,电声股份,11.79,9510700,288316092,424406892,500375.725668
2025-11-04,SH688196,卓越新能,49.8,1439718,120000000,127190795,633410.1591
2025-11-04,SZ300798,锦鸡股份,7.96,16001545,372805436,468853150,373207.1074
2025-11-04,SZ300806,斯迪克,26.13,20341549,316210172,453300503,1184474.214339
2025-11-04,SH603390,通达电气,12.88,3044300,350513953,351651984,452927.755392
2025-11-04,SH601916,浙商银行,3.07,202533959,21544435963,27464635963,8431643.240641
2025-11-04,SZ300801,泰和科技,30.22,14942400,136491125,218430000,660095.46
2025-11-04,SZ300808,久量股份,29.82,1861800,118899578,160000000,477120
2025-11-04,SZ002969,嘉美包装,3.71,13847300,949776042,955451508,354472.509468
2025-11-04,SH688358,祥生医疗,35.94,2304347,112124537,112124537,402975.585978
2025-11-04,SZ002968,新大正,12.25,4389100,213156158,226277783,277190.284175
2025-11-04,SH688310,迈得医疗,18.55,4411941,166219690,166219690,308337.52495
2025-11-04,SH688118,普元信息,27.37,2764390,93316713,93316713,255407.843481
2025-11-04,SZ300809,华辰装备,37.43,5003530,150569504,253539200,948997.2256
2025-11-04,SH688357,建龙微纳,37.44,1782941,100059875,100059875,374624.172
2025-11-04,SH688399,硕世生物,75.82,1235336,83871721,83871721,635915.388622
2025-11-04,SZ300810,中科海讯,43.2,2394448,113990525,118050000,509976
2025-11-04,SH688258,卓易信息,66.82,3039328,121142237,121142237,809472.427634
2025-11-04,SH688198,佰仁医疗,109.19,834660,137748133,137748133,1504071.864227
2025-11-04,SH601658,邮储银行,5.92,222202381,67122395200,120095053492,71096271.667264
2025-11-04,SH688218,江苏北人,24.39,4721435,118601725,118601725,289269.607275
2025-11-04,SH688039,当虹科技,50.07,3341586,110601424,110601424,553781.329968
2025-11-04,SZ001914,招商积余,11.39,6230771,1060341660,1060346060,1207734.16234
2025-11-04,SH688037,芯源微,122.2,5736821,201627296,201627296,2463885.55712
2025-11-04,SZ002970,锐明技术,45.01,2178220,123151458,180478500,812333.7285
2025-11-04,SH603053,成都燃气,10.67,4827184,888890000,888890000,948445.63
2025-11-04,SZ300807,天迈科技,44.53,7729900,51941489,68039587,302980.280911
2025-11-04,SH688089,嘉必优,23.68,2313008,168309120,168309120,398555.99616
2025-11-04,SH601512,中新集团,9.94,37208663,1498890000,1498890000,1489896.66
2025-11-04,SH688123,聚辰股份,157.2,7679719,158271044,158271044,2488020.81168
2025-11-04,SH603995,甬金股份,18.31,5006150,365617858,365617858,669446.297998
2025-11-04,SH688268,华特气体,61.28,1804750,120223921,120304921,737228.555888
2025-11-04,SZ002972,科安达,12.59,4695780,134646690,246008800,309725.0792
2025-11-04,SZ300811,铂科新材,81.56,10918572,237343265,289515067,2361284.886452
2025-11-04,SH688078,龙软科技,30.49,758506,72893000,72893000,222250.757
2025-11-04,SH603109,神驰机电,27.49,3480640,208848360,208848360,574124.14164
2025-11-04,SH688181,八亿时空,33.92,3283469,134481546,134481546,456161.404032
2025-11-04,SH688081,兴图新科,31.28,4608006,103040000,103040000,322309.12
2025-11-04,SZ002973,侨银股份,15.51,5469900,222884075,408665673,633840.458823
2025-11-04,SZ300812,易天股份,26.62,9616682,92708057,140077029,372885.051198
2025-11-04,SZ002971,和远气体,37.88,9257825,161004546,211800000,802298.4
2025-11-04,SZ300813,泰林生物,32.5,6547419,76051073,121199219,393897.46175
2025-11-04,SH688178,万德斯,25.83,1042103,84997844,84997844,219549.431052
2025-11-04,SH603551,奥普科技,10.92,2075100,384908650,390158650,426053.2458
2025-11-04,SH601816,京沪高铁,5.21,112584606,48925679370,48925679370,25490278.95177
2025-11-04,SH688278,特宝生物,73.35,2230522,408189480,408189480,2994069.8358
2025-11-04,SH688158,优刻得,24.86,11380135,405473908,456305081,1134374.431366
2025-11-04,SH688100,威胜信息,36.65,4273350,491685175,491685175,1802026.166375
2025-11-04,SH688026,洁特生物,17.91,2932443,140319523,140364345,251392.541895
2025-11-04,SZ300815,玉禾田,23.12,7921420,390384108,398592000,921544.704
2025-11-04,SH688159,有方科技,53.68,2801433,92728820,92908820,498734.54576
2025-11-04,SH688266,泽璟制药,103.68,4438097,264708186,264708186,2744494.472448
2025-11-04,SH603290,斯达半导,100.18,4558530,239473466,239473466,2399045.182388
2025-11-04,SH688298,东方生物,26.23,2261555,201600000,201600000,528796.8
2025-11-04,SZ002975,博杰股份,69.32,7066977,105858980,160302593,1111217.574676
2025-11-04,SH603195,公牛集团,42.94,3868909,1800728214,1808587688,7766075.532272
2025-11-04,SH603893,瑞芯微,174.8,6964332,420801050,420919050,7357664.994
2025-11-04,SZ300816,艾可蓝,41.85,4114371,56668571,80000000,334800
2025-11-04,SH688398,赛特新材,20.54,2920700,167814101,167814101,344690.163454
2025-11-04,SH688186,广大特材,24.5,8768800,280489356,280489356,687198.9222
2025-11-04,SZ300818,耐普矿机,30.89,2881952,109482412,168772604,521338.573756
2025-11-04,SH688080,映翰通,50.29,1921779,73656132,73656132,370416.687828
2025-11-04,SH688208,道通科技,36.8,9538369,670183441,670183441,2466275.06288
2025-11-04,SZ300820,英杰电气,53.04,4368358,111060676,221618988,1175467.112352
2025-11-04,SH688090,瑞松科技,33.59,1815239,122094204,122370064,411041.044976
2025-11-04,SH688200,华峰测控,186.54,1818150,135533225,135533225,2528236.77915
2025-11-04,SZ300817,双飞集团,20.02,2291300,125261253,218298240,437033.07648
2025-11-04,SH688177,百奥泰,26.54,2260996,414080000,414080000,1098968.32
2025-11-04,SH688169,石头科技,155,3899384,259106368,259106368,4016148.704
2025-11-04,SH688233,神工股份,49.9,6661156,170305736,170305736,849825.62264
2025-11-04,SH603719,良品铺子,12.3,4460502,401000000,401000000,493230
2025-11-04,SH601696,中银证券,13.82,30744370,2778000000,2778000000,3839196
2025-11-04,SH688396,华润微,49.34,8015018,1327529398,1327529398,6550030.049732
2025-11-04,SH603948,建业股份,25.78,2873900,162489167,162489167,418897.072526
2025-11-04,SZ002976,瑞玛精密,25.46,2930100,65216250,121171500,308502.639
2025-11-04,SH603949,雪龙集团,20.25,2366000,210205274,211136680,427551.777
2025-11-04,SZ300821,东岳硅材,9.23,12588900,1199790750,1200000000,1107600
2025-11-04,SZ300819,聚杰微纤,26.91,4265650,134762250,149205000,401510.655
2025-11-04,SZ300822,贝仕达克,17.19,1721283,288982037,311536200,535530.7278
2025-11-04,SZ002977,天箭科技,33.84,1344940,66620170,120120000,406486.08
2025-11-04,SZ300823,建科智能,16.78,6459460,84789426,130982727,219789.015906
2025-11-04,SH688051,佳华科技,54.53,1248574,77334000,77334000,421702.302
2025-11-04,SH603221,爱丽家居,12.1,2697700,242270000,244540000,295893.4
2025-11-04,SH688189,南新制药,9.2,11793514,274400000,274400000,252448
2025-11-04,SZ300825,阿尔特,11.6,15208591,484410200,498040481,577726.95796
2025-11-04,SH688228,开普云,167.25,4110855,67550760,67550760,1129786.461
2025-11-04,SZ300826,测绘股份,17.96,2990400,160933735,166508706,299049.635976
2025-11-04,SH603353,和顺石油,21.95,5157994,170418000,171906000,377333.67
2025-11-04,SZ002979,雷赛智能,42.65,4236570,220981155,314140847,1339810.712455
2025-11-04,SH688096,京源环保,8.44,4663565,236037604,236037604,199215.737776
2025-11-04,SH688085,三友医疗,19.84,3182072,313783705,333462498,661589.596032
2025-11-04,SZ300827,上能电气,33.43,63221407,385214530,504216996,1685597.417628
2025-11-04,SZ002980,华盛昌,24.17,6683982,100375560,189401160,457782.60372
2025-11-04,SH603095,越剑智能,17.17,15420620,258269200,258269200,443448.2164
2025-11-04,SH688222,成都先导,24.15,13914632,400680000,400680000,967642.2
2025-11-04,SZ002981,朝阳科技,30.71,1898340,119413915,137486115,422219.859165
2025-11-04,SZ002978,安宁股份,30.89,4880732,369989958,471989958,1457976.980262
2025-11-04,SH688126,沪硅产业,23.02,44950873,2731658657,2747177186,6324001.882172
2025-11-04,SZ300828,锐新科技,16.49,3420900,124738190,166422000,274429.878
2025-11-04,SH603682,锦和商管,6.02,7709700,472500000,472500000,284445
2025-11-04,SZ300829,金丹科技,18.04,2110317,158244431,227275107,410004.293028
2025-11-04,SH601609,金田股份,11.02,37582577,1728636063,1728636063,1904956.941426
2025-11-04,SZ002982,湘佳股份,14.98,1895152,129875880,203193967,304384.562566
2025-11-04,SH688318,财富趋势,138.78,2896570,256119472,256119472,3554426.032416
2025-11-04,SZ002983,芯瑞达,20.44,1463826,128128469,223432221,456695.459724
2025-11-04,SH603439,三力制药,12.12,2656600,403840216,408930216,495623.421792
2025-11-04,SZ002985,北摩高科,29.16,5532685,175670793,331853600,967685.0976
2025-11-04,SH603392,万泰生物,55.6,3418988,1265122774,1265122774,7034082.62344
2025-11-04,SH688365,光云科技,14.56,8202682,425824684,425824684,620000.739904
2025-11-04,SH603212,赛伍技术,11.65,6499708,437490636,437490636,509676.59094
2025-11-04,SZ300830,金现代,10.9,9102171,337084772,451640747,492288.41423
2025-11-04,SZ300831,派瑞股份,13.83,6051800,184484240,320000000,442560
2025-11-04,SZ002987,京北方,20.85,12898338,843444624,867357451,1808440.285335
2025-11-04,SH688466,金科环境,20.26,696557,123119025,123119025,249439.14465
2025-11-04,SH688588,凌志软件,17.77,0,400010003,400010003,710817.775331
2025-11-04,SZ300832,新产业,62.25,3565972,681997363,785718785,4891099.436625
2025-11-04,SH688598,金博股份,30.16,5311126,203575616,207573116,626040.517856
2025-11-04,SZ002988,豪美新材,38.16,2287700,249674340,249751543,953051.888088
2025-11-04,SH688566,吉贝尔,32.8,4329937,199430865,199430865,654133.2372
2025-11-04,SH601778,晶科科技,3.6,116470573,3570993975,3570993975,1285557.831
2025-11-04,SZ300833,浩洋股份,43.52,834050,81255470,126490500,550486.656
2025-11-04,SH688516,奥特维,45.05,9366640,314626388,315196071,1419958.299855
2025-11-04,SH605001,威奥股份,8.17,9908090,392886000,392886000,320987.862
2025-11-04,SZ002990,盛视科技,29.93,3382700,134095388,261277638,782003.970534
2025-11-04,SZ300835,龙磁科技,57.47,3070910,82283726,119247540,685315.61238
2025-11-04,SH603950,长源东谷,31.31,7247580,323606800,324130800,1014853.5348
2025-11-04,SZ300836,佰奥智能,52.98,2216784,63209837,92685610,491048.36178
2025-11-04,SH605168,三人行,28.44,4608389,210816986,210816986,599563.508184
2025-11-04,SH605288,凯迪股份,82.05,1481240,70198912,70673012,579872.06346
2025-11-04,SH688360,德马科技,23.44,11295246,252286035,263745667,618219.843448
2025-11-04,SZ002986,宇新股份,10.78,2757213,302029392,383500152,413413.163856
2025-11-04,SH600918,中泰证券,6.89,22919785,3925847319,6921663256,4769025.983384
2025-11-04,SH601827,三峰环境,8.65,9547200,1671933300,1671933300,1446222.3045
2025-11-04,SZ300837,浙矿股份,27,1998904,68914256,100001756,270004.7412
2025-11-04,SH601399,国机重装,3.69,127727000,7213555890,7213555890,2661802.12341
2025-11-04,SZ300838,浙江力诺,15.45,1743181,101754875,137978000,213176.01
2025-11-04,SH688312,燕麦科技,31.94,3413280,145771216,145771216,465593.263904
2025-11-04,SH688157,松井股份,32.5,1134276,156431080,156431080,508401.01
2025-11-04,SH688599,天合光能,21.4,93326636,2179365412,2179365412,4663841.98168
2025-11-04,SZ002989,中天精装,27.13,3686100,186939255,201593505,546923.179065
2025-11-04,SH688004,博汇科技,27.16,2755764,80088000,80088000,217519.008
2025-11-04,SZ300841,康华生物,77.7,2646616,118929275,129946899,1009687.40523
2025-11-04,SH688106,金宏气体,20.15,5961322,481977548,481977548,971184.75922
2025-11-04,SH605166,聚合顺,11.57,16746437,314729307,314729307,364141.808199
2025-11-04,SZ300842,帝科股份,61.21,4347520,126125115,141762418,867727.760578
2025-11-04,SH688505,复旦张江,9.16,4471643,710572100,1036572100,949500.0436
2025-11-04,SZ300824,北鼎股份,12.73,3099050,316495307,326341682,415432.961186
2025-11-04,SH688520,神州细胞,51.25,6304145,445335714,445335714,2282345.53425
2025-11-04,SH688518,联赢激光,24.18,11838526,341325095,341325095,825324.07971
2025-11-04,SH603087,甘李药业,64.38,14727037,557858580,597304969,3845449.390422
2025-11-04,SH600956,新天绿能,8.15,21852116,2348088677,4205693073,3427639.854495
2025-11-04,SH688558,国盛智科,28.46,3181815,132000000,132000000,375672
2025-11-04,SZ300839,博汇股份,13.06,2922529,289689057,294963575,385222.42895
2025-11-04,SH688528,秦川物联,12.57,1409407,168000000,168000000,211176
2025-11-04,SZ300846,首都在线,21.68,20437875,391906134,502296016,1088977.762688
2025-11-04,SZ300843,胜蓝股份,47.81,4616017,157090219,163704863,782672.950003
2025-11-04,SZ300845,捷安高科,11.66,5337377,144020835,205052707,239091.456362
2025-11-04,SH688600,皖仪科技,24.45,1781254,134708490,134708490,329362.25805
2025-11-04,SH688277,天智航,17.42,13896348,455992034,455992034,794338.123228
2025-11-04,SH688568,中科星图,39.39,8642157,808078912,808078912,3183022.834368
2025-11-04,SH688377,迪威尔,41,2085450,175845236,194667000,798134.7
2025-11-04,SZ300840,酷特智能,19.32,5061400,177085135,240000000,463680
2025-11-04,SZ300847,中船汉光,18.22,7048250,296010000,296010000,539330.22
2025-11-04,SH688027,国盾量子,583,7600796,80374370,102861001,5996796.3583
2025-11-04,SZ300849,锦盛新材,14.8,2964100,121468023,150000000,222000
2025-11-04,SH605199,ST葫芦娃,9.42,5530329,400108752,400108752,376902.444384
2025-11-04,SH688060,云涌科技,44.27,622181,60190728,60190728,266464.352856
2025-11-04,SZ300850,新强联,50.06,23021219,300786694,414085835,2072913.69001
2025-11-04,SZ300852,四会富仕,39.2,4324144,154808143,160372997,628662.14824
2025-11-04,SH688309,恒誉环保,26.33,1215788,80010733,80010733,210668.259989
2025-11-04,SH688180,君实生物,39.06,9982655,766394171,1026689871,4010250.636126
2025-11-04,SH688165,埃夫特,22.26,6388117,521780000,521780000,1161482.28
2025-11-04,SH688500,慧辰股份,73.88,2241478,73315910,75296710,556292.09348
2025-11-04,SH605108,同庆楼,18.86,1654380,260000000,260000000,490360
2025-11-04,SH688981,中芯国际,119.88,47738417,1999562549,8000071259,95904854.252892
2025-11-04,SH688579,地纬智能,12.23,7411807,400010000,400010000,489212.23
2025-11-04,SH688567,孚能科技,17.94,27475451,1222103885,1222103885,2192454.36969
2025-11-04,SZ300851,交大思诺,28.8,1159300,54110025,86933400,250368.192
2025-11-04,SZ300848,美瑞新材,19.25,61927926,253122512,427887627,823683.681975
2025-11-04,SH688488,艾迪药业,14.86,5913422,420782808,420782808,625283.252688
2025-11-04,SH688256,寒武纪,1339.6,7150162,418350224,421685170,56488945.3732
2025-11-04,SH688580,伟思医疗,52.12,2082997,95771288,95771288,499159.953056
2025-11-04,SH688336,三生国健,76.59,14460112,616785793,616785793,4723962.388587
2025-11-04,SH688561,奇安信,39.66,12965177,682252725,682252725,2705814.30735
2025-11-04,SZ300856,科思股份,13.82,5699723,456553789,475687126,657399.608132
2025-11-04,SH688077,大地熊,33.06,1852220,114478504,114478504,378465.934224
2025-11-04,SH688589,力合微,23.23,3031835,145328310,145328310,337597.66413
2025-11-04,SH688069,德林海,24.09,1300050,113000000,113000000,272217
2025-11-04,SH688418,震有科技,29.59,5871025,192554634,192554634,569769.162006
2025-11-04,SH688508,芯朋微,61,2781679,131310346,131310346,800993.1106
2025-11-04,SZ300855,图南股份,27.36,5188700,292956138,395531500,1082174.184
2025-11-04,SZ300853,申昊科技,23.91,8744800,110256541,146945918,351347.689938
2025-11-04,BJ920370,新安洁,4.74,3367550,261562412,300283343,142334.304582
2025-11-04,BJ920184,国源科技,21.04,4490512,87713210,132613709,279019.243736
2025-11-04,BJ920021,流金科技,7.07,15934619,250151824,308999983,218462.987981
2025-11-04,BJ920368,连城数控,29.33,3454242,223362184,234780440,688611.03052
2025-11-04,BJ920946,森萱医药,11.67,4481720,426787090,426918340,498213.70278
2025-11-04,BJ920415,恒拓开源,16.06,2699212,106419991,140511487,225661.448122
2025-11-04,BJ920433,大唐药业,6.7,1863928,169316396,255919681,171466.18627
2025-11-04,BJ920729,永顺生物,9.93,1564109,76825041,273350000,271436.55
2025-11-04,BJ920185,贝特瑞,35.68,17167492,1109172997,1127338649,4022344.299632
2025-11-04,BJ920167,同享科技,18.84,2283203,65274437,109706125,206686.3395
2025-11-04,BJ920198,微创光电,11.25,6571396,70099163,161363872,181534.356
2025-11-04,BJ920475,三友科技,18.6,874048,42022198,101060000,187971.6
2025-11-04,BJ920489,佳先股份,20.02,3771114,85577249,136459200,273191.3184
2025-11-04,BJ920445,龙竹科技,13.37,19267759,104826446,146930025,196445.443425
2025-11-04,SZ300857,协创数据,159.35,10180047,345128519,346120769,5515434.454015
2025-11-04,BJ920418,苏轴股份,30.06,3145616,155996309,162489600,488443.7376
2025-11-04,BJ920508,殷图网联,27,819740,31245000,60000000,162000
2025-11-04,BJ920799,艾融软件,53.06,3773805,120704571,209780050,1113092.9453
2025-11-04,SZ300858,科拓生物,17.5,4196200,193764577,263495118,461116.4565
2025-11-04,BJ920640,富士达,40.08,20854614,180602235,187728000,752413.824
2025-11-04,BJ920682,球冠电缆,10.09,3712573,188172322,324480000,327400.32
2025-11-04,BJ920964,润农节水,7.76,4008553,132357378,261208000,202697.408
2025-11-04,BJ920819,颖泰生物,4.29,13760066,1207507500,1225800000,525868.2
2025-11-04,BJ920278,鹿得医疗,10.5,3487939,74048000,174500000,183225
2025-11-04,BJ920163,方大新材,17.13,1391977,59651985,128715160,220489.06908
2025-11-04,BJ920263,中航泰达,14.49,1601604,102593737,141242896,204660.956304
2025-11-04,BJ920242,建邦科技,32.72,1114722,36700225,65823750,215375.31
2025-11-04,BJ920961,创远信科,26.62,7502180,101622222,142840508,380241.432296
2025-11-04,BJ920010,凯添燃气,13.82,6298864,173643478,234500000,324079
2025-11-04,BJ920149,旭杰科技,14.1,1206853,62738503,75973680,107122.8888
2025-11-04,BJ920266,生物谷,10.52,2166707,80764238,124000007,130448.007364
2025-11-04,SH605188,国光连锁,23.05,26338400,502358500,502358500,1157936.3425
2025-11-04,SH688050,爱博医疗,63.42,3359830,189809560,193403175,1226562.93585
2025-11-04,SH603408,建霖家居,12.22,3534100,447573000,447573000,546934.206
2025-11-04,SH605118,力鼎光电,27.97,2253200,407116000,410684000,1148683.148
2025-11-04,SH605222,起帆电缆,18.3,4832100,412901369,412901369,755609.50527
2025-11-04,SZ002991,甘源食品,56.56,1305585,49933706,93215831,527228.740136
2025-11-04,SH601456,国联民生,10.78,36956749,2597683741,5680592806,6123679.044868
2025-11-04,SH688586,江航装备,10.97,4212499,791339156,791339156,868099.054132
2025-11-04,SH688311,盟升电子,34.1,2304188,167918462,167918462,572601.95542
2025-11-04,SH605318,法狮龙,66.2,3120400,125729028,125729028,832326.16536
2025-11-04,SZ002992,宝明科技,51.81,1619300,158039502,180868635,937080.397935
2025-11-04,SH605399,晨光新材,13.54,11502563,311557328,312241328,422774.758112
2025-11-04,SZ002995,天地在线,17.96,4296300,112417208,177454480,318708.24608
2025-11-04,SH605158,华达新材,8.78,3467590,511420000,511420000,449026.76
2025-11-04,SZ300859,西域旅游,41.36,18617655,155000000,155000000,641080
2025-11-04,SH688338,赛科希德,27,720428,106142400,106142400,286584.48
2025-11-04,SH605066,天正电气,7.66,18145225,502433125,504750125,386638.59575
2025-11-04,SH688556,高测股份,10.97,29190687,830773934,830773934,911359.005598
2025-11-04,SH688339,亿华通,30.99,11651888,195787119,231652081,717889.799019
2025-11-04,SH688286,敏芯股份,81.09,2542827,56040754,56040754,454434.474186
2025-11-04,SH688155,先惠技术,59.49,3093908,125479333,125479333,746476.552017
2025-11-04,SH605100,华丰股份,35.36,12597627,169932000,170730000,603701.28
2025-11-04,SH688313,仕佳光子,67.61,24900797,458802328,458802328,3101962.539608
2025-11-04,SH605366,宏柏新材,6.25,9142893,650143895,650143895,406339.934375
2025-11-04,SH688065,凯赛生物,48.48,3815868,583378039,721289794,3496812.921312
2025-11-04,SH688185,康希诺,76.73,1741238,88830199,247449899,1898683.075027
2025-11-04,SZ002993,奥海科技,46.25,4384482,238446933,276040000,1276685
2025-11-04,SH605088,冠盛股份,36.68,2706006,199715253,202818693,743938.965924
2025-11-04,SH600610,中毅达,11.17,14415821,708726705,1071274605,1196613.733785
2025-11-04,SH688055,龙腾光电,3.96,7697499,3333333400,3333333400,1320000.0264
2025-11-04,SH688335,复洁科技,21.1,10569839,148034592,148034592,312352.98912
2025-11-04,SH688229,博睿数据,60.15,1932586,44400000,44400000,267066
2025-11-04,SH688521,芯原股份,153.14,9300426,500997832,525858273,8052993.592722
2025-11-04,SH605388,均瑶健康,7.48,6094560,600484000,600484000,449162.032
2025-11-04,SH605333,沪光股份,30.45,4976444,436776081,464040406,1413003.03627
2025-11-04,SH688519,南亚新材,64.26,3261130,234771002,234771002,1508638.458852
2025-11-04,SH603931,格林达,28.96,4110396,199558380,199558380,577921.06848
2025-11-04,SH688379,华光新材,49.27,1527232,90085520,90085520,443851.35704
2025-11-04,SH688596,正帆科技,31.51,8882235,292923984,292923984,923003.473584
2025-11-04,SH688393,安必平,25.69,1789976,78704949,93567699,240375.418731
2025-11-04,SH605178,时空科技,66.49,20832338,99080000,99080000,658782.92
2025-11-04,SH605008,长鸿高科,17.95,4946820,645962414,645962414,1159502.53313
2025-11-04,SZ300873,海晨股份,23.02,4697340,166839685,230601779,530845.295258
2025-11-04,SZ300872,天阳科技,21.82,10708940,422041693,488121083,1065080.203106
2025-11-04,SZ300871,回盛生物,21.6,5787000,202332557,202332557,437038.32312
2025-11-04,SZ300875,捷强装备,49.02,8071894,87791669,99834751,489389.949402
2025-11-04,SZ300877,金春股份,29.27,2489900,119998950,120000000,351240
2025-11-04,SZ300864,南大环境,20.81,1674040,157760839,157760839,328300.305959
2025-11-04,SZ300862,蓝盾光电,26.3,9993752,151471007,184617902,485545.08226
2025-11-04,SZ300878,维康药业,26.2,6671474,144123959,144790322,379350.64364
2025-11-04,SZ300865,大宏立,32.37,3779334,56251438,95680000,309716.16
2025-11-04,SZ300866,安克创新,112.1,3351490,301973661,536157605,6010326.75205
2025-11-04,SZ300870,欧陆通,202.61,2985165,109854451,109854451,2225761.031711
2025-11-04,SZ300869,康泰医学,16.41,3406215,253361211,401803194,659359.041354
2025-11-04,SZ300860,锋尚文化,27.94,5712298,111897529,190931343,533462.172342
2025-11-04,SZ300868,杰美特,29.5,1230200,80689751,127952000,377458.4
2025-11-04,SZ300876,蒙泰高新,31.93,2893565,81104904,108719904,347142.653472
2025-11-04,SZ300867,圣元环保,19.48,6931789,191627822,271741053,529351.571244
2025-11-04,SZ300863,卡倍亿,49.01,10590000,180868834,188175836,922249.772236
2025-11-04,SZ300861,美畅股份,16.4,6974275,421864889,671840440,1101818.3216
2025-11-04,SH605255,天普股份,89.11,6709530,134080000,134080000,1194786.88
2025-11-04,SH605123,派克新材,67.52,2520850,121170892,121170892,818145.862784
2025-11-04,SH688356,键凯科技,92.73,562210,60650700,60650700,562413.9411
2025-11-04,SH688408,中信博,43.63,4635564,219065886,219065886,955784.460618
2025-11-04,SZ002996,顺博合金,8.12,17354420,416463824,669436581,543582.503772
2025-11-04,SH688017,绿的谐波,154.6,4018363,183330125,183330125,2834283.7325
2025-11-04,SH688289,圣湘生物,22.01,8543200,579388006,579388006,1275233.001206
2025-11-04,SH688215,瑞晟智能,75.3,1789212,62423269,62423269,470047.21557
2025-11-04,SH688569,铁科轨道,21.95,1178540,210666700,210666700,462413.4065
2025-11-04,SZ300881,盛德鑫泰,36.85,4182886,57406250,110000000,405350
2025-11-04,SZ300880,迦南智能,18.75,2907414,195116468,195137280,365882.4
2025-11-04,SZ300879,大叶股份,30.34,5171717,201028448,202398833,614078.059322
2025-11-04,SH603155,新亚强,16.02,3152640,315786800,315786800,505890.4536
2025-11-04,SH688550,瑞联新材,45.44,4320728,173575305,173575305,788726.18592
2025-11-04,SH688513,苑东生物,56.11,2687887,176532256,176532256,990522.488416
2025-11-04,SH688056,莱伯泰科,37.33,741063,67452460,67452460,251800.03318
2025-11-04,SH605006,山东玻纤,7.66,6971940,600017790,610967990,468001.48034
2025-11-04,SZ002999,天禾股份,7.15,7945734,343714875,347592000,248528.28
2025-11-04,SZ002997,瑞鹄模具,37.96,3440600,209321325,209321325,794583.7497
2025-11-04,SH688378,奥来德,28.61,6916985,240960571,249279257,713187.954277
2025-11-04,SH688390,固德威,60.5,8564765,242996473,242996473,1470128.66165
2025-11-04,SH601702,华峰铝业,16.89,19656001,998530600,998530600,1686518.1834
2025-11-04,SH605003,众望布艺,24.55,1821700,110000000,110000000,270050
2025-11-04,SH688095,福昕软件,115,9708024,91439524,91439524,1051554.526
2025-11-04,SH688559,海目星,46.75,16896813,247759044,247759044,1158273.5307
2025-11-04,SH688551,科威尔,39.98,2220523,84070709,84070709,336114.694582
2025-11-04,SZ300882,万胜智能,21.27,13438586,266327030,286201188,608749.926876
2025-11-04,SZ300885,海昌新材,21.9,4958900,167017775,248151800,543452.442
2025-11-04,SZ300883,龙利得,6.88,7950700,330674575,346000000,238048
2025-11-04,SZ002984,森麒麟,19.74,18933124,713558141,1035885977,2044838.918598
2025-11-04,SH605358,立昂微,33.58,16186985,671373356,671373356,2254471.729448
2025-11-04,SH605009,豪悦护理,32.36,1318041,214619640,215067640,695958.88304
2025-11-04,SZ003000,劲仔食品,11.96,2989497,300296208,450894159,539269.414164
2025-11-04,SH605128,上海沿浦,39.13,5247989,211138706,211138706,826185.756578
2025-11-04,SH605369,拱东医疗,19.13,1404288,220492949,220492949,421803.011437
2025-11-04,SZ300889,爱克股份,23.12,4541438,146366979,220227080,509165.00896
2025-11-04,SH688577,浙海德曼,108.85,1065792,111279729,111279729,1211279.850165
2025-11-04,SZ300886,华业香料,29.02,1639765,43646300,74798000,217063.796
2025-11-04,SZ300887,谱尼测试,8.28,6223682,362197220,545737213,451870.412364
2025-11-04,SH603112,华翔股份,17.11,11301100,505198717,540170563,924231.833293
2025-11-04,SZ300890,翔丰华,34.99,10242160,108732125,119032260,416493.87774
2025-11-04,SZ300891,惠云钛业,9.15,5256173,332421763,400008013,366007.331895
2025-11-04,SZ300888,稳健医疗,40.27,5390243,581697768,582329808,2345042.136816
2025-11-04,SH688301,奕瑞科技,106.1,2081348,200362704,211411684,2243077.96724
2025-11-04,SH605198,安德利,46.65,1900900,270536000,341200000,1591698
2025-11-04,SZ003006,百亚股份,22.36,3955800,428572965,429647790,960692.45844
2025-11-04,SZ003003,天元股份,13.46,8655503,117800075,176798300,237970.5118
2025-11-04,SH605116,奥锐特,23.45,3517700,404117234,406195234,952527.82373
2025-11-04,SH688536,思瑞浦,179.36,4561120,134753963,137801498,2471607.668128
2025-11-04,SH688127,蓝特光学,33.41,13117433,403328400,403328400,1347520.1844
2025-11-04,SZ003002,壶化股份,27.72,7715700,182874500,200000000,554400
2025-11-04,SH688526,科前生物,15.96,3508646,466128056,466128056,743940.377376
2025-11-04,SZ003005,竞业达,21.62,3726180,126978206,231388691,500262.349942
2025-11-04,SH688156,路德科技,19.68,1235718,100714157,100714157,198205.460976
2025-11-04,SZ003008,开普检测,23.03,2548631,77848325,104000000,239512
2025-11-04,SZ003007,直真科技,34.9,1008750,74067636,104000000,362960
2025-11-04,SH605050,福然德,14.77,10556800,492829181,492829181,727908.700337
2025-11-04,SZ300893,松原安全,24.98,4384071,250651543,472779708,1181003.710584
2025-11-04,SZ300895,铜牛信息,48.83,8624309,138172254,140800657,687529.608131
2025-11-04,SZ300892,品渥食品,33.88,2068800,64562500,100000000,338800
2025-11-04,SZ002998,优彩资源,8.28,7587100,256470922,340794450,282177.8046
2025-11-04,SZ003009,中天火箭,53.71,3814100,155395579,155396369,834633.897899
2025-11-04,SH603565,中谷物流,10.77,20809539,2100063103,2100063103,2261767.961931
2025-11-04,SZ003010,若羽臣,37.2,9330846,226142182,311059476,1157141.25072
2025-11-04,SH605218,伟时电子,20.69,2071100,212833460,212833460,440352.42874
2025-11-04,SZ300897,山科智能,28.23,1389910,87419868,140219804,395840.506692
2025-11-04,SH688595,芯海科技,34.77,2272861,144093092,144093092,501011.680884
2025-11-04,SH688585,上纬新材,104.77,6255056,403361728,403361728,4226020.824256
2025-11-04,SZ300896,爱美客,151.92,4353973,208591570,302592061,4596978.590712
2025-11-04,SH605111,新洁能,36.09,19127707,415332567,415332567,1498935.234303
2025-11-04,SH688013,天臣医疗,51,1138362,81155600,81155600,413893.56
2025-11-04,SH605136,丽人丽妆,9.82,13805200,400458500,400458500,393250.247
2025-11-04,SH605018,长华集团,11.61,2407500,470065793,470065793,545746.385673
2025-11-04,SZ003011,海象新材,23.8,16205179,78088766,102676000,244368.88
2025-11-04,SH688093,世华科技,36.84,2788645,262631312,280382791,1032930.202044
2025-11-04,SH605099,共创草坪,34.99,4477234,401391082,402509282,1408379.977718
2025-11-04,SH605338,巴比食品,27.43,10485055,239566662,239566662,657131.353866
2025-11-04,SZ003001,中岩大地,22.98,2410412,107825507,176665939,405978.327822
2025-11-04,SZ300999,金龙鱼,31.44,9940173,542647097,5421591536,17045483.789184
2025-11-04,SH688330,宏力达,37.43,2209642,140000000,140000000,524020
2025-11-04,SZ300899,*ST凯鑫,28.5,769100,40936066,63783466,181782.8781
2025-11-04,SH688386,泛亚微透,72.33,1887502,91000000,91000000,658203
2025-11-04,SZ300898,熊猫乳品,26.68,2243340,114734689,124000000,330832
2025-11-04,SH605336,帅丰电器,15.8,3155470,183412450,183412450,289791.671
2025-11-04,SZ003012,东鹏控股,7.05,7097036,1144510256,1156981158,815671.71639
2025-11-04,SH601568,北元集团,3.97,17155079,3972222224,3972222224,1576972.222928
2025-11-04,SH605058,澳弘电子,30.06,2271000,142923950,142923950,429629.3937
2025-11-04,SZ003015,日久光电,16.93,4196100,247401692,281066667,475845.867231
2025-11-04,SZ003013,地铁设计,15.45,2066700,399947088,408326898,630865.05741
2025-11-04,SH688788,科思科技,69.15,5033220,156874408,156874408,1084786.53132
2025-11-04,SH688129,东来技术,21.18,1047881,120478800,120478800,255174.0984
2025-11-04,SH688179,阿拉丁,12.93,6972717,332606902,332606902,430060.724286
2025-11-04,SZ003017,大洋生物,31.6,3391260,69287988,84000000,265440
2025-11-04,SZ003016,欣贺股份,9.05,31637800,410882842,420521612,380572.05886
2025-11-04,SH601187,厦门银行,7.52,58443940,2633380092,2639127888,1984624.171776
2025-11-04,SH688221,前沿生物,15.32,14710383,374578653,374578653,573854.496396
2025-11-04,SZ300900,广联航空,17.87,4649537,226074919,297151169,531009.139003
2025-11-04,SH689009,九号公司,58.28,12724938,552773569,717278218,4180297.454504
2025-11-04,SZ300902,国安达,21.88,14636760,121253174,181803369,397785.771372
2025-11-04,SZ300901,中胤时尚,17.9,2096900,240000000,240000000,429600
2025-11-04,SH605169,洪通燃气,15.61,4887325,282880000,282880000,441575.68
2025-11-04,SH688133,泰坦科技,24.06,3143830,164436977,164436977,395635.366662
2025-11-04,SH601995,中金公司,36.35,23569015,2923542440,4827256868,17547078.71518
2025-11-04,SZ300903,科翔股份,15.9,81313562,328325193,414694422,659364.13098
2025-11-04,SZ300906,日月明,34.18,4053831,72197000,80000000,273440
2025-11-04,SZ300905,宝丽迪,33.56,3001349,139039406,178786496,600007.480576
2025-11-04,SZ003018,金富科技,12.62,3563300,97978925,260000000,328120
2025-11-04,SH688529,豪森智能,19.54,2472172,168175953,168175953,328615.812162
2025-11-04,BJ920839,万通液压,49.91,2553052,65053846,118209971,589985.965261
2025-11-04,SH605007,五洲特纸,11.99,1907200,401550561,476901414,571804.795386
2025-11-04,SH688057,金达莱,12.57,1415591,276000000,276000000,346932
2025-11-04,SH688135,利扬芯片,29.46,4724474,203301603,203301603,598926.522438
2025-11-04,SH688160,步科股份,95.99,2089089,84000000,90832206,871898.345394
2025-11-04,SZ300884,狄耐克,14.18,21701876,191409886,253862820,359977.47876
2025-11-04,SZ003019,宸展光电,34.25,3204166,170847282,176754532,605384.2721
2025-11-04,SZ300909,汇创达,37.26,5677150,122954981,172972979,644497.319754
2025-11-04,SZ300907,康平科技,36,4306912,96000000,96000000,345600
2025-11-04,SH688219,会通股份,12.14,8310894,550437553,550437553,668231.189342
2025-11-04,BJ920396,常辅股份,37.48,7986270,50873423,72221136,270684.817728
2025-11-04,SZ300908,仲景食品,29.69,1414913,123152674,146000000,433474
2025-11-04,SH605068,明新旭腾,27.25,2199100,162198495,162198495,441990.898875
2025-11-04,SH688777,中控技术,50.87,12116230,783221764,791189527,4024781.123849
2025-11-04,BJ920047,诺思兰德,26.73,4691374,180106427,274271974,733128.986502
2025-11-04,SH605177,东亚药业,20.8,1657700,112583918,114726021,238630.12368
2025-11-04,SZ003004,*ST声迅,21.79,1468800,68733370,81861820,178376.90578
2025-11-04,BJ920030,德众汽车,7.4,2921110,112031157,178839681,132341.36394
2025-11-04,SZ300910,瑞丰新材,53.09,5430975,207486069,295935278,1571120.390902
2025-11-04,SH605266,健之佳,20.71,1918724,154542928,154542928,320058.403888
2025-11-04,SZ300916,朗特智能,38.05,3172700,93425166,144644007,550370.446635
2025-11-04,SH688557,兰剑智能,40.45,3382545,102679640,102679640,415339.1438
2025-11-04,SH688578,艾力斯,101.88,6461261,450000000,450000000,4584600
2025-11-04,SZ300915,海融科技,24.75,780886,57602288,125839268,311452.1883
2025-11-04,SH605258,协和电子,37.35,11613632,88000000,88000000,328680
2025-11-04,SZ300911,亿田智能,39.41,4625455,171331905,183330973,722507.364593
2025-11-04,SZ003021,兆威机电,113.25,4783486,206824890,240196500,2720225.3625
2025-11-04,SH601686,友发集团,6.47,18991117,1450290901,1450290901,938338.212947
2025-11-04,SH605183,确成股份,19.05,2077100,412429445,415883145,792257.391225
2025-11-04,SZ300912,凯龙高科,17.28,3160223,85822100,114882000,198516.096
2025-11-04,SZ300913,兆龙互连,51,3714987,255851903,312710663,1594824.3813
2025-11-04,SH688590,新致软件,21.66,7369862,262897458,262897458,569435.894028
2025-11-04,BJ920670,数字人,19.16,18042613,66648421,106182400,203445.4784
2025-11-04,SH605376,博迁新材,50.1,7175868,261600000,261600000,1310616
2025-11-04,SZ003022,联泓新科,19.3,8426813,1334431825,1335568000,2577646.24
2025-11-04,SH688308,欧科亿,28.59,6354830,158781708,158781708,453956.903172
2025-11-04,SZ003025,思进智能,14.35,6915200,226415928,283953558,407473.35573
2025-11-04,SZ003023,彩虹集团,24.44,3422340,105102114,105341600,257454.8704
2025-11-04,SH688571,杭华股份,7.98,4904490,424170700,424170700,338488.2186
2025-11-04,SH688136,科兴制药,38.51,4198616,201257250,201257250,775041.66975
2025-11-04,SZ003020,立方制药,28.78,4590416,137724523,190182182,547344.319796
2025-11-04,SH605299,舒华体育,9.58,8256700,409226523,409226523,392039.009034
2025-11-04,SH605151,西上海,20.75,1994100,134554222,134554222,279200.01065
2025-11-04,SH688608,恒玄科技,236.5,3181768,168693735,168693735,3989606.83275
2025-11-04,SH688510,航亚科技,23.49,5014654,258382608,258382608,606940.746192
2025-11-04,SZ000995,皇台酒业,13.6,2411900,177408000,177408000,241274.88
2025-11-04,SZ003027,同兴科技,19.29,2597200,104860968,130723200,252165.0528
2025-11-04,SZ003026,中晶科技,34.47,2479950,95695312,129619000,446796.693
2025-11-04,SH688699,明微电子,42.97,4950483,110064640,110064640,472947.75808
2025-11-04,SH688668,鼎通科技,90.09,4785699,139201726,139201726,1254068.349534
2025-11-04,SZ300917,特发服务,40.75,3117531,169000000,169000000,688675
2025-11-04,SH605500,森林包装,9.29,3002200,414400000,414400000,384977.6
2025-11-04,SH605186,健麾信息,21.12,1567500,136000000,136000000,287232
2025-11-04,SZ300921,南凌科技,24.19,3132128,114701067,183797487,444606.121053
2025-11-04,SZ300918,南山智尚,19.39,6378949,434705856,506134427,981394.653953
2025-11-04,BJ920000,安徽凤凰,22,5716471,48306300,91680000,201696
2025-11-04,SH688678,福立旺,25.8,7610292,260199428,260199428,671314.52424
2025-11-04,SZ300919,中伟新材,44.11,11168093,912496350,938028458,4137643.528238
2025-11-04,SZ300923,研奥股份,27.18,1492600,76468500,78600000,213634.8
2025-11-04,SH688658,悦康药业,20.53,5148798,450000000,450000000,923850
2025-11-04,SZ003029,吉大正元,28.73,16263383,173246731,193620227,556270.912171
2025-11-04,SH688560,明冠新材,14.57,2547346,201301918,201301918,293296.894526
2025-11-04,SZ300922,天秦装备,25,5864309,124667618,158582360,396455.9
2025-11-04,SZ300920,润阳科技,40.5,1061800,55381311,100000000,405000
2025-11-04,SH688679,通源环境,25.64,1980848,131689675,131689675,337652.3267
2025-11-04,BJ920856,浩淼科技,19.12,893550,53060037,95126628,181882.112736
2025-11-04,SH601956,东贝集团,7.68,16209180,621616590,621616590,477401.54112
2025-11-04,BJ920675,秉扬科技,11.91,1961443,79017870,172164000,205047.324
2025-11-04,BJ920510,丰光精密,19.2,1710134,93899078,184213929,353690.74368
2025-11-04,SH605179,一鸣食品,21.94,6754400,401000000,401000000,879794
2025-11-04,SZ003028,振邦智能,31.65,814340,70538197,144711000,458010.315
2025-11-04,SH605377,华旺科技,9,6587380,556670268,556670268,501003.2412
2025-11-04,SH688698,伟创电气,79.51,6792221,213794774,213794774,1699882.248074
2025-11-04,SH688618,三旺通信,26.95,1444203,110047848,110185630,296950.27285
2025-11-04,SH688063,派能科技,64.4,7190936,245359249,245359249,1580113.56356
2025-11-04,SZ300925,法本信息,22.72,14859660,349546113,428708945,974026.72304
2025-11-04,SZ300894,火星人,12.56,3307258,294071265,406282065,510290.27364
2025-11-04,SH688686,奥普特,122.72,921282,122235455,122235455,1500073.50376
2025-11-04,SH605155,西大门,16.83,16223200,189934500,191298100,321954.7023
2025-11-04,SZ003031,中瓷电子,55.11,2350572,340156696,451052859,2485752.305949
2025-11-04,SZ003030,祖名股份,20.91,3401900,79385850,124780000,260914.98
2025-11-04,SH605277,新亚电子,23.49,6348800,318134783,324297261,761774.266089
2025-11-04,SZ300928,华安鑫创,32.57,888800,53586478,80000000,260560
2025-11-04,SZ300926,博俊科技,33.73,7008405,283296964,434314446,1464942.626358
2025-11-04,SH688617,惠泰医疗,275.41,730283,141013796,141013796,3883660.955636
2025-11-04,SZ300927,江天化学,26.11,2630734,140888930,144360000,376923.96
2025-11-04,BJ920344,三元基因,30.05,4473226,113379766,121810000,366039.05
2025-11-04,SZ003033,征和工业,76.5,2822000,80743867,81750000,625387.5
2025-11-04,BJ920509,同惠电子,39.71,5381819,83670520,160305696,636573.918816
2025-11-04,BJ920826,盖世食品,13.62,4619677,62474473,140515814,191382.538668
2025-11-04,SZ003032,*ST传智,6.82,4885000,276219885,402447500,274469.195
2025-11-04,SH688656,浩欧博,169,1160203,63479740,63479740,1072807.606
2025-11-04,SH688819,天能股份,33.43,4980101,972100000,972100000,3249730.3
2025-11-04,SH688317,之江生物,22.28,1793671,192157999,192157999,428128.021772
2025-11-04,SZ003035,南网能源,4.89,13316100,3787878787,3787878787,1852272.726843
2025-11-04,SH605005,合兴股份,18.18,997300,401000000,401000000,729018
2025-11-04,SH605228,神通科技,15.87,4645900,429418979,432271979,686015.630673
2025-11-04,SZ300929,华骐环保,11.44,3315640,126747356,132132956,151160.101664
2025-11-04,SZ300935,盈建科,29.46,2490877,60273655,79430680,234002.78328
2025-11-04,SH605398,新炬网络,30.53,2328600,162716379,162716379,496773.105087
2025-11-04,SZ300931,通用电梯,10.5,3514000,184975438,240146000,252153.3
2025-11-04,SZ300930,屹通新材,31.68,897800,47125001,100000000,316800
2025-11-04,SZ300932,三友联众,12.48,17627198,227993798,320103998,399489.789504
2025-11-04,SZ300933,中辰股份,9.31,20262408,547090454,547090454,509341.212674
2025-11-04,SH688680,海优新材,43.56,1838041,84023891,84023891,366008.069196
2025-11-04,SH688669,聚石化学,23.02,1453188,121333334,121333334,279309.334868
2025-11-04,BJ920275,驱动力,9.72,1058897,131914521,159377600,154915.0272
2025-11-04,SZ300936,中英科技,38.89,1005903,47460275,75200000,292452.8
2025-11-04,SZ300937,药易购,28.09,1441000,62918153,95666682,268727.709738
2025-11-04,SH688689,银河微电,27.2,2167609,128903167,128903167,350616.61424
2025-11-04,SZ300938,信测标准,28.58,8846327,169755348,243496348,695912.562584
2025-11-04,SZ003036,泰坦股份,17.14,16474576,216266071,216267121,370681.845394
2025-11-04,SZ300939,秋田微,32.64,1633601,120000000,120000000,391680
2025-11-04,SH688350,富淼科技,21.75,1372174,122150369,122150369,265677.052575
2025-11-04,SH605055,迎丰股份,9.2,5100300,440000000,440000000,404800
2025-11-04,SH605368,蓝天燃气,9.62,6174733,714635915,714635915,687479.75023
2025-11-04,SH688628,优利德,33.9,1053376,111767588,111767588,378892.12332
2025-11-04,SH688607,康众医疗,29.06,2257177,88129027,88129027,256102.952462
2025-11-04,SZ300940,南极光,25.67,3394020,157479422,222644372,571528.102924
2025-11-04,SZ003037,三和管桩,8.34,10301759,599074678,599074678,499628.281452
2025-11-04,SH601963,重庆银行,11.2,20089703,1879402342,3474586317,3891536.67504
2025-11-04,SH600916,中国黄金,8.23,20618830,1680000000,1680000000,1382640
2025-11-04,BJ920427,华维设计,14.97,1215515,50620164,103095000,154333.215
2025-11-04,SH688687,凯因科技,28.22,5477785,170944422,170944422,482405.158884
2025-11-04,SH688059,华锐精密,82.2,1519111,87159999,87159999,716455.19178
2025-11-04,SH605337,李子园,12.33,2892302,390102273,390102273,480996.102609
2025-11-04,SZ300946,恒而达,52.4,2073638,75804300,156007800,817480.872
2025-11-04,BJ920239,长虹能源,36.5,4797231,179434708,182074204,664570.8446
2025-11-04,SH605077,华康股份,16.65,4279873,299429311,303049811,504577.935315
2025-11-04,SZ300941,创识科技,25.65,7181600,106288099,204750000,525183.75
2025-11-04,SZ300942,易瑞生物,11,5025821,405068607,405068607,445575.4677
2025-11-04,SH688665,四方光电,51.26,1081559,100553341,100553341,515436.425966
2025-11-04,SH605081,*ST太和,10.63,5492003,113247072,113247072,120381.637536
2025-11-04,SZ300947,德必集团,18.93,1827045,151077731,151137696,286103.658528
2025-11-04,SZ003038,鑫铂股份,16.85,8586804,165497912,243695765,410627.364025
2025-11-04,SZ300943,春晖智控,19.86,24552255,134340287,203820000,404786.52
2025-11-04,SZ300945,曼卡龙,17.24,11909273,238400647,262071629,451811.488396
2025-11-04,SH688070,纵横股份,51.9,1088246,87580000,87580000,454540.2
2025-11-04,BJ920735,德源药业,39.63,4020354,103757231,117315990,464923.26837
2025-11-04,BJ920599,同力股份,22.17,11403291,348574346,462525000,1025417.925
2025-11-04,SH688619,罗普特,16.14,2543215,185438042,185438042,299296.999788
2025-11-04,BJ920832,齐鲁华信,8.2,2288436,122520083,138763865,113786.3693
2025-11-04,SH605133,嵘泰股份,39.35,16404320,281402722,282806592,1112843.93952
2025-11-04,SH605268,王力安防,10.49,4343200,437696250,446302500,468171.3225
2025-11-04,BJ920225,利通科技,39.2,7554252,82782154,126918894,497522.06448
2025-11-04,SZ300948,冠中生态,19.5,24025587,149693776,158918213,309890.51535
2025-11-04,SH688183,生益电子,108.37,30049602,831821175,831821175,9014446.073475
2025-11-04,SH688677,海泰新光,49.2,1874314,119877000,119877000,589794.84
2025-11-04,SZ300951,博硕科技,35.28,2251320,151134306,169140546,596727.846288
2025-11-04,SZ300949,奥雅股份,42.88,1210300,34301063,60328300,258687.7504
2025-11-04,SH605060,联德股份,33.35,11885900,238940400,240592000,802374.32
2025-11-04,SH605298,必得科技,41.2,1875970,184652000,187850000,773942
2025-11-04,SH605303,园林股份,20.19,10879500,161237408,161237408,325538.326752
2025-11-04,SH688079,美迪凯,11.75,3804712,397918998,408591198,480094.65765
2025-11-04,SH688696,极米科技,114.2,2352536,70000000,70000000,799400
2025-11-04,SZ300950,德固特,32.87,2868691,90374775,152480000,501201.76
2025-11-04,SZ003039,顺控发展,13.92,4387382,617518730,617518730,859586.07216
2025-11-04,SH605208,永茂泰,15.11,9519758,329940000,329940000,498539.34
2025-11-04,SH688328,深科达,26.67,2220691,94456295,94456295,251914.938765
2025-11-04,SH688676,金盘科技,73.9,31898448,459784364,459784364,3397806.44996
2025-11-04,SH605122,四方新材,13.85,2616348,172354000,172354000,238710.29
2025-11-04,SH688083,中望软件,79.31,3253960,169584547,169584547,1344975.042257
2025-11-04,SZ300952,恒辉安防,31.74,9514322,104788554,172586789,547790.468286
2025-11-04,SH688667,菱电电控,63.24,777798,52214531,52214531,330204.694044
2025-11-04,SH688316,青云科技,63.21,1541726,47898129,47898129,302764.073409
2025-11-04,SH688456,有研粉材,46.75,1659603,103660000,103660000,484610.5
2025-11-04,SH688616,西力科技,13.19,2191032,179378265,179378265,236599.931535
2025-11-04,SZ300953,震裕科技,159.66,4622648,124753594,173477731,2769745.453146
2025-11-04,SH688092,爱科科技,26.6,2470916,82690657,82690657,219957.14762
2025-11-04,SH605389,长龄液压,65.15,2285940,136266760,144087070,938727.26105
2025-11-04,SH605286,同力天启,42.09,2368051,168000000,168000000,707112
2025-11-04,SZ300959,线上线下,107.88,8177231,52355219,80367800,867007.8264
2025-11-04,SZ003040,楚天龙,20.46,11705000,456850258,461135972,943484.198712
2025-11-04,SH688609,九联科技,10.04,8921551,500000000,500000000,502000
2025-11-04,SH688633,星球石墨,24.97,1028022,143769677,143769677,358992.883469
2025-11-04,SZ300955,嘉亨家化,35.85,4013511,100800000,100800000,361368
2025-11-04,SH688606,奥泰生物,68.4,467561,79280855,79280855,542281.0482
2025-11-04,SZ300957,贝泰妮,44.54,2444908,423600000,423600000,1886714.4
2025-11-04,SZ300956,英力股份,18.29,5339404,210452396,215427660,394017.19014
2025-11-04,SH688195,腾景科技,110.42,5011591,129350000,129350000,1428282.7
2025-11-04,SH603759,海天股份,12.91,45823388,461760000,461760000,596132.16
2025-11-04,SH688329,艾隆科技,22.45,1817139,77200000,77200000,173314
2025-11-04,SZ300960,通业科技,25.87,956540,130878265,144444265,373677.313555
2025-11-04,SZ300958,建工修复,13.88,3394300,91049427,156736579,217550.371652
2025-11-04,SH688661,和林微纳,48.46,4769391,151887826,151887826,736048.404796
2025-11-04,SH688109,品茗科技,133.8,2592608,78842300,78842300,1054909.974
2025-11-04,SZ300961,深水海纳,16.32,3454900,152568733,177280000,289320.96
2025-11-04,SH688626,翔宇医疗,52.83,1509921,160000000,160000000,845280
2025-11-04,SH688659,元琛科技,10.71,3013245,160000000,160000000,171360
2025-11-04,SH688662,富信科技,41.93,1469086,88240000,88240000,369990.32
2025-11-04,SH688630,芯碁微装,118.84,3725677,131740716,131740716,1565606.668944
2025-11-04,SZ300965,恒宇信通,60.25,889700,54093750,60000000,361500
2025-11-04,SZ003041,真爱美家,30.82,7460196,136823400,144000000,443808
2025-11-04,SZ003042,中农联合,16.77,2129450,127365745,142480000,238938.96
2025-11-04,SH688260,昀冢科技,31.09,3331058,120000000,120000000,373080
2025-11-04,SZ003043,华亚智能,50.73,1840939,83825544,133990651,679734.572523
2025-11-04,SH603324,盛剑科技,24.53,1374880,147679580,147679580,362258.00974
2025-11-04,SH688191,智洋创新,32.62,2604875,231650370,231650370,755643.50694
2025-11-04,SH688636,智明达,36.69,4838239,167627405,167627405,615024.948945
2025-11-04,SZ300966,共同药业,22.61,2089485,76368227,115281077,260650.515097
2025-11-04,SZ300963,中洲特材,23.49,45393020,289412680,458640000,1077345.36
2025-11-04,SH688468,科美诊断,8.01,4201457,401108000,401108000,321287.508
2025-11-04,SZ300962,中金辐照,17.01,4079616,264001897,264001897,449067.226797
2025-11-04,SH688611,杭州柯林,42.99,2378690,153389600,153389600,659421.8904
2025-11-04,SZ300969,恒帅股份,115.03,4392435,30360289,112000000,1288336
2025-11-04,SH688683,莱尔科技,33.08,537929,155177929,155177929,513328.589132
2025-11-04,SZ300970,华绿生物,17.31,4510500,95136129,122609100,212236.3521
2025-11-04,SH605378,野马电池,27.9,20488956,261346400,261346400,729156.456
2025-11-04,SH688315,诺禾致源,14.8,3995219,416200000,416200000,615976
2025-11-04,SZ300967,晓鸣股份,21,3813868,124792640,187570859,393898.8039
2025-11-04,SH688663,新风光,45.56,3890507,141382530,141382530,644138.80668
2025-11-04,SZ300971,博亚精工,24.86,6465475,92062498,117600000,292353.6
2025-11-04,SZ300973,立高食品,41.15,2030034,116526261,169340511,696836.202765
2025-11-04,SZ300968,格林精密,13.77,4905200,413380000,413380000,569224.26
2025-11-04,SH601279,英利汽车,4.4,15590200,1585785985,1585785985,697745.8334
2025-11-04,SH605086,龙高股份,24.68,1009019,179200000,179200000,442265.6
2025-11-04,SZ300972,万辰集团,180.61,1429402,167993069,188891422,3411567.972742
2025-11-04,SH688533,上声电子,26.95,1622435,162847255,162847255,438873.352225
2025-11-04,SZ300976,达瑞电子,63.96,1462247,86199272,134104216,857730.565536
2025-11-04,SH605117,德业股份,79.43,34078541,907766493,907766493,7210389.253899
2025-11-04,SH688682,霍莱沃,33.33,1977619,101838895,101838895,339429.037035
2025-11-04,SZ300983,尤安设计,22.93,904950,118282465,172800000,396230.4
2025-11-04,SZ300977,深圳瑞捷,19.29,1642359,94802158,152226727,293645.356383
2025-11-04,SZ300980,祥源新材,29.6,8480970,98341448,138211043,409104.68728
2025-11-04,SH605016,百龙创园,20.39,3747050,420012320,420012320,856405.12048
2025-11-04,SH688201,信安世纪,16.02,18814756,302530753,317153816,508080.413232
2025-11-04,SH605098,行动教育,41.96,1408200,119251100,119251100,500377.6156
2025-11-04,SZ300975,商络电子,14.67,62966124,492073289,687005604,1007837.221068
2025-11-04,SH688639,华恒生物,34.75,4126838,250115693,250115693,869152.033175
2025-11-04,SZ300979,华利集团,59.56,3512595,1166989800,1167000000,6950652
2025-11-04,SZ300978,东箭科技,11.55,5124308,191219381,422702739,488221.663545
2025-11-04,SH605289,罗曼股份,62.77,2405450,108337500,109007500,684240.0775
2025-11-04,SZ300981,中红医疗,13.25,2709165,393034879,428864959,568246.070675
2025-11-04,SZ300982,苏文电能,19.18,2342560,193897146,206965146,396959.150028
2025-11-04,SH605089,味知香,26.29,1653524,138000000,138000000,362802
2025-11-04,SH688383,新益昌,76.65,2262617,102133600,102133600,782854.044
2025-11-04,SZ001201,东瑞股份,15.86,2536997,234201295,257784001,408845.425586
2025-11-04,SH688323,瑞华泰,14.41,2715546,180000224,180000224,259380.322784
2025-11-04,SZ001202,炬申股份,16.68,4968130,116823955,166691110,278040.77148
2025-11-04,SZ300985,致远新能,21.91,9287315,186512480,186512480,408648.84368
2025-11-04,SH688395,正弦电气,26.04,1419671,86597720,86597720,225500.46288
2025-11-04,SH605300,佳禾食品,11.92,2942199,454398597,454398597,541643.127624
2025-11-04,SH605180,华生科技,15.27,1364713,169000000,169000000,258063
2025-11-04,SZ300986,志特新材,12.11,14249505,411816323,411973975,498900.483725
2025-11-04,SH688113,联测科技,41.27,1181214,64397559,64397559,265768.725993
2025-11-04,SH605305,中际联合,45.84,14087604,212520000,212520000,974191.68
2025-11-04,SH605080,浙江自然,24.46,1032900,140351200,141540840,346208.89464
2025-11-04,SH600906,财达证券,7.25,13959379,2124234950,3245000000,2352625
2025-11-04,SZ300989,蕾奥规划,17.66,3404005,150613160,210959534,372554.537044
2025-11-04,SZ001203,大中矿业,19.11,76683429,1290289032,1508023074,2881832.094414
2025-11-04,SZ300987,川网传媒,18.61,6023577,173368000,173368000,322637.848
2025-11-04,SH605196,华通线缆,29.67,16607198,504430781,511002781,1516145.251227
2025-11-04,SH688655,迅捷兴,19.7,5548640,133390000,133390000,262778.3
2025-11-04,SZ300988,津荣天宇,22.78,5834801,106669847,140297357,319597.379246
2025-11-04,SH688097,博众精工,32.17,2898886,445008765,446647765,1436865.860005
2025-11-04,SZ300990,同飞股份,74.25,10057932,77725975,169749340,1260388.8495
2025-11-04,SH688355,明志科技,19.4,1181316,123956072,123956072,240474.77968
2025-11-04,SZ001205,盛航股份,16.98,6448833,159502168,188003374,319229.729052
2025-11-04,SH688685,迈信林,62.73,2978120,145426667,145426667,912261.482091
2025-11-04,SH605488,福莱新材,30.68,6096506,276142333,280211133,859687.756044
2025-11-04,SH688565,力源科技,10.73,2964170,149730000,149730000,160660.29
2025-11-04,SH688217,睿昂基因,29.68,770511,55855896,55855896,165780.299328
2025-11-04,SH688575,亚辉龙,15.02,2976007,570426800,570426800,856781.0536
2025-11-04,SH688314,康拓医疗,33.43,685221,81239172,81239172,271582.551996
2025-11-04,SH605339,南侨食品,17,833700,424290616,424290616,721294.0472
2025-11-04,SZ001206,依依股份,28.82,3930796,106315461,184893808,532863.954656
2025-11-04,SH688660,电气风电,19.58,18941369,1333333400,1333333400,2610666.7972
2025-11-04,SZ300991,创益通,39.27,2152352,92142000,144000000,565488
2025-11-04,SH688076,ST诺泰,38.06,2330590,316051897,316051897,1202893.519982
2025-11-04,SH688613,奥精医疗,22.27,7419977,137008584,137008584,305118.116568
2025-11-04,SH688359,三孚新科,73.91,1193661,97759050,97759050,722537.13855
2025-11-04,SZ300993,玉马科技,20.31,42907950,240794175,308131200,625814.4672
2025-11-04,SZ300992,泰福泵业,24.36,3259200,77493102,95337602,232242.398472
2025-11-04,SZ300614,百川畅银,14.38,1852000,160435778,160435778,230706.648764
2025-11-04,SH600032,浙江新能,8.01,21398423,2404675324,2404675324,1926144.934524
2025-11-04,SH605090,九丰能源,33.05,5158969,693709407,695242110,2297775.17355
2025-11-04,SZ300995,奇德新材,42.59,2005800,60046051,84160000,358437.44
2025-11-04,SH603836,海程邦达,15.31,6663205,205235237,205235237,314215.147847
2025-11-04,BJ920726,朱老六,19.14,1078953,55917205,101670000,194596.38
2025-11-04,SH605499,东鹏饮料,266.8,3172233,520013000,520013000,13873946.84
2025-11-04,SH605296,神农集团,30.46,1937405,517984418,524764418,1598432.417228
2025-11-04,SZ301001,凯淳股份,30.52,797500,50300000,80000000,244160
2025-11-04,SH605189,富春染织,19.15,9173601,194076937,194076937,371657.334355
2025-11-04,SZ301000,肇民科技,42.9,4090197,229269322,242877322,1041943.71138
2025-11-04,SH688538,和辉光电,2.63,64139027,5752235725,13809437625,3631882.095375
2025-11-04,SH603511,爱慕股份,17.28,3916050,401887312,404050612,698199.457536
2025-11-04,SZ301005,超捷股份,48.28,6465400,132371786,134267251,648242.287828
2025-11-04,SZ301003,江苏博云,37.91,2480752,74610103,97133323,368232.427493
2025-11-04,SZ300998,宁波方正,22.94,2232500,107680580,137169230,314666.21362
2025-11-04,SZ300997,欢乐家,17.88,11802443,386007256,437473475,782202.5733
2025-11-04,SH688117,圣诺生物,39.63,6683974,157385978,157385978,623720.630814
2025-11-04,SZ300996,普联软件,17.61,6974683,234783305,282776048,497968.620528
2025-11-04,BJ920523,德瑞锂电,29.86,2920727,80434208,101301369,302485.887834
2025-11-04,SZ301002,崧盛股份,32.09,3434269,74503533,124056381,398096.926629
2025-11-04,SH688625,呈和科技,36.85,1477845,188320951,188320951,693962.704435
2025-11-04,SZ301006,迈拓股份,17.77,2085900,86086100,139280000,247500.56
2025-11-04,SH605319,无锡振华,22.13,4222223,300561216,350086216,774740.796008
2025-11-04,SH688319,欧林生物,22.57,7649074,405409300,405933600,916192.1352
2025-11-04,SH688131,皓元医药,75.3,4075744,212099919,212099919,1597112.39007
2025-11-04,BJ920212,智新电子,15.18,1423325,51262627,106100000,161059.8
2025-11-04,SH601156,东航物流,16.05,7196735,944595556,1587555556,2548026.66738
2025-11-04,SH688269,凯立新材,41.01,2002624,130704000,130704000,536017.104
2025-11-04,SH600905,三峡能源,4.26,133859113,28587650142,28587650142,12178338.960492
2025-11-04,SH688345,博力威,35.42,1754809,100000000,101149500,358271.529
2025-11-04,SZ301008,宏昌科技,41.98,6729345,115843234,130963234,549783.656332
2025-11-04,SH603529,爱玛科技,31.59,8746613,847560432,869127956,2745575.213004
2025-11-04,SH688700,东威科技,36.34,4606577,298401360,298401360,1084390.54224
2025-11-04,SH605259,绿田机械,22.48,1680580,172480000,172480000,387735.04
2025-11-04,SH688681,科汇股份,18.88,1756005,104670000,104670000,197616.96
2025-11-04,SZ301007,德迈仕,38.93,5897025,152993500,153340000,596952.62
2025-11-04,SH688067,爱威科技,29.09,1919463,68000000,68000000,197812
2025-11-04,SH688597,煜邦电力,8.66,6891805,336059868,336059868,291027.845688
2025-11-04,SZ301011,华立科技,25.92,1788338,139310188,153153159,396972.988128
2025-11-04,SZ301009,可靠股份,13.69,2877800,151035028,271860000,372176.34
2025-11-04,SZ301010,晶雪节能,27.85,17756700,108000000,108000000,300780
2025-11-04,SH688517,金冠电气,16.31,3401355,136613184,136613184,222816.103104
2025-11-04,SZ300984,金沃股份,61.37,2358816,77471850,123268602,756499.410474
2025-11-04,SH601665,齐鲁银行,6.15,60821076,6153842525,6153842525,3784613.152875
2025-11-04,SH688621,阳光诺和,56.39,2474048,112000000,112000000,631568
2025-11-04,SH688425,铁建重工,5.28,24495850,5333497000,5333497000,2816086.416
2025-11-04,SZ301012,扬电科技,26.03,14365436,143452162,196960162,512687.301686
2025-11-04,SH688690,纳微科技,29.23,5897462,403814765,403814765,1180350.558095
2025-11-04,SH688216,气派科技,24.67,2635377,106285805,106879805,263672.478935
2025-11-04,SZ001207,联科科技,22.12,1727562,197260159,216526960,478957.63552
2025-11-04,SZ001208,华菱线缆,12.37,13340100,263397747,638350432,789639.484384
2025-11-04,SZ301004,嘉益股份,55.89,491880,135424741,145446938,812902.936482
2025-11-04,SH601528,瑞丰银行,5.62,26090662,1734456538,1962161395,1102734.70399
2025-11-04,SH688276,百克生物,22.03,3218825,413657598,413657598,911287.688394
2025-11-04,SH688601,力芯微,39.61,1603488,133692700,133692700,529556.7847
2025-11-04,BJ920768,拾比佰,13.83,3564579,76494286,110970000,153471.51
2025-11-04,SH688367,工大高科,22.91,2558847,87624600,87624600,200747.9586
2025-11-04,SZ301019,宁波色母,19.95,4638160,108429257,167999995,335159.990025
2025-11-04,SZ301013,利和兴,27.38,13684348,189241638,233743056,639988.487328
2025-11-04,SH688161,威高骨科,29.01,1201254,400000000,400000000,1160400
2025-11-04,SH603171,税友股份,52.05,8205620,405890000,406345000,2115025.725
2025-11-04,SZ301016,雷尔伟,21.42,6496548,207150158,218400000,467812.8
2025-11-04,SZ301015,百洋医药,25.62,10674946,525556577,525624077,1346648.885274
2025-11-04,SH605011,杭州热电,22.03,4207100,400100000,400100000,881420.3
2025-11-04,SH688499,利元亨,56.87,5464587,168728510,168728510,959559.03637
2025-11-04,SZ301022,海泰科,33.8,2166696,66766125,99484126,336256.34588
2025-11-04,SZ301017,漱玉平民,12.48,13747911,243352832,405352832,505880.334336
2025-11-04,SH688239,航宇科技,51.85,7123131,190628200,190628200,988407.217
2025-11-04,BJ920765,美之高,25.38,1313640,55558550,89671523,227586.325374
2025-11-04,SZ301020,密封科技,23.47,1315508,146400000,146400000,343600.8
2025-11-04,SH605287,德才股份,30.98,4447160,140000000,140000000,433720
2025-11-04,SZ301021,英诺激光,40.27,5417172,152038414,152151932,612715.830164
2025-11-04,SH605162,新中港,9.3,11801700,400577583,400577583,372537.15219
2025-11-04,SZ301018,申菱环境,52.85,12467941,198999414,266052564,1406087.80074
2025-11-04,SZ301023,奕帆传动,39.2,757079,41806072,78166650,306413.268
2025-11-04,SH688226,威腾电气,39.22,7763768,187647520,187647520,735953.57344
2025-11-04,SZ301039,中集车辆,9.33,12674715,1453680000,1874124420,1748558.08386
2025-11-04,BJ920885,星辰科技,20.48,2509269,87197195,170819900,349839.1552
2025-11-04,SH688789,宏华数科,76.97,1474126,179451332,179451332,1381236.902404
2025-11-04,SH605020,永和股份,25.29,13091908,502867740,510762476,1291718.301804
2025-11-04,SH688087,英科再生,29.59,1666017,186245490,194054775,574208.079225
2025-11-04,SH688305,科德数控,62.06,1856811,132213778,132906678,824818.843668
2025-11-04,SH605028,世茂能源,26.49,2297800,160000000,160000000,423840
2025-11-04,SH688038,中科通达,18.55,3144766,116373400,116373400,215872.657
2025-11-04,SH688799,华纳药厂,49.89,2244912,131320000,131320000,655155.48
2025-11-04,SZ301031,中熔电气,118.88,3179714,68817680,98322480,1168857.64224
2025-11-04,SZ301027,华蓝集团,17.18,8150615,118242296,147000000,252546
2025-11-04,SH688793,倍轻松,29.8,1259894,85945419,85945419,256117.34862
2025-11-04,SZ301026,浩通科技,26.27,2395180,111580666,158273987,415785.763849
2025-11-04,SH688501,青达环保,25.67,1724345,124226000,124226000,318888.142
2025-11-04,SZ301025,读客文化,9.91,7484398,277150740,400309400,396706.6154
2025-11-04,SH605056,咸亨国际,17.01,8718300,400673240,410282240,697890.09024
2025-11-04,SH605365,立达信,20.57,28955730,502012876,502012876,1032640.485932
2025-11-04,SZ301028,鼎熔岩,14.76,23753950,248459438,384049688,566857.339488
2025-11-04,BJ920146,华阳变速,9.76,3070985,107137852,134990443,131750.672368
2025-11-04,SZ301032,新柴股份,13.41,2089400,159872775,241133400,323359.8894
2025-11-04,SH688800,瑞可达,74.4,11583853,205674335,205674335,1530217.0524
2025-11-04,SH688303,大全能源,29.5,17690642,2145205724,2145205724,6328356.8858
2025-11-04,SZ301030,仕净科技,14.56,3383308,202105710,202383330,294670.12848
2025-11-04,SH601921,浙版传媒,8.1,13207326,2222222223,2222222223,1800000.00063
2025-11-04,SZ001209,洪兴股份,19.8,2190320,96094636,131522720,260414.9856
2025-11-04,SZ301029,怡合达,27.43,10173067,461880769,634202712,1739618.039016
2025-11-04,SH688768,容知日新,45.35,2761956,87263549,87988713,399028.813455
2025-11-04,SH605167,利柏特,11.04,7417000,449070000,449070000,495773.28
2025-11-04,SZ301033,迈普医学,67.68,1036300,56469120,67049620,453791.82816
2025-11-04,SH688296,和达科技,15.4,2224875,107393160,107898660,166163.9364
2025-11-04,SZ301035,润丰股份,71.8,1503900,280344774,280770974,2015935.59332
2025-11-04,SZ301024,霍普股份,39.91,2830965,60210000,63585000,253767.735
2025-11-04,SH688718,唯赛勃,14.77,972236,173754389,173754389,256635.232553
2025-11-04,SZ301036,双乐股份,34.35,1584000,70433635,100000000,343500
2025-11-04,SH688071,华依科技,33.65,1884941,84789724,84789724,285317.42126
2025-11-04,SZ001210,金房能源,17.25,1704839,95299042,156812676,270501.8661
2025-11-04,SH688511,*ST天微,24.2,672554,102829142,102829142,248846.52364
2025-11-04,SH688509,正元地信,4.85,16962915,384792200,770000000,373450
2025-11-04,SZ301037,保立佳,15.61,2208954,67997785,139031686,217028.461846
2025-11-04,SH688670,金迪克,17.5,2982084,123200000,123200000,215600
2025-11-04,SH605507,国邦医药,22.24,3255211,301722186,558823500,1242823.464
2025-11-04,SZ301040,中环海陆,23.56,2588581,94232344,100000969,235602.282964
2025-11-04,SZ300774,倍杰特,14.83,11350578,194880451,408763660,606196.50778
2025-11-04,SH688385,复旦微电,61.5,11138073,537097300,821427300,5051777.895
2025-11-04,SZ301038,深水规院,26.15,5349049,223080000,223080000,583354.2
2025-11-04,SZ301042,安联锐视,61.7,2490367,65983127,69723577,430194.47009
2025-11-04,SZ300964,本川智能,60.48,13635709,55060747,77298284,467500.021632
2025-11-04,SH688778,厦钨新能,77.45,6597968,504691083,504691083,3908832.437835
2025-11-04,SZ001211,双枪科技,26.29,2040200,66996575,72000000,189288
2025-11-04,BJ920553,凯腾精工,12.05,4196942,91865218,143690460,173147.0043
2025-11-04,SH688148,芳源股份,8.2,25709716,510173053,510173053,418341.90346
2025-11-04,BJ920090,同辉信息,7.26,6819514,135347400,199333546,144716.154396
2025-11-04,SH605589,圣泉集团,26.69,17458144,843599998,846401998,2259046.932662
2025-11-04,SZ000792,盐湖股份,23.87,78362729,5291541746,5291572541,12630983.655367
2025-11-04,SZ301041,金百泽,28.46,3574600,78920639,106680000,303611.28
2025-11-04,SZ301043,绿岛风,41.77,1231187,56747750,68000000,284036
2025-11-04,SH688779,五矿新能,6.91,31924839,1929219216,1929219216,1333090.478256
2025-11-04,SZ300814,中富电路,64.76,25760058,191430132,191430132,1239701.534832
2025-11-04,SZ300994,久祺股份,17.99,3338520,116664000,233088000,419325.312
2025-11-04,SH605588,冠石科技,53.05,1097426,73099561,73468201,389748.806305
2025-11-04,SH688787,海天瑞声,118.5,1967519,60325180,60325180,714853.383
2025-11-04,SZ301045,天禄科技,27.32,2027000,63957984,110318358,301389.754056
2025-11-04,SZ300844,山水比德,52.29,1149956,90039880,93210880,487399.69152
2025-11-04,BJ920566,梓橦宫,12.88,3680727,112346561,145463380,187356.83344
2025-11-04,SH605069,正和生态,10.59,3461190,84161278,211697778,224187.946902
2025-11-04,SH688798,艾为电子,81.34,2073246,135743240,233128636,1896268.325224
2025-11-04,BJ920642,通易航天,16.7,7116306,99839878,103670278,173129.36426
2025-11-04,SZ301047,义翘神州,76.2,1263992,119580621,121636742,926871.97404
2025-11-04,SZ301046,能辉科技,27.14,5070548,113163664,152295914,413331.110596
2025-11-04,SH688733,壹石通,31.9,29667458,199775190,199775190,637282.8561
2025-11-04,BJ920039,国义招标,13.18,1708143,153819900,153820000,202734.76
2025-11-04,SZ301048,金鹰重工,12.54,8300883,533333400,533333400,668800.0836
2025-11-04,SH688728,格科微,15.07,16059657,2498887173,2600586667,3919084.107169
2025-11-04,SH601825,沪农商行,8.75,23429566,9374441403,9644444445,8438888.889375
2025-11-04,SH605580,恒盛能源,35.37,7597368,280000000,280000000,990360
2025-11-04,SH601728,中国电信,6.75,96303859,77629728699,91507138699,61767318.621825
2025-11-04,BJ920174,五新隧装,53.15,2407442,87000759,90008718,478396.33617
2025-11-04,SH688766,普冉股份,143.9,10784541,148049102,148049102,2130426.57778
2025-11-04,SZ001212,中旗新材,48.67,3975939,160676056,187786956,913959.114852
2025-11-04,SZ301049,超越科技,23.01,1455600,42826359,94253334,216876.921534
2025-11-04,SZ301050,雷电微力,44.8,3328541,210365666,247212171,1107510.52608
2025-11-04,SH605577,龙版传媒,14.55,6352200,444444445,444444445,646666.667475
2025-11-04,SH688786,悦安新材,28.55,2650266,143800003,143800003,410549.008565
2025-11-04,BJ920305,*ST云创,11.19,2382270,81100875,132376125,148128.883875
2025-11-04,SZ301051,信濠光电,22.53,1913384,161007966,203043456,457456.906368
2025-11-04,SZ301052,果麦文化,44.7,8314704,80195919,98959339,442348.24533
2025-11-04,SH688776,国光电气,93.72,5422398,108383419,108383419,1015769.402868
2025-11-04,BJ920077,吉林碳谷,14.72,5449085,316956817,587681817,865067.634624
2025-11-04,SH688711,宏微科技,23.71,6988954,213082131,213082131,505217.732601
2025-11-04,SZ301053,远信工业,34.71,510501,77494689,84217803,292319.994213
2025-11-04,SZ301055,张小泉,20.58,1454646,156000000,156000000,321048
2025-11-04,SH688121,卓然股份,12.82,4024527,202666667,233614003,299493.151846
2025-11-04,SZ001215,千味央厨,41.71,2358610,96782913,97160446,405256.220266
2025-11-04,SH688187,时代电气,50.24,6331979,868907512,1357948412,6822332.821888
2025-11-04,SZ301056,森赫股份,12.04,4091200,175995830,266786667,321211.147068
2025-11-04,SZ001213,中铁特货,4.25,15105563,4444444444,4444444444,1888888.8887
2025-11-04,SH688767,博拓生物,41.07,2756354,149333334,149333334,613312.002738
2025-11-04,SZ301058,中粮科工,11.48,11825339,512274245,512274245,588090.83326
2025-11-04,SZ301057,汇隆新材,24.27,1913754,82586963,116969438,283884.826026
2025-11-04,SH605599,菜百股份,14.39,6116499,777777800,777777800,1119222.2542
2025-11-04,SH688091,上海谊众,53.76,5646136,206703640,206703640,1111238.76864
2025-11-04,SH688103,国力电子,62.5,2767321,95315536,95315536,595722.1
2025-11-04,SZ301059,金三江,12.2,4329143,206737026,231154000,282007.88
2025-11-04,SH688622,禾信仪器,147.99,3189442,70465521,70465521,1042819.245279
2025-11-04,SZ301060,兰卫医学,9.79,3939854,360184557,400517000,392106.143
2025-11-04,SZ301061,匠心家居,87.44,1353011,145337327,218767401,1912902.154344
2025-11-04,SZ301062,上海艾录,8.31,3945500,311609280,432277187,359222.342397
2025-11-04,SZ301065,本立科技,22.84,1829800,86287500,106020000,242149.68
2025-11-04,SH688707,振华新材,13.92,7131693,508740205,508740205,708166.36536
2025-11-04,SH600955,维远股份,14.08,1590100,550000000,550000000,774400
2025-11-04,SH688701,卓锦股份,9.26,2409222,134277372,134277372,124340.846472
2025-11-04,SH605033,美邦股份,22.75,4549700,135200000,135200000,307580
2025-11-04,SZ300854,中兰环保,21.04,4039195,81340875,100068750,210544.65
2025-11-04,SH688697,纽威数控,16.12,6503358,457333380,457333380,737221.40856
2025-11-04,SH605598,上海港湾,32.14,9158480,243016809,244584809,786095.576126
2025-11-04,SZ301066,万事利,15.76,8626652,188786643,234923111,370238.822936
2025-11-04,SZ301067,显盈科技,38.83,3554341,63828900,97236000,377567.388
2025-11-04,SZ301070,开勒股份,62.04,2434786,59354800,90229840,559785.92736
2025-11-04,SZ301063,海锅股份,25.28,2501600,81447303,104360724,263823.910272
2025-11-04,SZ301071,力量钻石,38.19,10838819,194594167,260272313,993979.963347
2025-11-04,SZ301069,凯盛新材,21.49,13858184,391207429,420647429,903971.324921
2025-11-04,SH601868,中国能建,2.41,197046639,32428727636,41691163636,10047570.436276
2025-11-04,SZ301068,大地海洋,27.68,1193916,100777825,141315742,391161.973856
2025-11-04,SZ301072,中捷精工,24.47,1321100,67139923,105045985,257047.525295
2025-11-04,SZ301075,多瑞医药,56.96,1764900,80000000,80000000,455680
2025-11-04,SZ001217,华尔泰,14.01,21615790,328583022,331870000,464949.87
2025-11-04,SZ301077,星华新材,25.34,3101556,95402629,170078941,430980.036494
2025-11-04,SZ301073,君亭酒店,21.66,3521567,178179500,194451046,421180.965636
2025-11-04,SZ301076,新瀚新材,47.53,9835771,109811552,174881200,831210.3436
2025-11-04,SH605567,春雪食品,11.1,5931300,200000000,200000000,222000
2025-11-04,SZ301078,孩子王,10.62,30937910,1254205031,1261359906,1339564.220172
2025-11-04,SZ001218,丽臣实业,22.86,2199560,114046420,130178260,297587.50236
2025-11-04,SH688772,珠海冠宇,25.74,29914483,1132068851,1132068851,2913945.222474
2025-11-04,SH688272,富吉瑞,25.71,1232679,76000000,76000000,195396
2025-11-04,SZ301080,百普赛斯,60.35,1871112,126668847,167848198,1012963.87493
2025-11-04,SZ301085,亚康股份,53.85,1358664,58911742,86775675,467287.009875
2025-11-04,SH688722,同益中,17.58,2234613,224105200,224666700,394964.0586
2025-11-04,SZ301079,邵阳液压,26.36,2505659,69525199,108932234,287145.368824
2025-11-04,SZ001216,华瓷股份,14.67,2908499,246023949,251866700,369488.4489
2025-11-04,SZ301081,严牌股份,10.9,2255725,217960741,227188711,247635.69499
2025-11-04,SZ301086,鸿富瀚,88.82,3447982,47338313,90000000,799380
2025-11-04,SH688285,高铁电气,9.36,2275891,376289913,376289913,352207.358568
2025-11-04,SZ001219,青岛食品,14.51,2700306,189962298,194983750,282921.42125
2025-11-04,SZ301083,百胜智能,18.37,3157604,85609917,177866667,326741.067279
2025-11-04,SH605555,德昌股份,19.39,12920004,484069040,484069040,938609.86856
2025-11-04,SH688737,中自科技,22.38,1969993,119564509,119564509,267585.371142
2025-11-04,SZ301087,可孚医疗,43.29,2330037,194247020,208897000,904315.113
2025-11-04,SH688255,凯尔达,35.12,1916837,109858870,109858870,385824.35144
2025-11-04,SH605566,福莱蒽特,28.16,2600000,133340000,133340000,375485.44
2025-11-04,BJ920925,锦好医疗,35.7,1759498,55295053,98460643,351504.49551
2025-11-04,SH688211,中科微至,31.44,696082,131608698,131608698,413777.746512
2025-11-04,SH688553,汇宇制药,21.38,4564049,343539725,423600000,905656.8
2025-11-04,SZ301090,华润材料,7.66,4832800,1479409053,1480944683,1134403.627178
2025-11-04,SH605138,盛泰集团,8.66,16533454,555570168,555570168,481123.765488
2025-11-04,SZ301089,拓新药业,32.37,3229900,90976313,126544500,409624.5465
2025-11-04,SZ301082,久盛电气,19.85,18384165,209231511,226309174,449223.71039
2025-11-04,SH688257,新锐股份,24.38,7384321,252408504,252408504,615371.932752
2025-11-04,SH688280,精进电动,9.02,27958431,520544145,590221667,532379.943634
2025-11-04,SZ301088,戎美股份,14.46,1870800,187850000,227900000,329543.4
2025-11-04,BJ920892,广咨国际,17.05,1299927,146219941,170351353,290449.056865
2025-11-04,SH688739,成大生物,27.51,2253045,416450000,416450000,1145653.95
2025-11-04,SZ301091,深城交,30.46,4967556,527280000,527280000,1606094.88
2025-11-04,SZ301093,华兰股份,39.12,2561957,156933991,164201624,642356.753088
2025-11-04,SZ001288,运机集团,28.88,4124080,151748278,234921833,678454.253704
2025-11-04,SZ301092,争光股份,30.8,1295800,60688584,134535284,414368.67472
2025-11-04,SZ301129,瑞纳智能,25.39,1578500,66282500,135917400,345094.2786
2025-11-04,BJ920924,广脉科技,23.45,1393854,64520365,107296500,251610.2925
2025-11-04,SZ301169,零点有数,46.8,1818367,72018036,72040536,337149.70848
2025-11-04,BJ920405,海希通讯,22.2,2280852,110080256,140260000,311377.2
2025-11-04,BJ920089,禾昌聚合,20.24,6340953,93500819,150668000,304952.032
2025-11-04,SZ301128,强瑞技术,92.65,8112160,88231356,103441270,958383.36655
2025-11-04,SH688162,巨一科技,32.11,2547048,137100775,137100775,440230.588525
2025-11-04,SZ301149,隆华新材,11.03,3752164,261228714,430000018,474290.019854
2025-11-04,SZ301188,力诺药包,17.02,2636619,239067890,239067890,406893.54878
2025-11-04,SH603213,镇洋发展,13.91,1646828,441971017,441971017,614781.684647
2025-11-04,SZ301178,天亿马,63.5,4778997,49476342,66852800,424515.28
2025-11-04,SZ301098,金埔园林,9.4,4323793,149688973,183935223,172899.10962
2025-11-04,SH688107,安路科技,27.5,5124135,400849367,400849367,1102335.75925
2025-11-04,BJ920873,中设咨询,8.19,2312212,110203517,153387002,125623.954638
2025-11-04,BJ920171,志晟信息,25.15,1870875,67375108,100233235,252086.586025
2025-11-04,BJ920145,恒合股份,25.25,1553562,48503000,70550000,178138.75
2025-11-04,BJ920932,科达自控,23.47,2456127,86181245,105350350,247257.27145
2025-11-04,BJ920454,同心传动,18.11,1762909,63179125,105100000,190336.1
2025-11-04,SH688105,诺唯赞,23.01,1605932,397734544,397734544,915187.185744
2025-11-04,BJ920260,中寰股份,12.96,794111,98816959,103550000,134200.8
2025-11-04,SH688212,澳华内镜,46.59,3246282,134665250,134665250,627405.39975
2025-11-04,BJ920092,汉鑫科技,35.88,772766,31836105,62079700,222741.9636
2025-11-04,BJ920680,广道退,9.52,0,46893344,66999900,63783.9048
2025-11-04,BJ920981,晶赛科技,35.86,931510,37309618,76468000,274214.248
2025-11-04,BJ920436,大地电气,17.95,1076778,88868151,94476000,169584.42
2025-11-04,SZ301180,万祥科技,16.1,4521650,164138002,400010000,644016.1
2025-11-04,SH688182,灿勤科技,25.16,5887162,400000000,400000000,1006400
2025-11-04,SH603048,浙江黎明,20.36,1918382,146880000,146880000,299047.68
2025-11-04,SH688232,新点软件,27.11,1692586,330000000,330000000,894630
2025-11-04,SZ001267,汇绿生态,17.73,37934900,606159288,785164678,1392096.974094
2025-11-04,SH688075,安旭生物,39.57,645698,127082805,127082805,502866.659385
2025-11-04,SH688082,盛美上海,176.74,3300951,436107535,479892514,8481620.292436
2025-11-04,SZ301118,恒光股份,24.61,2904500,105052463,110196400,271193.3404
2025-11-04,SZ301185,鸥玛软件,20.21,6731816,139870363,153417600,310056.9696
2025-11-04,SZ301099,雅创电子,47.6,6747722,89780377,146665777,698129.09852
2025-11-04,SH603219,富佳股份,17.23,5553400,561400000,561400000,967292.2
2025-11-04,SZ301119,正强股份,42.45,1959684,84110000,104000000,441480
2025-11-04,SZ301155,海力风电,81.39,6859958,123349196,217391478,1769349.239442
2025-11-04,BJ920720,吉冈精密,16.14,3474195,71588383,266307160,429819.75624
2025-11-04,SH600935,华塑股份,2.66,23811800,3507401812,3594738056,956200.322896
2025-11-04,SZ301133,金钟股份,27.11,1605765,96341449,106623504,289056.319344
2025-11-04,SH688190,云路股份,107.56,1349693,120000000,120000000,1290720
2025-11-04,SH688049,炬芯科技,53.62,5259049,175167650,175167650,939248.9393
2025-11-04,SZ001317,三羊马,48.84,7421968,34905080,85565798,417903.357432
2025-11-04,SH688230,芯导科技,65.3,1296991,117600000,117600000,767928
2025-11-04,SH688112,鼎阳科技,39.38,2546211,159596883,159596883,628492.525254
2025-11-04,SZ301198,喜悦智行,12.96,6772848,155554360,169000000,219024
2025-11-04,SZ301108,洁雅股份,33.06,2144360,64655698,112556252,372110.969112
2025-11-04,SZ301213,观想科技,58.76,2407393,51711049,79999999,470079.994124
2025-11-04,SZ301167,建研设计,17.16,3522418,71117896,112000000,192192
2025-11-04,SH688151,华强科技,20.5,1294164,344500000,344500000,706225
2025-11-04,SZ301199,迈赫股份,25.68,1488137,63826000,186676000,479383.968
2025-11-04,SZ301111,粤万年青,17.18,2102300,160000000,160000000,274880
2025-11-04,SZ301126,达嘉维康,12.3,4334890,137883269,205403200,252645.936
2025-11-04,SZ301179,泽宇智能,17.25,5008631,237505449,404407569,697603.056525
2025-11-04,SZ301193,家联科技,18.96,1355260,137894530,195178330,370058.11368
2025-11-04,SH688110,东芯股份,90.28,13706125,442249758,442249758,3992630.815224
2025-11-04,SZ301168,通灵股份,44.22,1510500,95313336,120000000,530640
2025-11-04,SH688192,迪哲医药,63.34,3204835,451492894,459412894,2909921.270596
2025-11-04,SH688246,嘉和美康,25.62,3367201,137585598,137585598,352494.302076
2025-11-04,SH603216,梦天家居,15.58,2260400,222690000,222690000,346951.02
2025-11-04,SH688235,百济神州,272.51,4301774,115055260,1428203304,38919968.237304
2025-11-04,SZ301177,迪阿股份,31.05,2347332,400009325,400274550,1242852.47775
2025-11-04,SZ301138,华研精机,38.29,2576196,68560140,120000000,459480
2025-11-04,SZ301101,明月镜片,43.1,4362130,190916850,201512100,868517.151
2025-11-04,SH603071,物产环能,14.04,2862600,557954442,557954442,783368.036568
2025-11-04,SZ301100,风光股份,21.28,1650138,87500000,200000000,425600
2025-11-04,SZ301096,百诚医药,61.55,29666437,82787179,109228284,672300.08802
2025-11-04,SH688032,禾迈股份,107.09,814025,124073545,124073545,1328703.593405
2025-11-04,SH688248,南网科技,50.17,5186482,228712100,564700000,2833099.9
2025-11-04,SZ301221,光庭信息,51.68,1838257,62723179,92622300,478672.0464
2025-11-04,SZ301113,雅艺科技,23.85,977850,55117466,91000000,217035
2025-11-04,SZ301211,亨迪药业,14.1,22214285,417600000,417600000,588816
2025-11-04,SH600927,永安期货,15.55,5710700,1455555556,1455555556,2263388.88958
2025-11-04,SZ301186,超达装备,47.71,2013830,75480343,80380637,383496.019127
2025-11-04,SZ301182,凯旺科技,37.96,5432486,95821700,95821700,363739.1732
2025-11-04,SZ301190,善水科技,24.82,6118324,159354000,214636500,532727.793
2025-11-04,SH603230,内蒙新华,12.51,2635841,353523000,353523000,442257.273
2025-11-04,SZ001296,长江材料,23.33,2483810,76851339,149591086,348996.003638
2025-11-04,SH688167,炬光科技,131.39,2980842,89859524,89859524,1180664.285836
2025-11-04,SH688210,统联精密,61.4,8041548,161397915,161397915,990983.1981
2025-11-04,SZ301166,优宁维,32.55,988800,56918668,86666668,282100.00434
2025-11-04,SH688265,南模生物,46.2,1686362,77963513,77963513,360191.43006
2025-11-04,SH688206,概伦电子,36.33,5399635,435177853,435177853,1581001.139949
2025-11-04,SZ301189,奥尼电子,34.2,2247400,111757873,116396465,398075.9103
2025-11-04,SZ301127,武汉天源,13.32,5177300,665261375,674228519,898072.387308
2025-11-04,SH688236,春立医疗,28.07,2804326,288428000,383568500,1076676.7795
2025-11-04,SH688227,品高股份,35.79,2600176,64096781,113055275,404624.829225
2025-11-04,SH603176,汇通集团,6.01,3450622,461813833,475234833,285616.134633
2025-11-04,SH600941,中国移动,107.66,15043690,902767867,21626640591,232832412.602706
2025-11-04,SH688262,国芯科技,31.31,13804066,335999913,335999913,1052015.727603
2025-11-04,BJ920245,威博液压,29.93,565752,37995962,49695000,148737.135
2025-11-04,SH688176,亚虹医药,9.99,5307284,435685949,571170486,570599.315514
2025-11-04,SZ301159,三维天地,36.47,1925817,53014975,77350000,282095.45
2025-11-04,SZ301196,唯科科技,80.93,3260919,124577272,125256497,1013700.830221
2025-11-04,SZ001234,泰慕士,27.66,2792600,91520500,109413700,302638.2942
2025-11-04,SZ301136,招标股份,15.34,48350815,275204820,275204820,422164.19388
2025-11-04,SH688234,天岳先进,68.55,4498065,429711044,484618544,3322060.11912
2025-11-04,SH688259,创耀科技,41.58,2199874,111700000,111700000,464448.6
2025-11-04,SZ300834,星辉环材,22.77,795400,192426778,193712353,441083.027781
2025-11-04,SH688220,翱捷科技,88.4,6824334,360408158,418300889,3697779.85876
2025-11-04,SZ001227,兰州银行,2.43,76131752,4213749234,5695697168,1384054.411824
2025-11-04,SZ301117,佳缘科技,32.36,4662251,79449887,129168620,417989.65432
2025-11-04,SZ301158,德石股份,23.94,12389025,146520431,150370510,359987.00094
2025-11-04,SH688062,迈威生物,46,12487055,204170000,399600000,1838160
2025-11-04,BJ920204,沪江材料,19.96,1123290,49986938,94287797,188198.442812
2025-11-04,SZ301116,益客食品,11.1,2745100,448977343,448979593,498367.34823
2025-11-04,SZ301201,诚达药业,33.13,5235020,108544304,154713824,512566.898912
2025-11-04,SH688173,希荻微,15.2,6604899,407317167,411007547,624731.47144
2025-11-04,SH603150,万朗磁塑,37.4,1838900,85483000,85483000,319706.42
2025-11-04,SZ001289,龙源电力,17.17,5558711,5041934164,8359816164,14353804.353588
2025-11-04,SH603102,百合股份,43.14,552900,64000000,64000000,276096
2025-11-04,SZ301123,奕东电子,44.36,6090046,233600000,234640000,1040863.04
2025-11-04,SH688223,晶科能源,5.94,117382735,10005202678,10005202678,5943090.390732
2025-11-04,SZ301122,采纳股份,32.17,13819966,75640658,122245658,393264.281786
2025-11-04,SH688270,臻镭科技,60.58,8317319,214051600,214051600,1296724.5928
2025-11-04,SZ301217,铜冠铜箔,32.87,29374533,829015544,829015544,2724974.093128
2025-11-04,SH688171,纬德信息,50.91,1530256,83773400,83773400,426490.3794
2025-11-04,SZ301228,实朴检测,26.79,3440319,119754000,120000000,321480
2025-11-04,SZ301235,华康洁净,30.02,2505807,72737308,107769050,323522.6881
2025-11-04,SZ301106,骏成科技,30.21,1271559,102114835,102114835,308488.916535
2025-11-04,SH688225,亚信安全,19.99,3087147,400010000,400010000,799619.99
2025-11-04,SH688261,东微半导,67.7,3033548,122096589,122574975,829832.58075
2025-11-04,SZ301206,三元生物,27.31,1415550,130283122,202325700,552551.4867
2025-11-04,SH688283,坤恒顺维,30.5,956179,121800000,121800000,371490
2025-11-04,SZ001313,粤海饲料,7.28,3564700,699125851,700000000,509600
2025-11-04,SH603122,合富中国,11.85,24698800,398052633,398052633,471692.370105
2025-11-04,SH688267,中触媒,27.54,2594335,176200000,176200000,485254.8
2025-11-04,SH603215,比依股份,20.28,3603575,187228380,187939551,381141.409428
2025-11-04,SZ301207,华兰疫苗,23.58,30461704,600648150,601027500,1417222.845
2025-11-04,SZ301181,标榜股份,51.2,0,90181223,115540973,591569.78176
2025-11-04,SH603132,金徽股份,13.58,4698400,978000000,978000000,1328124
2025-11-04,SZ301229,纽泰格,22.09,5999211,128073301,180282102,398243.163318
2025-11-04,BJ920346,威贸电子,27.3,958654,44603718,80677603,220249.85619
2025-11-04,SZ301130,西点药业,30.8,1167100,58413135,76494685,235603.6298
2025-11-04,SZ001266,宏英智能,32.08,11668140,57685962,103169760,330968.59008
2025-11-04,BJ920857,泓禧科技,30.27,1525483,74007152,74007152,224019.649104
2025-11-04,SZ301200,大族数控,122.83,5189499,421386128,425509152,5226528.914016
2025-11-04,BJ920179,凯德石英,37.35,1471302,59660970,74970000,280012.95
2025-11-04,SZ301218,华是科技,21.55,1609069,70068836,114040000,245756.2
2025-11-04,SH688281,华秦科技,67.94,1406214,272570675,272570675,1851845.16595
2025-11-04,SZ301215,中汽股份,6.75,17134474,1322400000,1323900000,893632.5
2025-11-04,SZ301222,浙江恒威,30.27,1696916,79821650,100241600,303431.3232
2025-11-04,SH603070,万控智造,13.9,3697175,395416908,401000000,557390
2025-11-04,SZ301110,青木科技,72.9,3031208,65366583,92535333,674582.57757
2025-11-04,BJ920419,路斯股份,18.13,1290466,96618299,103306400,187294.5032
2025-11-04,SH688163,赛伦生物,24,907660,108220000,108220000,259728
2025-11-04,SZ301131,聚赛龙,48.75,840937,30801210,47794067,232996.076625
2025-11-04,SH688115,思林杰,65,920309,66670000,66670000,433355
2025-11-04,SH603261,*ST立航,23.97,1441300,77505022,77907622,186744.569934
2025-11-04,SH688175,高凌信息,25.01,1282385,129317000,129317000,323421.817
2025-11-04,SZ301236,软通动力,52.99,17692750,783137614,952941177,5049635.296923
2025-11-04,SH688102,斯瑞新材,19.15,12396699,731473742,773198359,1480674.857485
2025-11-04,SH688207,格灵深瞳,16.29,4569981,258973147,258973147,421867.256463
2025-11-04,SZ301219,腾远钴业,64.36,6053867,288957386,294717182,1896799.783352
2025-11-04,SZ001308,康冠科技,22.1,2290572,496322181,703329861,1554358.99281
2025-11-04,SH688282,理工导航,51.39,1109752,88000000,88000000,452232
2025-11-04,SH688150,莱特光电,22.55,5962240,402437585,402437585,907496.754175
2025-11-04,BJ920689,克莱特,35.6,2141981,37930617,73400000,261304
2025-11-04,SH688306,均普智能,11.45,15285426,1228282800,1228282800,1406383.806
2025-11-04,SZ301137,哈焊华通,49.49,13855412,180149400,181813400,899794.5166
2025-11-04,SZ301256,华融化学,10.56,5243200,480000000,480000000,506880
2025-11-04,SZ301103,何氏眼科,22.06,1418647,158026471,158026471,348606.395026
2025-11-04,SH688238,和元生物,7.47,15729333,641145700,649036700,484830.4149
2025-11-04,SH688197,首药控股,39.84,1401426,64004882,148719343,592497.862512
2025-11-04,SZ301237,和顺科技,43.6,978600,65862500,80000000,348800
2025-11-04,SH603209,兴通股份,15.69,13960812,280000000,325000000,509925
2025-11-04,SH603051,鹿山新材,21.64,4074219,161632896,161632896,349773.586944
2025-11-04,SZ301226,祥明智能,29.67,1976060,108800000,108800000,322809.6
2025-11-04,SZ301102,兆讯传媒,11.16,5107679,406000000,406000000,453096
2025-11-04,SZ301263,泰恩康,30.6,3729900,303586055,425497500,1302022.35
2025-11-04,SZ301216,万凯新材,19.57,10727442,541382467,573248850,1121847.99945
2025-11-04,SZ301258,富士莱,35.75,2317539,89065000,91670000,327720.25
2025-11-04,SH688193,仁度生物,52.9,707623,40069870,40069870,211969.6123
2025-11-04,SH688331,荣昌生物,96.74,6899858,162223872,563608243,5452346.142782
2025-11-04,SH688048,长光华芯,67.88,4025279,176279943,176279943,1196588.253084
2025-11-04,SH688295,中复神鹰,25.32,3923761,900000000,900000000,2278800
2025-11-04,SZ301268,铭利达,19.83,2952900,349044204,400396854,793986.961482
2025-11-04,SZ301097,天益医疗,56,2370139,28947368,58947368,330105.2608
2025-11-04,SH688337,普源精电,42.2,5187571,185916962,194104030,819119.0066
2025-11-04,SZ301151,冠龙节能,21.1,2781541,168843805,169004100,356598.651
2025-11-04,SH688153,唯捷创芯,36.29,4747372,408619418,430313008,1561605.906032
2025-11-04,SZ301135,瑞德智能,28.53,1244300,76460750,101952000,290869.056
2025-11-04,SH688302,海创药业,48.2,1942855,99015598,99015598,477255.18236
2025-11-04,SZ301279,金道科技,26.72,7424121,98051473,129738973,346662.535856
2025-11-04,SZ301109,军信股份,14.6,5366730,222989952,789100842,1152087.22932
2025-11-04,BJ920169,七丰精工,31.61,3023469,50836740,81745390,258397.17779
2025-11-04,SH688125,安达智能,64.96,859753,81689736,82126356,533492.808576
2025-11-04,SZ301120,新特电气,20.14,75477196,218619763,371441055,748082.28477
2025-11-04,SH688209,英集芯,20.5,8534197,429331405,429331405,880129.38025
2025-11-04,SZ301163,宏德股份,28.92,1467911,54725639,81600000,235987.2
2025-11-04,SH688326,经纬恒润,102.02,1528373,111514685,119959040,1223822.12608
2025-11-04,SZ301212,联盛化学,28.05,2505470,93750000,108000000,302940
2025-11-04,SZ301248,杰创智能,26.1,4325600,112328700,153705000,401170.05
2025-11-04,SH688279,峰岹科技,179.5,1488012,93276780,114832780,2061248.401
2025-11-04,SH688072,拓荆科技,304.79,9403316,281163930,281163930,8569595.42247
2025-11-04,SH600938,中国海油,28.14,32824087,2990000000,47529953984,133749290.510976
2025-11-04,SZ301148,嘉戎技术,33.11,1586702,58873080,116497080,385721.83188
2025-11-04,SZ301150,中一科技,41.27,8167470,222585284,233233467,962554.518309
2025-11-04,SZ301187,欧圣电气,25.47,1808400,66306711,254933525,649315.688175
2025-11-04,SZ301288,*ST清研,16.59,744900,78109621,108010000,179188.59
2025-11-04,SH688052,纳芯微,165.46,1887950,142528433,142528433,2358275.452418
2025-11-04,SH688325,赛微微电,88.93,689256,80000000,86139015,766034.260395
2025-11-04,SH688046,药康生物,18.05,3692754,410000000,410000000,740050
2025-11-04,SZ301259,艾布鲁,34.41,3407852,98871038,156000000,536796
2025-11-04,SH603191,望变电气,16.9,19839929,330037407,332353407,561677.25783
2025-11-04,SH688320,禾川科技,38.75,3751771,151013668,151013668,585177.9635
2025-11-04,SZ001228,永泰运,27.11,2539807,79864609,103864609,281576.954999
2025-11-04,SH688290,景业智能,58.8,2731901,102189714,102189714,600875.51832
2025-11-04,SH688170,德龙激光,33.1,3878999,103360000,103360000,342121.6
2025-11-04,SZ301162,国能日新,57.08,1403590,85225548,132583724,756787.896592
2025-11-04,SH603206,嘉环科技,16.61,2038000,305199988,305199988,506937.180068
2025-11-04,SH603097,江苏华辰,27.77,12814505,160000000,164435000,456635.995
2025-11-04,SZ001319,铭科精技,27.57,6583500,82000075,141400000,389839.8
2025-11-04,BJ920580,科创新材,17.01,2286212,51576023,86000000,146286
2025-11-04,SZ301257,普蕊斯,49.5,2566886,75318909,79004770,391073.6115
2025-11-04,BJ920970,大禹生物,9.38,2160848,70630900,111360400,104456.0552
2025-11-04,SZ301153,中科江南,22.28,2420682,329230008,352850580,786151.09224
2025-11-04,SH603272,联翔股份,21.8,2591000,103627000,103627000,225906.86
2025-11-04,SZ001318,阳光乳业,14.27,3117600,282660000,282660000,403355.82
2025-11-04,SH688213,思特威,103.9,5166315,323044273,401841572,4175133.93308
2025-11-04,SZ301107,瑜欣电子,28.84,1132100,59576650,102418120,295373.85808
2025-11-04,SZ301183,东田微,97.29,6921261,58626976,80000000,778320
2025-11-04,BJ920533,骏创科技,31.45,2880281,72209900,130757328,411231.79656
2025-11-04,SH688287,*ST观典,5.12,1866620,370515600,370515600,189703.9872
2025-11-04,SH688045,必易微,40.83,1680509,37695069,69837819,285147.814977
2025-11-04,SZ301191,菲菱科思,93.77,1294885,45298244,69342000,650219.934
2025-11-04,BJ920267,鑫汇科,27.13,439886,28885936,49982941,135603.718933
2025-11-04,SH688327,云从科技,15.73,24680896,833441040,1038548520,1633636.82196
2025-11-04,BJ920271,邦德股份,18.05,1327955,57890431,130823000,236135.515
2025-11-04,SZ001270,*ST铖昌,44.91,2536492,203499561,206114901,925662.020391
2025-11-04,SZ301160,翔楼新材,60.96,2159208,76276387,115849275,706217.1804
2025-11-04,SH688119,中钢洛耐,4.45,12079001,1125000000,1125000000,500625
2025-11-04,SZ301298,东利机械,17.27,2016550,108204492,146800000,253523.6
2025-11-04,SH688251,井松智能,25.33,1638165,60523280,100742300,255180.2459
2025-11-04,SZ301125,腾亚精工,19.93,2944114,117355920,141757920,282523.53456
2025-11-04,SH688348,昱能科技,54.29,2414945,156277435,156277435,848430.194615
2025-11-04,SH688120,华海清科,138.8,10083133,353405110,353405110,4905262.9268
2025-11-04,SZ301266,宇邦新材,38.88,2950938,104240093,109878593,427207.969584
2025-11-04,BJ920223,荣亿精密,25.85,21774865,81583750,157285000,406581.725
2025-11-04,BJ920299,灿能电力,19.16,6553695,44064790,90109276,172649.372816
2025-11-04,BJ920491,奥迪威,31.4,2911945,115575071,141143180,443189.5852
2025-11-04,SZ301286,侨源股份,27.26,2641500,161279398,400100000,1090672.6
2025-11-04,SZ301238,瑞泰新材,21.46,12770374,733333300,733333300,1573733.2618
2025-11-04,BJ920564,天润科技,22.99,1399615,40492148,89103621,204849.224679
2025-11-04,SZ301156,美农生物,19.39,4761617,74624767,140784675,272981.484825
2025-11-04,BJ920378,泰德股份,11.19,1372022,111382264,155526000,174033.594
2025-11-04,SH688349,三一重能,27.32,5136198,247246015,1226404215,3350536.31538
2025-11-04,SZ301289,国缆检测,63.6,2491892,77552100,78000000,496080
2025-11-04,SZ001226,拓山重工,37.47,932900,74666700,74666700,279776.1249
2025-11-04,SZ301220,亚香股份,40.45,2362288,65573654,112770840,456158.0478
2025-11-04,SZ301302,华如科技,23.8,1976432,84240000,155865000,370958.7
2025-11-04,SZ001323,慕思股份,26.68,749320,89694954,435080764,1160795.478352
2025-11-04,SZ001316,润贝航科,34.13,2637620,111539435,115134600,392954.3898
2025-11-04,SH688047,龙芯中科,134.13,2597360,401000000,401000000,5378613
2025-11-04,BJ920943,优机股份,24.25,992673,51807833,101521378,246189.34165
2025-11-04,SH688297,中无人机,46.7,6006397,675000000,675000000,3152250
2025-11-04,SZ301112,信邦智能,41.53,2947731,110266600,110266600,457937.1898
2025-11-04,SZ001268,联合精密,29.36,1172500,62933334,107933334,316892.268624
2025-11-04,SH601089,福元医药,22.27,5924900,480000000,480000000,1068960
2025-11-04,SZ001309,德明利,224,15908056,160381903,226886272,5082252.4928
2025-11-04,SH688237,超卓航科,54.22,1738650,89603310,89603310,485829.14682
2025-11-04,SZ301234,五洲医疗,40.49,1590200,68000000,68000000,275332
2025-11-04,BJ920870,恒进感应,19.97,2129052,66002900,134000000,267598
2025-11-04,SZ301239,普瑞眼科,37.01,1184440,149619048,149619048,553740.096648
2025-11-04,SZ301233,盛帮股份,55,565200,19915125,51470000,283085
2025-11-04,BJ920821,则成电子,28.26,1283982,72853030,138361899,391010.726574
2025-11-04,SH688400,凌云光,37.78,10922201,460869955,460976733,1741570.097274
2025-11-04,SZ301208,中亦科技,40.65,1237967,50128560,120000060,487800.2439
2025-11-04,SH688322,奥比中光,83.6,12135395,292195880,401099840,3353194.6624
2025-11-04,SH688053,ST思科瑞,29.33,1281398,100000000,100000000,293300
2025-11-04,SZ301139,元道通信,21.21,3970594,76167148,121580800,257872.8768
2025-11-04,SZ301175,中科环保,5.45,22596940,621880000,1471880000,802174.6
2025-11-04,SZ301312,智立方,48.91,1399000,60552763,121222703,592900.240373
2025-11-04,BJ920639,晨光电缆,8.63,2335782,116852717,201600000,173980.8
2025-11-04,SH603235,天新药业,27.09,1107166,147065200,437780000,1185946.02
2025-11-04,SH688353,华盛锂电,51.13,13628108,119070954,159500000,815523.5
2025-11-04,BJ920062,科润智控,12.43,28365193,133381005,188706277,234561.902311
2025-11-04,SZ001230,劲旅环境,23.58,1324040,53077674,134226057,316505.042406
2025-11-04,SH603170,宝立食品,15.59,5463400,400010000,400010000,623615.59
2025-11-04,SH688332,中科蓝讯,131.79,2088982,44314351,120598200,1589363.6778
2025-11-04,BJ920725,惠丰钻石,35.86,5659059,42077762,91275000,327312.15
2025-11-04,BJ920871,派特尔,18.03,1677946,44128707,84985577,153228.995331
2025-11-04,SH688231,隆达股份,22.81,13535235,126448762,246857143,563081.143183
2025-11-04,SH688375,国博电子,70.53,2815786,596014900,596014900,4203693.0897
2025-11-04,SH688382,益方生物,28.81,17093811,417633295,578348491,1666222.002571
2025-11-04,SZ001336,楚环科技,25.61,910700,46583160,80373500,205836.5335
2025-11-04,SH603211,晋拓股份,18.17,1939300,271808000,271808000,493875.136
2025-11-04,SZ301306,西测测试,58.55,5513548,58300000,84400000,494162
2025-11-04,SZ001258,立新能源,8.23,42327603,933331084,933333334,768133.333882
2025-11-04,SH688253,英诺特,31.97,1370241,69336800,136984316,437938.858252
2025-11-04,SZ301269,华大九天,116.25,5138978,545437608,545437608,6340712.193
2025-11-04,SH603201,常润股份,18.05,5153791,187573122,189979722,342913.39821
2025-11-04,SH688130,晶华微,22.79,1266766,60285094,120891094,275510.803226
2025-11-04,SZ301195,北路智控,34.33,998200,87712327,132069840,453395.76072
2025-11-04,SZ301333,诺思格,68.17,4613553,57170234,96581256,658394.422152
2025-11-04,SH688371,菲沃泰,22.43,2832290,335472356,335472356,752464.494508
2025-11-04,SZ301278,快可电子,36.3,1184231,44982861,89708143,325640.55909
2025-11-04,SH688373,盟科药业,7.21,22069116,525491506,655605491,472691.559011
2025-11-04,SZ001236,弘业期货,11.04,13709485,758077778,1007777778,1112586.666912
2025-11-04,SH688380,中微半导,33.83,6005257,169155000,400365000,1354434.795
2025-11-04,SZ301308,江波龙,263.77,19888043,274397898,419145267,11055794.707659
2025-11-04,SZ301095,广立微,74.2,3919200,174504335,200281088,1486085.67296
2025-11-04,BJ920985,海泰新能,9.09,4655357,219317859,309476200,281313.8658
2025-11-04,SZ301121,紫建电子,46.46,3121681,50591642,98826057,459145.860822
2025-11-04,SZ001229,魅视科技,36.62,2307500,52679431,100000000,366200
2025-11-04,SZ301197,工大科雅,20.57,1573040,82245000,120540000,247950.78
2025-11-04,SH688205,德科立,91.94,5510357,158285329,158285329,1455275.314826
2025-11-04,SZ301132,满坤科技,35.6,1720090,148037216,148086249,527187.04644
2025-11-04,SZ301318,维海德,29.83,1010745,76063721,135130876,403095.403108
2025-11-04,SH688273,麦澜德,39.7,1310888,36826790,100000000,397000
2025-11-04,SZ301192,泰祥股份,37.06,1555300,47868750,99900000,370229.4
2025-11-04,SH688041,海光信息,223.7,17825814,2324338091,2324338091,51995443.09567
2025-11-04,SZ301336,趣睡科技,52.92,934628,30430297,40000000,211680
2025-11-04,SZ001339,智微智能,56.29,5344745,119249227,252105510,1419101.91579
2025-11-04,SZ301338,凯格精机,67.99,2305864,59150000,106400000,723413.6
2025-11-04,SH688203,海正生材,13.03,2215528,124118007,202678068,264089.522604
2025-11-04,SH688401,路维光电,47,2889191,193333720,193333720,908668.484
2025-11-04,SZ301330,熵基科技,30.58,3083080,113914871,235351550,719705.0399
2025-11-04,SZ301321,翰博高新,16.76,2135892,147566101,186435000,312465.06
2025-11-04,SZ001330,博纳影业,6.93,95347600,1065486979,1374518984,952541.655912
2025-11-04,SH688403,汇成股份,15.77,28698957,857962158,857962158,1353006.323166
2025-11-04,SH603255,鼎际得,32.75,1115000,60675248,134611667,440853.209425
2025-11-04,SH688292,浩瀚深度,21.16,1685002,100829070,158346790,335061.80764
2025-11-04,SZ001222,源飞宠物,22.47,3654920,107409900,190890000,428929.83
2025-11-04,SZ001231,农心科技,23.15,4335428,49905000,100000000,231500
2025-11-04,SZ301300,远翔新材,40.73,1400500,30925542,64888000,264288.824
2025-11-04,SZ301171,易点天下,31.06,21429533,373387451,471885905,1465677.62093
2025-11-04,BJ920834,三维装备,16.48,3874672,62796439,120000005,197760.00824
2025-11-04,SH688271,联影医疗,137,3826026,824157988,824157988,11290964.4356
2025-11-04,SZ000670,盈方微,8.22,20746100,816626960,839489360,690060.25392
2025-11-04,SH688381,帝奥微,25.44,7605923,191546400,247500000,629640
2025-11-04,SH688247,宣泰医药,10.86,3497688,453340000,453340000,492327.24
2025-11-04,SZ301209,联合化学,91.85,2301500,54395918,112000000,1028720
2025-11-04,SH688370,丛麟科技,25.68,689286,43749116,137107879,352093.033272
2025-11-04,SZ301282,金禄电子,26.52,2455593,79616218,151139968,400823.195136
2025-11-04,SH688439,振华风光,58.63,2871481,200000000,200000000,1172600
2025-11-04,SH688416,恒烁股份,57.06,4132001,65236457,82929413,473195.230578
2025-11-04,SZ301152,天力锂能,32.08,6847933,70999382,118740007,380917.942456
2025-11-04,SZ001259,利仁科技,29.37,1089200,47544499,73588888,216130.564056
2025-11-04,SH603237,五芳斋,17.27,1212192,196011726,197125868,340436.374036
2025-11-04,SZ301270,汉仪股份,38.07,4049500,94492844,100000000,380700
2025-11-04,SZ301115,联检科技,16.88,2086460,121878384,183524850,309789.9468
2025-11-04,SH688351,微电生理,24.63,8967892,124859881,470600000,1159087.8
2025-11-04,BJ920152,昆工科技,27.08,8429871,82161225,111341700,301513.3236
2025-11-04,BJ920395,朗鸿科技,13.9,1230443,103452424,152585704,212094.12856
2025-11-04,SZ301283,聚胶股份,45.1,1478205,45847203,80417822,362684.37722
2025-11-04,BJ920790,联迪信息,39.99,1200401,54348958,78967020,315789.11298
2025-11-04,SZ301296,新巨丰,8.68,3472316,288815453,420000000,364560
2025-11-04,BJ920270,天铭科技,17.75,1248738,81128317,104616000,185693.4
2025-11-04,SH688293,奥浦迈,56.5,1299842,113820154,113820154,643083.8701
2025-11-04,SZ001283,豪鹏科技,73.09,3841768,79742717,99943067,730483.876703
2025-11-04,SZ001331,胜通能源,14.74,7875092,167875679,282240000,416021.76
2025-11-04,SZ301328,维峰电子,45.08,1375700,50516792,109893594,495400.321752
2025-11-04,SZ301231,荣信文化,39.64,23090972,53899250,84400000,334561.6
2025-11-04,SZ301276,嘉曼服饰,21.14,1322360,46064106,129600000,273974.4
2025-11-04,SH603182,嘉华股份,15.37,1612600,164550000,164550000,252913.35
2025-11-04,SZ301349,信德新材,45.85,3563871,48907349,102000000,467670
2025-11-04,SH688114,华大智造,68.31,2777160,414334730,416516155,2845221.854805
2025-11-04,SZ301339,通行宝,15.12,3028920,168060869,580333320,877463.97984
2025-11-04,SH688391,钜泉科技,30.52,1558502,115181560,115181560,351534.12112
2025-11-04,SZ301205,联特科技,118.23,13631341,67958280,129744000,1533963.312
2025-11-04,SZ301161,唯万密封,36.53,5271357,120000000,120000000,438360
2025-11-04,SH688455,科捷智能,16.07,2034104,129849167,180849167,290624.611369
2025-11-04,SH688184,ST帕瓦,10.18,762235,100487514,159047514,161910.369252
2025-11-04,SZ301327,华宝新能,60.86,1881203,76283356,174381356,1061284.932616
2025-11-04,SZ301309,万得凯,29.92,670600,25534400,100534400,300798.9248
2025-11-04,SZ001238,浙江正特,49.1,469400,103667094,110820000,544126.2
2025-11-04,SH688035,德邦科技,49.16,2423546,142240000,142240000,699251.84
2025-11-04,SZ001332,锡装股份,57.35,2039525,48003501,110490000,633660.15
2025-11-04,SZ301326,捷邦科技,120.17,1611680,27306768,72709728,873752.801376
2025-11-04,SZ301331,恩威医药,30.45,866380,102695817,102891887,313305.795915
2025-11-04,SH688448,磁谷科技,38.31,1697337,47972300,71652300,274499.9613
2025-11-04,SH688428,诺诚健华,24.24,6673256,268359717,1764643952,4277496.939648
2025-11-04,SZ301369,联动科技,84.99,677894,36363398,70575398,599820.307602
2025-11-04,SH688132,邦彦技术,19.9,4296806,108495718,152225204,302928.15596
2025-11-04,BJ920207,众诚科技,24.51,2381421,56279468,92195000,225969.945
2025-11-04,SZ301227,森鹰窗业,41.39,1275700,33934925,95230500,394159.0395
2025-11-04,SH688387,信科移动,6.46,33091522,2016777200,3418750000,2208512.5
2025-11-04,SH603057,紫燕食品,18.65,2553021,412000000,413513750,771203.14375
2025-11-04,SZ301366,一博科技,36.08,4318100,76289387,209536201,756006.613208
2025-11-04,SH688252,天德钰,23.36,5213512,182339485,409021341,955473.852576
2025-11-04,SH688392,骄成超声,101.94,3348341,115733360,115733360,1179785.87184
2025-11-04,BJ920971,天马新材,40.5,13238550,85702802,105088002,425606.4081
2025-11-04,BJ920122,中纺标,39.71,907533,35724138,92242108,366293.410868
2025-11-04,SZ301285,鸿日达,50.82,3196707,78499808,206670000,1050296.94
2025-11-04,SZ301176,逸豪新材,27.37,2244700,56355556,169066667,462735.467579
2025-11-04,BJ920402,硅烷科技,10.73,4306962,272873277,422060067,452870.451891
2025-11-04,SZ301319,唯特偶,40.07,3104151,93386240,124297674,498060.779718
2025-11-04,SH688275,万润新能,72.3,7442153,84596775,126118463,911836.48749
2025-11-04,SH688137,近岸蛋白,44.09,487887,32675439,70175439,309403.510551
2025-11-04,SZ001269,欧晶科技,26.67,1751600,192411494,192411494,513161.454498
2025-11-04,SZ301313,凡拓数创,29.22,4996114,75487776,103453400,302290.8348
2025-11-04,SZ001255,博菲电气,36.17,4820950,71056000,81284000,294004.228
2025-11-04,BJ920685,新芝生物,15.76,1279455,54778580,91515941,144229.123016
2025-11-04,SH688409,富创精密,70.53,4368849,306210771,306210771,2159704.567863
2025-11-04,SH688073,毕得医药,71.4,780616,43234172,90882948,648904.24872
2025-11-04,SH603052,可川科技,32.08,14812092,187897282,187897282,602774.480656
2025-11-04,SH688459,哈铁科技,9.97,5335215,175584968,480000000,478560
2025-11-04,SZ301363,美好医疗,22.89,3545014,373203008,568871180,1302146.13102
2025-11-04,BJ920046,亿能电力,14.86,5146726,64077287,101150000,150308.9
2025-11-04,SZ301316,慧博云通,52.83,7989218,400010000,404000000,2134332
2025-11-04,SH603163,圣晖集成,49.25,7033950,100000000,100000000,492500
2025-11-04,BJ920476,海能技术,26.72,2051999,80550743,85179800,227600.4256
2025-11-04,BJ920992,中科美菱,21.08,1337137,27898177,96730934,203908.808872
2025-11-04,SH688061,灿瑞科技,34.3,899694,45021108,114889391,394070.61113
2025-11-04,SH688031,星环科技,68.13,8285757,93972544,121135916,825298.995708
2025-11-04,SH603151,邦基科技,25.05,1505737,170801417,170801417,427857.549585
2025-11-04,SH688244,永信至诚,21.81,1867441,150961519,150961519,329247.072939
2025-11-04,SZ301299,卓创资讯,56.4,731800,45682310,60380560,340546.3584
2025-11-04,SZ001300,三柏硕,15.21,4736126,243775914,243775914,370783.165194
2025-11-04,SZ301273,瑞晨环保,28.45,1045400,54986167,71641792,203820.89824
2025-11-04,SZ301380,挖金客,35.34,975145,80738614,101392433,358320.858222
2025-11-04,SH688426,康为世纪,28.24,874764,37993332,112493716,317682.253984
2025-11-04,SZ301223,中荣股份,18.65,1350200,112015060,193127560,360182.8994
2025-11-04,SH688291,金橙子,30.67,1773675,102666700,102666700,314878.7689
2025-11-04,SZ001322,箭牌家居,8.04,2770800,785612800,967162960,777599.01984
2025-11-04,SH688372,伟测科技,95.95,5861689,149053640,149053640,1430169.6758
2025-11-04,BJ920527,夜光明,19.39,485541,36293737,60042700,116422.7953
2025-11-04,BJ920139,华岭股份,22.8,3291282,258612338,269507392,614476.85376
2025-11-04,SH688152,麒麟信安,46.66,4325710,102080546,102080546,476307.827636
2025-11-04,SZ001299,美能能源,12.08,7852190,218400919,242638606,293107.436048
2025-11-04,SZ301389,隆扬电子,56,4733677,84569047,283500000,1587600
2025-11-04,SZ001298,好上好,33.34,15302422,154084852,296835996,989651.210664
2025-11-04,BJ920753,天纺标,25.38,537319,31512025,81404368,206604.285984
2025-11-04,SZ301379,天山电子,28.66,7354068,127333594,198243944,568167.143504
2025-11-04,SZ301230,泓博医药,33.62,4340922,125615830,139586605,469290.16601
2025-11-04,SZ301367,瑞迈特,85.9,1625255,69943563,89600000,769664
2025-11-04,SZ301267,华厦眼科,19.36,3883850,328828875,840000000,1626240
2025-11-04,SH688419,耐科装备,28.11,1439218,30772999,114551669,322004.741559
2025-11-04,SH603280,南方路机,44.45,9390690,27941667,108406667,481867.634815
2025-11-04,SZ301388,欣灵电气,33.14,5681800,27356588,102447600,339511.3464
2025-11-04,SZ301359,东南电子,20.65,1191148,35863867,120176000,248163.44
2025-11-04,BJ920876,慧为智能,29.69,1098948,38565839,64180659,190552.376571
2025-11-04,SH688432,有研硅,12.81,10422746,507565658,1247621058,1598202.575298
2025-11-04,BJ920914,远航精密,32.52,3208497,99921250,100000000,325200
2025-11-04,SZ301396,宏景科技,65.39,5889064,76081074,153517547,1003851.239833
2025-11-04,SZ301356,天振股份,23.86,2369940,54810000,216000000,515376
2025-11-04,SZ301277,新天地,13.15,3307878,101018400,392078400,515583.096
2025-11-04,SZ001338,永顺泰,11.97,4650299,235954481,501730834,600571.808298
2025-11-04,SZ301361,众智科技,33.92,2821400,29084000,116336000,394611.712
2025-11-04,SH688362,甬矽电子,32.46,12224653,280648030,410483030,1332427.91538
2025-11-04,BJ920339,恒太照明,10.89,1045481,151177135,220203800,239801.9382
2025-11-04,BJ920808,曙光数创,87.58,1898048,194572179,200000001,1751600.008758
2025-11-04,SZ301335,天元宠物,29.65,1849755,50613904,126902800,376266.802
2025-11-04,SH688376,美埃科技,44.88,1804617,50985589,134400000,603187.2
2025-11-04,SH603130,云中马,43.81,6418793,51063450,137514200,602449.7102
2025-11-04,BJ920357,雅葆轩,28.39,3437084,44514600,80080000,227347.12
2025-11-04,SZ301165,锐捷网络,71.28,6559067,95454545,795454545,5669999.99676
2025-11-04,SZ301377,鼎泰高科,119.5,16351743,71024000,410000000,4899500
2025-11-04,SZ301365,矩阵股份,23.3,5256050,46350000,180000000,419400
2025-11-04,BJ920634,新威凌,27.47,1151108,39925368,63912046,175566.390362
2025-11-04,BJ920237,力佳科技,29.8,4842892,84728150,86392800,257450.544
2025-11-04,SH688480,赛恩斯,53.51,1532183,63846179,95326179,510090.383829
2025-11-04,BJ920662,方盛股份,30.53,1445163,24580687,87550002,267290.156106
2025-11-04,BJ920374,云里物里,27.07,846050,34113551,81518000,220669.226
2025-11-04,SZ301290,东星医疗,26.06,835800,68163400,100173334,261051.708404
2025-11-04,SZ301311,昆船智能,20.35,7605089,87242367,240000000,488400
2025-11-04,SZ301391,卡莱特,94.93,3662988,49316694,95014811,901975.600823
2025-11-04,BJ920199,倍益康,38.87,2088111,36959575,68109800,264742.7926
2025-11-04,BJ920641,格利尔,21.77,4115532,44654220,75075000,163438.275
2025-11-04,SH688489,三未信安,47.24,914611,50974172,115209676,544250.509424
2025-11-04,SZ001256,炜冈科技,23.28,1516200,40942880,142612558,332002.035024
2025-11-04,BJ920110,雷特科技,39.46,312183,16239000,39000000,153894
2025-11-04,BJ920300,辰光医疗,17.36,6231408,66531656,85847126,149030.610736
2025-11-04,BJ920087,秋乐种业,16.09,5032442,160624725,165200000,265806.8
2025-11-04,SZ001333,光华股份,23.65,5711400,44000000,128000000,302720
2025-11-04,SH601022,宁波远洋,10.61,38490198,248633334,1308633334,1388459.967374
2025-11-04,BJ920942,恒立钻具,37.52,2632369,40931057,61327100,230099.2792
2025-11-04,SH688084,晶品特装,88.95,496505,35325611,75659066,672987.39207
2025-11-04,BJ920230,欧康医药,15.22,1131556,46709014,100717495,153292.02739
2025-11-04,BJ920866,绿亨科技,9.17,1935736,93609737,180205900,165248.8103
2025-11-04,SH688503,聚和材料,55.42,11503739,180664831,242033643,1341350.449506
2025-11-04,SH688420,美腾科技,26,560712,34109000,88430000,229918
2025-11-04,BJ920414,欧普泰,14.04,1727006,55275836,79748171,111966.432084
2025-11-04,SZ001223,欧克科技,54.01,1288180,23352000,93352000,504194.152
2025-11-04,SH688143,长盈通,37.4,2943535,94522576,128780802,481640.19948
2025-11-04,BJ920014,特瑞斯,13.58,892361,68892462,123701907,167987.189706
2025-11-04,BJ920957,汉维科技,14.68,797674,42704734,107301334,157518.358312
2025-11-04,BJ920075,柏星龙,30.37,892190,34878864,64815000,196843.155
2025-11-04,BJ920429,康比特,17.67,1161764,113288891,124500000,219991.5
2025-11-04,SZ301368,丰立智能,63.2,2632571,64121440,120100000,759032
2025-11-04,SZ301398,星源卓镁,52.43,2416152,33460000,112000000,587216
2025-11-04,BJ920571,国航远洋,11.57,49040971,281193356,555407453,642606.423121
2025-11-04,BJ920608,丰安股份,23.01,701258,39411965,62240000,143214.24
2025-11-04,SZ301265,华新环保,11.65,3564200,168448215,302973182,352963.75703
2025-11-04,BJ920810,春光智能,15.09,1598550,62407545,95900000,144713.1
2025-11-04,SH688172,燕东微,23.77,7444779,585251811,1427618097,3393448.216569
2025-11-04,BJ920879,基康技术,24.15,1772158,132962433,166966331,403223.689365
2025-11-04,BJ920807,奔朗新材,17.92,4246225,121970722,181880000,325928.96
2025-11-04,SH688498,源杰科技,516.05,3910573,60149271,85947726,4435332.40023
2025-11-04,BJ920505,九菱科技,53.68,2114640,36277191,64867730,348209.97464
2025-11-04,BJ920033,康普化学,18.53,1003179,82760958,119135250,220757.61825
2025-11-04,SH601136,首创证券,20.82,11173679,481483800,2733333800,5690800.9716
2025-11-04,BJ920526,凯华材料,26.38,973758,52367486,82700000,218162.6
2025-11-04,BJ920718,合肥高科,19.06,1170471,42744319,90666700,172810.7302
2025-11-04,BJ920247,华密新材,28.24,4098203,114235163,157544166,444904.724784
2025-11-04,SH688141,杰华特,46.9,11808203,267387825,450321609,2112008.34621
2025-11-04,SH688147,微导纳米,50.17,5626383,101157283,461157283,2313626.088811
2025-11-04,BJ920190,雷神科技,27.79,2076412,98675051,100000001,277900.002779
2025-11-04,SZ301280,珠城科技,55.04,3155064,37922640,136780140,752837.89056
2025-11-04,BJ920781,瑞奇智造,10.49,3462659,102082230,154567054,162140.839646
2025-11-04,SH688410,山外山,16.91,7057814,234553572,321315646,543344.757386
2025-11-04,SZ301301,川宁生物,11.56,29911060,617782357,2230085000,2577978.26
2025-11-04,BJ920001,纬达光电,21.4,1677009,88691020,153656204,328824.27656
2025-11-04,SZ301255,通力科技,29.9,1041340,38080000,152320000,455436.8
2025-11-04,BJ920227,美登科技,60.27,472395,17592200,38941500,234700.4205
2025-11-04,SH688475,萤石网络,31.22,4590639,409500000,787500000,2458575
2025-11-04,SZ001301,尚太科技,90.76,7819500,161453475,260802350,2367042.1286
2025-11-04,SH688496,清越科技,6.37,34299652,237945600,450000000,286650
2025-11-04,BJ920855,浙江大农,20.63,778169,67036911,74733333,154174.865979
2025-11-04,BJ920351,华光源海,28.01,3317106,35260439,88035439,246587.264639
2025-11-04,SZ301105,鸿铭股份,45.02,982291,16437497,50000000,225100
2025-11-04,BJ920262,太湖雪,27.1,1293011,31185407,69114185,187299.44135
2025-11-04,BJ920392,佳合科技,43.4,1943657,36389900,76205000,330729.7
2025-11-04,BJ920195,三祥科技,22.69,4282855,70758985,98030000,222430.07
2025-11-04,SH688525,佰维存储,121.92,27583721,352772301,466708301,5690107.605792
2025-11-04,SZ301297,富乐德,38.8,2750000,140953200,743187598,2883567.88024
2025-11-04,SH688506,百利天恒,362,1440890,102891120,412873817,14946032.1754
2025-11-04,BJ920950,迅安科技,20.67,489269,35720100,73320000,151552.44
2025-11-04,SH688485,九州一轨,15.4,3087488,88157978,150292062,231449.77548
2025-11-04,BJ920371,欧福蛋业,11.34,3067324,193580338,205445536,232975.237824
2025-11-04,SH688435,英方软件,46.22,12168999,47182576,83500000,385937
2025-11-04,BJ920252,天宏锂电,29.55,6448346,68231239,102650665,303332.715075
2025-11-04,SZ301317,鑫磊股份,32.95,1417600,44800000,157190000,517941.05
2025-11-04,SH603173,福斯达,39.22,3347540,49540000,160000000,627520
2025-11-04,BJ920425,乐创技术,24.15,1850841,59213298,70936548,171311.76342
2025-11-04,SH603281,江瀚新材,25.94,1687680,251693916,373333334,968426.668396
2025-11-04,SH601059,信达证券,18.68,19961143,691600000,3243000000,6057924
2025-11-04,BJ920023,田野股份,4.41,6869618,268808530,327304000,144341.064
2025-11-04,BJ920802,保丽洁,18.01,712134,22098593,82008290,147696.93029
2025-11-04,SZ301260,格力博,17.9,3219016,204435770,482457074,863598.16246
2025-11-04,SZ301373,凌玮科技,32.63,804418,38472723,108472091,353944.432933
2025-11-04,BJ920367,新赣江,23.32,2603779,41781867,70861250,165248.435
2025-11-04,SZ301358,湖南裕能,69.8,25345921,386118204,760802721,5310402.99258
2025-11-04,SZ301419,阿莱德,33.7,1432120,42420000,120000000,404400
2025-11-04,SH688515,裕太微,110.46,1366095,49819400,80000000,883680
2025-11-04,SZ001314,亿道信息,47.83,3060600,51749501,142634000,682218.422
2025-11-04,SH688307,中润光学,35,3697400,58923322,88774000,310709
2025-11-04,SH603307,扬州金泉,47.65,1043400,17000000,67877000,323433.905
2025-11-04,SZ001260,坤泰股份,20.84,1077600,31750000,115000000,239660
2025-11-04,BJ920407,驰诚股份,21.14,1260827,34760895,85384000,180501.776
2025-11-04,SH603190,亚通精工,26,9347594,40519480,124540000,323804
2025-11-04,BJ920249,利尔达,14.96,8197301,124669576,421630000,630758.48
2025-11-04,SZ301303,真兰仪表,16.54,2323818,101734815,408800000,676155.2
2025-11-04,BJ920273,一致魔芋,36.24,2009142,67759167,103188407,373954.786968
2025-11-04,SH688486,龙迅股份,71,2427932,74382056,133327968,946628.5728
2025-11-04,SZ001225,和泰机电,53.35,808200,21038773,65866800,351399.378
2025-11-04,BJ920906,舜宇精工,31.19,2813169,33183223,64970000,202641.43
2025-11-04,BJ920478,峆一药业,22.14,2624911,47079493,78708700,174261.0618
2025-11-04,SZ001311,多利科技,23.67,3365766,78846669,310509334,734975.593578
2025-11-04,BJ920770,艾能聚,20.18,6504534,81893800,130132175,262606.72915
2025-11-04,BJ920422,润普食品,14.38,2255801,66222710,88482710,127238.13698
2025-11-04,SH688522,纳睿雷达,38.72,3008308,121009841,302995606,1173198.986432
2025-11-04,SZ301408,华人健康,13.69,13895862,149171303,400010000,547613.69
2025-11-04,SZ001337,四川黄金,26.52,9143336,288456000,420000000,1113840
2025-11-04,SH603061,金海通,123.2,1663914,41826334,60000000,739200
2025-11-04,SZ301322,绿通科技,29.89,2079800,90995680,141287878,422309.467342
2025-11-04,SZ001366,播恩集团,13.98,3668042,55680000,160680000,224630.64
2025-11-04,SZ001278,一彬科技,19,1924600,50534501,123733400,235093.46
2025-11-04,BJ920974,凯大催化,8.9,4034642,128451794,163800000,145782
2025-11-04,SZ301157,华塑科技,52.32,2996032,20660055,60000000,313920
2025-11-04,SH688502,茂莱光学,353.15,581916,16800000,52800000,1864632
2025-11-04,SH601121,宝地矿业,7.1,11029700,380000000,800000000,568000
2025-11-04,BJ920541,铁大科技,15.67,1730188,90058684,136700000,214208.9
2025-11-04,SZ001368,通达创智,26.17,5676082,32086099,113836944,297911.282448
2025-11-04,SH603153,上海建科,19.21,1943100,135000000,409861106,787343.184626
2025-11-04,BJ920057,百甲科技,7.44,2998508,115385579,181263297,134859.892968
2025-11-04,BJ920575,康乐卫士,14.5,7252784,187838680,280940000,407363
2025-11-04,BJ920663,明阳科技,20.49,1321394,63262837,133552510,273649.09299
2025-11-04,SH603282,亚光股份,20.01,5847698,62809759,133820000,267773.82
2025-11-04,SH603073,彩蝶实业,19.5,1655100,50892848,116000000,226200
2025-11-04,SZ301439,泓淋电力,15.58,4284973,183246924,389101809,606220.618422
2025-11-04,BJ920556,雅达股份,11.36,3944415,117498764,161315200,183254.0672
2025-11-04,SZ301378,通达海,31.94,2188810,45914531,96600000,308540.4
2025-11-04,SZ301246,宏源药业,18.76,22851148,160042750,400006800,750412.7568
2025-11-04,SZ301345,涛涛车业,216.45,1787539,29057946,109049071,2360367.141795
2025-11-04,SH603065,宿迁联盛,8.66,5923900,196673455,418967572,362825.917352
2025-11-04,BJ920809,安达科技,6.07,19376184,459107148,599050000,363623.35
2025-11-04,SH603291,联合水务,10.86,6840600,129943077,423220604,459617.575944
2025-11-04,SZ301314,科瑞思,45.08,838610,16250000,55250000,249067
2025-11-04,SH603162,海通发展,11.4,50718405,278827496,926532128,1056246.62592
2025-11-04,SH600925,苏能股份,4.93,11893074,1606048586,6888888889,3396222.222277
2025-11-04,SZ301386,未来电器,25.6,3700529,42921004,140000000,358400
2025-11-04,BJ920792,东和新材,13.43,1944815,100358838,165540000,222320.22
2025-11-04,SH688531,日联科技,67.57,2172275,106963834,165593939,1118918.245823
2025-11-04,SZ301141,中科磁业,57.75,2497631,44512605,124032605,716288.293875
2025-11-04,BJ920261,一诺威,16.08,3989939,170548213,291132748,468141.458784
2025-11-04,SH688343,云天励飞,74.38,9370709,263830220,358826660,2668952.69708
2025-11-04,SZ301281,科源制药,31.58,931603,68852000,108290000,341979.82
2025-11-04,SH688535,华海诚科,100.01,2470301,52455548,80696453,807045.226453
2025-11-04,SZ301203,国泰环保,35.3,938900,43842500,80000000,282400
2025-11-04,BJ920895,花溪科技,24.8,579054,28736900,56524000,140179.52
2025-11-04,SH688484,南芯科技,43.43,4420175,293215445,425702911,1848827.742473
2025-11-04,SZ001286,陕西能源,10,24429024,1050000000,3750000000,3750000
2025-11-04,SH601065,江盐集团,8.6,7668173,416256079,642776079,552787.42794
2025-11-04,SZ001360,南矿集团,15.72,3174800,81781146,204000000,320688
2025-11-04,SH601061,中信金属,13.24,74262129,501153847,4900000000,6487600
2025-11-04,SH603125,常青科技,16.32,2477698,101214350,404836375,660692.964
2025-11-04,SH603135,中重科技,10.02,3125983,252657156,629538080,630797.15616
2025-11-04,SZ001287,中电港,26.18,43369941,437394498,759900097,1989418.453946
2025-11-04,SH601133,柏诚股份,12.74,4602926,149386744,528018424,672695.472176
2025-11-04,SZ001367,海森药业,22.96,2581380,39697701,152351200,349798.3552
2025-11-04,SZ001328,登康口腔,36.65,2191200,43043500,172173800,631016.977
2025-11-04,BJ920593,鼎智科技,35.61,3553991,161610277,190164392,677175.399912
2025-11-04,SZ301429,森泰股份,20.26,1106656,44041133,118220000,239513.72
2025-11-04,SH688433,华曙高科,46.52,4181180,202104320,414168800,1926713.2576
2025-11-04,SZ301357,北方长龙,156.86,8942134,23800000,95200000,1493307.2
2025-11-04,SH688539,高华科技,34.9,3438272,104720000,185920000,648860.8
2025-11-04,SZ301387,光大同创,38.1,1444860,42684324,106747204,406706.84724
2025-11-04,BJ920304,迪尔化工,15.12,19699832,78828854,162288000,245379.456
2025-11-04,SH688507,索辰科技,97.02,3541467,49235730,89108784,864533.422368
2025-11-04,BJ920896,旺成科技,23.93,2252544,44302685,101224240,242229.60632
2025-11-04,SH603137,恒尚节能,14.42,1865660,73733334,182933334,263789.867628
2025-11-04,SH688352,颀中科技,13.6,13462574,365881123,1189037288,1617090.71168
2025-11-04,SH688146,中船特气,45.9,9502960,144970842,529411765,2430000.00135
2025-11-04,SH688478,晶升股份,33.42,1449911,103409466,138366096,462419.492832
2025-11-04,SZ301307,美利信,31.79,5954700,108991640,210600000,669497.4
2025-11-04,BJ920694,中裕科技,21.4,3439587,62490441,132088476,282669.33864
2025-11-04,BJ920394,民士达,41.35,1664019,144813750,146250000,604743.75
2025-11-04,SZ301360,荣旗科技,83.5,2298155,25460000,53340000,445389
2025-11-04,SZ301293,三博脑科,62.53,10851019,160945692,205986987,1288036.629711
2025-11-04,SH688249,晶合集成,32.37,36618236,1186761696,2006135157,6493859.503209
2025-11-04,SZ301390,经纬股份,36.9,834993,29050730,60000000,221400
2025-11-04,BJ920699,海达尔,56.11,717327,20875300,45625300,256003.5583
2025-11-04,SH688469,芯联集成,6.11,87210555,4429800000,8382687172,5121821.862092
2025-11-04,SH603172,万丰股份,19.19,2600400,50080000,133380000,255956.22
2025-11-04,SH688479,友车科技,19.6,1027425,62317400,144317400,282862.104
2025-11-04,BJ920578,巨能股份,28.7,2016706,23000000,76479097,219495.00839
2025-11-04,SZ301325,曼恩斯特,55.66,1980100,57894700,143892660,800906.54556
2025-11-04,BJ920837,华原股份,16.66,1229046,136787787,151712787,252753.503142
2025-11-04,SH688512,慧智微,11.66,5815134,324570296,466843548,544339.576968
2025-11-04,SZ001380,华纬科技,23.95,5290523,88003853,270854208,648695.82816
2025-11-04,SZ301382,蜂助手,37.07,14989257,176912778,285593903,1058696.598421
2025-11-04,SH688552,航天南湖,36.08,2310328,86827551,337248000,1216790.784
2025-11-04,SZ301332,德尔玛,10.06,6861316,264897500,461562500,464331.875
2025-11-04,BJ920006,晟楠科技,28.42,1453569,34291876,90287200,256596.2224
2025-11-04,SH688361,中科飞测,120.42,9714559,248291056,350163237,4216665.699954
2025-11-04,SZ301428,世纪恒通,35.03,1421450,61196667,98666667,345629.334501
2025-11-04,SH688581,安杰思,61.8,1130020,41559701,81122079,501334.44822
2025-11-04,SZ001324,长青科技,19.63,2431255,81653600,138000000,270894
2025-11-04,SH688458,美芯晟,39.8,2191702,85068541,111536629,443915.78342
2025-11-04,SZ301305,朗坤科技,21.56,2937286,123713454,241228204,520088.007824
2025-11-04,SZ301399,英特科技,19.55,1582599,54683586,185020000,361714.1
2025-11-04,SZ001282,三联锻造,24.25,10629676,78164800,222185600,538800.08
2025-11-04,SH688562,航天软件,18.81,6495070,173020000,400000000,752400
2025-11-04,BJ920471,美邦科技,15.03,1202523,53030607,83200000,125049.6
2025-11-04,SZ301252,同星科技,26.98,1901796,47306250,168200000,453803.6
2025-11-04,BJ920719,宁新新材,14.88,4556374,73193662,93093400,138522.9792
2025-11-04,SZ301337,亚华电子,28.74,1102700,36985775,104200000,299470.8
2025-11-04,SZ301353,普莱得,28.8,1908190,31881249,98181249,282761.99712
2025-11-04,BJ920017,星昊医药,20.33,4930320,123280900,124961200,254046.1196
2025-11-04,SH688593,新相微,21.66,13914615,322681723,459529412,995340.706392
2025-11-04,SZ001373,翔腾新材,32.02,1500001,33131732,68686888,219935.415376
2025-11-04,BJ920779,武汉蓝电,40.25,940878,20033202,80074720,322300.748
2025-11-04,SH688523,航天环宇,25.85,8174893,96515937,406880000,1051784.8
2025-11-04,SZ301310,鑫宏业,43.27,1230080,50244160,136554440,590871.06188
2025-11-04,SH688570,天玛智控,19.46,1379630,188200000,433000000,842618
2025-11-04,SH688576,西山科技,66.91,235005,21792239,45500060,304440.90146
2025-11-04,SZ301323,新莱福,60.38,2267160,67007163,104922890,633524.40982
2025-11-04,BJ920221,易实精密,19.11,1564356,61764908,116040000,221752.44
2025-11-04,SH688623,双元科技,74.34,1649777,19142700,59142700,439666.8318
2025-11-04,SZ301320,豪江智能,18.2,2060000,68206475,182010000,331258.2
2025-11-04,SZ301383,天键股份,33.55,967444,70614145,163273200,547781.586
2025-11-04,SH688472,阿特斯,17.73,192691417,1392731603,3688217324,6539209.315452
2025-11-04,SZ301355,南王科技,12.42,5927708,100205428,195097928,242311.626576
2025-11-04,SZ301287,康力源,41.1,581000,17031350,66670000,274013.7
2025-11-04,SZ301232,飞沃科技,44.8,7551143,44667265,75162347,336727.31456
2025-11-04,SZ301225,恒勃股份,97.1,2546115,29882000,103380000,1003819.8
2025-11-04,SZ301448,开创电气,62.14,1453660,48282500,104600000,649984.4
2025-11-04,SH688334,西高院,20.61,6212111,156904698,316579466,652470.279426
2025-11-04,SZ301262,海看股份,26.3,16177173,122075392,417000000,1096710
2025-11-04,SH688443,智翔金泰,29.69,3771971,116680000,366680000,1088672.92
2025-11-04,SZ301315,威士顿,59.18,11935257,37000000,88000000,520784
2025-11-04,SH688543,国科军工,52.25,4919141,115962028,208842028,1091199.5963
2025-11-04,SZ301376,致欧科技,18.71,1565000,193642874,402468975,753019.452225
2025-11-04,BJ920455,汇隆活塞,10.04,988800,92783076,177450000,178159.8
2025-11-04,BJ920651,天罡股份,49.39,1613168,15274871,61000000,301279
2025-11-04,SZ301170,锡南科技,28.54,1315994,33575425,100000000,285400
2025-11-04,SH688620,安凯微,11.8,7129341,232318520,392000000,462560
2025-11-04,SH688629,华丰科技,74.9,10949145,181783047,460992831,3452836.30419
2025-11-04,SZ300804,广康生化,38.57,4864259,27500000,74000000,285418
2025-11-04,SZ301295,美硕科技,28.05,896861,29400000,100800000,282744
2025-11-04,SH688631,莱斯信息,77.61,1249454,64870000,163470000,1268690.67
2025-11-04,SZ301397,溯联股份,34.72,1654452,70737798,155662898,540461.581856
2025-11-04,SH688429,时创能源,16.07,1358373,119827267,400000800,642801.2856
2025-11-04,BJ920208,青矩技术,28.03,2667433,86578914,133804554,375054.164862
2025-11-04,SZ301291,明阳电气,46.02,11914140,161636955,312200000,1436744.4
2025-11-04,SH688582,芯动联科,62.26,4779732,249195660,400715660,2494855.69916
2025-11-04,SZ301210,金杨精密,41.77,2016591,43463918,114614334,478744.073118
2025-11-04,BJ920175,东方碳素,13.12,3566165,79275860,119000000,156128
2025-11-04,BJ920717,瑞星股份,13.27,1264246,44280000,114680000,152180.36
2025-11-04,SZ301395,仁信新材,11.37,1667340,137430438,242850438,276120.948006
2025-11-04,SZ301488,豪恩汽电,145.09,3339474,23412188,92000000,1334828
2025-11-04,SZ301202,朗威股份,40.88,1246998,37180000,136400000,557603.2
2025-11-04,SZ301486,致尚科技,79.61,1822700,72453755,128680995,1024429.401195
2025-11-04,SZ301292,海科新源,32,31267770,85068647,222795778,712946.4896
2025-11-04,SH688603,天承科技,82.19,2936675,47421608,124724524,1025110.862756
2025-11-04,SZ301261,恒工精密,76.04,1589997,37483321,87890196,668317.050384
2025-11-04,BJ920592,华信永道,45.13,2213189,49635581,80795000,364627.835
2025-11-04,SH688638,誉辰智能,40.81,731844,26461022,56000000,228536
2025-11-04,BJ920576,天力复合,31.55,2513548,107127654,108950000,343737.25
2025-11-04,SZ301381,赛维时代,23.7,4356307,195306200,403458200,956195.934
2025-11-04,SZ301370,国科恒泰,10.93,16466753,323748561,470600000,514365.8
2025-11-04,SZ301393,昊帆生物,53.86,1550100,42104775,108000000,581688
2025-11-04,SZ301272,英华特,44.36,854300,31328500,58502300,259516.2028
2025-11-04,SZ301456,盘古智能,31.05,4698100,60500068,150447805,467140.434525
2025-11-04,BJ920751,惠同新材,21.63,1377923,82997125,86780000,187705.14
2025-11-04,SZ301329,信音电子,21.22,4119279,59944000,170200000,361164.4
2025-11-04,SZ301503,智迪科技,39.64,686315,32480000,80000000,317120
2025-11-04,SH688627,精智达,175.3,2432811,72351688,94011754,1648026.04762
2025-11-04,SZ301505,苏州规划,23.5,2004365,74921828,114399991,268839.97885
2025-11-04,SH688563,航材股份,54.22,1513937,116988993,450000000,2439900
2025-11-04,SH688610,埃科光电,66.02,1269213,40932568,68000000,448936
2025-11-04,BJ920701,豪声电子,19.45,1071680,100207240,137200000,266854
2025-11-04,SZ301512,智信精密,47.25,807000,24813400,53333400,252000.315
2025-11-04,SH688602,康鹏科技,7.88,7498901,259596161,519375000,409267.5
2025-11-04,BJ920982,锦波生物,243.02,1541019,60658355,115065340,2796317.89268
2025-11-04,SZ301499,维科精密,28.14,2308900,34563717,138254866,389049.192924
2025-11-04,SH688450,光格科技,29.4,875847,40822665,66000000,194040
2025-11-04,SZ301468,博盈特焊,39.7,14624778,75002606,130113877,516552.09169
2025-11-04,SZ301446,福事特,31.7,1866800,31772000,104000000,329680
2025-11-04,SZ301515,港通医疗,22.58,1288100,63041550,100000000,225800
2025-11-04,SH688612,威迈斯,35.28,2373894,252552631,419188098,1478895.609744
2025-11-04,SZ301172,君逸数码,22.95,2516837,98766080,172480000,395841.6
2025-11-04,SH688651,盛邦安全,40.64,1324644,32454426,75399000,306421.536
2025-11-04,SZ301519,舜禹股份,14.78,2190723,78001250,164160000,242628.48
2025-11-04,SH688646,ST逸飞,36.99,3082234,57572708,95162608,352006.486992
2025-11-04,SZ301371,敷尔佳,24.83,1067100,77529400,520104000,1291418.232
2025-11-04,SH603119,浙江荣泰,92.35,14901772,203879483,363742150,3359158.75525
2025-11-04,SZ301518,长华化学,34.29,3441084,53498653,140178204,480671.061516
2025-11-04,SZ301509,金凯生科,37.86,2730811,56740928,120446669,456011.088834
2025-11-04,SZ301362,民爆光电,42.81,692422,29670000,104670000,448092.27
2025-11-04,SH688347,华虹公司,124.17,28628460,407750000,1735454403,21549137.322051
2025-11-04,BJ920926,鸿智科技,19.55,2241558,80182379,88361737,172747.195835
2025-11-04,SH603296,华勤技术,96.54,10811856,571178460,1015732344,9805880.048976
2025-11-04,SZ301487,盟固利,24.85,14981579,272794004,459616438,1142146.84843
2025-11-04,SZ300904,威力传动,74.52,2007772,21983232,72383232,539399.844864
2025-11-04,SH688671,碧兴物联,22.96,867405,46847122,78518900,180279.3944
2025-11-04,SZ301348,蓝箭电子,22.3,10761626,155139170,240000000,535200
2025-11-04,BJ920058,华洋赛车,36.65,702678,27557923,56087050,205559.03825
2025-11-04,SZ301372,科净源,29.19,5086713,41170445,68571430,200160.00417
2025-11-04,SZ301510,固高科技,31.93,3630938,279159260,400010000,1277231.93
2025-11-04,SH688548,广钢气体,13.5,10277906,691209002,1319398521,1781188.00335
2025-11-04,SH688592,司南导航,39.07,2161973,38521772,80460614,314359.618898
2025-11-04,SZ301498,乖宝宠物,71.74,2382570,179450259,400472840,2872992.15416
2025-11-04,BJ920748,路桥信息,63.5,7687139,62347575,76740000,487299
2025-11-04,SZ301511,德福科技,32.4,19507688,374545551,630322000,2042243.28
2025-11-04,SH688573,信宇人,25.67,2122721,53216225,97754388,250935.513996
2025-11-04,BJ920504,博迅生物,28.23,489620,17091905,43333100,122329.3413
2025-11-04,SZ301533,威马农机,41.5,6132535,28436700,98306700,407972.805
2025-11-04,SH688693,锴威特,40.5,1461985,38904414,73684211,298421.05455
2025-11-04,BJ920274,宏裕包材,31.47,2099307,81333334,81333334,255956.002098
2025-11-04,SZ301418,协昌科技,37.98,717407,29436334,73333334,278520.002532
2025-11-04,SZ301469,恒达新材,30.01,1224100,46058685,89480000,268529.48
2025-11-04,SH603275,众辰科技,46.81,1506302,41535963,148771851,696401.034531
2025-11-04,BJ920953,国子软件,44.36,8064107,59885753,128115990,568322.53164
2025-11-04,SZ301421,波长光电,99.7,6217442,46308485,115718000,1153708.46
2025-11-04,SH688591,泰凌微,45.34,5952569,168437356,240743536,1091531.192224
2025-11-04,SZ301528,多浦乐,67.28,988064,31849957,61900000,416463.2
2025-11-04,SZ301525,儒竞科技,88.82,1065200,49401197,94311768,837677.123376
2025-11-04,SH603270,金帝股份,24.83,1921200,70716667,219106667,544041.854161
2025-11-04,BJ920976,视声智能,26.95,953603,44119600,70953400,191219.413
2025-11-04,SZ301507,民生健康,14.79,5091405,109203858,356554330,527343.85407
2025-11-04,SZ301251,威尔高,54.8,4059809,53926240,134621760,737727.2448
2025-11-04,BJ920627,力王股份,26.87,2228760,46787500,94450000,253787.15
2025-11-04,SH688549,中巨芯,10.02,24583445,589319000,1477276000,1480230.552
2025-11-04,SZ301529,福赛科技,64.18,2429900,45238510,84837210,544485.21378
2025-11-04,SH603075,热威股份,22.67,1363600,41245066,402483111,912429.212637
2025-11-04,SH688702,盛科通信,114.52,3504290,202991783,410000000,4695320
2025-11-04,BJ920519,万德股份,14.13,4327678,62994354,89258104,126121.700952
2025-11-04,SZ301550,斯菱智驱,128.7,4109675,97456675,159500000,2052765
2025-11-04,BJ920469,富恒新材,13.42,2443447,103448162,140946000,189149.532
2025-11-04,SH688716,中研股份,39.33,3062345,69927170,121680000,478567.44
2025-11-04,SZ301548,崇德科技,52.22,1450177,26234982,87000000,454314
2025-11-04,SZ301500,飞南资源,16.01,6071829,144050667,562941089,901268.683489
2025-11-04,SZ301520,万邦医药,42.53,687567,22422992,66666667,283533.334751
2025-11-04,SH603276,恒兴新材,17.55,2150190,75642328,207649497,364424.867235
2025-11-04,BJ920665,科强股份,13.44,998934,64071668,129990000,174706.56
2025-11-04,SZ301558,三态股份,8.98,8438520,219281777,788851223,708388.398254
2025-11-04,SH688719,爱科赛博,39.23,1535536,89722298,115385418,452656.994814
2025-11-04,BJ920978,开特股份,39.29,4932836,100934948,180028468,707331.850772
2025-11-04,SH688657,浩辰软件,57.32,1951517,41044542,65514288,375527.898816
2025-11-04,SZ301559,中集环科,16.92,2443938,90000000,600000000,1015200
2025-11-04,BJ920786,骑士乳业,10.13,5440467,142196455,209053000,211770.689
2025-11-04,SZ301517,陕西华达,45.23,4288196,97684580,151237380,684046.66974
2025-11-04,SH603193,润本股份,26.18,2534889,103336314,404593314,1059225.296052
2025-11-04,BJ920026,卓兆点胶,40.31,1596301,37003868,82077246,330853.378626
2025-11-04,SH603273,天元智能,19.25,2303730,56058400,214313400,412553.295
2025-11-04,SZ301489,思泉新材,177.75,4302450,47600652,80753867,1435399.985925
2025-11-04,BJ920693,阿为特,44.9,982574,36610000,72700000,326423
2025-11-04,SZ001378,德冠新材,23.25,1098700,65759216,133333600,310000.62
2025-11-04,SZ301555,惠柏新材,33.4,4809757,48347250,92266700,308170.778
2025-11-04,BJ920493,并行科技,148.13,1889190,41296948,59709405,884475.416265
2025-11-04,SH603107,上海汽配,15.97,3531299,218174000,337335000,538723.995
2025-11-04,BJ920130,立方控股,26.58,1630758,55955756,92243236,245182.521288
2025-11-04,SZ001376,百通能源,12.68,6293176,213752813,460900000,584421.2
2025-11-04,SH603062,麦加芯彩,48.81,652430,37886400,108000000,527148
2025-11-04,BJ920833,美心翼申,20.12,1425315,62466750,82360000,165708.32
2025-11-04,SZ001326,联域股份,47.9,962305,24103329,73200000,350628
2025-11-04,BJ920679,前进科技,22.92,694875,22562750,55850000,128008.2
2025-11-04,SH688648,中邮科技,54.2,2075550,66128924,136000000,737120
2025-11-04,BJ920132,泰鹏智能,20.82,963552,28064901,82824000,172439.568
2025-11-04,SZ001306,夏厦精密,89.98,777033,15500000,62850600,565529.6988
2025-11-04,BJ920522,纳科诺尔,59.89,3183222,130037460,156750720,938780.06208
2025-11-04,SH688653,康希通信,12.59,8382149,310514392,424480000,534420.32
2025-11-04,BJ920570,坤博精工,39.48,1584445,24341324,50169821,198070.453308
2025-11-04,SZ301568,思泰克,45.66,1950037,47644020,103258400,471477.8544
2025-11-04,SH688652,京仪装备,87.8,6064738,119070000,168000000,1475040
2025-11-04,BJ920579,机科股份,26.45,1523217,44574420,129480000,342474.6
2025-11-04,SZ301508,中机认检,32.52,1291730,58836400,226085200,735229.0704
2025-11-04,SH601083,锦江航运,12.79,19948728,194120000,1294120000,1655179.48
2025-11-04,BJ920703,广厦环能,16.8,3497933,76265147,150724000,253216.32
2025-11-04,SH688720,艾森股份,55.5,4411947,55282656,88133334,489140.0037
2025-11-04,SZ301516,中远通,17.14,5136200,70175439,280701755,481122.80807
2025-11-04,SZ001239,永达股份,16.78,3613400,114000000,240000000,402720
2025-11-04,BJ920547,无锡晶海,27.47,1232176,37718400,77688000,213408.936
2025-11-04,SZ301459,丰茂股份,42,1723148,26098991,104121820,437311.644
2025-11-04,BJ920375,派诺科技,15.72,2540158,64916188,108679849,170844.722628
2025-11-04,SH603231,索宝蛋白,20.24,4579900,106265982,191459105,387513.22852
2025-11-04,SZ301413,安培龙,135.22,4478812,57519866,98401985,1330591.64117
2025-11-04,BJ920284,灵鸽科技,41.97,4169013,67762315,104785645,439785.352065
2025-11-04,SH603373,安邦护卫,47.58,863448,45430108,107526882,511612.904556
2025-11-04,SZ001358,兴欣新材,28.94,839694,50976308,123200000,356540.8
2025-11-04,BJ920061,西磁科技,34.75,1097907,36764400,70790000,245995.25
2025-11-04,SH601096,宏盛华源,4.47,39620322,1642976541,2675155088,1195794.324336
2025-11-04,SZ301526,国际复材,6,48988607,1404392923,3770878048,2262526.8288
2025-11-04,SH603004,鼎龙科技,22.92,2414800,58880000,235520000,539811.84
2025-11-04,SZ301578,辰奕智能,36.5,1582752,23169900,81485391,297421.67715
2025-11-04,BJ920363,莱赛激光,19.42,1657129,51889370,95450000,185363.9
2025-11-04,SZ301566,达利凯普,18.14,7663483,207500808,400010000,725618.14
2025-11-04,SH688717,艾罗能源,74.6,5925252,97139537,160000000,1193600
2025-11-04,BJ920690,捷众科技,33.76,1183808,43099080,66300000,223828.8
2025-11-04,SH603325,博隆技术,77.16,479015,34183200,80004000,617310.864
2025-11-04,SH603312,西典新能,53.35,13612427,50919500,159999500,853597.3325
2025-11-04,SZ001387,雪祺电气,14.07,2305093,113910333,183038400,257535.0288
2025-11-04,BJ920806,云星宇,14.36,2924214,300736667,300736667,431857.853812
2025-11-04,SZ301567,贝隆精密,43.2,1993044,21239850,72000000,311040
2025-11-04,SH601033,永兴股份,16.73,5291577,240000000,900000000,1505700
2025-11-04,BJ920403,康农种业,23.76,1498861,58001580,99361080,236081.92608
2025-11-04,SZ001379,腾达科技,23.49,6656809,67299000,200000000,469800
2025-11-04,SZ301577,美信科技,67.9,4914430,18841155,45029500,305750.305
2025-11-04,SH603375,盛景微,42.09,2508200,63780929,100666667,423706.001403
2025-11-04,BJ920496,许昌智能,11.42,8036005,144998432,165575000,189086.65
2025-11-04,SH603082,北自科技,37.58,1154860,40556900,162227543,609651.106594
2025-11-04,SZ301502,华阳智能,49.72,893031,23587000,57083500,283819.162
2025-11-04,BJ920656,海昇药业,19.98,4817029,32376281,100000000,199800
2025-11-04,SH688709,成都华微,41.05,5289021,217922251,636847026,2614257.04173
2025-11-04,SZ301589,诺瓦星云,170.47,600888,34464960,92448000,1575961.056
2025-11-04,SH688584,上海合晶,23.15,3598543,339788393,665458353,1540536.087195
2025-11-04,SZ301591,肯特股份,40.33,1160800,33948725,84120000,339255.96
2025-11-04,SH603341,龙旗科技,43.88,7435996,266212831,469381544,2059646.215072
2025-11-04,BJ920706,铁拓机械,26.96,10704283,42346870,92405245,249124.54052
2025-11-04,SZ301588,美新科技,20.5,1158594,73359183,118867754,243678.8957
2025-11-04,SH688695,中创股份,31.88,2016131,51269194,85051378,271143.793064
2025-11-04,SH603344,星德胜,26.85,2899405,54030980,194530980,522315.6813
2025-11-04,SZ301538,骏鼎达,77.27,2450510,31219671,78400000,605796.8
2025-11-04,BJ920438,戈碧迦,40.22,3358744,139394050,144630000,581701.86
2025-11-04,SZ001359,平安电工,49.1,1437500,46380000,185503165,910820.54015
2025-11-04,SZ301536,星宸科技,58.85,3866479,187243602,421715232,2481794.14032
2025-11-04,BJ920123,芭薇股份,17.74,1106570,63632896,111540000,197871.96
2025-11-04,SZ001389,广合科技,72.7,6778771,150242080,425052500,3090131.675
2025-11-04,BJ920931,无锡鼎邦,17.13,639625,28775800,93930000,160902.09
2025-11-04,SZ301587,中瑞股份,24.08,1950000,73453040,147328040,354765.92032
2025-11-04,SH688691,灿芯股份,114.08,4745525,71465010,120000000,1368960
2025-11-04,SZ301539,宏鑫科技,19.49,1725900,75061799,148000000,288452
2025-11-04,SH688530,欧莱新材,17.55,2138765,67778204,160044824,280878.66612
2025-11-04,SZ301596,瑞迪智驱,78.62,761140,31316613,77165300,606673.5886
2025-11-04,BJ920002,万达轴承,114.3,1459984,31374506,45502968,520098.92424
2025-11-04,SZ301392,汇成真空,127.95,1819965,40795911,100000000,1279500
2025-11-04,SZ300784,利安科技,53.45,422622,16928850,56237600,300589.972
2025-11-04,SH688692,达梦数据,272.85,1533685,73136650,113240000,3089753.4
2025-11-04,SZ301565,中仑新材,24.59,6313627,128010000,400010000,983624.59
2025-11-04,SZ301580,爱迪特,45.12,1541660,72016992,106564537,480819.190944
2025-11-04,SH603381,永臻股份,20.98,2646884,142137686,237256326,497763.771948
2025-11-04,SH603350,安乃达,39.17,1380268,44000000,116415000,455997.555
2025-11-04,SH603285,键邦股份,25.67,1989610,62296780,160000000,410720
2025-11-04,SZ301603,乔锋智能,75.1,1895897,37732500,120760000,906907.6
2025-11-04,SZ301552,科力装备,38.84,638054,23800000,95200000,369756.8
2025-11-04,SZ301606,绿联科技,70.2,3795433,219016309,414909806,2912666.83812
2025-11-04,SH603391,力聚热能,53.88,4911760,22750000,91000000,490308
2025-11-04,SZ301608,博实结,88.06,1033473,39937150,88990000,783645.94
2025-11-04,SH688721,龙图光罩,44.87,1002130,35590680,133500000,599014.5
2025-11-04,SH603310,巍华新材,17.85,5219476,184560000,345340000,616431.9
2025-11-04,SZ301611,珂玛科技,52.3,3597785,146582688,436000000,2280280
2025-11-04,SZ301571,国科天成,46.4,3876512,119166990,179425908,832536.21312
2025-11-04,BJ920118,太湖远大,26.4,496750,30901100,50896000,134365.44
2025-11-04,SH603207,小方制药,32.42,1041800,54400000,160559967,520535.413014
2025-11-04,SZ301586,佳力奇,49,786800,52911069,82975503,406579.9647
2025-11-04,BJ920008,成电光信,30.99,879966,33174309,63750000,197561.25
2025-11-04,SZ001277,速达股份,39.2,598100,45382821,76000000,297920
2025-11-04,SH688710,益诺思,43.2,978362,90693964,140979615,609031.9368
2025-11-04,SZ301607,富特科技,43.45,3792180,108305253,155420399,675301.633655
2025-11-04,SZ301600,慧翰股份,115.3,1760795,32258500,104523500,1205155.955
2025-11-04,BJ920016,中草香料,22.36,1327193,33738468,76981929,172131.593244
2025-11-04,SH603091,众鑫股份,74.67,914916,30816753,102238793,763417.067331
2025-11-04,BJ920099,瑞华技术,31.42,1734741,39348280,78399998,246332.793716
2025-11-04,SZ301551,无线传媒,38.68,7984151,154553720,400010000,1547238.68
2025-11-04,SH688615,合合信息,225,6751441,96670244,140000000,3150000
2025-11-04,SZ301618,长联科技,56.81,387782,33154310,90215860,512516.30066
2025-11-04,SZ001279,强邦新材,38.45,886357,40000000,160000000,615200
2025-11-04,BJ920019,铜冠矿建,21.15,2213062,167535666,210266700,444714.0705
2025-11-04,SZ301522,上大股份,33.5,10084300,281416667,371866667,1245753.33445
2025-11-04,SZ301556,托普云农,99.07,1161834,29480000,85280000,844868.96
2025-11-04,SZ301626,苏州天脉,146.45,4854727,52618998,115680000,1694133.6
2025-11-04,SZ301592,六九一二,124.55,489900,23358424,70000000,871850
2025-11-04,SZ301613,新铝时代,48.97,1498450,83901247,143841247,704390.586559
2025-11-04,SH688726,拉普拉斯,45.98,2021049,45534538,405326189,1863689.817022
2025-11-04,BJ920088,科力股份,34.22,2630320,24150000,88071500,301380.673
2025-11-04,BJ920066,科拜尔,29.17,384733,17054251,62853326,183343.151942
2025-11-04,SZ301628,强达电路,92.81,3436041,32623800,75375800,699562.7998
2025-11-04,SH603205,健尔康,28.16,1114880,39000000,156000000,439296
2025-11-04,SZ301633,港迪技术,73.87,327600,13920000,55680000,411308.16
2025-11-04,BJ920111,聚星科技,27.59,1725430,36888500,155154500,428071.2655
2025-11-04,BJ920060,万源通,34.93,3306258,70101274,152044663,531092.007859
2025-11-04,SH688750,金天钛业,20.49,3341037,83250000,462500000,947662.5
2025-11-04,SZ301631,壹连科技,96.11,2109945,19233151,91414580,878585.52838
2025-11-04,SH603395,红四方,34.07,2354274,53596492,260000000,885820
2025-11-04,SH688449,联芸科技,55.07,6309352,70000000,460000000,2533220
2025-11-04,BJ920128,胜业电气,30.3,623109,21960000,81190000,246005.7
2025-11-04,SZ301622,英思特,74.83,940327,28982970,115931880,867518.25804
2025-11-04,SH688708,佳驰科技,63.42,2721421,38409600,400010000,2536863.42
2025-11-04,BJ920098,科隆新材,30.07,629680,43537729,81320369,244530.349583
2025-11-04,SZ301617,博苑股份,87.58,3193030,33410000,133640000,1170419.12
2025-11-04,SH688605,先锋精科,63.18,1569134,40476000,202379856,1278635.930208
2025-11-04,BJ920106,林泰新材,90.55,679710,29275100,55828500,505527.0675
2025-11-04,SZ301598,博科测试,67.19,1161926,14724306,58897223,395730.441337
2025-11-04,SZ301585,蓝宇股份,32.68,582650,26000000,104000000,339872
2025-11-04,SH603194,中力股份,39.34,1813900,51455120,401000000,1577534
2025-11-04,BJ920082,方正阀门,19.6,1504448,39092415,145355000,284895.8
2025-11-04,SZ001391,国货航,6.54,14874000,858765260,12208881225,7984608.32115
2025-11-04,BJ920116,星图测控,68.95,2595408,40580780,159775000,1101648.625
2025-11-04,SH603072,天和磁材,47.31,2014064,66070000,264280000,1250308.68
2025-11-04,SZ301581,黄山谷捷,50.98,671000,20000000,80000000,407840
2025-11-04,SZ301458,钧崴电子,36.81,2256520,64551316,266666700,981600.1227
2025-11-04,SH688758,赛分科技,19.07,1813141,42479336,416464084,794197.008188
2025-11-04,SH688583,思看科技,87.22,381032,17680001,88400000,771024.8
2025-11-04,SZ301601,惠通科技,32,937780,31608000,140480000,449536
2025-11-04,SZ301602,超研股份,24.54,1219700,58353924,428329638,1051120.931652
2025-11-04,SH688545,兴福电子,35.1,2933485,72883564,360000000,1263600
2025-11-04,SZ001356,富岭股份,14.29,3225269,125230500,589320000,842138.28
2025-11-04,SZ001395,亚联机械,48.7,685900,19687359,87240000,424858.8
2025-11-04,SH688411,海博思创,273.65,3325305,37933554,180092492,4928231.04358
2025-11-04,BJ920108,宏海科技,15.69,1165202,35402850,172200000,270181.8
2025-11-04,SZ302132,中航成飞,83.27,7807531,586069499,2672091376,22250504.887952
2025-11-04,SZ301173,毓恬冠佳,51,1369149,17758208,87834772,447957.3372
2025-11-04,SZ301557,常友科技,91.56,539700,11080000,44307871,405682.866876
2025-11-04,SH603409,汇通控股,35.1,1334172,31507704,126030000,442365.3
2025-11-04,SZ301275,汉朔科技,52.68,830785,33792000,422400000,2225203.2
2025-11-04,SH603271,永杰新材,42.14,3831015,39360000,196720000,828978.08
2025-11-04,SZ301479,弘景光电,90.28,806959,21001716,88965333,803179.026324
2025-11-04,SZ301501,恒鑫生活,47.35,802799,36975000,147900000,700306.5
2025-11-04,SH603124,江南新材,83.4,1470908,29225675,145745199,1215514.95966
2025-11-04,SZ001382,新亚电缆,21.8,5822484,62000000,412000000,898160
2025-11-04,SZ301629,矽电股份,190.5,1020806,10431719,41727274,794904.5697
2025-11-04,SH688757,胜科纳米,28.52,1333059,35044769,403311486,1150244.358072
2025-11-04,SZ301616,浙江华业,56.3,1825000,20000000,80000000,450400
2025-11-04,SZ301535,浙江华远,19.95,2361135,63794118,425294118,848461.76541
2025-11-04,BJ920029,开发科技,92.69,976835,31793334,138886667,1287340.516423
2025-11-04,SZ301658,首航新能,32.5,3588750,41237114,412371135,1340206.18875
2025-11-04,SH603257,中国瑞林,65.07,2046901,24900000,120000000,780840
2025-11-04,SH603210,泰鸿万立,21.17,3338731,75390698,340400000,720626.8
2025-11-04,SZ301665,泰禾股份,30.04,2441137,38250000,450000000,1351800
2025-11-04,SZ001335,信凯科技,39.9,6125421,23434890,93739560,374020.8444
2025-11-04,SH603120,肯特催化,40.17,1099770,22600000,90400000,363136.8
2025-11-04,SZ301662,宏工科技,127.99,2535398,16627822,80000000,1023920
2025-11-04,SH603202,天有为,94.58,694536,33262038,160000000,1513280
2025-11-04,SZ001400,江顺科技,64.5,663339,15000000,60000000,387000
2025-11-04,SZ301560,众捷汽车,38.43,8553602,24320000,121600000,467308.8
2025-11-04,BJ920068,天工股份,18.47,1520490,62704261,655600015,1210893.227705
2025-11-04,SH688755,汉邦科技,44.19,652115,16540747,88000000,388872
2025-11-04,SZ301636,泽润新能,53.78,617300,15141113,63867823,343481.152094
2025-11-04,SZ301595,太力科技,39.73,833629,23099106,108280000,430196.44
2025-11-04,SH603014,威高血净,46.53,15781082,38112587,417754066,1943809.669098
2025-11-04,SZ001390,古麒绒材,26.84,4959701,48998847,200000000,536800
2025-11-04,SZ301590,优优绿能,179.34,419000,8164562,42000000,753228
2025-11-04,SH603049,中策橡胶,55.8,10512876,84823411,874485598,4879629.63684
2025-11-04,BJ920027,交大铁发,26.67,942663,38385500,79203500,211235.7345
2025-11-04,SH688775,影石创新,291.9,1314817,30501569,401000000,11705190
2025-11-04,SH603382,海阳科技,33.18,1887118,35520860,181251368,601392.039024
2025-11-04,SZ301678,新恒汇,70.32,2227034,45512773,239555467,1684554.043944
2025-11-04,SH603400,华之杰,56.44,591612,19597624,100000000,564400
2025-11-04,BJ920037,广信科技,97.09,2318343,29564308,91462908,888013.373772
2025-11-04,SZ001388,信通电子,46.57,2081202,30572689,156000000,726492
2025-11-04,SH688729,屹唐股份,26.02,5683094,199787692,2955560000,7690367.12
2025-11-04,SZ301630,同宇新材,187.85,521870,10000000,40000000,751400
2025-11-04,SH600930,华电新能,6.42,65589946,2505175252,41714285714,26780571.428388
2025-11-04,SH603262,技源集团,29.47,991433,38802645,400010000,1178829.47
2025-11-04,SZ301609,山大电力,49.33,2122708,34750244,162880000,803487.04
2025-11-04,SZ001221,悍高集团,58.11,2223443,34924646,400010000,2324458.11
2025-11-04,BJ920005,鼎佳精密,47.7,498817,19000000,83000000,395910
2025-11-04,SZ301491,汉桑科技,64.33,1294147,27066519,129000000,829857
2025-11-04,BJ920007,酉立智能,73.5,527896,10642850,43680450,321051.3075
2025-11-04,SH603406,天富龙,46.1,2816529,35539898,400010000,1844046.1
2025-11-04,SZ301632,广东建科,28.89,2743241,68863457,418560000,1209219.84
2025-11-04,BJ920101,志高机械,44.52,938804,20407563,89148174,396887.670648
2025-11-04,BJ920018,宏远股份,31.05,2715692,44223800,127329564,395358.29622
2025-11-04,BJ920056,能之光,26.72,1117595,30630570,81691700,218280.2224
2025-11-04,BJ920112,巴兰仕,41.63,1102025,23183000,84850000,353230.55
2025-11-04,SH603370,华新精科,49.8,1619600,34283419,174950000,871251
2025-11-04,BJ920100,三协电机,71.21,2084130,17100138,73809300,525596.0253
2025-11-04,SZ301575,艾芬达,56.42,1583028,16531073,86670000,488992.14
2025-11-04,BJ920022,世昌股份,33.37,1582508,16615000,60321000,201291.177
2025-11-04,SH603418,友升股份,60.2,2076464,40422410,193068444,1162272.03288
2025-11-04,SZ301584,建发致新,35.42,18624272,50423853,421288509,1492203.898878
2025-11-04,SZ301656,联合动力,28.31,11064695,166881690,2404790910,6807963.06621
2025-11-04,BJ920015,锦华新材,63.66,7467028,31033334,135566667,863017.402122
2025-11-04,SZ301668,昊创瑞通,59.9,7435690,23048066,110000000,658900
2025-11-04,SZ001285,瑞立科密,54.18,2808670,40623291,180178184,976205.400912
2025-11-04,SZ301563,云汉芯城,227.3,4654433,13951710,65116099,1480088.93027
2025-11-04,BJ920080,奥美森,30.28,1974594,22660401,80000000,242240
2025-11-04,BJ920158,长江能科,18.05,5454374,38139400,138080000,249234.4
2025-11-04,SH601026,道生天合,22.44,14130672,107183716,659400000,1479693.6
2025-11-04,SZ001386,马可波罗,27.7,34500726,97861204,1194920000,3309928.4
2025-11-04,SH603175,超颖电子,75.2,16231358,43999308,437029321,3286460.49392
2025-11-04,BJ920020,泰凯英,19.39,6362642,39825000,221250000,429003.75
2025-11-04,SH688759,必贝特,31.67,12012265,46461981,450036657,1425266.092719
2025-11-04,SH688765,禾元生物,128.08,10057075,40978773,357500000,4578860
2025-11-04,SH688783,西安奕材,26.49,29738356,164617586,4037800000,10696132.2
2025-11-04,BJ920009,丹娜生物,85,4410495,7200000,55390000,470815
