日期,代码,名称,日收盘价,日交易量,流通股本,总股本,总市值(万)
2024-07-11,SH600654,中安科,2.3,9239966,2282022162,2863320000,658563.6
2024-07-11,SH600651,飞乐音响,2.72,10919540,2507028015,2507028015,681911.62008
2024-07-11,SH600602,云赛智联,10.81,12873339,1074302990,1367673455,1478455.004855
2024-07-11,SH600601,方正科技,3.64,357160357,4170293287,4170293287,1517986.756468
2024-07-11,SH600653,申华控股,1.23,25941478,1946380317,1946380317,239404.778991
2024-07-11,SZ000004,*ST国华,10.12,6984200,126288093,132380282,133968.845384
2024-07-11,SZ000002,万  科Ａ,6.81,149795408,9716935865,11930709471,8124813.149751
2024-07-11,SZ000001,平安银行,10.13,72139225,19405546950,19405918198,19658195.134574
2024-07-11,SZ000009,中国宝安,8.36,17285020,2551430324,2579213965,2156222.87474
2024-07-11,SH600603,广汇物流,5.23,18495960,1230550151,1230550151,643577.728973
2024-07-11,SZ000012,南  玻Ａ,5.15,11929522,1959279645,3070692107,1581406.435105
2024-07-11,SZ000016,深康佳Ａ,2.04,28255004,1596593800,2407945408,491220.863232
2024-07-11,SH600605,汇通能源,24.11,2815480,206282429,206282429,497346.936319
2024-07-11,SH600608,*ST沪科,2.01,3118900,318371441,328861441,66101.149641
2024-07-11,SH600604,市北高新,3.42,7166632,1407454804,1873304804,640670.242968
2024-07-11,SH600606,绿地控股,1.43,83987600,14054218314,14054218314,2009753.218902
2024-07-11,SZ000011,深物业A,7.53,1809300,526475543,595979092,448772.256276
2024-07-11,SZ000017,深中华A,6.03,19379118,302984965,689184933,415578.514599
2024-07-11,SZ000007,全新好,5.39,9830927,308948044,346448044,186735.495716
2024-07-11,SZ000006,深振业Ａ,3.61,13020913,1349987396,1349995046,487348.211606
2024-07-11,SZ000020,深华发Ａ,9.82,3248390,181165391,283161227,278064.324914
2024-07-11,SZ000008,神州高铁,1.86,20532000,2675949260,2716377683,505246.249038
2024-07-11,SZ000014,沙河股份,8.62,3373473,242046224,242046224,208643.845088
2024-07-11,SH600609,金杯汽车,3.6,15751805,1311200558,1311200558,472032.20088
2024-07-11,SH600611,大众交通,3.88,251683378,1563316364,2364122864,917279.671232
2024-07-11,SH600612,老凤祥,54.99,1922344,317109630,523117764,2876624.584236
2024-07-11,SH600655,豫园股份,5.3,7458372,3884231115,3896095653,2064930.69609
2024-07-11,SH600616,金枫酒业,4.59,7148532,669004950,669004950,307073.27205
2024-07-11,SZ000019,深粮控股,5.86,4559775,416216407,1152535254,675385.658844
2024-07-11,SH600618,氯碱化工,9.13,3914078,749839976,1156399976,1055793.178088
2024-07-11,SH600619,海立股份,5.24,6797200,789174798,1077769006,564750.959144
2024-07-11,SH600620,天宸股份,4.4,9687302,686677113,686677113,302137.92972
2024-07-11,SZ000501,武商集团,7.34,9225517,767999494,768992731,564440.664554
2024-07-11,SZ000503,国新健康,6.63,13173559,955069220,984176136,652508.778168
2024-07-11,SH600621,华鑫股份,11.86,11828100,1060899292,1060899292,1258226.560312
2024-07-11,SH600622,光大嘉宝,1.82,11299696,1499685402,1499685402,272942.743164
2024-07-11,SH600623,华谊集团,6.2,16433408,1862196763,2131449598,1321498.75076
2024-07-11,SZ000504,*ST生物,6.82,6032400,310667201,330023098,225075.752836
2024-07-11,SZ000505,京粮控股,5.12,8468637,631105336,726950251,372198.528512
2024-07-11,SH600624,ST复华,2.98,10085457,684712010,684712010,204044.17898
2024-07-11,SH600626,申达股份,2.43,7553500,852291316,1320744667,320940.954081
2024-07-11,SH600628,新世界,5.53,2728597,646875384,646875384,357722.087352
2024-07-11,SH600630,龙头股份,7.7,15388100,424861597,424861597,327143.42969
2024-07-11,SH600635,大众公用,2.8,24462062,2418791675,2952434675,826681.709
2024-07-11,SH600637,东方明珠,6.06,16059217,3361899817,3361899817,2037311.289102
2024-07-11,SH600636,*ST国化,6.98,5425400,438636802,438636802,306168.487796
2024-07-11,SH600638,新黄浦,3.78,6312899,673396786,673396786,254543.985108
2024-07-11,SH600639,浦东金桥,9.74,6050327,850236703,1122412893,1093230.157782
2024-07-11,SZ000507,珠海港,4.49,4178163,888207753,919734895,412960.967855
2024-07-11,SH600641,先导基电,10.74,10876928,930629920,930629920,999496.53408
2024-07-11,SH600640,国脉文化,10.28,4981029,795695940,795695940,817975.42632
2024-07-11,SH600642,申能股份,8.81,48648176,4864938286,4894332526,4311906.955406
2024-07-11,SH600644,乐山电力,6.29,8980300,538400659,538400659,338654.014511
2024-07-11,SH600643,爱建集团,3.83,7121695,1619103390,1621922452,621196.299116
2024-07-11,SZ000023,*ST深天,1.85,2167831,138756240,138756240,25669.9044
2024-07-11,SH600648,外高桥,8.64,3807990,934791624,1135349124,980941.643136
2024-07-11,SH600645,中源协和,16.42,5190400,467770165,467948890,768372.07738
2024-07-11,SZ000509,华塑控股,2.5,8933000,1073124808,1073128052,268282.013
2024-07-11,SZ000510,新金路,3,33912707,567412232,609182254,182754.6762
2024-07-11,SH600649,城投控股,3.57,34737723,2529575634,2529575634,903058.501338
2024-07-11,SH600657,信达地产,2.87,16257000,2851878595,2851878595,818489.156765
2024-07-11,SH600658,电子城,3.21,9625900,1118585045,1118585045,359065.799445
2024-07-11,SZ000026,飞亚达,9.06,2626783,362707353,405854187,367703.893422
2024-07-11,SH600650,锦江在线,9.43,2785025,390560075,551610107,520168.330901
2024-07-11,SH600660,福耀玻璃,49.17,10023283,2002986332,2609743532,12832108.946844
2024-07-11,SH600662,外服控股,4,9642600,1053362191,2283509850,913403.94
2024-07-11,SH600661,昂立教育,9.72,11730301,286548830,286548830,278525.46276
2024-07-11,SZ000025,特  力Ａ,13.7,4489191,392778320,431058320,590549.8984
2024-07-11,SH600663,陆家嘴,8.67,4505726,2933461440,5035153679,4365478.239693
2024-07-11,SH600664,哈药股份,2.97,116589710,2518509876,2518509876,747997.433172
2024-07-11,SH600665,天地源,2.16,16707960,864122521,864122521,186650.464536
2024-07-11,SH600666,奥瑞德,1.37,12480494,2419752935,2763512843,378601.259491
2024-07-11,SZ000514,渝 开 发,3.11,15498966,843770965,843770965,262412.770115
2024-07-11,SH600668,尖峰集团,7.85,1745302,344083828,344083828,270105.80498
2024-07-11,SH600667,太极实业,5.71,23537454,2106190178,2106190178,1202634.591638
2024-07-11,SZ000516,国际医学,4.82,20798250,2213222251,2260382715,1089504.46863
2024-07-11,SZ000028,国药一致,31.39,4064590,478053712,556565077,1747057.776703
2024-07-11,SH600671,天目药业,7.55,229900,121720533,121778885,91943.058175
2024-07-11,SH600600,青岛啤酒,69.32,8771392,704795080,1364196788,9456612.134416
2024-07-11,SZ000027,深圳能源,7.08,24948106,4757389916,4757389916,3368232.060528
2024-07-11,SZ000029,深深房Ａ,10.58,1865244,891660000,1011660000,1070336.28
2024-07-11,SH600673,东阳光,6.97,9831637,3001557927,3013874259,2100670.358523
2024-07-11,SH600675,中华企业,2.54,13457686,6096135252,6096135252,1548418.354008
2024-07-11,SH600674,川投能源,19.83,13318797,4874606828,4874606828,9666345.339924
2024-07-11,SH600676,交运股份,3.03,25317328,1028492944,1028492944,311633.362032
2024-07-11,SZ000030,富奥股份,5.2,6878800,1692209461,1741643085,905654.4042
2024-07-11,SZ000031,大悦城,2.3,9756154,4002884290,4286313339,985852.06797
2024-07-11,SH600678,四川金顶,4.93,11100060,348990000,348990000,172052.07
2024-07-11,SZ000519,中兵红箭,12.81,36518954,1392558982,1392558982,1783868.055942
2024-07-11,SH600679,上海凤凰,8.86,3928600,312782308,515294257,456550.711702
2024-07-11,SH600682,南京新百,4.97,15743602,1165060275,1346132221,669027.713837
2024-07-11,SZ000521,长虹美菱,7.47,31963170,875312459,1029923715,769353.015105
2024-07-11,SH600683,京投发展,3.64,7836701,740777597,740777597,269643.045308
2024-07-11,SH600684,珠江股份,2.68,8467200,853460723,853460723,228727.473764
2024-07-11,SH600685,中船防务,28.84,14127975,821435181,1413506378,4076552.394152
2024-07-11,SZ000513,丽珠集团,35.71,4127548,599291353,926325484,3307908.303364
2024-07-11,SZ000525,红太阳,6.12,2985881,580625080,580772873,355432.998276
2024-07-11,SZ000032,深桑达Ａ,14.99,11146200,644763811,1137959234,1705800.891766
2024-07-11,SZ000526,学大教育,51.03,3528914,117762709,123224709,628815.690027
2024-07-11,SH600688,上海石化,2.69,20086300,7328813500,10675227500,2871636.1975
2024-07-11,SH600686,金龙汽车,8.28,63437768,717047417,717047417,593715.261276
2024-07-11,SH600689,上海三毛,6.63,2625300,152204143,200991343,133257.260409
2024-07-11,SZ000523,红棉股份,2.69,12142301,1376799222,1835468461,493741.016009
2024-07-11,SZ000524,岭南控股,8.37,9760569,670058202,670208597,560964.595689
2024-07-11,SZ000528,柳    工,10.87,33476917,1440325463,1978628263,2150768.921881
2024-07-11,SH600692,亚通股份,5.63,27449206,255010517,351764064,198043.168032
2024-07-11,SH600690,海尔智家,26.94,30947035,6308552654,9438114893,25426281.521742
2024-07-11,SH600691,潞化科技,1.68,40925904,2375585952,2375981952,399164.967936
2024-07-11,SH600693,东百集团,3.08,36135179,868952782,869846246,267912.643768
2024-07-11,SH600694,大商股份,16.72,2705328,313052571,313052571,523423.898712
2024-07-11,SZ000541,佛山照明,4.76,10141466,1196576445,1548778230,737218.43748
2024-07-11,SZ000539,粤电力Ａ,5.08,21383374,2553912699,5250283986,2667144.264888
2024-07-11,SZ000547,航天发展,5.89,15115566,1588350696,1598468269,941497.810441
2024-07-11,SZ000550,江铃汽车,22.38,50558884,518463160,863214000,1931872.932
2024-07-11,SZ000553,安道麦A,4.57,5676915,2177067461,2329811766,1064723.977062
2024-07-11,SH600699,均胜电子,15.86,27901977,1368084624,1408701543,2234200.647198
2024-07-11,SH600696,*ST岩石,6.59,6514281,334469431,334469431,220415.355029
2024-07-11,SH600697,欧亚集团,10.09,1750741,155376015,159088075,160519.867675
2024-07-11,SH600800,渤海化学,1.99,8757201,1109730216,1110045216,220898.997984
2024-07-11,SZ000544,中原环保,7.96,6763361,974684488,974684488,775848.852448
2024-07-11,SZ000530,冰山冷热,3.64,8431420,600041613,843212507,306929.352548
2024-07-11,SZ000537,绿发电力,9.31,13524626,1862520720,2066602352,1924006.789712
2024-07-11,SZ000554,泰山石油,5.1,7709800,362653197,480793318,245204.59218
2024-07-11,SZ000538,云南白药,51.78,6448541,1772576245,1784262603,9238911.758334
2024-07-11,SZ000543,皖能电力,9.13,44145035,2266863331,2266863331,2069646.221203
2024-07-11,SZ000548,湖南投资,3.99,6402797,499188811,499215811,199187.108589
2024-07-11,SH600805,悦达投资,4.06,13276280,850275368,850894494,345463.164564
2024-07-11,SZ000533,顺钠股份,3.24,10205858,684902400,690816000,223824.384
2024-07-11,SH600804,退市鹏博,1.14,26654456,1392629959,1657463906,188950.885284
2024-07-11,SH600803,新奥股份,20.36,8728575,2839866085,3098397607,6308337.527852
2024-07-11,SH600802,福建水泥,2.77,5341164,458248400,458248400,126934.8068
2024-07-11,SH600801,华新建材,14.1,5407795,1344275649,2078995649,2931383.86509
2024-07-11,SZ000532,华金资本,12.32,16273100,343549746,344708340,424680.67488
2024-07-11,SH600807,济高发展,2.86,4854266,787018464,884634731,253005.533066
2024-07-11,SZ000551,创元科技,8.81,5605811,401381861,403984805,355910.613205
2024-07-11,SZ000531,穗恒运Ａ,5.01,6886937,909745263,1041401332,521742.067332
2024-07-11,SH600808,马钢股份,2.02,38161292,5967751186,7746937986,1564881.473172
2024-07-11,SH600809,山西汾酒,193.19,7674613,1219964222,1219964222,23568488.804818
2024-07-11,SH600810,神马股份,6.22,4465420,1044179263,1044179263,649479.501586
2024-07-11,SH600811,*ST东方,0.88,236653382,3658744935,3658744935,321969.55428
2024-07-11,SZ000564,供销大集,1.74,155388491,15181371403,19163777335,3334497.25629
2024-07-11,SZ000563,陕国投Ａ,2.74,34344212,5113970358,5113970358,1401227.878092
2024-07-11,SZ000534,万泽股份,9.79,3988485,497734371,510637396,499914.010684
2024-07-11,SZ000559,万向钱潮,4.53,13283095,3303629789,3303791344,1496617.478832
2024-07-11,SH600812,华北制药,4.55,23427216,1715730370,1715730370,780657.31835
2024-07-11,SH600814,杭州解百,5.94,5291903,723458878,735105598,436652.725212
2024-07-11,SH600816,建元信托,2.65,27558184,5469137919,9844448254,2608778.78731
2024-07-11,SH600815,厦工股份,1.92,8301900,1774094480,1774094480,340626.14016
2024-07-11,SH600820,隧道股份,6.43,14879363,3144096094,3144096094,2021653.788442
2024-07-11,SH600819,耀皮玻璃,4.28,10798501,747416067,934916069,400144.077532
2024-07-11,SH600821,金开新能,5.14,8147600,1997263453,1997263453,1026593.414842
2024-07-11,SZ000021,深科技,15.31,76484781,1559998402,1560587588,2389259.597228
2024-07-11,SH600825,新华传媒,3.72,8665400,1044887850,1044887850,388698.2802
2024-07-11,SH600824,益民集团,2.96,3627790,1054027073,1054027073,311992.013608
2024-07-11,SH600822,上海物贸,7.72,5540951,396147908,495972914,382891.089608
2024-07-11,SH600827,百联股份,7.54,11569192,1604449920,1784168117,1345262.760218
2024-07-11,SH600826,兰生股份,5.22,3044420,735533549,735533549,383948.512578
2024-07-11,SH600834,申通地铁,6.79,2006200,477381905,477381905,324142.313495
2024-07-11,SH600829,人民同泰,5.74,3288050,579888597,579888597,332856.054678
2024-07-11,SH600831,广电网络,2.41,274300,710946992,710946992,171338.225072
2024-07-11,SH600830,香溢融通,7.22,22446948,454322747,454322747,328021.023334
2024-07-11,SH600835,上海机电,10.94,7119320,806504300,1022739308,1118876.802952
2024-07-11,SH600828,茂业商业,2.38,10776700,1731360181,1731982546,412211.845948
2024-07-11,SH600838,上海九百,5.46,3382700,400881981,400881981,218881.561626
2024-07-11,SH600843,上工申贝,6.77,32441429,469222730,713166480,482813.70696
2024-07-11,SH600846,同济科技,6.55,3621100,624761516,624761516,409218.79298
2024-07-11,SH600841,动力新科,3.53,19618625,920144118,1387821784,489901.089752
2024-07-11,SH600839,四川长虹,4.49,82048687,4614958631,4616244222,2072693.655678
2024-07-11,SH600848,上海临港,9.26,6421618,2393912273,2522487004,2335822.965704
2024-07-11,SH600850,电科数字,17.78,3888021,608578735,689685708,1226261.188824
2024-07-11,SH600847,万里股份,6.75,2659097,153287400,153287400,103468.995
2024-07-11,SH600851,海欣股份,4.64,2798636,738206110,1207056692,560074.305088
2024-07-11,SZ000555,神州信息,8.89,33990000,972312287,975774437,867463.474493
2024-07-11,SZ000039,中集集团,8.5,21383668,2301407141,5392520385,4583642.32725
2024-07-11,SZ000035,中国天楹,4.76,24648185,2453345376,2523777297,1201317.993372
2024-07-11,SZ000565,渝三峡Ａ,4.13,4397150,433592220,433592220,179073.58686
2024-07-11,SH600857,宁波中百,5.51,3114710,224319919,224319919,123600.275369
2024-07-11,SH600859,王府井,13.35,43489293,1093469526,1135049451,1515291.017085
2024-07-11,SH600860,京城股份,8.11,5559400,435231436,547665988,444157.116268
2024-07-11,SZ000558,天府文旅,2.18,12454833,1288684608,1289223949,281050.820882
2024-07-11,SZ000034,神州数码,23.57,33558006,550821963,669581817,1578204.342669
2024-07-11,SZ000568,泸州老窖,136.85,12913766,1467265140,1471987769,20144152.618765
2024-07-11,SH600861,北京人力,16.44,5428881,316804949,566112718,930689.308392
2024-07-11,SH600863,内蒙华电,4.64,84738753,6526887811,6526887811,3028475.944304
2024-07-11,SZ000566,海南海药,2.97,7740761,1165909733,1297365126,385317.442422
2024-07-11,SZ000567,海德股份,5.33,6650921,1949930556,1954592155,1041797.618615
2024-07-11,SZ000571,新大洲A,2.89,6872100,814036325,833679000,240933.231
2024-07-11,SZ000036,华联控股,2.99,11298685,1480659445,1483934025,443696.273475
2024-07-11,SZ000570,苏常柴Ａ,4.46,8252250,555692507,705692507,314738.858122
2024-07-11,SZ000037,深南电A,8.6,11674499,338895156,602762596,518375.83256
2024-07-11,SZ000040,*ST旭蓝,2.07,110100,1060340670,1486873870,307782.89109
2024-07-11,SZ000572,海马汽车,2.96,23782900,1642155224,1644636426,486812.382096
2024-07-11,SH600864,哈投股份,4.83,22878942,2080570520,2080570520,1004915.56116
2024-07-11,SH600865,百大集团,6.67,2106951,376240316,376240316,250952.290772
2024-07-11,SZ000045,深纺织Ａ,8.05,4752900,457021849,506521849,407750.088445
2024-07-11,SZ000573,粤宏远Ａ,2.15,7231182,632964819,638280604,137230.32986
2024-07-11,SH600866,星湖科技,5.98,70064841,1109373959,1661472616,993560.624368
2024-07-11,SH600867,通化东宝,7.64,62078442,1981734074,1981734074,1514044.832536
2024-07-11,SZ000576,甘化科工,5.93,3826400,423501390,438149272,259822.518296
2024-07-11,SH600868,梅雁吉祥,1.68,19234701,1898148679,1898148679,318888.978072
2024-07-11,SZ000042,中洲控股,3.77,26645200,663989377,664831139,250641.339403
2024-07-11,SZ000048,京基智农,14.07,4518135,523239250,530569250,746510.93475
2024-07-11,SH600872,中炬高新,19.47,31316753,770987950,783222372,1524933.958284
2024-07-11,SH600869,远东股份,2.99,54358689,2219352746,2219352746,663586.471054
2024-07-11,SZ000050,深天马Ａ,7.59,21452953,2375794164,2457747661,1865430.474699
2024-07-11,SZ000049,德赛电池,28.9,31575546,384497163,384638534,1111605.36326
2024-07-11,SH600871,石化油服,1.76,54030234,13569378551,18984340033,3341243.845808
2024-07-11,SH600874,创业环保,5.62,7063741,1230418085,1570418085,882574.96377
2024-07-11,SH600875,东方电气,16.71,26858849,2023304059,3117499457,5209341.592647
2024-07-11,SH600877,电科芯片,10.52,7126494,921979452,1184167119,1245743.809188
2024-07-11,SZ000010,美丽生态,1.69,29708401,522171498,1149652292,194291.237348
2024-07-11,SH600876,凯盛新能,9.06,2565645,382445239,645674963,584981.516478
2024-07-11,SZ000582,北部湾港,7.45,8038592,1411454803,2277555761,1696779.041945
2024-07-11,SH600879,航天电子,7.4,35205238,3229173107,3299299334,2441481.50716
2024-07-11,SH600880,博瑞传播,3.54,8572289,1093030175,1093332092,387039.560568
2024-07-11,SH600881,亚泰集团,1.03,69867612,3248913588,3248913588,334638.099564
2024-07-11,SZ000584,工智退,1.32,21028200,758987419,760937577,100443.760164
2024-07-11,SH600882,妙可蓝多,13.24,6155641,512053647,512053647,677959.028628
2024-07-11,SH600883,博闻科技,5.61,2515969,236088000,236088000,132445.368
2024-07-11,SZ000586,汇源通信,7.47,4162000,193440000,193440000,144499.68
2024-07-11,SH600886,国投电力,18.42,38977950,6965873347,7454179797,13730599.186074
2024-07-11,SZ000590,古汉医药,5.14,4164300,239376227,239471267,123088.231238
2024-07-11,SH600884,杉杉股份,7.89,25544490,1757236492,2253841668,1778281.076052
2024-07-11,SH600885,宏发股份,27.49,4809093,1042675828,1042675828,2866315.851172
2024-07-11,SZ000591,太阳能,4.49,20311338,3599478582,3913541205,1757180.001045
2024-07-11,SH600888,新疆众和,7.2,12551463,1366896010,1376666210,991199.6712
2024-07-11,SZ000589,贵州轮胎,5.17,37855903,1530107504,1555255604,804067.147268
2024-07-11,SH600889,南京化纤,5.16,20603100,366346010,366346010,189034.54116
2024-07-11,SZ000593,德龙汇能,4.76,6179401,358447369,358631009,170708.360284
2024-07-11,SH600887,伊利股份,25.7,43136396,6305094159,6366098705,16360873.67185
2024-07-11,SH600894,广日股份,10.35,5187903,859946895,873858595,904443.645825
2024-07-11,SH600893,航发动力,36.59,12038303,2665124758,2665594238,9753409.316842
2024-07-11,SZ000055,方大集团,3.42,4807089,675854429,1073874227,367264.985634
2024-07-11,SZ000595,*ST宝实,3.35,9388402,1138210168,1138656366,381449.88261
2024-07-11,SH600895,张江高科,18.32,27356401,1548689550,1548689550,2837199.2556
2024-07-11,SZ000599,青岛双星,3.54,10324000,816745112,816758987,289132.681398
2024-07-11,SH600706,曲江文旅,9.32,9709600,254030185,255059785,237715.71962
2024-07-11,SH600707,彩虹股份,7.54,48532749,3587669732,3588389732,2705645.857928
2024-07-11,SZ000597,东北制药,3.95,10133174,1374263742,1429103265,564495.789675
2024-07-11,SH600702,舍得酒业,54.96,9984377,332269541,333167579,1831089.014184
2024-07-11,SZ000598,兴蓉环境,7.77,22650609,2974918721,2984996321,2319342.141417
2024-07-11,SH600711,盛屯矿业,5.15,270746660,3122669280,3122669280,1608174.6792
2024-07-11,SH600897,厦门空港,13.23,2890941,416934000,416934000,551603.682
2024-07-11,SZ000600,建投能源,5.7,45017459,1090044876,1809299376,1031300.64432
2024-07-11,SH600704,物产中大,4.22,35218876,5114782040,5192561790,2191261.07538
2024-07-11,SH600714,金瑞矿业,7.51,6938702,288176273,288176273,216420.381023
2024-07-11,SH600708,光明地产,1.77,15650456,2225277771,2228636743,394468.703511
2024-07-11,SZ000401,金隅冀东,4.27,9568635,1547299933,2658214783,1135057.712341
2024-07-11,SH600717,天津港,4.48,19912911,2894001038,2894001038,1296512.465024
2024-07-11,SH600718,东软集团,8.21,10740001,1203703468,1203703468,988240.547228
2024-07-11,SZ000404,长虹华意,5.61,17953887,693640472,695995979,390453.744219
2024-07-11,SH600712,南宁百货,3.7,24728720,538648371,544655360,201522.4832
2024-07-11,SZ000402,金 融 街,2.28,25355703,2987698630,2988929907,681476.018796
2024-07-11,SH600722,金牛化工,3.89,5964610,680319676,680319676,264644.353964
2024-07-11,SZ000408,藏格矿业,25.35,14822902,1580418573,1580435073,4006402.910055
2024-07-11,SH600713,南京医药,4.33,5736820,1046859432,1309326040,566938.17532
2024-07-11,SH600715,文投控股,1.42,12631920,1854853500,1854853500,263389.197
2024-07-11,SH600726,华电能源,2.18,41588700,2747344834,7907336210,1723799.29378
2024-07-11,SH600716,凤凰股份,2.63,5022600,936060590,936060590,246183.93517
2024-07-11,SH600729,重庆百货,19.79,6392833,192799458,446338271,883303.438309
2024-07-11,SH600725,云维股份,3.05,15841510,1232470000,1232470000,375903.35
2024-07-11,SZ000407,胜利股份,2.66,10140089,875767412,880084656,234102.518496
2024-07-11,SZ000056,皇庭国际,1.76,25369200,903728783,1210088720,212975.61472
2024-07-11,SZ000415,渤海租赁,2.59,56501518,5392739135,6184521282,1601791.012038
2024-07-11,SH600720,中交设计,9.12,9620700,776162687,2061708481,1880278.134672
2024-07-11,SH600728,佳都科技,3.74,20295353,2133661465,2144492465,802040.18191
2024-07-11,SH600724,宁波富达,3.73,5511500,1444942664,1445241071,539074.919483
2024-07-11,SH600719,大连热电,8.6,34160800,404599600,404599600,347955.656
2024-07-11,SZ000410,沈阳机床,5.7,3907502,1680915944,2064746603,1176905.56371
2024-07-11,SH600735,ST新华锦,3.78,7420600,425451827,428778219,162078.166782
2024-07-11,SH600730,中国高科,4,5724150,586656002,586656002,234662.4008
2024-07-11,SZ000423,东阿阿胶,56.32,10050798,643976824,643976824,3626877.472768
2024-07-11,SH600737,中粮糖业,9.62,30199770,2138848228,2138848228,2057571.995336
2024-07-11,SH600738,丽尚国潮,3.91,16571888,760666196,761335236,297682.077276
2024-07-11,SH600731,湖南海利,4.51,3606590,535198732,558742416,251992.829616
2024-07-11,SZ000420,吉林化纤,3.22,32726085,2458020643,2458868343,791755.606446
2024-07-11,SZ000421,南京公用,4.78,33049343,574180609,578006934,276287.314452
2024-07-11,SH600740,山西焦化,3.77,13072430,2562121154,2562121154,965919.675058
2024-07-11,SZ000428,华天酒店,2.87,8796340,1018888500,1018926000,292431.762
2024-07-11,SZ000417,合百集团,4.11,12989700,779027451,779884200,320532.4062
2024-07-11,SZ000422,湖北宜化,13.37,54970700,1007312141,1057866712,1414367.793944
2024-07-11,SH600736,苏州高新,4.15,6129948,1151292907,1151292907,477786.556405
2024-07-11,SZ000419,通程控股,4.19,6985301,543582655,543582655,227761.132445
2024-07-11,SH600733,北汽蓝谷,9.41,477550512,4847918126,5573503169,5244666.482029
2024-07-11,SH600739,辽宁成大,8.48,10569966,1529709816,1529709816,1297193.923968
2024-07-11,SZ000603,盛达资源,13,19763788,632489859,689969346,896960.1498
2024-07-11,SH600741,华域汽车,15.88,15957563,3152723984,3152723984,5006525.686592
2024-07-11,SH600742,富维股份,7.84,6146140,743057880,743057880,582557.37792
2024-07-11,SZ000425,徐工机械,6.85,94614093,8120089571,11816166093,8094073.773705
2024-07-11,SZ000426,兴业银锡,14.75,36189028,1477884862,1837192219,2709858.523025
2024-07-11,SZ000430,ST张家界,6.39,21956601,331738800,404817686,258678.501354
2024-07-11,SZ000607,华媒控股,3.02,5478600,884898575,1017698410,307344.91982
2024-07-11,SZ000601,韶能股份,3.93,11718055,1079864567,1080551669,424656.805917
2024-07-11,SH600744,华银电力,3.26,31393660,2031124274,2031124274,662146.513324
2024-07-11,SZ000605,渤海股份,4.65,5503762,337643688,352658600,163986.249
2024-07-11,SH600746,江苏索普,6.33,5486653,1166082347,1167842884,739244.545572
2024-07-11,SZ000608,*ST阳光,1.44,12320944,749913309,749913309,107987.516496
2024-07-11,SH600756,浪潮软件,10.81,9654246,324098753,324098753,350350.751993
2024-07-11,SH600750,华润江中,22.76,7125501,625574070,629128757,1431897.050932
2024-07-11,SH600748,上实发展,2.46,10680693,1844562892,1844562892,453762.471432
2024-07-11,SZ000413,ST旭电,1.23,983200,5029350156,5632749948,692828.243604
2024-07-11,SZ000610,西安旅游,12.48,9371800,235488994,236747901,295461.380448
2024-07-11,SZ000612,焦作万方,6.73,42062660,1191420144,1192199394,802350.192162
2024-07-11,SH600753,*ST海钦,5.11,5134660,215040000,230307175,117686.966425
2024-07-11,SZ000596,古井贡酒,202.21,1846360,408600000,528600000,10688820.6
2024-07-11,SH600757,长江传媒,8.12,19699000,1213497103,1213650273,985484.021676
2024-07-11,SH600755,厦门国贸,6.84,10272031,2131939037,2204227857,1507691.854188
2024-07-11,SH600761,安徽合力,20.23,21303869,890692761,890692761,1801871.455503
2024-07-11,SZ000609,ST中迪,1.83,2447317,292089522,299265522,54765.590526
2024-07-11,SH600760,中航沈飞,40.51,8653183,2744736813,2755699513,11163338.727163
2024-07-11,SH600754,锦江酒店,23.12,10511046,914044063,1070044063,2473941.873656
2024-07-11,SH600749,西藏旅游,12.6,11439502,226965517,226965517,285976.55142
2024-07-11,SZ000615,*ST美谷,1.95,20597000,761738984,762979719,148781.045205
2024-07-11,SZ000617,中油资本,5.38,37085718,12642079079,12642079079,6801438.544502
2024-07-11,SZ000619,海螺新材,3.99,3540000,360000000,441168831,176026.363569
2024-07-11,SZ000623,吉林敖东,13.1,6586369,1191581843,1195895387,1566622.95697
2024-07-11,SH600758,辽宁能源,2.82,11864930,1320743394,1322017394,372808.905108
2024-07-11,SH600763,通策医疗,41.51,8003291,447289117,447289117,1856697.124667
2024-07-11,SH600769,祥龙电业,6.1,3409300,374977200,374977200,228736.092
2024-07-11,SH600764,中国海防,18.12,3350082,710629386,710629386,1287660.447432
2024-07-11,SH600771,广誉远,18.24,4878180,489491141,489491141,892831.841184
2024-07-11,SH600765,中航重机,18.54,21727163,1468678593,1481545812,2746785.935448
2024-07-11,SH600774,汉商集团,7.84,8738500,294842131,295032402,231305.403168
2024-07-11,SH600773,西藏城投,12.43,10153108,819660744,951586865,1182822.473195
2024-07-11,SH600768,宁波富邦,6.84,2576000,133747200,133747200,91483.0848
2024-07-11,SZ000627,*ST天茂,1.72,37517547,4552504165,4940629165,849788.21638
2024-07-11,SZ000633,合金投资,4.11,8634600,385103448,385106373,158278.719303
2024-07-11,SZ000637,茂化实华,3.16,2641100,368014255,519875356,164280.612496
2024-07-11,SZ000651,格力电器,38.68,33347640,5583149620,5631405741,21782277.406188
2024-07-11,SH600775,南京熊猫,7.56,13173725,671838529,913838529,690861.927924
2024-07-11,SZ000628,高新发展,41.69,17234213,192084310,352280000,1468655.32
2024-07-11,SZ000630,铜陵有色,3.76,200205453,10526464166,12792920401,4810138.070776
2024-07-11,SZ000635,英 力 特,5.93,4396500,303087602,303915506,180221.895058
2024-07-11,SH600770,综艺股份,2.32,17010046,1300000000,1300000000,301600
2024-07-11,SZ000632,三木集团,2.71,13086100,465481606,465519570,126155.80347
2024-07-11,SH600777,*ST新潮,1.82,36665223,6366152391,6800495825,1237690.24015
2024-07-11,SZ000639,西王食品,2.69,69897908,1079426772,1079428095,290366.157555
2024-07-11,SH600776,东方通信,9.63,7275900,956000064,1256000064,1209528.061632
2024-07-11,SZ000626,远大控股,4.23,5518119,501949535,508940464,215281.816272
2024-07-11,SZ000652,泰达股份,3.04,6083580,1474451359,1475573852,448574.451008
2024-07-11,SZ000655,金岭矿业,5.71,5286891,595340230,595340230,339939.27133
2024-07-11,SZ000656,*ST金科,1.13,98058100,5309566867,5339715816,603387.887208
2024-07-11,SZ000636,风华高科,14.52,40325759,1157010286,1157013211,1679983.182372
2024-07-11,SH600778,友好集团,3.76,3071019,311214882,311491352,117120.748352
2024-07-11,SZ000659,珠海中富,1.41,10665970,1285702520,1285702520,181284.05532
2024-07-11,SH600780,通宝能源,5.73,5461100,1146502523,1146502523,656945.945679
2024-07-11,SZ000663,永安林业,4.12,7574100,306297158,336683929,138713.778748
2024-07-11,SH600779,水井坊,37.14,3654206,488361398,488361398,1813774.232172
2024-07-11,SZ000669,ST金鸿,1.35,3362020,680408797,680408797,91855.187595
2024-07-11,SZ000668,*ST荣控,5.92,3567600,146841890,146841890,86930.39888
2024-07-11,SZ000665,湖北广电,3.56,12235756,1137110330,1137149495,404825.22022
2024-07-11,SZ000661,长春高新,93.95,5314631,401940440,404423090,3799554.93055
2024-07-11,SZ000676,智度股份,5.71,35918747,1274824025,1276506972,728885.481012
2024-07-11,SH600783,鲁信创投,9.26,1913968,744359294,744359294,689276.706244
2024-07-11,SH600784,鲁银投资,4.59,4566432,568177846,675652277,310124.395143
2024-07-11,SH600782,新钢股份,3.32,21180900,3145652149,3145652149,1044356.513468
2024-07-11,SZ000677,恒天海龙,2.64,13739690,863977948,863977948,228090.178272
2024-07-11,SZ000058,深 赛 格,5.35,5831601,984691604,1231200672,658692.35952
2024-07-11,SH600785,新华百货,12.76,3654944,225631280,225631280,287905.51328
2024-07-11,SZ000061,农 产 品,5.06,7879800,1696932506,1696964131,858663.850286
2024-07-11,SZ000682,东方电子,11.29,21549499,1340594657,1340727007,1513680.790903
2024-07-11,SH600787,中储股份,4.82,13740030,2170079582,2180728668,1051111.217976
2024-07-11,SZ000680,山推股份,8.15,27352710,1307994730,1500327412,1222766.84078
2024-07-11,SH600792,云煤能源,3.13,10508034,989923600,1109923600,347406.0868
2024-07-11,SZ000060,中金岭南,4.44,43870758,3737303778,3737590653,1659490.249932
2024-07-11,SZ000685,中山公用,7.28,5467733,1253962161,1475111351,1073881.063528
2024-07-11,SZ000679,大连友谊,2.68,26169850,356400000,356400000,95515.2
2024-07-11,SZ000690,宝新能源,5.08,32812918,2174471375,2175887862,1105351.033896
2024-07-11,SH600791,京能置业,3.17,5044000,452313696,452880000,143562.96
2024-07-11,SZ000062,深圳华强,8.87,4575650,1044547525,1045909322,927721.568614
2024-07-11,SZ000059,华锦股份,4.14,17174701,1599442537,1599442537,662169.210318
2024-07-11,SZ000683,博源化工,7.07,28534640,3282520023,3730812560,2637684.47992
2024-07-11,SH600793,宜宾纸业,9.11,1265025,176904002,176904002,161159.545822
2024-07-11,SZ000698,ST沈化,3.08,10701340,785710473,819514395,252410.43366
2024-07-11,SZ000701,厦门信达,3.79,16568726,640314898,687178106,260440.502174
2024-07-11,SH600789,鲁抗医药,7.1,44813120,897162662,897162662,636985.49002
2024-07-11,SZ000686,东北证券,5.56,14573921,2340452915,2340452915,1301291.82074
2024-07-11,SZ000692,惠天热电,2.95,6733900,532828876,532832976,157185.72792
2024-07-11,SH600790,轻纺城,3.3,4341459,1465790928,1465790928,483711.00624
2024-07-11,SZ000700,模塑科技,5.78,35220649,918015389,918015389,530612.894842
2024-07-11,SZ000691,*ST亚太,3.58,8680900,323270000,323270000,115730.66
2024-07-11,SZ001696,宗申动力,10.48,90096201,891339725,1145026920,1199988.21216
2024-07-11,SH600794,保税科技,3.16,8624442,1212152157,1212152157,383040.081612
2024-07-11,SH600795,国电电力,5.97,223519720,17835619082,17835619082,10647864.591954
2024-07-11,SZ000702,正虹科技,4.06,17217186,266634576,346624948,140729.728888
2024-07-11,SZ000697,ST炼石,5.71,8645850,581451905,873100876,498540.600196
2024-07-11,SZ000708,中信特钢,13.12,8685705,5047156562,5047156562,6621869.409344
2024-07-11,SZ000703,恒逸石化,7.46,23624357,3647335706,3666302381,2735061.576226
2024-07-11,SH600796,钱江生化,4.37,3469000,301402144,866585766,378697.979742
2024-07-11,SH600051,宁波联合,5.15,1579681,310880000,310880000,160103.2
2024-07-11,SZ000705,浙江震元,7.13,7213001,281888251,334123286,238229.902918
2024-07-11,SZ000711,ST京蓝,1.78,5673367,1058976978,2856976223,508541.767694
2024-07-11,SH600052,东望时代,4.13,9336040,844194741,844194741,348652.428033
2024-07-11,SZ000707,双环科技,7.01,5511497,464145765,464145765,325366.181265
2024-07-11,SZ000712,锦龙股份,7.74,24779134,895240775,896000000,693504
2024-07-11,SZ000758,中色股份,5.44,45834470,1969314394,1992841364,1084105.702016
2024-07-11,SZ000709,河钢股份,1.95,45842069,10335412323,10337121092,2015738.61294
2024-07-11,SZ000716,黑芝麻,3.81,13043400,700691736,753489550,287079.51855
2024-07-11,SH600797,浙大网新,4.54,8640601,1027527102,1027527102,466497.304308
2024-07-11,SZ000400,许继电气,33.73,22396292,1008322059,1019009309,3437118.399257
2024-07-11,SZ000713,国投丰乐,5.33,6535082,614014980,614014980,327269.98434
2024-07-11,SZ000710,贝瑞基因,7.42,8379000,300024604,353521465,262312.92703
2024-07-11,SH600060,海信视像,22.45,12744443,1289081222,1305401055,2930625.368475
2024-07-11,SH600798,宁波海运,2.75,7578039,1206534201,1206534201,331796.905275
2024-07-11,SZ000736,*ST中地,8.01,11171426,695433689,747098401,598425.819201
2024-07-11,SZ000737,北方铜业,10.57,131510832,726275997,1772456167,1873486.168519
2024-07-11,SZ000721,西安饮食,7.29,16110200,437501920,573914308,418383.530532
2024-07-11,SZ000766,通化金马,16.45,16762739,965970181,966494707,1589883.793015
2024-07-11,SH600054,黄山旅游,11.19,4775756,513300000,729379440,816175.59336
2024-07-11,SH600064,南京高科,6.05,13863789,1730339644,1730339644,1046855.48462
2024-07-11,SZ000717,中南股份,1.73,12480000,2423523840,2423845590,419325.28707
2024-07-11,SZ000715,中兴商业,4.92,11515236,12969451,415718940,204533.71848
2024-07-11,SH600067,冠城新材,1.8,18816394,1391668739,1391668739,250500.37302
2024-07-11,SH600066,宇通客车,24.56,30841402,2213939223,2213939223,5437434.731688
2024-07-11,SZ000739,普洛药业,13.55,6857032,1168888405,1169323576,1584433.44548
2024-07-11,SZ000720,新能泰山,2.47,21809791,1256531571,1256531571,310363.298037
2024-07-11,SH600056,中国医药,10.16,5879574,1495351478,1495879748,1519813.823968
2024-07-11,SZ000723,美锦能源,4.66,43966109,4296337567,4326235637,2016025.806842
2024-07-11,SH600059,古越龙山,7.85,6650400,911542413,911542413,715560.794205
2024-07-11,SZ000759,中百集团,3.43,20198613,655706025,680621500,233453.1745
2024-07-11,SH600055,万东医疗,12.27,3488286,540816199,703061058,862655.918166
2024-07-11,SH600061,国投资本,5.56,13342712,6425310802,6425310802,3572472.805912
2024-07-11,SZ000727,冠捷科技,2.1,57788550,4529566980,4529566980,951209.0658
2024-07-11,SH600062,华润双鹤,18.13,14941691,1026853045,1039656801,1884897.780213
2024-07-11,SH600076,康欣新材,1.54,39746500,1344543367,1344543367,207059.678518
2024-07-11,SH600071,凤凰光学,16.14,2621294,281573889,281573889,454460.256846
2024-07-11,SH600058,五矿发展,6.56,5053837,1071910711,1071910711,703173.426416
2024-07-11,SZ000779,甘咨询,6.76,5097685,464788900,464829452,314224.709552
2024-07-11,SH600063,皖维高新,3.58,14337900,1925894692,2156908366,772173.195028
2024-07-11,SH600072,中船科技,12.71,13646683,736249883,1506521728,1914789.116288
2024-07-11,SH600070,*ST富润,0.98,5858774,506720732,507420732,49727.231736
2024-07-11,SZ000778,新兴铸管,3.51,25796290,3896212692,3990058776,1400510.630376
2024-07-11,SH600079,ST人福,16.75,14887413,1536290737,1632257765,2734031.756375
2024-07-11,SZ000786,北新建材,26.98,13161487,1632449060,1689507842,4558292.157716
2024-07-11,SZ000767,晋控电力,2.33,12380728,2912246436,3076942219,716927.537027
2024-07-11,SZ000625,长安汽车,15.18,437876550,8214004680,9917289033,15054444.752094
2024-07-11,SZ000735,罗 牛 山,4.41,11885640,1150897517,1151513578,507817.487898
2024-07-11,SZ000776,广发证券,11.87,21419305,5919291464,7621087664,9046231.057168
2024-07-11,SZ000068,华控赛格,2.57,13162219,1006671464,1006671464,258714.566248
2024-07-11,SH600080,金花股份,6.15,1945400,373270285,373270285,229561.225275
2024-07-11,SH600088,中视传媒,15.11,7355702,397706400,397706400,600934.3704
2024-07-11,SZ000788,北大医药,5.21,7080000,595987425,595987425,310509.448425
2024-07-11,SZ000728,国元证券,6.03,23024649,4363777891,4363777891,2631358.068273
2024-07-11,SZ000731,四川美丰,6.69,4062200,573737680,573737680,383830.50792
2024-07-11,SH600075,新疆天业,3.81,8169600,1707361781,1707361781,650504.838561
2024-07-11,SZ000828,东莞控股,9.23,6322136,1039515642,1039516992,959474.183616
2024-07-11,SH600089,特变电工,13.24,38883882,5052792541,5052792541,6689897.324284
2024-07-11,SZ000800,一汽解放,8.07,13883416,4622389299,4623863714,3731458.017198
2024-07-11,SH600106,重庆路桥,4.14,17255786,1329025062,1329025062,550216.375668
2024-07-11,SZ000782,恒申新材,4.26,3301300,528139623,686581509,292483.722834
2024-07-11,SH600097,开创国际,7.81,5532251,240936559,240936559,188171.452579
2024-07-11,SH600082,海泰发展,1.93,11667800,634335412,646115826,124700.354418
2024-07-11,SH600085,同仁堂,37.43,12697674,1371470262,1371470262,5133413.190666
2024-07-11,SZ000819,岳阳兴长,16.28,2973869,299150255,369697506,601867.539768
2024-07-11,SZ000752,ST西发,7.35,3315500,263758491,263758491,193862.490885
2024-07-11,SZ000838,财信发展,2.22,11494400,1053765855,1100462170,244302.60174
2024-07-11,SZ000738,航发控制,19.75,6941931,1315184001,1315184001,2597488.401975
2024-07-11,SZ000753,漳州发展,2.82,8461604,991481071,991481071,279597.662022
2024-07-11,SZ000768,中航西飞,24.5,20102508,2768638696,2781740071,6815263.17395
2024-07-11,SZ000066,中国长城,8.59,20710733,3146793277,3225799088,2770961.416592
2024-07-11,SZ000755,山西高速,4.19,4047791,610043921,1467310196,614802.972124
2024-07-11,SH600100,同方股份,5.05,39282166,2963898951,3350297713,1691900.345065
2024-07-11,SH600101,明星电力,9.65,59579334,547862471,547862471,528687.284515
2024-07-11,SH600078,澄星股份,6.05,6273420,662572861,662572861,400856.580905
2024-07-11,SH600081,东风科技,8.77,3666810,444627214,553026170,485003.95109
2024-07-11,SH600103,青山纸业,1.75,17162859,2264891807,2305817807,403518.116225
2024-07-11,SZ000796,凯撒旅业,3.44,10022401,969787716,1603788916,551703.387104
2024-07-11,SZ000733,振华科技,38.24,9772670,553774231,554169431,2119143.904144
2024-07-11,SH600099,林海股份,6.76,3097400,219120000,219120000,148125.12
2024-07-11,SH600073,光明肉业,5.5,6838700,937729472,937729472,515751.2096
2024-07-11,SZ000762,西藏矿业,19.39,32371679,520800618,521174140,1010556.65746
2024-07-11,SH600095,湘财股份,6.33,45764127,2859187743,2859187743,1809865.841319
2024-07-11,SZ000750,国海证券,2.87,28705140,5796203977,6386174477,1832832.074899
2024-07-11,SH600096,云天化,20.95,28638595,1834328747,1834328747,3842918.724965
2024-07-11,SZ000777,中核科技,14.82,8882312,383410827,384471593,569786.900826
2024-07-11,SH600084,中信尼雅,4.42,5580100,1123726830,1123726830,496687.25886
2024-07-11,SZ000785,居然智家,2.49,42529801,5965233855,6287288273,1565534.779977
2024-07-11,SZ000797,中国武夷,2.49,54317873,1570164510,1570754217,391117.800033
2024-07-11,SZ000729,燕京啤酒,8.92,25332139,2509560118,2818539341,2514137.092172
2024-07-11,SH600098,广州发展,6.32,27022700,3491029779,3506870708,2216342.287456
2024-07-11,SZ000799,酒鬼酒,41.67,12171226,324928980,324928980,1353979.05966
2024-07-11,SZ000868,安凯客车,4.06,15657100,733328418,939514735,381442.98241
2024-07-11,SZ000088,盐 田 港,4.53,6446516,2249135473,4285724351,1941433.131003
2024-07-11,SZ000793,*ST华闻,1.17,90409900,1961008615,1997245457,233677.718469
2024-07-11,SZ000783,长江证券,4.83,30359747,5530072948,5530072948,2671025.233884
2024-07-11,SH600116,三峡水利,7.26,20757097,1912142904,1912142904,1388215.748304
2024-07-11,SZ000756,新华制药,14.54,4953900,447835910,682407635,992220.70129
2024-07-11,SH600109,国金证券,7.37,16498294,3199556972,3712559510,2736156.35887
2024-07-11,SZ000795,英洛华,5.64,11729902,1133684103,1133684103,639397.834092
2024-07-11,SZ000816,智慧农业,1.73,46919225,1436891572,1447013318,250333.304014
2024-07-11,SH600108,亚盛集团,2.44,13856348,1946915121,1946915121,475047.289524
2024-07-11,SH600128,苏豪弘业,6.24,3899003,246767500,246767500,153982.92
2024-07-11,SH600118,中国卫星,20.27,8054328,1182489135,1182489135,2396905.476645
2024-07-11,SZ000069,华侨城Ａ,2.02,49052715,6892420057,8037758053,1623627.126706
2024-07-11,SZ000789,万年青,4.48,6867160,797384162,797403069,357236.574912
2024-07-11,SH600111,北方稀土,17.5,27060760,3615065842,3615065842,6326365.2235
2024-07-11,SZ000836,ST富通,0.37,0,1208455224,1208455224,44712.843288
2024-07-11,SH600105,永鼎股份,3.74,19803037,1392848841,1392848841,520925.466534
2024-07-11,SH600110,诺德股份,3.12,28083929,1746472532,1746472532,544899.429984
2024-07-11,SZ000823,超声电子,8.77,27310000,536944469,536989957,470940.192289
2024-07-11,SZ000791,甘肃能源,6.12,21196004,1600524785,1600540535,979530.80742
2024-07-11,SH600117,西宁特钢,2.32,9081313,3255114857,3255114857,755186.646824
2024-07-11,SZ000818,航锦科技,21.3,7106763,677367400,679156000,1446602.28
2024-07-11,SZ000888,峨眉山Ａ,11.18,19056940,526913102,526913102,589088.848036
2024-07-11,SH600113,浙江东日,7.73,1770860,411431160,421531660,325843.97318
2024-07-11,SH600132,重庆啤酒,62.44,5378667,483971198,483971198,3021916.160312
2024-07-11,SZ000839,国安股份,2.5,24890950,3919826352,3919826352,979956.588
2024-07-11,SH600115,中国东航,3.93,56854489,13480635753,22291296570,8760479.55201
2024-07-11,SH600107,ST尔雅,2.99,7225830,360000000,360000000,107640
2024-07-11,SZ000848,承德露露,7.72,11807140,1039527570,1052554074,812571.745128
2024-07-11,SH600129,太极集团,28.6,9919821,556890744,556890744,1592707.52784
2024-07-11,SZ000063,中兴通讯,29.12,130686794,4027020775,4783251552,13928828.519424
2024-07-11,SH600104,上汽集团,14.02,15784191,11575299445,11575299445,16228569.82189
2024-07-11,SZ000899,赣能股份,9.72,32541842,975677760,975677760,948358.78272
2024-07-11,SH600112,*ST天成,0.91,20264290,509204846,509204846,46337.640986
2024-07-11,SH600120,浙江东方,3.33,8862883,3415381492,3415381492,1137322.036836
2024-07-11,SZ000829,天音控股,8.05,22390000,1024129669,1025100438,825205.85259
2024-07-11,SH600138,中青旅,9.93,13130890,723840000,723840000,718773.12
2024-07-11,SZ000889,中嘉博创,1.61,14709743,869849676,936291116,150742.869676
2024-07-11,SZ000898,鞍钢股份,2.16,23978112,7957421949,9383851972,2026912.025952
2024-07-11,SH600121,郑州煤电,3.12,9860267,1218412038,1218412038,380144.555856
2024-07-11,SZ000802,北京文化,4.92,3860102,715465255,715900255,352222.92546
2024-07-11,SZ000761,本钢板材,2.62,8318366,3708221073,4108221073,1076353.921126
2024-07-11,SH600119,长江投资,6.02,11602900,365270370,365270370,219892.76274
2024-07-11,SZ001896,豫能控股,4.11,17411502,1320781330,1525781330,627096.12663
2024-07-11,SH600135,乐凯胶片,4.56,7732160,553307099,553307099,252308.037144
2024-07-11,SZ000886,海南高速,4.2,9271115,977836898,988828300,415307.886
2024-07-11,SH600133,东湖高新,10.33,18025811,1066239875,1066239875,1101425.790875
2024-07-11,SZ000798,中水渔业,5.73,3224900,365828712,365858712,209637.041976
2024-07-11,SH600009,上海机场,34.58,12322971,1926958448,2488481340,8605168.47372
2024-07-11,SZ000429,粤高速Ａ,10.9,12115482,1303329906,2090806126,2278978.67734
2024-07-11,SH600136,ST明诚,1.48,2191900,1943089494,2040825931,302042.237788
2024-07-11,SZ000803,山高环能,3.34,6872620,456341225,476696361,159216.584574
2024-07-11,SZ000876,新 希 望,9.4,19449183,4511189572,4545777226,4273030.59244
2024-07-11,SH600126,杭钢股份,3.88,45683639,3377189083,3377189083,1310349.364204
2024-07-11,SH600158,中体产业,7.49,12369264,959513067,959513067,718675.287183
2024-07-11,SZ000790,华神科技,3.48,6949634,622761614,623719364,217054.338672
2024-07-11,SH600131,国网信通,15.93,11489602,1194314024,1202029044,1914832.267092
2024-07-11,SZ000807,云铝股份,14.22,50914162,3467907951,3467957405,4931435.42991
2024-07-11,SH600137,浪莎股份,11.78,1377001,97217588,97217588,114522.318664
2024-07-11,SZ000089,深圳机场,6.61,15161525,2050742403,2050769509,1355558.645449
2024-07-11,SH600168,武汉控股,3.99,5452100,993397569,993397569,396365.630031
2024-07-11,SZ000858,五 粮 液,130.48,25779636,3881525907,3881608005,50647221.24924
2024-07-11,SH600127,金健米业,5.96,6765000,641783218,641783218,382502.797928
2024-07-11,SZ000801,四川九洲,9.84,16779774,1022806646,1022806646,1006441.739664
2024-07-11,SH600125,铁龙物流,5.96,10482100,1305521874,1305521874,778091.036904
2024-07-11,SH600157,永泰能源,1.18,254996361,22217764145,22217764145,2621696.16911
2024-07-11,SZ000883,湖北能源,5.74,36213126,6479756454,6520695988,3742879.497112
2024-07-11,SZ000813,德展健康,2.39,43992496,2164618490,2164955990,517424.48161
2024-07-11,SH600150,中国船舶,41.88,40490986,4472428758,4472428758,18730531.638504
2024-07-11,SH600148,长春一东,12.19,1505800,141516450,141516450,172508.55255
2024-07-11,SH600159,大龙地产,2.14,18189100,830003232,830003232,177620.691648
2024-07-11,SH600156,华升股份,2.98,7548300,402110702,402110702,119828.989196
2024-07-11,SZ000811,冰轮环境,9.28,7795200,745822631,763657804,708674.442112
2024-07-11,SH600165,ST宁科,2,37101331,684883775,684883775,136976.755
2024-07-11,SZ000810,创维数字,8.43,13762437,1117662310,1150216072,969632.148696
2024-07-11,SZ000878,云南铜业,13.17,51168293,2003584184,2003628310,2638778.48427
2024-07-11,SH600163,中闽能源,5.22,10105128,1902996143,1902996143,993363.986646
2024-07-11,SH600166,福田汽车,2.35,65669418,6575192047,8003763475,1880884.416625
2024-07-11,SZ000065,北方国际,9.85,7299037,905847025,1002270611,987236.551835
2024-07-11,SH600151,航天机电,4.24,13869292,1434252287,1434252287,608122.969688
2024-07-11,SZ000815,美利云,7.2,13208800,695263035,695263035,500589.3852
2024-07-11,SH600152,维科技术,4.83,8225194,528955640,528955640,255485.57412
2024-07-11,SH600162,香江控股,1.35,12980948,3268438122,3268438122,441239.14647
2024-07-11,SH600161,天坛生物,23.77,7224553,1977371446,1977371446,4700211.927142
2024-07-11,SZ000809,和展能源,1.82,2753860,824791293,824791293,150112.015326
2024-07-11,SZ000882,华联股份,1.09,117875213,2737348016,2737351947,298371.362223
2024-07-11,SH600153,建发股份,8.39,14552958,2899538551,2947095201,2472612.873639
2024-07-11,SH600170,上海建工,2.15,37319097,8885939744,8885939744,1910477.04496
2024-07-11,SZ000812,陕西金叶,3.68,14045816,768270683,768692614,282878.881952
2024-07-11,SZ000821,ST京机,11.32,13262526,599689064,622874778,705094.248696
2024-07-11,SH600160,巨化股份,23.66,21977289,2699746081,2699746081,6387599.227646
2024-07-11,SH600188,兖矿能源,15.13,37330868,5887172382,10039860402,15190308.788226
2024-07-11,SH600180,瑞茂通,3.82,5978200,1086627464,1086627464,415091.691248
2024-07-11,SZ000822,山东海化,5.84,8054574,895091926,895091926,522733.684784
2024-07-11,SH600196,复星医药,22.57,8943453,2118488825,2672398711,6031603.890727
2024-07-11,SZ000830,鲁西化工,12.76,33693271,1903604603,1916476161,2445423.581436
2024-07-11,SH600199,金种子酒,12.45,21667637,657796824,657796824,818957.04588
2024-07-11,SZ000856,冀东装备,5.99,4997000,227000000,227000000,135973
2024-07-11,SH600186,莲花控股,3.6,56704769,1785951141,1793251141,645570.41076
2024-07-11,SZ000881,中广核技,6.26,4706500,790344031,945425815,591836.56019
2024-07-11,SH600169,ST太重,1.84,15085500,3333141500,3380982500,622100.78
2024-07-11,SZ000862,银星能源,4.68,6847615,627967088,917954696,429602.797728
2024-07-11,SH600155,华创云信,5.9,20285046,2261423642,2261423642,1334239.94878
2024-07-11,SH600171,上海贝岭,18.18,85879850,708923303,708923303,1288822.564854
2024-07-11,SZ000581,威孚高科,17.13,7481837,823800118,996986293,1707837.519909
2024-07-11,SZ000837,秦川机床,7.26,11292700,764894790,1009883039,733175.086314
2024-07-11,SZ000850,华茂股份,3.13,4752900,943396879,943665009,295367.147817
2024-07-11,SH600189,泉阳泉,6.46,5733700,715197812,715197812,462017.786552
2024-07-11,SH600178,东安动力,8.92,23348461,466476161,475283888,423953.228096
2024-07-11,SZ000825,太钢不锈,3.54,25161713,5696247796,5718518596,2024355.582984
2024-07-11,SH600198,大唐电信,5.04,5295710,880454735,1309616829,660046.881816
2024-07-11,SH600183,生益科技,23.11,51799139,2371338882,2371338882,5480164.156302
2024-07-11,SZ000861,海印股份,0.83,198287493,2386797394,2509244757,208267.314831
2024-07-11,SZ000860,顺鑫农业,17.17,16688249,741766989,741766989,1273613.920113
2024-07-11,SH600179,安通控股,2.21,21638823,3734236495,4231526979,935167.462359
2024-07-11,SZ000833,粤桂股份,4.77,5938680,453701054,802082221,382593.219417
2024-07-11,SZ000859,国风新材,3.24,16447743,895836521,895976271,290296.311804
2024-07-11,SH600177,雅戈尔,7.02,20578997,4623441902,4623441902,3245656.215204
2024-07-11,SZ000852,石化机械,5.54,4157253,941001379,956141689,529702.495706
2024-07-11,SH600172,黄河旋风,1.97,24418822,1276255750,1442184476,284110.341772
2024-07-11,SH600218,全柴动力,6.82,4757077,412658743,435599919,297079.144758
2024-07-11,SZ000887,中鼎股份,12.58,13600336,1313881524,1316489747,1656144.101726
2024-07-11,SH600191,华资实业,4.91,2266900,484932000,484932000,238101.612
2024-07-11,SZ000895,双汇发展,24.11,8090735,3464123744,3464661213,8353298.184543
2024-07-11,SH600123,兰花科创,8.52,15647342,1485120000,1485120000,1265322.24
2024-07-11,SZ000078,海王生物,2.19,13470022,2626073638,2750833257,602432.483283
2024-07-11,SH600192,长城电工,4.24,13234360,441748000,441748000,187301.152
2024-07-11,SZ000893,亚钾国际,16.26,13499694,812038074,928851187,1510312.030062
2024-07-11,SH600195,中牧股份,6.93,11070241,1021148260,1021148260,707655.74418
2024-07-11,SZ000877,天山股份,5.39,9634800,1822140647,8663422814,4669584.896746
2024-07-11,SZ000892,欢瑞世纪,2.46,9352985,706906013,980980473,241321.196358
2024-07-11,SH600201,生物股份,6.81,18634800,1120369226,1120369226,762971.442906
2024-07-11,SZ000890,法尔胜,2.53,17550500,419491046,419503968,106134.503904
2024-07-11,SH600228,*ST返利,4.8,7324710,300423893,602615695,289255.5336
2024-07-11,SZ000900,现代投资,3.72,8428603,1517760834,1517828334,564632.140248
2024-07-11,SH600167,联美控股,5.21,7116595,2288119475,2288119475,1192110.246475
2024-07-11,SH600266,城建发展,3.86,49740830,2154694195,2154694195,831711.95927
2024-07-11,SZ000908,*ST景峰,1.02,2106007,788907737,879774351,89736.983802
2024-07-11,SZ000928,中钢国际,5.36,17874469,1434621221,1434644621,768969.516856
2024-07-11,SH600007,中国国贸,22.4,993300,1007282534,1007282534,2256312.87616
2024-07-11,SH600206,有研新材,8.95,9399000,846553332,846553332,757665.23214
2024-07-11,SZ000917,电广传媒,5.04,19620500,1417459363,1417556338,714448.394352
2024-07-11,SH600200,退市苏吴,8.8,13098500,710879480,712285832,626811.53216
2024-07-11,SZ000901,航天科技,8.45,19263735,798193381,798201406,674480.18807
2024-07-11,SZ000902,新洋丰,12.19,6708400,1142782236,1254733054,1529519.592826
2024-07-11,SH600173,卧龙新能,3.8,3984500,700416244,700506244,266192.37272
2024-07-11,SZ000903,ST云动,1.77,31521380,1920261648,1970420857,348764.491689
2024-07-11,SH600176,中国巨石,10.53,20531423,4003136728,4003136728,4215302.974584
2024-07-11,SZ000897,津滨发展,2.08,30192640,1617244634,1617272234,336392.624672
2024-07-11,SH600359,新农开发,5.64,4404700,381512820,381512820,215173.23048
2024-07-11,SZ000905,厦门港务,5.68,4543000,741808097,741809597,421347.851096
2024-07-11,SZ000909,ST数源,3.3,5555022,437710570,437714245,144445.70085
2024-07-11,SH600203,福日电子,6.26,21103900,592988082,592988082,371210.539332
2024-07-11,SZ000913,钱江摩托,15.81,7998356,457326050,526778500,832836.8085
2024-07-11,SH600193,*ST创兴,3.47,5198500,425373000,425373000,147604.431
2024-07-11,SZ000911,广农糖业,6.38,2243400,324080937,400319818,255404.043884
2024-07-11,SZ000912,泸天化,3.5,6422000,1568000000,1568000000,548800
2024-07-11,SH600202,哈空调,3.52,6343100,383340672,383340672,134935.916544
2024-07-11,SH600190,退市锦港,1.4,17688795,1779484530,2002291500,280320.81
2024-07-11,SZ000915,华特达因,30.13,2885723,234207235,234331485,706040.764305
2024-07-11,SH600185,珠免集团,5.09,53755888,1885005795,1885005795,959467.949655
2024-07-11,SZ000925,众合科技,6.12,11685370,548543467,556328062,340472.773944
2024-07-11,SZ000920,沃顿科技,7.53,3322604,421977500,472621118,355883.701854
2024-07-11,SH600141,兴发集团,19.03,10562520,1103254582,1103254582,2099493.469546
2024-07-11,SZ000922,佳电股份,11.29,6379868,587144253,593428553,669980.836337
2024-07-11,SZ000926,福星股份,2.33,17404220,1260320693,1592964774,371160.792342
2024-07-11,SH600208,衢州发展,1.64,66937790,8507769185,8508940800,1395466.2912
2024-07-11,SZ000929,*ST兰黄,5.91,4888000,185754223,185766000,109787.706
2024-07-11,SZ000910,大亚圣象,5.92,1659530,547126000,547397500,324059.32
2024-07-11,SZ000906,浙商中拓,6.66,6274729,702020764,708561679,471902.078214
2024-07-11,SZ000930,中粮科技,4.94,16198948,1856433959,1864720561,921171.957134
2024-07-11,SZ000931,中 关 村,3.69,11513796,746191982,753126982,277903.856358
2024-07-11,SZ000921,海信家电,28.62,17807592,911830427,1387167370,3970073.01294
2024-07-11,SZ000923,河钢资源,17.22,14718051,627893854,652728961,1123999.270842
2024-07-11,SH600207,安彩高科,3.64,15370851,1050552865,1089312554,396509.769656
2024-07-11,SZ000090,天健集团,3.96,19333225,1868459934,1868545434,739943.991864
2024-07-11,SH600211,西藏药业,33.28,2608882,322319196,322319196,1072678.284288
2024-07-11,SZ000927,中国铁物,2.38,18624226,6050350581,6050353641,1439984.166558
2024-07-11,SH600006,东风股份,6.86,67497530,2000000000,2000000000,1372000
2024-07-11,SZ000932,华菱钢铁,4.48,52863674,6908546583,6908632499,3095067.359552
2024-07-11,SZ000936,华西股份,5.64,19922800,885790889,886012887,499711.268268
2024-07-11,SH600212,绿能慧充,6.15,8703736,511697213,696647213,428438.035995
2024-07-11,SZ000935,四川双马,12.18,2334173,763440333,763440333,929870.325594
2024-07-11,SH600210,紫江企业,5.17,14450289,1516736158,1516736158,784152.593686
2024-07-11,SZ000933,神火股份,20.67,26971525,2238465339,2249708409,4650147.281403
2024-07-11,SH600215,派斯林,6.71,7615946,456882880,465032880,312037.06248
2024-07-11,SZ000937,冀中能源,6.19,24738212,2906599842,3533546850,2187265.50015
2024-07-11,SH600197,伊力特,16.95,5062489,472005253,472005253,800048.903835
2024-07-11,SZ000948,南天信息,12.4,5178130,385944338,393744987,488243.78388
2024-07-11,SH600149,廊坊发展,3.26,5366447,380160000,380160000,123932.16
2024-07-11,SZ000949,新乡化纤,3.72,46953743,1466271532,1700329922,632522.730984
2024-07-11,SH600216,浙江医药,11.3,28816704,961633475,961637750,1086650.6575
2024-07-11,SZ000938,紫光股份,22.44,47475663,2860079874,2860079874,6418019.237256
2024-07-11,SH600222,太龙药业,4.32,8889400,559363183,573886283,247918.874256
2024-07-11,SH600000,浦发银行,8.6,34946181,29352177375,29352177375,25242872.5425
2024-07-11,SZ000952,广济药业,4.99,6889979,343987615,353860939,176576.608561
2024-07-11,SH600226,亨通股份,1.99,19157809,3059076673,3059076673,608756.257927
2024-07-11,SZ000919,金陵药业,6.37,5787801,503263097,629060528,400711.556336
2024-07-11,SH600268,国电南自,5.47,12736666,1005940178,1016276378,555903.178766
2024-07-11,SH600221,海航控股,1.12,154840357,32872676656,43215632535,4840150.84392
2024-07-11,SZ000953,河化股份,2.54,23880547,366122195,366122195,92995.03753
2024-07-11,SH600239,云南城投,1.98,19682899,1605686909,1605686909,317926.007982
2024-07-11,SZ000955,欣龙控股,2.94,8953729,537741300,538395000,158288.13
2024-07-11,SH600217,中再资环,4.24,38174393,1388659782,1388659782,588791.747568
2024-07-11,SZ000959,首钢股份,2.76,19155195,6507263647,7794611605,2151312.80298
2024-07-11,SZ000958,电投产融,3.65,15241476,5383396020,5383418520,1964947.7598
2024-07-11,SH600219,南山铝业,4.08,125358837,11708552848,11708552848,4777089.561984
2024-07-11,SZ000957,中通客车,11.01,69927227,592903936,592903936,652787.233536
2024-07-11,SH600223,福瑞达,6.48,9555993,1016568775,1016568775,658736.5662
2024-07-11,SZ000962,东方钽业,10.35,11490192,495652248,505228262,522911.25117
2024-07-11,SH600238,*ST椰岛,8.2,9239983,445001580,448200000,367524
2024-07-11,SZ000963,华东医药,27.28,11750935,1750903988,1754327548,4785805.550944
2024-07-11,SZ000960,锡业股份,16.66,43578921,1645801952,1645801952,2741906.052032
2024-07-11,SH600227,赤天化,1.4,45528800,1278179547,1693134201,237038.78814
2024-07-11,SH600500,中化国际,3.7,23451223,3586722753,3588523593,1327753.72941
2024-07-11,SH600229,城市传媒,6.79,4295000,671208000,671208000,455750.232
2024-07-11,SZ000999,华润三九,41.53,6719414,1275187655,1284639200,5335106.5976
2024-07-11,SZ000966,长源电力,4.45,18141700,2749327699,2749327699,1223450.826055
2024-07-11,SH600236,桂冠电力,8.11,13217583,7882377802,7882377802,6392608.397422
2024-07-11,SZ000967,盈峰环境,4.15,12084722,3165433838,3166941538,1314280.73827
2024-07-11,SH600230,沧州大化,9.55,4412576,413961015,416144936,397418.41388
2024-07-11,SZ000965,天保基建,2.54,15508563,1109830895,1109830895,281897.04733
2024-07-11,SZ000518,*ST四环,1.88,24656500,1029535693,1029556222,193556.569736
2024-07-11,SZ000970,中科三环,7.89,11398187,1215725773,1215725773,959207.634897
2024-07-11,SH600299,安迪苏,10.15,19058869,2681901273,2681901273,2722129.792095
2024-07-11,SH600008,首创环保,2.81,57278088,7340590677,7340590677,2062705.980237
2024-07-11,SZ000971,*ST高升,0.55,0,846658464,1048590126,57672.45693
2024-07-11,SZ000070,特发信息,4.36,18490956,888578626,900344760,392550.31536
2024-07-11,SH600231,凌钢股份,1.29,15801200,2852163977,2852163977,367929.153033
2024-07-11,SH600269,赣粤高速,5.09,16729550,2335407014,2335407014,1188722.170126
2024-07-11,SZ000978,桂林旅游,6.17,7301401,360080125,468130000,288836.21
2024-07-11,SZ000973,佛塑科技,3.64,8528599,967423171,967423171,352142.034244
2024-07-11,SH600256,广汇能源,6.04,83470395,6565755139,6565755139,3965716.103956
2024-07-11,SZ000301,东方盛虹,7.96,17185326,5497011778,6611214676,5262526.882096
2024-07-11,SZ000969,安泰科技,8.36,20364718,1025728146,1050788097,878458.849092
2024-07-11,SH600258,首旅酒店,12.59,12243865,1116603126,1116603126,1405803.335634
2024-07-11,SZ000976,*ST华铁,0.67,6628500,1594594814,1595678796,106910.479332
2024-07-11,SH600232,金鹰股份,4.46,5261977,364718544,364718544,162664.470624
2024-07-11,SZ000988,华工科技,30.88,30090489,1004985657,1005502707,3104992.359216
2024-07-11,SH600233,圆通速递,14.32,8249490,3445264737,3445264737,4933619.103384
2024-07-11,SZ000977,浪潮信息,38.95,121091940,1470243748,1472135122,5733966.30019
2024-07-11,SZ000975,山金国际,18.12,35272228,2486534116,2776722265,5031420.74418
2024-07-11,SH600237,铜峰电子,5.3,20879500,604484178,630629155,334233.45215
2024-07-11,SH600257,大湖股份,4.38,15725989,481237188,481237188,210781.888344
2024-07-11,SH600235,民丰特纸,4.73,7420661,351300000,351300000,166164.9
2024-07-11,SH600234,科新发展,2.26,1850509,202445880,262520973,59329.739898
2024-07-11,SZ000980,众泰汽车,1.4,77863203,4887894096,5042547739,705956.68346
2024-07-11,SZ000968,蓝焰控股,6,9159143,967502660,967502660,580501.596
2024-07-11,SZ000989,九芝堂,6.55,5325792,689874478,855942012,560642.01786
2024-07-11,SH600262,北方股份,16.68,2696000,170000000,170000000,283560
2024-07-11,SH600300,维维股份,2.44,29121102,1617142180,1617142180,394582.69192
2024-07-11,SH600130,*ST波导,3.26,14527002,768000000,768000000,250368
2024-07-11,SZ000982,中银绒业,0.18,0,4261877053,4261877053,76713.786954
2024-07-11,SZ000990,诚志股份,7.59,39451193,1215236335,1215237535,922365.289065
2024-07-11,SH600278,东方创业,5.42,4112132,871423725,882451235,478288.56937
2024-07-11,SH600301,华锡有色,19.92,19577500,275335681,632567479,1260074.418168
2024-07-11,SZ000987,越秀资本,5.02,11558005,5014976036,5017132462,2518600.495924
2024-07-11,SH600018,上港集团,6,30864354,23173674650,23284144750,13970486.85
2024-07-11,SH600289,ST信通,1.26,497500,565922684,631052069,79512.560694
2024-07-11,SH600261,阳光照明,2.74,6829400,1335052966,1335052966,365804.512684
2024-07-11,SZ000096,广聚能源,9.56,5578711,510848000,528000000,504768
2024-07-11,SZ000158,常山北明,5.86,34573150,1584283360,1598616721,936789.398506
2024-07-11,SH600267,海正药业,7.19,8790659,1191816856,1207873716,868461.201804
2024-07-11,SH600277,ST亿利,0.38,0,3560622194,3560622194,135303.643372
2024-07-11,SZ000985,大庆华科,12.16,1051220,129639500,129639500,157641.632
2024-07-11,SZ000983,山西焦煤,9.99,42183551,4640210998,5677101059,5671423.957941
2024-07-11,SZ000099,中信海直,15.94,32557631,710215136,775770137,1236577.598378
2024-07-11,SZ000993,闽东电力,9.01,7498884,439747572,457951455,412614.260955
2024-07-11,SH600279,重庆港,3.64,4756130,1186866283,1186866283,432019.327012
2024-07-11,SZ000997,新 大 陆,13.58,9185608,1026361151,1032062937,1401541.468446
2024-07-11,SH600298,安琪酵母,30.2,6687591,865958479,868669779,2623382.73258
2024-07-11,SH600265,ST景谷,13.9,581300,129800000,129800000,180422
2024-07-11,SH600287,苏豪时尚,3.09,161800,436796074,438847974,135604.023966
2024-07-11,SZ000151,中成股份,9.53,5871554,307934695,337370728,321514.303784
2024-07-11,SH600282,南钢股份,5.05,27845101,6165091011,6165091011,3113370.960555
2024-07-11,SH600293,三峡新材,2.53,9442550,1160145046,1160145046,293516.696638
2024-07-11,SZ000153,丰原药业,5.42,6908941,446813822,464836722,251941.503324
2024-07-11,SH600358,ST联合,2.44,13572200,504936660,504936660,123204.54504
2024-07-11,SH600246,万通发展,6.2,39192801,1987381962,1987381962,1232176.81644
2024-07-11,SZ000159,国际实业,5.24,5012044,480685993,480685993,251879.460332
2024-07-11,SH600280,中央商场,2.31,27963902,1128334788,1128334788,260645.336028
2024-07-11,SZ000972,*ST中基,2.24,10257900,771283579,771283579,172767.521696
2024-07-11,SH600308,华泰股份,3.21,8466421,1516870176,1516870176,486915.326496
2024-07-11,SZ000157,中联重科,7.61,52125061,7070510063,8677992236,6603952.091596
2024-07-11,SH600283,钱江水利,11.89,3069100,352995758,352995758,419711.956262
2024-07-11,SH600276,恒瑞医药,40.6,37980200,6379002274,6379002274,25898749.23244
2024-07-11,SH600285,羚锐制药,23.95,9452311,563187232,567140242,1358300.87959
2024-07-11,SZ000869,张  裕Ａ,21.61,1187490,453460800,692249559,1495951.296999
2024-07-11,SH600366,宁波韵升,5.48,15618643,1063885036,1111758051,609243.411948
2024-07-11,SH600292,电投水电,4.8,5702525,780816890,780816890,374792.1072
2024-07-11,SH600281,华阳新材,2.63,8513900,514402025,514402025,135287.732575
2024-07-11,SH600297,广汇汽车,0.87,502083892,8289548730,8289548730,721190.73951
2024-07-11,SH600243,*ST海华,2.67,8957261,438850000,438850000,117172.95
2024-07-11,SZ000488,ST晨鸣,3.49,14421604,1685544097,2956813200,1031927.8068
2024-07-11,SH600255,鑫科材料,1.92,39709678,1806146955,1806146955,346780.21536
2024-07-11,SH600337,美克家居,1.99,10298623,1479542537,1479542537,294428.964863
2024-07-11,SH600241,时代万恒,5.35,2757500,294302115,294302115,157451.631525
2024-07-11,SH600288,大恒科技,6.52,7641777,436800000,436800000,284793.6
2024-07-11,SH600252,中恒集团,2.23,26770100,3425208704,3451489454,769682.148242
2024-07-11,SH600422,昆药集团,16.82,9178992,756975757,757113997,1273465.742954
2024-07-11,SH600318,新力金融,6.21,14796802,512727632,512727632,318403.859472
2024-07-11,SH600333,长春燃气,3.72,4160885,609030684,609030684,226559.414448
2024-07-11,SZ000998,隆平高科,9.98,15546104,1296170565,1316970298,1314336.357404
2024-07-11,SH600019,宝钢股份,6.95,46570756,21857918984,22119857984,15373301.29888
2024-07-11,SH600302,标准股份,3.4,6295900,346009804,346009804,117643.33336
2024-07-11,SH600316,洪都航空,15.68,5070441,717114512,717114512,1124435.554816
2024-07-11,SH600038,中直股份,39,5844672,589476716,731605986,2853263.3454
2024-07-11,SH600016,民生银行,3.89,135562350,35462123213,43782418502,17031360.797278
2024-07-11,SH600307,酒钢宏兴,1.21,8721300,6263357424,6263357424,757866.248304
2024-07-11,SH600368,五洲交通,3.66,17746328,1609653858,1609653858,589133.312028
2024-07-11,SH600320,振华重工,3.51,36157507,3321997661,5268353501,1849192.078851
2024-07-11,SH600328,中盐化工,7.01,8453318,1459840452,1472224789,1032029.577089
2024-07-11,SH600345,长江通信,16.75,6554730,198000000,329612132,552100.3211
2024-07-11,SH600323,瀚蓝环境,22.83,10771275,815347146,815347146,1861437.534318
2024-07-11,SZ000726,鲁  泰Ａ,5.7,10506390,588543989,817364896,465897.99072
2024-07-11,SH600339,中油工程,3.09,28565834,5583147471,5583147471,1725192.568539
2024-07-11,SH600303,曙光股份,2.5,6906000,675604211,675604211,168901.05275
2024-07-11,SH600338,西藏珠峰,9.55,24971820,914210168,914210168,873070.71044
2024-07-11,SH600398,海澜之家,8.06,27870090,4802770296,4802770296,3871032.858576
2024-07-11,SH600399,抚顺特钢,6.2,102577614,1972100000,1972100000,1222702
2024-07-11,SH600336,澳柯玛,4.3,6255632,798014769,798014769,343146.35067
2024-07-11,SH600388,龙净环保,11.93,8693660,1081106642,1081106642,1289760.223906
2024-07-11,SH600309,万华化学,80.53,14511803,3139746626,3139746626,25284379.579178
2024-07-11,SH600400,红豆股份,2.21,12864394,2291371852,2296571852,507542.379292
2024-07-11,SH600369,西南证券,3.65,26096074,6315109124,6645109124,2425464.83026
2024-07-11,SH600389,江山股份,13.49,4760361,430650000,430650000,580946.85
2024-07-11,SH600378,昊华科技,27.78,2034041,903946881,911473807,2532074.235846
2024-07-11,SZ000725,京东方Ａ,4.31,516657788,36852705766,37649981416,16227141.990296
2024-07-11,SH600365,ST通葡,2.42,1893700,411160000,427400000,103430.8
2024-07-11,SH600390,五矿资本,4.13,26494199,4498065459,4498065459,1857701.034567
2024-07-11,SH600377,宁沪高速,13.01,6436151,3802183001,5037747500,6554109.4975
2024-07-11,SH600326,西藏天路,4.58,77480392,1287020013,1288814029,590276.825282
2024-07-11,SH600382,广东明珠,3.74,3190631,769205771,769205771,287682.958354
2024-07-11,SH600330,天通股份,6.68,17036640,1233434416,1233434416,823934.189888
2024-07-11,SH600332,白云山,29.45,8182480,1405890949,1625790949,4787954.344805
2024-07-11,SH600305,恒顺醋业,7.16,4532614,1112956032,1112956032,796876.518912
2024-07-11,SH600037,歌华有线,5.85,8255984,1391777884,1391777884,814190.06214
2024-07-11,SH600033,福建高速,3.63,35019403,2744400000,2744400000,996217.2
2024-07-11,SH600386,北巴传媒,2.9,22923920,806400000,806400000,233856
2024-07-11,SH600312,平高电气,20.7,21170619,1356921309,1356921309,2808827.10963
2024-07-11,SH600558,大西洋,3.55,8147177,897604831,897604831,318649.715005
2024-07-11,SH600272,开开实业,8.77,4424300,160000000,243000000,213111
2024-07-11,SH600550,保变电气,5.12,35022053,1841528480,1841528480,942862.58176
2024-07-11,SH600310,广西能源,3.84,32291120,1465710722,1465710722,562832.917248
2024-07-11,SH600335,国机汽车,6.18,32198663,1495788692,1495788692,924397.411656
2024-07-11,SH600250,南京商旅,7.3,13751200,284122040,310593879,226733.53167
2024-07-11,SH600010,包钢股份,1.43,127955536,31497121187,45404942248,6492906.741464
2024-07-11,SH600376,首开股份,2.08,13037905,2579565242,2579565242,536549.570336
2024-07-11,SH600315,上海家化,17.91,4928523,673194380,676223860,1211116.93326
2024-07-11,SH600360,*ST华微,3.17,89128517,960295304,960295304,304413.611368
2024-07-11,SH600518,康美药业,2.03,185959103,13612928105,13863866690,2814364.93807
2024-07-11,SH600367,红星发展,10.41,9039919,321973182,341130902,355117.268982
2024-07-11,SH600319,亚星化学,3.25,4255700,315594000,387709384,126005.5498
2024-07-11,SH600396,华电辽能,2.47,35790600,1472706817,1472706817,363758.583799
2024-07-11,SH600363,联创光电,28.2,6505714,455225750,455225750,1283736.615
2024-07-11,SH600383,金地集团,3.22,122574745,4514583572,4514583572,1453695.910184
2024-07-11,SH600356,恒丰纸业,6,2370800,298731378,298731378,179238.8268
2024-07-11,SH600295,鄂尔多斯,9.69,5851660,1975576254,2798776254,2712014.190126
2024-07-11,SH600381,*ST春天,2.26,4903730,587060741,587060741,132675.727466
2024-07-11,SH600588,用友网络,9.41,24542189,3416997409,3418521359,3216828.598819
2024-07-11,SH600568,ST中珠,1.23,3204620,1564948288,1992869681,245122.970763
2024-07-11,SH600528,中铁工业,7.26,7725737,2221551588,2221551588,1612846.452888
2024-07-11,SH600395,盘江股份,5.57,14505716,2146624894,2146624894,1195670.065958
2024-07-11,SH600329,达仁堂,33.4,5372546,565868076,770158276,2572328.64184
2024-07-11,SH600380,健康元,10.73,16237544,1874019337,1874019337,2010822.748601
2024-07-11,SH600589,大位科技,2.93,13205000,1478469890,1478469890,433191.67777
2024-07-11,SH600468,百利电气,4.21,11255000,1087735321,1087735321,457936.570141
2024-07-11,SH600501,航天晨光,12.72,16463656,424598450,431328600,548649.9792
2024-07-11,SH600488,津药药业,3.51,5617000,1091886680,1093932680,383970.37068
2024-07-11,SH600419,天润乳业,7.63,4294239,320190246,320190246,244305.157698
2024-07-11,SH600530,交大昂立,2.49,7197000,774920000,774920000,192955.08
2024-07-11,SH600028,中国石化,6.42,141192830,94971971046,121699823893,78131286.939306
2024-07-11,SH600569,安阳钢铁,1.47,8317971,2872421386,2872421386,422245.943742
2024-07-11,SH600346,恒力石化,14.22,18411523,7039099786,7039099786,10009599.895692
2024-07-11,SH600566,济川药业,31.76,11006290,915748160,921806660,2927657.95216
2024-07-11,SH600498,烽火通信,15.98,15422960,1149319182,1185491812,1894415.915576
2024-07-11,SH600418,江淮汽车,19.08,142971838,2184009791,2184009791,4167090.681228
2024-07-11,SH600539,狮头股份,3.69,7844488,230000000,230000000,84870
2024-07-11,SH600519,贵州茅台,1462.09,2902014,1256197800,1256197800,183667424.1402
2024-07-11,SH600599,*ST熊猫,8.4,727300,166000000,166000000,139440
2024-07-11,SH600508,上海能源,13.13,7098928,722718000,722718000,948928.734
2024-07-11,SH600448,华纺股份,1.96,14114020,629819662,629819662,123444.653752
2024-07-11,SH600596,新安股份,7.85,9685768,1292971908,1349597049,1059433.683465
2024-07-11,SH600322,津投城开,1.3,16788500,1105700000,1105700000,143741
2024-07-11,SH600361,创新新材,4.26,67679815,998402153,4336192838,1847218.148988
2024-07-11,SH600011,华能国际,8.97,90184876,10997709919,15698093359,14081189.743023
2024-07-11,SH600391,航发科技,14.65,2830834,330129367,330129367,483639.522655
2024-07-11,SH600567,山鹰国际,1.51,40669639,4470574012,4470574012,675056.675812
2024-07-11,SH600331,宏达股份,5.89,26358865,2032000000,2032000000,1196848
2024-07-11,SH600548,深高速,10.39,3864000,1433270326,2180770326,2265820.368714
2024-07-11,SH600506,统一股份,12.73,9590701,147706873,192018934,244440.102982
2024-07-11,SH600523,贵航股份,9.81,3447502,404044620,404311320,396629.40492
2024-07-11,SH600520,三佳科技,14.69,6277899,158430000,158430000,232733.67
2024-07-11,SH600362,江西铜业,24.77,31542652,2075247405,3462729405,8577180.736185
2024-07-11,SH600379,宝光股份,8.09,3279360,330201564,330201564,267133.065276
2024-07-11,SH600583,海油工程,5.91,18762163,4421354800,4421354800,2613020.6868
2024-07-11,SH600585,海螺水泥,24.8,14450712,3999702579,5299302579,13142270.39592
2024-07-11,SH600509,天富能源,5.13,18970900,1379032607,1379032607,707443.727391
2024-07-11,SH600373,中文传媒,14.11,19288617,1355063719,1355063719,1911994.907509
2024-07-11,SH600350,山东高速,8.79,8052550,4840397627,4840397627,4254709.514133
2024-07-11,SH600533,栖霞建设,1.77,18723900,1050000000,1050000000,185850
2024-07-11,SH600598,北大荒,12.84,9926078,1777679909,1777679909,2282541.003156
2024-07-11,SH600036,招商银行,32.9,73238896,20628944429,25219845601,82973292.02729
2024-07-11,SH600456,宝钛股份,25,5299443,477777539,477777539,1194443.8475
2024-07-11,SH600855,航天长峰,9.39,14199448,467639728,474192298,445266.567822
2024-07-11,SH600428,中远海特,6.04,20455200,2146650771,2146650771,1296577.065684
2024-07-11,SH600486,扬农化工,54.13,2202117,402868579,406759709,2201790.304817
2024-07-11,SH600833,第一医药,10.62,797500,223086347,223086347,236917.700514
2024-07-11,SH600837,海通证券,8.26,30074232,8873381180,13064200000,10791029.2
2024-07-11,SH600415,小商品城,7.57,36814463,5469530026,5484334176,4151640.971232
2024-07-11,SH600578,京能电力,3.41,40212500,6694621015,6694621015,2282865.766115
2024-07-11,SH600582,天地科技,6.38,19118980,4138588892,4138588892,2640419.713096
2024-07-11,SH600536,中国软件,28.89,12315563,842954830,850170397,2456142.276933
2024-07-11,SH600083,*ST博信,1.52,9365880,227993326,230000000,34960
2024-07-11,SH600845,宝信软件,31.3,8595047,2094334771,2884409605,9028202.06365
2024-07-11,SH600026,中远海能,14.57,20663373,3474776395,4770776395,6951021.207515
2024-07-11,SH600505,西昌电力,9.96,16314600,364567500,364567500,363109.23
2024-07-11,SH600529,山东药玻,24.93,6811970,663614113,663614113,1654389.983709
2024-07-11,SH600496,精工钢构,2.4,14651764,2012884418,2012884418,483092.26032
2024-07-11,SH600580,卧龙电驱,11.85,22077984,1308291126,1308291126,1550324.98431
2024-07-11,SH600355,*ST精伦,3.05,32516500,492089200,492089200,150087.206
2024-07-11,SH600510,黑牡丹,3.64,7458043,1031134952,1040559801,378763.767564
2024-07-11,SH600426,华鲁恒升,26.21,11094354,2115413276,2123319999,5565221.717379
2024-07-11,SZ000411,英特集团,9.51,2788301,320495853,522146167,496561.004817
2024-07-11,SH600327,大东方,3.36,9109704,884779518,884779518,297285.918048
2024-07-11,SH600595,中孚实业,2.86,78502480,3996430114,4009885114,1146827.142604
2024-07-11,SZ000536,华映科技,2.02,71033252,2763082516,2766032803,558738.626206
2024-07-11,SH600818,中路股份,13.82,7419200,237957910,321447910,444241.01162
2024-07-11,SH600397,江钨装备,1.82,9100500,989959882,989959882,180172.698524
2024-07-11,SH600590,泰豪科技,3.5,10923230,843569523,852869750,298504.4125
2024-07-11,SH600503,华丽家族,1.77,17775800,1602290000,1602290000,283605.33
2024-07-11,SH600721,百花医药,5.5,24215700,381993270,381993270,210096.2985
2024-07-11,SH600593,大连圣亚,18.34,5874400,128800000,128800000,236219.2
2024-07-11,SH600561,江西长运,3.97,15607501,284476800,284476800,112937.2896
2024-07-11,SH600416,湘电股份,9.52,11141239,1116288870,1325406445,1261786.93564
2024-07-11,SH600526,菲达环保,3.75,5299501,711626073,889703140,333638.6775
2024-07-11,SH600565,ST迪马,0.85,0,2491506284,2491506284,211778.03414
2024-07-11,SH600531,豫光金铅,6.8,46334998,1090242634,1090242634,741364.99112
2024-07-11,SH600592,龙溪股份,8.14,4489800,399553571,399553571,325236.606794
2024-07-11,SH600515,海南机场,3.17,30723950,9176012508,11425309602,3621823.143834
2024-07-11,SZ000546,金圆股份,4.04,9932800,711251954,778781962,314627.912648
2024-07-11,SH600579,中化装备,5.03,15316091,496491159,496491159,249735.052977
2024-07-11,SH600586,金晶科技,5.77,9887800,1428770000,1428770000,824400.29
2024-07-11,SH600581,八一钢铁,2.66,7637300,1532897870,1545222520,411029.19032
2024-07-11,SH600535,天士力,12.87,13512778,1493950005,1493950005,1922713.656435
2024-07-11,SH600597,光明乳业,7.87,6935027,1378455363,1378473763,1084858.851481
2024-07-11,SH600516,方大炭素,4.39,25438965,4025970368,4025970368,1767400.991552
2024-07-11,SH600743,华远控股,1.18,13538828,2346100874,2346100874,276839.903132
2024-07-11,SH600551,时代出版,7.21,4921140,678055239,678055239,488877.827319
2024-07-11,SH600577,精达股份,3.9,27341917,2079663612,2079663612,811068.80868
2024-07-11,SH600371,万向德农,6.97,2816643,292578000,292578000,203926.866
2024-07-11,SH600557,康缘药业,15.8,7687601,578497152,581797452,919239.97416
2024-07-11,SH600560,金自天正,12.85,2415900,223645500,223645500,287384.4675
2024-07-11,SZ000875,电投绿能,5.35,66203037,2789966299,2790208174,1492761.37309
2024-07-11,SH600351,亚宝药业,5.74,10283700,720000094,720000094,413280.053956
2024-07-11,SH600587,新华医疗,15.92,6817887,578693200,606686586,965845.044912
2024-07-11,SH600853,龙建股份,3.1,7898776,1008851946,1014777546,314581.03926
2024-07-11,SH600050,中国联通,4.75,133890095,30965652312,31800581312,15105276.1232
2024-07-11,SH600499,科达制造,8.05,25995383,1917856391,1917856391,1543874.394755
2024-07-11,SH600522,中天科技,15.19,64075717,3412949652,3412949652,5184270.521388
2024-07-11,SH600559,老白干酒,17.66,25999137,904271444,914747444,1615443.986104
2024-07-11,SH600571,信雅达,9.8,19488300,445640503,466318309,456991.94282
2024-07-11,SH600549,厦门钨业,17.32,14107821,1414648300,1418285200,2456469.9664
2024-07-11,SH600552,凯盛科技,9.46,12295800,944606894,944606894,893598.121724
2024-07-11,SH600353,旭光电子,6.09,10391340,828811159,831141319,506165.063271
2024-07-11,SH600511,国药股份,30.89,4000031,553346424,754502998,2330659.760822
2024-07-11,SH600525,ST长园,3.91,13672808,1309950152,1314815152,514092.724432
2024-07-11,SH600563,法拉电子,75.88,1920246,225000000,225000000,1707300
2024-07-11,SZ000557,西部创业,3.92,7369398,1457916198,1458374735,571682.89612
2024-07-11,SH600458,时代新材,10.05,5610498,802798152,824538152,828660.84276
2024-07-11,SH600512,腾达建设,1.96,8584601,1587405163,1598902832,313384.955072
2024-07-11,SH600030,中信证券,18.32,55823833,11366683345,14820546829,27151241.790728
2024-07-11,SH600759,洲际油气,2.64,13100356,4143685780,4149009280,1095338.44992
2024-07-11,SH600012,皖通高速,14.35,5634701,1165600000,1658610000,2380105.35
2024-07-11,SH600538,国发股份,3.94,12424800,524198348,524198348,206534.149112
2024-07-11,SH600537,亿晶光电,2.47,36979826,1183715018,1186215018,292995.109446
2024-07-11,SH600562,国睿科技,13.34,4834145,1234031757,1241857840,1656638.35856
2024-07-11,SH600408,安泰集团,1.62,7178300,1006800000,1006800000,163101.6
2024-07-11,SH600576,祥源文旅,4.38,6466000,673165849,1067324206,467488.002228
2024-07-11,SH600573,惠泉啤酒,8.82,4819710,250000000,250000000,220500
2024-07-11,SH600521,华海药业,17.8,20214078,1466755454,1466755454,2610824.70812
2024-07-11,SH600370,三房巷,1.31,16308000,3896353911,3896353911,510422.362341
2024-07-11,SH600460,士兰微,18.16,35133310,1664071845,1664071845,3021954.47052
2024-07-11,SH600513,联环药业,8.24,5268307,285456270,285456270,235215.96648
2024-07-11,SH600039,四川路桥,7.58,12997419,6679602565,8712818205,6604316.19939
2024-07-11,SH600575,淮河能源,3.77,30017700,3886261065,3886261065,1465120.421505
2024-07-11,SH600375,汉马科技,3.98,3071300,654314844,654314844,260417.307912
2024-07-11,SH600343,航天动力,7.58,5972002,638206348,638206348,483760.411784
2024-07-11,SH600502,安徽建工,4.22,15019294,1716533938,1716533938,724377.321836
2024-07-11,SH600481,双良节能,4.18,45476945,1870678411,1870678411,781943.575798
2024-07-11,SH600004,白云机场,9.85,20310138,2366718283,2366718283,2331217.508755
2024-07-11,SH600459,贵研铂业,13.88,12373755,747707618,760726670,1055888.61796
2024-07-11,SH600392,盛和资源,8.27,18640267,1752826570,1752826570,1449587.57339
2024-07-11,SH600584,长电科技,33.71,60189065,1789414570,1789414570,6032116.51547
2024-07-11,SH600251,冠农股份,7.41,5292000,776993583,776993583,575752.245003
2024-07-11,SH600436,片仔癀,209.39,2513711,603317210,603317210,12632859.06019
2024-07-11,SH600409,三友化工,5.7,31073792,2064349448,2064349448,1176679.18536
2024-07-11,SH600433,冠豪高新,2.76,9586804,1449663313,1830869098,505319.871048
2024-07-11,SH600490,鹏欣资源,2.5,60733461,1992621386,2212887079,553221.76975
2024-07-11,SH600273,嘉化能源,6.99,7304310,1391045207,1391045207,972340.599693
2024-07-11,SH600031,三一重工,16.32,68396965,8464215837,8485740237,13848728.066784
2024-07-11,SH600435,北方导航,8,21596894,1502221472,1502221472,1201777.1776
2024-07-11,SH600439,瑞贝卡,2.14,9671890,1131985440,1131985440,242244.88416
2024-07-11,SH600271,航天信息,8.14,29147771,1852884638,1852884638,1508248.095332
2024-07-11,SH600423,柳化股份,2.32,4588400,798695026,798695026,185297.246032
2024-07-11,SH600475,华光环能,8.65,4366757,942406491,943663118,816268.59707
2024-07-11,SH600425,青松建化,3.06,11190911,1378790086,1604703707,491039.334342
2024-07-11,SH600029,南方航空,6.03,69723708,12673339690,18120908426,10926907.780878
2024-07-11,SH600546,山煤国际,13.48,26657223,1982456140,1982456140,2672350.87672
2024-07-11,SH600352,浙江龙盛,8.8,11998696,3253331860,3253331860,2862932.0368
2024-07-11,SH600020,中原高速,3.65,9321384,2247371832,2247371832,820290.71868
2024-07-11,SH600489,中金黄金,17.39,58952840,4847312564,4847312564,8429476.548796
2024-07-11,SH600480,凌云股份,9.89,15414254,916965410,940498410,930152.92749
2024-07-11,SH600348,华阳股份,8.58,72165197,3607500000,3607500000,3095235
2024-07-11,SH600487,亨通光电,16.33,48731517,2466734657,2466734657,4028177.694881
2024-07-11,SH600547,山东黄金,29.72,30907384,3614443347,4473429525,13295032.5483
2024-07-11,SH600449,宁夏建材,11.68,6087073,478181042,478181042,558515.457056
2024-07-11,SH600462,退市九有,1.37,12711388,600465000,617080000,84539.96
2024-07-11,SH600858,银座股份,4.06,5187146,517548029,520066589,211147.035134
2024-07-11,SH600015,华夏银行,6.38,32660872,15387223983,15914928468,10153724.362584
2024-07-11,SH600429,三元股份,3.82,3300400,1497557426,1509176043,576505.248426
2024-07-11,SH600478,科力远,3.72,22263762,1665540916,1665540916,619581.220752
2024-07-11,SH600507,方大特钢,3.91,9197619,2313187890,2331060223,911444.547193
2024-07-11,SH600403,大有能源,2.49,9144600,2390812402,2390812402,595312.288098
2024-07-11,SH600517,国网英大,4.19,11777246,5718435744,5718435744,2396024.576736
2024-07-11,SH600406,国电南瑞,24.54,24418671,7984484714,8032824078,19712550.287412
2024-07-11,SH600469,风神股份,6.17,19857387,729450871,729450871,450071.187407
2024-07-11,SH600021,上海电力,9.92,36844664,2617164197,2816743645,2794209.69584
2024-07-11,SZ000678,襄阳轴承,3.84,8122301,459611797,459611797,176490.930048
2024-07-11,SH600184,光电股份,8.2,3045867,508760826,508760826,417183.87732
2024-07-11,SZ000826,启迪环境,1.43,25965293,1425172959,1425353248,203825.514464
2024-07-11,SZ000560,我爱我家,2.3,206046330,2248913211,2355500851,541765.19573
2024-07-11,SH600477,杭萧钢构,2.29,17479676,2368966150,2369111152,542526.453808
2024-07-11,SH600900,长江电力,30.19,74713995,24007256503,24468217716,73869549.284604
2024-07-11,SH600527,江南高纤,1.45,8060140,1731760902,1731760902,251105.33079
2024-07-11,SH600545,卓郎智能,1.38,38691800,1787912222,1787912222,246731.886636
2024-07-11,SH600476,湘邮科技,12.71,16669174,161070000,161070000,204719.97
2024-07-11,SH600570,恒生电子,16.84,19058914,1894144775,1894144775,3189739.8011
2024-07-11,SZ000851,*ST高鸿,1.51,60926945,1131742547,1157860020,174836.86302
2024-07-11,SH600446,金证股份,9.6,8397500,946275005,946275005,908424.0048
2024-07-11,SH600340,华夏幸福,1.03,68903210,3893355062,3913720342,403113.195226
2024-07-11,SH600540,新赛股份,3.39,5097455,581376960,581376960,197086.78944
2024-07-11,SZ000885,城发环境,11.8,2852067,642078255,642078255,757652.3409
2024-07-11,SH600354,敦煌种业,4.86,8987689,527802080,527802080,256511.81088
2024-07-11,SH600249,两面针,3.72,7247201,550000000,550000000,204600
2024-07-11,SZ000100,TCL科技,4.29,299411434,18101147558,18779080767,8056225.649043
2024-07-11,SH600387,退市海越,2.5,5763935,404048492,468144464,117036.116
2024-07-11,SH600444,国机通用,11.6,1837100,146421932,146421932,169849.44112
2024-07-11,SH600325,华发股份,6.03,32399400,2571240616,2752152116,1659547.725948
2024-07-11,SH600438,通威股份,17.25,37269810,4501977571,4501977571,7765911.309975
2024-07-11,SH600452,涪陵电力,8.88,11606400,1536541654,1536541654,1364448.988752
2024-07-11,SH600470,六国化工,4.17,15942626,521600000,521600000,217507.2
2024-07-11,SH600035,楚天高速,4.35,15278601,1610115901,1610115901,700400.416935
2024-07-11,SH600479,千金药业,10.17,5301652,418507117,423997117,431205.067989
2024-07-11,SH600284,浦东建设,5.34,7533875,970256000,970256000,518116.704
2024-07-11,SH600463,空港股份,7.65,2151600,300000000,300000000,229500
2024-07-11,SH600594,益佰制药,3.05,14578993,791927400,791927400,241537.857
2024-07-11,SH600543,莫高股份,4.19,11632669,321120000,321120000,134549.28
2024-07-11,SH600405,动力源,3.51,7317169,553275448,553275448,194199.682248
2024-07-11,SH600467,好当家,1.45,23922900,1460994304,1460994304,211844.17408
2024-07-11,SH600960,渤海汽车,2.72,21159900,950515518,950515518,258540.220896
2024-07-11,SH600969,郴电国际,5.55,15243794,370050484,370050484,205378.01862
2024-07-11,SH600572,康恩贝,4.52,25713108,2563295466,2570037319,1161656.868188
2024-07-11,SH600988,赤峰黄金,19.5,45806362,1663911378,1663911378,3244627.1871
2024-07-11,SH600976,健民集团,46.44,2212200,153113800,153398600,712383.0984
2024-07-11,SH600497,驰宏锌锗,5.77,188155226,5091291568,5091291568,2937675.234736
2024-07-11,SH600493,凤竹纺织,4.36,4225976,272000000,272000000,118592
2024-07-11,SH600986,浙文互联,4.05,16176560,1322425609,1487374062,602386.49511
2024-07-11,SH600410,华胜天成,3.82,15345800,1096494683,1096494683,418860.968906
2024-07-11,SH600985,淮北矿业,15.08,28388537,2693258709,2693258709,4061434.133172
2024-07-11,SH600990,四创电子,16.28,4322021,269012696,276009092,449342.801776
2024-07-11,SH600114,东睦股份,14.65,23166828,616383477,616383477,903001.793805
2024-07-11,SH600980,北矿科技,13.02,1500400,175677206,189263526,246421.110852
2024-07-11,SH600992,贵绳股份,16.12,9283200,245090000,245090000,395085.08
2024-07-11,SH600993,马应龙,26,5365681,430307016,431053891,1120740.1166
2024-07-11,SH600967,内蒙一机,6.98,12269763,1698676887,1702636737,1188440.442426
2024-07-11,SH600491,龙元建设,2.49,14482575,1529757955,1529757955,380909.730795
2024-07-11,SH600963,岳阳林纸,3.49,23172410,1778472163,1800976109,628540.662041
2024-07-11,SH600495,晋西车轴,3.06,10028200,1208190886,1208190886,369706.411116
2024-07-11,SH600483,福能股份,11.75,11285768,2585966013,2585966013,3038510.065275
2024-07-11,SH600461,洪城环境,11.58,8907944,1142572381,1229044002,1423232.954316
2024-07-11,SH600997,开滦股份,6.64,7396700,1587799851,1587799851,1054299.101064
2024-07-11,SH600421,*ST华嵘,6.47,3997800,195600000,195600000,126553.2
2024-07-11,SH600966,博汇纸业,4.7,9769844,1336844288,1336844288,628316.81536
2024-07-11,SH600975,新五丰,6.52,43533200,864590731,1261292033,822362.405516
2024-07-11,SH600995,南网储能,9.44,6381891,1109101643,3196005805,3017029.47992
2024-07-11,SH600420,国药现代,11.95,25919105,1341172692,1341172692,1602701.36694
2024-07-11,SH600962,国投中鲁,12.04,3148700,262210000,262210000,315700.84
2024-07-11,SH600143,金发科技,6.24,13282491,2573622343,2670649486,1666485.279264
2024-07-11,SZ002001,新 和 成,20.49,43668339,3054497604,3090907356,6333269.172444
2024-07-11,SZ002007,华兰生物,16.33,20803759,1573586894,1828780926,2986399.252158
2024-07-11,SZ002005,ST德豪,1.01,14259001,1752424858,1752424858,176994.910658
2024-07-11,SZ002003,伟星股份,12.74,10810652,870873740,1169141853,1489486.720722
2024-07-11,SZ002008,大族激光,21.86,47832024,979283962,1052193000,2300093.898
2024-07-11,SZ002004,华邦健康,3.87,18870669,1882266504,1979919191,766228.726917
2024-07-11,SZ002006,精工科技,13.14,6224519,455160000,455160000,598080.24
2024-07-11,SZ002009,天奇股份,11.1,8032000,400732001,402233207,446478.85977
2024-07-11,SH600022,山东钢铁,1.24,26922514,10698849554,10698849554,1326657.344696
2024-07-11,SZ002010,传化智联,3.85,12792097,2781279606,2787970508,1073368.64558
2024-07-11,SH600981,苏豪汇鸿,1.66,29159101,2242433192,2242433192,372243.909872
2024-07-11,SZ002012,凯恩股份,3.17,7615901,466537641,467625470,148237.27399
2024-07-11,SZ002011,盾安环境,11.1,20769360,916312180,1065436182,1182634.16202
2024-07-11,SH600982,宁波能源,3.57,6730600,1117627485,1117627485,398993.012145
2024-07-11,SH600984,建设机械,2.38,16625026,1257043925,1257043925,299176.45415
2024-07-11,SZ002015,协鑫能科,7.99,30403518,1623324614,1623324614,1297036.366586
2024-07-11,SZ002016,世荣兆业,6.25,8989594,809095632,809095632,505684.77
2024-07-11,SZ002014,永新股份,9.6,2242496,604099376,612491866,587992.19136
2024-07-11,SZ002019,亿帆医药,12.23,10607595,851113472,1226024827,1499428.363421
2024-07-11,SZ002017,东信和平,8.37,5519069,579090413,580431909,485821.507833
2024-07-11,SH600965,福成股份,3.64,4257351,818700955,818700955,298007.14762
2024-07-11,SH600482,中国动力,22.09,38850913,2190711509,2190711509,4839281.723381
2024-07-11,SZ002020,京新药业,10.74,10660496,656400768,861029140,924745.29636
2024-07-11,SZ002021,中捷资源,1.76,59584269,1205372391,1205411823,212152.480848
2024-07-11,SZ002023,海特高新,9.08,11439200,740860235,740860235,672701.09338
2024-07-11,SZ002022,科华生物,5.44,8696440,514244148,514317273,279788.596512
2024-07-11,SZ002024,ST易购,1.28,18465106,9200287368,9264767618,1185890.255104
2024-07-11,SZ002025,航天电器,43.53,3627754,452561028,456870256,1988756.224368
2024-07-11,SZ002026,山东威达,9.24,33900614,428011978,445550168,411688.355232
2024-07-11,SH600983,惠而浦,7.24,2539616,766439000,766439000,554901.836
2024-07-11,SH600973,宝胜股份,3.44,10464227,1371366248,1371366248,471749.989312
2024-07-11,SZ002027,分众传媒,5.74,355669885,14442199726,14442199726,8289822.642724
2024-07-11,SZ002028,思源电气,64.11,6290693,602636711,774213282,4963481.350902
2024-07-11,SZ002029,七 匹 狼,4.95,3951309,665405959,705023537,348986.650815
2024-07-11,SH600987,航民股份,6.7,5459525,1050818859,1050818859,704048.63553
2024-07-11,SZ002030,达安基因,5.03,16928721,1403446032,1403446032,705933.354096
2024-07-11,SZ002031,巨轮智能,2.35,67604810,1980103623,2199395670,516857.98245
2024-07-11,SZ002032,苏 泊 尔,48.45,1390720,799387340,801558657,3883551.693165
2024-07-11,SH600971,恒源煤电,11.27,9411741,1200004884,1200004884,1352405.504268
2024-07-11,SZ002033,丽江股份,9.13,12549700,549480181,549490711,501685.019143
2024-07-11,SZ002034,旺能环境,13.05,2221000,426665443,429496231,560492.581455
2024-07-11,SH600961,株冶集团,9.19,33746532,751812398,1072872703,985970.014057
2024-07-11,SZ002035,华帝股份,6.37,18840800,780523042,847653618,539955.354666
2024-07-11,SZ002036,联创电子,7.16,78765280,1053521028,1068568522,765095.061752
2024-07-11,SH600979,广安爱众,3.48,37826513,1232259790,1261656994,439056.633912
2024-07-11,SZ002037,保利联合,6.47,14493235,483883566,483883566,313072.667202
2024-07-11,SZ002038,双鹭药业,6.97,21261385,851478144,1027350000,716062.95
2024-07-11,SZ000695,滨海能源,7.87,791858,221721339,222147539,174830.113193
2024-07-11,SH600873,梅花生物,10.43,18445298,2852788750,2852788750,2975458.66625
2024-07-11,SZ000951,中国重汽,14.07,11976655,1174869360,1174869360,1653041.18952
2024-07-11,SH600862,中航高科,18.92,8230763,1393049107,1393049107,2635648.910444
2024-07-11,SH600182,S佳通,13.8,1243951,170000000,340000000,469200
2024-07-11,SH600613,神奇制药,5.51,5821056,479319978,534071628,294273.467028
2024-07-11,SH600615,鑫源智造,8.73,1766600,187624508,188020508,164141.903484
2024-07-11,SH600053,九鼎投资,12.42,7949680,433540800,433540800,538457.6736
2024-07-11,SH600027,华电国际,6.3,161320404,8510327533,10227561133,6443363.51379
2024-07-11,SZ002039,黔源电力,17.77,5058960,427558126,427558126,759770.789902
2024-07-11,SZ002040,南 京 港,5.39,2790001,483966800,490694690,264484.43791
2024-07-11,SH600970,中材国际,10.29,18961802,1757663930,2642021768,2718640.399272
2024-07-11,SZ002041,登海种业,8.27,5898450,880000000,880000000,727760
2024-07-11,SZ002042,华孚时尚,3.94,25963498,1700681355,1700681355,670068.45387
2024-07-11,SZ002043,兔 宝 宝,9.51,10381910,733461198,839146372,798028.199772
2024-07-11,SZ002044,美年健康,3.58,48584110,3871855751,3914253923,1401302.904434
2024-07-11,SZ002045,国光电器,13.83,37483104,467733663,568102832,785686.216656
2024-07-11,SZ002046,国机精工,9.84,6581400,525869983,528957865,520494.53916
2024-07-11,SZ000409,云鼎科技,7.93,8000200,423376995,676350505,536345.950465
2024-07-11,SZ002047,*ST宝鹰,1.54,35206355,1341216855,1516248693,233502.298722
2024-07-11,SZ002048,宁波华翔,13.41,5989780,522214362,814095508,1091702.076228
2024-07-11,SZ002049,紫光国微,51.82,13766395,849471925,849621775,4402740.03805
2024-07-11,SZ002050,三花智控,19.78,56980621,3670567033,3732615535,7383113.52823
2024-07-11,SZ000561,烽火电子,6.01,6374322,602026686,604272777,363167.938977
2024-07-11,SH600751,海航科技,2.21,18050982,2573189052,2899337783,640753.650043
2024-07-11,SH600617,国新能源,2.52,19317240,1775542689,1929191776,486156.327552
2024-07-11,SH600892,*ST大晟,3.81,3758300,559319536,559464188,213155.855628
2024-07-11,SZ000718,苏宁环球,1.7,22985909,2289754222,3034636384,515888.18528
2024-07-11,SH600844,金煤科技,2.34,6488000,822730634,1016524240,237866.67216
2024-07-11,SZ000552,甘肃能化,3.28,36017540,3725773985,5351798538,1755389.920464
2024-07-11,SZ002051,中工国际,6.8,6476054,1237090423,1237408937,841438.07716
2024-07-11,SH601001,晋控煤业,16.15,14980913,1673700000,1673700000,2703025.5
2024-07-11,SZ002053,云南能投,11.88,7977691,920700299,920729464,1093826.603232
2024-07-11,SZ002052,同洲电子,1.13,24066383,745959694,745959694,84293.445422
2024-07-11,SH601988,中国银行,4.7,215789636,210765514846,294387791241,138362261.88327
2024-07-11,SZ002055,ST得润,7.19,74465352,589330254,604490017,434628.322223
2024-07-11,SZ002054,德美化工,5.04,4174062,383094002,482115452,242986.187808
2024-07-11,SH600048,保利发展,8.69,95413884,11970443418,11970443418,10402315.330242
2024-07-11,SH601006,大秦铁路,6.76,117533536,18141518394,18141518394,12263666.434344
2024-07-11,SZ002056,横店东磁,12.17,10903882,1625058009,1626712074,1979708.594058
2024-07-11,SZ002057,中钢天源,6.92,6253700,746187776,759047776,525261.060992
2024-07-11,SZ002058,*ST威尔,7.16,2783500,143117781,143448332,102709.005712
2024-07-11,SZ002060,广东建工,3.39,12418490,1562814660,3754393242,1272739.309038
2024-07-11,SZ002059,云南旅游,4.84,8205760,943861051,1012434813,490018.449492
2024-07-11,SZ002061,浙江交科,3.62,14699617,2599137900,2599137900,940887.9198
2024-07-11,SZ002062,宏润建设,3.5,5289356,989930037,1102500000,385875
2024-07-11,SH601111,中国国航,7.25,61761988,11023584324,16593720146,12030447.10585
2024-07-11,SZ002066,瑞泰科技,7.97,2280349,231000000,231000000,184107
2024-07-11,SZ002063,远光软件,5.3,21866420,1754089336,1905096000,1009700.88
2024-07-11,SZ002064,华峰化学,7.17,21310460,4951990572,4962543897,3558143.974149
2024-07-11,SZ002065,东华软件,4.56,17515168,2907921649,3205482375,1461699.963
2024-07-11,SZ002068,黑猫股份,7.17,17351500,734871196,741412396,531592.687932
2024-07-11,SZ002067,景兴纸业,2.79,14823800,1056725620,1193975620,333119.19798
2024-07-11,SH601699,潞安环能,16.54,23092935,2991409200,2991409200,4947790.8168
2024-07-11,SZ002069,獐子岛,2.45,12548318,710216194,711112194,174222.48753
2024-07-11,SH601588,北辰实业,1.34,21226660,2660000000,3367020000,451180.68
2024-07-11,SH600017,日照港,2.72,22484901,3075653888,3075653888,836577.857536
2024-07-11,SZ002073,软控股份,7.99,22118378,960750474,1014309874,810433.589326
2024-07-11,SZ002072,凯瑞德,2.9,8000700,257207800,367680000,106627.2
2024-07-11,SZ002074,国轩高科,18.8,15855235,1328559321,1790557704,3366248.48352
2024-07-11,SZ002076,*ST星光,1.51,23184308,1036640133,1109124491,167477.798141
2024-07-11,SH601398,工商银行,5.93,376798473,269612212539,356406257089,211348910.453777
2024-07-11,SZ002078,太阳纸业,14.63,18829769,2764880988,2794573119,4088460.473097
2024-07-11,SZ002079,苏州固锝,8.31,28985470,807090661,808086116,671519.562396
2024-07-11,SZ002077,大港股份,11.11,16037152,580348513,580348513,644767.197943
2024-07-11,SZ002081,金 螳 螂,3.01,13315700,2643055553,2655323689,799252.430389
2024-07-11,SZ002082,万邦德,4.2,4442501,616689055,616689055,259009.4031
2024-07-11,SZ002080,中材科技,11.52,18182903,1678123584,1678123584,1933198.368768
2024-07-11,SH601666,平煤股份,10.42,33627802,2469341073,2476378233,2580386.118786
2024-07-11,SZ002084,海鸥住工,2.51,12045940,647281618,650859649,163365.771899
2024-07-11,SZ002083,孚日股份,4.5,9373098,780705056,781018556,351458.3502
2024-07-11,SZ002086,东方海洋,1.95,8053500,890946500,1958946500,381994.5675
2024-07-11,SZ002085,万丰奥威,12.8,93817967,2123297520,2123297520,2717820.8256
2024-07-11,SZ002088,鲁阳节能,12.59,2203593,504281148,511877586,644453.880774
2024-07-11,SH601872,招商轮船,8.27,30991889,8143806353,8143806353,6734927.853931
2024-07-11,SZ002092,中泰化学,3.87,13910750,2575643942,2590019517,1002337.553079
2024-07-11,SZ002091,江苏国泰,6.84,6037900,1597231470,1627612195,1113286.74138
2024-07-11,SZ002090,金智科技,8.22,5602100,396017512,400577071,329274.352362
2024-07-11,SZ002095,生 意 宝,12.01,3131766,251708415,252720000,303516.72
2024-07-11,SZ002093,国脉科技,6.13,10903984,1006866250,1007500000,617597.5
2024-07-11,SZ002094,青岛金王,2.05,67766566,690453549,690897549,141633.997545
2024-07-11,SH601991,大唐发电,3.14,197684120,12396089106,18506710504,5811107.098256
2024-07-11,SZ002096,易普力,11.65,7831900,488434856,1240440770,1445113.49705
2024-07-11,SZ002097,山河智能,5.95,12204565,1072676639,1074617264,639397.27208
2024-07-11,SZ002098,浔兴股份,5.52,1791104,358000000,358000000,197616
2024-07-11,SH601333,广深铁路,3.38,49670463,5652237000,7083537000,2394235.506
2024-07-11,SZ002100,天康生物,6.75,21865035,1365251515,1365251515,921544.772625
2024-07-11,SZ002099,海翔药业,5.15,7406900,1617129003,1618715253,833638.355295
2024-07-11,SZ002102,能特科技,2.41,19633400,2331104734,2633836290,634754.54589
2024-07-11,SZ002101,广东鸿图,10.31,6703087,622958866,664649239,685253.365409
2024-07-11,SH601628,中国人寿,30.85,7671304,20823530000,28264705000,87196614.925
2024-07-11,SZ002103,广博股份,4.85,9650400,377075188,534272953,259122.382205
2024-07-11,SZ002104,恒宝股份,5.24,7402731,595353779,703880154,368833.200696
2024-07-11,SZ002105,信隆健康,4.01,6749414,364498900,368160000,147632.16
2024-07-11,SZ002106,莱宝高科,10.8,25777111,703946128,705816160,762281.4528
2024-07-11,SZ002108,沧州明珠,3.07,13904215,1648363706,1672697766,513518.214162
2024-07-11,SZ002107,沃华医药,3.99,4555661,569616650,577209600,230306.6304
2024-07-11,SZ002110,三钢闽光,3.01,7934359,2429076227,2451576238,737924.447638
2024-07-11,SZ002111,威海广泰,10.99,12960016,476491438,531303876,583902.959724
2024-07-11,SH601002,晋亿实业,2.9,6080864,954440720,956739920,277454.5768
2024-07-11,SZ002109,兴化股份,3.24,3462961,1052944789,1276269851,413511.431724
2024-07-11,SH601166,兴业银行,16.48,49920383,20774300296,20774300296,34236046.887808
2024-07-11,SZ002112,三变科技,8.86,8790780,262080000,262080000,232202.88
2024-07-11,SZ002116,中国海诚,9.02,4566290,453939089,466364611,420660.879122
2024-07-11,SZ002115,三维通信,4.43,38931117,752195532,810991332,359269.160076
2024-07-11,SZ002114,罗平锌电,4.45,12104010,323390823,323395267,143910.893815
2024-07-11,SH601003,柳钢股份,2.61,4038680,2562793200,2562793200,668889.0252
2024-07-11,SH601005,重庆钢铁,1.05,73029300,8380475067,8918602267,936453.238035
2024-07-11,SH601318,中国平安,41.94,37556984,10762657695,18210234607,76373723.941758
2024-07-11,SZ002117,东港股份,7.05,8003895,545491146,545666421,384694.826805
2024-07-11,SZ002119,康强电子,12,37926500,375284000,375284000,450340.8
2024-07-11,SZ002120,韵达股份,7.16,18236743,2815123269,2899194682,2075823.392312
2024-07-11,SZ002121,科陆电子,3.76,13695700,1399922404,1660816688,624467.074688
2024-07-11,SZ002122,ST汇洲,2.05,67095200,1987286001,2000069750,410014.29875
2024-07-11,SZ002123,梦网科技,6.48,13642296,686880328,800401400,518660.1072
2024-07-11,SZ000650,仁和药业,5.82,17940600,1331385834,1399938234,814764.052188
2024-07-11,SZ002124,天邦食品,2.11,54569087,1561609792,2221933832,468828.038552
2024-07-11,SZ002125,湘潭电化,9.6,11982204,629481713,629481713,604302.44448
2024-07-11,SH601007,金陵饭店,6.31,3973800,390000000,390000000,246090
2024-07-11,SZ002127,南极电商,2.67,29730943,1994704197,2454870403,655450.397601
2024-07-11,SZ002128,电投能源,21.52,15183808,2113573493,2241573493,4823866.156936
2024-07-11,SZ002126,银轮股份,17.9,10944586,778247709,827674256,1481536.91824
2024-07-11,SZ002130,沃尔核材,16.02,158781595,1249149129,1259898562,2018357.496324
2024-07-11,SZ002129,TCL中环,8.5,82060631,4039719405,4043115773,3436648.40705
2024-07-11,SH601008,连云港,3.52,6159120,1240638006,1240638006,436704.578112
2024-07-11,SZ002132,恒星科技,2.14,16983950,1399482156,1401544698,299930.565372
2024-07-11,SZ002131,利欧股份,1.5,157453741,5851236732,6771505428,1015725.8142
2024-07-11,SZ002133,广宇集团,2.15,9319443,769870201,774144175,166440.997625
2024-07-11,SH601998,中信银行,6.38,41765771,38574376611,53456539588,34105272.257144
2024-07-11,SZ000880,潍柴重机,7.6,2544566,162162000,331320600,251803.656
2024-07-11,SZ000338,潍柴动力,14.28,58068459,4971632186,8726556821,12461523.140388
2024-07-11,SH601600,中国铝业,7.8,185017198,13123099741,17158381228,13383537.35784
2024-07-11,SH601328,交通银行,7.35,108108022,39250864015,74262726645,54583104.084075
2024-07-11,SZ002134,天津普林,8.84,13236500,245849768,245849768,217331.194912
2024-07-11,SZ002135,东南网架,3.88,9828900,1077947776,1149598194,446044.099272
2024-07-11,SZ002136,安 纳 达,9.51,2260800,214455760,215020000,204484.02
2024-07-11,SZ002137,实益达,4.74,9812213,396458956,577504854,273737.300796
2024-07-11,SZ002138,顺络电子,27.04,19870369,743133572,806318354,2180284.829216
2024-07-11,SH601919,中远海控,14.2,128066513,12760825965,15960605965,22664060.4703
2024-07-11,SZ002139,拓邦股份,11.26,35734236,1071401697,1246834988,1403936.196488
2024-07-11,SH600213,*ST亚星,5.88,2671913,286000000,286000000,168168
2024-07-11,SZ002140,东华科技,7.73,5199540,540371306,708040122,547315.014306
2024-07-11,SH601168,西部矿业,19.39,29169371,2383000000,2383000000,4620637
2024-07-11,SZ002142,宁波银行,21.2,30677929,6525025310,6603590792,13999612.47904
2024-07-11,SH601009,南京银行,9.99,23492506,9212685259,10343793521,10333449.727479
2024-07-11,SZ002141,贤丰控股,0.96,13940500,1032935798,1134656519,108927.025824
2024-07-11,SZ002144,宏达高科,8.39,1739900,137899605,176762528,148303.760992
2024-07-11,SZ002145,钛能化学,3.44,47999110,3870678675,3871026315,1331633.05236
2024-07-11,SZ002146,荣盛发展,1.41,106483245,3900271351,4348163851,613091.102991
2024-07-11,SZ002150,正泰电源,12.63,3993628,355214903,362027053,457240.167939
2024-07-11,SZ002148,北纬科技,4.6,12742900,448667886,561001330,258060.6118
2024-07-11,SZ002149,西部材料,13.47,5126309,488139274,488214274,657624.627078
2024-07-11,SZ002151,北斗星通,24.06,5159839,441540120,543532558,1307739.334548
2024-07-11,SZ002153,石基信息,5.59,11462958,1599763804,2729193841,1525619.357119
2024-07-11,SZ002152,广电运通,10.42,14883170,2482133713,2483382898,2587684.979716
2024-07-11,SZ002156,通富微电,23.33,99157751,1517430772,1517596912,3540553.595696
2024-07-11,SZ002155,湖南黄金,19.22,57219485,1201913267,1202039474,2310319.869028
2024-07-11,SZ002154,报 喜 鸟,4.38,35053115,1176916188,1459333729,639188.173302
2024-07-11,SZ002157,正邦科技,2.93,37801244,5928569847,9298081339,2724337.832327
2024-07-11,SZ002159,三特索道,13.22,2960760,137878236,177301325,234392.35165
2024-07-11,SZ002158,汉钟精机,16.35,2923899,533581824,534724139,874273.967265
2024-07-11,SZ002160,常铝股份,2.82,12189301,793530298,1032781167,291244.289094
2024-07-11,SZ002161,远 望 谷,4.79,28796566,713459304,739757400,354343.7946
2024-07-11,SZ002164,宁波东力,3.78,7422492,480900218,532173689,201161.654442
2024-07-11,SZ002163,海南发展,5.52,7472881,803550000,844957867,466416.742584
2024-07-11,SZ002162,悦心健康,2.75,12462920,919413977,920301277,253082.851175
2024-07-11,SZ002167,东方锆业,5.67,30194273,758721963,774673300,439239.7611
2024-07-11,SZ002166,莱茵生物,7.06,16554405,513529138,741986825,523842.69845
2024-07-11,SZ002165,红 宝 丽,3.67,40949537,727666996,735269837,269844.030179
2024-07-11,SZ002168,*ST惠程,2.12,20478534,782322418,784163368,166242.634016
2024-07-11,SZ002170,芭田股份,6.05,14026182,710465781,891165288,539154.99924
2024-07-11,SZ002169,智光电气,4.39,7583700,763761867,787791994,345840.685366
2024-07-11,SH601169,北京银行,5.5,86058773,21142984272,21142984272,11628641.3496
2024-07-11,SZ002172,澳洋健康,2.45,11533750,765271980,765732360,187604.4282
2024-07-11,SZ002171,楚江新材,6.62,13006762,1297531822,1324246265,876651.02743
2024-07-11,SZ002174,游族网络,7.47,10169832,914494193,915910493,684185.138271
2024-07-11,SZ002173,创新医疗,6.44,10554630,416304443,441284352,284187.122688
2024-07-11,SH601939,建设银行,7.69,136227677,9593657606,250010977486,192258441.686734
2024-07-11,SH601808,中海油服,16.17,6924082,2960468000,4771592000,7715664.264
2024-07-11,SH601088,中国神华,41.68,34006914,16491037955,19868519955,82811991.17244
2024-07-11,SZ002176,江特电机,7.78,52910797,1706019116,1706325581,1327521.302018
2024-07-11,SZ002175,东方智造,1.74,23555640,1276773227,1276780727,222159.846498
2024-07-11,SH600629,华建集团,4.29,9294356,944658954,970556038,416368.540302
2024-07-11,SZ002179,中航光电,36.52,7227523,2063842375,2119661396,7741003.418192
2024-07-11,SZ002177,御银股份,3.14,21381750,669210114,761191294,239014.066316
2024-07-11,SZ002178,延华智能,3.39,59170398,711783158,712153001,241419.867339
2024-07-11,SH601857,中国石油,10.46,139759018,161922077818,183020977818,191439942.797628
2024-07-11,SZ002182,宝武镁业,11.35,13205020,778708260,991791553,1125683.412655
2024-07-11,SZ002183,怡 亚 通,2.88,25351398,2596994091,2597009091,747938.618208
2024-07-11,SZ002180,纳思达,27.66,11687484,1309137325,1416509714,3918065.868924
2024-07-11,SZ002184,海得控制,8.62,6304963,240151004,351908370,303345.01494
2024-07-11,SZ002181,粤 传 媒,3.18,8126130,1134462472,1161058174,369216.499332
2024-07-11,SZ002185,华天科技,8.64,59188508,3203749318,3204484648,2768674.735872
2024-07-11,SZ002186,全 聚 德,8.89,3437200,306414588,306921588,272853.291732
2024-07-11,SZ002188,中天服务,4.15,6860577,240908296,292538575,121403.508625
2024-07-11,SZ002187,广百股份,4.21,4579700,517110966,704038932,296400.390372
2024-07-11,SZ002190,成飞集成,13.94,2331800,358729343,358729343,500068.704142
2024-07-11,SZ002189,中光学,14.39,6231172,261173436,261199273,375865.753847
2024-07-11,SH601390,中国中铁,6.22,89331045,20418938519,24750629817,15394891.746174
2024-07-11,SZ002191,劲嘉股份,3.74,14585501,1425912145,1462076254,546816.518996
2024-07-11,SZ002192,融捷股份,31.39,14378443,259120228,259655203,815057.682217
2024-07-11,SZ002193,如意集团,2.9,7973500,261714050,261715550,75897.5095
2024-07-11,SZ002194,武汉凡谷,7.98,9655742,509075511,683285806,545262.073188
2024-07-11,SZ002196,方正电机,4.13,8916420,492185018,497669930,205537.68109
2024-07-11,SZ002195,岩山科技,2.43,93442855,5613049012,5681544596,1380615.336828
2024-07-11,SH601866,中远海发,2.52,50783858,8234629789,13575938612,3421136.530224
2024-07-11,SZ002198,嘉应制药,6.81,35150288,507509848,507509848,345614.206488
2024-07-11,SZ002197,证通电子,3.53,2519924,534311562,614362928,216870.113584
2024-07-11,SH601918,新集能源,9.86,18801816,2590541800,2590541800,2554274.2148
2024-07-11,SZ002199,*ST东晶,6.04,18755600,243442363,243442363,147039.187252
2024-07-11,SZ002200,*ST交投,5.37,1147781,184132890,184132890,98879.36193
2024-07-11,SH601999,出版传媒,5.21,4147500,550914700,550914700,287026.5587
2024-07-11,SH601601,中国太保,28.25,28084081,6845041455,9620341455,27177464.610375
2024-07-11,SZ002202,金风科技,6.95,26981457,3394099179,4225067647,2936422.014665
2024-07-11,SZ002201,九鼎新材,4.63,4785528,650251938,651636241,301707.579583
2024-07-11,SH601099,太平洋,3.09,144144422,6816316370,6816316370,2106241.75833
2024-07-11,SZ002203,海亮股份,8.37,8190462,1932648688,1998319791,1672593.665067
2024-07-11,SZ002204,大连重工,4.22,10894091,1931370032,1931370032,815038.153504
2024-07-11,SZ002205,国统股份,6.02,3473989,185843228,185843228,111877.623256
2024-07-11,SZ002206,海 利 得,3.92,15625750,915995461,1164502220,456484.87024
2024-07-11,SZ002207,准油股份,4.05,5936093,260807600,262055378,106132.42809
2024-07-11,SZ002208,合肥城建,4.24,6504217,802238168,803291894,340595.763056
2024-07-11,SZ002209,达 意 隆,7.55,3450700,154217909,199029050,150266.93275
2024-07-11,SZ002210,飞马国际,1.39,12711700,2661223174,2661232774,369911.355586
2024-07-11,SZ002212,天融信,4.71,19831249,1167376933,1179453879,555522.777009
2024-07-11,SH601898,中煤能源,12.05,30409472,9152000400,13258663400,15976689.397
2024-07-11,SZ002211,ST宏达,2.46,15822000,432288129,432475779,106389.041634
2024-07-11,SZ002213,大为股份,9.9,6243999,236000000,237250000,234877.5
2024-07-11,SZ002214,*ST大立,11.84,6765096,479018901,599237935,709497.71504
2024-07-11,SZ002215,诺 普 信,7.57,12106605,794015815,1012500927,766463.201739
2024-07-11,SZ002217,合力泰,1.27,36261300,3116316236,3116416220,395784.85994
2024-07-11,SZ002216,三全食品,11.11,1992070,630256229,879184048,976773.477328
2024-07-11,SZ002218,拓日新能,2.85,20087690,1392398249,1413020549,402710.856465
2024-07-11,SZ002219,新里程,1.86,31513195,3284088220,3410758753,634401.128058
2024-07-11,SZ002221,东华能源,8.45,5803972,1460889862,1576127767,1331827.963115
2024-07-11,SH601186,中国铁建,8.3,44389876,11503245500,13579541500,11271019.445
2024-07-11,SZ002222,福晶科技,22.48,11375875,468151715,470250000,1057122
2024-07-11,SZ000592,平潭发展,1.39,50424200,1913936915,1931780892,268517.543988
2024-07-11,SH601958,金钼股份,11.03,15185371,3226604400,3226604400,3558944.6532
2024-07-11,SZ002223,鱼跃医疗,36.52,5328443,938673649,1002476929,3661045.744708
2024-07-11,SZ002225,濮耐股份,3.68,20295301,825504850,1010378912,371819.439616
2024-07-11,SZ002224,三 力 士,3.93,5366200,634081718,902116324,354531.715332
2024-07-11,SH601899,紫金矿业,18.87,155807757,20556293036,26577888940,50152476.42978
2024-07-11,SZ002227,奥 特 迅,7.63,4166200,247598108,247806170,189076.10771
2024-07-11,SZ002226,江南化工,4.51,12069148,1827666262,2648922855,1194664.207605
2024-07-11,SZ002228,合兴包装,2.37,5707660,1218770909,1222834829,289811.854473
2024-07-11,SZ002229,鸿博股份,10.39,42341603,493164301,498344263,517779.689257
2024-07-11,SZ002232,启明信息,13.18,36640554,408548455,408548455,538466.86369
2024-07-11,SZ002230,科大讯飞,39.25,26667686,2184485886,2311734185,9073556.676125
2024-07-11,SZ002231,*ST奥维,3.98,12705000,294818767,346850017,138046.306766
2024-07-11,SZ002235,安妮股份,4.03,18637565,553578302,579572284,233567.630452
2024-07-11,SZ002234,民和股份,8.01,6229900,302577589,348960212,279517.129812
2024-07-11,SZ002233,塔牌集团,7.35,9080518,1191484966,1192275016,876322.13676
2024-07-11,SZ002236,大华股份,15.24,35908133,2082061716,3294468990,5020770.74076
2024-07-11,SZ002237,恒邦股份,12.38,17852202,910434409,1148048809,1421284.425542
2024-07-11,SZ002241,歌尔股份,21.95,132833643,3009973762,3417134589,7500610.422855
2024-07-11,SZ002239,奥特佳,2.45,59233769,3243153144,3243258144,794598.24528
2024-07-11,SZ002240,盛新锂能,13.93,20113963,863182055,921265872,1283323.359696
2024-07-11,SZ002238,天威视讯,7.6,6261803,802559160,802559160,609944.9616
2024-07-11,SZ002243,力合科创,5.54,23052299,1195689152,1210604219,670674.737326
2024-07-11,SZ002242,九阳股份,10.46,7305765,765705700,767017000,802299.782
2024-07-11,SZ002244,滨江集团,8.1,66090849,2657288540,3111443890,2520269.5509
2024-07-11,SZ002245,蔚蓝锂芯,7.9,32376189,1083774502,1152046537,910116.76423
2024-07-11,SZ002246,北化股份,8.18,12583039,549034794,549034794,449110.461492
2024-07-11,SZ002247,聚力文化,1.46,16818300,643540672,850870049,124227.027154
2024-07-11,SZ002248,华东数控,5.71,18364291,307495600,307495600,175579.9876
2024-07-11,SZ002249,大洋电机,4.76,15863435,1796697195,2406457173,1145473.614348
2024-07-11,SZ002250,联化科技,4.95,12638278,919320145,923246256,457006.89672
2024-07-11,SZ002251,步步高,3.28,7666080,840218653,840218653,275591.718184
2024-07-11,SZ002252,上海莱士,7.74,40273658,6642830858,6645480758,5143602.106692
2024-07-11,SZ002253,*ST智胜,10.43,8454786,207178100,225626095,235328.017085
2024-07-11,SZ002254,泰和新材,8.6,9512518,811985120,863794983,742863.68538
2024-07-11,SZ002256,兆新股份,1.46,32218400,1439624472,1954847822,285407.782012
2024-07-11,SZ002255,海陆重工,4.73,8658000,649362243,842271055,398394.209015
2024-07-11,SH600703,三安光电,12.13,39397161,4989018727,4989018727,6051679.715851
2024-07-11,SH600745,闻泰科技,29.7,25774389,1242809581,1242809581,3691144.45557
2024-07-11,SZ002258,利尔化学,7.93,7203692,799150345,800437228,634746.721804
2024-07-11,SZ002259,升达林业,2.19,1926900,752328267,752328267,164759.890473
2024-07-11,SZ002262,恩华药业,22.33,7029727,881761575,1007588092,2249944.209436
2024-07-11,SZ002261,拓维信息,10.74,24125373,1122820719,1253405174,1346157.156876
2024-07-11,SZ002263,大东南,2.02,8614500,1878345100,1878360100,379428.7402
2024-07-11,SZ002264,新 华 都,5.46,10191301,654605749,719922983,393077.948718
2024-07-11,SZ002266,浙富控股,2.81,16772132,4896801048,5219271402,1466615.263962
2024-07-11,SZ002265,建设工业,8.69,2654300,403097025,1033040407,897712.113683
2024-07-11,SZ002268,电科网安,13.23,8685282,843405156,845734843,1118907.197289
2024-07-11,SZ002267,陕天然气,8.26,7692887,1112064195,1112075445,918574.31757
2024-07-11,SH601766,中国中车,7.74,78533867,24327798048,28698864088,22212920.804112
2024-07-11,SZ002269,美邦服饰,1.15,73758025,2512500000,2512500000,288937.5
2024-07-11,SZ002270,华明装备,18.76,11562169,759224668,896225431,1681318.908556
2024-07-11,SZ002271,东方雨虹,12.76,55196799,1932223222,2436315528,3108738.613728
2024-07-11,SZ002273,水晶光电,20.6,79071921,1355112517,1390632221,2864702.37526
2024-07-11,SZ002272,川润股份,4.41,13583500,336537048,484877300,213830.8893
2024-07-11,SZ002274,华昌化工,7.47,12526887,937999130,952364646,711416.390562
2024-07-11,SH601727,上海电气,3.66,25894708,12655327092,15579809092,5702210.127672
2024-07-11,SH600248,陕建股份,3.6,12881000,3680692286,3767582286,1356329.62296
2024-07-11,SH600734,实达集团,2.44,35857448,2100356819,2178303106,531505.957864
2024-07-11,SH600259,中稀有色,26.12,3061700,329489743,336435910,878770.59692
2024-07-11,SH600187,国中水务,1.44,45593648,1613781103,1613781103,232384.478832
2024-07-11,SZ000506,招金黄金,0.94,64560358,928670961,929017761,87327.669534
2024-07-11,SZ000638,*ST万方,3.32,14800200,310145601,311386551,103380.334932
2024-07-11,SZ000631,顺发恒能,2.38,9407420,2395279084,2395279084,570076.421992
2024-07-11,SZ002276,万马股份,7.17,18845161,1025630098,1035489098,742445.683266
2024-07-11,SZ002275,桂林三金,12.53,1439800,559328566,587568600,736223.4558
2024-07-11,SZ002277,友阿股份,2.2,29463315,1394172800,1394172800,306718.016
2024-07-11,SH601107,四川成渝,4.95,10929900,2162740000,3058060000,1513739.7
2024-07-11,SH601668,中国建筑,5.35,170666631,41320390444,41619952444,22266674.55754
2024-07-11,SZ002278,神开股份,4.15,7156600,339373876,363909648,151022.50392
2024-07-11,SZ002279,久其软件,4.87,55219341,797670599,865045781,421277.295347
2024-07-11,SH601788,光大证券,14.21,21742400,3906698839,4610787639,6551929.235019
2024-07-11,SZ002282,博深股份,6.28,9203302,502015138,526838348,330854.482544
2024-07-11,SZ002283,天润工业,4.32,14705588,1003824929,1139457178,492245.500896
2024-07-11,SZ002280,ST联络,0.37,0,2004498547,2177149675,80554.537975
2024-07-11,SZ002281,光迅科技,37.95,32802527,755889848,794201952,3013996.40784
2024-07-11,SZ002286,保龄宝,6.28,11695660,369628480,369767380,232213.91464
2024-07-11,SZ002287,奇正藏药,19.25,1115964,528971263,530173477,1020583.943225
2024-07-11,SZ002285,世联行,1.56,17383416,1975929576,1992829038,310881.329928
2024-07-11,SZ002284,亚太股份,7.29,31279415,731214173,739100348,538804.153692
2024-07-11,SZ002290,禾盛新材,12.71,2717901,247062330,248112330,315350.77143
2024-07-11,SZ002288,*ST超华,0.37,0,804247545,931643744,34470.818528
2024-07-11,SZ002291,遥望科技,4.28,31995992,877506834,930593412,398293.980336
2024-07-11,SZ002289,*ST宇顺,2.61,1798850,264199233,280253733,73146.224313
2024-07-11,SZ002292,奥飞娱乐,6.12,60466138,975296640,1478699697,904964.214564
2024-07-11,SZ002294,信立泰,27.57,3712163,1114565736,1114816535,3073549.186995
2024-07-11,SZ002293,罗莱生活,7.95,2458100,826763319,830982481,660631.072395
2024-07-11,SZ000517,荣安地产,2.68,20018791,2491986416,3183922485,853291.22598
2024-07-11,SZ000529,广弘控股,5.71,3602129,569884377,583790330,333344.27843
2024-07-11,SH601618,中国中冶,3.13,60050872,17852619170,20723619170,6486492.80021
2024-07-11,SZ002297,博云新材,5.89,9222100,573104819,573104819,337558.738391
2024-07-11,SZ002295,精艺股份,5.27,5229950,250294000,250616000,132074.632
2024-07-11,SZ002296,辉煌科技,8.9,60567203,347415444,389580420,346726.5738
2024-07-11,SZ002298,中电鑫龙,3.95,69781061,639523879,740110901,292343.805895
2024-07-11,SH601888,中国中免,67.33,38625465,1952475544,2068859044,13929627.943252
2024-07-11,SZ002300,太阳电缆,5.07,5913236,722274082,722333700,366223.1859
2024-07-11,SZ002299,圣农发展,12.62,11004115,1225368558,1243400295,1569171.17229
2024-07-11,SZ002301,齐心集团,4.7,7817135,717990223,721307933,339014.72851
2024-07-11,SH600225,退市卓朗,1.68,25785600,3408825415,3411394363,573114.252984
2024-07-11,SZ300002,神州泰岳,8.43,47546708,1819194037,1961091984,1653200.542512
2024-07-11,SZ300001,特锐德,19.75,16591549,1027946320,1055897713,2085397.983175
2024-07-11,SZ300027,华谊兄弟,1.63,28782307,2417762293,2774505919,452244.464797
2024-07-11,SZ300026,红日药业,3.17,32700600,2752915597,3004154837,952317.083329
2024-07-11,SZ300025,华星创业,10.35,15721113,431773519,508792922,526600.67427
2024-07-11,SZ300024,机器人,9.78,17896063,1518234954,1550211950,1516107.2871
2024-07-11,SZ300022,吉峰科技,3.85,11231320,323481737,497240380,191437.5463
2024-07-11,SZ300021,大禹节水,3.31,10873554,700762403,857798818,283931.408758
2024-07-11,SZ300020,ST银江,1.75,33156044,766639584,794677974,139068.64545
2024-07-11,SZ300019,硅宝科技,13.3,4768000,343602311,391064700,520116.051
2024-07-11,SZ300018,中元股份,4.53,5782500,371665539,480831536,217816.685808
2024-07-11,SZ300017,网宿科技,7.69,51814045,2278049904,2440774490,1876955.58281
2024-07-11,SZ300016,北陆药业,4.48,7060845,491176251,491935176,220386.958848
2024-07-11,SZ300015,爱尔眼科,10.87,228895165,7905004112,9327014495,10138464.756065
2024-07-11,SZ300014,亿纬锂能,37.33,30725149,1860594727,2045721497,7636678.348301
2024-07-11,SZ300013,新宁物流,1.68,5754680,446687115,446687115,75043.43532
2024-07-11,SZ300012,华测检测,11.92,44033111,1431769688,1682828214,2005931.231088
2024-07-11,SZ300011,鼎汉技术,5,6020359,501628829,558650387,279325.1935
2024-07-11,SZ300010,豆神教育,2.48,16604400,1117883003,2066612659,512519.939432
2024-07-11,SZ300009,安科生物,8.62,15149414,1215524408,1676346758,1445010.905396
2024-07-11,SZ300008,天海防务,3.76,34758222,1647170071,1728029133,649738.954008
2024-07-11,SZ300007,汉威科技,13.47,6274924,282974526,327445619,441069.248793
2024-07-11,SZ300006,莱美药业,2.41,9104160,1055822773,1055911205,254474.600405
2024-07-11,SZ300005,探路者,4.97,8213000,883702186,883702186,439199.986442
2024-07-11,SZ300004,南风股份,4.23,5731100,477551465,479993598,203037.291954
2024-07-11,SZ300003,乐普医疗,13.93,19850076,1616097896,1880610558,2619690.507294
2024-07-11,SZ002302,西部建设,4.98,8356000,1262354304,1262354304,628652.443392
2024-07-11,SZ002303,美盈森,2.45,14354495,952514255,1531323685,375174.302825
2024-07-11,SZ002305,*ST南置,1.52,56723600,1734103276,1734215770,263600.79704
2024-07-11,SZ002304,洋河股份,79.86,6953761,1502155838,1506445074,12030470.360964
2024-07-11,SZ002307,北新路桥,2.78,7437105,1091030717,1268291582,352585.059796
2024-07-11,SZ002306,*ST云网,2.59,9732200,813960387,869762500,225268.4875
2024-07-11,SH600854,春兰股份,3.92,38396916,519458538,519458538,203627.746896
2024-07-11,SH600999,招商证券,14.13,12834059,7422005272,8696526806,12288192.376878
2024-07-11,SZ002310,东方新能,1.41,6454683,2685233339,2685462004,378650.142564
2024-07-11,SZ002311,海大集团,44.92,8919495,1662560498,1663749970,7473564.86524
2024-07-11,SZ002308,*ST威创,1.69,98000,900755981,906214651,153150.276019
2024-07-11,SZ002309,中利集团,1.57,5494638,867757199,871787068,136870.569676
2024-07-11,SZ002312,川发龙蟒,7.11,15560450,1369015065,1891416394,1344797.056134
2024-07-11,SZ002313,日海智能,6.87,8249820,374185600,374400000,257212.8
2024-07-11,SZ002314,南山控股,2.02,16417900,1338324039,2707782513,546972.067626
2024-07-11,SZ002315,焦点科技,26.1,4932963,201868048,316690594,826562.45034
2024-07-11,SZ002316,亚联发展,3.12,12869800,315007500,393120000,122653.44
2024-07-11,SZ002319,乐通股份,8.22,2563601,200000000,200000000,164400
2024-07-11,SZ002317,众生药业,11.41,14234323,761769206,853350477,973672.894257
2024-07-11,SZ002318,久立特材,22.73,5249094,954276728,977170720,2221109.04656
2024-07-11,SZ002321,华英农业,1.58,26966616,2132360196,2132890071,336996.631218
2024-07-11,SZ002320,海峡股份,5.04,12425652,2228933187,2228933187,1123382.326248
2024-07-11,SH601989,中国重工,5.17,199730153,22802035324,22802035324,11788652.262508
2024-07-11,SZ002324,普利特,8.49,7640792,775229386,1114038492,945818.679708
2024-07-11,SZ002323,雅博股份,1.13,39495594,2120422369,2120855142,239656.631046
2024-07-11,SZ002322,理工能科,16.22,12368674,365019679,379147970,614978.00734
2024-07-11,SZ002325,*ST洪涛,0.38,0,1380098489,1756514205,66747.53979
2024-07-11,SZ002326,永太科技,7.97,14937300,804032935,913760795,728267.353615
2024-07-11,SH601139,深圳燃气,6.93,12196851,2876735917,2876735917,1993577.990481
2024-07-11,SZ300029,*ST天龙,3.43,1306054,200360250,200506500,68773.7295
2024-07-11,SZ300030,阳普医疗,3.59,8281900,270652826,309187315,110998.246085
2024-07-11,SZ300031,宝通科技,15.69,29106860,348811294,415571722,652032.031818
2024-07-11,SZ300036,超图软件,13.6,6579200,437226957,492766617,670162.59912
2024-07-11,SZ300035,中科电气,8.48,10766600,619267924,723310765,613367.52872
2024-07-11,SZ300034,钢研高纳,16.02,18525393,766388883,775137713,1241770.616226
2024-07-11,SZ300033,同花顺,99.13,8061857,273489581,537600000,5329228.8
2024-07-11,SZ300032,金龙机电,3.16,24955317,803168108,803169608,253801.596128
2024-07-11,SZ002328,新朋股份,4.82,4964600,571041396,771770000,371993.14
2024-07-11,SZ002327,富安娜,9.34,11201700,486795329,836774699,781547.568866
2024-07-11,SZ002331,皖通科技,6.69,10744581,395851411,410245949,274454.539881
2024-07-11,SZ002329,皇氏集团,2.75,14658460,658659136,869049335,238988.567125
2024-07-11,SZ002330,得利斯,3.72,9488900,635178715,635375290,236359.60788
2024-07-11,SH601117,中国化学,7.8,48944177,6049510562,6109070562,4765075.03836
2024-07-11,SZ300041,回天新材,7.57,7336581,544422588,559422387,423482.746959
2024-07-11,SZ300037,新宙邦,31.69,9041295,546715723,753882432,2389053.427008
2024-07-11,SZ300040,九洲集团,5.46,31234560,460711306,587745697,320909.150562
2024-07-11,SZ300039,上海凯宝,5.45,14600900,916210474,1046000000,570070
2024-07-11,SZ300042,朗科科技,18.54,4533175,197672706,200400000,371541.6
2024-07-11,SZ002332,仙琚制药,11.25,9053767,984573711,989204866,1112855.47425
2024-07-11,SZ002333,罗普斯金,5.32,3006400,502563100,674924800,359059.9936
2024-07-11,SZ002334,英威腾,5.87,10286700,717688546,808192300,474408.8801
2024-07-11,SZ002335,科华数据,18.8,16547152,400828675,461569228,867750.14864
2024-07-11,SZ002336,人乐退,2.16,2646731,373175000,440000000,95040
2024-07-11,SZ002338,奥普光电,30.34,9210107,239994000,240000000,728160
2024-07-11,SZ002337,赛象科技,3.7,7951121,587996532,588615750,217787.8275
2024-07-11,SH601801,皖新传媒,6.35,16746972,1989204737,1989204737,1263145.007995
2024-07-11,SZ300049,福瑞医科,49.34,3457632,233515442,263053100,1297903.9954
2024-07-11,SZ300050,世纪鼎利,2.69,18662700,544514249,544846718,146563.767142
2024-07-11,SZ300048,合康新能,4.54,5159100,1115113857,1116163857,506738.391078
2024-07-11,SZ300047,天源迪科,6.63,12502412,538921153,637744672,422824.717536
2024-07-11,SZ300043,星辉娱乐,2.29,27210890,1243539501,1244198401,284921.433829
2024-07-11,SZ300044,ST赛为,4.2,49665560,668139963,763869228,320825.07576
2024-07-11,SZ300045,华力创通,17.53,20980928,492820901,662675236,1161669.688708
2024-07-11,SZ300046,台基股份,17.45,37958390,236531371,236531371,412747.242395
2024-07-11,SH601877,正泰电器,19.05,15815980,2148968976,2148968976,4093785.89928
2024-07-11,SZ002340,格林美,6.46,94300071,5087014586,5131291557,3314814.345822
2024-07-11,SZ002341,ST新纶,0.61,0,1150971467,1152214592,70285.090112
2024-07-11,SZ002339,积成电子,5.71,13311842,478793604,504092274,287836.688454
2024-07-11,SZ002342,巨力索具,2.96,7771179,954690000,960000000,284160
2024-07-11,SZ002343,慈文传媒,4.91,14642560,474949686,474949686,233200.295826
2024-07-11,SZ002344,海宁皮城,3.12,10192311,1281450092,1282616960,400176.49152
2024-07-11,SZ002346,柘中股份,7.48,1289300,394754885,441575416,330298.411168
2024-07-11,SZ002345,潮宏基,4.6,10902800,867341865,888512707,408715.84522
2024-07-11,SH601179,中国西电,7.74,112179509,5125882352,5125882352,3967432.940448
2024-07-11,SZ002347,泰尔股份,3.62,14040700,493382901,504702276,182702.223912
2024-07-11,SZ002349,精华制药,6.69,8512019,812006309,814180908,544687.027452
2024-07-11,SZ002348,高乐股份,2.29,7119994,888976849,947200000,216908.8
2024-07-11,SZ002350,北京科锐,5.23,28064862,529313354,542331351,283639.296573
2024-07-11,SZ002351,漫步者,13.59,44146198,500230832,889107000,1208296.413
2024-07-11,SZ002352,顺丰控股,35.1,9285423,4788525135,4815911220,16903848.3822
2024-07-11,SZ002353,杰瑞股份,33.59,10524170,693435365,1023855833,3439131.743047
2024-07-11,SZ002354,天娱数科,2.86,46267503,1618370982,1654585820,473211.54452
2024-07-11,SZ002355,兴民智通,4.74,58956101,618166650,620570400,294150.3696
2024-07-11,SZ002356,赫美集团,3.04,11554696,1311254521,1311254521,398621.374384
2024-07-11,SH601106,中国一重,2.29,32208692,6857782927,6857782927,1570432.290283
2024-07-11,SZ002357,富临运业,5.78,36915777,313477786,313489036,181196.662808
2024-07-11,SZ002358,森源电气,3.42,12130120,929075005,929756977,317976.886134
2024-07-11,SZ300053,航宇微,8.94,12109950,645962678,696874323,623005.644762
2024-07-11,SZ300051,琏升科技,7.36,3011000,365698690,365698690,269154.23584
2024-07-11,SZ300054,鼎龙股份,23.04,13469993,728174469,938282591,2161803.089664
2024-07-11,SZ300052,ST中青宝,11.66,4977268,261851210,261858710,305327.25586
2024-07-11,SH601678,滨化股份,3.61,14468389,2058036276,2058036276,742951.095636
2024-07-11,SZ300056,中创环保,8.81,6442055,385193293,385490443,339617.080283
2024-07-11,SZ300058,蓝色光标,5.37,39029442,2384943167,2487538734,1335808.300158
2024-07-11,SZ300057,万顺新材,4.07,17701619,737640670,910236145,370466.111015
2024-07-11,SH601688,华泰证券,12.43,40441852,7294330722,9029384840,11223525.35612
2024-07-11,SZ300055,万邦达,4.16,7985628,624238283,836749606,348087.836096
2024-07-11,SZ002362,汉王科技,16.34,4346700,206889190,244454646,399438.891564
2024-07-11,SZ002361,神剑股份,3.14,10413294,795427984,951034969,298624.980266
2024-07-11,SZ002360,同德化工,4.97,4460138,328262518,401774248,199681.801256
2024-07-11,SZ002365,永安药业,7.24,3435664,244222939,294682500,213350.13
2024-07-11,SZ002363,隆基机械,5.89,6856600,415758167,419160301,246885.417289
2024-07-11,SZ002364,中恒电气,6.15,29044612,558086935,563564960,346592.4504
2024-07-11,SH601607,上海医药,18.94,8646635,1931742391,3703523491,7014473.491954
2024-07-11,SZ002366,融发核电,3.36,15040436,1256464390,2080937640,699195.04704
2024-07-11,SZ002367,康力电梯,5.69,4263000,526770483,798786187,454509.340403
2024-07-11,SZ002368,太极股份,21.39,12735721,619913995,623231286,1333091.720754
2024-07-11,SZ002369,卓翼科技,3.73,17777100,565650699,566956280,211474.69244
2024-07-11,SZ002371,北方华创,313.27,10753870,530577064,531038314,16635837.262678
2024-07-11,SZ002370,亚太药业,2.49,12202783,609180082,609180082,151685.840418
2024-07-11,SZ002374,中锐股份,1.75,17498000,1087953783,1087953783,190391.912025
2024-07-11,SZ002372,伟星新材,15.01,5089365,1470858109,1592037988,2389649.019988
2024-07-11,SZ002373,千方科技,9.05,80459583,1373507601,1580188215,1430070.334575
2024-07-11,SH601188,龙江交通,3.19,25884363,1315878571,1315878571,419765.264149
2024-07-11,SZ300062,中能电气,4.91,10531200,386364718,557583838,273773.664458
2024-07-11,SH601518,吉林高速,2.45,12311861,1890553169,1890553169,463185.526405
2024-07-11,SZ300061,旗天科技,3.9,31503376,617174705,658993677,257007.53403
2024-07-11,SZ300059,东方财富,10.43,254023709,13359278683,15785542475,16464320.801425
2024-07-11,SZ002377,国创高新,1.84,10228600,910399242,916325201,168603.836984
2024-07-11,SZ002376,新北洋,5.34,11355665,625316748,648471734,346283.905956
2024-07-11,SZ002375,亚厦股份,3.25,6436502,1326792714,1339996498,435498.86185
2024-07-11,SZ300063,天龙集团,3.74,23257050,625249275,758527150,283689.1541
2024-07-11,SZ300066,三川智慧,3.05,15261500,1005910348,1040033262,317210.14491
2024-07-11,SZ300065,海兰信,6.39,11651000,658143256,723329103,462207.296817
2024-07-11,SH601158,重庆水务,4.87,6697694,4800000000,4800000000,2337600
2024-07-11,SZ002378,章源钨业,5.82,18843250,1194836984,1201417666,699225.081612
2024-07-11,SZ002380,科远智慧,19.37,7693700,141751890,239991649,464863.824113
2024-07-11,SH601101,昊华能源,8.76,12029623,1439997926,1439997926,1261438.183176
2024-07-11,SZ002379,宏桥控股,5.51,23890662,1136373753,1136373753,626141.937903
2024-07-11,SZ002381,双箭股份,6.65,2165500,322025401,411576821,273698.585965
2024-07-11,SZ002383,合众思壮,5.45,12167100,616245785,740360305,403496.366225
2024-07-11,SZ002382,蓝帆医疗,4.43,10002522,999690111,1007121986,446155.039798
2024-07-11,SZ002385,大北农,4.12,38353671,3307792807,4112241528,1694243.509536
2024-07-11,SZ002386,天原股份,3.9,8607461,1158012019,1301647073,507642.35847
2024-07-11,SZ002384,东山精密,25.98,147132924,1390275340,1709867327,4442235.315546
2024-07-11,SZ002387,维信诺,6.09,11546318,1384280866,1389602137,846267.701433
2024-07-11,SZ002389,航天彩虹,12.87,11984200,990889102,996463000,1282447.881
2024-07-11,SZ002388,新亚制程,3.13,26589400,499044850,512413600,160385.4568
2024-07-11,SZ002391,长青股份,4.5,1616088,464120811,649592550,292316.6475
2024-07-11,SZ002390,信邦制药,3.36,15952735,1851648667,1943851868,653134.227648
2024-07-11,SZ300070,碧水源,4.36,25817154,3371832122,3624209363,1580155.282268
2024-07-11,SZ300071,福石控股,2.17,39602587,927524556,963884336,209162.900912
2024-07-11,SZ300067,安诺其,4.05,44355726,771607554,1154374574,467521.70247
2024-07-11,SZ300068,南都电源,8.59,23303387,830436540,872755285,749696.789815
2024-07-11,SZ300069,金利华电,10.36,4150478,117000000,117000000,121212
2024-07-11,SZ002393,力生制药,15.75,1963660,255436988,257942988,406260.2061
2024-07-11,SZ002394,联发股份,6.23,2167200,323285606,323700000,201665.1
2024-07-11,SZ002392,北京利尔,3.15,13203364,915365714,1190490839,375004.614285
2024-07-11,SZ300073,当升科技,32.47,19728826,505363785,506500774,1644608.013178
2024-07-11,SZ300072,海新能科,1.87,20842220,2323494174,2349720302,439397.696474
2024-07-11,SZ300075,数字政通,15.09,21326144,510124727,621130158,937285.408422
2024-07-11,SZ300074,华平股份,3.12,11153371,530444913,531020900,165678.5208
2024-07-11,SH601369,陕鼓动力,7.76,6785382,1690931633,1725599033,1339064.849608
2024-07-11,SZ002395,双象股份,14.83,8985150,268209000,268209000,397753.947
2024-07-11,SZ002397,梦洁股份,1.87,13115944,587854149,747781443,139835.129841
2024-07-11,SZ300078,思创智联,2.37,12868660,882919261,905881745,214693.973565
2024-07-11,SZ300079,数码视讯,4.13,36793350,1269057256,1427518462,589565.124806
2024-07-11,SZ300076,GQY视讯,3.55,45307051,424000000,424000000,150520
2024-07-11,SZ300077,国民技术,8.68,8028600,565994900,583126700,506153.9756
2024-07-11,SZ002398,垒知集团,3.67,3852626,579360155,701701313,257524.381871
2024-07-11,SZ002401,中远海科,14.25,4200524,370308066,371904560,529963.998
2024-07-11,SZ002400,省广集团,4.72,21406500,1726164618,1743337128,822855.124416
2024-07-11,SZ002399,海普瑞,8.68,3486258,1247201704,1467296204,1273613.105072
2024-07-11,SZ002404,嘉欣丝绸,5.36,5553400,451005586,560051541,300187.625976
2024-07-11,SZ002402,和而泰,10.76,14106410,807329648,931490685,1002283.97706
2024-07-11,SZ002403,爱仕达,6.39,8432233,305936454,340638579,217668.051981
2024-07-11,SZ002406,远东传动,4.95,10738990,602215485,730225082,361461.41559
2024-07-11,SZ002405,四维图新,6.43,41484673,2330010126,2377750314,1528893.451902
2024-07-11,SZ002407,多氟多,11.86,15661373,1080314576,1190432569,1411853.026834
2024-07-11,SZ002408,齐翔腾达,5.72,28773506,2751130553,2842840861,1626104.972492
2024-07-11,SZ300084,海默科技,5.26,4769220,329752181,393795738,207136.558188
2024-07-11,SZ300082,奥克股份,4.37,4791900,678207738,680098200,297202.9134
2024-07-11,SZ300081,恒信东方,4.47,34279577,603232442,604795417,270343.551399
2024-07-11,SZ300083,创世纪,5.78,44333514,1513718214,1685095589,973985.250442
2024-07-11,SZ002409,雅克科技,67.97,13030858,318522747,475927678,3234880.427366
2024-07-11,SZ002412,汉森制药,5.43,8285615,497845000,503200000,273237.6
2024-07-11,SZ002410,广联达,9.6,48643688,1588834979,1664869506,1598274.72576
2024-07-11,SZ300085,银之杰,8.31,11468567,625068360,706640535,587218.284585
2024-07-11,SZ300086,康芝药业,3.59,7090900,435663111,450000000,161550
2024-07-11,SZ300087,荃银高科,6.23,9181306,895905066,947331751,590187.680873
2024-07-11,SZ300088,长信科技,4.81,51989815,2442692181,2454922113,1180817.536353
2024-07-11,SZ002416,爱施德,9.08,7794557,1223904304,1239281806,1125267.879848
2024-07-11,SZ002413,雷科防务,3.66,29807800,1250528063,1327355556,485812.133496
2024-07-11,SZ002415,海康威视,30.1,28907862,9108433258,9330600931,28085108.80231
2024-07-11,SZ002418,康盛股份,1.71,36341300,1136400000,1136400000,194324.4
2024-07-11,SZ002419,天虹股份,4.23,6465500,1168648129,1168847750,494422.59825
2024-07-11,SZ002420,毅昌科技,5.27,35921300,400271044,414364000,218369.828
2024-07-11,SZ002421,达实智能,2.27,29368876,1997242430,2120581639,481372.032053
2024-07-11,SZ002424,ST百灵,3.17,26642333,1197791112,1411200000,447350.4
2024-07-11,SZ002423,中粮资本,7.46,14414286,2304105575,2304105575,1718862.75895
2024-07-11,SZ002422,科伦药业,31.35,14305149,1308880415,1601592173,5020991.462355
2024-07-11,SZ002425,凯撒文化,2.47,27438690,955985898,956665066,236296.271302
2024-07-11,SZ002426,胜利精密,1.68,69722252,3410078944,3435818166,577217.451888
2024-07-11,SZ002427,尤夫股份,2.94,8428150,984257455,985432777,289717.236438
2024-07-11,SZ002428,云南锗业,12.73,102530064,653035625,653120000,831421.76
2024-07-11,SZ002429,兆驰股份,5,53897522,4524333018,4526940607,2263470.3035
2024-07-11,SZ002430,杭氧股份,19.37,6927198,971610686,983962881,1905936.100497
2024-07-11,SZ002431,棕榈股份,1.51,18814950,1812816265,1812816265,273735.256015
2024-07-11,SZ002432,九安医疗,40.02,3720862,449068774,490149717,1961579.167434
2024-07-11,SZ002435,ST长康,0.37,0,1202552947,1235983020,45731.37174
2024-07-11,SZ002436,兴森科技,10.34,57444980,1500412235,1689596542,1747042.824428
2024-07-11,SZ002434,万里扬,4.91,8495110,1311341050,1312600000,644486.6
2024-07-11,SZ002437,誉衡药业,1.91,45164650,2190743558,2270513950,433668.16445
2024-07-11,SZ002438,江苏神通,11.04,6143206,468926792,507537461,560321.356944
2024-07-11,SZ002396,星网锐捷,12.99,4885919,583280278,592727478,769952.993922
2024-07-11,SZ002439,启明星辰,15,14732007,725510161,1218369376,1827554.064
2024-07-11,SZ300080,易成新能,2.9,13360249,1296680215,1873380436,543280.32644
2024-07-11,SZ300091,*ST金灵,1.33,35210768,1335809696,1489164214,198058.840462
2024-07-11,SH601000,唐山港,4.91,48707833,5925928614,5925928614,2909630.949474
2024-07-11,SZ002442,龙星科技,4.41,8398500,488466713,490820000,216451.62
2024-07-11,SZ002440,闰土股份,5.38,3348385,958941610,1150500000,618969
2024-07-11,SZ002443,金洲管道,5.49,3628500,519426572,520535520,285774.00048
2024-07-11,SZ002441,众业达,7.58,3963791,399079729,544543609,412764.055622
2024-07-11,SZ300092,科新机电,10.17,5581400,209866256,273923271,278579.966607
2024-07-11,SZ300093,*ST金刚,12.33,26275800,215329725,216000000,266328
2024-07-11,SZ300094,国联水产,2.62,39496816,1105078999,1128167253,295579.820286
2024-07-11,SZ002446,盛路通信,5.58,19773102,846557188,914195616,510121.153728
2024-07-11,SZ002444,巨星科技,25.85,9052411,1151029088,1202501992,3108467.64932
2024-07-11,SZ002445,中南文化,1.71,35943174,2381441773,2391668331,408975.284601
2024-07-11,SH601288,农业银行,4.51,300371797,319244210777,349983033873,157842348.276723
2024-07-11,SZ002414,高德红外,5.97,36254484,3398612429,4270736108,2549629.456476
2024-07-11,SZ002448,中原内配,5.78,7564200,486876658,588409646,340100.775388
2024-07-11,SZ002449,国星光电,7.23,9038425,613182784,618477169,447158.993187
2024-07-11,SZ002453,华软科技,4.18,14551800,608295048,812367126,339569.458668
2024-07-11,SZ002454,松芝股份,5.66,5691125,626979228,628581600,355777.1856
2024-07-11,SZ002452,长高电新,8.96,21823005,515904790,620332085,555817.54816
2024-07-11,SZ002451,摩恩电气,5.02,10209359,439149000,439200000,220478.4
2024-07-11,SZ300097,ST智云,6.35,30322448,270018948,288549669,183229.039815
2024-07-11,SZ300096,ST易联众,2.25,9600600,359095217,430000000,96750
2024-07-11,SZ300095,华伍股份,5.73,14197605,336491517,420090164,240711.663972
2024-07-11,SZ300098,高新兴,4.81,332523714,1541743627,1737782275,835873.274275
2024-07-11,SZ002457,青龙管业,8.24,15582693,334826849,334992000,276033.408
2024-07-11,SZ002456,欧菲光,8.54,248887059,3249739016,3307189062,2824339.458948
2024-07-11,SZ002455,百川股份,8.84,40186970,507601021,594247248,525314.567232
2024-07-11,SH601717,中创智领,13.61,23318612,1541961730,1785537930,2430117.12273
2024-07-11,SZ300101,振芯科技,13.83,8342097,563355940,564546000,780767.118
2024-07-11,SZ300100,双林股份,13.35,38172553,387062884,400769246,535026.94341
2024-07-11,SZ300099,尤洛卡,4.45,11329723,581412240,737265255,328083.038475
2024-07-11,SZ002458,益生股份,8.15,8495837,748868710,1106412915,901726.525725
2024-07-11,SZ002460,赣锋锂业,29.19,36824208,1208715121,2017167779,5888112.746901
2024-07-11,SZ002459,晶澳科技,10.38,75231734,3306981729,3309669934,3435437.391492
2024-07-11,SZ300102,乾照光电,6.15,8363689,914382357,919900633,565738.889295
2024-07-11,SZ300103,达刚控股,4.13,10659700,245446447,317601000,131169.213
2024-07-11,SH601718,际华集团,2.4,42777867,4391629404,4391629404,1053991.05696
2024-07-11,SH601818,光大银行,3.25,117452068,46406815561,59085551061,19202804.094825
2024-07-11,SZ002463,沪电股份,41.19,46228432,1912312327,1913513808,7881763.375152
2024-07-11,SZ002462,嘉事堂,10.88,2868500,291500121,291707120,317377.34656
2024-07-11,SZ002461,珠江啤酒,7.79,37036611,2213328480,2213328480,1724182.88592
2024-07-11,SZ300107,建新股份,9.14,34808800,344028133,559013768,510938.583952
2024-07-11,SZ300105,龙源技术,6.4,9225104,513213525,516098220,330302.8608
2024-07-11,SZ300106,西部牧业,5.91,5137000,211332310,211332310,124897.39521
2024-07-11,SZ300108,*ST吉药,1.29,42785753,656559424,666014674,85915.892946
2024-07-11,SZ300109,新开源,11.56,6963309,449498021,485252755,560952.18478
2024-07-11,SZ300110,华仁药业,3.12,14142100,1180437357,1182212982,368850.450384
2024-07-11,SZ300113,顺网科技,10.2,8459985,528847009,694287240,708172.9848
2024-07-11,SZ300114,中航电测,48.44,14441121,590760499,590760499,2861643.857156
2024-07-11,SZ300111,向日葵,2.36,81391851,1119800000,1287210714,303781.728504
2024-07-11,SZ300112,万讯自控,6.79,4049502,237676294,291943278,198229.485762
2024-07-11,SZ002466,天齐锂业,29.6,50430205,1476287000,1641221583,4858015.88568
2024-07-11,SZ002465,海格通信,9.84,28232330,2431731461,2481833948,2442124.604832
2024-07-11,SZ300115,长盈精密,13,119619269,1200158544,1351906602,1757478.5826
2024-07-11,SZ300116,*ST保力,0.11,0,4103847062,4425591367,48681.505037
2024-07-11,SZ300118,东方日升,11.07,40810026,921863301,1140013863,1261995.346341
2024-07-11,SZ300117,*ST嘉寓,1.08,28234100,716760000,716760000,77410.08
2024-07-11,SZ002470,金正大,1.41,20668288,3187246841,3286027742,463329.911622
2024-07-11,SZ002467,二六三,3.3,35779110,1363657624,1388411873,458175.91809
2024-07-11,SZ002469,三维化学,5.61,3791568,615309580,648862630,364011.93543
2024-07-11,SZ002468,申通快递,8.09,8460056,1492045657,1530802166,1238418.952294
2024-07-11,SZ002472,双环传动,21.77,11765238,750720207,845495032,1840642.684664
2024-07-11,SZ002471,中超控股,2.01,31974861,1266070582,1369000000,275169
2024-07-11,SZ002475,立讯精密,41.78,105249414,7187746214,7203315644,30095452.760632
2024-07-11,SZ002474,榕基软件,4.34,12681809,529928120,622200000,270034.8
2024-07-11,SZ002476,宝莫股份,3.8,7764000,611950950,612000000,232560
2024-07-11,SZ300121,阳谷华泰,7.97,2811100,394453083,408990345,325965.304965
2024-07-11,SZ300120,经纬辉开,8.11,172686733,521322724,574393929,465833.476419
2024-07-11,SZ300119,瑞普生物,13.46,3319930,334982301,466276186,627607.746356
2024-07-11,SH600372,中航机载,11.79,20740384,4756801798,4838896630,5705059.12677
2024-07-11,SZ002479,富春环保,3.58,5771576,861306351,865000000,309670
2024-07-11,SZ002478,常宝股份,5.03,8418500,712116938,901358228,453383.188684
2024-07-11,SZ002480,新筑股份,2.98,4970400,767252159,769168670,229212.26366
2024-07-11,SZ002481,双塔食品,3.99,11312200,1118152600,1233696500,492244.9035
2024-07-11,SZ300124,汇川技术,51.52,13492890,2267103880,2678142081,13797788.001312
2024-07-11,SH601018,宁波港,3.49,17802267,15807417370,19454388399,6789581.551251
2024-07-11,SZ300122,智飞生物,27.3,25796567,1414308160,2393789747,6535046.00931
2024-07-11,SZ300123,亚光科技,4.4,22284629,1000373818,1021834123,449607.01412
2024-07-11,SZ002483,润邦股份,4.54,17705451,885250799,886468413,402456.659502
2024-07-11,SZ002484,江海股份,12.68,7967570,813904047,850274941,1078148.625188
2024-07-11,SZ002482,广田集团,1.64,9198206,3742982302,3750962363,615157.827532
2024-07-11,SH601177,杭齿前进,6.87,2569100,400060000,407975000,280278.825
2024-07-11,SZ300125,*ST聆达,1.81,14390105,265442058,267599995,48435.599095
2024-07-11,SZ300128,锦富技术,3.1,16470240,1299115412,1299115412,402725.77772
2024-07-11,SZ300127,银河磁体,15.16,3716700,230816140,323146360,489889.88176
2024-07-11,SZ300126,锐奇股份,4.49,3545400,210433479,303957600,136476.9624
2024-07-11,SH601377,兴业证券,4.99,32499422,8635987294,8635987294,4309357.659706
2024-07-11,SZ002487,大金重工,20.63,9310150,630580347,637749349,1315676.906987
2024-07-11,SZ002485,ST雪发,3,1110400,544000000,544000000,163200
2024-07-11,SZ002486,嘉麟杰,1.46,17400214,832000000,832000000,121472
2024-07-11,SZ300131,英唐智控,4.43,27105353,1028519941,1137597085,503955.508655
2024-07-11,SZ300130,新国都,16.36,11588510,426751433,559527623,915387.191228
2024-07-11,SZ300129,泰胜风能,6.38,10622202,648768177,934899232,596465.710016
2024-07-11,SZ002489,浙江永强,2.43,14631201,1874737936,2169016313,527070.964059
2024-07-11,SZ002488,金固股份,4.9,27336193,916953754,995439065,487765.14185
2024-07-11,SZ002491,通鼎互联,3.33,8314503,1176446934,1229994500,409588.1685
2024-07-11,SZ002490,山东墨龙,1.7,10095900,541582500,797848400,135634.228
2024-07-11,SZ300133,华策影视,5.82,59479935,1624070026,1901073701,1106424.893982
2024-07-11,SZ300132,青松股份,3.59,4700130,507256781,516580886,185452.538074
2024-07-11,SZ300135,宝利国际,2.61,30031080,921600000,921600000,240537.6
2024-07-11,SZ300134,大富科技,6.63,8310400,712418006,767498006,508851.177978
2024-07-11,SH601098,中南传媒,12.13,13712054,1796000000,1796000000,2178548
2024-07-11,SZ002495,佳隆股份,1.51,33774374,713934903,935625600,141279.4656
2024-07-11,SZ002492,恒基达鑫,4.56,4364200,398137500,405000000,184680
2024-07-11,SZ002493,荣盛石化,9.62,23890550,9498281250,10125525000,9740755.05
2024-07-11,SH600998,九州通,4.74,29473739,5042470234,5042470234,2390130.890916
2024-07-11,SZ002494,华斯股份,2.99,11293450,286770438,377310718,112815.904682
2024-07-11,SZ300137,先河环保,4.28,3650660,522378779,536582210,229657.18588
2024-07-11,SZ300138,晨光生物,8.39,3388132,446460190,532773991,446997.378449
2024-07-11,SZ300136,信维通信,21.28,72078201,824567926,967568638,2058986.061664
2024-07-11,SZ002496,*ST辉丰,2.17,27192472,1173183040,1507589677,327146.959909
2024-07-11,SZ002497,雅化集团,9.16,22255048,1058729989,1152562520,1055747.26832
2024-07-11,SZ002498,汉缆股份,3.25,14962731,3326796000,3326796000,1081208.7
2024-07-11,SZ300142,沃森生物,11.42,22220487,1566303264,1605348484,1833307.968728
2024-07-11,SZ300141,和顺电气,8.41,15185650,252295192,253884600,213516.9486
2024-07-11,SZ300140,节能环境,5.93,4218001,423395434,3114672586,1847000.843498
2024-07-11,SZ300139,晓程科技,13.12,60051510,233651725,274000000,359488
2024-07-11,SZ002500,山西证券,4.62,16257946,3589771547,3589771547,1658474.454714
2024-07-11,SZ002501,利源股份,1.03,29294200,3541119006,3550000000,365650
2024-07-11,SZ002502,ST鼎龙,0.74,1073900,833090014,919994639,68079.603286
2024-07-11,SZ002505,鹏都农牧,0.36,0,6374261088,6374261088,229473.399168
2024-07-11,SZ002507,涪陵榨菜,12.36,10203722,1138320418,1153919028,1426243.918608
2024-07-11,SZ002508,老板电器,21.15,4945873,931839400,944114716,1996802.62434
2024-07-11,SH601777,千里科技,4.15,118490231,4521100071,4521100071,1876256.529465
2024-07-11,SZ002511,中顺洁柔,7.04,9850725,1271555641,1301152613,916011.439552
2024-07-11,SZ002510,天汽模,4.09,55112679,931765281,942062143,385303.416487
2024-07-11,SZ002513,蓝丰生化,3.38,4609100,263908145,352924278,119288.405964
2024-07-11,SZ002512,达华智能,3.25,57027815,1048454658,1147094532,372805.7229
2024-07-11,SZ002514,宝馨科技,4.04,14404500,554034264,720034264,290893.842656
2024-07-11,SZ002515,金字火腿,4.05,6190300,1128586294,1210614164,490298.73642
2024-07-11,SH601880,辽港股份,1.28,51342427,18828349817,23987065816,3070344.424448
2024-07-11,SZ002517,恺英网络,9.3,43015648,1907215312,2152517634,2001841.39962
2024-07-11,SZ002516,旷达科技,3.66,13347600,1467343682,1470838682,538326.957612
2024-07-11,SZ002518,科士达,16.88,6566860,565197914,586803094,990523.622672
2024-07-11,SZ002519,银河电子,4.93,15205260,1116299876,1126430898,555330.432714
2024-07-11,SZ300143,盈康生命,7.7,5494869,642154916,642167010,494468.5977
2024-07-11,SZ300144,宋城演艺,8.09,29872834,2271880899,2620474040,2119963.49836
2024-07-11,SZ300145,南方泵业,2.53,28839696,1893597187,1922100236,486291.359708
2024-07-11,SZ002523,天桥起重,2.12,25124377,1411543883,1416640800,300327.8496
2024-07-11,SZ002522,浙江众成,3.22,9071481,868838178,905779387,291660.962614
2024-07-11,SZ002520,日发精机,3.77,17030500,644940171,800245171,301692.429467
2024-07-11,SZ002521,齐峰新材,11.65,14211913,402829782,494685819,576308.979135
2024-07-11,SZ300147,ST香雪,3.47,22494303,657388542,661279045,229463.828615
2024-07-11,SZ300146,汤臣倍健,13.5,14106404,1129986534,1700845431,2296141.33185
2024-07-11,SZ300148,天舟文化,2.35,19417966,790486735,835339343,196304.745605
2024-07-11,SH601933,永辉超市,2.19,113472816,9075036993,9075036993,1987433.101467
2024-07-11,SZ002524,光正眼科,3.25,9256560,508447424,517967074,168339.29905
2024-07-11,SZ002526,山东矿机,2.37,61859729,1760906886,1782793836,422522.139132
2024-07-11,SZ300150,世纪瑞尔,2.54,9225900,514733937,585106053,148616.937462
2024-07-11,SZ300151,昌红科技,15.19,2836116,368696918,532508631,808880.610489
2024-07-11,SZ300149,睿智医药,4.06,8800403,498909292,499776892,202909.418152
2024-07-11,SZ002528,ST英飞拓,1.7,30114600,1046439251,1198675082,203774.76394
2024-07-11,SZ002529,*ST海源,4.97,8078048,260000000,260000000,129220
2024-07-11,SZ002527,新时达,6.34,30008346,527422470,661281291,419252.338494
2024-07-11,SH601890,亚星锚链,6.98,14614801,959400000,959400000,669661.2
2024-07-11,SZ300153,科泰电源,5.79,4767800,318030118,320000000,185280
2024-07-11,SZ300154,瑞凌股份,5.35,3303151,315534451,450521201,241028.842535
2024-07-11,SZ300152,ST新动力,1.61,28295227,712461075,712800000,114760.8
2024-07-11,SZ002532,天山铝业,8.65,63063569,4130005452,4651885415,4023880.883975
2024-07-11,SZ002531,天顺风能,8.02,25978683,1786866124,1796878658,1441096.683716
2024-07-11,SZ002530,金财互联,7.36,18408660,680394459,779198175,573489.8568
2024-07-11,SZ002533,金杯电工,9.79,13347420,627499808,733941062,718528.299698
2024-07-11,SH601126,四方股份,17.59,15987123,813172000,832226000,1463885.534
2024-07-11,SZ300157,新锦动力,1.88,12652500,697396082,725588257,136410.592316
2024-07-11,SZ300158,振东制药,3.96,19510977,1024133250,1027494660,406887.88536
2024-07-11,SZ300159,*ST新研,1.97,46011859,1471965923,1498965923,295296.286831
2024-07-11,SH601118,海南橡胶,4.56,25779790,4279427797,4279427797,1951419.075432
2024-07-11,SZ300155,安居宝,3.47,12488157,330399704,561227744,194746.027168
2024-07-11,SZ002534,西子洁能,9.82,4756437,730817152,739205207,725899.513274
2024-07-11,SZ002537,海联金汇,5.27,14380409,1174016745,1174016745,618706.824615
2024-07-11,SZ002536,飞龙股份,10.73,32376787,536530989,574785888,616745.257824
2024-07-11,SZ002535,林州重机,3.39,55111023,734299176,801683074,271770.562086
2024-07-11,SZ300162,雷曼光电,6.58,28005900,340758780,419510030,276037.59974
2024-07-11,SZ300163,先锋新材,1.33,11805800,416787665,474000000,63042
2024-07-11,SZ300161,华中数控,21.47,2967915,194994903,198696906,426602.257182
2024-07-11,SZ300160,秀强股份,4.72,7697300,759391517,772946292,364830.649824
2024-07-11,SZ300164,通源石油,3.47,19201300,539724376,590908629,205045.294263
2024-07-11,SZ002541,鸿路钢构,13.74,14226117,496172381,690011402,948075.666348
2024-07-11,SZ002540,亚太科技,5.54,9338600,863004861,1250185911,692602.994694
2024-07-11,SZ002539,云图控股,7.24,11528600,882940061,1207723762,874392.003688
2024-07-11,SZ002538,司尔特,4.53,7130700,853555763,853555763,386660.760639
2024-07-11,SH601700,风范股份,4.08,18775975,1142246700,1142246700,466036.6536
2024-07-11,SZ300166,东方国信,6.16,17361800,919276748,1152381437,709866.965192
2024-07-11,SZ300165,ST天瑞,2.61,78876917,400210333,495511725,129328.560225
2024-07-11,SZ300168,万达信息,4.82,16326937,1361205666,1443191991,695618.539662
2024-07-11,SZ300169,天晟新材,4.64,14997700,301735782,325984340,151256.73376
2024-07-11,SZ300167,ST迪威迅,1.49,13966741,343262500,360550000,53721.95
2024-07-11,SH601137,博威合金,15.79,13438504,780186717,781866717,1234567.546143
2024-07-11,SZ002542,中化岩土,1.47,38797980,1601624649,1806116738,265499.160486
2024-07-11,SZ002544,普天科技,18.63,4756532,679121496,682615642,1271712.941046
2024-07-11,SH601519,大智慧,5.54,15736501,2003865600,2003865600,1110141.5424
2024-07-11,SZ002543,万和电气,9.63,3473497,661608637,743600000,716086.8
2024-07-11,SZ300171,东富龙,11.76,5252739,562591355,765762040,900536.15904
2024-07-11,SZ300170,汉得信息,6.27,24177100,943995869,984845711,617498.260797
2024-07-11,SH601799,星宇股份,123.6,995942,285679419,285679419,3530997.61884
2024-07-11,SZ300172,中电环保,4.73,27912740,523512387,676710000,320083.83
2024-07-11,SH601616,广电电气,3.02,45470953,853675319,853675319,257809.946338
2024-07-11,SZ300173,ST福能,3.71,11400500,734393801,734725698,272583.233958
2024-07-11,SZ300174,元力股份,13.27,3216200,364533462,365852860,485486.74522
2024-07-11,SZ002546,新联电子,3.13,15167404,801232096,834049096,261057.367048
2024-07-11,SZ002545,东方铁塔,6.92,11935601,1130163708,1244062083,860890.961436
2024-07-11,SZ300179,四方达,7.29,4422206,376016518,485908830,354227.53707
2024-07-11,SZ300176,鸿特科技,5.14,22569700,387280800,387280800,199062.3312
2024-07-11,SZ300175,ST朗源,6.5,20315802,470800000,470800000,306020
2024-07-11,SZ300177,中海达,6.85,130248266,606267406,744169066,509755.81021
2024-07-11,SZ002549,凯美特气,5.11,11154798,692359526,695347901,355322.777411
2024-07-11,SZ002547,春兴精工,2.49,14718422,1104008416,1128057168,280886.234832
2024-07-11,SZ002550,千红制药,5.46,13004700,922181654,1279800000,698770.8
2024-07-11,SZ002548,金新农,3.99,11108102,804471492,805093658,321232.369542
2024-07-11,SZ300184,力源信息,4.68,33914700,1048391179,1154011922,540077.579496
2024-07-11,SZ300180,华峰超纤,3.67,44342684,1474686192,1761060155,646309.076885
2024-07-11,SZ300183,东软载波,11.26,3302386,370904012,462609137,520897.888262
2024-07-11,SH601216,君正集团,3.76,30193653,8438017390,8438017390,3172694.53864
2024-07-11,SZ300182,捷成股份,3.71,57890700,2239391552,2663825632,988279.309472
2024-07-11,SZ300181,佐力药业,15.55,39909577,601194961,701387335,1090657.305925
2024-07-11,SZ002553,南方精工,9.15,5163404,237750000,348000000,318420
2024-07-11,SZ002552,宝鼎科技,14.92,11844000,315602482,408542039,609544.722188
2024-07-11,SZ002551,尚荣医疗,2.39,12122228,610386985,844822050,201912.46995
2024-07-11,SZ002554,惠博普,2.23,14774400,1346608600,1346857772,300349.283156
2024-07-11,SH601992,金隅集团,1.37,41603840,8334158264,10677771134,1462854.645358
2024-07-11,SH601116,三江购物,7.89,5078569,547678400,547678400,432118.2576
2024-07-11,SZ002557,洽洽食品,27.4,4292472,506998597,507002347,1389186.43078
2024-07-11,SZ002556,辉隆股份,5.14,31504602,931852421,946518080,486510.29312
2024-07-11,SZ002555,三七互娱,12.94,30576741,1607348471,2217864281,2869916.379614
2024-07-11,SZ002558,巨人网络,9.27,38972878,1973542406,1973542406,1829473.810362
2024-07-11,SZ002560,通达股份,5.6,4206887,452922202,525738570,294413.5992
2024-07-11,SZ002561,徐家汇,7.3,10100806,414439567,415763000,303506.99
2024-07-11,SZ002559,亚威股份,7.55,32197250,500511346,549765024,415072.59312
2024-07-11,SZ300185,通裕重工,1.83,34789687,3673372759,3896931013,713138.375379
2024-07-11,SZ300187,永清环保,4.27,5418800,644529867,645622165,275680.664455
2024-07-11,SH601011,宝泰隆,1.55,47148192,1915664539,1915664539,296928.003545
2024-07-11,SZ002564,天沃科技,3.44,8195340,858447447,858904477,295463.140088
2024-07-11,SZ002562,兄弟科技,3.39,38027996,700820783,1063700541,360594.483399
2024-07-11,SZ002563,森马服饰,5.26,15094100,2208442340,2694090160,1417091.42416
2024-07-11,SZ300188,国投智能,11.49,11925166,781945521,859477310,987539.42919
2024-07-11,SZ300190,维尔利,2.91,4851300,776169113,781593216,227443.625856
2024-07-11,SZ300189,神农种业,1.96,61343250,886247574,1024000000,200704
2024-07-11,SZ300191,潜能恒信,13.67,1976286,220070000,320000000,437440
2024-07-11,SH601199,江南水务,5.06,6671082,935210292,935210292,473216.407752
2024-07-11,SZ002566,益盛药业,6.27,2686500,231790468,330951600,207506.6532
2024-07-11,SZ002565,顺灏股份,2.41,16408640,1055631178,1059988922,255457.330202
2024-07-11,SZ300193,佳士科技,7.37,4758149,436660947,493198667,363487.417579
2024-07-11,SZ300194,福安药业,3.89,29970000,967876874,1189712382,462798.116598
2024-07-11,SZ300192,科德教育,9.25,7380629,229547320,329143329,304457.579325
2024-07-11,SZ002567,唐人神,5.3,67041215,1431514373,1433051393,759517.23829
2024-07-11,SZ002568,百润股份,16.33,11966313,717279565,1049690955,1714145.329515
2024-07-11,SZ300196,长海股份,9.82,1587400,246317334,408716549,401359.651118
2024-07-11,SZ300195,长荣股份,4.19,7567300,313605581,423387356,177399.302164
2024-07-11,SZ300197,节能铁汉,1.42,130835395,2700332034,2965298080,421072.32736
2024-07-11,SZ300198,ST纳川,1.16,31476600,908170477,1031548540,119659.63064
2024-07-11,SZ300199,翰宇药业,10.21,16258351,666033813,883241336,901789.404056
2024-07-11,SZ300201,海伦哲,3.57,8680600,1036805933,1040921518,371608.981926
2024-07-11,SZ300200,高盟新材,7.83,10490900,421759362,430973206,337452.020298
2024-07-11,SZ002075,沙钢股份,4.38,94873886,2193821920,2193825445,960895.54491
2024-07-11,SZ002572,索菲亚,14.83,9521329,638794338,963047164,1428198.944212
2024-07-11,SZ002569,*ST步森,6.21,1361600,139879925,144010000,89430.21
2024-07-11,SZ002571,德力股份,4,15262059,298306188,391950700,156780.28
2024-07-11,SZ002570,贝因美,2.5,20958202,1079995333,1080043333,270010.83325
2024-07-11,SZ300204,舒泰神,5.86,5590400,471639184,477772555,279974.71723
2024-07-11,SZ300203,聚光科技,11.03,7492300,448475100,448737600,494957.5728
2024-07-11,SZ300206,理邦仪器,8.34,3439324,340438065,581721846,485156.019564
2024-07-11,SZ300205,*ST天喻,7.35,3506300,425991218,430056000,316091.16
2024-07-11,SZ300207,欣旺达,15.11,48690439,1728096781,1862217256,2813810.273816
2024-07-11,SZ002573,清新环境,3.68,10994974,1402348179,1424388579,524174.997072
2024-07-11,SZ002574,明牌珠宝,4.14,6157910,528000000,528000000,218592
2024-07-11,SZ002575,群兴玩具,4.24,6833900,588720000,642720000,272513.28
2024-07-11,SZ300208,中程退,1.34,8378050,687391126,749475000,100429.65
2024-07-11,SZ300210,森远股份,8.07,13053000,483668259,484219953,390765.502071
2024-07-11,SZ300209,行云科技,2.32,4742003,394874087,422107330,97928.90056
2024-07-11,SZ002578,闽发铝业,2.73,14738900,861162561,938630183,256246.039959
2024-07-11,SZ002576,通达动力,11.13,2892600,161902771,165100000,183756.3
2024-07-11,SZ002577,雷柏科技,12.16,2656456,282865000,282880000,343982.08
2024-07-11,SZ300212,易华录,17.01,18119693,698182190,723273408,1230288.067008
2024-07-11,SZ300213,佳讯飞鸿,5.68,6900900,544823272,593718564,337232.144352
2024-07-11,SZ300211,*ST亿通,5.29,4101699,298481824,303929723,160778.823467
2024-07-11,SZ002580,圣阳股份,6.15,7209300,452179653,453868993,279129.430695
2024-07-11,SH601218,吉鑫科技,2.71,8562360,976003236,977095932,264792.997572
2024-07-11,SZ002579,中京电子,7.15,22068568,582358144,612618620,438022.3133
2024-07-11,SH601113,华鼎股份,3.15,62011595,1104152226,1104152226,347807.95119
2024-07-11,SZ300215,电科院,5.12,18327500,690519187,749094187,383536.223744
2024-07-11,SZ300214,日科化学,5.53,4785488,403563086,466042614,257721.565542
2024-07-11,SZ300219,鸿利智汇,5.6,10075550,706641391,707943506,396448.36336
2024-07-11,SZ300218,安利股份,14.4,3376400,216276394,216987000,312461.28
2024-07-11,SZ300217,东方电热,3.7,21381423,1226951512,1477976940,546851.4678
2024-07-11,SH601233,桐昆股份,15.06,26891318,2272309637,2411119493,3631145.956458
2024-07-11,SH601208,东材科技,7.19,27515665,896783164,917716664,659838.281416
2024-07-11,SZ002582,好想你,5.26,4962512,339841395,453243369,238406.012094
2024-07-11,SZ002581,ST未名,9.16,4717000,400791161,659735586,604317.796776
2024-07-11,SZ300222,科大智能,5.47,10603322,635764509,780242234,426792.501998
2024-07-11,SZ300220,金运激光,7.3,4079261,151019348,151200000,110376
2024-07-11,SZ300221,银禧科技,5.02,11833302,452472162,474557935,238228.08337
2024-07-11,SH601599,浙文影业,2.8,9779300,1160542453,1160542453,324951.88684
2024-07-11,SZ002583,海能达,4.2,35739548,1281960042,1818214381,763650.04002
2024-07-11,SH601566,九牧王,8.35,2236900,574637150,574637150,479822.02025
2024-07-11,SZ300225,*ST金泰,5.85,35816198,475057090,475429590,278126.31015
2024-07-11,SZ300223,北京君正,55.87,7260158,415768389,481569911,2690531.092757
2024-07-11,SZ300224,正海磁材,9.16,5304511,814958945,820245644,751345.009904
2024-07-11,SZ002585,双星新材,4.83,14626950,892933457,1152485496,556650.494568
2024-07-11,SZ002584,西陇科学,6.17,65748511,432491796,585216422,361078.532374
2024-07-11,SZ002586,ST围海,1.61,2581432,896958199,1144223714,184220.017954
2024-07-11,SH601311,骆驼股份,7.72,6317791,1173146118,1173146118,905668.803096
2024-07-11,SH601010,文峰股份,1.76,7397200,1823357065,1848000000,325248
2024-07-11,SZ300226,上海钢联,16.92,7319503,309533301,321821516,544522.005072
2024-07-11,SZ300227,光韵达,5.52,13493050,417763836,499780023,275878.572696
2024-07-11,SZ300228,富瑞特装,5.92,28420607,542891449,575406349,340640.558608
2024-07-11,SZ002590,万安科技,13.24,18589400,455553639,479646926,635052.530024
2024-07-11,SZ002587,奥拓电子,5.69,49521539,515222984,651544156,370728.624764
2024-07-11,SZ002589,瑞康医药,2.29,26020800,1364091548,1504710471,344578.697859
2024-07-11,SZ002588,史丹利,7.45,23031800,1024589870,1156884000,861878.58
2024-07-11,SZ300231,银信科技,7.29,6342892,349921500,419015055,305461.975095
2024-07-11,SZ300230,永利股份,3.34,7617600,632815099,816206041,272612.817694
2024-07-11,SH601567,三星医疗,32.18,5422133,1403005862,1411197171,4541232.496278
2024-07-11,SZ300229,拓尔思,13.33,13296855,794680252,795291951,1060124.170683
2024-07-11,SZ002591,恒大高新,3.61,8780800,223399462,300199484,108372.013724
2024-07-11,SZ300233,金城医药,14.98,4491298,371897088,383874587,575044.131326
2024-07-11,SZ300232,洲明科技,5.18,18925152,883622865,1089397861,564308.091998
2024-07-11,SH601798,蓝科高新,4.99,5008911,354528198,354528198,176909.570802
2024-07-11,SZ300234,开尔新材,3.99,5742991,343987044,503171090,200765.26491
2024-07-11,SZ002593,日上集团,2.89,19955130,570468784,803858029,232314.970381
2024-07-11,SZ002595,豪迈科技,38.43,1719592,445207101,800000000,3074400
2024-07-11,SZ300235,方直科技,7.94,3371350,203131255,251746635,199886.82819
2024-07-11,SZ300237,ST美晨,1.14,21656998,1438454805,1441914930,164378.30202
2024-07-11,SZ300236,上海新阳,32.54,3932587,278418717,313381402,1019743.082108
2024-07-11,SZ002594,比亚迪,253.06,10035945,1162470566,2909265855,73621881.72663
2024-07-11,SH601058,赛轮轮胎,14.23,59122357,3288100259,3288100259,4678966.668557
2024-07-11,SZ300239,东宝生物,4.77,4642102,589603186,593604386,283149.292122
2024-07-11,SZ300240,飞力达,6.4,51977720,362983629,370770200,237292.928
2024-07-11,SZ300238,冠昊生物,9.07,4749468,265134082,265155701,240496.220807
2024-07-11,SZ002596,海南瑞泽,1.39,11287000,1053591268,1147580518,159513.692002
2024-07-11,SZ002598,山东章鼓,7.35,3450257,282047827,312001926,229321.41561
2024-07-11,SZ002597,金禾实业,20.07,3389300,566678766,569975078,1143939.981546
2024-07-11,SZ000620,盈新发展,1.56,34454200,4145048815,5871815040,916003.14624
2024-07-11,SZ300241,瑞丰光电,4.09,22599162,571824623,686211103,280660.341127
2024-07-11,SZ300242,佳云科技,1.94,58312049,629576622,634555224,123103.713456
2024-07-11,SZ300243,瑞丰高材,8.89,14228250,190692853,250424136,222627.056904
2024-07-11,SZ002601,龙佰集团,19,15500293,2364855761,2386293256,4533957.1864
2024-07-11,SZ002600,领益智造,7.56,372572475,6891503604,7008177819,5298182.431164
2024-07-11,SZ002599,盛通股份,4.87,9814064,402001191,537586717,261804.731179
2024-07-11,SZ300246,宝莱特,5.89,4347701,211296281,264575486,155834.961254
2024-07-11,SZ300245,天玑科技,7.08,47461976,310863353,313457493,221927.905044
2024-07-11,SZ300244,迪安诊断,12.75,9939904,502897766,626898036,799294.9959
2024-07-11,SH600898,*ST美讯,1.04,2344300,252523820,285380986,29679.622544
2024-07-11,SZ002603,以岭药业,15.3,12071382,1376777553,1670705376,2556179.22528
2024-07-11,SZ002602,世纪华通,3.39,81792245,6881073473,7452556968,2526416.812152
2024-07-11,SZ300247,融捷健康,2.45,18162100,803275313,804040313,196989.876685
2024-07-11,SZ300248,新开普,6.44,3966023,409154359,476348393,306768.365092
2024-07-11,SZ300251,光线传媒,7.68,28030520,2787223354,2933608432,2253011.275776
2024-07-11,SZ300250,初灵信息,12.22,16477609,157616522,214067479,261590.459338
2024-07-11,SZ300249,依米康,6.77,14435898,368421925,440487994,298210.371938
2024-07-11,SZ002606,大连电瓷,8.12,21335696,421142055,439073220,356527.45464
2024-07-11,SZ002605,姚记科技,18.89,7852509,332511812,413870990,781802.30011
2024-07-11,SH601222,林洋能源,6.17,13893840,2060169156,2060169156,1271124.369252
2024-07-11,SZ002608,江苏国信,7.62,13960002,3778079704,3778079704,2878896.734448
2024-07-11,SH601901,方正证券,7.63,75103303,8232101395,8232101395,6281093.364385
2024-07-11,SZ002607,中公教育,1.47,228630502,4867359324,6167399389,906607.710183
2024-07-11,SH601636,旗滨集团,6.18,27116681,2683514269,2683514269,1658411.818242
2024-07-11,SZ002610,ST爱康,0.37,0,4475534961,4479532523,165742.703351
2024-07-11,SZ002609,捷顺科技,7.47,9589900,459900591,647148281,483419.765907
2024-07-11,SH601789,宁波建工,3.58,7154425,1086798590,1086798590,389073.89522
2024-07-11,SZ300253,卫宁健康,5.75,19540359,1861399882,2160167768,1242096.4666
2024-07-11,SH601886,江河集团,4.78,9666251,1133002060,1133002060,541574.98468
2024-07-11,SZ300252,金信诺,6.23,14449350,533246305,662153834,412521.838582
2024-07-11,SH600727,鲁北化工,7.69,67235692,528523135,528583135,406480.430815
2024-07-11,SZ300257,开山股份,9.5,6779930,954378737,993635018,943953.2671
2024-07-11,SZ300256,星星科技,1.84,36392101,1643393386,2268393386,417384.383024
2024-07-11,SZ300254,仟源医药,7.91,5197600,225021595,241618563,191120.283333
2024-07-11,SZ300255,常山药业,9.44,18142350,915844858,919060878,867593.468832
2024-07-11,SZ300258,精锻科技,8.24,8176900,462731880,481777185,396984.40044
2024-07-11,SZ000981,山子高科,1.34,36017232,6525155452,9997470888,1339661.098992
2024-07-11,SH600057,厦门象屿,6.42,15620481,2165091836,2272414063,1458889.828446
2024-07-11,SZ002612,朗姿股份,13.82,4066933,253539077,442445375,611459.50825
2024-07-11,SZ002613,北玻股份,3.51,9278971,603992102,937170000,328946.67
2024-07-11,SZ002611,东方精工,5.21,27449453,994171807,1219046340,635123.14314
2024-07-11,SZ300259,新天科技,2.53,10183546,1169533231,1169801516,295959.783548
2024-07-11,SZ300261,雅本化学,5.32,9928000,937079377,963309471,512480.638572
2024-07-11,SZ300260,新莱应材,19.95,7197780,278596263,407806752,813574.47024
2024-07-11,SH601908,京运通,2.42,35974200,2414602861,2414602861,584333.892362
2024-07-11,SH600681,百川能源,3.33,4036580,1339808772,1340854810,446504.65173
2024-07-11,SZ002615,哈尔斯,6.68,5131300,303960807,466379732,311541.660976
2024-07-11,SZ002614,奥佳华,5.49,5998600,441012307,623475150,342287.85735
2024-07-11,SZ300265,通光线缆,7.1,23756405,457988080,458287705,325384.27055
2024-07-11,SZ300262,*ST巴安,0.68,0,667801159,669766999,45544.155932
2024-07-11,SZ300263,隆华科技,5.51,8691263,772386842,904333567,498287.795417
2024-07-11,SZ300264,佳创视讯,4.96,105945959,368959114,430857518,213705.328928
2024-07-11,SH601677,明泰铝业,13.38,50198266,1192492027,1243704027,1664075.988126
2024-07-11,SZ002616,长青集团,4.37,5978940,470222358,741958458,324235.846146
2024-07-11,SZ002617,露笑科技,4.93,32684823,1891453762,1923005903,948041.910179
2024-07-11,SZ300267,尔康制药,2.15,19380000,1422396841,2062604870,443460.04705
2024-07-11,SZ300266,兴源环境,1.31,28160939,1553774914,1553807314,203548.758134
2024-07-11,SZ300268,*ST佳沃,6.73,690700,133620336,174200000,117236.6
2024-07-11,SH601633,长城汽车,26.22,33809058,6170418064,8541963390,22397028.00858
2024-07-11,SZ002621,*ST美吉,0.37,0,801490808,822237930,30422.80341
2024-07-11,SH600633,浙数文化,8.52,8545300,1265730523,1265730523,1078402.405596
2024-07-11,SZ002620,ST瑞和,2.42,9309428,315090131,377494000,91353.548
2024-07-11,SH601996,丰林集团,1.75,8158100,1145622800,1145622800,200483.99
2024-07-11,SH600094,大名城,3.53,21922900,2276604962,2475325057,873789.745121
2024-07-11,SZ300270,中威电子,6.53,27608900,242594546,302806028,197732.336284
2024-07-11,SZ300269,联建光电,2.55,27297000,525661003,549113825,140024.025375
2024-07-11,SZ002623,亚玛顿,16.05,1319434,198636125,199062500,319495.3125
2024-07-11,SH601669,中国电建,5.45,108153840,13071525850,17226159334,9388256.83703
2024-07-11,SZ002622,皓宸医疗,1.28,23907706,839974950,840000000,107520
2024-07-11,SH600313,农发种业,5.53,11776601,1082198663,1082198663,598455.860639
2024-07-11,SZ300271,华宇软件,4.87,23472081,801731554,816275473,397526.155351
2024-07-11,SH601100,恒立液压,44.08,6558169,1340820992,1340820992,5910338.932736
2024-07-11,SZ002624,完美世界,7.23,25103727,1827355267,1939968404,1402597.156092
2024-07-11,SZ002626,金达威,13.99,7604998,609844771,609934771,853298.744629
2024-07-11,SZ300275,梅安森,9.72,3154000,251408472,304342008,295820.431776
2024-07-11,SZ300274,阳光电源,59.82,31566541,1589896150,2073211424,12401950.738368
2024-07-11,SZ300272,开能健康,4.8,7806920,431120454,577217911,277064.59728
2024-07-11,SZ002628,成都路桥,1.87,27595382,754954802,757100415,141577.777605
2024-07-11,SZ002627,三峡旅游,4.78,5322767,698903823,738148117,352834.799926
2024-07-11,SZ002629,仁智股份,1.57,19491500,354150433,436648000,68553.736
2024-07-11,SZ002625,光启技术,17.41,15961203,1777221610,2154587862,3751137.467742
2024-07-11,SH601028,玉龙股份,14.55,33832547,783025760,783025760,1139302.4808
2024-07-11,SZ002631,德尔未来,3.56,7397799,654944700,658655229,234481.261524
2024-07-11,SZ002630,ST华西,2.15,18220752,1059833505,1180800000,253872
2024-07-11,SZ002592,ST八菱,3.86,2836900,262716370,283331157,109365.826602
2024-07-11,SZ300276,三丰智能,3.53,42826862,1005539562,1401042990,494568.17547
2024-07-11,SZ002632,道明光学,7.64,23920353,580800011,624599090,477193.70476
2024-07-11,SZ002633,申科股份,5.98,3009200,149418750,150000000,89700
2024-07-11,SZ300277,海联讯,6.6,3742974,334434800,335000000,221100
2024-07-11,SZ002636,金安国纪,6.34,8474700,723107222,728000000,461552
2024-07-11,SZ002637,赞宇科技,8.73,4277960,442490161,470401000,410660.073
2024-07-11,SZ002638,勤上股份,1.48,12409687,1347995819,1436594349,212615.963652
2024-07-11,SZ002635,安洁科技,16.07,24010370,391535580,659686776,1060116.649032
2024-07-11,SH601928,凤凰传媒,10.75,19019129,2544900000,2544900000,2735767.5
2024-07-11,SZ000719,中原传媒,10.04,16073237,667147543,1023203749,1027296.563996
2024-07-11,SZ002639,雪人集团,4.97,9026903,649685406,772602178,383983.282466
2024-07-11,SZ002634,棒杰股份,3.49,4534300,446514538,474072513,165451.307037
2024-07-11,SZ002640,跨境通,1.38,65147669,1423244645,1558041330,215009.70354
2024-07-11,SZ002641,公元股份,3.93,5951137,1134039653,1229093871,483033.891303
2024-07-11,SH601555,东吴证券,5.9,27876362,4968702837,4968702837,2931534.67383
2024-07-11,SZ300278,华昌达,2.92,15457827,1366622402,1421506508,415079.900336
2024-07-11,SH601336,新华保险,30.75,9345382,2085439340,3119546600,9592605.795
2024-07-11,SZ002642,荣联科技,5.24,13153150,604837025,661580313,346668.084012
2024-07-11,SZ002645,华宏科技,6.35,11371400,509070130,581524525,369268.073375
2024-07-11,SZ002643,万润股份,9.7,10072843,902632060,930106155,902202.97035
2024-07-11,SZ002644,佛慈制药,6.52,3406700,510657000,510657000,332948.364
2024-07-11,SZ002646,天佑德酒,10.49,4722063,472561624,482002974,505621.119726
2024-07-11,SZ002648,卫星化学,17.94,20184699,3366380915,3368645690,6043350.36786
2024-07-11,SZ002647,*ST仁东,3.24,12165000,559936650,559936650,181419.4746
2024-07-11,SZ300281,金明精机,4.31,11321200,397325912,418923580,180556.06298
2024-07-11,SZ300280,紫天退,15.17,33633000,160474169,162065744,245853.733648
2024-07-11,SZ300279,和晶科技,4.19,8982900,458098684,489099490,204932.68631
2024-07-11,SZ300282,三盛退,0.19,30240498,374306455,374306455,7111.822645
2024-07-11,SZ002650,ST加加,1.77,4148600,1151962700,1152000200,203904.0354
2024-07-11,SZ002649,博彦科技,7.78,6928200,548644370,585344532,455398.045896
2024-07-11,SZ002651,利君股份,5.19,6303850,565463641,1033460000,536365.74
2024-07-11,SZ300283,温州宏丰,4.86,40345255,307436336,437196056,212477.283216
2024-07-11,SZ300284,苏交科,7.21,58213403,888858390,1262827774,910498.825054
2024-07-11,SZ300286,安科瑞,19.91,2174900,174623124,214716125,427499.804875
2024-07-11,SZ300285,国瓷材料,17.78,10888391,803949847,997048299,1772751.875622
2024-07-11,SZ002653,海思科,29.95,4840340,517073208,1114117970,3336783.32015
2024-07-11,SZ002652,扬子新材,2.37,12956340,511653543,512064000,121359.168
2024-07-11,SZ300287,飞利信,2.06,142220377,1292194860,1435273808,295666.404448
2024-07-11,SZ300291,百纳千成,4.14,15405999,928753219,941889651,389942.315514
2024-07-11,SH601515,衢州东峰,3.35,14624476,1842963680,1842963680,617392.8328
2024-07-11,SZ300288,朗玛信息,10.51,4844090,256048966,337941402,355176.413502
2024-07-11,SZ300289,利德曼,3.88,4185500,416943335,544011487,211076.456956
2024-07-11,SZ300290,荣科科技,9.54,46703600,639226319,639732569,610304.870826
2024-07-11,SZ002655,共达电声,11.1,15927600,359890825,360000000,399600
2024-07-11,SZ002654,万润科技,10.83,63166075,795090356,845302544,915462.655152
2024-07-11,SH601231,环旭电子,17.02,39252078,2210993389,2210993389,3763110.748078
2024-07-11,SH601929,吉视传媒,1.06,107563096,3489788168,3489788168,369917.545808
2024-07-11,SZ002656,*ST摩登,0.93,5605481,609457555,712519844,66264.345492
2024-07-11,SZ002657,中科金财,11.64,10321600,335118611,340089032,395863.633248
2024-07-11,SZ300292,吴通控股,3.49,33654700,1115944813,1341764974,468275.975926
2024-07-11,SZ300293,蓝英装备,13.82,14767914,280335917,338438106,467721.462492
2024-07-11,SZ300294,博雅生物,34.66,2737215,425940163,504248738,1747726.125908
2024-07-11,SZ002662,峰璟股份,3.05,17293600,1499981100,1500000000,457500
2024-07-11,SH601800,中国交建,8.28,31951137,11747235425,16278611425,13478690.2599
2024-07-11,SZ002658,雪迪龙,5.08,3102394,358316499,635760924,322966.549392
2024-07-11,SZ002659,凯文教育,3.19,8067301,598256884,598280384,190851.442496
2024-07-11,SZ300296,利亚德,4.48,24745035,2092116121,2529396015,1133169.41472
2024-07-11,SZ300295,三六五网,8.96,8770800,167548624,190824714,170978.943744
2024-07-11,SZ002660,茂硕电源,7.23,4678800,257084939,356626019,257840.611737
2024-07-11,SZ002664,信质集团,12.16,3009600,401382888,407141800,495084.4288
2024-07-11,SZ002663,普邦股份,1.25,7099200,1468989685,1795890452,224486.3065
2024-07-11,SZ002661,克明食品,8.1,5787100,322814802,343834842,278506.22202
2024-07-11,SZ300299,富春股份,3.56,17503705,633535914,691229485,246077.69666
2024-07-11,SZ300298,三诺生物,22.77,5524700,455345717,564265375,1284832.258875
2024-07-11,SZ300303,聚飞光电,4.95,28504049,1252498126,1342299717,664438.359915
2024-07-11,SZ300300,海峡创新,1.09,20862468,666748362,666847062,72686.329758
2024-07-11,SZ300304,云意电气,6.56,17319000,854878384,877293518,575504.547808
2024-07-11,SZ300302,同有科技,9.25,9546130,368888895,479263798,443319.01315
2024-07-11,SZ300301,ST长方,1.26,3408442,790108769,790108769,99553.704894
2024-07-11,SZ002665,ST航高,0.37,0,2464328827,2503942925,92645.888225
2024-07-11,SZ002666,德联集团,3.7,9276800,445635770,754329268,279101.82916
2024-07-11,SH601238,广汽集团,7.78,29377773,7362249163,10486917818,8158822.062404
2024-07-11,SZ300307,慈星股份,5.83,16054795,777376734,787801776,459288.435408
2024-07-11,SZ300305,裕兴股份,5.78,5855200,231870829,375399652,216980.998856
2024-07-11,SZ300306,远方信息,9.17,5208964,157560431,268958778,246635.199426
2024-07-11,SZ002667,威领股份,4.87,6235400,235945600,242371000,118034.677
2024-07-11,SZ300308,中际旭创,153.26,29084256,1115714558,1121166509,17182997.916934
2024-07-11,SH601012,隆基绿能,14.22,224628399,7578037222,7578044768,10775979.660096
2024-07-11,SZ002669,康达新材,8.16,5620500,301898350,303400000,247574.4
2024-07-11,SZ002668,TCL智家,9.12,20040409,1084111428,1084111428,988709.622336
2024-07-11,SZ002670,国盛证券,8.3,22649763,1623350634,1935084653,1606120.26199
2024-07-11,SH601388,怡球资源,2.23,32402315,2201222616,2201222616,490872.643368
2024-07-11,SZ300311,ST任子行,4.54,79888865,537409093,673630150,305828.0881
2024-07-11,SZ300310,宜通世纪,3.79,27701971,691740446,881658531,334148.583249
2024-07-11,SZ300313,*ST天山,5.77,3225600,184221477,312977396,180587.957492
2024-07-11,SH603001,奥康国际,4.25,2023402,400980000,400980000,170416.5
2024-07-11,SZ002671,龙泉股份,3.6,9854400,552203274,564566759,203244.03324
2024-07-11,SZ002672,东江环保,3.6,4990200,839696343,1105255802,397892.08872
2024-07-11,SH603000,人民网,19.76,16090240,1105691056,1105691056,2184845.526656
2024-07-11,SH603123,翠微股份,5.86,9894800,652275949,798736665,468059.68569
2024-07-11,SZ002673,西部证券,6.17,33789956,4109194608,4469581705,2757731.911985
2024-07-11,SH603333,尚纬股份,3.05,8486800,621527586,621527586,189565.91373
2024-07-11,SZ002674,兴业科技,9.24,2375500,288866652,291862944,269681.360256
2024-07-11,SZ300314,戴维医疗,10.59,2898900,189356448,288000000,304992
2024-07-11,SZ300316,晶盛机电,29.43,14935982,1231555433,1309533797,3853957.964571
2024-07-11,SZ300317,珈伟新能,3.71,13600061,830038405,830188405,307999.898255
2024-07-11,SZ300315,掌趣科技,4.12,47308884,2594236957,2743909792,1130490.834304
2024-07-11,SH603002,宏昌电子,5.26,72664861,1102163616,1134078509,596525.295734
2024-07-11,SH603366,日出东方,3.55,6373000,806139761,813974001,288960.770355
2024-07-11,SZ300321,同大股份,16.12,2840300,88800000,88800000,143145.6
2024-07-11,SZ300319,麦捷科技,10.12,74830532,829707408,869130872,879560.442464
2024-07-11,SZ300318,博晖创新,4.97,6260600,798539484,816900495,405999.546015
2024-07-11,SZ002677,浙江美大,8.09,1677736,582720719,646051647,522655.782423
2024-07-11,SZ002676,顺威股份,4.31,14534950,719976459,720000000,310320
2024-07-11,SZ002675,东诚药业,12.26,7499665,765744054,824595705,1010954.33433
2024-07-11,SH603128,华贸物流,5.65,10848100,1309046494,1309046494,739611.26911
2024-07-11,SZ002678,珠江钢琴,3.66,3620040,1357574448,1359808323,497689.846218
2024-07-11,SZ300323,华灿光电,4.43,9019510,751611222,1616698797,716197.567071
2024-07-11,SZ300320,海达股份,8.05,6859800,490090775,601234191,483993.523755
2024-07-11,SZ002681,奋达科技,3.69,28615176,1388739933,1805405876,666194.768244
2024-07-11,SZ002679,福建金森,6.72,3302066,235756000,235756000,158428.032
2024-07-11,SZ300322,硕贝德,8.84,37499194,443544112,465746427,411719.841468
2024-07-11,SZ300324,旋极信息,2.19,92798104,1708553267,1727590595,378342.340305
2024-07-11,SH601965,中国汽研,17.68,14346322,987490787,1003285687,1773809.094616
2024-07-11,SZ002683,广东宏大,19.64,2914758,660323965,759652710,1491957.92244
2024-07-11,SZ002682,龙洲股份,3.64,34889090,562360194,562368594,204702.168216
2024-07-11,SH601339,百隆东方,5.25,3518900,1500000000,1500000000,787500
2024-07-11,SZ002685,华东重机,2.46,20783588,1007688391,1007690641,247891.897686
2024-07-11,SZ300326,ST凯利,3.88,6866377,716588713,717026333,278206.217204
2024-07-11,SZ300327,中颖电子,19.99,7799965,339256051,342028361,683714.693639
2024-07-11,SZ000722,湖南发展,9.33,8424600,464158282,464158282,433059.677106
2024-07-11,SZ300328,宜安科技,4.43,12725696,685017975,690423600,305857.6548
2024-07-11,SZ300329,海伦钢琴,3.85,13149550,252140431,252888780,97362.1803
2024-07-11,SZ300332,天壕能源,5.4,5760273,832923202,868979552,469248.95808
2024-07-11,SZ300331,苏大维格,15.9,4730300,206176815,259662286,412863.03474
2024-07-11,SZ300333,兆日科技,5.11,32120100,334375067,336000000,171696
2024-07-11,SH600455,博通股份,14.26,1888200,62458000,62458000,89065.108
2024-07-11,SZ002686,亿利达,4.07,8183800,522397808,566239133,230459.327131
2024-07-11,SZ300334,津膜科技,4.58,4230000,302029761,302065356,138345.933048
2024-07-11,SH601608,中信重工,3.71,24774782,4339419293,4339419293,1609924.557703
2024-07-11,SZ300335,迪森股份,3.85,7149100,386474034,477012388,183649.76938
2024-07-11,SZ002687,乔治白,4.24,3985534,406074180,504825255,214045.90812
2024-07-11,SZ002688,金河生物,3.71,7460105,745063867,780422398,289536.709658
2024-07-11,SZ002689,ST远智,2.3,50408024,1041324209,1043310725,239961.46675
2024-07-11,SH603008,喜临门,15.94,2567200,378991880,378991880,604113.05672
2024-07-11,SZ300337,银邦股份,8.24,85028200,711383934,821920000,677262.08
2024-07-11,SZ300339,润和软件,20.48,23532959,773506917,796410841,1631049.402368
2024-07-11,SZ300340,科恒股份,6.87,5869800,187306721,276630020,190044.82374
2024-07-11,SZ300342,天银机电,13.18,19633114,416248485,425035113,560196.278934
2024-07-11,SZ300338,ST开元,1.46,11088597,324218841,402624692,58783.205032
2024-07-11,SZ300341,麦克奥迪,8.39,3121601,515089086,517410336,434107.271904
2024-07-11,SZ002691,冀凯股份,4.28,3397030,335640259,340000000,145520
2024-07-11,SH603077,和邦生物,1.71,64547102,8831250228,8831250228,1510143.788988
2024-07-11,SZ002690,美亚光电,16.2,2615170,432425615,882275500,1429286.31
2024-07-11,SZ300343,ST联创,4.86,19523977,1066219389,1068969119,519518.991834
2024-07-11,SZ300345,华民股份,6.23,8974300,442546096,577681096,359895.322808
2024-07-11,SZ300344,*ST立方,3.22,17981104,639211391,641706416,206629.465952
2024-07-11,SZ000863,三湘印象,3.72,19019079,1163615418,1180699560,439220.23632
2024-07-11,SZ300346,南大光电,29.63,25425897,513355171,543425757,1610170.517991
2024-07-11,SH601038,一拖股份,15.7,4362990,731705275,1123645275,1764123.08175
2024-07-11,SZ002693,*ST双成,4.31,6619950,411382096,416789750,179636.38225
2024-07-11,SZ002692,远程股份,3.34,5297900,718146000,718146000,239860.764
2024-07-11,SH603766,隆鑫通用,6.48,16390852,2053541850,2053541850,1330695.1188
2024-07-11,SZ002694,顾地科技,3.73,3376300,552546725,763084800,284630.6304
2024-07-11,SZ300349,金卡智能,11.64,4114800,372809396,420802313,489813.892332
2024-07-11,SH603003,退市龙宇,5.11,10723500,402443494,402443494,205648.625434
2024-07-11,SZ300347,泰格医药,48.66,10063553,570136726,864948570,4208839.74162
2024-07-11,SZ300348,长亮科技,7.93,51571374,625708372,731871682,580374.243826
2024-07-11,SZ300350,华鹏飞,4.6,12107760,471565417,562012279,258525.64834
2024-07-11,SH603399,永杉锂业,6.57,24616609,512290649,515380649,338605.086393
2024-07-11,SH600705,中航产融,2.22,39822543,8804424833,8824894266,1959126.527052
2024-07-11,SZ002695,煌上煌,6.51,3206900,464353507,556947081,362572.549731
2024-07-11,SZ002696,百洋股份,3.89,7235811,343541669,346362262,134734.919918
2024-07-11,SZ002697,红旗连锁,4.64,11523392,1077730000,1360000000,631040
2024-07-11,SH603167,渤海轮渡,8.35,4869300,469144503,469144503,391735.660005
2024-07-11,SZ002698,博实股份,11.69,7550632,841435770,1022558592,1195370.994048
2024-07-11,SZ300352,北信源,3.85,17060416,1219430684,1449824087,558182.273495
2024-07-11,SZ300351,永贵电器,14.72,6941653,260270702,386773757,569330.970304
2024-07-11,SZ300354,东华测试,33.54,2080400,79966582,138320201,463925.954154
2024-07-11,SZ002700,万憬能源,8.55,4677380,422296455,422426880,361174.9824
2024-07-11,SZ300355,蒙草生态,2.3,19967978,1368773219,1604242081,368975.67863
2024-07-11,SZ300353,东土科技,6.95,8810558,522202547,614892881,427350.552295
2024-07-11,SH603993,洛阳钼业,9.05,132168960,17665772583,21599240583,19547312.727615
2024-07-11,SZ002701,奥瑞金,4.14,15609696,2570738545,2573260436,1065329.820504
2024-07-11,SZ002702,海欣食品,3.48,15750187,461899975,555760000,193404.48
2024-07-11,SZ000156,华数传媒,6.22,8902006,1624600295,1852932442,1152523.978924
2024-07-11,SZ002703,浙江世宝,11.33,22108038,553060327,822632384,932042.491072
2024-07-11,SZ000498,山东路桥,5.1,5856042,1457902294,1560996539,796108.23489
2024-07-11,SH600817,宇通重工,8.3,2367600,532738346,534318390,443484.2637
2024-07-11,SZ000831,中国稀土,24.4,21550733,1061220807,1061220807,2589378.76908
2024-07-11,SZ000622,恒立退,1.67,10180900,425226000,425226000,71012.742
2024-07-11,SZ000403,派林生物,27.9,7575207,687966273,733043291,2045190.78189
2024-07-11,SZ000681,视觉中国,11.38,7744896,674501293,700577436,797257.122168
2024-07-11,SZ000757,浩物股份,2.57,16416900,532714539,532716095,136908.036415
2024-07-11,SH600556,天下秀,3.57,18238710,1807747642,1807747642,645365.908194
2024-07-11,SZ000657,中钨高新,9.21,19920651,1239790682,1397378114,1286985.242994
2024-07-11,SZ000672,上峰水泥,6.4,6976116,969395450,969395450,620413.088
2024-07-11,SZ000688,国城矿业,10.36,10857805,1117694541,1117698861,1157936.019996
2024-07-11,SZ000820,*ST节能,2.16,14026469,287656920,637245222,137644.967952
2024-07-11,SH600698,湖南天雁,3.55,12621719,830345271,1072190032,380627.46136
2024-07-11,SZ000545,金浦钛业,1.75,18435100,985403096,986833096,172695.7918
2024-07-11,SZ000333,美的集团,63.9,27182655,6852405460,6980167587,44603270.88093
2024-07-11,SH600023,浙能电力,7.31,114835296,13408732749,13408732749,9801783.639519
2024-07-11,SH603699,纽威股份,17.82,8671858,749062000,760388587,1355012.462034
2024-07-11,SZ002708,光洋股份,7.64,39750940,494665362,562097967,429442.846788
2024-07-11,SZ300357,我武生物,19.32,11163420,484064205,523584000,1011564.288
2024-07-11,SZ300360,炬华科技,16.52,15902064,499746762,513699626,848631.782152
2024-07-11,SZ300359,全通教育,4.13,9186150,633277172,633333422,261566.703286
2024-07-11,SZ002706,良信股份,6.51,15059229,910997974,1123125020,731154.38802
2024-07-11,SZ300358,楚天科技,7.26,4338600,567451824,590302374,428559.523524
2024-07-11,SZ002705,新宝股份,13.47,5300400,814386403,818145780,1102042.36566
2024-07-11,SH603308,应流股份,12.09,6543940,679036441,679036441,820955.057169
2024-07-11,SZ002712,思美传媒,3.59,17692100,540906048,544276198,195395.155082
2024-07-11,SZ300368,汇金股份,2.29,11201380,528943475,528943475,121128.055775
2024-07-11,SZ300373,扬杰科技,40.4,7865268,542226235,543347787,2195125.05948
2024-07-11,SZ002707,众信旅游,6.6,74073036,814600572,982715033,648591.92178
2024-07-11,SZ300365,恒华科技,4.66,9855150,457183267,599855469,279532.648554
2024-07-11,SZ002709,天赐材料,16.72,42317526,1385015655,1918823740,3208273.29328
2024-07-11,SZ300371,汇中股份,8.1,966520,135791582,201217296,162986.00976
2024-07-11,SZ300370,安控科技,1.67,12918600,1325271569,1565376225,261417.829575
2024-07-11,SZ300378,鼎捷数智,15.76,5507909,267784430,269506430,424742.13368
2024-07-11,SZ300375,鹏翎股份,4.12,26055400,505117975,755378818,311216.073016
2024-07-11,SZ300366,ST创意,7.19,14327140,508993568,607576150,436847.25185
2024-07-11,SZ002721,金一文化,2.29,3796300,2669526415,2669526415,611321.549035
2024-07-11,SZ300376,易事特,2.33,140418939,2324164901,2328240476,542480.030908
2024-07-11,SZ300377,赢时胜,5.08,11279700,671083507,751075080,381546.14064
2024-07-11,SH601225,陕西煤业,25.4,23563972,9695000000,9695000000,24625300
2024-07-11,SZ002722,物产金轮,11.74,5483260,175490750,206576581,242520.906094
2024-07-11,SZ002716,湖南白银,3.38,97297490,2210479088,2823088646,954203.962348
2024-07-11,SZ002718,友邦吊顶,9.76,1351101,61519892,131447829,128293.081104
2024-07-11,SZ300379,东通退,7.95,13049002,526637564,557922828,443548.64826
2024-07-11,SZ300380,安硕信息,15.76,4084700,127379543,138439050,218179.9428
2024-07-11,SZ300381,溢多利,6.2,10200592,486256680,490083367,303851.68754
2024-07-11,SZ002714,牧原股份,44.11,21849282,3810716702,5465352559,24107670.137749
2024-07-11,SZ002719,麦趣尔,5.95,4120700,161872295,174139457,103612.976915
2024-07-11,SZ300382,斯莱克,5.62,9447015,628327926,628490272,353211.532864
2024-07-11,SZ002725,跃岭股份,8.48,3797400,210015960,256000000,217088
2024-07-11,SZ300363,博腾股份,11.99,14338162,500421079,546037820,654699.34618
2024-07-11,SZ002723,小崧股份,5.78,10677700,317030433,318006876,183807.974328
2024-07-11,SZ300383,光环新网,8.41,11493287,1793742015,1797592847,1511775.584327
2024-07-11,SZ300369,绿盟科技,5.16,22747867,798229068,799308527,412443.199932
2024-07-11,SH603005,晶方科技,21.37,70105392,652171706,652615226,1394638.737962
2024-07-11,SH603288,海天味业,34.59,10068053,5560600544,5560600544,19234117.281696
2024-07-11,SZ002713,*ST东易,2.28,52111715,406121859,419536980,95654.43144
2024-07-11,SZ002715,登云股份,11.48,1633657,138000000,138000000,158424
2024-07-11,SZ002717,ST岭南,1.03,88372340,1465708905,1685159358,173571.413874
2024-07-11,SZ300386,飞天诚信,9.61,35408316,245965903,418044000,401740.284
2024-07-11,SZ002726,龙大美食,6.17,14034900,1077112439,1079159939,665841.682363
2024-07-11,SZ300385,雪浪环境,3.34,4038308,288560383,333145932,111270.741288
2024-07-11,SH603006,联明股份,9.22,3088605,254254250,254254250,234422.4185
2024-07-11,SH603328,依顿电子,8.7,80910897,998442611,998442611,868645.07157
2024-07-11,SH603168,莎普爱思,6.89,7062394,322592499,379161625,261242.359625
2024-07-11,SZ002727,一心堂,13.89,10405841,407676233,596005425,827851.535325
2024-07-11,SZ300387,富邦科技,6.11,7127876,288956645,289057018,176613.837998
2024-07-11,SH603369,今世缘,47.86,5262310,1254500000,1254500000,6004037
2024-07-11,SH603009,北特科技,16.81,12079000,338408970,358704975,602983.062975
2024-07-11,SZ002728,特一药业,7.64,14661340,374563924,510693274,390169.661336
2024-07-11,SH603126,中材节能,5.22,4668100,610500000,610500000,318681
2024-07-11,SZ300390,天华新能,17.45,16500601,684404765,842528008,1470211.37396
2024-07-11,SZ300384,三联虹普,12.61,1972636,220031960,319007265,402268.161165
2024-07-11,SZ300388,节能国祯,5.65,3580918,679020100,681042231,384788.860515
2024-07-11,SZ300389,艾比森,12.28,2990550,232817516,368516912,452538.767936
2024-07-11,SZ300391,*ST长药,5.75,84388436,350336112,350336112,201443.2644
2024-07-11,SH603111,康尼机电,5.8,8143100,837171572,915000975,530700.5655
2024-07-11,SH603100,川仪股份,22.4,3836829,391095000,394942500,884671.2
2024-07-11,SZ000751,锌业股份,2.7,24822142,1409868779,1615630595,436220.26065
2024-07-11,SH603609,禾丰股份,6.66,5576400,919433761,919433761,612342.884826
2024-07-11,SH603099,长白山,23.3,12754800,266670000,266670000,621341.1
2024-07-11,SH601579,会稽山,10.03,9360900,479463409,479463409,480901.799227
2024-07-11,SH603806,福斯特,14.5,33293477,2608735822,2608735822,3782666.9419
2024-07-11,SH603188,亚邦股份,2.38,9009500,570170000,570170000,135700.46
2024-07-11,SZ300396,迪瑞医疗,18.03,5711600,259434671,274565911,495042.337533
2024-07-11,SZ300395,菲利华,29.65,4490516,511403184,519822973,1541275.114945
2024-07-11,SZ300397,天和防务,9.12,9029491,405505408,517636745,472084.71144
2024-07-11,SZ002729,好利科技,9.48,2529260,175463711,182969920,173455.48416
2024-07-11,SZ300393,中来股份,5.64,17773014,953869719,1089627358,614549.829912
2024-07-11,SH603306,华懋科技,18.35,6014422,326094122,326094122,598382.71387
2024-07-11,SH601016,节能风电,2.98,37172151,5959631525,6474212244,1929315.248712
2024-07-11,SH600917,重庆燃气,5.41,3687200,1561039760,1571340000,850094.94
2024-07-11,SZ300398,飞凯材料,12.38,18033472,525196469,528657987,654478.587906
2024-07-11,SZ300399,天利科技,9.89,11817726,197586200,197600000,195426.4
2024-07-11,SH603169,兰石重装,4.39,10008698,1306291798,1306291798,573462.099322
2024-07-11,SZ002730,电光科技,6.74,7627971,346029880,362079880,244041.83912
2024-07-11,SZ300401,花园生物,14.58,67548700,532918699,541702698,789802.533684
2024-07-11,SH603010,万盛股份,8.97,1853820,485272654,589578593,528851.997921
2024-07-11,SZ300402,宝色股份,12.77,2776800,243618497,243618497,311100.820669
2024-07-11,SZ300400,劲拓股份,11.09,6171800,240937725,242625800,269072.0122
2024-07-11,SH603456,九洲药业,13.64,15608735,898106828,899435228,1226829.650992
2024-07-11,SH603018,华设集团,8.78,18883123,668630647,683790647,600368.188066
2024-07-11,SH603606,东方电缆,47.26,5909461,687715368,687715368,3250142.829168
2024-07-11,SZ300403,汉宇集团,6.58,8127450,412153973,603000000,396774
2024-07-11,SZ300405,科隆股份,3.58,7469036,218827499,284372671,101805.416218
2024-07-11,SZ300406,九强生物,14.72,9123799,422365314,588446253,866192.884416
2024-07-11,SH603688,石英股份,27.73,12355041,541678289,541678289,1502073.895397
2024-07-11,SH603988,中电电机,7.84,2969528,235200000,235200000,184396.8
2024-07-11,SZ002724,海洋王,4.49,6776581,571765616,771497994,346402.599306
2024-07-11,SZ002731,ST萃华,8.18,3017158,217203120,256156000,209535.608
2024-07-11,SH601015,陕西黑猫,2.8,19460456,2042497639,2042497639,571899.33892
2024-07-11,SH603019,中科曙光,41.24,43947620,1458611684,1463263884,6034500.257616
2024-07-11,SH603011,合锻智能,5.72,9177100,494414437,494414437,282805.057964
2024-07-11,SH603088,宁波精达,7.81,6314256,433314336,437897040,341997.58824
2024-07-11,SH603166,福达股份,4.87,8764440,646208651,646208651,314703.613037
2024-07-11,SZ300407,凯发电气,7.76,5964675,244260074,318200493,246923.582568
2024-07-11,SZ002733,雄韬股份,10.57,2889600,365765184,384214913,406115.163041
2024-07-11,SZ300408,三环集团,30.41,21145482,1869808242,1916497371,5828068.505211
2024-07-11,SZ300409,道氏技术,8.91,8897793,487018245,581672671,518270.349861
2024-07-11,SH603518,锦泓集团,7.93,6356545,343469652,347081152,275235.353536
2024-07-11,SZ002735,王子新材,8.99,12437903,280595810,390914641,351432.262259
2024-07-11,SH603368,柳药集团,17.7,6145303,360233371,399035976,706293.67752
2024-07-11,SH603998,方盛制药,10.63,3675799,434467860,439586860,467280.83218
2024-07-11,SZ002732,燕塘乳业,14.48,698800,156566171,157350000,227842.8
2024-07-11,SH601969,海南矿业,6.37,8960108,2026557209,2037522809,1297902.029333
2024-07-11,SH601226,华电科工,4.73,5079200,1158828000,1166600000,551801.8
2024-07-11,SH603588,高能环境,5.66,16701016,1523234457,1537051367,869971.073722
2024-07-11,SZ002736,国信证券,8.14,21767264,9138841807,9612429377,7824517.512878
2024-07-11,SH603636,南威软件,7.7,6148598,590793578,590793578,454911.05506
2024-07-11,SZ002738,中矿资源,28.36,23287306,719871843,729811694,2069745.964184
2024-07-11,SZ002737,葵花药业,24.4,5198122,584000000,584000000,1424960
2024-07-11,SZ300412,迦南科技,3.1,37944014,472910646,497756637,154304.55747
2024-07-11,SZ300411,金盾股份,11.88,23176277,306400275,406520007,482945.768316
2024-07-11,SZ300410,正业科技,5.03,12718121,366917328,367114797,184658.742891
2024-07-11,SH603017,中衡设计,8.3,5400400,275905778,275905778,229001.79574
2024-07-11,SH603889,新澳股份,7.67,3612118,716444943,730655943,560413.108281
2024-07-11,SH603788,宁波高发,12.02,1987720,223065068,223065068,268124.211736
2024-07-11,SZ300413,芒果超媒,20.28,12002232,1021699958,1870720815,3793821.81282
2024-07-11,SH601021,春秋航空,54.42,4821969,978548805,978548805,5325262.59681
2024-07-11,SZ300364,中文在线,20.28,48931171,659795648,729939618,1480317.545304
2024-07-11,SZ300418,昆仑万维,30.4,31507579,1231495054,1231495054,3743744.96416
2024-07-11,SZ300419,ST浩丰,4.76,23329860,367753770,367753770,175050.79452
2024-07-11,SH601069,西部黄金,12.18,18624800,683992760,922853531,1124035.600758
2024-07-11,SH603601,再升科技,2.76,9772180,1021650141,1021650141,281975.438916
2024-07-11,SZ300416,苏试试验,11.56,10321930,505148769,508547806,587881.263736
2024-07-11,SZ002739,万达电影,11.16,28567051,2107838695,2179368810,2432175.59196
2024-07-11,SZ300417,南华仪器,9.09,12861380,86882863,134563200,122317.9488
2024-07-11,SH603600,永艺股份,11.23,4001100,300818034,331213170,371952.38991
2024-07-11,SZ300415,伊之密,19.39,5286000,424050517,468562084,908541.880876
2024-07-11,SZ000166,申万宏源,4.29,56366821,22535507316,25039944560,10742136.21624
2024-07-11,SH603686,福龙马,8.38,19853813,415430404,415430404,348130.678552
2024-07-11,SH603678,火炬电子,23.71,3667112,458339982,458339982,1086724.097322
2024-07-11,SH603899,晨光股份,30.21,3736339,923828420,923828420,2790885.65682
2024-07-11,SZ002734,利民股份,7.04,2538300,324821019,366862314,258271.069056
2024-07-11,SH603558,健盛集团,9.42,3707925,369080949,369080949,347674.253958
2024-07-11,SH603698,航天工程,11.77,1618519,535990000,535990000,630860.23
2024-07-11,SH603611,诺力股份,15.92,3326180,257600791,257600791,410100.459272
2024-07-11,SH603799,华友钴业,24.33,65313199,1686335019,1697212919,4129319.031927
2024-07-11,SZ002741,光华科技,12.23,28353135,361506223,399479243,488563.114189
2024-07-11,SZ300425,中建环能,4.18,7154287,678089107,681681586,284942.902948
2024-07-11,SZ002746,仙坛股份,5.53,3369450,709676227,860538727,475877.916031
2024-07-11,SZ300423,昇辉科技,5.28,12869200,324519349,497511290,262685.96112
2024-07-11,SZ002745,木林森,8.5,21986245,988371999,1484166399,1261541.43915
2024-07-11,SH603898,好莱客,7.72,1521866,311283811,311283811,240311.102092
2024-07-11,SZ300420,五洋自控,2.29,17629394,990520819,1116383561,255651.835469
2024-07-11,SZ300421,力星股份,8.61,6217948,230526322,294030484,253160.246724
2024-07-11,SZ002743,富煌钢构,3.72,5880500,434570978,435268478,161919.873816
2024-07-11,SZ300426,华智数媒,6.72,4906490,396360796,404859400,272065.5168
2024-07-11,SH603939,益丰药房,23.38,10750335,1209739322,1212452940,2834714.97372
2024-07-11,SZ300422,博世科,4.66,17214180,417532154,533880389,248788.261274
2024-07-11,SZ300427,红相股份,4.39,3807944,360118288,405494524,178012.096036
2024-07-11,SZ300394,天孚通信,99.41,25166587,503272063,553911681,5506436.020821
2024-07-11,SH603618,杭电股份,4.97,33439475,691375616,691375616,343613.681152
2024-07-11,SH603222,济民健康,5.67,6683180,537237415,537237415,304613.614305
2024-07-11,SZ002742,*ST三圣,1.75,5192900,431858082,432000000,75600
2024-07-11,SH603118,共进股份,6.29,16145274,787276406,787276406,495196.859374
2024-07-11,SH601198,东兴证券,7.98,34737906,3232445520,3232445520,2579491.52496
2024-07-11,SH603828,ST柯利达,1.51,10345924,595939625,595960158,89989.983858
2024-07-11,SH603969,银龙股份,4.49,10629533,841598800,854764000,383789.036
2024-07-11,SH603997,继峰股份,10.18,6425746,1166076241,1266076241,1288865.613338
2024-07-11,SH603309,维力医疗,11.17,3518610,291845018,293160218,327459.963506
2024-07-11,SH603015,弘讯科技,7.53,5384000,404219000,404219000,304376.907
2024-07-11,SZ300433,蓝思科技,19.86,84105474,4960890002,4983069781,9896376.585066
2024-07-11,SH601689,拓普集团,60.1,9923718,1102049829,1162775933,6988283.35733
2024-07-11,SH603519,立霸股份,10.29,2323700,266327839,266327839,274051.346331
2024-07-11,SZ300430,诚益通,12.69,18329734,258673859,273047596,346497.399324
2024-07-11,SZ300374,中铁装配,14.9,11105300,189261824,245912337,366409.38213
2024-07-11,SZ002748,世龙实业,5.2,2590200,240000000,240000000,124800
2024-07-11,SZ300432,富临精工,6.6,13897109,1204900134,1220861316,805768.46856
2024-07-11,SH603268,*ST松发,12.08,847020,124168800,124168800,149995.9104
2024-07-11,SZ300428,立中集团,18.91,4526335,535403407,632683391,1196404.292381
2024-07-11,SZ002747,埃斯顿,13.1,40817357,786546703,869531453,1139086.20343
2024-07-11,SZ002749,国光股份,15.08,2555022,419162158,464903282,701074.149256
2024-07-11,SH603030,全筑股份,2.02,21579689,1316933520,1316933520,266020.57104
2024-07-11,SH603158,腾龙股份,7.18,13026092,490799306,490799306,352393.901708
2024-07-11,SH603012,创力集团,4.33,8371100,642240000,650760000,281779.08
2024-07-11,SH600958,东方证券,7.58,25937312,7435996440,8496645292,6440457.131336
2024-07-11,SZ300429,强力新材,12.22,42006284,377611159,515267095,629656.39009
2024-07-11,SZ002750,龙津退,1.56,7026406,398736201,400500000,62478
2024-07-11,SH603729,龙韵股份,12.58,4442500,93338000,93338000,117419.204
2024-07-11,SH603020,爱普股份,6.88,2215100,383237774,383237774,263667.588512
2024-07-11,SH603338,浙江鼎力,54,3413820,506347879,506347879,2734278.5466
2024-07-11,SH603199,九华旅游,31.35,1937549,110680000,110680000,346981.8
2024-07-11,SZ300435,中泰股份,11.14,2687303,367073580,383925600,427693.1184
2024-07-11,SH603869,ST智知,4.42,1821715,504500508,504500508,222989.224536
2024-07-11,SZ002752,昇兴股份,4.94,9223585,976768468,976918468,482597.723192
2024-07-11,SZ300449,汉邦高科,4.74,21087719,296085272,387480309,183665.666466
2024-07-11,SZ300436,广生堂,16.12,1187360,135546251,159267000,256738.404
2024-07-11,SZ300424,航新科技,11.78,7208200,239327466,239906593,282609.966554
2024-07-11,SZ300447,全信股份,11.79,3611900,201331390,312310375,368213.932125
2024-07-11,SH603808,歌力思,6.27,2465000,369092878,369092878,231421.234506
2024-07-11,SZ300443,金雷股份,14.71,5388538,248093345,325453898,478742.683958
2024-07-11,SZ300439,美康生物,9.25,3535700,291715426,383949815,355153.578875
2024-07-11,SH603025,大豪科技,14.11,9229408,1109174773,1109174773,1565045.604703
2024-07-11,SH603818,曲美家居,2.77,7013300,569527446,691230355,191470.808335
2024-07-11,SZ300444,双杰电气,6.41,36291100,592300893,798625090,511918.68269
2024-07-11,SZ300440,运达科技,5.15,5359100,443305965,444713000,229027.195
2024-07-11,SZ300437,清水源,9.3,9483138,175810597,257063097,239068.68021
2024-07-11,SH603883,老百姓,16.96,10744537,757916733,760231174,1289352.071104
2024-07-11,SZ300446,航天智造,12.14,15796455,311536417,845410111,1026327.874754
2024-07-11,SH603703,盛洋科技,9.31,5343260,414982120,414982120,386348.35372
2024-07-11,SZ300441,鲍斯股份,5.76,5646848,626959236,644415868,371183.539968
2024-07-11,SH603021,ST华鹏,2.55,12772260,319948070,319948070,81586.75785
2024-07-11,SZ300404,博济医药,7.6,13333061,275570812,382207238,290477.50088
2024-07-11,SZ300448,浩云科技,4.61,58718648,489937952,676517079,311874.373419
2024-07-11,SZ300438,鹏辉能源,18.59,17347895,403688410,503437324,935889.985316
2024-07-11,SH603567,珍宝岛,11.03,3177300,939540524,941826360,1038834.47508
2024-07-11,SZ300434,金石亚药,7.56,4681120,334782466,401743872,303718.367232
2024-07-11,SH603318,水发燃气,5.73,3800755,383544591,459070924,263047.639452
2024-07-11,SZ300442,润泽科技,23.33,12686060,358792926,1720577649,4014107.655117
2024-07-11,SH603315,福鞍股份,9.6,3218800,307026264,320426264,307609.21344
2024-07-11,SZ300445,康斯特,15.55,1536264,138217243,212430013,330328.670215
2024-07-11,SH603789,*ST星农,6.98,8295006,260000000,277419000,193638.462
2024-07-11,SH600959,江苏有线,2.69,30520450,5000717686,5000717686,1345193.057534
2024-07-11,SZ300414,中光防雷,6.39,4653990,311299735,326019466,208326.438774
2024-07-11,SH603355,莱克电气,21.46,5806299,568887749,573707109,1231175.455914
2024-07-11,SH603599,广信股份,11.65,9051681,910269345,910269345,1060463.786925
2024-07-11,SZ300457,赢合科技,16.49,16478263,636717221,649537963,1071088.100987
2024-07-11,SZ300456,赛微电子,15.42,12362100,593615328,732213134,1129072.652628
2024-07-11,SZ300451,创业慧康,3.36,44877632,1341649309,1549124692,520505.896512
2024-07-11,SH603718,海利生物,6.16,4977900,644000000,657900000,405266.4
2024-07-11,SH603227,雪峰科技,6.7,9018095,974075458,1071692689,718034.10163
2024-07-11,SZ300452,山河药辅,11.02,1970999,186799783,234447103,258360.707506
2024-07-11,SZ300459,汤姆猫,3.42,81064985,3061268627,3515810939,1202407.341138
2024-07-11,SZ300453,三鑫医疗,6.59,3027965,363145142,519596545,342414.123155
2024-07-11,SZ300455,航天智装,11.68,17618300,708622436,717767936,838352.949248
2024-07-11,SZ300458,全志科技,25,47711985,517772029,633321332,1583303.33
2024-07-11,SZ002755,奥赛康,9.59,3312669,928151576,928160351,890105.776609
2024-07-11,SH603989,艾华集团,13.58,2809300,401130603,401130603,544735.358874
2024-07-11,SZ002756,永兴材料,36.1,13995822,389050400,539101540,1946156.5594
2024-07-11,SZ300460,ST惠伦,8.58,10379970,280804251,280804251,240930.047358
2024-07-11,SH603968,醋化股份,9.64,1490100,204480000,207381000,199915.284
2024-07-11,SH603311,金海高科,8.6,1813040,235883907,235883907,202860.16002
2024-07-11,SZ300450,先导智能,16.42,23249625,1559356205,1566163034,2571639.701828
2024-07-11,SH603022,新通联,7.14,4707490,200000000,200000000,142800
2024-07-11,SH603566,普莱柯,12.6,5553200,346062273,346062273,436038.46398
2024-07-11,SZ002753,永东股份,6.15,9766175,242798844,375689468,231049.02282
2024-07-11,SZ300461,田中精机,17.46,13897023,81760195,155741692,271924.994232
2024-07-11,SZ002758,浙农股份,8.03,2485150,518233849,521547799,418802.882597
2024-07-11,SZ002757,南兴股份,11.77,3191926,282053921,295455913,347751.609601
2024-07-11,SH603108,润达医疗,13.38,15392800,598855596,598855596,801268.787448
2024-07-11,SH603885,吉祥航空,11.65,18243837,2214005268,2214005268,2579316.13722
2024-07-11,SZ300468,四方精创,8.47,14957012,529086962,530649275,449459.935925
2024-07-11,SH603023,威帝股份,1.78,8209800,562079807,562079807,100050.205646
2024-07-11,SH603598,引力传媒,12.39,9545600,267862900,267862900,331882.1331
2024-07-11,SZ300462,ST华铭,10.48,39893517,136545510,181221938,189920.591024
2024-07-11,SZ300467,迅游科技,13.19,3162368,164806010,203204897,268027.259143
2024-07-11,SZ002759,天际股份,6.64,7706723,501072093,501382605,332918.04972
2024-07-11,SH603568,伟明环保,19.64,2952357,1698390119,1704648119,3347928.905716
2024-07-11,SZ300466,赛摩智能,6.09,19058140,419986257,535529908,326137.713972
2024-07-11,SZ300465,高伟达,7.06,9877450,446762257,446762257,315414.153442
2024-07-11,SH603669,灵康药业,4.56,2092425,721239005,721239005,328884.98628
2024-07-11,SH603918,金桥信息,10.49,18390996,366228626,366844226,384819.593074
2024-07-11,SH603198,迎驾贡酒,56.71,4853240,800000000,800000000,4536800
2024-07-11,SZ300463,迈克生物,11.58,6781232,491504817,612469590,709239.78522
2024-07-11,SH603300,海南华铁,5.28,14760060,1970606551,1970606551,1040480.258928
2024-07-11,SH603901,永创智能,6.83,5283130,482895558,487902458,333237.378814
2024-07-11,SH603026,石大胜华,33.68,2614100,202680000,202680000,682626.24
2024-07-11,SZ300464,星徽股份,3.61,9825950,322465427,470609663,169890.088343
2024-07-11,SZ300475,香农芯创,31.02,12178467,440240767,457565767,1419369.009234
2024-07-11,SZ300478,杭州高新,7.49,1232200,123155200,126673000,94878.077
2024-07-11,SZ300477,ST合纵,2.39,47951966,935478109,1072018687,256212.466193
2024-07-11,SH601985,中国核电,11.46,127966518,18883284867,18883284867,21640244.457582
2024-07-11,SZ002762,*ST金比,4.98,4878780,208138659,354025000,176304.45
2024-07-11,SZ002761,浙江建投,7.64,13798128,1081340098,1081340098,826143.834872
2024-07-11,SZ002763,汇洁股份,6.55,2740280,303557950,409924000,268500.22
2024-07-11,SZ002766,索菱股份,4.92,158295646,848020186,857626201,421952.090892
2024-07-11,SZ300471,厚普股份,8.03,4447300,366551986,404165856,324545.182368
2024-07-11,SZ300472,*ST新元,4.47,7142613,251357714,275258621,123040.603587
2024-07-11,SZ002760,凤形股份,12.62,982800,87980930,107988706,136281.746972
2024-07-11,SZ300469,信息发展,16.3,90118147,235448980,248238824,404629.28312
2024-07-11,SH603066,音飞储存,9.14,3690000,300702900,300702900,274842.4506
2024-07-11,SH601968,宝钢包装,4.63,4833400,1133039174,1133039174,524597.137562
2024-07-11,SZ300476,胜宏科技,38.68,42094935,855208713,862688641,3336879.663388
2024-07-11,SH603616,韩建河山,2.79,11008600,381368000,391318000,109177.722
2024-07-11,SZ300479,神思电子,14.27,3707600,197040865,197040865,281177.314355
2024-07-11,SH601368,绿城水务,4.15,4559500,882973077,882973077,366433.826955
2024-07-11,SZ002767,先锋电子,11.52,4729350,130160421,150000000,172800
2024-07-11,SZ300473,德尔股份,14.12,3288600,149450565,150473678,212468.833336
2024-07-11,SZ300470,中密控股,33.19,765930,195485877,208171277,690920.468363
2024-07-11,SZ002765,蓝黛科技,4.82,9174797,595871390,652128090,314325.73938
2024-07-11,SZ300485,赛升药业,6.21,4425400,273817182,481666400,299114.8344
2024-07-11,SZ002773,康弘药业,22.33,14110258,685011528,919463954,2053163.009282
2024-07-11,SH601211,国泰海通,13.55,21876876,7480322856,8903730620,12064554.9901
2024-07-11,SZ002772,众兴菌业,5.91,4262605,388656394,393241359,232405.643169
2024-07-11,SZ002771,真视通,15.85,6628000,170823380,209764100,332476.0985
2024-07-11,SZ002769,普路通,5.28,8970556,332398250,373318054,197111.932512
2024-07-11,SH603116,红蜻蜓,4.36,2705400,576200800,576200800,251223.5488
2024-07-11,SZ002775,文科股份,1.83,6579800,448261053,612767053,112136.370699
2024-07-11,SH603117,万林物流,4.64,4124260,633144502,633144502,293779.048928
2024-07-11,SH603589,口子窖,38.07,4199597,598084339,600000000,2284200
2024-07-11,SZ300482,万孚生物,24.59,6001762,308075232,471771537,1160086.209483
2024-07-11,SZ300483,首华燃气,7.39,4205400,261521091,268553841,198461.288499
2024-07-11,SH603223,恒通股份,6.56,3587931,553190400,714187046,468506.702176
2024-07-11,SH603979,金诚信,51.08,7316808,617727444,617727444,3155351.783952
2024-07-11,SZ002768,国恩股份,18.8,1836700,176748125,271250000,509950
2024-07-11,SH603085,天成自控,8.34,5673500,370225434,397100000,331181.4
2024-07-11,SZ300486,东杰智能,5.68,35264975,395887384,407444190,231428.29992
2024-07-11,SZ300481,濮阳惠成,13.95,5847700,293952258,296358747,413420.452065
2024-07-11,SZ300488,恒锋工具,19.8,546060,136696623,165679281,328044.97638
2024-07-11,SZ300489,光智科技,22.73,7651015,137163931,137672835,312930.353955
2024-07-11,SH603838,*ST四通,5.56,4754300,320016000,320016000,177928.896
2024-07-11,SZ300487,蓝晓科技,41.39,2974935,304128217,505011643,2090243.190377
2024-07-11,SZ300480,光力科技,14.26,6745474,247682953,352770891,503051.290566
2024-07-11,SZ002506,协鑫集成,1.96,86459027,5849656493,5850316427,1146662.019692
2024-07-11,SZ000520,凤凰航运,2.33,39775654,1012083455,1012083455,235815.445015
2024-07-11,SZ300498,温氏股份,19.47,26129511,5438242036,6652916116,12953227.677852
2024-07-11,SH601155,新城控股,9.01,19882280,2255622856,2255622856,2032316.193256
2024-07-11,SZ002779,中坚科技,25.8,1070220,118434525,132000000,340560
2024-07-11,SZ002780,三夫户外,8.64,3176720,130652734,157587486,136155.587904
2024-07-11,SH603398,*ST沐邦,14.73,2376957,342634507,433641524,638753.964852
2024-07-11,SH603936,博敏电子,8.15,46233045,630398004,630398004,513774.37326
2024-07-11,SZ002783,凯龙股份,7.33,3391000,343857126,499795666,366350.223178
2024-07-11,SH603696,安记食品,6.74,3082653,235200000,235200000,158524.8
2024-07-11,SH603999,读者传媒,4.72,5235820,576000000,576000000,271872
2024-07-11,SZ300496,中科创达,47.65,23040424,366282176,459199894,2188087.49491
2024-07-11,SZ300493,润欣科技,7.67,12604346,500993047,504603447,387030.843849
2024-07-11,SH603800,洪田股份,19.25,2076500,208000000,208000000,400400
2024-07-11,SZ300497,富祥药业,8.78,6495236,442741216,550004834,482904.244252
2024-07-11,SH603866,桃李面包,5.16,8413059,1599719155,1599719155,825455.08398
2024-07-11,SZ002782,可立克,10.97,5186150,489959163,492809413,540611.926061
2024-07-11,SZ300495,*ST美尚,0.13,0,673338228,674279488,8765.633344
2024-07-11,SZ300492,华图山鼎,82.8,1490300,140486470,140486470,1163227.9716
2024-07-11,SZ002786,银宝山新,7.7,23105700,493862000,495612000,381621.24
2024-07-11,SZ002785,万里石,25.98,2708030,167839778,226619695,588757.96761
2024-07-11,SH603508,思维列控,18.37,5630336,381274377,381274377,700401.030549
2024-07-11,SZ001979,招商蛇口,8.81,45502339,8322559701,9060836177,7982596.671937
2024-07-11,SZ002777,久远银海,14.73,6835152,399174631,408231038,601324.318974
2024-07-11,SH603299,苏盐井神,9.83,7527700,773446186,781968869,768675.398227
2024-07-11,SZ002787,华源控股,6.92,6630106,247085888,331401373,229329.750116
2024-07-11,SH603778,国晟科技,2.81,9854500,642857142,642857142,180642.856902
2024-07-11,SZ300494,盛天网络,9.51,15733520,397483007,489758576,465760.405776
2024-07-11,SZ300491,通合科技,14,5294590,154406892,174041249,243657.7486
2024-07-11,SZ300490,华自科技,7.23,8474350,388884241,396212074,286461.329502
2024-07-11,SZ002778,中晟高科,9.94,1343080,122990620,124753300,124004.7802
2024-07-11,SZ300499,高澜股份,10.7,5646725,269256811,305248564,326615.96348
2024-07-11,SZ300501,海顺新材,10.78,1006300,125201176,193537806,208633.754868
2024-07-11,SZ300500,启迪设计,10.13,5051510,164316105,173974869,176236.542297
2024-07-11,SH603377,ST东时,1.05,15658567,720766347,720766347,75680.466435
2024-07-11,SH601900,南方传媒,11.81,11140874,895876566,895876566,1058030.224446
2024-07-11,SZ002788,鹭燕医药,7.7,3255200,380462755,388516736,299157.88672
2024-07-11,SH603608,天创时尚,2.27,1169220,419711707,419711707,95274.557489
2024-07-11,SZ300502,新易盛,116.29,30582055,626402226,708810852,8242761.397908
2024-07-11,SH603027,千禾味业,13.29,9730696,961242590,1027731086,1365854.613294
2024-07-11,SZ002790,瑞尔特,8.34,4731500,260685313,417872300,348505.4982
2024-07-11,SZ300503,昊志机电,12.18,9138667,217663020,306072836,372796.714248
2024-07-11,SH603520,司太立,9.59,4780536,342514501,438409881,420435.075879
2024-07-11,SH603919,金徽酒,18.63,2583274,507259997,507259997,945025.374411
2024-07-11,SZ002789,*ST建艺,9.29,11140038,131202286,159623514,148290.244506
2024-07-11,SZ300505,川金诺,13.21,17754000,214388732,274867523,363099.997883
2024-07-11,SH601020,华钰矿业,12.23,47158573,819964698,819964698,1002816.825654
2024-07-11,SH603861,白云电器,8.05,3647300,424115380,436056857,351025.769885
2024-07-11,SZ300484,蓝海华腾,13.43,9605700,164357753,207681900,278916.7917
2024-07-11,SZ300506,ST名家汇,1.66,13069046,572517456,695596569,115469.030454
2024-07-11,SZ002792,通宇通讯,10.33,7384410,311729829,522478905,539720.708865
2024-07-11,SZ002791,坚朗五金,23.7,4082296,164141655,321540000,762049.8
2024-07-11,SH603028,赛福天,5.49,3014130,287040000,287040000,157584.96
2024-07-11,SZ300474,景嘉微,60.86,6142935,330757008,458632254,2791235.897844
2024-07-11,SH603798,康普顿,8.3,2759540,256449650,256449650,212853.2095
2024-07-11,SH603701,德宏股份,10.17,1784908,261361901,261361901,265805.053317
2024-07-11,SZ002793,罗欣药业,4.09,28476009,1085939094,1087588486,444823.690774
2024-07-11,SH603868,飞科电器,36.45,1252213,435600000,435600000,1587762
2024-07-11,SZ300508,维宏股份,19.65,1827700,58485574,109094400,214370.496
2024-07-11,SH603726,朗迪集团,12.98,5049800,185651200,185651200,240975.2576
2024-07-11,SZ300509,新美星,4.63,4385012,247103523,296400000,137233.2
2024-07-11,SH603029,天鹅股份,14.18,1894850,121342000,121342000,172062.956
2024-07-11,SH603822,ST嘉澳,20.5,686300,76825886,77155855,158169.50275
2024-07-11,SZ002795,永和智控,3.56,13342367,431041338,445754078,158688.451768
2024-07-11,SZ300507,苏奥传感,5.68,52896276,767448748,791528907,449588.419176
2024-07-11,SH603528,多伦科技,6.41,33989680,705930131,705930131,452501.213971
2024-07-11,SZ300511,雪榕生物,2.64,14718754,418029999,498802073,131683.747272
2024-07-11,SZ300510,金冠股份,3.43,13174100,824690700,828623861,284217.984323
2024-07-11,SH603101,汇嘉时代,4.53,3160228,470400000,470400000,213091.2
2024-07-11,SZ002796,世嘉科技,7.67,6781066,231835783,252426948,193611.469116
2024-07-11,SZ002797,第一创业,4.96,25212381,4132400000,4202400000,2084390.4
2024-07-11,SH603779,威龙股份,8.51,3801935,332082754,332082754,282602.423654
2024-07-11,SH603959,百利科技,1.44,13726272,490298992,490298992,70603.054848
2024-07-11,SH603339,四方科技,9.67,6554033,309441175,309441175,299229.616225
2024-07-11,SZ002798,帝欧水华,3.23,11251758,315262739,384985875,124350.437625
2024-07-11,SZ300512,中亚股份,5.75,3309200,328009988,410956625,236300.059375
2024-07-11,SZ002800,天顺股份,8.64,2604304,141654100,152253067,131546.649888
2024-07-11,SZ300513,恒实科技,7.7,6393160,281436804,313691155,241542.18935
2024-07-11,SZ300516,久之洋,28.35,2689436,180000000,180000000,510300
2024-07-11,SH603737,三棵树,33.5,6613325,527012481,527012481,1765491.81135
2024-07-11,SH601611,中国核建,8,19304999,3011535009,3011535009,2409228.0072
2024-07-11,SH603131,上海沪工,13.5,7776300,317990916,317990916,429287.7366
2024-07-11,SZ002799,环球印务,5.97,4971576,320035800,320040000,191063.88
2024-07-11,SZ300515,三德科技,9.67,1839300,183787968,205754500,198964.6015
2024-07-11,SH601127,赛力斯,85.87,43325730,1509782193,1509782193,12964499.691291
2024-07-11,SZ002801,微光股份,18.68,1004410,115802700,229632000,428952.576
2024-07-11,SZ300518,新迅达,7.64,4287124,199379843,199411576,152350.444064
2024-07-11,SZ300519,新光药业,11.01,2268800,114100000,160000000,176160
2024-07-11,SH603909,建发合诚,8.23,1986692,260673140,260673140,214533.99422
2024-07-11,SH603958,哈森股份,7.92,8957160,219360000,219360000,173733.12
2024-07-11,SZ002802,洪汇新材,8.45,1989373,180795329,182301990,154045.18155
2024-07-11,SH603016,新宏泰,15.13,806500,148160000,148160000,224166.08
2024-07-11,SZ300521,爱司凯,11.49,3271400,143999055,144000000,165456
2024-07-11,SZ300522,世名科技,10.62,3251650,218488931,322451507,342443.500434
2024-07-11,SH601966,玲珑轮胎,18.4,17861345,1473522713,1473522713,2711281.79192
2024-07-11,SZ002805,丰元股份,10.01,8014010,278815318,280062508,280342.570508
2024-07-11,SZ300520,科大国创,16.08,8583519,277372655,291167418,468197.208144
2024-07-11,SH603069,海汽集团,15.63,4145460,316000000,316000000,493908
2024-07-11,SZ002803,吉宏股份,10.47,7749741,284494863,385009288,403104.724536
2024-07-11,SZ300517,海波重科,8.36,3280600,123997065,200384790,167521.68444
2024-07-11,SZ300525,博思软件,12.25,6623391,614156238,752438861,921737.604725
2024-07-11,SZ002806,华锋股份,9.26,35765248,151781599,190154953,176083.486478
2024-07-11,SZ300523,辰安科技,17.75,5551209,232358460,232637638,412931.80745
2024-07-11,SH603322,超讯通信,28.71,6635000,157586796,157608840,452494.97964
2024-07-11,SH603663,三祥新材,14.23,12595736,422819750,423462140,602586.62522
2024-07-11,SH600919,江苏银行,7.62,79669229,18269722530,18351324463,13983709.240806
2024-07-11,SZ300529,健帆生物,28.65,8953195,521334237,807555312,2313645.96888
2024-07-11,SZ300527,ST应急,6.33,8405143,963241949,963241949,609732.153717
2024-07-11,SZ300528,幸福蓝海,6.14,5113540,372608054,372608054,228781.345156
2024-07-11,SH601811,新华文轩,13.37,9930400,791903900,1233841000,1649645.417
2024-07-11,SH600977,中国电影,10.4,9253812,1867000000,1867000000,1941680
2024-07-11,SZ300530,领湃科技,16.64,3132445,158262876,171951354,286127.053056
2024-07-11,SZ300531,优博讯,10.15,5396900,315116038,327895925,332814.363875
2024-07-11,SH603569,长久物流,6.81,6030374,603467986,603467986,410961.698466
2024-07-11,SZ300535,达威股份,11.6,2672425,76445046,104801463,121569.69708
2024-07-11,SH603159,上海亚虹,9.95,2926460,140000000,140000000,139300
2024-07-11,SZ002808,*ST恒久,1.51,4709040,186383713,268800000,40588.8
2024-07-11,SH600936,北投科技,2.06,7422600,1671026239,1671026239,344231.405234
2024-07-11,SH601997,贵阳银行,5.29,32768383,3569026389,3656198076,1934128.782204
2024-07-11,SH601595,上海电影,19.13,14769837,448200000,448200000,857406.6
2024-07-11,SH603986,兆易创新,97.82,15758720,665235412,666906348,6523677.896136
2024-07-11,SZ300532,今天国际,12.13,5076300,295182682,310231301,376310.568113
2024-07-11,SZ300533,冰川网络,13.8,5077175,164737563,234303330,323338.5954
2024-07-11,SH603515,欧普照明,16.76,1638088,739045755,746426035,1251010.03466
2024-07-11,SH603031,安孚科技,23.85,4147993,211120000,211120000,503521.2
2024-07-11,SZ300540,蜀道装备,20.47,1084800,144287143,164783993,337312.833671
2024-07-11,SZ002809,红墙股份,7.08,2673639,137734578,210228441,148841.736228
2024-07-11,SZ002810,山东赫达,11.64,3327854,319999550,341704139,397743.617796
2024-07-11,SH603007,*ST花王,5.35,1858000,406847052,406847052,217663.17282
2024-07-11,SZ300538,同益股份,18.04,18171586,114316424,181918573,328181.105692
2024-07-11,SZ300537,广信材料,15.64,8335200,142529814,200121747,312990.412308
2024-07-11,SZ300539,横河精密,7.75,3548460,171130679,222085867,172116.546925
2024-07-11,SH603090,宏盛股份,17.12,1243019,100000000,100000000,171200
2024-07-11,SH603658,安图生物,44.36,3729293,581011346,581011346,2577366.330856
2024-07-11,SZ002807,江阴银行,3.73,27279180,2459325877,2461392789,918099.510297
2024-07-11,SH603843,*ST正平,2.5,14568631,699623237,699623237,174905.80925
2024-07-11,SZ002811,郑中设计,6.52,3914716,247200375,272053630,177378.96676
2024-07-11,SZ300543,朗科智能,7.84,6634400,211418682,268132840,210216.14656
2024-07-11,SH601163,三角轮胎,15.46,6540240,800000000,800000000,1236800
2024-07-11,SH603393,新天然气,38.64,4995927,374727970,423921327,1638032.007528
2024-07-11,SH603067,振华股份,12.08,17055288,505902166,509016166,614891.528528
2024-07-11,SZ300541,先进数通,8.38,6567840,365209063,430044492,360377.284296
2024-07-11,SZ300534,陇神戎发,7.94,15855104,300897746,303345000,240855.93
2024-07-11,SZ002812,恩捷股份,30.8,17834133,825136960,977756093,3011488.76644
2024-07-11,SH603189,网达软件,11.12,5869400,269548349,269548349,299737.764088
2024-07-11,SH601500,通用股份,5.59,38856820,1568240045,1589490735,888525.320865
2024-07-11,SZ300542,新晨科技,12.13,7848850,244121116,298559899,362153.157487
2024-07-11,SZ300536,农尚环境,7.78,9118600,293248696,293288133,228178.167474
2024-07-11,SH600908,无锡银行,5.12,16263035,1910244274,2194681695,1123677.02784
2024-07-11,SZ300546,雄帝科技,13.02,26406705,130034237,185524691,241553.147682
2024-07-11,SH603738,泰晶科技,14.02,17173571,389322772,389322772,545830.526344
2024-07-11,SZ300545,联得装备,24.27,5081100,111935129,177748320,431395.17264
2024-07-11,SZ300547,川环科技,16.59,4700996,178223597,216906174,359847.342666
2024-07-11,SZ300549,优德精密,16.02,13414800,101054675,133340000,213610.68
2024-07-11,SH601128,常熟银行,7.75,27621332,2907718163,3014980074,2336609.55735
2024-07-11,SH603887,城地香江,5.36,16920220,450760343,464425343,248931.983848
2024-07-11,SH603421,鼎信通讯,4.66,7842200,652190511,652190511,303920.778126
2024-07-11,SZ002813,路畅科技,29,8088285,118083136,120000000,348000
2024-07-11,SZ300548,长芯博创,19.24,7733718,222370592,287013054,552213.115896
2024-07-11,SZ002815,崇达技术,9.49,45415600,640842740,1081249611,1026105.880839
2024-07-11,SH603777,来伊份,9.2,2268819,336559908,336559908,309635.11536
2024-07-11,SH603313,梦百合,6.9,4801043,570586885,570586885,393704.95065
2024-07-11,SH603816,顾家家居,27.69,7073602,821891519,821891519,2275817.616111
2024-07-11,SH603160,汇顶科技,69.38,6439219,458001914,458001914,3177617.279332
2024-07-11,SZ300550,和仁科技,9.67,1490196,262264911,262560141,253895.656347
2024-07-11,SZ300555,ST路通,5.44,647800,197582713,200000000,108800
2024-07-11,SZ300551,古鳌科技,6.13,28872854,301025269,345752939,211946.551607
2024-07-11,SH603859,能科科技,18.4,5678420,245828301,245828301,452324.07384
2024-07-11,SZ300552,万集科技,35.32,24787986,125882232,213133112,752786.151584
2024-07-11,SZ300553,集智股份,23.02,1091670,53563550,81120000,186738.24
2024-07-11,SZ002816,*ST和科,10.05,394500,100000000,100000000,100500
2024-07-11,SZ002817,黄山胶囊,5.37,3901989,290039295,299098170,160615.71729
2024-07-11,SH603667,五洲新春,15.05,9192936,366202770,366340500,551342.4525
2024-07-11,SH603258,电魂网络,15.82,2416768,241296100,244768100,387223.1342
2024-07-11,SH600926,杭州银行,12.73,25423130,5362746452,5930286705,7549254.975465
2024-07-11,SH603888,新华网,21.27,7201400,519029360,519029360,1103975.44872
2024-07-11,SH603716,塞力医疗,5.53,7389100,201323345,201323345,111331.809785
2024-07-11,SZ300559,佳发教育,9.48,5806800,311136833,399514567,378739.809516
2024-07-11,SZ300557,理工光科,25.85,5199488,91411309,93061959,240565.164015
2024-07-11,SZ300560,中富通,10.64,4553300,186955246,229743622,244447.213808
2024-07-11,SZ300556,丝路视觉,17.15,7529700,102804601,121473218,208326.56887
2024-07-11,SZ300558,贝达药业,32.58,6839843,417155997,418485885,1363427.01333
2024-07-11,SH601882,海天精工,21.52,1932500,522000000,522000000,1123344
2024-07-11,SH603203,快克智能,23.99,3782637,249153318,250546967,601062.173833
2024-07-11,SH603060,国检集团,5.86,2333821,803928549,803928549,471102.129714
2024-07-11,SZ002818,富森美,12.07,1818166,298257191,748458940,903389.94058
2024-07-11,SH603556,海兴电力,43.12,4836570,488684040,488684040,2107205.58048
2024-07-11,SZ002819,东方中科,19.4,1744700,234887075,300594037,583152.43178
2024-07-11,SH603977,国泰集团,10.86,5169896,621241828,621241828,674668.625208
2024-07-11,SZ300563,神宇股份,38.75,49690428,123039000,177682526,688519.78825
2024-07-11,SZ300566,激智科技,14.01,4788900,228223533,263741550,369501.91155
2024-07-11,SZ300562,乐心医疗,8.71,5518800,158309441,216901188,188920.934748
2024-07-11,SH601229,上海银行,7.22,38643942,13847621739,14206672457,10257217.513954
2024-07-11,SH603633,徕木股份,8.29,16373291,426810818,426810818,353826.168122
2024-07-11,SZ300561,*ST汇科,9.02,29193168,195513200,328107975,295953.39345
2024-07-11,SH603858,步长制药,15.32,7198516,1106042645,1106042645,1694457.33214
2024-07-11,SZ002821,凯莱英,66.52,7348504,328618123,369471533,2457724.637516
2024-07-11,SZ002820,桂发祥,7.57,2988945,200335578,200868295,152057.299315
2024-07-11,SH603987,康德莱,6.21,5658040,441001780,441001780,273862.10538
2024-07-11,SH603727,博迈科,13.05,3950700,281719277,281719277,367643.656485
2024-07-11,SZ300565,科信技术,9.91,2732163,208000000,249704612,247457.270492
2024-07-11,SZ300567,精测电子,57.49,6746219,202041810,273466810,1572160.69069
2024-07-11,SH603900,莱绅通灵,4.73,20411955,340473840,343203840,162335.41632
2024-07-11,SZ002823,凯中精密,16.93,86066557,200358352,312179258,528519.483794
2024-07-11,SH603336,宏辉果蔬,2.97,8332092,570383560,570383560,169403.91732
2024-07-11,SZ300569,天能重工,4.13,9167836,934250831,1022674808,422364.695704
2024-07-11,SH603819,神力股份,9.98,1135720,217730187,217730187,217294.726626
2024-07-11,SH603323,苏农银行,4.63,37060925,1562545712,1821888511,843534.380593
2024-07-11,SZ002825,纳尔股份,6.06,4213031,258146496,342028676,207269.377656
2024-07-11,SZ002822,ST中装,1.16,16879361,523147340,713658073,82784.336468
2024-07-11,SH603319,美湖股份,16.76,5623014,207510010,208043062,348680.171912
2024-07-11,SH603660,苏州科达,5.1,21172823,494322125,503006725,256533.42975
2024-07-11,SZ300568,星源材质,8.11,24382029,1212593849,1345059410,1090843.18151
2024-07-11,SH603559,ST通脉,4.1,715400,143313207,143313207,58758.41487
2024-07-11,SZ300572,安车检测,12.02,7171569,183596561,228988812,275244.552024
2024-07-11,SH600909,华安证券,4.17,19393502,4697666291,4697666291,1958926.843347
2024-07-11,SZ300570,太辰光,33.83,10347361,192467177,227126867,768370.191061
2024-07-11,SH603033,三维股份,11.41,2273782,1012531018,1031163554,1176557.615114
2024-07-11,SZ300573,兴齐眼药,154.9,3779244,133989107,174424871,2701841.25179
2024-07-11,SH603990,麦迪科技,8.11,7092484,306282731,306282731,248395.294841
2024-07-11,SZ002828,贝肯能源,7.93,7987210,193703506,200987600,159383.1668
2024-07-11,SZ002826,易明医药,8.06,3854300,176031684,190677750,153686.2665
2024-07-11,SH603036,如通股份,9.92,1687840,206006025,206006025,204357.9768
2024-07-11,SZ002827,高争民爆,23.07,22820700,275998875,276000000,636732
2024-07-11,SH603928,兴业股份,7.66,1810460,262080000,262080000,200753.28
2024-07-11,SZ002830,名雕股份,9.55,1486416,66852500,133340000,127339.7
2024-07-11,SZ002829,星网宇达,15.8,2798040,143425572,207809394,328338.84252
2024-07-11,SZ300571,平治信息,20.41,1307224,115611896,139528294,284777.248054
2024-07-11,SH603708,家家悦,8.3,3091770,599402645,638336868,529819.60044
2024-07-11,SH603585,苏利股份,9.84,638359,180002174,180002174,177122.139216
2024-07-11,SH603389,*ST亚振,4.74,13033820,262752000,262752000,124544.448
2024-07-11,SZ002831,裕同科技,24.63,2703136,520010892,930513553,2291854.881039
2024-07-11,SH603098,森特股份,7.4,8529082,538799978,539699978,399377.98372
2024-07-11,SH603878,武进不锈,6.23,3524249,561067048,561067048,349544.770904
2024-07-11,SZ300581,晨曦航空,7.17,4993647,550109546,550109546,394428.544482
2024-07-11,SH603823,百合花,9.95,9686710,411031504,412160476,410099.67362
2024-07-11,SZ300576,容大感光,38.1,16899133,183530814,295708699,1126650.14319
2024-07-11,SZ300575,中旗股份,6.49,9613209,344125582,464756400,301626.9036
2024-07-11,SZ300577,开润股份,21.88,2142700,140478312,239792531,524666.057828
2024-07-11,SH603416,信捷电气,28.18,1394165,140560000,140560000,396098.08
2024-07-11,SH603577,汇金通,6.67,3417300,288268235,339139100,226205.7797
2024-07-11,SH603058,永吉股份,8.9,19556400,417534515,419986115,373787.64235
2024-07-11,SZ002832,比音勒芬,23.48,4039322,389418284,570707084,1340020.233232
2024-07-11,SZ300579,数字认证,22.23,11807800,261870937,270000000,600210
2024-07-11,SH600996,贵广网络,7.52,14878198,1210806620,1210806620,910526.57824
2024-07-11,SH603298,杭叉集团,19.3,11896894,1309812049,1309812049,2527937.25457
2024-07-11,SH603218,日月股份,9.89,8918503,1026856500,1030692750,1019355.12975
2024-07-11,SZ002833,弘亚数控,17.42,2731609,247271752,424230243,739009.083306
2024-07-11,SZ300582,英飞特,8.55,5256225,221608627,298847528,255514.63644
2024-07-11,SZ002835,同为股份,17.3,5886300,127283502,219493931,379724.50063
2024-07-11,SH603886,元祖股份,14.75,1495000,240000000,240000000,354000
2024-07-11,SZ002837,英维克,22.31,13175380,642371377,739572070,1649985.28817
2024-07-11,SZ002836,新宏泽,6.07,5583944,230400000,230400000,139852.8
2024-07-11,SZ300585,奥联电子,11,8531500,160000000,171111111,188222.2221
2024-07-11,SH603929,亚翔集成,25.72,8129500,213360000,213360000,548761.92
2024-07-11,SH603239,浙江仙通,14.87,4223338,270720000,270720000,402560.64
2024-07-11,SH603186,华正新材,24.21,5436014,142011952,142011952,343810.935792
2024-07-11,SH601375,中原证券,3.44,25594800,3447519700,4642884700,1597152.3368
2024-07-11,SZ300586,美联新材,6.26,6659550,534530656,711216645,445221.61977
2024-07-11,SH603444,吉比特,159.82,1243382,72041101,72041101,1151360.876182
2024-07-11,SZ300588,熙菱信息,7.77,4272347,144472655,191471030,148772.99031
2024-07-11,SH603035,常熟汽饰,12.95,5425407,380030933,380030933,492140.058235
2024-07-11,SH603032,德新科技,11.77,6797460,230118000,234515400,276024.6258
2024-07-11,SZ300587,天铁科技,4.08,12059337,948624195,1170740133,477661.974264
2024-07-11,SZ002838,道恩股份,9.15,2381818,390240805,448031272,409948.61388
2024-07-11,SH603228,景旺电子,31.99,42337611,855905237,855905237,2738040.853163
2024-07-11,SZ300583,赛托生物,11.99,1468330,185478126,189702126,227452.849074
2024-07-11,SH603877,太平鸟,13.54,1840500,472675909,473824909,641558.926786
2024-07-11,SZ002840,华统股份,15.12,16025468,469955853,619092953,936068.544936
2024-07-11,SZ300591,万里马,3.07,8250320,332409652,405673777,124541.849539
2024-07-11,SH603689,皖天然气,9.11,5313228,470449468,478044468,435498.510348
2024-07-11,SH603266,天龙股份,16.75,4770980,198886750,198886750,333135.30625
2024-07-11,SH603579,荣泰健康,14.8,2273210,179377241,179377241,265478.31668
2024-07-11,SZ300580,贝斯特,14.64,12195359,469423623,499153912,730761.327168
2024-07-11,SZ300590,移为通信,12.49,31053902,353201588,458811210,573055.20129
2024-07-11,SZ300584,海辰药业,15.85,1808442,82118621,120000000,190200
2024-07-11,SH603628,清源股份,12.22,12310284,273800000,273800000,334583.6
2024-07-11,SH603639,海利尔,12.05,2013379,339649496,340006096,409707.34568
2024-07-11,SZ002824,和胜股份,12.86,2906186,189155003,279114081,358940.708166
2024-07-11,SZ300589,江龙船艇,11.54,6128159,222796613,377667996,435828.867384
2024-07-11,SZ300593,新雷能,9.35,13808200,449297347,542498469,507236.068515
2024-07-11,SH603690,至纯科技,22.26,5213220,385568170,386991370,861442.78962
2024-07-11,SH603039,泛微网络,30.9,1271820,260603073,260603073,805263.49557
2024-07-11,SH603038,华立股份,6.91,2422267,268677106,268677106,185655.880246
2024-07-11,SZ300595,欧普康视,16.1,15185003,668494760,897145269,1444403.88309
2024-07-11,SH603165,荣晟环保,10.86,1737628,278434768,278434768,302380.158048
2024-07-11,SH603668,天马科技,11.9,4491329,479748473,502335741,597779.53179
2024-07-11,SH601858,中国科传,18.54,5376633,790500000,790500000,1465587
2024-07-11,SH603337,杰克科技,27.96,968150,473547391,484419031,1354435.610676
2024-07-11,SZ002842,翔鹭钨业,5.41,7327961,212385877,276241219,149446.499479
2024-07-11,SZ300596,利安隆,26.6,1611100,214429090,229619667,610788.31422
2024-07-11,SZ002841,视源股份,28.78,2878046,482516333,701239045,2018165.97151
2024-07-11,SZ002843,泰嘉股份,12.61,9872874,250005062,252851562,318845.819682
2024-07-11,SZ300592,华凯易佰,10.59,6188380,366397000,404845869,428731.775271
2024-07-11,SH603037,凯众股份,13.24,12986555,190137820,190739848,252539.558752
2024-07-11,SH603638,艾迪精密,14.45,1663007,838335003,838335003,1211394.079335
2024-07-11,SZ300598,诚迈科技,29.25,9457060,216920975,216981741,634671.592425
2024-07-11,SZ300597,吉大通信,7,8498000,271372238,272570030,190799.021
2024-07-11,SZ300599,雄塑科技,5.02,2205600,203619967,358131567,179782.046634
2024-07-11,SH601881,中国银河,10.12,50151863,7243417623,10934402256,11065615.083072
2024-07-11,SH603429,集友股份,3.99,7313773,524485465,524485465,209269.700535
2024-07-11,SZ002839,张家港行,3.97,24570240,2072439717,2169655073,861353.063981
2024-07-11,SH603358,华达科技,31.6,4535116,439040000,439040000,1387366.4
2024-07-11,SZ300600,国瑞科技,5.13,3150021,230290955,294234480,150942.28824
2024-07-11,SZ300578,会畅科技,15.5,13852900,193987985,198269740,307318.097
2024-07-11,SZ002845,同兴达,13.04,6239690,224890183,327551705,427127.42332
2024-07-11,SH603966,法兰泰克,6.61,5185330,358694655,360111655,238033.803955
2024-07-11,SZ300603,立昂技术,6.91,4535890,357840174,464798231,321175.577621
2024-07-11,SH603089,正裕工业,8.2,1950611,223718762,223718762,183449.38484
2024-07-11,SZ300602,飞荣达,14.88,15438611,391774971,580006431,863049.569328
2024-07-11,SH603360,百傲化学,12,8423205,503987807,504445467,605334.5604
2024-07-11,SH603677,奇精机械,11.74,1111390,192147573,192147573,225581.250702
2024-07-11,SH603177,德创环保,7.46,7466980,204192000,208790000,155757.34
2024-07-11,SZ002846,英联股份,7.85,27000472,241149982,419993636,329695.00426
2024-07-11,SZ300601,康泰生物,15.55,9571139,881304873,1116916689,1736805.451395
2024-07-11,SZ300606,金太阳,21.44,17825205,117582387,140117000,300410.848
2024-07-11,SZ002847,盐津铺子,40.99,7351803,245736639,274389759,1124723.622141
2024-07-11,SH603881,数据港,12.86,4943085,598647499,598647499,769860.683714
2024-07-11,SH603637,镇海股份,5.91,1435566,238685877,238685877,141063.353307
2024-07-11,SZ300605,恒锋信息,9.99,10832837,112797901,164483052,164318.568948
2024-07-11,SH603626,科森科技,5.5,22196880,554879690,554879690,305183.8295
2024-07-11,SH603040,新坐标,18.8,723500,134491196,135107896,254002.84448
2024-07-11,SZ300607,拓斯达,12.43,9288476,285547799,424830224,528063.968432
2024-07-11,SH603208,江山欧派,17.78,792259,177172674,177172674,315013.014372
2024-07-11,SZ300608,思特奇,8.79,5202386,275070257,331183311,291110.130369
2024-07-11,SH603330,天洋新材,4.81,5715752,426600774,432673649,208116.025169
2024-07-11,SZ300610,晨化股份,8.92,5270603,161237572,212858380,189869.67496
2024-07-11,SH603615,茶花股份,11.22,3237400,241820000,241820000,271322.04
2024-07-11,SZ002848,*ST高斯,6.64,4252278,164656681,167150000,110987.6
2024-07-11,SH603839,安正时尚,4.25,2555061,399212160,399212160,169665.168
2024-07-11,SZ300609,汇纳科技,19.27,2767100,119893313,120114387,231460.423749
2024-07-11,SH601212,白银有色,2.95,85623655,7404774511,7404774511,2184408.480745
2024-07-11,SZ300615,欣天科技,9.25,2181504,131076097,192381600,177952.98
2024-07-11,SZ300612,宣亚国际,13.15,3069552,159039975,180104496,236837.41224
2024-07-11,SZ002849,威星智能,10.95,3715562,188144760,220634016,241594.24752
2024-07-11,SZ300613,富瀚微,34.16,6217108,217577673,230782699,788353.699784
2024-07-11,SH603817,海峡环保,4.76,3887100,534358007,534358007,254354.411332
2024-07-11,SZ300611,美力科技,8.62,24062494,146986880,211074680,181946.37416
2024-07-11,SH600939,重庆建工,2.22,10858500,1901792866,1901792866,422198.016252
2024-07-11,SH603345,安井食品,73.82,4781080,293294232,293294232,2165098.020624
2024-07-11,SH603238,诺邦股份,9.78,1389220,177509000,177509000,173603.802
2024-07-11,SZ300617,安靠智电,27.13,2532175,93736436,167360156,454048.103228
2024-07-11,SZ300619,金银河,19.43,2887161,109979828,133845891,260062.566213
2024-07-11,SZ002850,科达利,76.55,2214168,192894508,270681348,2072065.71894
2024-07-11,SZ300618,寒锐钴业,27.45,10611122,272612906,312233839,857081.888055
2024-07-11,SH603138,海量数据,10.53,3090218,283116990,294450710,310056.59763
2024-07-11,SH603578,三星新材,11.64,382168,180357032,180357032,209935.585248
2024-07-11,SZ002851,麦格米特,25.31,11203143,415038358,503155931,1273487.661361
2024-07-11,SZ300616,尚品宅配,11.02,2198500,124244750,224515980,247416.60996
2024-07-11,SH603908,牧高笛,20.03,758180,93366000,93366000,187012.098
2024-07-11,SH603991,至正股份,31.84,1087300,74534998,74534998,237319.433632
2024-07-11,SH603955,大千生态,8.02,2444500,135720000,135720000,108847.44
2024-07-11,SZ002852,道道全,7.9,29829806,276667594,343968305,271734.96095
2024-07-11,SZ002853,皮阿诺,7.09,9276717,132277035,186542748,132258.808332
2024-07-11,SZ300620,光库科技,36.96,4634001,242508075,249799385,923258.52696
2024-07-11,SH603630,拉芳家化,10.43,1627000,225204580,225204580,234888.37694
2024-07-11,SH603665,康隆达,22.7,2581700,160167707,162061307,367879.16689
2024-07-11,SH603960,克来机电,20.86,11847729,262181400,263023500,548667.021
2024-07-11,SZ300623,捷捷微电,17.92,16647320,670236454,734867113,1316881.866496
2024-07-11,SH603903,中持股份,6.06,10709424,202303752,255319480,154723.60488
2024-07-11,SH603811,诚意药业,6.23,3669840,327304320,327304320,203910.59136
2024-07-11,SZ300622,博士眼镜,12.17,1561200,115008685,174283571,212103.105907
2024-07-11,SZ300621,维业股份,7.38,1973700,196024659,208056700,153545.8446
2024-07-11,SH603179,新泉股份,45.1,3145184,487302373,487302373,2197733.70223
2024-07-11,SZ300625,三雄极光,10.28,1641990,158969708,279331000,287152.268
2024-07-11,SH603517,ST绝味,15.19,7842972,631238701,631238701,958851.586819
2024-07-11,SZ300628,亿联网络,37.35,3096617,723001797,1263815202,4720349.77947
2024-07-11,SZ300626,华瑞股份,7.4,6726700,177301500,180000000,133200
2024-07-11,SZ002856,美芝股份,7.55,6106060,116486858,135312808,102161.17004
2024-07-11,SZ300627,华测导航,30.6,13408009,450177280,545523833,1669302.92898
2024-07-11,SH603656,泰禾智能,10.5,2222540,183375358,183375358,192544.1259
2024-07-11,SZ002855,捷荣技术,19.89,9937390,246227232,246419682,490128.747498
2024-07-11,SZ300631,久吾高科,19.2,1254320,119265656,125043424,240083.37408
2024-07-11,SZ002857,三晖电气,11.24,12865477,128000000,129170300,145187.4172
2024-07-11,SH603388,*ST元成,1.7,7328840,325733572,325733572,55374.70724
2024-07-11,SH603768,常青股份,11.09,2162400,204000000,237955857,263893.045413
2024-07-11,SZ002858,力盛体育,10.31,3953800,146644638,163919838,169001.352978
2024-07-11,SZ300629,新劲刚,17,3620470,199441729,251423424,427419.8208
2024-07-11,SZ002774,快意电梯,6.27,2387300,281783185,336687900,211103.3133
2024-07-11,SH603717,天域生物,6.14,3166000,290146240,290146240,178149.79136
2024-07-11,SH603833,欧派家居,48.32,3494970,609152455,609152455,2943424.66256
2024-07-11,SZ300630,普利退,7.83,39634702,338292696,451775165,353739.954195
2024-07-11,SH603178,圣龙股份,20.72,3741900,236411881,236411881,489845.417432
2024-07-11,SH601228,广州港,3.1,17889900,7544531351,7544531351,2338804.71881
2024-07-11,SH603303,得邦照明,11.68,792000,476944575,476944575,557071.2636
2024-07-11,SH603041,美思德,9.86,2916560,183147692,183147692,180583.624312
2024-07-11,SZ300635,中达安,7.38,2601700,120258624,136322000,100605.636
2024-07-11,SZ300636,同和药业,9.57,2856981,364441471,421527350,403401.67395
2024-07-11,SH601200,上海环境,8.65,3023058,1121858543,1121858543,970407.639695
2024-07-11,SH603385,惠达卫浴,5.48,2620500,381721298,381721298,209183.271304
2024-07-11,SZ300632,光莆股份,10.66,26312937,214834087,305181620,325323.60692
2024-07-11,SH603586,金麒麟,12.68,12377003,196052780,196052780,248594.92504
2024-07-11,SZ300633,开立医疗,32.65,5124948,432712405,432712405,1412806.002325
2024-07-11,SH603538,美诺华,12.14,3283125,212258244,218751133,265563.875462
2024-07-11,SZ002859,洁美科技,19.65,6060888,399525672,430911905,846741.893325
2024-07-11,SH603078,江化微,13.28,8910211,385637248,385637248,512126.265344
2024-07-11,SH603906,龙蟠科技,7.67,7720874,565078903,565078903,433415.518601
2024-07-11,SZ002862,实丰文化,13.5,2088750,90177083,120000000,162000
2024-07-11,SZ002860,星帅尔,8.15,3076600,228678379,306515497,249810.130055
2024-07-11,SH601366,利群股份,5.2,2436220,849678387,849678387,441832.76124
2024-07-11,SZ300637,扬帆新材,8.86,23642496,234204070,234750130,207988.61518
2024-07-11,SZ300639,凯普生物,4.79,12019063,635164371,646500674,309673.822846
2024-07-11,SZ300638,广和通,17.37,31921188,531816088,765744029,1330097.378373
2024-07-11,SH603797,联泰环保,3.2,6316421,584153645,584153645,186929.1664
2024-07-11,SZ002861,瀛通通讯,9.4,16402523,119442978,155558590,146225.0746
2024-07-11,SH603826,坤彩科技,28.88,3757376,655200000,655200000,1892217.6
2024-07-11,SH603050,科林电气,22.62,4393655,272512968,272512968,616424.333616
2024-07-11,SZ300640,德艺文创,3.88,4380768,220660850,312452427,121231.541676
2024-07-11,SZ300604,长川科技,32.2,23057662,466731925,626783502,2018242.87644
2024-07-11,SZ002863,今飞凯达,4.06,9107007,498881691,598652714,243053.001884
2024-07-11,SZ300641,正丹股份,30.84,48505022,532599597,532682322,1642792.281048
2024-07-11,SH603225,新凤鸣,14.98,10808009,1524764195,1524764195,2284096.76411
2024-07-11,SH603803,瑞斯康达,5.94,18246382,424883557,429233057,254964.435858
2024-07-11,SH603081,大丰实业,10.04,5331200,405908900,409041500,410677.666
2024-07-11,SH603232,格尔软件,10.18,3806987,233314695,233314695,237514.35951
2024-07-11,SZ300645,正元智慧,12.11,4590400,142064820,142083570,172063.20327
2024-07-11,SZ300554,三超新材,23.18,7679583,76549935,114211577,264742.435486
2024-07-11,SZ300642,透景生命,11.7,1227340,137706966,163044441,190761.99597
2024-07-11,SH603139,康惠股份,12.49,1182000,99880000,99880000,124750.12
2024-07-11,SH603096,新经典,16.65,1130300,162503585,162503585,270568.469025
2024-07-11,SZ002865,钧达股份,37.17,9762975,224270155,228556116,849543.083172
2024-07-11,SZ300648,星云股份,16.98,2239500,106189439,147783896,250937.055408
2024-07-11,SH603920,世运电路,25.51,73648046,540623769,658588012,1680058.018612
2024-07-11,SZ002866,传艺科技,12.35,4849161,180375206,289522256,357559.98616
2024-07-11,SZ300514,友讯达,13.91,5254800,155322200,200000000,278200
2024-07-11,SZ002867,周大生,12.7,17646538,1082609919,1095926265,1391826.35655
2024-07-11,SH603787,新日股份,9.58,2781400,230143790,230143790,220477.75082
2024-07-11,SH603320,迪贝电气,16.83,10657303,130031376,130031376,218842.805808
2024-07-11,SZ300647,超频三,4.83,27374370,439154243,457321024,220886.054592
2024-07-11,SZ002868,*ST绿康,13.01,1350400,152791208,155415837,202196.003937
2024-07-11,SZ300650,太龙股份,10.16,7893140,151954682,218296126,221788.864016
2024-07-11,SH603505,金石资源,27.16,3481011,604772233,604772233,1642561.384828
2024-07-11,SH603501,豪威集团,105.24,15056843,1214426982,1215775699,12794823.456276
2024-07-11,SZ300643,万通智控,13.45,25218799,229459250,230000000,309350
2024-07-11,SZ300649,杭州园林,10.02,2458500,105077229,132416609,132681.442218
2024-07-11,SH603985,恒润股份,11.37,10236141,440858003,440858003,501255.549411
2024-07-11,SH603229,奥翔药业,10.33,6766623,593069389,593069389,612640.678837
2024-07-11,SZ300651,金陵体育,12.66,2412870,75489768,128748930,162996.14538
2024-07-11,SH603728,鸣志电器,38.8,4338886,418882500,420066000,1629856.08
2024-07-11,SH603926,铁流股份,8.4,1614740,208262080,235102531,197486.12604
2024-07-11,SH603896,寿仙谷,22.99,1866770,198243671,198243671,455762.199629
2024-07-11,SH603113,金能科技,5.41,5977600,847949240,847949240,458740.53884
2024-07-11,SH603086,先达股份,3.95,4386001,434813143,434813143,171751.191485
2024-07-11,SZ002871,伟隆股份,8.05,2654520,119480473,219368887,176591.954035
2024-07-11,SH603180,金牌家居,18.12,1042000,154257010,154257010,279513.70212
2024-07-11,SZ002870,香山股份,29.16,1321800,110286580,132075636,385132.554576
2024-07-11,SH601952,苏垦农发,9.15,5193650,1378000000,1378000000,1260870
2024-07-11,SZ002869,金溢科技,29.71,33508432,158158129,179556341,533461.889111
2024-07-11,SH603488,展鹏科技,6.75,3034100,291990440,291990440,197093.547
2024-07-11,SZ300652,雷迪克,19.49,1476956,92090714,102608133,199983.251217
2024-07-11,SZ300653,正海生物,21.45,1849800,180000000,180000000,386100
2024-07-11,SH603758,秦安股份,7.31,6324800,438797049,438797049,320760.642819
2024-07-11,SH603269,海鸥股份,9.29,4740300,220536977,220536977,204878.851633
2024-07-11,SZ002872,ST天圣,3.34,749085,214885809,318000000,106212
2024-07-11,SZ300656,民德电子,18.48,3101928,127136779,171125072,316239.133056
2024-07-11,SZ002873,新天药业,8.45,3277762,224008265,229409678,193851.17791
2024-07-11,SH603197,保隆科技,35.4,11340615,210338220,212057720,750684.3288
2024-07-11,SH603383,顶点软件,29.02,4593780,203609059,205436419,596176.487938
2024-07-11,SZ300657,弘信电子,15.33,11086951,463352112,488410056,748732.615848
2024-07-11,SZ300655,晶瑞电材,7.19,18662228,949988854,1059537737,761807.632903
2024-07-11,SH603855,华荣股份,21.12,1288196,330904000,337559000,712924.608
2024-07-11,SZ002876,三利谱,24.33,5808575,148775813,173884932,423062.039556
2024-07-11,SH603580,*ST艾艾,17.59,5000720,130673200,130673200,229854.1588
2024-07-11,SZ300659,中孚信息,12.56,3188900,155481108,260392378,327052.826768
2024-07-11,SH603196,日播时尚,6.81,2794800,237847312,238680652,162541.524012
2024-07-11,SZ002875,安奈儿,10.22,7672854,172993456,213004872,217690.979184
2024-07-11,SH603200,上海洗霸,21.2,3188890,175407182,175407182,371863.22584
2024-07-11,SZ300658,延江股份,4.24,3782050,225403035,332764105,141091.98052
2024-07-11,SH603042,华脉科技,10.32,12814805,160589840,160589840,165728.71488
2024-07-11,SZ300660,江苏雷利,25.1,3347200,319122123,319304625,801454.60875
2024-07-11,SZ002877,智能自控,7.16,6975500,232677307,353474094,253087.451304
2024-07-11,SZ300661,圣邦股份,77,3620769,451201192,470727093,3624598.6161
2024-07-11,SZ002878,元隆雅图,12.35,4356644,196941075,260998227,322332.810345
2024-07-11,SH600732,爱旭股份,8.6,42553604,1597092603,1827789372,1571898.85992
2024-07-11,SH603496,恒为科技,24.84,11068835,320209243,320209243,795399.759612
2024-07-11,SZ300662,科锐国际,15.43,5160192,196806359,196806359,303672.211937
2024-07-11,SZ300663,科蓝软件,9.86,7392050,414860834,462187116,455716.496376
2024-07-11,SH603536,惠发食品,7.67,7594555,244642300,244642300,187640.6441
2024-07-11,SH603767,中马传动,11.88,6307340,308631500,308631500,366654.222
2024-07-11,SZ300665,飞鹿股份,5.03,5955920,150653698,189498316,95317.652948
2024-07-11,SH603879,永悦科技,2.34,9950896,359344440,360721940,84408.93396
2024-07-11,SZ300666,江丰电子,50.43,8016234,209370808,265338583,1338102.474069
2024-07-11,SH603980,吉华集团,3.58,9624644,700000000,700000000,250600
2024-07-11,SH603226,菲林格尔,3.38,7097511,355491770,355491770,120156.21826
2024-07-11,SZ002880,卫光生物,28.25,569860,226800000,226800000,640710
2024-07-11,SH603326,我乐家居,5.47,3817100,315512680,323081180,176725.40546
2024-07-11,SH603316,诚邦股份,3.57,3738548,264264000,264264000,94342.248
2024-07-11,SZ300667,必创科技,13.14,8671213,172648362,204636039,268891.755246
2024-07-11,SZ300668,杰恩设计,16.3,1189167,80351046,120381273,196221.47499
2024-07-11,SH603335,迪生力,4.13,4479600,428144600,428144600,176823.7198
2024-07-11,SZ002883,中设股份,8.48,2706987,135479252,156157166,132421.276768
2024-07-11,SH603679,华体科技,11.2,10586683,163196667,163196667,182780.26704
2024-07-11,SH603380,易德龙,20.1,2097500,160441200,160441200,322486.812
2024-07-11,SZ002881,美格智能,19.61,2675405,184409394,261641484,513078.950124
2024-07-11,SH601878,浙商证券,10.59,45329189,3882194382,3882194382,4111243.850538
2024-07-11,SZ002885,京泉华,10.4,4568400,232498436,272756438,283666.69552
2024-07-11,SH603043,广州酒家,15.64,1719080,568770805,568770805,889557.53902
2024-07-11,SZ002886,沃特股份,14.3,7031970,208395664,263203565,376381.09795
2024-07-11,SH603286,日盈电子,17.08,20039215,114303931,116624931,199195.382148
2024-07-11,SH603938,三孚股份,11.49,2061161,382624497,382624497,439635.547053
2024-07-11,SZ300669,沪宁股份,12.7,1027100,179429818,192705526,244736.01802
2024-07-11,SH603801,志邦家居,11.58,7843614,434349942,436547813,505522.367454
2024-07-11,SH603617,君禾股份,6.39,30863509,381571337,391071337,249894.584343
2024-07-11,SZ300670,大烨智能,5.5,8491032,224124695,316920479,174306.26345
2024-07-11,SH603331,百达精工,8.78,1945535,201386636,202208636,177539.182408
2024-07-11,SZ300671,富满微,29.16,15556553,217019666,217724473,634884.563268
2024-07-11,SH603933,睿能科技,12.99,3595300,207544575,210229575,273088.217925
2024-07-11,SZ002879,长缆科技,12.99,1871228,133126036,193107640,250846.82436
2024-07-11,SH603305,旭升集团,10.69,12687666,933214933,933214933,997606.763377
2024-07-11,SH603757,大元泵业,18.33,578576,166703378,166703378,305567.291874
2024-07-11,SZ002884,凌霄泵业,18.15,1248680,273030113,357682509,649193.753835
2024-07-11,SZ300673,佩蒂股份,14.34,5288767,161440289,248827520,356818.66368
2024-07-11,SZ300672,国科微,53.96,9337960,210099861,217140672,1171691.066112
2024-07-11,SH603595,ST东尼,18.86,3018448,232442326,232442326,438386.226836
2024-07-11,SZ300676,华大基因,35.54,2076365,412836402,415821575,1477829.87755
2024-07-11,SH603387,基蛋生物,7.75,2815286,507153517,507153517,393043.975675
2024-07-11,SZ002882,金龙羽,15.1,6268100,246656250,432900000,653679
2024-07-11,SH603612,索通发展,13.08,7624078,498104459,540846164,707426.782512
2024-07-11,SZ300675,建科院,11.28,3407587,146666700,146666700,165440.0376
2024-07-11,SH603707,健友股份,11.46,5645874,1615634520,1615634520,1851517.15992
2024-07-11,SH601619,嘉泽新能,3.03,11833500,2420651234,2434351234,737608.423902
2024-07-11,SH603676,卫信康,8.03,2954981,435161500,435161500,349434.6845
2024-07-11,SZ300677,英科医疗,29.44,11110552,468925775,647896329,1907406.792576
2024-07-11,SZ002888,惠威科技,13.44,11607040,75600526,149611680,201078.09792
2024-07-11,SZ300680,隆盛科技,18.39,8434968,173217717,231024278,424853.647242
2024-07-11,SZ300681,英搏尔,13.18,4069050,172972380,252322708,332561.329144
2024-07-11,SH603063,禾望电气,14,11886797,443227000,443227000,620517.8
2024-07-11,SZ300678,中科信息,25.46,6484224,285548932,296386293,754599.501978
2024-07-11,SH603730,岱美股份,9.82,6174396,1652755445,1652755445,1623005.84699
2024-07-11,SZ002889,东方嘉盛,15.77,6387780,175149017,269762480,425415.43096
2024-07-11,SH603233,大参林,13.47,13192966,1138847704,1138847704,1534027.857288
2024-07-11,SH600710,苏美达,8.02,14786163,1306749434,1306749434,1048013.046068
2024-07-11,SZ300679,电连技术,39.87,6951088,355995568,422384900,1684048.5963
2024-07-11,SH603357,设计总院,8.73,10441792,550589276,560783805,489564.261765
2024-07-11,SZ300682,朗新科技,8.59,16190103,1051362129,1085553508,932490.463372
2024-07-11,SZ002887,绿茵生态,6.31,6227102,159464407,305985078,193076.584218
2024-07-11,SH603860,中公高科,28.79,6117400,66680000,66680000,191971.72
2024-07-11,SH603825,ST华扬,8.18,11713700,253336552,253336552,207229.299536
2024-07-11,SZ300685,艾德生物,18.35,3199539,393642379,398540309,731321.467015
2024-07-11,SZ002890,弘宇股份,7.79,1498584,161484211,169875160,132332.74964
2024-07-11,SZ300687,赛意信息,13.53,6960282,322482620,410124969,554899.083057
2024-07-11,SZ300686,智动力,8.35,34534679,198670887,265624240,221796.2404
2024-07-11,SH603880,南卫股份,3.33,4264397,289042000,292474000,97393.842
2024-07-11,SH603978,深圳新星,8.94,2193922,165955099,165955099,148363.858506
2024-07-11,SH603535,嘉诚国际,15.67,1269788,218080735,233248570,365500.50919
2024-07-11,SZ300683,海特生物,21.48,970300,121884641,130894391,281161.151868
2024-07-11,SZ300690,双一科技,17.94,5043520,109571708,165348919,296635.960686
2024-07-11,SZ300689,澄天伟业,13.63,2894590,99617149,115600000,157562.8
2024-07-11,SH603458,勘设股份,4.68,6359607,311319847,311319847,145697.688396
2024-07-11,SZ300688,创业黑马,24.55,3683430,141894858,167379464,410916.58412
2024-07-11,SH603602,纵横通信,12.83,4681598,205736791,205736791,263960.302853
2024-07-11,SZ300691,联合光电,15.24,4841500,194689182,269196966,410256.176184
2024-07-11,SH603721,*ST天择,20.72,6613300,130000000,130000000,269360
2024-07-11,SH601326,秦港股份,3.31,18192300,4757559000,5587412000,1849433.372
2024-07-11,SH603776,永安行,10.96,17408763,229476223,229476223,251505.940408
2024-07-11,SZ002892,科力尔,8.89,18537066,396495839,620800887,551891.988543
2024-07-11,SH603129,春风动力,149.73,889731,151431863,151431863,2267389.284699
2024-07-11,SH603557,ST起步,1.83,2523230,539161948,539161948,98666.636484
2024-07-11,SH601949,中国出版,5.72,10338800,1822500000,1903968054,1089069.726888
2024-07-11,SZ002891,中宠股份,20.72,2573828,294114002,294114102,609404.419344
2024-07-11,SZ300692,中赋科技,4.49,2406934,374580794,423754869,190265.936181
2024-07-11,SH603976,正川股份,13.95,636000,151202039,151202039,210926.844405
2024-07-11,SZ300693,盛弘股份,19.68,11607648,249376081,311085410,612216.08688
2024-07-11,SZ300696,爱乐达,14.77,10152970,186131528,293152983,432986.955891
2024-07-11,SH603079,圣达生物,11.35,7198900,171188958,171188958,194299.46733
2024-07-11,SH603181,皇马科技,9.06,1604775,588700000,588700000,533362.2
2024-07-11,SH603127,昭衍新药,13.71,14745191,630482128,749477334,1027533.424914
2024-07-11,SZ002895,川恒股份,17.27,4769940,499679990,542038490,936100.47223
2024-07-11,SZ002896,中大力德,26.79,3104800,151171285,151171285,404987.872515
2024-07-11,SZ300698,万马科技,36.4,3102560,123570943,134000000,487760
2024-07-11,SH603359,东珠生态,3.42,7813182,446096000,446096000,152564.832
2024-07-11,SZ300699,光威复材,27.17,15943839,817557658,831352000,2258783.384
2024-07-11,SH603500,祥和实业,6.67,1857620,340413802,343747286,229279.439762
2024-07-11,SH603183,建研院,3.16,6001996,501047151,501047151,158330.899716
2024-07-11,SH603725,天安新材,6.44,4292648,286657680,304857680,196328.34592
2024-07-11,SZ300697,电工合金,11.43,13078492,254800000,332800000,380390.4
2024-07-11,SH603527,众源新材,7.34,6321672,316971200,316971200,232656.8608
2024-07-11,SZ002897,意华股份,40.56,10965499,163235437,194049696,787065.566976
2024-07-11,SH603882,金域医学,28.44,18369175,465647577,468771275,1333185.5061
2024-07-11,SZ300695,兆丰股份,36.69,235600,70929872,70929872,260241.700368
2024-07-11,SH603277,银都股份,29.39,754150,420514500,420643500,1236271.2465
2024-07-11,SZ300700,岱勒新材,7.3,4499783,263566949,388979943,283955.35839
2024-07-11,SZ002898,*ST赛隆,8.85,2322710,101262561,176000000,155760
2024-07-11,SH603386,骏亚科技,13.39,31626985,326322560,326322560,436945.90784
2024-07-11,SH603648,畅联股份,7.99,3120100,362412800,362412800,289567.8272
2024-07-11,SZ300701,森霸传感,8.59,7447888,270000000,282735119,242869.467221
2024-07-11,SZ002899,英派斯,13.18,909000,120000000,147796976,194796.414368
2024-07-11,SH603321,梅轮电梯,6.81,2185900,307000000,307000000,209067
2024-07-11,SZ002893,京能热力,9.21,3766000,201747699,263640000,242812.44
2024-07-11,SH603813,*ST原尚,9.37,1024700,89942000,105015000,98399.055
2024-07-11,SZ300703,创源股份,7.99,2359512,166257564,180391840,144133.08016
2024-07-11,SZ300702,天宇股份,16.96,1339000,211164483,347977159,590169.261664
2024-07-11,SH603106,恒银科技,4.17,14343703,520520000,520520000,217056.84
2024-07-11,SH603055,台华新材,10.58,5694880,887623099,890467393,942114.501794
2024-07-11,SH603533,掌阅科技,17.25,11666500,438896835,438896835,757097.040375
2024-07-11,SZ002901,大博医疗,25.63,1053162,350633999,414019506,1061131.993878
2024-07-11,SZ002900,哈三联,8.93,4544700,170890731,316390050,282536.31465
2024-07-11,SH603963,*ST大药,2.39,5197109,219700000,219700000,52508.3
2024-07-11,SZ300706,阿石创,18.93,3164900,113270499,152852499,289349.780607
2024-07-11,SZ300654,世纪天鸿,8.3,7602784,324212913,366046516,303818.60828
2024-07-11,SH603363,傲农生物,3.8,11260340,737455028,870274742,330704.40196
2024-07-11,SH603136,天目湖,10.33,4109900,270126710,270126710,279040.89143
2024-07-11,SH603378,亚士创能,5.28,2423580,428596642,428596642,226299.026976
2024-07-11,SH603367,辰欣药业,14.06,3409135,451284129,452775129,636601.831374
2024-07-11,SH601086,国芳集团,3.73,6496000,666000000,666000000,248418
2024-07-11,SZ002902,铭普光磁,20.76,13895450,153941989,235477062,488850.380712
2024-07-11,SZ300705,九典制药,25.42,4001608,294205109,486526829,1236751.199318
2024-07-11,SZ300707,威唐工业,12.47,5822047,143178914,176975894,220688.939818
2024-07-11,SH603103,横店影视,13.52,2372200,634200000,634200000,857438.4
2024-07-11,SH603110,东方材料,10.77,4778300,201226732,201226732,216721.190364
2024-07-11,SZ002903,宇环数控,15.42,5386785,99786733,155875000,240359.25
2024-07-11,SZ002906,华阳集团,30.17,23742720,524444327,524624785,1582792.976345
2024-07-11,SH603499,翔港科技,13.45,5840993,216138850,216138850,290706.75325
2024-07-11,SZ300708,聚灿光电,8.97,9504608,503443222,675905846,606287.543862
2024-07-11,SZ002905,金逸影视,5.84,4382260,349440000,376320000,219770.88
2024-07-11,SH603829,洛凯股份,13.48,7750827,160000000,160000000,215680
2024-07-11,SH603396,金辰股份,32.02,1814400,115999882,138584808,443748.555216
2024-07-11,SZ300709,精研科技,25.67,8042723,148879578,186076681,477658.840127
2024-07-11,SZ300710,万隆光电,15.38,6473455,89135188,99490300,153016.0814
2024-07-11,SZ002908,德生科技,7.58,7086288,309088472,431432088,327025.522704
2024-07-11,SH603466,风语筑,7.25,17236182,594777993,594777993,431214.044925
2024-07-11,SZ002907,华森制药,12.54,2326790,308888105,417596314,523665.777756
2024-07-11,SH603683,晶华新材,8.07,3127830,258791289,258791289,208844.570223
2024-07-11,SH603922,金鸿顺,17.15,791201,179200000,179200000,307328
2024-07-11,SH601108,财通证券,6.57,24488289,4643739554,4643739554,3050936.886978
2024-07-11,SH603607,京华激光,12.26,1989276,178516800,178516800,218861.5968
2024-07-11,SH603722,阿科力,43.2,761500,87937500,87937500,379890
2024-07-11,SZ002909,集泰股份,4.13,5486017,361763029,398845123,164723.035799
2024-07-11,SZ300715,凯伦股份,6.86,1277320,337951274,384909628,264048.004808
2024-07-11,SH603260,合盛硅业,46.89,2192799,1074165577,1182206941,5543368.346349
2024-07-11,SZ002910,庄园牧场,6.07,2782800,171061950,195539347,118692.383629
2024-07-11,SZ300712,永福股份,22.51,1146900,186562260,187546035,422166.124785
2024-07-11,SH603289,泰瑞机器,8.03,2704250,293221200,294298821,236321.953263
2024-07-11,SZ300713,英可瑞,13.68,9708348,86625950,158719182,217127.840976
2024-07-11,SZ300711,广哈通信,15.26,8599650,247830208,249170606,380234.344756
2024-07-11,SH603912,佳力图,6.01,4984756,541775967,541775967,325607.356167
2024-07-11,SH603937,丽岛新材,7.92,2796700,208880076,208880076,165433.020192
2024-07-11,SH603659,璞泰来,13.96,24027142,2136399076,2137973428,2984610.905488
2024-07-11,SH603856,东宏股份,10.12,1223510,256414600,256414600,259491.5752
2024-07-11,SH603507,振江股份,22.71,9278750,184301307,184301307,418548.268197
2024-07-11,SZ300717,华信新材,14.36,2722953,101853400,102775000,147584.9
2024-07-11,SZ300720,海川智能,12.26,2381546,173302051,194877256,238919.515856
2024-07-11,SZ300718,长盛轴承,13.15,3226724,193864233,298867830,393011.19645
2024-07-11,SH600903,贵州燃气,6.26,4298380,1150004098,1150004098,719902.565348
2024-07-11,SZ300719,安达维尔,16.24,10885700,179620132,254696450,413627.0348
2024-07-11,SZ300716,ST泉为,7.67,11327422,160020000,160020000,122735.34
2024-07-11,SH603916,苏博特,6.67,4167820,420312904,432892904,288739.566968
2024-07-11,SH603083,剑桥科技,32.21,14185365,265077209,268041841,863362.769861
2024-07-11,SZ300722,新余国科,18.55,5367102,276756480,276756480,513383.2704
2024-07-11,SZ300725,药石科技,29.28,10289346,168412369,199664658,584618.118624
2024-07-11,SH603076,乐惠国际,20.17,839000,120701344,120701344,243454.610848
2024-07-11,SH603278,大业股份,5.63,9676200,341759392,341759392,192410.537696
2024-07-11,SZ300721,怡达股份,13.57,6695391,137160880,164846739,223697.024823
2024-07-11,SH603605,珀莱雅,106.14,1453922,394800355,396757415,4211183.20281
2024-07-11,SZ300723,一品红,20.11,1860700,417666477,454143281,913282.138091
2024-07-11,SZ002864,盘龙药业,26.04,1592154,73701636,106280960,276755.61984
2024-07-11,SH603970,中农立华,14.17,5644855,268800134,268800134,380889.789878
2024-07-11,SH603619,中曼石油,24.82,9109262,400000100,400000100,992800.2482
2024-07-11,SH600933,爱柯迪,14.24,9502062,910992572,977364253,1391766.696272
2024-07-11,SH603365,水星家纺,14.85,1523100,258063500,262733500,390159.2475
2024-07-11,SZ300726,宏达电子,21.88,4924301,213572173,411839845,901105.58086
2024-07-11,SZ002912,中新赛克,16.81,3681166,162222011,170752000,287034.112
2024-07-11,SH603661,恒林股份,39.54,678786,139067031,139067031,549871.040574
2024-07-11,SZ002911,佛燃能源,9.51,3679280,1247939025,1287422933,1224339.209283
2024-07-11,SH601019,山东出版,11.02,12064300,2086900000,2086900000,2299763.8
2024-07-11,SH603685,晨丰科技,11.18,1748600,135207023,169007404,188950.277672
2024-07-11,SZ300727,润禾材料,23.36,5331602,113884049,127720867,298355.945312
2024-07-11,SH603809,豪能股份,8.3,18911887,581675713,581675713,482790.84179
2024-07-11,SH603711,香飘飘,12.59,2219234,410745800,410745800,517128.9622
2024-07-11,SZ002913,奥士康,28.26,14196200,265893849,317360504,896860.784304
2024-07-11,SH603848,好太太,13.83,2242900,401000000,404150000,558939.45
2024-07-11,SZ300729,乐歌股份,14.62,2997100,294402454,312916273,457483.591126
2024-07-11,SH603917,合力科技,10.77,3021405,156800000,203840000,219535.68
2024-07-11,SZ002915,中欣氟材,9.62,7127820,288306375,325468375,313100.57675
2024-07-11,SZ300730,科创信息,10.51,31372499,196522977,241030197,253322.737047
2024-07-11,SZ300731,科创新源,14.68,3438080,120150989,126431804,185601.888272
2024-07-11,SZ002917,金奥博,8.75,7916750,260545231,347614197,304162.422375
2024-07-11,SH603890,春秋电子,9.44,20114078,439044227,439044227,414457.750288
2024-07-11,SZ300732,设研院,7.52,11850299,323740436,324310993,243881.866736
2024-07-11,SZ002916,深南电路,126.99,15933781,510834539,512877535,6513031.816965
2024-07-11,SH600025,华能水电,11.65,22646888,18000000000,18000000000,20970000
2024-07-11,SZ002919,名臣健康,11.26,4371067,264388172,266526066,300108.350316
2024-07-11,SH603477,巨星农牧,23.56,11811380,510069068,510069068,1201722.724208
2024-07-11,SZ000155,川能动力,10.82,11987124,1296931295,1846168342,1997554.146044
2024-07-11,SZ002918,蒙娜丽莎,8.42,4233260,219461941,415179390,349581.04638
2024-07-11,SH603283,赛腾股份,73.71,7997096,186048648,200316148,1476530.326908
2024-07-11,SZ001965,招商公路,11.65,15575492,6820337394,6820337394,7945693.06401
2024-07-11,SZ002920,德赛西威,101.48,18776267,551512655,555006100,5632201.9028
2024-07-11,SZ300684,中石科技,18.44,33809740,201053619,299509223,552295.007212
2024-07-11,SZ002921,联诚精密,9.72,2174856,110434790,130882787,127218.068964
2024-07-11,SZ300735,光弘科技,22.42,54548150,752957676,767460689,1720646.864738
2024-07-11,SZ002922,伊戈尔,18.78,26594700,369462848,392092491,736349.698098
2024-07-11,SH603655,朗博科技,14.73,713900,106000000,106000000,156138
2024-07-11,SH603329,上海雅仕,11.06,1737682,158756195,158756195,175584.35167
2024-07-11,SH603080,新疆火炬,13.79,2109300,141500000,141500000,195128.5
2024-07-11,SH603161,科华控股,10.35,3078226,188862594,193577988,200353.21758
2024-07-11,SZ300664,鹏鹞环保,4.53,4491750,748142332,771592332,349531.326396
2024-07-11,SZ002923,润都股份,9.45,1895840,258084835,334893286,316474.15527
2024-07-11,SZ300736,百邦科技,9.23,13366512,128700258,130065904,120050.829392
2024-07-11,SZ002925,盈趣科技,12.66,5598060,736232291,780403040,987990.24864
2024-07-11,SZ300733,西菱动力,9.73,2852520,244071777,305676280,297423.02044
2024-07-11,SH603056,德邦股份,13.22,6438768,1026955265,1026955265,1357634.86033
2024-07-11,SH601828,美凯龙,2.52,23389213,3613447039,4354732673,1097392.633596
2024-07-11,SZ300624,万兴科技,50.75,7032900,171233215,193336324,981181.8443
2024-07-11,SZ300738,奥飞数据,10.46,42259316,964559420,964838384,1009220.949664
2024-07-11,SH603895,天永智能,16.53,731580,108080000,108080000,178656.24
2024-07-11,SH603356,华菱精工,11.54,4148200,133340000,133340000,153874.36
2024-07-11,SZ300737,科顺股份,4.11,11401497,899997427,1177290341,483866.330151
2024-07-11,SH601838,成都银行,14.56,17908101,3806572429,3813949587,5553110.598672
2024-07-11,SH603506,南都物业,7.75,3694280,187777779,187777779,145527.778725
2024-07-11,SZ300739,明阳电路,13.72,22156872,301611819,306891419,421055.026868
2024-07-11,SH603516,淳中科技,35.95,3507183,201841779,201841779,725621.195505
2024-07-11,SZ002926,华西证券,6.43,9906085,2625000000,2625000000,1687875
2024-07-11,SZ300644,南京聚隆,19.59,6391835,85741624,107990008,211552.425672
2024-07-11,SH603871,嘉友国际,18.87,17044117,977149042,977149042,1843880.242254
2024-07-11,SZ300740,水羊股份,13.45,5963329,357382565,388676998,522770.56231
2024-07-11,SH603709,中源家居,12.03,1862780,96000000,96868000,116532.204
2024-07-11,SH603156,养元饮品,21.32,4016492,1265493600,1265493600,2698032.3552
2024-07-11,SZ002927,泰永长征,11.42,4615300,220642600,223192180,254885.46956
2024-07-11,SH603712,七一二,16.21,10749434,772000000,772000000,1251412
2024-07-11,SH603680,今创集团,7,18857416,783718767,783718767,548603.1369
2024-07-11,SH601360,三六零,7.34,49875734,7145363197,7145363197,5244696.586598
2024-07-11,SZ002929,润建股份,28.93,5165871,209981657,281831071,815337.288403
2024-07-11,SH600901,江苏金租,5.16,32551745,4356795082,4369861778,2254848.677448
2024-07-11,SZ300741,华宝股份,14.95,1458600,615877150,615880000,920740.6
2024-07-11,SH603059,倍加洁,20.27,466890,100448700,100448700,203609.5149
2024-07-11,SZ002928,华夏航空,6.25,14683866,1278241550,1278241550,798900.96875
2024-07-11,SZ300634,彩讯股份,17.08,8728732,431288250,447653250,764591.751
2024-07-11,SH600929,雪天盐业,5.54,7964010,1241292898,1659173900,919182.3406
2024-07-11,SZ002930,宏川智慧,11.79,1953946,435777507,460277852,542667.587508
2024-07-11,SZ300504,天邑股份,11.8,1653700,218078769,272432480,321470.3264
2024-07-11,SH603214,爱婴室,11.38,1774706,138540036,138540036,157658.560968
2024-07-11,SZ002931,锋龙股份,8.55,10410100,186892551,204786835,175092.743925
2024-07-11,SH603897,长城科技,17.85,4534600,206435681,206435681,368487.690585
2024-07-11,SH603301,振德医疗,21.73,1389388,266451202,266451202,578998.461946
2024-07-11,SH603773,沃格光电,20.27,6228626,203296882,222797333,451610.193991
2024-07-11,SH603876,鼎胜新材,8.89,8579900,886488350,890186810,791376.07409
2024-07-11,SH603733,仙鹤股份,18.9,5768569,705975551,705975551,1334293.79139
2024-07-11,SH603348,文灿股份,29.4,6897576,264069087,264069087,776363.11578
2024-07-11,SH603596,伯特利,45.31,17415451,605217920,606545820,2748259.11042
2024-07-11,SZ300743,天地数码,13.09,2984944,129376048,153479142,200904.196878
2024-07-11,SZ300742,越博退,0.21,9768240,115168718,141297426,2967.245946
2024-07-11,SH603259,药明康德,38.82,49281455,2524851053,2911927203,11304101.402046
2024-07-11,SH603013,亚普股份,13.48,2676900,512599264,512599264,690983.807872
2024-07-11,SZ300454,深信服,49.71,2227852,276259825,419848342,2087066.108082
2024-07-11,SH603045,福达合金,9.65,3072932,135445155,135445155,130704.574575
2024-07-11,SZ300745,欣锐科技,14.44,4464101,141292652,167614391,242035.180604
2024-07-11,SZ300746,汉嘉数智,5.98,2822200,221884219,225738328,134991.520144
2024-07-11,SH603486,科沃斯,42.9,5670514,569201435,576462835,2473025.56215
2024-07-11,SH601138,工业富联,28.76,128407393,19862051414,19867543618,57139055.445368
2024-07-11,SH601330,绿色动力,5.74,3152170,989092086,1393451878,799841.377972
2024-07-11,SZ300750,宁德时代,177.01,20811148,3894854492,4398807222,77863286.636622
2024-07-11,SH603666,亿嘉和,14.73,3820192,206490816,206490816,304160.971968
2024-07-11,SH601990,南京证券,7.55,12693488,3659788847,3686361034,2783202.58067
2024-07-11,SH601066,中信建投,18.65,9366234,3811362018,7756694797,14466235.796405
2024-07-11,SH603587,地素时尚,10.88,1190800,471430292,477386282,519396.274816
2024-07-11,SZ300747,锐科激光,17.43,5490810,507345910,564821828,984484.446204
2024-07-11,SH603650,彤程新材,29.78,9391746,594071263,598839263,1783343.325214
2024-07-11,SH603693,江苏新能,11.65,4315450,803400000,891475880,1038569.4002
2024-07-11,SH603706,东方环宇,15.18,2477400,189382714,189382714,287482.959852
2024-07-11,SH603105,芯能科技,8.25,12329300,500003510,500003510,412502.89575
2024-07-11,SZ002932,明德生物,17.09,2000696,156085161,232520957,397378.315513
2024-07-11,SH603713,密尔克卫,54.99,2082500,164080322,164293872,903452.002128
2024-07-11,SH601869,长飞光纤,23.98,2066200,406338314,757905108,1817456.448984
2024-07-11,SH603657,春光科技,10.8,1751400,135190050,136488325,147407.391
2024-07-11,SH601606,长城军工,8.99,6364200,724228400,724228400,651081.3316
2024-07-11,SZ300724,捷佳伟创,56.82,9842271,274138092,348175136,1978331.122752
2024-07-11,SZ000629,钒钛股份,2.5,102758676,9195635820,9295033245,2323758.31125
2024-07-11,SH603590,康辰药业,25.05,779410,157510000,160000000,400800
2024-07-11,SH603192,汇得科技,15.18,4378480,138666667,138666667,210496.000506
2024-07-11,SZ002933,新兴装备,22.55,1269900,113985547,117350000,264624.25
2024-07-11,SZ000950,重药控股,4.69,15667802,1728184696,1728184696,810518.622424
2024-07-11,SH601068,中铝国际,4.27,10642800,2559590667,2959066667,1263521.466809
2024-07-11,SZ002935,天奥电子,12.45,10713910,415090883,428936102,534025.44699
2024-07-11,SH603297,永新光学,63.21,1941850,110449500,111150500,702582.3105
2024-07-11,SH603790,雅运股份,9.42,1453630,191360000,191360000,180261.12
2024-07-11,SH603810,丰山集团,8.16,3354149,165244544,165244544,134839.547904
2024-07-11,SZ002938,鹏鼎控股,40.89,49347449,2315111091,2318560816,9480595.176624
2024-07-11,SZ002936,郑州银行,1.77,44505327,6698652341,9092091358,1609300.170366
2024-07-11,SZ300748,金力永磁,12.54,10981083,1133937000,1345236723,1686926.850642
2024-07-11,SH603583,捷昌驱动,20.48,8955191,382246955,384595355,787651.28704
2024-07-11,SZ300749,顶固集创,5.22,2899861,155162600,205832200,107444.4084
2024-07-11,SZ002937,兴瑞科技,23.75,8907700,296780871,297779891,707227.241125
2024-07-11,SH601577,长沙银行,7.88,19911260,4020596589,4021553754,3168984.358152
2024-07-11,SZ300694,蠡湖股份,8.58,2569000,215316977,215316977,184741.966266
2024-07-11,SZ300760,迈瑞医疗,282.11,3178970,1212440419,1212441394,34204184.166134
2024-07-11,SH601162,天风证券,2.2,122319126,8665757464,8665757464,1906466.64208
2024-07-11,SZ002940,昂利康,13.43,3822902,185275468,201728186,270920.953798
2024-07-11,SZ002939,长城证券,6.64,14665572,3487622957,4034426956,2678859.498784
2024-07-11,SZ300674,宇信科技,10.89,6126980,703340720,704057060,766718.13834
2024-07-11,SZ300751,迈为股份,108.77,3000293,193145209,279197806,3036834.535862
2024-07-11,SH603220,中贝通信,27.5,13014141,333824889,335240122,921910.3355
2024-07-11,SH601319,中国人保,5.27,49732373,35497756583,44223990583,23306043.037241
2024-07-11,SZ002941,新疆交建,9,5407245,639750031,645080852,580572.7668
2024-07-11,SH603187,海容冷链,11.29,4651721,384472883,386417827,436265.726683
2024-07-11,SZ002943,宇晶股份,20.34,6319398,121055582,204579796,416115.305064
2024-07-11,SZ300752,隆利科技,14.06,6557900,136444728,227599450,320004.8267
2024-07-11,SZ002942,新农股份,12.06,3990787,139780875,156000000,188136
2024-07-11,SZ300753,爱朋医疗,11.04,4114436,80994937,126048000,139156.992
2024-07-11,SH603629,利通电子,18.69,7223172,254800000,258830000,483753.27
2024-07-11,SZ001872,招商港口,21.25,5329726,1743876914,2500481881,5313523.997125
2024-07-11,SH603185,弘元绿能,16.67,8129273,571964312,679022202,1131930.010734
2024-07-11,SZ300756,金马游乐,13.43,1730500,118363284,157598176,211654.350368
2024-07-11,SH601860,紫金银行,2.54,41144289,3540621196,3660980772,929889.116088
2024-07-11,SZ300757,罗博特科,86.75,7037860,146107682,155052262,1345078.37285
2024-07-11,SH601975,招商南油,3.52,68361210,4801856148,4801856148,1690253.364096
2024-07-11,SH603121,华培动力,7.16,5066542,338533715,338533715,242390.13994
2024-07-11,SH603739,蔚蓝生物,12.66,5389500,253028866,253028866,320334.544356
2024-07-11,SZ002948,青岛银行,3.29,28519430,3110040478,5820354724,1914896.704196
2024-07-11,SH603332,苏州龙杰,7.52,5941154,216347184,216347184,162693.082368
2024-07-11,SZ002945,华林证券,9.8,5995025,2700000000,2700000000,2646000
2024-07-11,SH601598,中国外运,5.2,22642541,5255916875,7294216875,3792992.775
2024-07-11,SH601298,青岛港,9.89,0,5392075000,6491100000,6419697.9
2024-07-11,SH603700,宁水集团,9.27,1184777,203242000,203242000,188405.334
2024-07-11,SH601615,明阳智能,9.15,28119845,2264097906,2271594206,2078508.69849
2024-07-11,SZ002946,新乳业,8.52,4384022,851576588,860672801,733293.226452
2024-07-11,SZ300759,康龙化成,19.78,18602423,1428583385,1787394297,3535465.919466
2024-07-11,SZ300755,华致酒行,14.29,3568164,416479635,416798400,595604.9136
2024-07-11,SH603351,威尔药业,20.56,600700,134015272,135439132,278462.855392
2024-07-11,SZ002947,恒铭达,40.92,17981261,161542538,230171765,941862.86238
2024-07-11,SH601865,福莱特,18.89,17015313,1899204281,2351324281,4441651.566809
2024-07-11,SZ300761,立华股份,22.25,3842710,604899090,827644501,1841509.014725
2024-07-11,SZ300758,七彩化学,10.88,9484310,352893754,406038596,441769.992448
2024-07-11,SH603956,威派格,5.1,3950700,506699774,506699774,258416.88474
2024-07-11,SZ002949,华阳国际,9.14,1843548,149538768,196040643,179181.147702
2024-07-11,SH600928,西安银行,3.22,18061566,4421245370,4444444445,1431111.11129
2024-07-11,SZ002950,奥美医疗,6.68,3971900,451995209,633265407,423021.291876
2024-07-11,SZ300762,上海瀚讯,15.89,23454001,627965772,627965772,997837.611708
2024-07-11,SZ002951,金时科技,4.45,2246295,404998500,405000000,180225
2024-07-11,SZ300763,锦浪科技,52.32,18498105,321534605,400686945,2096394.09624
2024-07-11,SZ300765,新诺威,24.03,9466992,1247072434,1404592944,3375236.844432
2024-07-11,SZ300766,每日互动,9.83,8730300,355673038,392172757,385505.820131
2024-07-11,SH603681,永冠新材,12.87,3605519,191130785,191130785,245985.320295
2024-07-11,SZ002958,青农商行,2.64,37846238,4926256875,5555616771,1466682.827544
2024-07-11,SZ002952,亚世光电,20.08,2416950,132045032,164340000,329994.72
2024-07-11,SZ300767,震安科技,8.4,4449614,210830119,247229150,207672.486
2024-07-11,SH603379,三美股份,39.67,5478750,610479037,610479037,2421770.339779
2024-07-11,SZ300768,迪普科技,11.57,4495600,420667709,643829039,744910.198123
2024-07-11,SH603068,博通集成,21.95,10043500,150424966,150424966,330182.80037
2024-07-11,SZ300769,德方纳米,28,10537680,251847335,280188030,784526.484
2024-07-11,SH603317,天味食品,10.98,6709771,1063826174,1065083794,1169462.005812
2024-07-11,SZ300770,新媒股份,34.21,1284908,231058146,231058146,790449.917466
2024-07-11,SZ300771,智莱科技,9.03,6471471,181199138,240000000,216720
2024-07-11,SZ300773,拉卡拉,12.74,8755900,734335413,800020000,1019225.48
2024-07-11,SZ300772,运达股份,9.41,4908797,694847180,701771155,660366.656855
2024-07-11,SH603967,中创物流,8.95,2457190,346666710,346666710,310266.70545
2024-07-11,SH603697,有友食品,5.79,2885340,427692098,427692098,247633.724742
2024-07-11,SZ002953,日丰股份,7.59,3434687,271637531,456888849,346778.636391
2024-07-11,SZ300778,新城市,9.78,5055173,203622743,204470866,199972.506948
2024-07-11,SH603267,鸿远电子,34.11,5423512,231845600,231845600,790825.3416
2024-07-11,SH600989,宝丰能源,17.84,20666493,7333360000,7333360000,13082714.24
2024-07-11,SZ300777,中简科技,20.98,4810902,423742784,439707537,922506.412626
2024-07-11,SZ300776,帝尔激光,46.13,6833655,167122885,273082516,1259729.646308
2024-07-11,SZ300775,三角防务,28.48,10260753,531725682,550235807,1567071.578336
2024-07-11,SH603982,泉峰汽车,8.15,3398900,261378391,261378391,213023.388665
2024-07-11,SZ300779,惠城环保,44.49,2894430,148379252,194957514,867365.979786
2024-07-11,SH603327,福蓉科技,13.68,26648172,745524730,745524730,1019877.83064
2024-07-11,SZ002955,鸿合科技,22.75,2323630,187719315,236248380,537465.0645
2024-07-11,SZ300780,德恩精工,12.8,4394300,103207174,146670000,187737.6
2024-07-11,SZ300781,因赛集团,53.97,14345096,81102641,109969792,593506.967424
2024-07-11,SH603915,国茂股份,9.89,5056726,656632480,661945620,654664.21818
2024-07-11,SZ300782,卓胜微,75.55,8427464,447570533,534528711,4038364.411605
2024-07-11,SZ002956,西麦食品,12.86,2617991,223224301,223246885,287095.49411
2024-07-11,SH603217,元利科技,14.1,1512000,206912800,208185280,293541.2448
2024-07-11,SH603863,松炀资源,18.39,4432485,204650000,204650000,376351.35
2024-07-11,SZ300594,朗进科技,13.57,2715000,90852251,91877450,124677.69965
2024-07-11,SH600968,海油发展,4.23,28817118,10165104199,10165104199,4299839.076177
2024-07-11,SH603867,新化股份,23.07,1062591,185591474,185591474,428159.530518
2024-07-11,SH601698,中国卫通,14.5,13364257,4224385412,4224385412,6125358.8474
2024-07-11,SZ300788,中信出版,24.8,3784900,190151515,190151515,471575.7572
2024-07-11,SH601236,红塔证券,6.72,51031679,4716787742,4716787742,3169681.362624
2024-07-11,SZ300783,三只松鼠,20.72,5294559,279596000,401000000,830872
2024-07-11,SZ300785,值得买,17.2,4019357,113812976,198855243,342031.01796
2024-07-11,SH603236,移远通信,51,16239698,264574906,264574906,1349332.0206
2024-07-11,SH603256,宏和科技,7.59,34928239,879727500,879727500,667713.1725
2024-07-11,SH688122,西部超导,35.45,4802552,649664497,649664497,2303060.641865
2024-07-11,SH688088,虹软科技,28.08,3941210,401170400,401170400,1126486.4832
2024-07-11,SH688333,铂力特,48.92,1825179,271768196,271768196,1329490.014832
2024-07-11,SH688001,华兴源创,24.04,2691604,441984741,441984741,1062531.317364
2024-07-11,SH688388,嘉元科技,10,9659884,426238066,426238066,426238.066
2024-07-11,SH688012,中微公司,139.66,8498416,621305500,621305500,8677152.613
2024-07-11,SH688019,安集科技,112.78,3152918,128754740,128754740,1452095.95772
2024-07-11,SH688022,瀚川智能,12.83,3685411,175878324,175878324,225651.889692
2024-07-11,SH688003,天准科技,34.54,3820500,193207000,193207000,667336.978
2024-07-11,SH688005,容百科技,23.48,17535541,315452832,483029659,1134153.639332
2024-07-11,SH688006,杭可科技,17.28,2555798,603672152,603672152,1043145.478656
2024-07-11,SH688007,光峰科技,15.86,4507737,465133628,465133628,737701.934008
2024-07-11,SH688008,澜起科技,62.22,23079281,1141461126,1141461126,7102171.125972
2024-07-11,SH688009,中国通号,6.45,44493415,8621018000,10589819000,6830433.255
2024-07-11,SH688018,乐鑫科技,103.56,3475161,112188505,112188505,1161824.15778
2024-07-11,SH688033,天宜新材,5.63,11928895,562198596,562198596,316517.809548
2024-07-11,SH688016,心脉医疗,95.68,3112331,123262117,123262117,1179371.935456
2024-07-11,SH688002,睿创微纳,27.53,6659063,448438515,448438515,1234551.231795
2024-07-11,SH688029,南微医学,62.83,1701999,187847422,187847422,1180245.352426
2024-07-11,SH688010,福光股份,15.06,502386,160561578,160561578,241805.736468
2024-07-11,SH688015,交控科技,17.28,1719723,188680742,188680742,326040.322176
2024-07-11,SH688020,方邦股份,32.37,1274527,80669486,80669486,261127.126182
2024-07-11,SH688011,新光光电,13.5,779986,100000000,100000000,135000
2024-07-11,SH688028,沃尔德,15.92,1448369,144608220,153413344,244234.043648
2024-07-11,SH688066,航天宏图,14.55,8449855,261277043,261277043,380158.097565
2024-07-11,SZ300786,国林科技,10.81,4274560,136852244,184015879,198921.165199
2024-07-11,SH603983,丸美生物,25.74,2052700,401000000,401000000,1032174
2024-07-11,SH603687,大胜达,7.02,6549999,546502453,550031864,386122.368528
2024-07-11,SZ002957,科瑞技术,13.31,4843400,410025366,411664370,547925.27647
2024-07-11,SH603279,景津装备,19.7,5645235,572047374,576535400,1135774.738
2024-07-11,SH603613,国联股份,18.79,10508316,722333313,722333313,1357264.295127
2024-07-11,SZ002966,苏州银行,7.24,40941924,3563761352,3666744572,2654723.070128
2024-07-11,SH603530,神马电力,24.89,6096645,428684049,432263327,1075903.420903
2024-07-11,SH603662,柯力传感,22.99,6002218,280829868,282504992,649478.976608
2024-07-11,SH688099,晶晨股份,66.77,9964016,418326368,418326368,2793165.159136
2024-07-11,SH688188,柏楚电子,168.11,1296572,205452708,205452708,3453865.474188
2024-07-11,SZ002960,青鸟消防,11.49,7031866,619970621,744335652,855241.664148
2024-07-11,SH603115,海星股份,10.47,860800,239200000,239200000,250442.4
2024-07-11,SH688321,微芯生物,17.26,3159239,407795845,407795845,703855.62847
2024-07-11,SZ300787,海能实业,12.05,5221671,161503587,263563587,317594.122335
2024-07-11,SZ002959,小熊电器,47.28,1790291,154160224,156855099,741610.908072
2024-07-11,SH603992,松霖科技,19.25,2301600,401013485,407988485,785377.833625
2024-07-11,SZ003816,中国广核,4.89,138562770,39334986100,50498611100,24693820.8279
2024-07-11,SZ300789,唐源电气,12.59,1405564,98821729,143720076,180943.575684
2024-07-11,SH603755,日辰股份,23.23,383000,98613681,98613681,229079.580963
2024-07-11,SH603093,南华期货,8.83,4859500,610065893,610065893,538688.183519
2024-07-11,SZ002961,瑞达期货,10.8,2192396,445029826,445029826,480632.21208
2024-07-11,SH688168,安博通,24.28,535562,76513908,76513908,185775.768624
2024-07-11,SH603927,中科软,17.11,7752871,831040000,831040000,1421909.44
2024-07-11,SZ002962,五方光电,15.6,26154002,209251104,291665352,454997.94912
2024-07-11,SZ300790,宇瞳光学,14.66,15893570,247961112,335548079,491913.483814
2024-07-11,SH688116,天奈科技,23.74,10641922,344562666,344562666,817991.769084
2024-07-11,SZ300791,仙乐健康,23.82,1136335,194487773,235962580,562062.86556
2024-07-11,SZ300792,壹网壹创,15.43,4112530,208736052,238498772,368003.605196
2024-07-11,SH688036,传音控股,82.34,11935813,1129191280,1129191280,9297760.99952
2024-07-11,SH688068,热景生物,26.01,664589,92474692,92474692,240526.673892
2024-07-11,SH688030,山石网科,10.27,1153864,180230255,180230255,185096.471885
2024-07-11,SH688368,晶丰明源,56.58,631970,87826470,87826470,496922.16726
2024-07-11,SH603786,科博达,62.94,2441945,402388100,403900100,2542147.2294
2024-07-11,SZ300793,佳禾智能,12.81,11633096,329910800,338388800,433476.0528
2024-07-11,SH603815,交建股份,5.67,4458453,618924235,618924235,350930.041245
2024-07-11,SZ300795,米奥会展,16.43,1434250,133057625,229441935,376973.099205
2024-07-11,SH688139,海尔生物,35.39,2160313,317952508,317952508,1125233.925812
2024-07-11,SZ002965,祥鑫科技,31.09,3769226,126583138,204241638,634987.252542
2024-07-11,SH688098,申联生物,4.15,1641615,410644000,410644000,170417.26
2024-07-11,SZ002963,豪尔赛,9.76,2007500,122994048,150359930,146751.29168
2024-07-11,SH603610,麒盛科技,9.91,2931529,358489251,358489251,355262.847741
2024-07-11,SZ300799,左江退,1.95,7979392,67575000,102030000,19895.85
2024-07-11,SH601077,渝农商行,5.1,42886033,8836073789,11357000000,5792070
2024-07-11,SH688108,赛诺医疗,8.94,4104899,413456000,413456000,369629.664
2024-07-11,SH688366,昊海生科,59.89,661724,194051855,235489895,1410348.981155
2024-07-11,SH688369,致远互联,15.61,1960930,115158439,115158439,179762.323279
2024-07-11,SH688025,杰普特,37.85,1784999,95049423,95049423,359762.066055
2024-07-11,SH688058,宝兰德,20.41,462524,77682874,77682874,158550.745834
2024-07-11,SZ300797,钢研纳克,9.15,4347750,372300000,383175000,350605.125
2024-07-11,SH688389,普门科技,16.39,2711662,428429162,428429162,702195.396518
2024-07-11,SH688199,久日新材,12.74,1846760,161227251,161227251,205403.517774
2024-07-11,SH688128,中国电研,17.07,1846105,404500000,404500000,690481.5
2024-07-11,SH688023,安恒信息,28.89,2383193,102065545,102498747,296118.880083
2024-07-11,SH688202,美迪西,29.1,6124938,122633634,134673082,391898.66862
2024-07-11,SH688021,奥福科技,8.88,829921,76413717,76413717,67855.380696
2024-07-11,SH688363,华熙生物,60.89,1752019,198178242,481678242,2932938.815538
2024-07-11,SH688299,长阳科技,12.14,3536943,286833913,290496916,352663.256024
2024-07-11,SZ300800,力合科技,10.11,1582250,234381500,236759000,239363.349
2024-07-11,SH688288,鸿泉技术,15.29,5065828,100643920,100643920,153884.55368
2024-07-11,SZ300564,筑博设计,8.36,1249278,113195350,162883200,136170.3552
2024-07-11,SZ002967,广电计量,12.88,9272223,506465841,575225846,740890.889648
2024-07-11,SH688166,博瑞医药,30.35,18284221,422466561,422466561,1282186.012635
2024-07-11,SH603489,八方股份,18.78,2682298,235013003,235013003,441354.419634
2024-07-11,SZ300802,矩子科技,15.28,1404816,192758485,289295555,442043.60804
2024-07-11,SZ300796,贝斯美,13.35,7753484,361142872,361142872,482125.73412
2024-07-11,SH688300,联瑞新材,52.25,3150046,185745531,185745531,970520.399475
2024-07-11,SH688101,三达膜,11.62,1456803,333880000,333880000,387968.56
2024-07-11,SZ300803,指南针,35.18,6082921,404196660,408973399,1438768.417682
2024-07-11,SH688111,金山办公,191.38,4632902,462057980,462057980,8842865.62124
2024-07-11,SH688138,清溢光电,21.57,2920108,266800000,266800000,575487.6
2024-07-11,SZ300805,电声股份,7.25,34125572,287139200,423230000,306841.75
2024-07-11,SH688196,卓越新能,23.08,451114,120000000,120000000,276960
2024-07-11,SZ300798,锦鸡股份,6.13,8740294,372360650,468803089,287376.293557
2024-07-11,SZ300806,斯迪克,11.44,34524256,275630954,453300503,518575.775432
2024-07-11,SH603390,通达电气,7.64,16380245,349755265,351686984,268688.855776
2024-07-11,SH601916,浙商银行,2.8,68428239,21544435963,27464635963,7690098.06964
2024-07-11,SZ300801,泰和科技,15.22,2135300,135731535,218430000,332450.46
2024-07-11,SZ300808,久量股份,17.38,1660600,89179418,160000000,278080
2024-07-11,SZ002969,嘉美包装,2.88,10910300,576969530,959039764,276203.452032
2024-07-11,SH688358,祥生医疗,25.11,723572,112124537,112124537,281544.712407
2024-07-11,SZ002968,新大正,8.56,2685900,213384008,226277783,193693.782248
2024-07-11,SH688310,迈得医疗,11.67,4141902,165269766,165269766,192869.816922
2024-07-11,SH688118,普元信息,13.3,2194609,93970039,93970039,124980.15187
2024-07-11,SZ300809,华辰装备,19.37,3220580,118265450,252176000,488464.912
2024-07-11,SH688357,建龙微纳,22.23,615258,100058386,100058386,222429.792078
2024-07-11,SH688399,硕世生物,68.4,760623,58620000,58620000,400960.8
2024-07-11,SZ300810,中科海讯,14.35,1579750,113988125,118050000,169401.75
2024-07-11,SH688258,卓易信息,22.12,2177229,121142237,121142237,267966.628244
2024-07-11,SH688198,佰仁医疗,101.5,170892,136579240,136579240,1386279.286
2024-07-11,SH601658,邮储银行,4.83,206234331,67122395200,99161076038,47894799.726354
2024-07-11,SH688218,江苏北人,16.1,2298183,118517405,118517405,190813.02205
2024-07-11,SH688039,当虹科技,23,2144913,111916907,111916907,257408.8861
2024-07-11,SZ001914,招商积余,9.65,10475600,1060342760,1060346060,1023233.9479
2024-07-11,SH688037,芯源微,86.41,3021904,138186711,138186711,1194071.369751
2024-07-11,SZ002970,锐明技术,39.41,9609965,111839174,173039000,681946.699
2024-07-11,SH603053,成都燃气,9.56,1810772,888890000,888890000,849778.84
2024-07-11,SZ300807,天迈科技,36.48,21936629,48800800,68039587,248208.413376
2024-07-11,SH688089,嘉必优,13.34,2388618,168309120,168309120,224524.36608
2024-07-11,SH601512,中新集团,7.39,2621700,1498890000,1498890000,1107679.71
2024-07-11,SH688123,聚辰股份,65.56,3119972,158699212,158699212,1040432.033872
2024-07-11,SH603995,甬金股份,19.74,16651913,365617124,365617124,721728.202776
2024-07-11,SH688268,华特气体,48.6,1395542,120223021,120385021,585071.20206
2024-07-11,SZ002972,科安达,9.12,2192280,123743060,246008800,224360.0256
2024-07-11,SZ300811,铂科新材,44.12,15695726,228095128,280243115,1236432.62338
2024-07-11,SH688078,龙软科技,22.4,694625,72893000,72893000,163280.32
2024-07-11,SH603109,神驰机电,12.73,1199452,207929148,208858440,265876.79412
2024-07-11,SH688181,八亿时空,18.05,1565611,134481546,134481546,242739.19053
2024-07-11,SH688081,兴图新科,8.96,792311,103040000,103040000,92323.84
2024-07-11,SZ002973,侨银股份,8.95,1851802,172606176,408664953,365755.132935
2024-07-11,SZ300812,易天股份,21.36,8508806,89867687,140167029,299396.773944
2024-07-11,SZ002971,和远气体,17.78,1495200,162220740,208000000,369824
2024-07-11,SZ300813,泰林生物,18.44,5995258,57683743,109138939,201252.203516
2024-07-11,SH688178,万德斯,9.9,758879,84997844,85283597,84430.76103
2024-07-11,SH603551,奥普科技,9.81,1024500,399585625,401337000,393711.597
2024-07-11,SH601816,京沪高铁,5.41,149881986,49106484611,49106484611,26566608.174551
2024-07-11,SH688278,特宝生物,55.09,2369805,406800000,406800000,2241061.2
2024-07-11,SH688158,优刻得,10.22,5525655,384692506,453095081,463063.172782
2024-07-11,SH688100,威胜信息,35.67,1181415,500000000,500000000,1783500
2024-07-11,SH688026,洁特生物,10.03,1802375,140200718,140363220,140784.30966
2024-07-11,SZ300815,玉禾田,11.47,2158852,387792000,398592000,457185.024
2024-07-11,SH688159,有方科技,36.72,2138392,91679495,91994495,337803.78564
2024-07-11,SH688266,泽璟制药,54.24,1538240,208842486,264708186,1435777.200864
2024-07-11,SH603290,斯达半导,80.32,4034372,239373496,239373496,1922647.919872
2024-07-11,SH688298,东方生物,25.71,1198236,201600000,201600000,518313.6
2024-07-11,SZ002975,博杰股份,28.95,1470800,71321041,138939916,402231.05682
2024-07-11,SH603195,公牛集团,76.05,2138134,1289533802,1292478202,9829296.72621
2024-07-11,SH603893,瑞芯微,66.53,10829183,417968100,418175600,2782122.2668
2024-07-11,SZ300816,艾可蓝,23.58,606800,47486203,80000000,188640
2024-07-11,SH688398,赛特新材,16.5,1252662,167813735,167813735,276892.66275
2024-07-11,SH688186,广大特材,9.73,2974951,214240571,214240571,208456.075583
2024-07-11,SZ300818,耐普矿机,24.68,1362913,93864821,153155013,377986.572084
2024-07-11,SH688080,映翰通,29.48,887298,73601522,73601522,216977.286856
2024-07-11,SH688208,道通科技,26.66,7453088,451877086,451877086,1204704.311276
2024-07-11,SZ300820,英杰电气,36.37,2828261,110120891,220730133,802795.493721
2024-07-11,SH688090,瑞松科技,35.79,5276096,94194479,94194479,337122.040341
2024-07-11,SH688200,华峰测控,92.93,1386230,135439427,135439427,1258638.595111
2024-07-11,SZ300817,双飞集团,9.95,5238896,124208640,218298240,217206.7488
2024-07-11,SH688177,百奥泰,21.04,2268442,414080000,414080000,871224.32
2024-07-11,SH688169,石头科技,365.64,1281259,131579270,131579270,4811064.42828
2024-07-11,SH688233,神工股份,19.04,3780781,170305736,170305736,324262.121344
2024-07-11,SH603719,良品铺子,11.46,5155920,401000000,401000000,459546
2024-07-11,SH601696,中银证券,8.79,13891330,2778000000,2778000000,2441862
2024-07-11,SH688396,华润微,38.63,4022106,1323517004,1323517004,5112746.186452
2024-07-11,SH603948,建业股份,15.79,956354,162489167,162489167,256570.394693
2024-07-11,SZ002976,瑞玛精密,23.38,3968605,64734075,120652200,282084.8436
2024-07-11,SH603949,雪龙集团,11.36,1364500,210173240,211136680,239851.26848
2024-07-11,SZ300821,东岳硅材,7.02,14774526,1200000000,1200000000,842400
2024-07-11,SZ300819,聚杰微纤,11.37,1430350,134762250,149205000,169646.085
2024-07-11,SZ300822,贝仕达克,11.17,12492749,288982037,311536200,347985.9354
2024-07-11,SZ002977,天箭科技,26.67,1919300,64910980,120120000,320360.04
2024-07-11,SZ300823,建科智能,11.8,4085020,76081722,130982727,154559.61786
2024-07-11,SH688051,佳华科技,16.63,671380,77334000,77334000,128606.442
2024-07-11,SH603221,爱丽家居,9.82,18007725,240000000,244580000,240177.56
2024-07-11,SH688189,南新制药,5.66,4099759,274400000,274400000,155310.4
2024-07-11,SZ300825,阿尔特,11.41,44019074,475831878,498040481,568264.188821
2024-07-11,SH688228,开普云,37.11,1003999,67518240,67518240,250560.18864
2024-07-11,SZ300826,测绘股份,11.96,5903388,152168565,157880200,188824.7192
2024-07-11,SH603353,和顺石油,12.34,2805060,173394000,173394000,213968.196
2024-07-11,SZ002979,雷赛智能,19.92,16658338,216710141,306665583,610877.841336
2024-07-11,SH688096,京源环保,4.93,1567977,152364400,152364400,75115.6492
2024-07-11,SH688085,三友医疗,16.68,554968,248453535,248453535,414420.49638
2024-07-11,SZ300827,上能电气,24.5,13229093,260602631,358038965,877195.46425
2024-07-11,SZ002980,华盛昌,22.26,4131775,71833400,133333400,296800.1484
2024-07-11,SH603095,越剑智能,13.57,2052940,184800000,184800000,250773.6
2024-07-11,SH688222,成都先导,10.84,3838453,400680000,400680000,434337.12
2024-07-11,SZ002981,朝阳科技,24.15,7478638,115325000,134400000,324576
2024-07-11,SZ002978,安宁股份,28.08,1434205,298999900,401000000,1126008
2024-07-11,SH688126,沪硅产业,14.9,13089147,2720298399,2747177186,4093294.00714
2024-07-11,SZ300828,锐新科技,11.2,4499950,122826440,166594800,186586.176
2024-07-11,SH603682,锦和商管,3.9,5016200,472500000,472500000,184275
2024-07-11,SZ300829,金丹科技,14.55,1783807,125917410,186185686,270900.17313
2024-07-11,SH601609,金田股份,5.87,7394799,1478475276,1478892786,868110.065382
2024-07-11,SZ002982,湘佳股份,14.66,1625301,92297224,142634853,209102.694498
2024-07-11,SH688318,财富趋势,77.63,2817462,182942480,182942480,1420182.47224
2024-07-11,SZ002983,芯瑞达,16.5,2230826,127935328,223318591,368475.67515
2024-07-11,SH603439,三力制药,12.75,3930509,409070216,409802216,522497.8254
2024-07-11,SZ002985,北摩高科,19.68,3414451,207284396,331853600,653087.8848
2024-07-11,SH603392,万泰生物,65.95,2812611,1268206999,1268206999,8363825.158405
2024-07-11,SH688365,光云科技,5.87,5466194,425824684,425824684,249959.089508
2024-07-11,SH603212,赛伍技术,10.37,11679546,437490636,437490636,453677.789532
2024-07-11,SZ300830,金现代,5.7,7134800,314963770,430125370,245171.4609
2024-07-11,SZ300831,派瑞股份,11.12,4573000,184484240,320000000,355840
2024-07-11,SZ002987,京北方,10.1,5947158,600472168,617907602,624086.67802
2024-07-11,SH688466,金科环境,11.35,450054,123119025,123119025,139740.093375
2024-07-11,SH688588,凌志软件,6.6,3931339,400010003,400010003,264006.60198
2024-07-11,SZ300832,新产业,61.6,2658122,698373139,785718785,4840027.7156
2024-07-11,SH688598,金博股份,17.22,7273593,204783702,204783702,352637.534844
2024-07-11,SZ002988,豪美新材,15.99,4633700,247857447,247960384,396488.654016
2024-07-11,SH688566,吉贝尔,22.4,962271,189083976,196530865,440229.1376
2024-07-11,SH601778,晶科科技,2.24,35898558,3570956525,3570956525,799894.2616
2024-07-11,SZ300833,浩洋股份,41.84,804286,81268595,126490500,529236.252
2024-07-11,SH688516,奥特维,39.61,7734632,290240775,314433090,1245469.46949
2024-07-11,SH605001,威奥股份,4.85,9637520,392886000,392886000,190549.71
2024-07-11,SZ002990,盛视科技,19.58,2775500,132470425,256067038,501379.260404
2024-07-11,SZ300835,龙磁科技,25.61,6052620,81957815,119371904,305711.446144
2024-07-11,SH603950,长源东谷,12.57,5904360,324130800,324130800,407432.4156
2024-07-11,SZ300836,佰奥智能,37.4,1956250,42780429,64032436,239481.31064
2024-07-11,SH605168,三人行,24.44,2747644,212524935,214287251,523718.041444
2024-07-11,SH605288,凯迪股份,30.91,317860,70198912,70198912,216984.836992
2024-07-11,SH688360,德马科技,11.56,926423,167926135,188389762,217778.564872
2024-07-11,SZ002986,宇新股份,10.9,2218390,299783022,384210652,418789.61068
2024-07-11,SH600918,中泰证券,5.51,16455238,3972809819,6968625756,3839712.791556
2024-07-11,SH601827,三峰环境,8.87,6037400,1678268000,1678268000,1488623.716
2024-07-11,SZ300837,浙矿股份,20.36,938500,70582410,100001160,203602.36176
2024-07-11,SH601399,国机重装,2.61,27433329,7213555890,7213555890,1882738.08729
2024-07-11,SZ300838,浙江力诺,10.08,871590,101329625,137169500,138266.856
2024-07-11,SH688312,燕麦科技,23.25,4109517,144848536,144848536,336772.8462
2024-07-11,SH688157,松井股份,37.3,1610255,111736486,111736486,416777.09278
2024-07-11,SH688599,天合光能,16.58,23168453,2179365056,2179365056,3613387.262848
2024-07-11,SZ002989,中天精装,16.7,2543710,165784112,181699112,303437.51704
2024-07-11,SH688004,博汇科技,10.51,1058201,80088000,80088000,84172.488
2024-07-11,SZ300841,康华生物,52.2,1628775,118376323,134650449,702875.34378
2024-07-11,SH688106,金宏气体,17.8,3157343,487569513,487569513,867873.73314
2024-07-11,SH605166,聚合顺,11.03,3729727,315565537,315565537,348068.787311
2024-07-11,SZ300842,帝科股份,40.07,4614649,125102624,140700000,563784.9
2024-07-11,SH688505,复旦张江,6.4,1957519,710572100,1036572100,663406.144
2024-07-11,SZ300824,北鼎股份,7.36,3152100,316060307,326341682,240187.477952
2024-07-11,SH688520,神州细胞,41.45,2064033,445335714,445335714,1845916.53453
2024-07-11,SH688518,联赢激光,16.71,16909551,308178644,339041895,566539.006545
2024-07-11,SH603087,甘李药业,46.16,7813109,532264095,601201750,2775147.278
2024-07-11,SH600956,新天绿能,8.01,4455582,2165403424,4205693073,3368760.151473
2024-07-11,SH688558,国盛智科,17.35,749629,132000000,132000000,229020
2024-07-11,SZ300839,博汇股份,5.63,5641273,240206252,245480770,138205.67351
2024-07-11,SH688528,秦川物联,7.47,667454,168000000,168000000,125496
2024-07-11,SZ300846,首都在线,9.54,6374600,356425522,500462150,477440.8911
2024-07-11,SZ300843,胜蓝股份,31.65,19950215,142997149,152212924,481753.90446
2024-07-11,SZ300845,捷安高科,10.45,5836196,102421355,145619620,152172.5029
2024-07-11,SH688600,皖仪科技,11.92,910924,134708490,134708490,160572.52008
2024-07-11,SH688277,天智航,7.45,2498489,392643939,449391939,334796.994555
2024-07-11,SH688568,中科星图,30.78,2694531,543325930,543325930,1672357.21254
2024-07-11,SH688377,迪威尔,12.35,1479354,175845236,194667000,240413.745
2024-07-11,SZ300840,酷特智能,8.94,7773900,177085135,240000000,214560
2024-07-11,SZ300847,中船汉光,14.09,3288550,296010000,296010000,417078.09
2024-07-11,SH688027,国盾量子,148.89,1335089,79978070,80374370,1196693.99493
2024-07-11,SZ300849,锦盛新材,13.3,2578650,121468023,150000000,199500
2024-07-11,SH605199,ST葫芦娃,10.16,3450223,400108752,400108752,406510.492032
2024-07-11,SH688060,云涌科技,30.08,482460,60190728,60190728,181053.709824
2024-07-11,SZ300850,新强联,14.82,9314134,245442739,358741880,531655.46616
2024-07-11,SZ300852,四会富仕,28.53,6822603,136882746,142447601,406403.005653
2024-07-11,SH688309,恒誉环保,11.73,204128,80010733,80010733,93852.589809
2024-07-11,SH688180,君实生物,31.2,7125296,670416105,985689871,3075352.39752
2024-07-11,SH688165,埃夫特,7.53,2771540,521780000,521780000,392900.34
2024-07-11,SH688500,慧辰股份,30.92,904956,74274510,74274510,229656.78492
2024-07-11,SH605108,同庆楼,20,2149100,260000000,260000000,520000
2024-07-11,SH688981,中芯国际,48.27,29990758,1973609172,7956329832,38405204.099064
2024-07-11,SH688579,地纬智能,7.61,4235072,400010000,400010000,304407.61
2024-07-11,SH688567,孚能科技,9.68,7005659,1222103885,1222103885,1182996.56068
2024-07-11,SZ300851,交大思诺,22.15,417300,46152878,86933400,192557.481
2024-07-11,SZ300848,美瑞新材,15.28,1705513,239423688,414188803,632880.490984
2024-07-11,SH688488,艾迪药业,10.08,3761927,420782808,420782808,424149.070464
2024-07-11,SH688256,寒武纪,201.65,8169273,326971134,416594451,8400627.104415
2024-07-11,SH688580,伟思医疗,25.62,434211,95771288,95771288,245366.039856
2024-07-11,SH688336,三生国健,19.33,1453729,92741491,616785793,1192246.937869
2024-07-11,SH688561,奇安信,22.8,3466776,510058715,685172377,1562193.01956
2024-07-11,SZ300856,科思股份,32.97,4114700,325180690,338680690,1116630.23493
2024-07-11,SH688077,大地熊,15.7,1609718,113860600,113860600,178761.142
2024-07-11,SH688589,力合微,25.4,2893187,120657438,120657438,306469.89252
2024-07-11,SH688069,德林海,13.41,485241,113000000,113000000,151533
2024-07-11,SH688418,震有科技,16.31,5463944,193610000,193610000,315777.91
2024-07-11,SH688508,芯朋微,39.32,4417381,131310346,131310346,516312.280472
2024-07-11,SZ300855,图南股份,25.27,2218781,283956889,395307250,998941.42075
2024-07-11,SZ300853,申昊科技,13.38,1932895,110254079,146941769,196608.086922
2024-07-11,BJ920370,新安洁,1.93,3753206,267337382,306280000,59112.04
2024-07-11,BJ920184,国源科技,5.02,439528,86860514,133790000,67162.58
2024-07-11,BJ920021,流金科技,3.15,5250890,234085464,308999983,97334.994645
2024-07-11,BJ920368,连城数控,24.5,865650,127461936,233499640,572074.118
2024-07-11,BJ920946,森萱医药,6.08,864979,426712090,426918340,259566.35072
2024-07-11,BJ920415,恒拓开源,5.08,4285307,137886914,140511487,71379.835396
2024-07-11,BJ920433,大唐药业,3.88,3029042,169132685,255919681,99296.836228
2024-07-11,BJ920729,永顺生物,5.08,111723,80244567,273350000,138861.8
2024-07-11,BJ920185,贝特瑞,17.45,1494148,1099338670,1116675337,1948598.463065
2024-07-11,BJ920167,同享科技,14.85,2804970,65274437,109706125,162913.595625
2024-07-11,BJ920198,微创光电,5.69,5544333,70244378,161363872,91816.043168
2024-07-11,BJ920475,三友科技,6.8,603277,45520998,102930000,69992.4
2024-07-11,BJ920489,佳先股份,6.2,1939632,85693749,136459200,84604.704
2024-07-11,BJ920445,龙竹科技,4.1,311557,92456474,149017825,61097.30825
2024-07-11,SZ300857,协创数据,72.53,12429169,245255146,245255146,1778835.573938
2024-07-11,BJ920418,苏轴股份,12.63,759307,71599524,135408000,171020.304
2024-07-11,BJ920508,殷图网联,13.12,889464,26037500,50000000,65600
2024-07-11,BJ920799,艾融软件,9.33,1642320,120930071,210369300,196274.5569
2024-07-11,SZ300858,科拓生物,14.8,985935,178985147,263495118,389972.77464
2024-07-11,BJ920640,富士达,12.4,244966,176905561,187728000,232782.72
2024-07-11,BJ920682,球冠电缆,4.69,863926,103913030,270400000,126817.6
2024-07-11,BJ920964,润农节水,2.76,1639975,179395411,261208000,72093.408
2024-07-11,BJ920819,颖泰生物,2.91,1288885,1208070750,1225800000,356707.8
2024-07-11,BJ920278,鹿得医疗,4.72,499393,75548000,176000000,83072
2024-07-11,BJ920163,方大新材,14.97,244570,61377435,129008000,193124.976
2024-07-11,BJ920263,中航泰达,3.93,298631,102273013,139960000,55004.28
2024-07-11,BJ920242,建邦科技,13.18,496868,35047475,64519250,85036.3715
2024-07-11,BJ920961,创远信科,8.8,1014576,105438808,142840508,125699.64704
2024-07-11,BJ920010,凯添燃气,3.62,777040,161168103,234500000,84889
2024-07-11,BJ920149,旭杰科技,5.12,1573039,47874941,73758000,37764.096
2024-07-11,BJ920266,生物谷,7.93,281060,77640137,124000007,98332.005551
2024-07-11,SH605188,国光连锁,8.05,13646006,495580000,495580000,398941.9
2024-07-11,SH688050,爱博医疗,68.66,1874536,189544528,189544528,1301412.729248
2024-07-11,SH603408,建霖家居,12.81,2808652,447573000,447573000,573341.013
2024-07-11,SH605118,力鼎光电,14.82,1935300,406670250,407116000,603345.912
2024-07-11,SH605222,起帆电缆,15.4,1607638,412900565,418137065,643931.0801
2024-07-11,SZ002991,甘源食品,57.18,1199878,49685531,93215831,533008.121658
2024-07-11,SH601456,国联民生,9.71,29920458,2389133168,2831773168,2749651.746128
2024-07-11,SH688586,江航装备,9.09,3353933,791339156,791339156,719327.292804
2024-07-11,SH688311,盟升电子,17.93,3671425,160261336,160388596,287576.752628
2024-07-11,SH605318,法狮龙,14.05,749300,129171152,129171152,181485.46856
2024-07-11,SZ002992,宝明科技,59.48,3993425,157203910,184266065,1096014.55462
2024-07-11,SH605399,晨光新材,11.91,7682056,311877670,313417780,373280.57598
2024-07-11,SZ002995,天地在线,14.05,9346867,112417208,177454480,249323.5444
2024-07-11,SH605158,华达新材,6.34,6593740,511420000,511420000,324240.28
2024-07-11,SZ300859,西域旅游,29.88,5513300,155000000,155000000,463140
2024-07-11,SH688338,赛科希德,22.03,965726,106142400,106142400,233831.7072
2024-07-11,SH605066,天正电气,5.15,8705213,501250000,507973750,261606.48125
2024-07-11,SH688556,高测股份,11.27,10805404,517603649,546743918,616180.395586
2024-07-11,SH688339,亿华通,28.62,1028515,113849659,165465772,473563.039464
2024-07-11,SH688286,敏芯股份,43.05,1393604,55968902,55968902,240946.12311
2024-07-11,SH688155,先惠技术,38.54,834787,107346590,125050244,481943.640376
2024-07-11,SH605100,华丰股份,11.52,1245900,169932000,169932000,195761.664
2024-07-11,SH688313,仕佳光子,9.52,6539193,458802328,458802328,436779.816256
2024-07-11,SH605366,宏柏新材,5.66,10528703,606211824,608896979,344635.690114
2024-07-11,SH688065,凯赛生物,43.33,1358575,583378039,583378039,2527777.042987
2024-07-11,SH688185,康希诺,41.1,1639922,88830199,247449899,1017019.08489
2024-07-11,SZ002993,奥海科技,37.43,4005964,237889750,276040000,1033217.72
2024-07-11,SH605088,冠盛股份,20.05,2115037,173355376,178622576,358138.26488
2024-07-11,SH600610,中毅达,3.98,24161831,448726705,1071274605,426367.29279
2024-07-11,SH688055,龙腾光电,3.13,6893213,3333333400,3333333400,1043333.3542
2024-07-11,SH688335,复洁科技,8.11,401754,148034592,148034592,120056.054112
2024-07-11,SH688229,博睿数据,27.04,413782,44400000,44400000,120057.6
2024-07-11,SH688521,芯原股份,35.76,15623737,492357001,499911232,1787682.565632
2024-07-11,SH605388,均瑶健康,5.35,4835320,600484000,600484000,321258.94
2024-07-11,SH605333,沪光股份,28.8,4900399,436776081,436776081,1257915.11328
2024-07-11,SH688519,南亚新材,26.78,3693536,234751600,240941600,645241.6048
2024-07-11,SH603931,格林达,20.23,2055960,199558380,199558380,403706.60274
2024-07-11,SH688379,华光新材,13.32,633328,89442120,89442120,119136.90384
2024-07-11,SH688596,正帆科技,32.04,4833406,286998654,286998654,919543.687416
2024-07-11,SH688393,安必平,15.05,620241,78704949,93567699,140819.386995
2024-07-11,SH605178,时空科技,12.34,8441260,99251600,99251600,122476.4744
2024-07-11,SH605008,长鸿高科,12.48,714340,642380414,645962414,806161.092672
2024-07-11,SZ300873,海晨股份,14.21,1478757,169239685,230601779,327685.127959
2024-07-11,SZ300872,天阳科技,13.25,7882660,338352478,404431868,535872.2251
2024-07-11,SZ300871,回盛生物,9.39,3337850,165764170,165764170,155652.55563
2024-07-11,SZ300875,捷强装备,18.6,2707100,65939267,99834751,185692.63686
2024-07-11,SZ300877,金春股份,10.53,1181500,119998950,120000000,126360
2024-07-11,SZ300864,南大环境,21.06,815440,155040000,155040000,326514.24
2024-07-11,SZ300862,蓝盾光电,21,3976840,151471008,184617902,387697.5942
2024-07-11,SZ300878,维康药业,15.18,3059563,77668603,144790322,219791.708796
2024-07-11,SZ300865,大宏立,17.29,1799500,67321430,95680000,165430.72
2024-07-11,SZ300866,安克创新,63.74,2431635,294051840,528482791,3368549.309834
2024-07-11,SZ300870,欧陆通,42.13,1951617,101200000,101200000,426355.6
2024-07-11,SZ300869,康泰医学,13.09,2775497,251569032,401802765,525959.819385
2024-07-11,SZ300860,锋尚文化,21.4,2389544,111897529,191081619,408914.66466
2024-07-11,SZ300868,杰美特,19.8,10961044,75742917,128000000,253440
2024-07-11,SZ300876,蒙泰高新,16.68,650200,68387240,96002240,160131.73632
2024-07-11,SZ300867,圣元环保,10.84,2412700,191627822,271741053,294567.301452
2024-07-11,SZ300863,卡倍亿,35.7,1590860,46853922,124432908,444225.48156
2024-07-11,SZ300861,美畅股份,18.38,3815844,279427856,480012000,882262.056
2024-07-11,SH605255,天普股份,11.87,1196000,134080000,134080000,159152.96
2024-07-11,SH605123,派克新材,49.41,955722,121170892,121170892,598705.377372
2024-07-11,SH688356,键凯科技,60.37,363060,60614700,60614700,365930.9439
2024-07-11,SH688408,中信博,59.84,3593360,202384670,202462150,1211533.5056
2024-07-11,SZ002996,顺博合金,6.16,4903400,328481756,669436061,412372.613576
2024-07-11,SH688017,绿的谐波,75.81,2779016,168672168,168672168,1278703.705608
2024-07-11,SH688289,圣湘生物,17.67,2831488,583388006,583388006,1030846.606602
2024-07-11,SH688215,瑞晟智能,17.14,389486,52052000,52052000,89217.128
2024-07-11,SH688569,铁科轨道,19.57,791015,210666700,210666700,412274.7319
2024-07-11,SZ300881,盛德鑫泰,27.26,3042005,57406250,110000000,299860
2024-07-11,SZ300880,迦南智能,18.42,4600484,194160720,194187720,357693.78024
2024-07-11,SZ300879,大叶股份,15.82,20167014,165129314,166399964,263244.743048
2024-07-11,SH603155,新亚强,13.37,23157850,315786800,315786800,422206.9516
2024-07-11,SH688550,瑞联新材,23.52,2190149,174731320,174731320,410968.06464
2024-07-11,SH688513,苑东生物,31.71,691267,176532256,176532256,559783.783776
2024-07-11,SH688056,莱伯泰科,22.39,379437,67236400,67236400,150542.2996
2024-07-11,SH605006,山东玻纤,4.32,2456900,600006595,610956795,263933.33544
2024-07-11,SZ002999,天禾股份,5.41,3877640,341477150,347592000,188047.272
2024-07-11,SZ002997,瑞鹄模具,34.73,9132437,209321325,209321325,726972.961725
2024-07-11,SH688378,奥来德,22.03,2427437,201215983,208148221,458550.530863
2024-07-11,SH688390,固德威,54.61,4058923,242000978,242000978,1321567.340858
2024-07-11,SH601702,华峰铝业,18.57,4747400,998530600,998530600,1854271.3242
2024-07-11,SH605003,众望布艺,16.12,511800,110000000,110000000,177320
2024-07-11,SH688095,福昕软件,42.4,1111342,91489524,91489524,387915.58176
2024-07-11,SH688559,海目星,32.01,4389093,203962000,203962000,652882.362
2024-07-11,SH688551,科威尔,30.11,589732,66976253,83804207,252334.467277
2024-07-11,SZ300882,万胜智能,16.2,5804740,266327029,286201188,463645.92456
2024-07-11,SZ300885,海昌新材,8.6,8104419,169917000,250800000,215688
2024-07-11,SZ300883,龙利得,4.24,7761400,328443325,346000000,146704
2024-07-11,SZ002984,森麒麟,24.65,15252834,697903909,1028050344,2534144.09796
2024-07-11,SH605358,立昂微,23.53,13148114,671365812,671365812,1579723.755636
2024-07-11,SH605009,豪悦护理,38.4,838926,154659949,155226949,596071.48416
2024-07-11,SZ003000,劲仔食品,12.85,11604073,304140441,450969159,579495.369315
2024-07-11,SH605128,上海沿浦,26.21,2185037,118404400,118404400,310337.9324
2024-07-11,SH605369,拱东医疗,27.99,717860,157396938,157578415,441061.983585
2024-07-11,SZ300889,爱克股份,10.39,4579574,100220250,156000000,162084
2024-07-11,SH688577,浙海德曼,34.52,587971,75889262,75889262,261969.732424
2024-07-11,SZ300886,华业香料,16.33,1230212,42575000,74555000,121748.315
2024-07-11,SZ300887,谱尼测试,8.09,31037851,362168583,545758376,441518.526184
2024-07-11,SH603112,华翔股份,10.82,1580500,432917704,437170317,473018.282994
2024-07-11,SZ300890,翔丰华,26.22,8074780,97352360,109365470,286756.26234
2024-07-11,SZ300891,惠云钛业,8.04,10840238,332412610,400007410,321605.95764
2024-07-11,SZ300888,稳健医疗,25.77,2076398,181588756,588292708,1516030.308516
2024-07-11,SH688301,奕瑞科技,106.45,1544981,142788614,142788614,1519984.79603
2024-07-11,SH605198,安德利,24.47,1026200,270536000,349000000,854003
2024-07-11,SZ003006,百亚股份,23.79,1705000,428646390,429323390,1021360.34481
2024-07-11,SZ003003,天元股份,7.92,2620000,116509438,176960360,140152.60512
2024-07-11,SH605116,奥锐特,25.93,2726500,395433000,406195000,1053263.635
2024-07-11,SH688536,思瑞浦,88.66,1729090,132601444,132601444,1175644.402504
2024-07-11,SH688127,蓝特光学,19.65,13202883,401580000,401580000,789104.7
2024-07-11,SZ003002,壶化股份,10.48,1511800,182874500,200000000,209600
2024-07-11,SH688526,科前生物,13.29,1717850,466128056,466168016,619537.293264
2024-07-11,SZ003005,竞业达,24.39,7588044,73816897,148400000,361947.6
2024-07-11,SH688156,路德科技,12.39,771649,92373760,100714157,124784.840523
2024-07-11,SZ003008,开普检测,17.01,3626100,77848325,104000000,176904
2024-07-11,SZ003007,直真科技,24.34,1339950,73603196,104000000,253136
2024-07-11,SH605050,福然德,8.84,1469087,492829181,492829181,435660.996004
2024-07-11,SZ300893,松原安全,30.5,1526425,113096468,226188700,689875.535
2024-07-11,SZ300895,铜牛信息,26.21,4318758,137421924,140800657,369038.521997
2024-07-11,SZ300892,品渥食品,17.49,8957102,64562500,100000000,174900
2024-07-11,SZ002998,优彩资源,5.66,3562050,244474265,326402893,184744.037438
2024-07-11,SZ003009,中天火箭,37.74,559000,155392744,155393534,586455.197316
2024-07-11,SH603565,中谷物流,8.11,8995792,2100063103,2100063103,1703151.176533
2024-07-11,SZ003010,若羽臣,12.72,7501370,125208263,168165913,213907.041336
2024-07-11,SH605218,伟时电子,16,2976500,212833460,212833460,340533.536
2024-07-11,SZ300897,山科智能,17.48,1087988,62942231,100486640,175650.64672
2024-07-11,SH688595,芯海科技,29.37,2179002,142425592,142425592,418303.963704
2024-07-11,SH688585,上纬新材,5.12,1685478,403361728,403361728,206521.204736
2024-07-11,SZ300896,爱美客,169,5706294,208464270,302437650,5111196.285
2024-07-11,SH605111,新洁能,31.36,23932132,415332567,415332567,1302482.930112
2024-07-11,SH688013,天臣医疗,14.77,349865,81155600,81155600,119866.8212
2024-07-11,SH605136,丽人丽妆,5.7,4788800,400458500,400458500,228261.345
2024-07-11,SH605018,长华集团,8.69,3996900,469375553,471470353,409707.736757
2024-07-11,SZ003011,海象新材,12.61,1301000,76520771,102676000,129474.436
2024-07-11,SH688093,世华科技,18.28,1876074,254063043,262631312,480090.038336
2024-07-11,SH605099,共创草坪,19.35,829400,400090000,400090000,774174.15
2024-07-11,SH605338,巴比食品,13.93,1229640,248000000,250143500,348449.8955
2024-07-11,SZ003001,中岩大地,16.71,3645574,73171300,126731886,211768.981506
2024-07-11,SZ300999,金龙鱼,26.61,13133187,542647097,5421591536,14426855.077296
2024-07-11,SH688330,宏力达,19.89,839022,140000000,140000000,278460
2024-07-11,SZ300899,*ST凯鑫,18.41,1085047,40936066,63783466,117425.360906
2024-07-11,SH688386,泛亚微透,26.85,577260,70000000,70000000,187950
2024-07-11,SZ300898,熊猫乳品,17.24,1852400,108590626,124000000,213776
2024-07-11,SH605336,帅丰电器,11.45,1490450,183412450,183412450,210007.25525
2024-07-11,SZ003012,东鹏控股,5.68,6658800,1166679075,1173000000,666264
2024-07-11,SH601568,北元集团,3.73,10880830,3972222224,3972222224,1481638.889552
2024-07-11,SH605058,澳弘电子,19.26,3236874,142923950,142923950,275271.5277
2024-07-11,SZ003015,日久光电,9.74,3900200,245809924,281066667,273758.933658
2024-07-11,SZ003013,地铁设计,13.82,1879500,399932300,408326898,564307.773036
2024-07-11,SH688788,科思科技,23.9,646650,105747925,105747925,252737.54075
2024-07-11,SH688129,东来技术,12.42,523668,120478800,120478800,149634.6696
2024-07-11,SH688179,阿拉丁,10.18,4570614,277383771,277383771,282376.678878
2024-07-11,SZ003017,大洋生物,15.73,1122080,67763557,84000000,132132
2024-07-11,SZ003016,欣贺股份,6.27,2549903,427815137,429844698,269512.625646
2024-07-11,SH601187,厦门银行,5.21,13785830,1282478504,2639127888,1374985.629648
2024-07-11,SH688221,前沿生物,5.45,3795781,342476215,374578653,204145.365885
2024-07-11,SZ300900,广联航空,17.36,7465140,217752600,296632625,514954.237
2024-07-11,SH689009,九号公司,37.32,6853347,545690970,716536419,2674113.915708
2024-07-11,SZ300902,国安达,18.64,1793620,122897656,183125446,341345.831344
2024-07-11,SZ300901,中胤时尚,8.89,4691918,240000000,240000000,213360
2024-07-11,SH605169,洪通燃气,7.81,2142800,132380443,282880000,220929.28
2024-07-11,SH688133,泰坦科技,15.92,2993875,164436977,164436977,261783.667384
2024-07-11,SH601995,中金公司,27.7,9955528,2923542440,4827256868,13371501.52436
2024-07-11,SZ300903,科翔股份,7.19,28163151,329605760,414694422,298165.289418
2024-07-11,SZ300906,日月明,19.49,1020900,71686851,80000000,155920
2024-07-11,SZ300905,宝丽迪,26.38,4920000,123286217,176299756,465078.756328
2024-07-11,SZ003018,金富科技,7.49,3766460,132688150,260000000,194740
2024-07-11,SH688529,豪森智能,12.81,859353,158816753,167287309,214295.042829
2024-07-11,BJ920839,万通液压,8.94,192145,64381375,119305000,106658.67
2024-07-11,SH605007,五洲特纸,13.33,5303792,400558661,403897661,538395.582113
2024-07-11,SH688057,金达莱,10.01,1252069,276000000,276000000,276276
2024-07-11,SH688135,利扬芯片,15.73,2608214,200309140,200309140,315086.27722
2024-07-11,SH688160,步科股份,37.41,1307279,84000000,84000000,314244
2024-07-11,SZ300884,狄耐克,8.25,4465303,187855291,252000000,207900
2024-07-11,SZ003019,宸展光电,27.18,17885099,171777677,171777677,466891.726086
2024-07-11,SZ300909,汇创达,21.5,2455164,114240662,172972979,371891.90485
2024-07-11,SZ300907,康平科技,18.34,1169165,95998875,96000000,176064
2024-07-11,SH688219,会通股份,7.46,3179081,459284703,459284703,342626.388438
2024-07-11,BJ920396,常辅股份,8.99,163932,42003819,59774280,53737.07772
2024-07-11,SZ300908,仲景食品,27.24,860556,123581550,146000000,397704
2024-07-11,SH605068,明新旭腾,15.18,8155956,162140056,162540056,246735.805008
2024-07-11,SH688777,中控技术,37.85,10881791,755547669,789915088,2989828.60808
2024-07-11,BJ920047,诺思兰德,12.53,1778670,165396029,274271974,343662.783422
2024-07-11,SH605177,东亚药业,20.6,900100,114753335,114753335,236391.8701
2024-07-11,SZ003004,*ST声迅,23.72,3152831,69578238,81851763,194152.381836
2024-07-11,BJ920030,德众汽车,3.65,16513631,97727051,178839681,65276.483565
2024-07-11,SZ300910,瑞丰新材,41.91,1846424,204568022,291789935,1222891.617585
2024-07-11,SH605266,健之佳,22.22,4382252,140724629,156736538,348268.587436
2024-07-11,SZ300916,朗特智能,27.42,5087678,90526641,144644007,396613.867194
2024-07-11,SH688557,兰剑智能,15.76,506025,102207980,102207980,161079.77648
2024-07-11,SH688578,艾力斯,59.58,4945354,450000000,450000000,2681100
2024-07-11,SZ300915,海融科技,26.51,509960,41005500,90000000,238590
2024-07-11,SH605258,协和电子,31.19,10868995,88000000,88000000,274472
2024-07-11,SZ300911,亿田智能,25.16,1702195,129166064,138396116,348204.627856
2024-07-11,SZ003021,兆威机电,45.42,4231166,206197600,239411505,1087407.05571
2024-07-11,SH601686,友发集团,5.16,2147235,1428989199,1429189199,737461.626684
2024-07-11,SH605183,确成股份,15.83,2929570,415883145,417396900,660739.2927
2024-07-11,SZ300912,凯龙高科,11.71,19512147,85096375,114982000,134643.922
2024-07-11,SZ300913,兆龙互连,34,6569100,210862848,258169548,877776.4632
2024-07-11,SH688590,新致软件,12.09,5542303,260725272,260725272,315216.853848
2024-07-11,BJ920670,数字人,9.41,830836,66408421,106182400,99917.6384
2024-07-11,SH605376,博迁新材,23.08,3447600,261600000,261600000,603772.8
2024-07-11,SZ003022,联泓新科,13.77,6115295,1335568000,1335568000,1839077.136
2024-07-11,SH688308,欧科亿,18.74,1545122,158781708,158781708,297556.920792
2024-07-11,SZ003025,思进智能,12.1,4081505,198749026,236627965,286319.83765
2024-07-11,SZ003023,彩虹集团,16.13,3699551,52334881,105341600,169916.0008
2024-07-11,SH688571,杭华股份,5.16,3447026,416000000,416000000,214656
2024-07-11,SH688136,科兴制药,16.43,733781,199198650,199198650,327283.38195
2024-07-11,SZ003020,立方制药,16.7,1241053,137108500,191571763,319924.84421
2024-07-11,SH605299,舒华体育,7.9,2355800,410269000,411669000,325218.51
2024-07-11,SH605151,西上海,15.37,829900,134047111,135319111,207985.473607
2024-07-11,SH688608,恒玄科技,155.6,1905277,120045559,120045559,1867908.89804
2024-07-11,SH688510,航亚科技,18.15,2350849,258382608,258382608,468964.43352
2024-07-11,SZ000995,皇台酒业,7.71,5111602,177408000,177408000,136781.568
2024-07-11,SZ003027,同兴科技,12.19,1946750,104887966,131620400,160445.2676
2024-07-11,SZ003026,中晶科技,31.37,5174116,61834833,100231152,314425.123824
2024-07-11,SH688699,明微电子,31.59,1284467,110064640,110064640,347694.19776
2024-07-11,SH688668,鼎通科技,42.7,9192978,138729646,138729646,592375.58842
2024-07-11,SZ300917,特发服务,32.65,11454749,169000000,169000000,551785
2024-07-11,SH605500,森林包装,6.3,2415644,414400000,414400000,261072
2024-07-11,SH605186,健麾信息,20.63,2216800,136000000,136000000,280568
2024-07-11,SZ300921,南凌科技,18.42,6445092,131691805,131864605,242894.60241
2024-07-11,SZ300918,南山智尚,8.55,5894713,360040450,360041687,307835.642385
2024-07-11,BJ920000,安徽凤凰,7.48,757950,47395881,91680000,68576.64
2024-07-11,SH688678,福立旺,10.78,3085506,243164056,243164056,262130.852368
2024-07-11,SZ300919,中伟新材,29.23,7392277,907376018,936199704,2736511.734792
2024-07-11,SZ300923,研奥股份,16.51,1055200,76468500,78600000,129768.6
2024-07-11,SH688658,悦康药业,17.95,4008452,450000000,450000000,807750
2024-07-11,SZ003029,吉大正元,17.14,3397200,170877591,195915427,335799.041878
2024-07-11,SH688560,明冠新材,10.69,2407352,201301918,201301918,215191.750342
2024-07-11,SZ300922,天秦装备,13.02,5827887,101035652,156811200,204168.1824
2024-07-11,SZ300920,润阳科技,14.71,1645800,64572170,100000000,147100
2024-07-11,SH688679,通源环境,6.73,605180,131689675,131689675,88627.151275
2024-07-11,BJ920856,浩淼科技,4.32,227199,47918927,87015003,37590.481296
2024-07-11,SH601956,东贝集团,4.74,5534821,618628050,621782040,294724.68696
2024-07-11,BJ920675,秉扬科技,5.46,413952,78294470,172174000,94007.004
2024-07-11,BJ920510,丰光精密,10.71,2841190,87501880,184213929,197293.117959
2024-07-11,SH605179,一鸣食品,9.27,3281447,401000000,401000000,371727
2024-07-11,SZ003028,振邦智能,35.39,593865,54056654,111779154,395586.426006
2024-07-11,SH605377,华旺科技,13.45,3538930,463809665,464739230,625074.26435
2024-07-11,SH688698,伟创电气,23.54,1890600,211375274,211375274,497577.394996
2024-07-11,SH688618,三旺通信,23.55,621639,109997152,110339533,259849.600215
2024-07-11,SH688063,派能科技,37.89,4376293,245359249,245359249,929666.194461
2024-07-11,SZ300925,法本信息,10.15,15196625,320620205,428708945,435139.579175
2024-07-11,SZ300894,火星人,12.7,5753024,294070403,409236728,519730.64456
2024-07-11,SH688686,奥普特,60,722722,61629455,122235455,733412.73
2024-07-11,SH605155,西大门,9.11,1299300,188160000,191681000,174621.391
2024-07-11,SZ003031,中瓷电子,43.3,2853490,159664643,451052859,1953058.87947
2024-07-11,SZ003030,祖名股份,14.01,575000,80998375,124780000,174816.78
2024-07-11,SH605277,新亚电子,13.91,25365251,313982369,317390381,441490.019971
2024-07-11,SZ300928,华安鑫创,38.01,2683204,50460562,80000000,304080
2024-07-11,SZ300926,博俊科技,21.71,7075787,267975199,404308394,877753.523374
2024-07-11,SH688617,惠泰医疗,450.57,438848,54706249,67220020,3028732.44114
2024-07-11,SZ300927,江天化学,13.44,2150940,140861824,144360000,194019.84
2024-07-11,BJ920344,三元基因,14.3,128256,113560796,121810000,174188.3
2024-07-11,SZ003033,征和工业,22.8,601100,80697188,81750000,186390
2024-07-11,BJ920509,同惠电子,7.4,1063352,82448378,161855696,119773.21504
2024-07-11,BJ920826,盖世食品,4.69,2050726,63419712,140515814,65901.916766
2024-07-11,SZ003032,*ST传智,8.89,10334700,274361384,402447500,357775.8275
2024-07-11,SH688656,浩欧博,24.05,315869,63058328,63058328,151655.27884
2024-07-11,SH688819,天能股份,23.91,2719958,972100000,972100000,2324291.1
2024-07-11,SH688317,之江生物,14.63,2941410,192157999,192157999,281127.152537
2024-07-11,SZ003035,南网能源,4.34,9432700,2257878787,3787878787,1643939.393558
2024-07-11,SH605005,合兴股份,15.82,2193300,401000000,401000000,634382
2024-07-11,SH605228,神通科技,9.89,15959148,422682477,425500477,420819.971753
2024-07-11,SZ300929,华骐环保,7.2,1898804,124039539,132132956,95135.72832
2024-07-11,SZ300935,盈建科,15.48,1429540,44816581,79430680,122958.69264
2024-07-11,SH605398,新炬网络,20.13,843788,116616489,116616489,234748.992357
2024-07-11,SZ300931,通用电梯,5.36,3900437,196359913,240146000,128718.256
2024-07-11,SZ300930,屹通新材,24.96,9163614,100000000,100000000,249600
2024-07-11,SZ300932,三友联众,9.69,8489984,162852713,228645713,221557.695897
2024-07-11,SZ300933,中辰股份,5.93,11427900,234768908,458518908,271901.712444
2024-07-11,SH688680,海优新材,29.1,2275911,84020211,84020211,244498.81401
2024-07-11,SH688669,聚石化学,10.63,1000684,61516369,121333334,128977.334042
2024-07-11,BJ920275,驱动力,2.92,1350710,90037719,160277600,46801.0592
2024-07-11,SZ300936,中英科技,41.8,7471797,47460275,75200000,314336
2024-07-11,SZ300937,药易购,20.51,1124124,62647872,95666682,196212.364782
2024-07-11,SH688689,银河微电,21.53,1873938,128902980,128902980,277528.11594
2024-07-11,SZ300938,信测标准,20.44,2506855,112719772,161225135,329544.17594
2024-07-11,SZ003036,泰坦股份,7.8,2116615,216005159,216005159,168484.02402
2024-07-11,SZ300939,秋田微,29.21,3322200,120000000,120000000,350520
2024-07-11,SH688350,富淼科技,11.5,702308,122150099,122150099,140472.61385
2024-07-11,SH605055,迎丰股份,4.2,4932820,440000000,440000000,184800
2024-07-11,SH605368,蓝天燃气,13.52,2467470,248288025,692836101,936714.408552
2024-07-11,SH688628,优利德,29.86,1009134,49141719,111324609,332415.282474
2024-07-11,SH688607,康众医疗,11.83,861171,75439027,88129027,104256.638941
2024-07-11,SZ300940,南极光,13.56,2039620,147447553,222644372,301905.768432
2024-07-11,SZ003037,三和管桩,5.5,7187016,201009678,599074678,329491.0729
2024-07-11,SH601963,重庆银行,7.6,8544356,1296576424,3474565256,2640669.59456
2024-07-11,SH600916,中国黄金,9.5,16173300,1680000000,1680000000,1596000
2024-07-11,BJ920427,华维设计,8.58,888034,49260788,103095000,88455.51
2024-07-11,SH688687,凯因科技,22.91,4676187,170944422,170944422,391633.670802
2024-07-11,SH688059,华锐精密,44.71,588283,61849391,61849391,276528.627161
2024-07-11,SH605337,李子园,9.77,2303810,394432300,394432300,385360.3571
2024-07-11,SZ300946,恒而达,26.9,3266120,56961000,120006000,322816.14
2024-07-11,BJ920239,长虹能源,16,716309,49714584,130053003,208084.8048
2024-07-11,SH605077,华康股份,15.3,1220261,296994880,304989880,466634.5164
2024-07-11,SZ300941,创识科技,16.8,7175607,121355486,204750000,343980
2024-07-11,SZ300942,易瑞生物,7.75,30981649,329531602,400865232,310670.5548
2024-07-11,SH688665,四方光电,26.55,509488,100100000,100100000,265765.5
2024-07-11,SH605081,*ST太和,13.93,6536815,86578293,113247072,157753.171296
2024-07-11,SZ300947,德必集团,16.58,13028255,95293756,153603596,254674.762168
2024-07-11,SZ003038,鑫铂股份,14.49,3365980,128322937,249278485,361204.524765
2024-07-11,SZ300943,春晖智控,10.43,2934900,123499475,203820000,212584.26
2024-07-11,SZ300945,曼卡龙,9.06,9893090,238189522,261951029,237327.632274
2024-07-11,SH688070,纵横股份,27.79,829763,87580000,87580000,243384.82
2024-07-11,BJ920735,德源药业,22.52,83245,68294887,78245040,176207.83008
2024-07-11,BJ920599,同力股份,7.59,2021049,225298359,452525000,343466.475
2024-07-11,SH688619,罗普特,6.97,1355637,187645475,187645475,130788.896075
2024-07-11,BJ920832,齐鲁华信,3.91,219082,124853604,138763865,54256.671215
2024-07-11,SH605133,嵘泰股份,18.26,1483000,64045716,186079816,339781.744016
2024-07-11,SH605268,王力安防,6.86,1918762,436000000,439577500,301550.165
2024-07-11,BJ920225,利通科技,8.38,1143991,69167226,126918894,106358.033172
2024-07-11,SZ300948,冠中生态,8.93,4093881,130792946,140017383,125035.523019
2024-07-11,SH688183,生益电子,27.16,30479869,308339000,831821175,2259226.3113
2024-07-11,SH688677,海泰新光,34.65,1100802,120614000,120614000,417927.51
2024-07-11,SZ300951,博硕科技,33.49,9881965,150849309,169465389,567539.587761
2024-07-11,SZ300949,奥雅股份,29.42,930100,17004750,60506500,178010.123
2024-07-11,SH605060,联德股份,13.68,2053808,240592000,241184000,329939.712
2024-07-11,SH605298,必得科技,8.01,1327103,182520000,187850000,150467.85
2024-07-11,SH605303,园林股份,6.43,2458400,67984808,161237408,103675.653344
2024-07-11,SH688079,美迪凯,7.39,4733506,401333334,401333334,296585.333826
2024-07-11,SH688696,极米科技,71.95,692341,65904721,70000000,503650
2024-07-11,SZ300950,德固特,15.4,2836967,89730000,150480000,231739.2
2024-07-11,SZ003039,顺控发展,12.16,2065241,617518730,617518730,750902.77568
2024-07-11,SH605208,永茂泰,6.69,21600344,329940000,329940000,220729.86
2024-07-11,SH688328,深科达,13.31,3213064,84436508,94456295,125721.328645
2024-07-11,SH688676,金盘科技,42.56,11724473,456951670,456951670,1944786.30752
2024-07-11,SH605122,四方新材,9.66,942840,58674000,172354000,166493.964
2024-07-11,SH688083,中望软件,57.27,1267587,88143539,121303799,694706.856873
2024-07-11,SZ300952,恒辉安防,17.01,958100,54852653,145574507,247622.236407
2024-07-11,SH688667,菱电电控,39.69,307376,51812140,51812140,205642.38366
2024-07-11,SH688316,青云科技,29.64,655474,35930519,47785987,141637.665468
2024-07-11,SH688456,有研粉材,30.97,2151243,103660000,103660000,321035.02
2024-07-11,SH688616,西力科技,8.81,1220794,179378265,179378265,158032.251465
2024-07-11,SZ300953,震裕科技,53.31,1197847,67979982,102783837,547940.635047
2024-07-11,SH688092,爱科科技,19.73,788248,82690657,82690657,163148.666261
2024-07-11,SH605389,长龄液压,20.22,686740,136266760,144087070,291344.05554
2024-07-11,SH605286,同力天启,22.37,2342950,168000000,176000000,393712
2024-07-11,SZ300959,线上线下,24.53,1782000,38355996,81180800,199136.5024
2024-07-11,SZ003040,楚天龙,11.17,7427200,456850258,461135972,515088.880724
2024-07-11,SH688609,九联科技,8.3,12545425,460577270,500000000,415000
2024-07-11,SH688633,星球石墨,21.18,1338113,143763163,146020103,309270.578154
2024-07-11,SZ300955,嘉亨家化,12.33,1142300,58846341,100800000,124286.4
2024-07-11,SH688606,奥泰生物,50.59,777296,39550255,79280855,401081.845445
2024-07-11,SZ300957,贝泰妮,47.08,4954411,423600000,423600000,1994308.8
2024-07-11,SZ300956,英力股份,21.68,30629917,76707436,166713547,361434.969896
2024-07-11,SH688195,腾景科技,24.45,3446006,129350000,129350000,316260.75
2024-07-11,SH603759,海天股份,5.88,1500116,461760000,461760000,271514.88
2024-07-11,SH688329,艾隆科技,14,585682,47801875,77200000,108080
2024-07-11,SZ300960,通业科技,14.81,930000,92695812,102385812,151633.387572
2024-07-11,SZ300958,建工修复,10.51,2224800,91049052,156736579,164730.144529
2024-07-11,SH688661,和林微纳,29.3,1735388,116653224,116836789,342331.79177
2024-07-11,SH688109,品茗科技,27.51,1048283,63342614,78842300,216895.1673
2024-07-11,SZ300961,深水海纳,7.61,1928800,158751700,177280000,134910.08
2024-07-11,SH688626,翔宇医疗,30.27,533377,160000000,160000000,484320
2024-07-11,SH688659,元琛科技,5.68,3747085,115496530,160000000,90880
2024-07-11,SH688662,富信科技,23,964743,63675722,88240000,202952
2024-07-11,SH688630,芯碁微装,57.22,2202886,103828468,131419086,751980.010092
2024-07-11,SZ300965,恒宇信通,27.21,325425,16428750,60000000,163260
2024-07-11,SZ003041,真爱美家,11.99,669809,144000000,144000000,172656
2024-07-11,SZ003042,中农联合,12.07,2627130,127365745,142480000,171973.36
2024-07-11,SH688260,昀冢科技,14.39,3066309,110112195,120000000,172680
2024-07-11,SZ003043,华亚智能,37.73,1179558,48705747,81261201,306598.511373
2024-07-11,SH603324,盛剑科技,20.95,1757740,149074060,149462500,313123.9375
2024-07-11,SH688191,智洋创新,15.51,416232,138944547,153512547,238097.960397
2024-07-11,SH688636,智明达,19.63,3166628,111825992,112111321,220074.523123
2024-07-11,SZ300966,共同药业,16.67,2938458,75132181,115279306,192170.603102
2024-07-11,SZ300963,中洲特材,10.38,3091190,205608488,234000000,242892
2024-07-11,SH688468,科美诊断,6.28,3548158,401108000,401108000,251895.824
2024-07-11,SZ300962,中金辐照,14.43,4326712,264001897,264001897,380954.737371
2024-07-11,SH688611,杭州柯林,25.55,371622,109564000,109564000,279936.02
2024-07-11,SZ300969,恒帅股份,73.76,3608945,35607578,80000000,590080
2024-07-11,SH688683,莱尔科技,15.38,242046,155177929,155177929,238663.654802
2024-07-11,SZ300970,华绿生物,11.43,2089500,117737850,117888600,134746.6698
2024-07-11,SH605378,野马电池,15.97,5917512,186676000,186676000,298121.572
2024-07-11,SH688315,诺禾致源,10.72,3304387,416200000,416200000,446166.4
2024-07-11,SZ300967,晓鸣股份,9.58,5574900,124825001,189498938,181539.982604
2024-07-11,SH688663,新风光,22.58,1478265,139950000,139950000,316007.1
2024-07-11,SZ300971,博亚精工,18.06,3264783,63998532,84000000,151704
2024-07-11,SZ300973,立高食品,26.48,2384000,116526872,169340222,448412.907856
2024-07-11,SZ300968,格林精密,9.27,12789656,413380000,413380000,383203.26
2024-07-11,SH601279,英利汽车,3.85,12243009,1585785985,1585785985,610527.604225
2024-07-11,SH605086,龙高股份,17.29,2527501,179200000,179200000,309836.8
2024-07-11,SZ300972,万辰集团,20.86,1162978,152998032,177199647,369638.463642
2024-07-11,SH688533,上声电子,27.37,1260421,160001084,160001084,437922.966908
2024-07-11,SZ300976,达瑞电子,46.68,2420520,38440164,95468600,445647.4248
2024-07-11,SH605117,德业股份,80.63,14935057,602113185,638110305,5145083.389215
2024-07-11,SH688682,霍莱沃,27.43,612139,72742068,72742068,199531.492524
2024-07-11,SZ300983,尤安设计,15.28,458557,43200000,172800000,264038.4
2024-07-11,SZ300977,深圳瑞捷,16.91,9791011,38794481,152766542,258328.222522
2024-07-11,SZ300980,祥源新材,16.97,5471306,68128085,108143525,183519.561925
2024-07-11,SH605016,百龙创园,20.27,1909672,323086400,323086400,654896.1328
2024-07-11,SH688201,信安世纪,7.49,5815410,302530753,317153816,237548.208184
2024-07-11,SH605098,行动教育,37.11,1069678,118078600,118078600,438189.6846
2024-07-11,SZ300975,商络电子,8.88,22216250,468556664,687005604,610060.976352
2024-07-11,SH688639,华恒生物,68.64,1981990,157636315,157810315,1083210.00216
2024-07-11,SZ300979,华利集团,60.17,1967732,1166992350,1167000000,7021839
2024-07-11,SZ300978,东箭科技,11.07,39034038,185946712,422702739,467931.932073
2024-07-11,SH605289,罗曼股份,22.76,1501700,50610000,109303500,248774.766
2024-07-11,SZ300981,中红医疗,9.58,2373181,357431100,390007800,373627.4724
2024-07-11,SZ300982,苏文电能,17.6,3405700,193897146,206965146,364258.65696
2024-07-11,SH605089,味知香,19.74,982320,138000000,138000000,272412
2024-07-11,SH688383,新益昌,50.18,2252499,50817567,102133600,512506.4048
2024-07-11,SZ001201,东瑞股份,15.56,4501437,156053386,257784001,401111.905556
2024-07-11,SH688323,瑞华泰,9.86,1511539,180000224,180000224,177480.220864
2024-07-11,SZ001202,炬申股份,11.19,1258300,90440650,128800000,144127.2
2024-07-11,SZ300985,致远新能,15.97,2423395,186512480,186512480,297860.43056
2024-07-11,SH688395,正弦电气,13.94,519870,86000000,86000000,119884
2024-07-11,SH605300,佳禾食品,11.32,1414059,400010000,400010000,452811.32
2024-07-11,SH605180,华生科技,11.43,2932559,169000000,169000000,193167
2024-07-11,SZ300986,志特新材,6.83,2035957,246146632,246371227,168271.548041
2024-07-11,SH688113,联测科技,27.65,188480,64026190,64026190,177032.41535
2024-07-11,SH605305,中际联合,26.47,3940208,212520000,212520000,562540.44
2024-07-11,SH605080,浙江自然,15.18,1154148,141573040,141573040,214907.87472
2024-07-11,SH600906,财达证券,5.78,16530829,2124234950,3245000000,1875610
2024-07-11,SZ300989,蕾奥规划,11.27,3415895,95816236,211716567,238604.571009
2024-07-11,SZ001203,大中矿业,9.55,3505104,1227187348,1508021588,1440160.61654
2024-07-11,SZ300987,川网传媒,12.14,1962590,173368000,173368000,210468.752
2024-07-11,SH605196,华通线缆,9.89,8741600,508845428,511524781,505898.008409
2024-07-11,SH688655,迅捷兴,9.8,3721490,133390000,133390000,130722.2
2024-07-11,SZ300988,津荣天宇,21.01,9928461,107401097,140297357,294764.747057
2024-07-11,SH688097,博众精工,22.25,6831653,442107015,446647765,993791.277125
2024-07-11,SZ300990,同飞股份,26.86,1330468,42120000,168480000,452537.28
2024-07-11,SH688355,明志科技,12.96,1150959,123956072,123956072,160647.069312
2024-07-11,SZ001205,盛航股份,16.06,1015941,131581260,170977660,274590.12196
2024-07-11,SH688685,迈信林,24.01,2883955,145426667,145426667,349169.427467
2024-07-11,SH605488,福莱新材,13.06,4496556,185688785,190180575,248375.83095
2024-07-11,SH688565,力源科技,4.96,3404474,149730000,151949700,75367.0512
2024-07-11,SH688217,睿昂基因,18.9,479140,48223598,55855896,105567.64344
2024-07-11,SH688575,亚辉龙,22.2,2609242,402654487,569275900,1263792.498
2024-07-11,SH688314,康拓医疗,18.63,398797,50681631,81239172,151348.577436
2024-07-11,SH605339,南侨食品,14.51,672093,424290616,426034616,618176.227816
2024-07-11,SZ001206,依依股份,13.96,5083679,106788409,184893808,258111.755968
2024-07-11,SH688660,电气风电,2.92,3657918,1333333400,1333333400,389333.3528
2024-07-11,SZ300991,创益通,19.22,29259393,86684400,144000000,276768
2024-07-11,SH688076,ST诺泰,69.4,3801238,218198791,218198791,1514299.60954
2024-07-11,SH688613,奥精医疗,12.6,1355284,135551584,135551584,170794.99584
2024-07-11,SH688359,三孚新科,39.97,1316875,92994400,92994400,371698.6168
2024-07-11,SZ300993,玉马科技,8.59,4450005,304445700,308131200,264684.7008
2024-07-11,SZ300992,泰福泵业,15.19,899800,72467669,90800169,137925.456711
2024-07-11,SZ300614,百川畅银,9.06,2836500,160435044,160435044,145354.149864
2024-07-11,SH600032,浙江新能,7.5,10198750,2404675324,2404675324,1803506.493
2024-07-11,SH605090,九丰能源,30.1,11905337,268810459,633228880,1906018.9288
2024-07-11,SZ300995,奇德新材,15.47,1105474,60395681,84160000,130195.52
2024-07-11,SH603836,海程邦达,12.28,1719600,205235237,205235237,252028.871036
2024-07-11,BJ920726,朱老六,7.48,155063,55939705,101790000,76138.92
2024-07-11,SH605499,东鹏饮料,225.99,2649628,400010000,400010000,9039825.99
2024-07-11,SH605296,神农集团,33.29,3907221,67996515,525043452,1747869.651708
2024-07-11,SZ301001,凯淳股份,18.8,4406493,50300000,80000000,150400
2024-07-11,SH605189,富春染织,10.69,1364858,149765695,149765695,160099.527955
2024-07-11,SZ301000,肇民科技,13.83,5342547,228551450,242159450,334906.51935
2024-07-11,SH688538,和辉光电,2.06,30859697,5752235725,13832003883,2849392.799898
2024-07-11,SH603511,爱慕股份,11.5,762000,400010000,408121000,469339.15
2024-07-11,SZ301005,超捷股份,27.41,6306802,132371786,135469315,371321.392415
2024-07-11,SZ301003,江苏博云,21.53,627060,67556887,99053333,213261.825949
2024-07-11,SZ300998,宁波方正,16.94,1514254,74169230,137169230,232364.67562
2024-07-11,SZ300997,欢乐家,11.77,1277702,396033780,447500000,526707.5
2024-07-11,SH688117,圣诺生物,22.43,2012410,111817300,112000000,251216
2024-07-11,SZ300996,普联软件,15.19,13346600,168828474,202525749,307636.612731
2024-07-11,BJ920523,德瑞锂电,10.62,1072382,60665717,101301369,107582.053878
2024-07-11,SZ301002,崧盛股份,15.62,1905882,73323618,122876391,191932.922742
2024-07-11,SH688625,呈和科技,35.1,273837,135327698,135327698,475000.21998
2024-07-11,SZ301006,迈拓股份,11.16,1044000,83159169,139280000,155436.48
2024-07-11,SH605319,无锡振华,18,2733900,213532183,250482183,450867.9294
2024-07-11,SH688319,欧林生物,8.77,2575730,371817385,406158300,356200.8291
2024-07-11,SH688131,皓元医药,22.15,2801627,205763339,210542274,466351.13691
2024-07-11,BJ920212,智新电子,7.84,5995099,52176500,106100000,83182.4
2024-07-11,SH601156,东航物流,18.05,12765668,801715556,1587555556,2865537.77858
2024-07-11,SH688269,凯立新材,23.31,896743,120356250,130704000,304671.024
2024-07-11,SH600905,三峡能源,4.46,75394674,28585856566,28621259200,12765081.6032
2024-07-11,SH688345,博力威,16.2,316703,100000000,100000000,162000
2024-07-11,SZ301008,宏昌科技,17.48,1232712,96522624,111642624,195151.306752
2024-07-11,SH603529,爱玛科技,28.29,4832319,842652248,861935348,2438415.099492
2024-07-11,SH688700,东威科技,28.43,8632501,298401360,298401360,848355.06648
2024-07-11,SH605259,绿田机械,13.15,376952,172480000,172480000,226811.2
2024-07-11,SH688681,科汇股份,9.25,1261539,104670000,104670000,96819.75
2024-07-11,SZ301007,德迈仕,12.55,10847196,150484563,153340000,192441.7
2024-07-11,SH688067,爱威科技,14.02,671304,68000000,68000000,95336
2024-07-11,SH688597,煜邦电力,6.48,1739703,247063649,247063649,160097.244552
2024-07-11,SZ301011,华立科技,15.53,1612211,143808438,146692000,227812.676
2024-07-11,SZ301009,可靠股份,7.61,2072641,148409454,271860000,206885.46
2024-07-11,SZ301010,晶雪节能,11.27,1654300,108000000,108000000,121716
2024-07-11,SH688517,金冠电气,14.33,4767648,136613184,136613184,195766.692672
2024-07-11,SZ300984,金沃股份,21.02,369256,46038268,76801872,161437.534944
2024-07-11,SH601665,齐鲁银行,4.54,43868879,4834974450,4834974450,2195078.4003
2024-07-11,SH688621,阳光诺和,42.64,1329859,88827025,112000000,477568
2024-07-11,SH688425,铁建重工,3.63,16376065,1477957000,5333497000,1936059.411
2024-07-11,SZ301012,扬电科技,23.47,7128840,142490190,142490190,334424.47593
2024-07-11,SH688690,纳微科技,16.96,3337224,403814765,403814765,684869.84144
2024-07-11,SH688216,气派科技,17.9,3076110,106048750,107173500,191840.565
2024-07-11,SZ001207,联科科技,14.48,2348100,200934034,202355964,293011.435872
2024-07-11,SZ001208,华菱线缆,8.26,22724956,248072747,534424000,441434.224
2024-07-11,SZ301004,嘉益股份,87.01,836312,95023362,104000000,904904
2024-07-11,SH601528,瑞丰银行,4.71,18058559,1705442207,1962161395,924178.017045
2024-07-11,SH688276,百克生物,31.5,5102630,413657598,413657598,1303021.4337
2024-07-11,SH688601,力芯微,45.2,4318582,133692700,133692700,604291.004
2024-07-11,BJ920768,拾比佰,3.94,865117,76744640,110970000,43722.18
2024-07-11,SH688367,工大高科,11.46,571438,77392087,87363120,100118.13552
2024-07-11,SZ301019,宁波色母,13.15,976686,111068091,167999995,220919.993425
2024-07-11,SZ301013,利和兴,10.95,14221879,189241638,233743056,255948.64632
2024-07-11,SH688161,威高骨科,20.26,845116,400000000,400000000,810400
2024-07-11,SH603171,税友股份,31.1,20509657,405890000,407187500,1266353.125
2024-07-11,SZ301016,雷尔伟,12.99,2710460,156000000,156000000,202644
2024-07-11,SZ301015,百洋医药,23.26,2024955,525613491,525613491,1222576.980066
2024-07-11,SH605011,杭州热电,22.74,4619100,400100000,400100000,909827.4
2024-07-11,SH688499,利元亨,19.26,1752628,123626327,123626327,238104.305802
2024-07-11,SZ301022,海泰科,20.14,1813880,51709397,84188437,169555.512118
2024-07-11,SZ301017,漱玉平民,9.8,2930000,243340369,405340369,397233.56162
2024-07-11,SH688239,航宇科技,32.65,3234788,140359559,147922548,482967.11922
2024-07-11,BJ920765,美之高,6.02,203976,43997295,69613044,41907.052488
2024-07-11,SZ301020,密封科技,20.88,8393493,146400000,146400000,305683.2
2024-07-11,SH605287,德才股份,11.43,1005994,99888091,140000000,160020
2024-07-11,SZ301021,英诺激光,16.26,10071498,151492357,151511482,246357.669732
2024-07-11,SH605162,新中港,7.12,4674200,400505198,400505198,285159.700976
2024-07-11,SZ301018,申菱环境,18.94,3277500,199061064,266052564,503903.556216
2024-07-11,SZ301023,奕帆传动,36.23,2850896,30407891,56000250,202888.90575
2024-07-11,SH688226,威腾电气,16.37,3134816,156506480,156506480,256201.10776
2024-07-11,SZ301039,中集车辆,8.58,12945500,1453680000,1874124420,1607998.75236
2024-07-11,BJ920885,星辰科技,4.93,1122183,86304521,170615000,84113.195
2024-07-11,SH688789,宏华数科,97.06,754020,120437136,120437136,1168962.842016
2024-07-11,SH605020,永和股份,18.49,3304900,378090524,380298783,703172.449767
2024-07-11,SH688087,英科再生,26.85,885241,186245490,187769250,504160.43625
2024-07-11,SH688305,科德数控,60.15,413765,93177757,101702906,611742.97959
2024-07-11,SH605028,世茂能源,13.87,1096300,40000000,160000000,221920
2024-07-11,SH688038,中科通达,8.89,2004214,81412150,116373400,103455.9526
2024-07-11,SH688799,华纳药厂,41.4,724413,56488000,93800000,388332
2024-07-11,SZ301031,中熔电气,79.08,935700,36417198,66277427,524121.892716
2024-07-11,SZ301027,华蓝集团,7.5,8779500,100527900,148291400,111218.55
2024-07-11,SH688793,倍轻松,31.25,1171433,33138599,85945419,268579.434375
2024-07-11,SZ301026,浩通科技,26.36,6156953,57358009,113333334,298746.668424
2024-07-11,SH688501,青达环保,12.67,1409116,81716245,123071000,155930.957
2024-07-11,SZ301025,读客文化,9.59,7504300,99204469,400309400,383896.7146
2024-07-11,SH605056,咸亨国际,10.35,1704000,159972345,411375520,425773.6632
2024-07-11,SH605365,立达信,15.39,1434500,59280376,503186751,774404.409789
2024-07-11,SZ301028,鼎熔岩,8.51,2522174,110955316,381774116,324889.772716
2024-07-11,BJ920146,华阳变速,3.67,11591398,99358750,134990443,49541.492581
2024-07-11,SZ301032,新柴股份,6.62,3521014,82587150,241133400,159630.3108
2024-07-11,SH688800,瑞可达,27.4,2301342,106589073,158419873,434070.45202
2024-07-11,SH688303,大全能源,19.34,4134743,519937715,2144937715,4148309.54081
2024-07-11,SZ301030,仕净科技,22.08,7234680,160210745,200951830,443701.64064
2024-07-11,SH601921,浙版传媒,7.47,10560890,422221962,2222222223,1660000.000581
2024-07-11,SZ001209,洪兴股份,13.43,1328618,40287859,131522720,176635.01296
2024-07-11,SZ301029,怡合达,18.71,3098970,297949291,576547920,1078721.15832
2024-07-11,SH688768,容知日新,22.92,399138,49616285,81626048,187086.902016
2024-07-11,SH605167,利柏特,7.38,2743253,222515330,449070000,331413.66
2024-07-11,SZ301033,迈普医学,38.86,263522,37551070,66062951,256720.627586
2024-07-11,SH688296,和达科技,9.27,1354823,60037538,108240660,100339.09182
2024-07-11,SZ301035,润丰股份,39.38,960100,89345090,278662094,1097371.326172
2024-07-11,SZ301024,霍普股份,19.29,850200,17737500,63585000,122655.465
2024-07-11,SH688718,唯赛勃,8.56,641333,56620316,173754389,148733.756984
2024-07-11,SZ301036,双乐股份,24.9,10353030,43461432,100000000,249000
2024-07-11,SH688071,华依科技,20.18,1912174,53608330,84789724,171105.663032
2024-07-11,SZ001210,金房能源,13.05,1831021,62332661,130677230,170533.78515
2024-07-11,SH688511,*ST天微,15.67,1243276,41273185,80000000,125360
2024-07-11,SH688509,正元地信,2.84,6541077,384792200,770000000,218680
2024-07-11,SZ301037,保立佳,9.01,2212362,39586186,140042847,126178.605147
2024-07-11,SH688670,金迪克,11.79,532891,44135585,123200000,145252.8
2024-07-11,SH605507,国邦医药,16.82,1753838,301722186,558823500,939941.127
2024-07-11,SZ301040,中环海陆,9.46,2076141,69619893,100000493,94600.466378
2024-07-11,SZ300774,倍杰特,6.54,2139560,123648105,408763660,267331.43364
2024-07-11,SH688385,复旦微电,32.14,6778252,318380400,819060400,2632460.1256
2024-07-11,SZ301038,深水规院,13.98,3087511,49335000,171600000,239896.8
2024-07-11,SZ301042,安联锐视,32.69,800700,42686827,69738577,227975.408213
2024-07-11,SZ300964,本川智能,34.63,5124506,32909034,77298284,267683.957492
2024-07-11,SH688778,厦钨新能,31.42,2015719,204167280,420771001,1322062.485142
2024-07-11,SZ001211,双枪科技,15.29,1711000,37622940,72000000,110088
2024-07-11,BJ920553,凯腾精工,3.42,1457644,91865218,143690460,49142.13732
2024-07-11,SH688148,芳源股份,4.28,10549623,386669053,510173053,218354.066684
2024-07-11,BJ920090,同辉信息,2.79,8958543,171880593,199333546,55614.059334
2024-07-11,SH605589,圣泉集团,20.38,11768124,615211809,846508998,1725185.337924
2024-07-11,SZ000792,盐湖股份,16.27,37081052,5432786902,5432876672,8839290.345344
2024-07-11,SZ301041,金百泽,26.73,7407700,61497018,106680000,285155.64
2024-07-11,SZ301043,绿岛风,23.91,850740,18000000,68000000,162588
2024-07-11,SH688779,五矿新能,4.61,15324751,1042557115,1929218319,889369.645059
2024-07-11,SZ300814,中富电路,28.39,4936244,50797523,175797523,499089.167797
2024-07-11,SZ300994,久祺股份,10.36,2858485,77856000,233088000,241479.168
2024-07-11,SH605588,冠石科技,39.38,2682140,23099561,73596361,289822.469618
2024-07-11,SH688787,海天瑞声,56.69,1566315,41251785,60325180,341983.44542
2024-07-11,SZ301045,天禄科技,18.76,1458400,55320611,110318358,206957.239608
2024-07-11,SZ300844,山水比德,24.6,1236244,16760000,64640000,159014.4
2024-07-11,BJ920566,梓橦宫,6.8,557323,112429761,146561080,99661.5344
2024-07-11,SH605069,正和生态,5.96,4440000,84161278,211697778,126171.875688
2024-07-11,SH688798,艾为电子,50.09,2028989,135283943,232669339,1165440.719051
2024-07-11,BJ920642,通易航天,6.28,949245,54815158,103670278,65104.934584
2024-07-11,SZ301047,义翘神州,62.48,612400,58463410,129200000,807241.6
2024-07-11,SZ301046,能辉科技,20.55,4408055,59041377,149690727,307614.443985
2024-07-11,SH688733,壹石通,14.5,2118336,143883548,199775190,289674.0255
2024-07-11,BJ920039,国义招标,5.12,325216,153819900,153820000,78755.84
2024-07-11,SZ301048,金鹰重工,8.19,2486933,133333400,533333400,436800.0546
2024-07-11,SH688728,格科微,12.51,15954585,1114199673,2600586667,3253333.920417
2024-07-11,SH601825,沪农商行,6.83,18467524,4621763445,9644444445,6587155.555935
2024-07-11,SH605580,恒盛能源,8.59,1622240,71554000,280000000,240520
2024-07-11,SH601728,中国电信,6.17,130552989,19590425382,91507138699,56459904.577283
2024-07-11,BJ920174,五新隧装,16.12,283818,51477608,90008718,145094.053416
2024-07-11,SH688766,普冉股份,92.97,1759794,61230869,105609735,981853.706295
2024-07-11,SZ001212,中旗新材,19.35,1108200,54821432,117876307,228090.654045
2024-07-11,SZ301049,超越科技,17.9,3321730,25684034,94253334,168713.46786
2024-07-11,SZ301050,雷电微力,46.35,2911750,134661264,174967506,810974.39031
2024-07-11,SH605577,龙版传媒,14.51,5476900,188364445,444444445,644888.889695
2024-07-11,SH688786,悦安新材,24.36,1526639,74954586,119833336,291914.006496
2024-07-11,BJ920305,*ST云创,10.73,2010290,81100875,132376125,142039.582125
2024-07-11,SZ301051,信濠光电,25.95,2873120,92386350,168000000,435960
2024-07-11,SZ301052,果麦文化,20.14,4095265,74587924,98907189,199199.078646
2024-07-11,SH688776,国光电气,48.28,1056034,34474541,108383419,523275.146932
2024-07-11,BJ920077,吉林碳谷,9.35,738199,316956817,587681817,549482.498895
2024-07-11,SH688711,宏微科技,15.05,3328917,173914822,212883660,320389.9083
2024-07-11,SZ301053,远信工业,21.23,2602103,23264948,81752500,173560.5575
2024-07-11,SZ301055,张小泉,13.46,1656500,58450000,156000000,209976
2024-07-11,SH688121,卓然股份,11.99,2156914,141578667,233614003,280103.189597
2024-07-11,SZ001215,千味央厨,28.52,1480300,45722096,99266097,283106.908644
2024-07-11,SH688187,时代电气,54.4,6149473,259941044,1411540112,7678778.20928
2024-07-11,SZ301056,森赫股份,7.68,2768572,66696667,266786667,204892.160256
2024-07-11,SZ001213,中铁特货,3.99,32846800,1044444444,4444444444,1773333.333156
2024-07-11,SH688767,博拓生物,26.18,557011,40266667,106666667,279253.334206
2024-07-11,SZ301058,中粮科工,9.55,8659374,203413600,512274245,489221.903975
2024-07-11,SZ301057,汇隆新材,11.39,1282218,51668438,117390438,133707.708882
2024-07-11,SH605599,菜百股份,12.48,2014308,586677800,777777800,970666.6944
2024-07-11,SH688091,上海谊众,22.1,2003286,151046782,205759840,454729.2464
2024-07-11,SH688103,国力电子,37.46,3314464,63497104,95935004,359372.524984
2024-07-11,SZ301059,金三江,9.34,3019599,66064563,231154000,215897.836
2024-07-11,SH688622,禾信仪器,15.77,586206,38842484,69997606,110386.224662
2024-07-11,SZ301060,兰卫医学,8.19,5313970,179789432,400517000,328023.423
2024-07-11,SZ301061,匠心家居,43.1,697150,41600000,166400000,717184
2024-07-11,SZ301062,上海艾录,10.4,3554491,240268085,400395644,416411.46976
2024-07-11,SZ301065,本立科技,16.14,1010271,45625350,106020000,171116.28
2024-07-11,SH688707,振华新材,9.44,3763002,283167998,508784205,480292.28952
2024-07-11,SH600955,维远股份,14.44,936407,364900000,550000000,794200
2024-07-11,SH688701,卓锦股份,4.83,2374382,67307755,134277372,64855.970676
2024-07-11,SH605033,美邦股份,12.21,917000,33800000,135200000,165079.2
2024-07-11,SZ300854,中兰环保,10.08,2840239,46480413,101088500,101897.208
2024-07-11,SH688697,纽威数控,15.09,1591546,81666700,326666700,492940.0503
2024-07-11,SH605598,上海港湾,21.89,1097880,73700841,245760841,537970.480949
2024-07-11,SZ301066,万事利,8.14,4091340,72048580,188352192,153318.684288
2024-07-11,SZ301067,显盈科技,25.82,16231428,45201150,97236000,251063.352
2024-07-11,SZ301070,开勒股份,37.92,443400,35045880,64555200,244793.3184
2024-07-11,SZ301063,海锅股份,14.15,2947453,61133724,104360724,147670.42446
2024-07-11,SZ301071,力量钻石,27.2,2349761,130873313,260272313,707940.69136
2024-07-11,SZ301069,凯盛新材,13.3,3273300,140440398,420640398,559451.72934
2024-07-11,SH601868,中国能建,2.13,149043915,14222500963,41691163636,8880217.854468
2024-07-11,SZ301068,大地海洋,20.76,263867,50326103,108919888,226117.687488
2024-07-11,SZ301072,中捷精工,21.2,3153267,33354800,105054800,222716.176
2024-07-11,SZ301075,多瑞医药,15.91,1369900,27423729,80000000,127280
2024-07-11,SZ001217,华尔泰,10,11375134,132928800,331870000,331870
2024-07-11,SZ301077,星华新材,18.09,1255181,42870002,120000000,217080
2024-07-11,SZ301073,君亭酒店,17.92,8295000,85161168,194451046,348456.274432
2024-07-11,SZ301076,新瀚新材,18.97,2892090,69327275,134524000,255192.028
2024-07-11,SH605567,春雪食品,7.52,2146500,123588050,200000000,150400
2024-07-11,SZ301078,孩子王,5.15,17188360,647835207,1114533873,573984.944595
2024-07-11,SZ001218,丽臣实业,15.05,670207,74052750,131660000,198148.3
2024-07-11,SH688772,珠海冠宇,15.56,22883368,770154371,1127286261,1754057.422116
2024-07-11,SH688272,富吉瑞,15.3,665541,27628651,76000000,116280
2024-07-11,SZ301080,百普赛斯,34.95,1674700,67028897,120000000,419400
2024-07-11,SZ301085,亚康股份,42.74,2400861,39384178,86775675,370879.23495
2024-07-11,SH688722,同益中,10.75,1832583,127856700,224666700,241516.7025
2024-07-11,SZ301079,邵阳液压,12.6,2190192,57147431,109941759,138526.61634
2024-07-11,SZ001216,华瓷股份,12,2056500,62966700,251866700,302240.04
2024-07-11,SZ301081,严牌股份,7.23,6931042,84384000,204804000,148073.292
2024-07-11,SZ301086,鸿富瀚,39.96,3259829,32496750,90000000,359640
2024-07-11,SH688285,高铁电气,6.32,1071917,94100000,376289913,237815.225016
2024-07-11,SZ001219,青岛食品,11.29,1770155,98639419,194983750,220136.65375
2024-07-11,SZ301083,百胜智能,15,8025416,54857667,177866667,266800.0005
2024-07-11,SH605555,德昌股份,18.88,6267760,135698415,372360800,703017.1904
2024-07-11,SH688737,中自科技,15.85,1385355,71146929,120242886,190584.97431
2024-07-11,SZ301087,可孚医疗,33.25,907300,90574318,209238250,695717.18125
2024-07-11,SH688255,凯尔达,19,1038197,70102553,109858870,208731.853
2024-07-11,SH605566,福莱蒽特,15.39,779700,62287972,133340000,205210.26
2024-07-11,BJ920925,锦好医疗,11.66,197762,55295053,97686643,113902.625738
2024-07-11,SH688211,中科微至,24.26,179501,65008698,131608698,319282.701348
2024-07-11,SH688553,汇宇制药,12.08,1031409,291135369,423600000,511708.8
2024-07-11,SZ301090,华润材料,6.84,7474975,221904983,1486358853,1016669.455452
2024-07-11,SH605138,盛泰集团,4.81,2621023,297323822,555562322,267225.476882
2024-07-11,SZ301089,拓新药业,29.3,3013300,78882417,126544500,370775.385
2024-07-11,SZ301082,久盛电气,9.78,6665460,95114071,226309174,221330.372172
2024-07-11,SH688257,新锐股份,15.99,978368,132723842,180953562,289344.745638
2024-07-11,SH688280,精进电动,4.07,4827138,459660046,590221667,240220.218469
2024-07-11,SZ301088,戎美股份,10.82,949369,57750000,228000000,246696
2024-07-11,BJ920892,广咨国际,7.61,156352,133549343,154864867,117852.163787
2024-07-11,SH688739,成大生物,24.27,1460795,188786236,416450000,1010724.15
2024-07-11,SZ301091,深城交,24.66,11476984,192660000,405600000,1000209.6
2024-07-11,SZ301093,华兰股份,19,1458526,90566196,129354042,245772.6798
2024-07-11,SZ001288,运机集团,27.39,3174552,59163189,160008514,438263.319846
2024-07-11,SZ301092,争光股份,22.54,1192423,42855884,133693484,301345.112936
2024-07-11,SZ301129,瑞纳智能,21.1,6216740,36183600,133902000,282533.22
2024-07-11,BJ920924,广脉科技,7.23,705061,63257244,107571500,77774.1945
2024-07-11,SZ301169,零点有数,34.05,5940814,28122128,72239774,245976.43047
2024-07-11,BJ920405,海希通讯,10.06,182017,109917756,140260000,141101.56
2024-07-11,BJ920089,禾昌聚合,8.56,272493,93500819,150668000,128971.808
2024-07-11,SZ301128,强瑞技术,40.32,3850495,27256749,73886622,297910.859904
2024-07-11,SH688162,巨一科技,19.29,758646,48616850,137303350,264858.16215
2024-07-11,SZ301149,隆华新材,8.79,3746400,185161419,430000018,377970.015822
2024-07-11,SZ301188,力诺药包,13.44,3097347,150801858,232450451,312413.406144
2024-07-11,SH603213,镇洋发展,7.61,1721400,155794713,434800000,330882.8
2024-07-11,SZ301178,天亿马,22.06,9100146,43598856,67236800,148324.3808
2024-07-11,SZ301098,金埔园林,7.43,2210950,109666328,158405280,117695.12304
2024-07-11,SH688107,安路科技,22.76,5368721,192766339,400849367,912333.159292
2024-07-11,BJ920873,中设咨询,2.8,1002087,109180502,153387002,42948.36056
2024-07-11,BJ920171,志晟信息,5.9,1288219,67284733,100233235,59137.60865
2024-07-11,BJ920145,恒合股份,4.56,148288,44827250,70550000,32170.8
2024-07-11,BJ920932,科达自控,10.8,281747,61709548,77280000,83462.4
2024-07-11,BJ920454,同心传动,7.29,3328976,59992375,105100000,76617.9
2024-07-11,SH688105,诺唯赞,20.23,1745005,167172812,400010000,809220.23
2024-07-11,BJ920260,中寰股份,5.92,155570,41470291,103550000,61301.6
2024-07-11,SH688212,澳华内镜,41.53,1444143,93810250,134587250,558940.84925
2024-07-11,BJ920092,汉鑫科技,24.41,5410682,32114805,62079700,151536.5477
2024-07-11,BJ920680,广道退,11.07,875682,46893344,66999900,74168.8893
2024-07-11,BJ920981,晶赛科技,9.39,969071,37032291,76468000,71803.452
2024-07-11,BJ920436,大地电气,10.93,727628,44679750,94476000,103262.268
2024-07-11,SZ301180,万祥科技,14.66,7048550,57866002,400010000,586414.66
2024-07-11,SH688182,灿勤科技,12.3,4044902,100000000,400000000,492000
2024-07-11,SH603048,浙江黎明,14.89,2202400,37720000,146880000,218704.32
2024-07-11,SH688232,新点软件,19.21,1114206,99112695,330000000,633930
2024-07-11,SZ001267,汇绿生态,5.73,27739900,363290278,779571428,446694.428244
2024-07-11,SH688075,安旭生物,35.05,711124,31770805,127082805,445425.231525
2024-07-11,SH688082,盛美上海,88.01,1349075,75864792,436153563,3838587.507963
2024-07-11,SZ301118,恒光股份,18.45,12354130,54126313,109875000,202719.375
2024-07-11,SZ301185,鸥玛软件,14.29,2876290,91457039,153417600,219233.7504
2024-07-11,SZ301099,雅创电子,33.45,5034140,37463721,103763721,347089.646745
2024-07-11,SH603219,富佳股份,14.49,3386980,155285245,561400000,813468.6
2024-07-11,SZ301119,正强股份,20.82,6485077,27300000,104000000,216528
2024-07-11,SZ301155,海力风电,38.69,1755500,88809282,217391478,841087.628382
2024-07-11,BJ920720,吉冈精密,7.43,1300274,49599709,190231400,141341.9302
2024-07-11,SH600935,华塑股份,2.27,16956700,1854701224,3507401812,796180.211324
2024-07-11,SZ301133,金钟股份,26.33,15582054,35024050,106617586,280724.103938
2024-07-11,SH688190,云路股份,68.2,625589,60816000,120000000,818400
2024-07-11,SH688049,炬芯科技,22.33,3341195,108798884,146136404,326322.590132
2024-07-11,SZ001317,三羊马,22.86,962600,29383074,80043792,182980.108512
2024-07-11,SH688230,芯导科技,36.59,1123278,29400000,117600000,430298.4
2024-07-11,SH688112,鼎阳科技,26.03,961243,45948099,159200019,414397.649457
2024-07-11,SZ301198,喜悦智行,7.93,11489263,77841400,169000000,134017
2024-07-11,SZ301108,洁雅股份,25.01,292400,35238328,81209818,203105.754818
2024-07-11,SZ301213,观想科技,26.28,951700,28756399,79999999,210239.997372
2024-07-11,SZ301167,建研设计,11.06,1768088,65129509,112000000,123872
2024-07-11,SH688151,华强科技,12.01,774741,102153200,344500000,413744.5
2024-07-11,SZ301199,迈赫股份,26.38,9586485,46715000,133340000,351750.92
2024-07-11,SZ301111,粤万年青,15.7,7840342,70138480,160000000,251200
2024-07-11,SZ301126,达嘉维康,9.21,5164854,108819214,206505700,190191.7497
2024-07-11,SZ301179,泽宇智能,19.1,6427055,83652371,333132371,636282.82861
2024-07-11,SZ301193,家联科技,14.99,1319380,96240054,192000054,287808.080946
2024-07-11,SH688110,东芯股份,19.91,14001536,276536733,442249758,880519.268178
2024-07-11,SZ301168,通灵股份,26.74,2982500,49653000,120000000,320880
2024-07-11,SH688192,迪哲医药,38.4,1448988,123084983,415653120,1596107.9808
2024-07-11,SH688246,嘉和美康,20.21,1221236,101940875,138574436,280058.935156
2024-07-11,SH603216,梦天家居,9.06,907200,56690000,222690000,201757.14
2024-07-11,SH688235,百济神州,119.9,1435049,115055260,1359513224,16300563.55576
2024-07-11,SZ301177,迪阿股份,19.1,1320023,40010000,400010000,764019.1
2024-07-11,SZ301138,华研精机,24.02,2697900,30000000,120000000,288240
2024-07-11,SZ301101,明月镜片,23.07,1807087,71468100,201512100,464888.4147
2024-07-11,SH603071,物产环能,12.26,1837993,237684798,557954442,684052.145892
2024-07-11,SZ301100,风光股份,12.83,1217400,50000000,200000000,256600
2024-07-11,SZ301096,百诚医药,51.7,1294397,69121939,108919903,563115.89851
2024-07-11,SH688032,禾迈股份,106.67,2175805,62044310,123763023,1320180.166341
2024-07-11,SH688248,南网科技,28.75,2757804,228712100,564700000,1623512.5
2024-07-11,SZ301221,光庭信息,38.15,6839482,43506800,92622300,353354.0745
2024-07-11,SZ301113,雅艺科技,19.15,536869,18484525,70000000,134050
2024-07-11,SZ301211,亨迪药业,14.82,3288560,72000000,288000000,426816
2024-07-11,SH600927,永安期货,11.18,2296900,527518004,1455555556,1627311.111608
2024-07-11,SZ301186,超达装备,36,3828378,22100368,73258456,263730.4416
2024-07-11,SZ301182,凯旺科技,24.33,16547763,35971700,95821700,233134.1961
2024-07-11,SZ301190,善水科技,13.38,2193349,71046900,214636500,287183.637
2024-07-11,SH603230,内蒙新华,11.39,2987265,89401000,353523000,402662.697
2024-07-11,SZ001296,长江材料,14.3,1574050,52741511,149591086,213915.25298
2024-07-11,SH688167,炬光科技,53.17,1991239,68781687,90363344,480461.900048
2024-07-11,SH688210,统联精密,22.25,2014413,105677892,158532883,352735.664675
2024-07-11,SZ301166,优宁维,26.85,646503,41268868,86666668,232700.00358
2024-07-11,SH688265,南模生物,21.8,242397,49388513,77963513,169960.45834
2024-07-11,SH688206,概伦电子,14.39,4097953,177059698,433804445,624244.596355
2024-07-11,SZ301189,奥尼电子,22.13,2870183,41176465,114896465,254265.877045
2024-07-11,SZ301127,武汉天源,7.65,5077859,343488502,586267188,448494.39882
2024-07-11,SH688236,春立医疗,13.84,1987119,79294665,383568500,530858.804
2024-07-11,SH688227,品高股份,11.53,778260,63161648,113055275,130352.732075
2024-07-11,SH603176,汇通集团,3.65,3265600,150002216,466668882,170334.14193
2024-07-11,SH600941,中国移动,107.2,7022564,758622867,21442551436,229864151.39392
2024-07-11,SH688262,国芯科技,16.51,5677649,266469158,335999913,554735.856363
2024-07-11,BJ920245,威博液压,10.89,1039388,24355026,48750000,53088.75
2024-07-11,SH688176,亚虹医药,5.29,4836362,374454798,570000000,301530
2024-07-11,SZ301159,三维天地,30.65,5212201,31214763,77350000,237077.75
2024-07-11,SZ301196,唯科科技,28.72,1023199,37368750,124800000,358425.6
2024-07-11,SZ001234,泰慕士,16.38,1400300,29066700,109056700,178634.8746
2024-07-11,SZ301136,招标股份,11.16,9331700,103889820,275204820,307128.57912
2024-07-11,SH688234,天岳先进,47.75,4697727,264375318,429711044,2051870.2351
2024-07-11,SH688259,创耀科技,38.43,917582,57888800,80000000,307440
2024-07-11,SZ300834,星辉环材,18.72,1631073,61406907,193712353,362629.524816
2024-07-11,SH688220,翱捷科技,37.91,4022815,224607369,418300889,1585778.670199
2024-07-11,SZ001227,兰州银行,2.32,36192802,2768718752,5695697168,1321401.742976
2024-07-11,SZ301117,佳缘科技,23.63,1801900,45818544,92263300,218018.1779
2024-07-11,SZ301158,德石股份,12.19,1481900,77631971,150370510,183301.65169
2024-07-11,SH688062,迈威生物,28.01,3543103,204170000,399600000,1119279.6
2024-07-11,BJ920204,沪江材料,8.4,6648392,49881056,94287797,79201.74948
2024-07-11,SZ301116,益客食品,9.5,4242509,116498567,448979593,426530.61335
2024-07-11,SZ301201,诚达药业,18.67,2011340,87193824,154713824,288850.709408
2024-07-11,SH688173,希荻微,10.77,4902417,238646853,409750733,441301.539441
2024-07-11,SH603150,万朗磁塑,25.5,630300,52278380,85490000,217999.5
2024-07-11,SZ001289,龙源电力,17.31,5646484,133336023,8359816164,14470841.779884
2024-07-11,SH603102,百合股份,30.01,260641,35789350,64000000,192064
2024-07-11,SZ301123,奕东电子,18.58,8289500,76416213,233600000,434028.8
2024-07-11,SH688223,晶科能源,7.38,29936729,3108647863,10005199863,7383837.498894
2024-07-11,SZ301122,采纳股份,19.06,1683000,44245658,122245658,233000.224148
2024-07-11,SH688270,臻镭科技,23.05,4494527,144231696,214051600,493388.938
2024-07-11,SZ301217,铜冠铜箔,12.58,63083433,229015544,829015544,1042901.554352
2024-07-11,SH688171,纬德信息,14.11,890302,43524699,83773400,118204.2674
2024-07-11,SZ301228,实朴检测,13.1,23513111,54864980,120000000,157200
2024-07-11,SZ301235,华康洁净,17.68,647300,50952000,105600000,186700.8
2024-07-11,SZ301106,骏成科技,27.82,2151277,29185334,101621335,282710.55397
2024-07-11,SH688225,亚信安全,11.02,564357,191263952,400010000,440811.02
2024-07-11,SH688261,东微半导,39.49,1906252,82515584,122531446,483876.680254
2024-07-11,SZ301206,三元生物,25.09,737528,103439325,202325700,507635.1813
2024-07-11,SH688283,坤恒顺维,19.78,1153492,85491571,121800000,240920.4
2024-07-11,SZ001313,粤海饲料,7.07,2522600,218092001,700000000,494900
2024-07-11,SH603122,合富中国,5.05,5072600,179114748,398052633,201016.579665
2024-07-11,SH688267,中触媒,19.49,561538,88411159,176200000,343413.8
2024-07-11,SH603215,比依股份,12.13,1610775,70464150,188658099,228842.274087
2024-07-11,SZ301207,华兰疫苗,17.32,1707500,142026488,601027500,1040979.63
2024-07-11,SZ301181,标榜股份,24.01,6955997,39000000,117000000,280917
2024-07-11,SH603132,金徽股份,14.65,7064942,159600000,978000000,1432770
2024-07-11,SZ301229,纽泰格,24.06,1648460,47288097,112031472,269547.721632
2024-07-11,BJ920346,威贸电子,11.76,2733916,27126103,80682603,94882.741128
2024-07-11,SZ301130,西点药业,23.83,320100,58028134,80803943,192555.796169
2024-07-11,SZ001266,宏英智能,19.39,4606198,35271600,103416000,200523.624
2024-07-11,BJ920857,泓禧科技,11.01,497200,74007152,74007152,81481.874352
2024-07-11,SZ301200,大族数控,31.7,853271,58403051,420000000,1331400
2024-07-11,BJ920179,凯德石英,16.33,132967,59712072,75000000,122475
2024-07-11,SZ301218,华是科技,22.85,7515287,56040468,114040000,260581.4
2024-07-11,SH688281,华秦科技,84.53,825974,48673339,194693339,1645742.794567
2024-07-11,SZ301215,中汽股份,5.64,27298640,767400000,1322400000,745833.6
2024-07-11,SZ301222,浙江恒威,24.13,1153014,29333400,101333400,244517.4942
2024-07-11,SH603070,万控智造,13.03,8087802,85738535,401000000,522503
2024-07-11,SZ301110,青木科技,30.66,1616472,48177001,93105333,285460.950978
2024-07-11,BJ920419,路斯股份,6.84,279040,92790549,103346400,70688.9376
2024-07-11,SH688163,赛伦生物,12.41,575530,44117000,108220000,134301.02
2024-07-11,SZ301131,聚赛龙,34.65,2654225,23074208,47780000,165557.7
2024-07-11,SH688115,思林杰,21.63,1332763,37910413,66670000,144207.21
2024-07-11,SH603261,*ST立航,27.49,2707800,26297276,77907622,214168.052878
2024-07-11,SH688175,高凌信息,14.3,748421,58528930,130068930,185998.5699
2024-07-11,SZ301236,软通动力,33.94,28515825,680315389,952941177,3234282.354738
2024-07-11,SH688102,斯瑞新材,8.55,6389818,418285648,727337890,621873.89595
2024-07-11,SH688207,格灵深瞳,11.53,5189533,178662786,258973147,298596.038491
2024-07-11,SZ301219,腾远钴业,41.7,8275754,167883676,294717182,1228970.64894
2024-07-11,SZ001308,康冠科技,22.58,2062267,77351133,686572613,1550280.960154
2024-07-11,SH688282,理工导航,22.02,171150,36520000,88000000,193776
2024-07-11,SH688150,莱特光电,19.09,3937259,178804325,402437585,768253.349765
2024-07-11,BJ920689,克莱特,9.64,618142,35693553,73400000,70757.6
2024-07-11,SH688306,均普智能,3.98,6392737,468182775,1228282800,488856.5544
2024-07-11,SZ301137,哈焊华通,14.23,2033200,101701800,181813400,258720.4682
2024-07-11,SZ301256,华融化学,6.13,2025900,136200000,480000000,294240
2024-07-11,SZ301103,何氏眼科,21.21,1209664,83090131,158026471,335174.144991
2024-07-11,SH688238,和元生物,4.55,6574530,467229178,647433100,294582.0605
2024-07-11,SH688197,首药控股,37.7,682757,55795742,148719343,560671.92311
2024-07-11,SZ301237,和顺科技,24.58,2216354,37940625,80000000,196640
2024-07-11,SH603209,兴通股份,12.85,1926520,183225000,280000000,359800
2024-07-11,SH603051,鹿山新材,24.75,5079420,49462578,93320873,230969.160675
2024-07-11,SZ301226,祥明智能,18.65,11348041,49079864,108800000,202912
2024-07-11,SZ301102,兆讯传媒,11.57,3040932,72500000,290000000,335530
2024-07-11,SZ301263,泰恩康,12.43,2465923,267691928,425497500,528893.3925
2024-07-11,SZ301216,万凯新材,11.7,2063311,284696847,515093100,602658.927
2024-07-11,SZ301258,富士莱,24.92,1941100,33162500,91670000,228441.64
2024-07-11,SH688193,仁度生物,26.27,399101,30757570,40000000,105080
2024-07-11,SH688331,荣昌生物,26.88,10239226,161947712,544332083,1463164.639104
2024-07-11,SH688048,长光华芯,30.63,2099043,100664938,176279943,539945.465409
2024-07-11,SH688295,中复神鹰,20.09,2484201,144650558,900000000,1808100
2024-07-11,SZ301268,铭利达,15.26,2052300,180005667,400010217,610415.591142
2024-07-11,SZ301097,天益医疗,35.86,229707,18347368,58947368,211385.261648
2024-07-11,SH688337,普源精电,24.5,1592021,66438816,185123416,453552.3692
2024-07-11,SZ301151,冠龙节能,14.47,3049400,54567429,170374020,246531.20694
2024-07-11,SH688153,唯捷创芯,34.99,2141237,113762101,418316914,1463690.882086
2024-07-11,SZ301135,瑞德智能,20.19,2585200,49456700,101995500,205928.9145
2024-07-11,SH688302,海创药业,25.45,900995,72724459,99015598,251994.69691
2024-07-11,SZ301279,金道科技,18.55,5210285,28750000,100000000,185500
2024-07-11,SZ301109,军信股份,14.85,956900,98650831,410010000,608864.85
2024-07-11,BJ920169,七丰精工,5.46,616305,50484240,82714690,45162.22074
2024-07-11,SH688125,安达智能,29.98,762580,21828080,81535780,244444.26844
2024-07-11,SZ301120,新特电气,9.59,9150190,157489269,371441055,356211.971745
2024-07-11,SH688209,英集芯,11.66,4211713,294432628,424794660,495310.57356
2024-07-11,SZ301163,宏德股份,19.7,1311777,33254671,81600000,160752
2024-07-11,SH688326,经纬恒润,71.92,8175242,79477291,119991600,862979.5872
2024-07-11,SZ301212,联盛化学,20.54,1243344,27000000,108000000,221832
2024-07-11,SZ301248,杰创智能,15.73,12129950,101745375,153705000,241777.965
2024-07-11,SH688279,峰岹科技,101.37,951937,55858233,92363380,936287.58306
2024-07-11,SH688072,拓荆科技,115.02,3159749,153840317,278320842,3201246.324684
2024-07-11,SH600938,中国海油,33.8,46830661,2841851853,47566763984,160775662.26592
2024-07-11,SZ301148,嘉戎技术,17.16,1459300,38489080,116497080,199908.98928
2024-07-11,SZ301150,中一科技,21.19,9113558,92451802,181122202,383797.946038
2024-07-11,SZ301187,欧圣电气,25.43,4615035,47874222,182607661,464371.281923
2024-07-11,SZ301288,*ST清研,11.09,1274700,47092924,108010000,119783.09
2024-07-11,SH688052,纳芯微,90.28,1704443,93340553,142528433,1286746.693124
2024-07-11,SH688325,赛微微电,30.93,912660,38304117,84947740,262743.35982
2024-07-11,SH688046,药康生物,9.77,2321006,203931034,410000000,400570
2024-07-11,SZ301259,艾布鲁,20.67,722870,74441250,156000000,322452
2024-07-11,SH603191,望变电气,12.64,8416700,186705866,333167407,421123.602448
2024-07-11,SH688320,禾川科技,23.5,941406,105580706,151013668,354882.1198
2024-07-11,SZ001228,永泰运,19.52,1759000,54864609,103864609,202743.716768
2024-07-11,SH688290,景业智能,30.49,372968,61198633,102189714,311576.437986
2024-07-11,SH688170,德龙激光,21.58,1624090,79615000,103360000,223050.88
2024-07-11,SZ301162,国能日新,40.27,1995628,61428897,100152794,403315.301438
2024-07-11,SH603206,嘉环科技,12.42,2123210,87199988,305199988,379058.385096
2024-07-11,SH603097,江苏华辰,24.85,2337700,40000000,160000000,397600
2024-07-11,SZ001319,铭科精技,16.32,2618936,60967000,141400000,230764.8
2024-07-11,BJ920580,科创新材,5.19,531772,55903561,86000000,44634
2024-07-11,SZ301257,普蕊斯,27.5,1567340,47045817,79508000,218647
2024-07-11,BJ920970,大禹生物,7.28,1073572,69445900,111360400,81070.3712
2024-07-11,SZ301153,中科江南,22.69,7593647,205865793,349920000,793968.48
2024-07-11,SH603272,联翔股份,8.52,1660142,42502000,103627000,88290.204
2024-07-11,SZ001318,阳光乳业,10.4,1582371,77060000,282660000,293966.4
2024-07-11,SH688213,思特威,53.2,3749012,321212701,400010000,2128053.2
2024-07-11,SZ301107,瑜欣电子,25.69,1905100,20907400,73400000,188564.6
2024-07-11,SZ301183,东田微,43.08,8460957,46088000,80000000,344640
2024-07-11,BJ920533,骏创科技,11.85,426979,35898763,100151100,118679.0535
2024-07-11,SH688287,*ST观典,4.68,9512154,370515600,370515600,173401.3008
2024-07-11,SH688045,必易微,29.59,1769842,36906189,69048939,204315.810501
2024-07-11,SZ301191,菲菱科思,67.18,1160574,26139425,69342000,465839.556
2024-07-11,BJ920267,鑫汇科,11.33,491665,25156659,49982941,56630.672153
2024-07-11,SH688327,云从科技,11.05,13574121,753199260,1036938787,1145817.359635
2024-07-11,BJ920271,邦德股份,9.6,726599,51900498,118930000,114172.8
2024-07-11,SZ001270,*ST铖昌,30.7,4726684,101391963,207269561,636317.55227
2024-07-11,SZ301160,翔楼新材,36.88,815000,42012667,79183314,292028.062032
2024-07-11,SH688119,中钢洛耐,3.29,3441150,571500000,1125000000,370125
2024-07-11,SZ301298,东利机械,13.07,2219100,77755808,146800000,191867.6
2024-07-11,SH688251,井松智能,11.39,565014,52058525,86006810,97961.75659
2024-07-11,SZ301125,腾亚精工,9.12,3482316,58972420,141757920,129283.22304
2024-07-11,SH688348,昱能科技,41.43,2095104,80587083,156277435,647457.413205
2024-07-11,SH688120,华海清科,124.43,2008619,169972620,236724893,2945567.843599
2024-07-11,SZ301266,宇邦新材,32.26,10077319,37500674,104000674,335506.174324
2024-07-11,BJ920223,荣亿精密,3.65,10121408,80163750,157285000,57409.025
2024-07-11,BJ920299,灿能电力,6.21,1176456,29462654,90109276,55957.860396
2024-07-11,BJ920491,奥迪威,11.82,1413682,114147977,141148348,166837.347336
2024-07-11,SZ301286,侨源股份,27.15,253284,39725000,400100000,1086271.5
2024-07-11,SZ301238,瑞泰新材,14.73,8043500,213333300,733333300,1080199.9509
2024-07-11,BJ920564,天润科技,8.87,2033646,33782457,74529018,66107.238966
2024-07-11,SZ301156,美农生物,13.1,2910370,68782036,145191440,190200.7864
2024-07-11,BJ920378,泰德股份,4.05,2555259,97510916,155526000,62988.03
2024-07-11,SH688349,三一重能,24.69,1893119,188285715,1226404215,3027992.006835
2024-07-11,SZ301289,国缆检测,40.82,1407200,25349901,78000000,318396
2024-07-11,SZ001226,拓山重工,23.34,3503500,18666700,74666700,174272.0778
2024-07-11,SZ301220,亚香股份,25.12,1164700,47409999,80800000,202969.6
2024-07-11,SZ301302,华如科技,16.37,2834332,86580000,158205000,258981.585
2024-07-11,SZ001323,慕思股份,28.57,565169,77932500,400010000,1142828.57
2024-07-11,SZ001316,润贝航科,28.9,566600,28417425,82213000,237595.57
2024-07-11,SH688047,龙芯中科,89.52,1804638,279644729,401000000,3589752
2024-07-11,BJ920943,优机股份,7.08,521111,41202108,101521378,71877.135624
2024-07-11,SH688297,中无人机,30.37,2480741,271621943,675000000,2049975
2024-07-11,SZ301112,信邦智能,22.13,5694683,36256909,110266600,244019.9858
2024-07-11,SZ001268,联合精密,16.19,1876900,41672609,107933334,174744.067746
2024-07-11,SH601089,福元医药,13.99,2217806,205346413,480000000,671520
2024-07-11,SZ001309,德明利,98.71,8878916,87198225,147586231,1456823.686201
2024-07-11,SH688237,超卓航科,19,561779,44086271,89603310,170246.289
2024-07-11,SZ301234,五洲医疗,21.74,771476,18428000,68000000,147832
2024-07-11,BJ920870,恒进感应,7.91,2752117,66002900,134000000,105994
2024-07-11,SZ301239,普瑞眼科,35.55,3801823,70789463,149619048,531895.71564
2024-07-11,SZ301233,盛帮股份,36.76,842564,18668550,51470000,189203.72
2024-07-11,BJ920821,则成电子,19.98,9933244,50877946,98829928,197462.196144
2024-07-11,SH688400,凌云光,15.44,2381182,239722415,463500000,715644
2024-07-11,SZ301208,中亦科技,26.16,3544740,43374060,120000060,313920.15696
2024-07-11,SH688322,奥比中光,26.2,3148097,257064800,400001000,1048002.62
2024-07-11,SH688053,ST思科瑞,21.46,1218831,43273800,100000000,214600
2024-07-11,SZ301139,元道通信,21.41,3325481,71723517,121580800,260304.4928
2024-07-11,SZ301175,中科环保,4.49,7621300,617174100,1471880000,660874.12
2024-07-11,SZ301312,智立方,39.8,6109556,25817366,87334720,347592.1856
2024-07-11,BJ920639,晨光电缆,3.91,757307,117215883,201600000,78825.6
2024-07-11,SH603235,天新药业,26.37,1286608,147065200,437780000,1154425.86
2024-07-11,SH688353,华盛锂电,16.84,709626,61296393,159500000,268598
2024-07-11,BJ920062,科润智控,4.91,727137,129477105,186586277,91613.862007
2024-07-11,SZ001230,劲旅环境,14.06,601740,54077714,133496097,187695.512382
2024-07-11,SH603170,宝立食品,11.74,1422790,158810000,400010000,469611.74
2024-07-11,SH688332,中科蓝讯,54.4,1129118,43121401,120305250,654460.56
2024-07-11,BJ920725,惠丰钻石,9.27,246330,42077762,92250000,85515.75
2024-07-11,BJ920871,派特尔,5.53,221368,38843932,73737616,40776.901648
2024-07-11,SH688231,隆达股份,13.38,1311796,122845906,246857143,330294.857334
2024-07-11,SH688375,国博电子,43.48,672074,264050737,596014900,2591472.7852
2024-07-11,SH688382,益方生物,7.2,8230440,396882285,576717665,415236.7188
2024-07-11,SZ001336,楚环科技,18.05,4546173,28557260,80373500,145074.1675
2024-07-11,SH603211,晋拓股份,14.28,10162702,67952000,271808000,388141.824
2024-07-11,SZ301306,西测测试,34.31,3812400,39280000,84400000,289576.4
2024-07-11,SZ001258,立新能源,6.7,15618790,468712334,933333334,625333.33378
2024-07-11,SH688253,英诺特,35.99,1992197,68413281,136060816,489682.876784
2024-07-11,SZ301269,华大九天,73.22,2144533,263323246,542941768,3975419.625296
2024-07-11,SH603201,常润股份,16.1,1308749,64255335,157934935,254275.24535
2024-07-11,SH688130,晶华微,28.79,799599,21106000,66560000,191626.24
2024-07-11,SZ301195,北路智控,29.92,2965804,46147740,131521740,393513.04608
2024-07-11,SZ301333,诺思格,37.23,2657294,56731200,96000000,357408
2024-07-11,SH688371,菲沃泰,9.67,1824080,123702777,335472356,324401.768252
2024-07-11,SZ301278,快可电子,32.66,1626220,33728500,83322800,272132.2648
2024-07-11,SH688373,盟科药业,4.27,4835613,347938516,655210084,279774.705868
2024-07-11,SZ001236,弘业期货,6.69,4939900,326435656,1007777778,674203.333482
2024-07-11,SH688380,中微半导,17,2847492,145835736,400365000,680620.5
2024-07-11,SZ301308,江波龙,98.29,9581241,115839860,415981564,4088682.792556
2024-07-11,SZ301095,广立微,40.68,2439900,107337868,200000000,813600
2024-07-11,BJ920985,海泰新能,5.13,1676304,134469079,309476200,158761.2906
2024-07-11,SZ301121,紫建电子,36.17,1570806,29561830,70803184,256095.116528
2024-07-11,SZ001229,魅视科技,25.83,2593610,29405909,100000000,258300
2024-07-11,SZ301197,工大科雅,13.24,3977232,81888000,120540000,159594.96
2024-07-11,SH688205,德科立,28.2,2101761,67793833,120892825,340917.7665
2024-07-11,SZ301132,满坤科技,31.67,19212497,43475500,147470000,467037.49
2024-07-11,SZ301318,维海德,27.32,1968653,58513721,135130876,369177.553232
2024-07-11,SH688273,麦澜德,20.08,889809,35826790,100000000,200800
2024-07-11,SZ301192,泰祥股份,16.98,1350974,47868750,99900000,169630.2
2024-07-11,SH688041,海光信息,72.99,14592528,885181181,2324338091,16965343.726209
2024-07-11,SZ301336,趣睡科技,29.43,336200,25746624,40000000,117720
2024-07-11,SZ001339,智微智能,27.55,6765982,72752251,250791426,690930.37863
2024-07-11,SZ301338,凯格精机,31.05,3174860,34300000,106400000,330372
2024-07-11,SH688203,海正生材,8.49,1612311,113469826,202678068,172073.679732
2024-07-11,SH688401,路维光电,23.88,2190778,114397221,193333720,461680.92336
2024-07-11,SZ301330,熵基科技,22.17,1330292,66352349,194679508,431604.469236
2024-07-11,SZ301321,翰博高新,11.02,2804200,147409427,186435000,205451.37
2024-07-11,SZ001330,博纳影业,4.75,24551344,1055178085,1374518984,652896.5174
2024-07-11,SH688403,汇成股份,8.39,6488051,569915332,834853281,700441.902759
2024-07-11,SH603255,鼎际得,22.23,1387845,60675248,135526667,301275.780741
2024-07-11,SH688292,浩瀚深度,14.89,2229791,86073183,158346667,235778.187163
2024-07-11,SZ001222,源飞宠物,12.17,893640,78638000,190890000,232313.13
2024-07-11,SZ001231,农心科技,13.83,833300,35486500,100000000,138300
2024-07-11,SZ301300,远翔新材,32.84,10444630,30341667,64150000,210668.6
2024-07-11,SZ301171,易点天下,14.67,10765664,308775025,471885905,692256.622635
2024-07-11,BJ920834,三维装备,4.47,503235,32964004,120000005,53640.002235
2024-07-11,SH688271,联影医疗,107.39,2627453,592230176,824157988,8850632.633132
2024-07-11,SZ000670,盈方微,4.41,16784700,722106712,849287360,374535.72576
2024-07-11,SH688381,帝奥微,19.99,5409149,186354900,252200000,504147.8
2024-07-11,SH688247,宣泰医药,8.33,1614723,140546500,453340000,377632.22
2024-07-11,SZ301209,联合化学,20.94,1649089,24500000,80000000,167520
2024-07-11,SH688370,丛麟科技,15.89,252239,43769916,138320000,219790.48
2024-07-11,SZ301282,金禄电子,20.93,12842550,72139968,151139968,316335.953024
2024-07-11,SH688439,振华风光,60.85,3909421,113106682,200000000,1217000
2024-07-11,SH688416,恒烁股份,31.09,1445815,46975277,82637279,256919.300411
2024-07-11,SZ301152,天力锂能,25.99,6142259,75102307,121982307,317032.015893
2024-07-11,SZ001259,利仁科技,21.61,3555000,21928888,73588888,159025.586968
2024-07-11,SH603237,五芳斋,16.3,744250,121875642,198273527,323185.84901
2024-07-11,SZ301270,汉仪股份,23.29,1290100,74061625,100000000,232900
2024-07-11,SZ301115,联检科技,13.47,2469727,105552954,185248000,249529.056
2024-07-11,SH688351,微电生理,21.76,2251016,123350281,470600000,1024025.6
2024-07-11,BJ920152,昆工科技,8.47,421764,83687475,108591700,91977.1699
2024-07-11,BJ920395,朗鸿科技,6.59,527701,64187760,127554000,84058.086
2024-07-11,SZ301283,聚胶股份,27.9,616172,45456179,80000000,223200
2024-07-11,BJ920790,联迪信息,6.78,1321693,54348958,78967020,53539.63956
2024-07-11,SZ301296,新巨丰,7.28,3989842,271679453,420000000,305760
2024-07-11,BJ920270,天铭科技,6.99,172329,81104317,104616000,73126.584
2024-07-11,SH688293,奥浦迈,28.12,357602,77772633,114772460,322740.15752
2024-07-11,SZ001283,豪鹏科技,41.4,802700,57749571,82184344,340243.18416
2024-07-11,SZ001331,胜通能源,12.89,1684240,42000000,168000000,216552
2024-07-11,SZ301328,维峰电子,39.84,4005302,34133841,109893594,437816.078496
2024-07-11,SZ301231,荣信文化,17.96,7463981,53900000,84400000,151582.4
2024-07-11,SZ301276,嘉曼服饰,21.27,324403,38741730,108000000,229716
2024-07-11,SH603182,嘉华股份,10.54,1284100,93078672,164550000,173435.7
2024-07-11,SZ301349,信德新材,28.25,593332,42139253,102000000,288150
2024-07-11,SH688114,华大智造,44.69,1018166,212668237,415637624,1857484.541656
2024-07-11,SZ301339,通行宝,19.62,12419300,120043478,407000000,798534
2024-07-11,SH688391,钜泉科技,29.76,541615,61755346,120461142,358492.358592
2024-07-11,SZ301205,联特科技,63,3306406,67958280,129744000,817387.2
2024-07-11,SZ301161,唯万密封,15.22,1672246,53328000,120000000,182640
2024-07-11,SH688455,科捷智能,8.03,470083,129725414,180849167,145221.881101
2024-07-11,SH688184,ST帕瓦,12.67,929872,95002691,161253874,204308.658358
2024-07-11,SZ301327,华宝新能,59.64,654420,34634166,124800000,744307.2
2024-07-11,SZ301309,万得凯,24.8,358328,25000000,100000000,248000
2024-07-11,SZ001238,浙江正特,19.95,295500,31977125,110000000,219450
2024-07-11,SH688035,德邦科技,30.6,1536083,87516668,142240000,435254.4
2024-07-11,SZ001332,锡装股份,22.34,414995,27000000,108000000,241272
2024-07-11,SZ301326,捷邦科技,37.7,9249859,26875368,72192828,272166.96156
2024-07-11,SZ301331,恩威医药,22.5,435736,33101703,102891887,231506.74575
2024-07-11,SH688448,磁谷科技,17.49,629036,41394735,71261100,124635.6639
2024-07-11,SH688428,诺诚健华,8.88,5783264,260178170,1762582452,1565173.217376
2024-07-11,SZ301369,联动科技,42.05,1685063,24262768,69766268,293367.15694
2024-07-11,SH688132,邦彦技术,16.86,739407,107412366,152225204,256651.693944
2024-07-11,BJ920207,众诚科技,7.13,1683757,55721968,93995000,67018.435
2024-07-11,SZ301227,森鹰窗业,17.75,557594,33737475,94800000,168270
2024-07-11,SH688387,信科移动,5.06,9095645,1362221075,3418750000,1729887.5
2024-07-11,SH603057,紫燕食品,14.87,876300,68061925,414260500,616005.3635
2024-07-11,SZ301366,一博科技,30.49,3932382,54711034,150000001,457350.003049
2024-07-11,SH688252,天德钰,15.92,7563535,181297167,409021341,651161.974872
2024-07-11,SH688392,骄成超声,38.6,1452127,68670761,114800000,443128
2024-07-11,BJ920971,天马新材,9.27,569988,84690302,106728002,98936.857854
2024-07-11,BJ920122,中纺标,35,905361,20794903,92242108,322847.378
2024-07-11,SZ301285,鸿日达,24.22,3116030,78709808,206670000,500554.74
2024-07-11,SZ301176,逸豪新材,22.49,13678728,56355556,169066667,380230.934083
2024-07-11,BJ920402,硅烷科技,6.82,4331762,422060067,422060067,287844.965694
2024-07-11,SZ301319,唯特偶,28.07,911280,38641413,85028000,238673.596
2024-07-11,SH688275,万润新能,29.16,1165713,78926687,126118463,367761.438108
2024-07-11,SH688137,近岸蛋白,31.1,248224,32327115,70175439,218245.61529
2024-07-11,SZ001269,欧晶科技,26.17,4230570,83898729,192405835,503526.070195
2024-07-11,SZ301313,凡拓数创,20.29,3924171,65675966,104693400,212422.9086
2024-07-11,SZ001255,博菲电气,21.2,1212100,20000000,80000000,169600
2024-07-11,BJ920685,新芝生物,7.21,229845,44584441,91515941,65982.993461
2024-07-11,SH688409,富创精密,36.08,3394469,176916164,308027995,1111365.00596
2024-07-11,SH688073,毕得医药,31,1002712,42325342,90882948,281737.1388
2024-07-11,SH603052,可川科技,29.77,3107995,40964000,134848000,401442.496
2024-07-11,SH688459,哈铁科技,8.17,555301,171166706,480000000,392160
2024-07-11,SZ301363,美好医疗,28.63,1303842,112160000,406660000,1164267.58
2024-07-11,BJ920046,亿能电力,9.43,4472845,45290987,101150000,95384.45
2024-07-11,SZ301316,慧博云通,14.81,4448859,242826503,400010000,592414.81
2024-07-11,SH603163,圣晖集成,25.6,304850,35002750,100000000,256000
2024-07-11,BJ920476,海能技术,8.61,3472761,64387595,84579800,72823.2078
2024-07-11,BJ920992,中科美菱,8.12,969428,27898177,96730934,78545.518408
2024-07-11,SH688061,灿瑞科技,25.3,1107222,42436097,114889391,290670.15923
2024-07-11,SH688031,星环科技,34.01,1420638,93111472,120842068,410983.873268
2024-07-11,SH603151,邦基科技,10.11,2003750,80832000,168000000,169848
2024-07-11,SH688244,永信至诚,24.35,272657,48202743,102234195,248940.264825
2024-07-11,SZ301299,卓创资讯,41.93,1061871,35182438,60000000,251580
2024-07-11,SZ001300,三柏硕,10.98,3503400,66219087,243775914,267665.953572
2024-07-11,SZ301273,瑞晨环保,15.49,835500,34629292,71641792,110973.135808
2024-07-11,SZ301380,挖金客,32.44,941900,30156897,69925816,226839.347104
2024-07-11,SH688426,康为世纪,15.58,754469,36985399,112493716,175265.209528
2024-07-11,SZ301223,中荣股份,14.83,473000,112015060,193127560,286408.17148
2024-07-11,SH688291,金橙子,16.41,711105,32383365,102666700,168476.0547
2024-07-11,SZ001322,箭牌家居,7.23,3160500,165612800,970122000,701398.206
2024-07-11,SH688372,伟测科技,36.32,1653424,77185381,113373910,411774.04112
2024-07-11,BJ920527,夜光明,6.91,288349,36215487,60042700,41489.5057
2024-07-11,BJ920139,华岭股份,8.94,843960,258541173,266800000,238519.2
2024-07-11,SH688152,麒麟信安,33.7,988345,30315493,78738639,265349.21343
2024-07-11,SZ001299,美能能源,11.87,2226400,51265439,187579697,222657.100339
2024-07-11,SZ301389,隆扬电子,16.46,20715459,82077047,283500000,466641
2024-07-11,SZ001298,好上好,20.44,15133307,105196185,204867600,418749.3744
2024-07-11,BJ920753,天纺标,22.58,1338991,31483900,81404368,183811.062944
2024-07-11,SZ301379,天山电子,18.08,4062800,93425500,141876000,256511.808
2024-07-11,SZ301230,泓博医药,22.33,3689599,76860305,139586605,311696.888965
2024-07-11,SZ301367,瑞迈特,59.52,679889,56524786,89600000,533299.2
2024-07-11,SZ301267,华厦眼科,20.6,5026562,328828875,840000000,1730400
2024-07-11,SH688419,耐科装备,30,1340899,21399293,82000000,246000
2024-07-11,SH603280,南方路机,18.55,1490400,27941667,108406667,201094.367285
2024-07-11,SZ301388,欣灵电气,23.38,9334443,32590653,102447600,239522.4888
2024-07-11,SZ301359,东南电子,21.78,2491516,26370681,85840000,186959.52
2024-07-11,BJ920876,慧为智能,8.28,1336591,38139476,64180659,53141.585652
2024-07-11,SH688432,有研硅,9.67,2762427,501511168,1247621058,1206449.563086
2024-07-11,BJ920914,远航精密,7.9,879258,100000000,100000000,79000
2024-07-11,SZ301396,宏景科技,20.73,4946739,50943699,109655391,227315.625543
2024-07-11,SZ301356,天振股份,12.19,775680,54810000,216000000,263304
2024-07-11,SZ301277,新天地,13.04,3972569,70056000,280056000,365193.024
2024-07-11,SZ001338,永顺泰,9.83,8460000,235954481,501730834,493201.409822
2024-07-11,SZ301361,众智科技,26.95,6655117,29084000,116336000,313525.52
2024-07-11,SH688362,甬矽电子,20.15,4568272,276177400,408412400,822950.986
2024-07-11,BJ920339,恒太照明,3.86,168152,151897135,220203800,84998.6668
2024-07-11,BJ920808,曙光数创,35.76,711949,194619464,200000001,715200.003576
2024-07-11,SZ301335,天元宠物,15.88,826914,49875004,126000000,200088
2024-07-11,SH688376,美埃科技,29.51,692912,49615257,134400000,396614.4
2024-07-11,SH603130,云中马,18.11,1070181,51063450,137514200,249038.2162
2024-07-11,BJ920357,雅葆轩,13.88,2732016,33963800,80080000,111151.04
2024-07-11,SZ301165,锐捷网络,32.34,5199629,68181818,568181818,1837499.999412
2024-07-11,SZ301377,鼎泰高科,19.42,14510543,71024000,410000000,796220
2024-07-11,SZ301365,矩阵股份,10.28,1501100,46350000,180000000,185040
2024-07-11,BJ920634,新威凌,10.75,2792110,32881730,62322000,66996.15
2024-07-11,BJ920237,力佳科技,10.12,285471,44313799,66456000,67253.472
2024-07-11,SH688480,赛恩斯,27.15,500452,62841646,95326179,258810.575985
2024-07-11,BJ920662,方盛股份,8.85,449428,24580687,87550002,77481.75177
2024-07-11,BJ920374,云里物里,8.81,741109,30294202,81518000,71817.358
2024-07-11,SZ301290,东星医疗,20.43,802800,66505249,100173334,204654.121362
2024-07-11,SZ301311,昆船智能,17.56,2177915,87242367,240000000,421440
2024-07-11,SZ301391,卡莱特,41.34,1224746,49316695,95014811,392791.228674
2024-07-11,BJ920199,倍益康,10.25,247391,37201495,68109800,69812.545
2024-07-11,BJ920641,格利尔,5.9,1431268,26088670,77315000,45615.85
2024-07-11,SH688489,三未信安,26.33,411914,49641555,114328916,301028.035828
2024-07-11,SZ001256,炜冈科技,13.58,741648,40942880,142612558,193667.853764
2024-07-11,BJ920110,雷特科技,18.35,485475,12027000,39000000,71565
2024-07-11,BJ920300,辰光医疗,6.76,322830,60093167,85847126,58032.657176
2024-07-11,BJ920087,秋乐种业,6.01,979209,160561325,165200000,99285.2
2024-07-11,SZ001333,光华股份,16.31,461698,44000000,128000000,208768
2024-07-11,SH601022,宁波远洋,8.61,9645400,248633334,1308633334,1126733.300574
2024-07-11,BJ920942,恒立钻具,7.78,96559,33321970,61327100,47712.4838
2024-07-11,SH688084,晶品特装,41.27,399651,36089250,75659066,312244.965382
2024-07-11,BJ920230,欧康医药,8.88,749780,18907851,75631404,67160.686752
2024-07-11,BJ920866,绿亨科技,5.07,202562,66859807,180205900,91364.3913
2024-07-11,SH688503,聚和材料,26.12,2548502,178824895,242033643,632191.875516
2024-07-11,SH688420,美腾科技,19.45,211157,31161200,88430000,171996.35
2024-07-11,BJ920414,欧普泰,5.79,1340497,47118393,79748171,46174.191009
2024-07-11,SZ001223,欧克科技,35.52,731068,16680000,66680000,236847.36
2024-07-11,SH688143,长盈通,18.32,2005778,93064769,122374426,224189.948432
2024-07-11,BJ920014,特瑞斯,7.24,630850,46258810,125705240,91010.59376
2024-07-11,BJ920957,汉维科技,5.93,210613,26825334,107301334,63629.691062
2024-07-11,BJ920075,柏星龙,11,294896,24623750,64815000,71296.5
2024-07-11,BJ920429,康比特,10.71,513288,80157509,124500000,133339.5
2024-07-11,SZ301368,丰立智能,42.76,4802053,64121440,120100000,513547.6
2024-07-11,SZ301398,星源卓镁,40.01,2298586,23900000,80000000,320080
2024-07-11,BJ920571,国航远洋,3.81,10126852,219750276,555407453,211610.239593
2024-07-11,BJ920608,丰安股份,7.88,889991,26116461,62240000,49045.12
2024-07-11,SZ301265,华新环保,7.75,1448478,169797152,302973182,234804.21605
2024-07-11,BJ920810,春光智能,5.42,923172,25907039,68500000,37127
2024-07-11,SH688172,燕东微,16.05,2232604,459588878,1199104111,1924562.098155
2024-07-11,BJ920879,基康技术,7.26,798548,51955619,139497776,101275.385376
2024-07-11,BJ920807,奔朗新材,4.54,457410,97275812,181880000,82573.52
2024-07-11,SH688498,源杰科技,122.97,3317027,59314780,85461670,1050922.15599
2024-07-11,BJ920505,九菱科技,10.61,2972133,16142463,64867730,68824.66153
2024-07-11,BJ920033,康普化学,16.7,652631,83388062,119135250,198955.8675
2024-07-11,SH601136,首创证券,20.38,38695499,481483800,2733333800,5570534.2844
2024-07-11,BJ920526,凯华材料,18.02,2442987,25248892,82700000,149025.4
2024-07-11,BJ920718,合肥高科,9.35,367650,24392100,90666700,84773.3645
2024-07-11,BJ920247,华密新材,12.95,1445094,38455357,121187820,156938.2269
2024-07-11,SH688141,杰华特,15.13,4508328,252303816,446880000,676129.44
2024-07-11,SH688147,微导纳米,24,2191637,85553717,457678129,1098427.5096
2024-07-11,BJ920190,雷神科技,13.85,2101556,52541864,100000001,138500.001385
2024-07-11,SZ301280,珠城科技,38.29,1148150,26412600,97700100,374093.6829
2024-07-11,BJ920781,瑞奇智造,4.01,405455,91179133,140515504,56346.717104
2024-07-11,SH688410,山外山,11.88,3486870,234486660,321315646,381722.987448
2024-07-11,SZ301301,川宁生物,12.83,29650240,617272357,2227160000,2857446.28
2024-07-11,BJ920001,纬达光电,7.45,2406813,38424151,153656204,114473.87198
2024-07-11,SZ301255,通力科技,29.6,1183700,27200000,108800000,322048
2024-07-11,BJ920227,美登科技,18.59,152736,10537674,38941500,72392.2485
2024-07-11,SH688475,萤石网络,30.82,3510587,405364120,787500000,2427075
2024-07-11,SZ001301,尚太科技,39.8,2210612,159413600,260716100,1037650.078
2024-07-11,SH688496,清越科技,9.01,3822435,240906288,450000000,405450
2024-07-11,BJ920855,浙江大农,7.41,163722,20878406,74733333,55377.399753
2024-07-11,BJ920351,华光源海,5.76,798256,35260439,88035439,50708.412864
2024-07-11,SZ301105,鸿铭股份,24.5,433600,16437497,50000000,122500
2024-07-11,BJ920262,太湖雪,9.7,120760,15496928,53164758,51569.81526
2024-07-11,BJ920392,佳合科技,8.1,275231,15132400,58700000,47547
2024-07-11,BJ920195,三祥科技,7.16,824752,39229000,98030000,70189.48
2024-07-11,SH688525,佰维存储,66.73,23372592,248039261,429625672,2866892.109256
2024-07-11,SZ301297,富乐德,20.68,7908500,138390000,338390000,699790.52
2024-07-11,SH688506,百利天恒,161.98,1851551,90450990,401000000,6495398
2024-07-11,BJ920950,迅安科技,10.98,200338,15600000,61100000,67087.8
2024-07-11,SH688485,九州一轨,7.34,579992,84597763,150292062,110314.373508
2024-07-11,BJ920371,欧福蛋业,4.1,762666,54319994,205445536,84232.66976
2024-07-11,SH688435,英方软件,23.92,582197,45947915,83500000,199732
2024-07-11,BJ920252,天宏锂电,7.25,1649543,56094484,102650665,74421.732125
2024-07-11,SZ301317,鑫磊股份,15.35,448183,44800000,157190000,241286.65
2024-07-11,SH603173,福斯达,21.19,1552100,49540000,160000000,339040
2024-07-11,BJ920425,乐创技术,10.08,1122515,41050963,50668963,51074.314704
2024-07-11,SH603281,江瀚新材,23.42,1593018,251693916,373333334,874346.668228
2024-07-11,SH601059,信达证券,13.99,11992307,691600000,3243000000,4536957
2024-07-11,BJ920023,田野股份,2.34,3520602,247029680,327304000,76589.136
2024-07-11,BJ920802,保丽洁,8.03,201470,15873918,63083300,50655.8899
2024-07-11,SZ301260,格力博,15.04,11333241,212330870,489259543,735846.352672
2024-07-11,SZ301373,凌玮科技,23.34,548397,37377731,108472091,253173.860394
2024-07-11,BJ920367,新赣江,9.5,672771,19647450,70861250,67318.1875
2024-07-11,SZ301358,湖南裕能,29.03,8397345,383433146,757253070,2198305.66221
2024-07-11,SZ301419,阿莱德,24.3,976600,44800000,100000000,243000
2024-07-11,SH688515,裕太微,57.15,1147209,45772427,80000000,457200
2024-07-11,SZ001314,亿道信息,36.31,3846377,51763654,141488860,513746.05066
2024-07-11,SH688307,中润光学,20.62,973617,57049322,88000000,181456
2024-07-11,SH603307,扬州金泉,33.46,395400,17000000,67000000,224182
2024-07-11,SZ001260,坤泰股份,13.88,1202900,31750000,115000000,159620
2024-07-11,BJ920407,驰诚股份,8.27,711698,25851150,65680000,54317.36
2024-07-11,SH603190,亚通精工,22.96,1301459,40519480,120000000,275520
2024-07-11,BJ920249,利尔达,3.48,2791595,114538843,421630000,146727.24
2024-07-11,SZ301303,真兰仪表,11.4,1868194,102200000,408800000,466032
2024-07-11,BJ920273,一致魔芋,9.58,83982,26871000,73754000,70656.332
2024-07-11,SH688486,龙迅股份,56.46,896477,55912551,102280590,577476.21114
2024-07-11,SZ001225,和泰机电,27.14,285300,18166453,64666800,175505.6952
2024-07-11,BJ920906,舜宇精工,9.92,778477,33183223,64970000,64450.24
2024-07-11,BJ920478,峆一药业,11.71,536912,34233522,56220500,65834.2055
2024-07-11,SZ001311,多利科技,24.71,2116528,60625447,238853334,590206.588314
2024-07-11,BJ920770,艾能聚,5.12,1943689,65814343,130132175,66627.6736
2024-07-11,BJ920422,润普食品,4.87,158547,55715876,88482710,43091.07977
2024-07-11,SH688522,纳睿雷达,52.6,3341132,84786202,216533520,1138966.3152
2024-07-11,SZ301408,华人健康,10.31,3488742,149171303,400010000,412410.31
2024-07-11,SZ001337,四川黄金,24.29,7587994,288456000,420000000,1020180
2024-07-11,SH603061,金海通,60.31,483700,41826334,60000000,361860
2024-07-11,SZ301322,绿通科技,18.85,968860,96215198,146769897,276661.255845
2024-07-11,SZ001366,播恩集团,10.66,1800400,55680000,160680000,171284.88
2024-07-11,SZ001278,一彬科技,15.21,2173852,50534501,123733400,188198.5014
2024-07-11,BJ920974,凯大催化,5.17,2375478,106923396,163800000,84684.6
2024-07-11,SZ301157,华塑科技,31.27,595200,20660055,60000000,187620
2024-07-11,SH688502,茂莱光学,90.8,619862,16364577,52800000,479424
2024-07-11,SH601121,宝地矿业,5.98,6213119,378726471,800000000,478400
2024-07-11,BJ920541,铁大科技,4.65,938454,90058684,136700000,63565.5
2024-07-11,SZ001368,通达创智,18.67,772000,31695475,113867600,212590.8092
2024-07-11,SH603153,上海建科,16.13,2597700,135000000,409861106,661105.963978
2024-07-11,BJ920057,百甲科技,3.12,1427863,116250279,181263297,56554.148664
2024-07-11,BJ920575,康乐卫士,20.86,1014343,186834680,280940000,586040.84
2024-07-11,BJ920663,明阳科技,9.12,385071,30383780,103200000,94118.4
2024-07-11,SH603282,亚光股份,16.27,545400,64184459,133820000,217725.14
2024-07-11,SH603073,彩蝶实业,14.1,643003,37422305,116000000,163560
2024-07-11,SZ301439,泓淋电力,12.34,1819519,183246924,389101809,480151.632306
2024-07-11,BJ920556,雅达股份,3.85,624095,79826254,161315200,62106.352
2024-07-11,SZ301378,通达海,24.45,6410169,43862109,96600000,236187
2024-07-11,SZ301246,宏源药业,13.4,3558062,148945550,400006800,536009.112
2024-07-11,SZ301345,涛涛车业,51.45,895347,29333600,109333600,562521.372
2024-07-11,SH603065,宿迁联盛,7.22,2873681,196673455,418967572,302494.586984
2024-07-11,BJ920809,安达科技,3.73,726718,331643148,611510821,228093.536233
2024-07-11,SH603291,联合水务,12.23,1070800,129943077,423220604,517598.798692
2024-07-11,SZ301314,科瑞思,35.92,2551240,16250000,55250000,198458
2024-07-11,SH603162,海通发展,9.41,7960161,258836756,915353148,861347.312268
2024-07-11,SH600925,苏能股份,5.03,8258372,1606048586,6888888889,3465111.111167
2024-07-11,SZ301386,未来电器,20.41,1368550,42921004,140000000,285740
2024-07-11,BJ920792,东和新材,5.38,143851,54214291,165540000,89060.52
2024-07-11,SH688531,日联科技,42.66,1332390,69009590,114504414,488475.830124
2024-07-11,SZ301141,中科磁业,31.9,5334440,39243788,124032605,395664.00995
2024-07-11,BJ920261,一诺威,6.66,567460,127091933,291132748,193894.410168
2024-07-11,SH688343,云天励飞,27.02,5054969,257860413,355133720,959571.31144
2024-07-11,SZ301281,科源制药,22.28,1417959,62552000,108290000,241270.12
2024-07-11,SH688535,华海诚科,69.86,2189194,39750678,80696453,563745.420658
2024-07-11,SZ301203,国泰环保,28,287542,30510440,80000000,224000
2024-07-11,BJ920895,花溪科技,7.31,564098,18576900,56524000,41319.044
2024-07-11,SH688484,南芯科技,36.82,7073941,253955532,423530000,1559437.46
2024-07-11,SZ001286,陕西能源,12.07,26523441,1050000000,3750000000,4526250
2024-07-11,SH601065,江盐集团,8.78,3686063,416256079,642776079,564357.397362
2024-07-11,SZ001360,南矿集团,12.99,5012583,81781146,204000000,264996
2024-07-11,SH601061,中信金属,7.29,23262606,501153847,4900000000,3572100
2024-07-11,SH603125,常青科技,18.49,2653398,69803000,279197500,516236.1775
2024-07-11,SH603135,中重科技,12.53,1371728,180799340,450000000,563850
2024-07-11,SZ001287,中电港,16.17,5283802,437394498,759900097,1228758.456849
2024-07-11,SH601133,柏诚股份,10.52,5540100,147500000,522500000,549670
2024-07-11,SZ001367,海森药业,23.43,558405,26154671,100640000,235799.52
2024-07-11,SZ001328,登康口腔,24.87,1744046,43043500,172173800,428196.2406
2024-07-11,BJ920593,鼎智科技,17.76,1340866,56783051,134461709,238803.995184
2024-07-11,SZ301429,森泰股份,14.68,1055916,44041133,118220000,173546.96
2024-07-11,SH688433,华曙高科,19.63,676069,177400803,414168800,813013.3544
2024-07-11,SZ301357,北方长龙,28.41,3700480,23800000,95200000,270463.2
2024-07-11,SH688539,高华科技,26.95,845561,69264580,185920000,501054.4
2024-07-11,SZ301387,光大同创,32.49,2760214,26600000,106491000,345989.259
2024-07-11,BJ920304,迪尔化工,6.3,1044666,78828854,162288000,102241.44
2024-07-11,SH688507,索辰科技,44.6,838144,45504743,89108784,397425.17664
2024-07-11,BJ920896,旺成科技,6.48,454682,25461001,101224240,65593.30752
2024-07-11,SH603137,恒尚节能,10.17,740715,73733334,182933334,186043.200678
2024-07-11,SH688352,颀中科技,11.79,7274014,285703333,1189037288,1401874.962552
2024-07-11,SH688146,中船特气,29.79,1410598,97588489,529411765,1577117.647935
2024-07-11,SH688478,晶升股份,29.87,3234485,95331561,138366096,413299.528752
2024-07-11,SZ301307,美利信,19.58,3125014,107007560,210600000,412354.8
2024-07-11,BJ920694,中裕科技,10.2,132002,25125141,102298000,104343.96
2024-07-11,BJ920394,民士达,12.95,308602,42788750,146250000,189393.75
2024-07-11,SZ301360,荣旗科技,44.91,2924196,24680000,53340000,239549.94
2024-07-11,SZ301293,三博脑科,36.12,4452000,160945692,205986987,744024.997044
2024-07-11,SH688249,晶合集成,15.28,10641290,1178563520,2006135157,3065374.519896
2024-07-11,SZ301390,经纬股份,30.89,1396700,29409000,60000000,185340
2024-07-11,BJ920699,海达尔,17.35,569933,12625300,45625300,79159.8955
2024-07-11,SH688469,芯联集成,3.95,32115663,4395960000,7053657113,2786194.559635
2024-07-11,SH603172,万丰股份,18.17,9764407,50080000,133380000,242351.46
2024-07-11,SH688479,友车科技,15.79,602562,58574924,144317400,227877.1746
2024-07-11,BJ920578,巨能股份,11.91,716445,23000000,76479097,91086.604527
2024-07-11,SZ301325,曼恩斯特,38.14,2723928,57894700,143892660,548806.60524
2024-07-11,BJ920837,华原股份,5.3,2467493,45732787,151712787,80407.77711
2024-07-11,SH688512,慧智微,7.9,4867393,202030592,457969548,361795.94292
2024-07-11,SZ001380,华纬科技,19.12,1301409,59469600,183009600,349914.3552
2024-07-11,SZ301382,蜂助手,17.81,4842660,137121677,220385490,392506.55769
2024-07-11,SH688552,航天南湖,15.23,1350943,83993352,337248000,513628.704
2024-07-11,SZ301332,德尔玛,8.82,3644422,264897500,461562500,407098.125
2024-07-11,BJ920006,晟楠科技,10.86,661971,30474000,90287200,98051.8992
2024-07-11,SH688361,中科飞测,51.11,3988207,244520575,320000000,1635520
2024-07-11,SZ301428,世纪恒通,29.26,8853295,61196667,98666667,288698.667642
2024-07-11,SH688581,安杰思,50.12,480866,40628696,80858800,405264.3056
2024-07-11,SZ001324,长青科技,15.66,1075938,81653600,138000000,216108
2024-07-11,SH688458,美芯晟,25.6,1349386,68034399,111536629,285533.77024
2024-07-11,SZ301305,朗坤科技,15.19,824500,124262700,243570700,369983.8933
2024-07-11,SZ301399,英特科技,19.73,1830932,31900000,127600000,251754.8
2024-07-11,SZ001282,三联锻造,19.32,1450943,55832000,158704000,306616.128
2024-07-11,SH688562,航天软件,13.96,1719419,169020000,400000000,558400
2024-07-11,BJ920471,美邦科技,9.1,306993,28584143,83200000,75712
2024-07-11,SZ301252,同星科技,28.2,2505715,32625000,116000000,327120
2024-07-11,BJ920719,宁新新材,8.42,524828,66562418,93093400,78384.6428
2024-07-11,SZ301337,亚华电子,26.81,4973600,38823725,104200000,279360.2
2024-07-11,SZ301353,普莱得,25.5,1129500,25000000,76000000,193800
2024-07-11,BJ920017,星昊医药,10.82,455069,78644874,122577200,132628.5304
2024-07-11,SH688593,新相微,9.53,2103714,319217288,459529412,437931.529636
2024-07-11,SZ001373,翔腾新材,24.79,993200,33131732,68686888,170274.795352
2024-07-11,BJ920779,武汉蓝电,19.32,253703,14313201,57200000,110510.4
2024-07-11,SH688523,航天环宇,16.44,1928593,85325295,406880000,668910.72
2024-07-11,SZ301310,鑫宏业,22.27,1151259,43100260,135938040,302734.01508
2024-07-11,SH688570,天玛智控,19.16,682702,70810000,433000000,829628
2024-07-11,SH688576,西山科技,62.98,528863,23857715,53001466,333803.232868
2024-07-11,SZ301323,新莱福,31.69,1101203,53395609,104922890,332500.63841
2024-07-11,BJ920221,易实精密,11.48,1626670,41274225,96700000,111011.6
2024-07-11,SH688623,双元科技,54.28,67223,14331056,59142700,321026.5756
2024-07-11,SZ301320,豪江智能,14.48,4551575,67700000,181200000,262377.6
2024-07-11,SZ301383,天键股份,27.83,7281924,64043000,162834000,453167.022
2024-07-11,SH688472,阿特斯,9.51,12841778,1384947027,3688217324,3507494.675124
2024-07-11,SZ301355,南王科技,9.95,4655509,97007928,195097928,194122.43836
2024-07-11,SZ301287,康力源,26.16,548503,16670000,66670000,174408.72
2024-07-11,SZ301232,飞沃科技,23.55,1097220,43757265,75162347,177007.327185
2024-07-11,SZ301225,恒勃股份,28.29,2151166,30180000,103380000,292462.02
2024-07-11,SZ301448,开创电气,21.12,2938207,47840000,104000000,219648
2024-07-11,SH688334,西高院,15.19,1626723,76055072,316579466,480884.208854
2024-07-11,SZ301262,海看股份,22.11,1493900,122075392,417000000,921987
2024-07-11,SH688443,智翔金泰,31.95,2096049,89320285,366680000,1171542.6
2024-07-11,SZ301315,威士顿,30.35,2870395,37000000,88000000,267080
2024-07-11,SH688543,国科军工,40.38,1243999,81652828,175701557,709482.887166
2024-07-11,SZ301376,致欧科技,20.21,1553200,127564629,401500000,811431.5
2024-07-11,BJ920455,汇隆活塞,3.85,2847070,43159059,177450000,68318.25
2024-07-11,BJ920651,天罡股份,13.16,177261,15274871,61000000,80276
2024-07-11,SZ301170,锡南科技,25.01,2637314,33575425,100000000,250100
2024-07-11,SH688620,安凯微,7.94,5533271,228398520,392000000,311248
2024-07-11,SH688629,华丰科技,27.08,7500949,164740844,460992831,1248368.586348
2024-07-11,SZ300804,广康生化,21.18,486849,27500000,74000000,156732
2024-07-11,SZ301295,美硕科技,19.7,3384421,28756000,100800000,198576
2024-07-11,SH688631,莱斯信息,56.05,2341507,61538900,163470000,916249.35
2024-07-11,SZ301397,溯联股份,29.58,1135470,45470000,100040000,295918.32
2024-07-11,SH688429,时创能源,14.15,531028,58376196,400000800,566001.132
2024-07-11,BJ920208,青矩技术,33.81,56882,11031807,68622656,232013.199936
2024-07-11,SZ301291,明阳电气,33.14,8499400,128071605,312200000,1034630.8
2024-07-11,SH688582,芯动联科,29.12,5684823,234681600,400010000,1164829.12
2024-07-11,SZ301210,金杨精密,27.38,1237609,30819006,82456356,225765.502728
2024-07-11,BJ920175,东方碳素,8.2,559376,60493299,119000000,97580
2024-07-11,BJ920717,瑞星股份,4.79,199362,33880000,114680000,54931.72
2024-07-11,SZ301395,仁信新材,9.97,2506284,108528000,202888000,202279.336
2024-07-11,SZ301488,豪恩汽电,52.99,2874127,23415000,92000000,487508
2024-07-11,SZ301202,朗威股份,26.92,2297400,37180000,136400000,367188.8
2024-07-11,SZ301486,致尚科技,42.14,2757533,71993055,128680995,542261.71293
2024-07-11,SZ301292,海科新源,12.53,1913940,84789440,222963178,279372.862034
2024-07-11,SH688603,天承科技,49.9,1627095,19897916,58136926,290103.26074
2024-07-11,SZ301261,恒工精密,41.15,4491476,37890196,87890196,361668.15654
2024-07-11,BJ920592,华信永道,14.35,1539966,17133976,62150000,89185.25
2024-07-11,SH688638,誉辰智能,29.36,101885,13332539,56000000,164416
2024-07-11,BJ920576,天力复合,15.91,457401,32417250,108950000,173339.45
2024-07-11,SZ301381,赛维时代,22.63,2157639,33446189,400100000,905426.3
2024-07-11,SZ301370,国科恒泰,10.9,4951374,70600000,470600000,512954
2024-07-11,SZ301393,昊帆生物,41,1256800,24727542,108000000,442800
2024-07-11,SZ301272,英华特,36.21,344592,14630000,58515700,211885.3497
2024-07-11,SZ301456,盘古智能,24.18,4669307,36576239,148584205,359276.60769
2024-07-11,BJ920751,惠同新材,7.98,1107231,46123500,86780000,69250.44
2024-07-11,SZ301329,信音电子,19.3,5392400,43000000,170200000,328486
2024-07-11,SZ301503,智迪科技,31.77,3470921,20000000,80000000,254160
2024-07-11,SH688627,精智达,41,1126579,21283369,94011754,385448.1914
2024-07-11,SZ301505,苏州规划,27.14,1657200,20861481,88000000,238832
2024-07-11,SH688563,航材股份,52.05,623915,73263074,450000000,2342250
2024-07-11,SH688610,埃科光电,30.7,542273,14410835,68000000,208760
2024-07-11,BJ920701,豪声电子,14,4489958,24501000,98000000,137200
2024-07-11,SZ301512,智信精密,46.28,2549137,13333400,53333400,246826.9752
2024-07-11,SH688602,康鹏科技,7.32,5159041,91173154,519375000,380182.5
2024-07-11,BJ920982,锦波生物,164.38,359335,30755906,88511800,1454956.9684
2024-07-11,SZ301499,维科精密,24.56,6421199,34563717,138254866,339553.950896
2024-07-11,SH688450,光格科技,21.79,643402,15746563,66000000,143814
2024-07-11,SZ301468,博盈特焊,22.16,499345,33000000,132000000,292512
2024-07-11,SZ301446,福事特,18.7,2363619,26000000,104000000,194480
2024-07-11,SZ301515,港通医疗,19.48,1389704,25000000,100000000,194800
2024-07-11,SH688612,威迈斯,26.3,741096,33680000,420957142,1107117.28346
2024-07-11,SZ301172,君逸数码,27.47,1531262,30238926,123200000,338430.4
2024-07-11,SH688651,盛邦安全,26.33,439237,16810687,75399000,198525.567
2024-07-11,SZ301519,舜禹股份,14.76,5098031,41160000,164160000,242300.16
2024-07-11,SH688646,ST逸飞,28.88,808450,19032522,95162608,274829.611904
2024-07-11,SZ301371,敷尔佳,29.82,791100,40080000,400080000,1193038.56
2024-07-11,SH603119,浙江荣泰,17.54,3295108,90742150,363742150,638003.7311
2024-07-11,SZ301518,长华化学,16.96,1180762,35050000,140178204,237742.233984
2024-07-11,SZ301509,金凯生科,32.11,2457215,30111669,120446669,386754.254159
2024-07-11,SZ301362,民爆光电,33.35,572332,25387630,104670000,349074.45
2024-07-11,SH688347,华虹公司,36.86,9531421,203875000,1717328145,6330071.54247
2024-07-11,BJ920926,鸿智科技,10.29,883626,16148368,60521738,62276.868402
2024-07-11,SH603296,华勤技术,58.19,3934116,85423397,1015479137,5909073.098203
2024-07-11,SZ301487,盟固利,25.46,3315244,58000000,459616438,1170183.451148
2024-07-11,SZ300904,威力传动,41.45,1225325,18096000,72383232,300028.49664
2024-07-11,SH688671,碧兴物联,19.17,943051,17707194,78518900,150520.7313
2024-07-11,SZ301348,蓝箭电子,33.2,9327741,50000000,200000000,664000
2024-07-11,BJ920058,华洋赛车,16.38,328865,14042392,56000000,91728
2024-07-11,SZ301372,科净源,24.46,969658,17142858,68571430,167725.71778
2024-07-11,SZ301510,固高科技,26.69,1868782,36707667,400010000,1067626.69
2024-07-11,SH688548,广钢气体,8.87,2432252,262203384,1319398521,1170306.488127
2024-07-11,SH688592,司南导航,39.32,746430,13664527,62160000,244413.12
2024-07-11,SZ301498,乖宝宠物,52.08,1077699,40004500,400044500,2083431.756
2024-07-11,BJ920748,路桥信息,14.56,2320381,13436034,76740000,111733.44
2024-07-11,SZ301511,德福科技,15.92,13326852,85952985,630322000,1003472.624
2024-07-11,SH688573,信宇人,20.01,983573,20772809,97754388,195606.530388
2024-07-11,BJ920504,博迅生物,11.54,504732,12485100,43333100,50006.3974
2024-07-11,SZ301533,威马农机,26.61,2025887,22881785,98306700,261594.1287
2024-07-11,SH688693,锴威特,32.2,3229221,17500001,73684211,237263.15942
2024-07-11,BJ920274,宏裕包材,8.19,331114,20333534,81333334,66612.000546
2024-07-11,SZ301418,协昌科技,37.09,981200,18333334,73333334,271993.335806
2024-07-11,SZ301469,恒达新材,24.74,1929202,21959940,89480000,221373.52
2024-07-11,SH603275,众辰科技,29.9,363301,37192963,148771851,444827.83449
2024-07-11,BJ920953,国子软件,11.95,2227629,25944200,91904900,109826.3555
2024-07-11,SZ301421,波长光电,41.83,3285337,28930000,115718000,484048.394
2024-07-11,SH688591,泰凌微,19.56,2189185,55514332,240000000,469440
2024-07-11,SZ301528,多浦乐,40.57,495770,14942897,61900000,251128.3
2024-07-11,SZ301525,儒竞科技,54.68,648552,23590000,94311768,515696.747424
2024-07-11,SH603270,金帝股份,18.83,2239787,50075796,219106667,412577.853961
2024-07-11,BJ920976,视声智能,8.82,472311,25779600,70953400,62580.8988
2024-07-11,SZ301507,民生健康,12.98,11155810,89138600,356554330,462807.52034
2024-07-11,SZ301251,威尔高,34.73,9306586,33655440,134621760,467541.37248
2024-07-11,BJ920627,力王股份,7.68,1954320,26818700,94450000,72537.6
2024-07-11,SH688549,中巨芯,6.58,10988716,281770744,1477276000,972047.608
2024-07-11,SZ301529,福赛科技,32.3,2111006,20269468,84837210,274024.1883
2024-07-11,SH603075,热威股份,18.98,3304669,40010000,400010000,759218.98
2024-07-11,SH688702,盛科通信,39.26,1678103,40000000,410000000,1609660
2024-07-11,BJ920519,万德股份,6.81,177558,39193953,89258104,60784.768824
2024-07-11,SZ301550,斯菱智驱,44.83,4843187,27500000,110000000,493130
2024-07-11,BJ920469,富恒新材,7.56,1607356,75700728,140946000,106555.176
2024-07-11,SH688716,中研股份,20.87,649182,29071383,121680000,253946.16
2024-07-11,SZ301548,崇德科技,50.1,2123677,21750000,87000000,435870
2024-07-11,SZ301500,飞南资源,18.26,5063387,40010000,400010000,730418.26
2024-07-11,SZ301520,万邦医药,40.38,1058486,16666667,66666667,269200.001346
2024-07-11,SH603276,恒兴新材,13.52,1063369,50234807,207649497,280742.119944
2024-07-11,BJ920665,科强股份,7.19,353664,38969000,129990000,93462.81
2024-07-11,SZ301558,三态股份,8.39,7081363,118460000,788851223,661846.176097
2024-07-11,SH688719,爱科赛博,24.81,654809,27026528,115385418,286271.222058
2024-07-11,BJ920978,开特股份,9.4,1082469,89461463,176901468,166287.37992
2024-07-11,SH688657,浩辰软件,34.78,391805,14736730,65514288,227858.693664
2024-07-11,SZ301559,中集环科,15.41,7005999,90000000,600000000,924600
2024-07-11,BJ920786,骑士乳业,4.44,1446141,95553720,209053000,92819.532
2024-07-11,SZ301517,陕西华达,49.81,2725879,22339788,108026700,538080.9927
2024-07-11,SH603193,润本股份,18.53,3822615,60690000,404593314,749711.410842
2024-07-11,BJ920026,卓兆点胶,15.71,261989,19905416,82077246,128943.353466
2024-07-11,SH603273,天元智能,17.62,2238912,53578400,214313400,377620.2108
2024-07-11,SZ301489,思泉新材,68.81,1627770,14420334,57681334,396905.259254
2024-07-11,BJ920693,阿为特,22.58,1954914,22300000,72700000,164156.6
2024-07-11,SZ001378,德冠新材,23.53,898842,32221724,133333600,313733.9608
2024-07-11,SZ301555,惠柏新材,26.85,905685,23066700,92266700,247736.0895
2024-07-11,BJ920493,并行科技,41.04,268410,25985568,58230000,238975.92
2024-07-11,SH603107,上海汽配,15.9,5255575,84335000,337335000,536362.65
2024-07-11,BJ920130,立方控股,10.63,4256170,22402727,92243236,98054.559868
2024-07-11,SZ001376,百通能源,18.43,3463200,46090000,460900000,849438.7
2024-07-11,SH603062,麦加芯彩,31.43,731780,27000000,108000000,339444
2024-07-11,BJ920833,美心翼申,8.05,527785,31635000,82360000,66299.8
2024-07-11,SZ001326,联域股份,34.73,785577,18300000,73200000,254223.6
2024-07-11,BJ920679,前进科技,11.8,742219,16289000,55850000,65903
2024-07-11,SH688648,中邮科技,20.99,876174,30600000,136000000,285464
2024-07-11,BJ920132,泰鹏智能,7.52,238542,23525489,82824000,62283.648
2024-07-11,SZ001306,夏厦精密,51.23,964259,15500000,62000000,317626
2024-07-11,BJ920522,纳科诺尔,12.12,734528,65759400,112044000,135797.328
2024-07-11,SH688653,康希通信,13.81,8496928,54876562,424480000,586206.88
2024-07-11,BJ920570,坤博精工,22.86,834826,13984667,45608929,104262.011694
2024-07-11,SZ301568,思泰克,29.69,1723820,25820000,103258400,306574.1896
2024-07-11,SH688652,京仪装备,40.78,1531140,40320000,168000000,685104
2024-07-11,BJ920579,机科股份,12.48,1030164,38334420,129480000,161591.04
2024-07-11,SZ301508,中机认检,36.88,7749881,45217040,226085200,833802.2176
2024-07-11,SH601083,锦江航运,9.19,4285234,194120000,1294120000,1189296.28
2024-07-11,BJ920703,广厦环能,14.39,710010,32975045,107660000,154922.74
2024-07-11,SH688720,艾森股份,40.7,2944410,17699418,88133334,358702.66938
2024-07-11,SZ301516,中远通,17.23,5865438,65309356,280701755,483649.123865
2024-07-11,SZ001239,永达股份,13.94,4542488,48796682,240000000,334560
2024-07-11,BJ920547,无锡晶海,13.51,240947,23928120,77688000,104956.488
2024-07-11,SZ301459,丰茂股份,37.78,898760,20000000,80000000,302240
2024-07-11,BJ920375,派诺科技,10.36,332937,38306599,79610000,82475.96
2024-07-11,SH603231,索宝蛋白,16.79,2482409,47864800,191459105,321459.837295
2024-07-11,SZ301413,安培龙,40.19,1870689,22140495,98401985,395477.577715
2024-07-11,BJ920284,灵鸽科技,5.6,510142,42197870,104785645,58679.9612
2024-07-11,SH603373,安邦护卫,26.67,1314763,26881721,107526882,286774.194294
2024-07-11,SZ001358,兴欣新材,19.3,2282866,30800000,123200000,237776
2024-07-11,BJ920061,西磁科技,12.45,1358358,17547900,70790000,88133.55
2024-07-11,SH601096,宏盛华源,4.04,22563854,668788772,2675155088,1080762.655552
2024-07-11,SZ301526,国际复材,3.36,26798313,582857147,3770878048,1267015.024128
2024-07-11,SH603004,鼎龙科技,16.93,2664807,58880000,235520000,398735.36
2024-07-11,SZ301578,辰奕智能,36.86,1805930,15600000,62400000,230006.4
2024-07-11,BJ920363,莱赛激光,9.98,2443828,21758334,79541667,79382.583666
2024-07-11,SZ301566,达利凯普,17.92,18002818,48661686,400010000,716817.92
2024-07-11,SH688717,艾罗能源,49.95,3209900,32000000,160000000,799200
2024-07-11,BJ920690,捷众科技,11.36,465411,18268700,66300000,75316.8
2024-07-11,SH603325,博隆技术,63.55,306453,16670000,66670000,423687.85
2024-07-11,SH603312,西典新能,25.49,2241981,34886562,161600000,411918.4
2024-07-11,SZ001387,雪祺电气,13.82,3608902,43557297,177788000,245703.016
2024-07-11,BJ920806,云星宇,9.1,12708221,75943387,300736667,273670.36697
2024-07-11,SZ301567,贝隆精密,45.58,5187213,18000000,72000000,328176
2024-07-11,SH601033,永兴股份,16.22,4627112,145497539,900000000,1459800
2024-07-11,BJ920403,康农种业,9.07,401568,27705600,70972200,64371.7854
2024-07-11,SZ001379,腾达科技,13.37,4389340,48998084,200000000,267400
2024-07-11,SZ301577,美信科技,67.05,3211884,11095149,44260000,296763.3
2024-07-11,SH603375,盛景微,35.09,1891766,19727349,100666667,353239.334503
2024-07-11,BJ920496,许昌智能,4.84,1563528,87904961,165575000,80138.3
2024-07-11,SH603082,北自科技,28.41,1481531,31795447,162227543,460888.449663
2024-07-11,SZ301502,华阳智能,36.68,1424449,13532102,57083500,209382.278
2024-07-11,BJ920656,海昇药业,13.79,269865,16000100,80000000,110320
2024-07-11,SH688709,成都华微,19.21,3695946,71703942,636847026,1223383.136946
2024-07-11,SZ301589,诺瓦星云,191.29,765817,13863762,92448000,1768437.792
2024-07-11,SH688584,上海合晶,16.04,1834071,52276414,665458353,1067395.198212
2024-07-11,SZ301591,肯特股份,38.01,2055810,19943633,84120000,319740.12
2024-07-11,SH603341,龙旗科技,37.33,3342880,46557739,465096544,1736205.398752
2024-07-11,BJ920706,铁拓机械,8.52,623169,21207485,92405245,78729.26874
2024-07-11,SZ301588,美新科技,21.39,2040311,22582500,118867754,254258.125806
2024-07-11,SH688695,中创股份,32.5,1170563,17985065,85051378,276416.9785
2024-07-11,SH603344,星德胜,22.66,2974130,47656268,194530980,440807.20068
2024-07-11,SZ301538,骏鼎达,95.36,1671068,13276350,56000000,534016
2024-07-11,BJ920438,戈碧迦,12.91,6552016,75425340,141250000,182353.75
2024-07-11,SZ001359,平安电工,21.46,4204298,45448485,185503165,398089.79209
2024-07-11,SZ301536,星宸科技,35.68,5261028,35583688,421060000,1502342.08
2024-07-11,BJ920123,芭薇股份,9.94,660973,32666410,85800000,85285.2
2024-07-11,SZ001389,广合科技,46.25,7106026,36926173,422300000,1953137.5
2024-07-11,BJ920931,无锡鼎邦,7.38,1333954,23775800,93930000,69320.34
2024-07-11,SZ301587,中瑞股份,25.74,3784185,28983898,147328040,379222.37496
2024-07-11,SH688691,灿芯股份,53.31,3102128,23965499,120000000,639720
2024-07-11,SZ301539,宏鑫科技,23.07,4623342,35091569,148000000,341436
2024-07-11,SH688530,欧莱新材,19.92,3783727,30085953,160044824,318809.289408
2024-07-11,SZ301596,瑞迪智驱,77.77,3109300,13779518,55118072,428653.245944
2024-07-11,BJ920002,万达轴承,50.78,942568,4750000,32502120,165045.76536
2024-07-11,SZ301392,汇成真空,59.65,12372216,21336391,100000000,596500
2024-07-11,SZ300784,利安科技,64.42,4550805,14060000,56237600,362282.6192
2024-07-11,SH688692,达梦数据,204.4,746111,14285053,76000000,1553440
2024-07-11,SZ301565,中仑新材,23.26,18731207,56345425,400010000,930423.26
2024-07-11,SZ301580,爱迪特,64.07,4607284,18047627,76117527,487684.995489
2024-07-11,SH603381,永臻股份,24.8,12645316,52312747,237256326,588395.68848
2024-07-11,SH603350,安乃达,33.72,13505954,28415213,116000000,391152
2024-07-11,SH603285,键邦股份,27.92,19125663,39197016,160000000,446720
2024-07-11,SZ301603,乔锋智能,52,16309241,22942135,120760000,627952
