日期,代码,名称,日收盘价,日交易量,流通股本,总股本,总市值(万)
2022-02-22,SZ000005,ST星源,2.23,5452100,1057946242,1058536842,236053.715766
2022-02-22,SH600652,退市游久,1.65,8974800,832703498,832703498,137396.07717
2022-02-22,SH600654,中安科,2.52,16746300,755043154,1283020992,323321.289984
2022-02-22,SH600651,飞乐音响,3.69,40490612,1148417174,2507028015,925093.337535
2022-02-22,SH600602,云赛智联,8.61,92528579,1074302990,1367673455,1177566.844755
2022-02-22,SH600601,方正科技,2.58,16318340,2194891204,2194891204,566281.930632
2022-02-22,SH600653,申华控股,2.01,34449240,1946380317,1946380317,391222.443717
2022-02-22,SZ000004,*ST国华,21.28,10274262,116330763,156003026,331974.439328
2022-02-22,SZ000002,万  科Ａ,20.64,86777261,9717553265,11625383375,23994791.286
2022-02-22,SZ000001,平安银行,16.23,89495673,19405754475,19405918198,31495805.235354
2022-02-22,SZ000009,中国宝安,13.74,55743463,2551430324,2579213965,3543839.98791
2022-02-22,SH600603,广汇物流,4.01,5252845,1253034847,1256952847,504038.091647
2022-02-22,SZ000012,南  玻Ａ,8.43,26165558,1956891076,3070692107,2588593.446201
2022-02-22,SZ000016,深康佳Ａ,5.85,6826244,1596574300,2407945408,1408648.06368
2022-02-22,SH600605,汇通能源,8.77,1520000,206282429,206282429,180909.690233
2022-02-22,SH600608,*ST沪科,5.24,1989202,318371441,328861441,172323.395084
2022-02-22,SH600604,市北高新,5.66,14018270,1407454804,1873304804,1060290.519064
2022-02-22,SH600606,绿地控股,4.56,35669824,12776562104,12776562104,5826112.319424
2022-02-22,SZ000011,深物业A,11.32,3777576,526475543,595979092,674648.332144
2022-02-22,SZ000017,深中华A,3.54,8723507,302981008,551347947,195177.173238
2022-02-22,SZ000007,全新好,6.59,3071550,308948044.5,346448044,228309.260996
2022-02-22,SZ000006,深振业Ａ,4.54,13909469,1349995046,1349995046,612897.750884
2022-02-22,SZ000020,深华发Ａ,12.17,20874831,181165391,283161227,344607.213259
2022-02-22,SZ000008,神州高铁,3.06,227026644,2693782762,2780795346,850923.375876
2022-02-22,SZ000014,沙河股份,9.05,9822495,201705187,201705187,182543.194235
2022-02-22,SH600609,金杯汽车,5.42,6509271,1092667132,1311200558,710670.702436
2022-02-22,SH600611,大众交通,3.46,7340529,1563316364,2364122864,817986.510944
2022-02-22,SH600612,老凤祥,48.25,2013421,317109630,523117764,2524043.2113
2022-02-22,SH600655,豫园股份,10.68,16993797,3883883814,3890382974,4154929.016232
2022-02-22,SH600616,金枫酒业,6.7,7732654,669004950,669004950,448233.3165
2022-02-22,SZ000019,深粮控股,7.36,27459935,416184832,1152535254,848265.946944
2022-02-22,SH600618,氯碱化工,12.13,5265947,749839976,1156399976,1402713.170888
2022-02-22,SH600619,海立股份,7.08,5099401,712180384,1085072406,768231.263448
2022-02-22,SH600620,天宸股份,9.36,5598955,686677113,686677113,642729.777768
2022-02-22,SZ000501,武商集团,10.85,11543476,768073142,768992731,834357.113135
2022-02-22,SZ000502,绿景退,5.29,361500,183347957,184819607,97769.572103
2022-02-22,SZ000503,国新健康,12.66,78124261,898779932,907215204,1148534.448264
2022-02-22,SH600621,华鑫股份,12.55,8541251,1060899292,1060899292,1331428.61146
2022-02-22,SH600622,光大嘉宝,3.26,16189466,1499685402,1499685402,488897.441052
2022-02-22,SH600623,华谊集团,9.24,11808012,1862196763,2131449598,1969459.428552
2022-02-22,SZ000504,*ST生物,16.31,1884100,310673201,311573901,508177.032531
2022-02-22,SZ000505,京粮控股,7.57,19343231,620815364,726950251,550301.340007
2022-02-22,SH600624,ST复华,6.3,4459012,684712010,684712010,431368.5663
2022-02-22,SH600626,申达股份,3.9,7196951,852291316,1107978710,432111.6969
2022-02-22,SH600628,新世界,7.39,4187900,646875384,646875384,478040.908776
2022-02-22,SH600630,龙头股份,5.27,3062734,424861597,424861597,223902.061619
2022-02-22,SH600635,大众公用,3.78,16623225,2418791675,2952434675,1116020.30715
2022-02-22,SH600637,东方明珠,8.3,37454649,3414500201,3414500201,2834035.16683
2022-02-22,SH600636,*ST国化,9.26,7169303,440449035,446936885,413863.55551
2022-02-22,SH600638,新黄浦,5.62,3573133,673396786,673396786,378448.993732
2022-02-22,SH600639,浦东金桥,12.23,2140030,850236703,1122412893,1372710.968139
2022-02-22,SZ000507,珠海港,6.17,8458473,830514550,919734895,567476.430215
2022-02-22,SH600641,先导基电,24.25,8887212,957930404,957930404,2322981.2297
2022-02-22,SH600640,国脉文化,11.32,9941573,795695940,795695940,900727.80408
2022-02-22,SH600642,申能股份,6.73,15784707,4508014316,4912038316,3305801.786668
2022-02-22,SH600644,乐山电力,6.54,5231801,538400659,538400659,352114.030986
2022-02-22,SH600643,爱建集团,6.89,8564759,1619103390,1621922452,1117504.569428
2022-02-22,SZ000023,*ST深天,13.23,813301,138756240,138756240,183574.50552
2022-02-22,SH600647,退市同达,15.22,2220630,139143550,139143550,211776.4831
2022-02-22,SH600648,外高桥,13.31,3537913,934791624,1135349124,1511149.684044
2022-02-22,SH600645,中源协和,24.4,5647425,467147888,467948890,1141795.2916
2022-02-22,SZ000509,华塑控股,4.5,21402685,825464873,1073128052,482907.6234
2022-02-22,SZ000510,新金路,6.72,29625006,563185757,609182254,409370.474688
2022-02-22,SH600649,城投控股,4.38,15034757,2529575634,2529575634,1107954.127692
2022-02-22,SH600657,信达地产,4.12,14091949,2851878595,2851878595,1174973.98114
2022-02-22,SH600658,电子城,4.42,6975281,1118585045,1118585045,494414.58989
2022-02-22,SZ000026,飞亚达,11.44,6847466,359274218,426051015,487402.36116
2022-02-22,SH600650,锦江在线,9.79,1707350,390560075,551610107,540026.294753
2022-02-22,SH600660,福耀玻璃,45.3,10580173,2002986332,2609743532,11822138.19996
2022-02-22,SH600662,外服控股,7.01,5986710,1053362191,2263279450,1586558.89445
2022-02-22,SH600661,昂立教育,9.7,16433482,286548830,286548830,277952.3651
2022-02-22,SZ000025,特  力Ａ,14.62,3149554,392778320,431058320,630207.26384
2022-02-22,SH600663,陆家嘴,11.54,10116418,2933461440,4034197440,4655463.84576
2022-02-22,SH600664,哈药股份,3.17,17126888,2506955076,2518376076,798325.216092
2022-02-22,SH600665,天地源,3.75,40434823,864122521,864122521,324045.945375
2022-02-22,SH600666,奥瑞德,1.59,9964560,883566332,1227326240,195144.87216
2022-02-22,SZ000514,渝 开 发,4.2,50380394,843770965,843770965,354383.8053
2022-02-22,SH600668,尖峰集团,18.59,39368938,344083828,344083828,639651.836252
2022-02-22,SH600667,太极实业,8.15,30313340,2106190178,2106190178,1716544.99507
2022-02-22,SZ000516,国际医学,8.82,49180939,1893655151,2275927350,2007367.9227
2022-02-22,SZ000028,国药一致,33.49,1241842,367733625,428126983,1433797.266067
2022-02-22,SH600671,天目药业,8.77,333000,121720533,121778885,106800.082145
2022-02-22,SH600600,青岛啤酒,95,2323801,695913617,1364354793,12961370.5335
2022-02-22,SZ000027,深圳能源,7.18,14172974,4757389916,4757389916,3415805.959688
2022-02-22,SZ000029,深深房Ａ,7.75,3776800,891660000,1011660000,784036.5
2022-02-22,SH600673,东阳光,8.34,22821343,3003949607,3013897259,2513590.314006
2022-02-22,SH600675,中华企业,3.21,9360161,6096135252,6096135252,1956859.415892
2022-02-22,SH600674,川投能源,12.05,9623355,4406155440,4406155440,5309417.3052
2022-02-22,SH600676,交运股份,4.47,4392417,1028492944,1028492944,459736.345968
2022-02-22,SZ000030,富奥股份,6.22,5757939,1759995642,1810552111,1126163.413042
2022-02-22,SZ000031,大悦城,4.15,37260381,1890748427,4286313339,1778820.035685
2022-02-22,SH600678,四川金顶,6.44,10410201,348990000,348990000,224749.56
2022-02-22,SZ000519,中兵红箭,21.25,97251339,1391492468,1392558982,2959187.83675
2022-02-22,SH600679,上海凤凰,11.28,738801,286873170,515294257,581251.921896
2022-02-22,SH600682,南京新百,11.4,14047711,1165060275,1346132221,1534590.73194
2022-02-22,SZ000521,长虹美菱,3.46,13367121,874558379,1044597881,361430.866826
2022-02-22,SH600683,京投发展,5.07,13956901,740777597,740777597,375574.241679
2022-02-22,SH600684,珠江股份,4.23,109294757,853460723,853460723,361013.885829
2022-02-22,SH600685,中船防务,19.18,6811672,821435181,1413506378,2711105.233004
2022-02-22,SZ000513,丽珠集团,38.42,13047152,605196279,938090939,3604145.387638
2022-02-22,SZ000525,红太阳,8.36,8281257,574514828,580772873,485526.121828
2022-02-22,SZ000032,深桑达Ａ,22.76,5812567,411424109,1138744840,2591783.25584
2022-02-22,SZ000526,学大教育,18.84,4583400,111767381,117762709,221864.943756
2022-02-22,SH600688,上海石化,4.01,40921650,7328813500,10823813500,4340349.2135
2022-02-22,SH600686,金龙汽车,6.13,3289000,674575721,717047417,439550.066621
2022-02-22,SH600689,上海三毛,7.64,3614364,152204143,200991343,153557.386052
2022-02-22,SZ000523,红棉股份,3.15,6732421,1571769727,1612420134,507912.34221
2022-02-22,SZ000524,岭南控股,9.36,20308975,670140121,670208597,627315.246792
2022-02-22,SZ000528,柳    工,7.37,8926342,1467323951,1474869176,1086978.582712
2022-02-22,SH600692,亚通股份,6.47,5905300,255010517,351764064,227591.349408
2022-02-22,SH600690,海尔智家,25.61,36925275,6308552654,9443347408,24184412.711888
2022-02-22,SH600691,潞化科技,4.52,23981735,2375585952,2375981952,1073943.842304
2022-02-22,SH600693,东百集团,3.89,2651700,897247594,898229148,349411.138572
2022-02-22,SH600695,退市绿庭,3.06,17891859,366467152,711132100,217606.4226
2022-02-22,SH600694,大商股份,20.15,2417349,293718653,293718653,591843.085795
2022-02-22,SZ000541,佛山照明,5.55,4005793,1054085512,1361994647,755907.029085
2022-02-22,SZ000539,粤电力Ａ,4.87,15575894,2553910577,5250283986,2556888.301182
2022-02-22,SZ000547,航天发展,14.94,15211031,1231986890,1603685112,2395905.557328
2022-02-22,SZ000550,江铃汽车,15.85,1556793,518463085,863214000,1368194.19
2022-02-22,SZ000553,安道麦A,8.41,2952088,2177067461,2329811766,1959371.695206
2022-02-22,SH600699,均胜电子,17.22,14059604,1368084624,1368084624,2355841.722528
2022-02-22,SH600696,*ST岩石,29.38,1525221,334469431,334469431,982671.188278
2022-02-22,SH600697,欧亚集团,12.51,1206601,155156015,159088075,199019.181825
2022-02-22,SH600800,渤海化学,4.81,11281046,794337361,1185787580,570363.82598
2022-02-22,SZ000544,中原环保,6.6,5464989,974684488,974684488,643291.76208
2022-02-22,SZ000530,冰山冷热,4.76,50453308,598521068,843212507,401369.153332
2022-02-22,SZ000537,绿发电力,18.79,16972675,1731406933,1862520720,3499676.43288
2022-02-22,SZ000554,泰山石油,6.04,44020946,362649713,480793320,290399.16528
2022-02-22,SZ000538,云南白药,91.6,2618738,603900464,1279136824,11716893.30784
2022-02-22,SZ000543,皖能电力,4.33,30768875,1790395978,2266863331,981551.822323
2022-02-22,SZ000548,湖南投资,4.23,7814054,499188811,499215811,211168.288053
2022-02-22,SH600805,悦达投资,4.36,8161062,850275368,850894494,370989.999384
2022-02-22,SZ000533,顺钠股份,3.74,55661183,684902400,690816000,258365.184
2022-02-22,SH600804,退市鹏博,6.24,132293856,1392629959,1657463906,1034257.477344
2022-02-22,SH600803,新奥股份,17.64,11644731,1432299755,2845853619,5020085.783916
2022-02-22,SH600802,福建水泥,7.83,10557653,458248400,458248400,358808.4972
2022-02-22,SH600801,华新建材,21.35,20557904,1361879855,2096599855,4476240.690425
2022-02-22,SZ000532,华金资本,11.25,1737621,343549746,344708340,387796.8825
2022-02-22,SH600807,济高发展,4.68,44349202,787018464,884634731,414009.054108
2022-02-22,SZ000551,创元科技,9.43,2654047,400080405,400080405,377275.821915
2022-02-22,SZ000531,穗恒运Ａ,9.32,6760501,685082820,685082820,638497.18824
2022-02-22,SH600808,马钢股份,4.26,121390301,5967751186,7700681186,3280490.185236
2022-02-22,SH600809,山西汾酒,290.76,3678952,1215351572,1220114372,35476045.480272
2022-02-22,SH600810,神马股份,12.39,13537060,714031190,1044175738,1293733.739382
2022-02-22,SH600811,*ST东方,3.08,31512531,3714576124,3714576124,1144089.446192
2022-02-22,SZ000564,供销大集,1.23,85438815,15181754098,19163777335,2357144.612205
2022-02-22,SZ000563,陕国投Ａ,3.25,14027540,3964012846,3964012846,1288304.17495
2022-02-22,SZ000534,万泽股份,13.33,4226805,491507596,500708096,667443.891968
2022-02-22,SZ000559,万向钱潮,5.96,10127076,2753147274,3303791344,1969059.641024
2022-02-22,SH600812,华北制药,9.15,14175431,1630804729,1715730370,1569893.28855
2022-02-22,SH600814,杭州解百,7.27,15511570,715026758,736476758,535418.603066
2022-02-22,SH600816,建元信托,4.32,17758705,5264290520,5469137919,2362667.581008
2022-02-22,SH600815,厦工股份,3.05,6975442,1774094480,1774094480,541098.8164
2022-02-22,SH600820,隧道股份,5.71,35479232,3144096094,3144096094,1795278.869674
2022-02-22,SH600819,耀皮玻璃,5.35,2830900,747416067,934916069,500180.096915
2022-02-22,SH600821,金开新能,8.25,26823701,1280575679,1536356503,1267494.114975
2022-02-22,SZ000021,深科技,13.61,8400255,1560028401,1560587588,2123959.707268
2022-02-22,SZ000540,*ST中天,2.44,25579526,6972817758,7005254679,1709282.141676
2022-02-22,SH600825,新华传媒,4.47,10980208,1044887850,1044887850,467064.86895
2022-02-22,SH600824,益民集团,4.4,61540194,1054027073,1054027073,463771.91212
2022-02-22,SH600822,上海物贸,8.63,1827301,396147908,495972914,428024.624782
2022-02-22,SH600823,*ST世茂,3.43,19239609,3751168261,3751168261,1286650.713523
2022-02-22,SH600827,百联股份,11.82,6671139,1604449920,1784168117,2108886.714294
2022-02-22,SH600826,兰生股份,8.82,1739600,420642288,535920895,472682.22939
2022-02-22,SH600834,申通地铁,9.06,2647800,477381905,477381905,432508.00593
2022-02-22,SH600829,人民同泰,6.26,2140800,579888597,579888597,363010.261722
2022-02-22,SH600831,广电网络,6.62,34347996,710485636,710485636,470341.491032
2022-02-22,SH600830,香溢融通,5.92,31386625,454322747,454322747,268959.066224
2022-02-22,SH600835,上海机电,14.57,1907217,806504300,1022739308,1490131.171756
2022-02-22,SH600836,*ST易连,6.8,12565800,662753072,671053072,456316.08896
2022-02-22,SH600828,茂业商业,3.72,3070297,1731360181,1731982546,644297.507112
2022-02-22,SH600838,上海九百,6.48,3124900,400881981,400881981,259771.523688
2022-02-22,SH600843,上工申贝,6.48,2094800,304645850,713166480,462131.87904
2022-02-22,SH600846,同济科技,8.44,8592874,624761516,624761516,527298.719504
2022-02-22,SH600841,动力新科,11.06,1816806,521892530,1631535732,1804478.519592
2022-02-22,SH600839,四川长虹,3.13,52610956,4614958631,4616244222,1444884.441486
2022-02-22,SH600848,上海临港,14.56,3858586,1457503689,2522487004,3672741.077824
2022-02-22,SH600850,电科数字,32.12,5383276,426852228,426852228,1371049.356336
2022-02-22,SH600847,万里股份,16.39,3615203,153287400,153287400,251238.0486
2022-02-22,SH600851,海欣股份,7.83,1378603,738206110,1207056692,945125.389836
2022-02-22,SZ000555,神州信息,15.09,23475614,970368775,979744428,1478434.341852
2022-02-22,SZ000039,中集集团,14.95,12118947,1534271428,3595013590,5374545.31705
2022-02-22,SZ000035,中国天楹,5.98,28063683,2453345376,2523777297,1509218.823606
2022-02-22,SZ000565,渝三峡Ａ,6.31,3764900,433592220,433592220,273596.69082
2022-02-22,SH600857,宁波中百,11.3,5006598,224319919,224319919,253481.50847
2022-02-22,SH600856,退市中天,1.56,134881506,1361654379,1366654379,213198.083124
2022-02-22,SH600859,王府井,27.25,9206189,977488021,1132841451,3086992.953975
2022-02-22,SH600860,京城股份,14.16,27178501,322000000,485000000,686760
2022-02-22,SZ000558,天府文旅,3.55,91307900,1288415927,1289223949,457674.501895
2022-02-22,SZ000034,神州数码,17.02,28327470,539221698,660608991,1124356.502682
2022-02-22,SZ000568,泸州老窖,221.32,5446140,1464504555,1471615076,32569784.862032
2022-02-22,SH600861,北京人力,25.87,3908637,316804949,316804949,819574.403063
2022-02-22,SH600863,内蒙华电,3.96,247522096,6526887811,6526887811,2584647.573156
2022-02-22,SZ000566,海南海药,4.59,8948075,1165217077,1297365126,595490.592834
2022-02-22,SZ000567,海德股份,16.8,2429921,639773864,641138926,1077113.39568
2022-02-22,SZ000571,新大洲A,2.26,10518500,814036325,814064000,183978.464
2022-02-22,SZ000036,华联控股,4.04,5882500,1479675252,1483934025,599509.3461
2022-02-22,SZ000570,苏常柴Ａ,5.38,6017201,498874326,705692507,379662.568766
2022-02-22,SZ000037,深南电A,7.06,1440400,338894012,602762596,425550.392776
2022-02-22,SZ000040,*ST旭蓝,3.4,16365942,1060340595,1486873870,505537.1158
2022-02-22,SZ000572,海马汽车,5.21,9529900,1642155224,1644636426,856855.577946
2022-02-22,SH600864,哈投股份,5.78,12806480,2080570520,2080570520,1202569.76056
2022-02-22,SH600865,百大集团,9.38,3634905,376240316,376240316,352913.416408
2022-02-22,SZ000045,深纺织Ａ,8.55,2500000,457016549,506521849,433076.180895
2022-02-22,SZ000573,粤宏远Ａ,3.85,46029980,632930025,638280604,245738.03254
2022-02-22,SH600866,星湖科技,5.96,41685882,739019166,739019166,440455.422936
2022-02-22,SH600867,通化东宝,10.47,8266630,2002998571,2009588571,2104039.233837
2022-02-22,SZ000576,甘化科工,11.4,4005901,424054818,442861324,504861.90936
2022-02-22,SH600868,梅雁吉祥,2.83,12568547,1898148679,1898148679,537176.076157
2022-02-22,SZ000046,*ST泛海,1.91,33284046,5193946456,5196200656,992474.325296
2022-02-22,SZ000042,中洲控股,8.47,3645326,663969764,664831139,563111.974733
2022-02-22,SZ000048,京基智农,21.59,3945766,523157272,523239250,1129673.54075
2022-02-22,SH600872,中炬高新,35.9,11694788,796637194,796637194,2859927.52646
2022-02-22,SH600869,远东股份,5.75,21589608,2219352746,2219352746,1276127.82895
2022-02-22,SZ000050,深天马Ａ,12,8030071,2304831108,2457747661,2949297.1932
2022-02-22,SZ000049,德赛电池,43.63,6320317,298483784,300298970,1310204.40611
2022-02-22,SH600871,石化油服,2.17,82949932,13569378551,18984340033,4119601.787161
2022-02-22,SH600874,创业环保,7.07,7748456,1087228430,1427228430,1009050.50001
2022-02-22,SH600875,东方电气,15.61,29959222,2005982600,3119151130,4868994.91393
2022-02-22,SH600877,电科芯片,13.86,4407899,687282040,1184167119,1641255.626934
2022-02-22,SZ000010,美丽生态,3.79,12297800,522171498,819854713,310724.936227
2022-02-22,SH600876,凯盛新能,22.8,10011979,382445239,645674963,1472138.91564
2022-02-22,SZ000582,北部湾港,8.01,4179125,1268879468,1633448841,1308392.521641
2022-02-22,SH600879,航天电子,7.35,27012930,2719271284,2719271284,1998664.39374
2022-02-22,SH600880,博瑞传播,6.82,109265662,1093030175,1093332092,745652.486744
2022-02-22,SH600881,亚泰集团,3.06,12399883,3248913588,3248913588,994167.557928
2022-02-22,SZ000584,工智退,5.8,44763755,735295203,760937577,441343.79466
2022-02-22,SH600882,妙可蓝多,39.34,6102488,409309045,516210147,2030770.718298
2022-02-22,SH600883,博闻科技,9.24,7813403,236088000,236088000,218145.312
2022-02-22,SZ000586,汇源通信,9.16,5554400,193440000,193440000,177191.04
2022-02-22,SH600886,国投电力,9.96,11293432,6965873347,7454179797,7424363.077812
2022-02-22,SZ000590,古汉医药,8.84,2016282,239376227,239471267,211692.600028
2022-02-22,SH600884,杉杉股份,26.9,53764895,1654517172,2142919938,5764454.63322
2022-02-22,SH600885,宏发股份,60.65,4662257,744761552,744761552,4516978.81288
2022-02-22,SZ000591,太阳能,9.12,59690320,2037098929,3007098032,2742473.405184
2022-02-22,SH600888,新疆众和,8.38,15421920,1241380484,1347404855,1129125.26849
2022-02-22,SZ000589,贵州轮胎,5.34,5450788,872498843,956319462,510674.592708
2022-02-22,SH600889,南京化纤,5.38,5004400,366346010,366346010,197094.15338
2022-02-22,SZ000593,德龙汇能,6.32,16978700,358456319,358631009,226654.797688
2022-02-22,SH600887,伊利股份,40.49,33340970,5960286287,6400130918,25914130.086982
2022-02-22,SH600890,退市中房,1.59,8118101,579194925,579194925,92091.993075
2022-02-22,SH600894,广日股份,7.35,3542747,859946895,859946895,632060.967825
2022-02-22,SH600893,航发动力,47.19,18923238,2329032150,2665594238,12578939.209122
2022-02-22,SZ000055,方大集团,4.56,8456900,677413379,1073874227,489686.647512
2022-02-22,SZ000595,*ST宝实,3.25,19926380,1136052586,1138656366,370063.31895
2022-02-22,SH600895,张江高科,13.98,4030487,1548689550,1548689550,2165067.9909
2022-02-22,SZ000587,*ST金洲,1.64,15491600,1213011850,2123749330,348294.89012
2022-02-22,SZ000599,青岛双星,4.02,3426200,816744457,816792487,328350.579774
2022-02-22,SH600896,退市海医,3.78,10570923,945440340,1024805419,387376.448382
2022-02-22,SH600706,曲江文旅,11.92,24679744,213490410,255059785,304031.26372
2022-02-22,SH600707,彩虹股份,6.16,16493898,2474910089,3588389732,2210448.074912
2022-02-22,SZ000597,东北制药,6.24,18514633,1324143800,1347873265,841072.91736
2022-02-22,SH600702,舍得酒业,191.45,5965642,329578939,332070979,6357498.892955
2022-02-22,SZ000598,兴蓉环境,5.98,10086226,2986218602,2986218602,1785758.723996
2022-02-22,SH600711,盛屯矿业,10.48,75488012,2605882223,2747143184,2879006.056832
2022-02-22,SH600897,厦门空港,17.32,1439347,297810000,297810000,515806.92
2022-02-22,SZ000600,建投能源,4.52,5506508,1090044126,1791626376,809815.121952
2022-02-22,SH600704,物产中大,5.74,42271009,5062182040,5196032040,2982522.39096
2022-02-22,SH600714,金瑞矿业,14.22,5984300,288176273,288176273,409786.660206
2022-02-22,SH600708,光明地产,2.69,30037832,2225277771,2228636743,599503.283867
2022-02-22,SZ000401,金隅冀东,12.49,9199715,1413369406,2658212827,3320107.820923
2022-02-22,SH600717,天津港,4.34,12438539,2894001038,2894001038,1255996.450492
2022-02-22,SH600718,东软集团,13.5,20253740,1202616322,1242370295,1677199.89825
2022-02-22,SZ000404,长虹华意,4.61,11413551,694695764,695995979,320854.146319
2022-02-22,SH600712,南宁百货,4.18,14600069,538556211,544655360,227665.94048
2022-02-22,SZ000402,金 融 街,5.88,13848335,2987823736,2988929907,1757490.785316
2022-02-22,SH600722,金牛化工,6.22,8783268,680319676,680319676,423158.838472
2022-02-22,SZ000408,藏格矿业,38.14,27289771,1525394830,1580435073,6027779.368422
2022-02-22,SH600713,南京医药,4.69,7241901,1041611244,1058067244,496233.537436
2022-02-22,SH600715,文投控股,2.97,67982229,1854853500,1854853500,550891.4895
2022-02-22,SH600726,华电能源,2.44,10360401,1534675151,1966675153,479868.737332
2022-02-22,SH600716,凤凰股份,4.76,23373301,936060590,936060590,445564.84084
2022-02-22,SH600729,重庆百货,26.04,3821785,406426465,406528465,1058600.12286
2022-02-22,SH600725,云维股份,3.57,6932330,1232470000,1232470000,439991.79
2022-02-22,SZ000407,胜利股份,4.28,13791801,875743830,880084656,376676.232768
2022-02-22,SZ000056,皇庭国际,8.18,34058906,903728783,1174528720,960764.49296
2022-02-22,SZ000415,渤海租赁,2.67,14299974,3547447229,6184521282,1651267.182294
2022-02-22,SH600720,中交设计,11.04,16123734,776162687,776290282,857024.471328
2022-02-22,SH600728,佳都科技,9.32,31622204,1729732797,1758229097,1638669.518404
2022-02-22,SH600724,宁波富达,4.35,33069682,1444942664,1445241071,628679.865885
2022-02-22,SH600719,大连热电,3.81,3217702,404599600,404599600,154152.4476
2022-02-22,SZ000410,沈阳机床,4.95,3808894,1680915944,1684035944,833597.79228
2022-02-22,SZ000416,*ST民控,3.8,5253700,531641098,531871494,202111.16772
2022-02-22,SH600735,ST新华锦,8.11,21181406,375992296,375992296,304929.752056
2022-02-22,SH600730,中国高科,5.54,5769799,586656002,586656002,325007.425108
2022-02-22,SZ000423,东阿阿胶,37.22,5830253,653867313,654021537,2434268.160714
2022-02-22,SH600737,中粮糖业,8.55,11225301,2111098760,2138848228,1828715.23494
2022-02-22,SH600738,丽尚国潮,6.11,4152800,772795436,773464476,472586.794836
2022-02-22,SH600731,湖南海利,7.73,5378700,461029757,461789508,356963.289684
2022-02-22,SZ000420,吉林化纤,4.69,41498059,2167216137,2168311443,1016938.066767
2022-02-22,SZ000421,南京公用,5.01,3932556,572646934,572646934,286896.113934
2022-02-22,SH600740,山西焦化,6.23,82161757,2562121154,2562121154,1596201.478942
2022-02-22,SZ000428,华天酒店,3.71,62081156,1018870000,1018926000,378021.546
2022-02-22,SZ000417,合百集团,4.52,8639102,779027451,779884200,352507.6584
2022-02-22,SZ000422,湖北宜化,20.39,76777562,897812984,897866712,1830750.225768
2022-02-22,SH600736,苏州高新,4.77,8691440,1151292907,1151292907,549166.716639
2022-02-22,SZ000419,通程控股,5.35,23239902,543299845,543582655,290816.720425
2022-02-22,SH600733,北汽蓝谷,9.2,34593410,2702001588,4287310130,3944325.3196
2022-02-22,SH600739,辽宁成大,16.68,7176559,1529709816,1529709816,2551555.973088
2022-02-22,SZ000603,盛达资源,14.34,20078149,588809719,689969346,989416.042164
2022-02-22,SH600741,华域汽车,25.64,10276596,3152723984,3152723984,8083584.294976
2022-02-22,SH600742,富维股份,11.34,7417555,669120968,669120968,758783.177712
2022-02-22,SZ000425,徐工机械,5.61,66135019,7821447870,7833668430,4394687.98923
2022-02-22,SZ000426,兴业银锡,8.3,50722140,1475342242,1837192219,1524869.54177
2022-02-22,SZ000430,ST张家界,6.4,13071200,331738800,404817686,259083.31904
2022-02-22,SZ000607,华媒控股,6.11,92246800,884859969,1017698410,621813.72851
2022-02-22,SZ000601,韶能股份,4.64,4241704,1079882262,1080551669,501375.974416
2022-02-22,SH600744,华银电力,5.12,11362732,827634402,1781124274,911935.628288
2022-02-22,SZ000605,渤海股份,5.91,7862400,337193683,352658600,208421.2326
2022-02-22,SH600746,江苏索普,13.66,5993193,424156537,1167842884,1595273.379544
2022-02-22,SZ000608,*ST阳光,3.44,21800880,749801859,749913309,257970.178296
2022-02-22,SH600756,浪潮软件,16.76,37559457,324098753,324098753,543189.510028
2022-02-22,SH600750,华润江中,12.35,9603648,624266000,630000000,778050
2022-02-22,SH600748,上实发展,4.04,9690741,1844562892,1844562892,745203.408368
2022-02-22,SZ000413,ST旭电,2.11,32613643,4864166564,5730250118,1209082.774898
2022-02-22,SZ000610,西安旅游,8.94,13444400,235435669,236747901,211652.623494
2022-02-22,SZ000612,焦作万方,7.21,17060078,1190682144,1192199394,859575.763074
2022-02-22,SH600753,*ST海钦,14.29,4239440,215040000,230307175,329108.953075
2022-02-22,SZ000596,古井贡酒,226.82,1451376,408600000,528600000,11989705.2
2022-02-22,SH600757,长江传媒,5.6,12330328,1213497103,1213650273,679644.15288
2022-02-22,SH600755,厦门国贸,7.29,19657479,2024984623,2117666057,1543778.555553
2022-02-22,SZ000606,顺利退,1.76,7209300,707201606,765799353,134780.686128
2022-02-22,SZ000611,天首退,3.07,6364200,319415317,337822022,103711.360754
2022-02-22,SH600761,安徽合力,11.16,4738750,740180802,740180802,826041.775032
2022-02-22,SZ000609,ST中迪,4.53,1174200,292089522,299265522,135567.281466
2022-02-22,SH600760,中航沈飞,52.27,14983014,1959062237,1960544999,10247768.709773
2022-02-22,SH600754,锦江酒店,57.1,4964359,914044063,1070044063,6109951.59973
2022-02-22,SH600749,西藏旅游,12.06,12508301,226965517,226965517,273720.413502
2022-02-22,SZ000615,*ST美谷,8.39,12570100,772609203,781180319,655410.287641
2022-02-22,SZ000617,中油资本,5.15,11918618,12642079079,12642079079,6510670.725685
2022-02-22,SZ000619,海螺新材,5.54,5299100,360000000,360000000,199440
2022-02-22,SH600766,退市园城,4.77,5108301,223932072,224226822,106956.194094
2022-02-22,SZ000623,吉林敖东,16.37,8265632,1160116520,1163046197,1903906.624489
2022-02-22,SH600758,辽宁能源,3.84,16011800,1320743394,1322017394,507654.679296
2022-02-22,SH600763,通策医疗,153.78,3675343,320640000,320640000,4930801.92
2022-02-22,SH600769,祥龙电业,7.07,8480203,374977200,374977200,265108.8804
2022-02-22,SH600764,中国海防,31.02,3366290,496061663,710629386,2204372.355372
2022-02-22,SH600771,广誉远,33.24,28022174,491999697,491999697,1635406.992828
2022-02-22,SH600765,中航重机,43.6,9985639,951775002,1051638636,4585144.45296
2022-02-22,SZ000616,*ST海投,1.9,8314028,1430234425,1430234425,271744.54075
2022-02-22,SH600774,汉商集团,16.23,5234825,226757731,295032402,478837.588446
2022-02-22,SH600773,西藏城投,24.21,50134476,819660744,819660744,1984398.661224
2022-02-22,SH600768,宁波富邦,9.89,1765501,133747200,133747200,132275.9808
2022-02-22,SZ000627,*ST天茂,3.35,17989768,4552504165,4940629165,1655110.770275
2022-02-22,SZ000633,合金投资,5.96,3362701,385104123,385106373,229523.398308
2022-02-22,SZ000637,茂化实华,5.19,29040426,368001771,519875356,269815.309764
2022-02-22,SH600767,退市运盛,6.86,2314701,340910182,341010182,233932.984852
2022-02-22,SZ000651,格力电器,37.91,53047875,5869017265,5914469040,22421752.13064
2022-02-22,SH600775,南京熊猫,10.22,6932413,671838529,913838529,933942.976638
2022-02-22,SZ000628,高新发展,11.27,7912861,192074040,352280000,397019.56
2022-02-22,SZ000630,铜陵有色,3.87,248237336,10526392975,10526533308,4073768.390196
2022-02-22,SZ000635,英 力 特,9.59,3480755,303087602,303087602,290661.010318
2022-02-22,SH600770,综艺股份,6.53,14344502,1300000000,1300000000,848900
2022-02-22,SZ000632,三木集团,3.9,7736400,465481606,465519570,181552.6323
2022-02-22,SH600777,*ST新潮,1.92,196116429,6232078317,6800495825,1305695.1984
2022-02-22,SZ000639,西王食品,4.62,5224123,1079426772,1079428095,498695.77989
2022-02-22,SH600776,东方通信,11.16,13990252,956000064,1256000064,1401696.071424
2022-02-22,SZ000626,远大控股,20.27,3744496,508535464,508940464,1031622.320528
2022-02-22,SZ000652,泰达股份,4.2,16889687,1474353019,1475573852,619741.01784
2022-02-22,SZ000655,金岭矿业,8.13,7807930,595340230,595340230,484011.60699
2022-02-22,SZ000656,*ST金科,5.08,82353355,5311810492,5339715816,2712575.634528
2022-02-22,SZ000636,风华高科,23.44,11234863,895233111,895233111,2098426.412184
2022-02-22,SH600778,友好集团,4.53,3698284,311214882,311491352,141105.582456
2022-02-22,SZ000659,珠海中富,3.51,9196650,1285702520,1285702520,451281.58452
2022-02-22,SH600780,通宝能源,3.92,3869400,1146502523,1146502523,449428.989016
2022-02-22,SZ000667,ST美置,1.75,72759726,2439311281,2466988633,431723.010775
2022-02-22,SZ000663,永安林业,7.66,2722400,306298033,336683929,257899.889614
2022-02-22,SH600779,水井坊,98.8,3032321,488303498,488369548,4825091.13424
2022-02-22,SZ000669,ST金鸿,2.53,12023742,680408797,680408797,172143.425641
2022-02-22,SZ000666,经纬纺机,8.9,6144676,293543593,704130000,626675.7
2022-02-22,SZ000668,*ST荣控,14.11,775300,146688393,146841890,207193.90679
2022-02-22,SZ000665,湖北广电,7.82,122336125,1014306085,1014363870,793232.54634
2022-02-22,SZ000671,ST阳光城,2.65,79654000,4052047253,4140382950,1097201.48175
2022-02-22,SH600781,退市辅仁,2.99,4681200,374263222,627157512,187520.096088
2022-02-22,SZ000661,长春高新,184.05,17074222,370361250,404720290,7448876.93745
2022-02-22,SZ000676,智度股份,7.97,59976356,1148971897,1276506972,1017376.056684
2022-02-22,SH600783,鲁信创投,15.05,11539659,744359294,744359294,1120260.73747
2022-02-22,SH600784,鲁银投资,6.15,4065101,568177846,568177846,349429.37529
2022-02-22,SH600782,新钢股份,6.01,67714131,3188722696,3188722696,1916422.340296
2022-02-22,SZ000677,恒天海龙,3.82,30541540,863977948,863977948,330039.576136
2022-02-22,SZ000058,深 赛 格,6.27,9267201,538282117,1235656249,774756.468123
2022-02-22,SH600785,新华百货,12.73,728301,225631280,225631280,287228.61944
2022-02-22,SZ000061,农 产 品,6.08,9242677,1696936756,1696964131,1031754.191648
2022-02-22,SZ000682,东方电子,7.12,13541345,1340600019,1340727007,954597.628984
2022-02-22,SH600787,中储股份,5.88,11120310,2179564270,2199801033,1293483.007404
2022-02-22,SZ000680,山推股份,4.37,19758060,1056963053,1501853212,656309.853644
2022-02-22,SH600792,云煤能源,3.93,10053900,989923600,989923600,389039.9748
2022-02-22,SZ000060,中金岭南,4.98,32890080,3648835938,3650034613,1817717.237274
2022-02-22,SZ000685,中山公用,8.49,5033625,1253229908,1475111351,1252369.536999
2022-02-22,SZ000673,当代退,2.04,16786100,789510358,789604108,161079.238032
2022-02-22,SZ000679,大连友谊,4.1,2584200,356400000,356400000,146124
2022-02-22,SZ000690,宝新能源,5.17,22294600,2081803575,2175887862,1124934.024654
2022-02-22,SH600791,京能置业,4.39,14150534,452313696,452880000,198814.32
2022-02-22,SZ000062,深圳华强,14.79,7127304,1044552962,1045909322,1546899.887238
2022-02-22,SZ000059,华锦股份,7.27,11562316,1599398529,1599442537,1162794.724399
2022-02-22,SZ000683,博源化工,9.26,83168978,3328221973,3673412560,3401580.03056
2022-02-22,SH600793,宜宾纸业,12.72,1651442,176904002,176904002,225021.890544
2022-02-22,SZ000698,ST沈化,5.41,5535761,785690549,819514395,443357.287695
2022-02-22,SZ000687,华讯退,1.4,14495017,752864376,766199362,107267.91068
2022-02-22,SZ000701,厦门信达,6.43,21442635,406611556,538858376,346485.935768
2022-02-22,SH600789,鲁抗医药,6.7,7447785,880599050,880599050,590001.3635
2022-02-22,SZ000686,东北证券,8.5,10217291,2340452915,2340452915,1989384.97775
2022-02-22,SZ000692,惠天热电,4.15,14477798,532827726,532832976,221125.68504
2022-02-22,SH600790,轻纺城,3.62,17389804,1465790928,1465790928,530616.315936
2022-02-22,SZ000700,模塑科技,4.86,5203002,917076900,917076900,445699.3734
2022-02-22,SZ000691,*ST亚太,4.82,4315500,323270000,323270000,155816.14
2022-02-22,SZ001696,宗申动力,6.56,5399630,879208499,1145026920,751137.65952
2022-02-22,SH600794,保税科技,3.19,4838880,1212152157,1212152157,386676.538083
2022-02-22,SH600795,国电电力,2.68,101915720,17835619082,17835619082,4779945.913976
2022-02-22,SZ000702,正虹科技,5.16,5694125,266634576,266634576,137583.441216
2022-02-22,SZ000697,ST炼石,7.89,6300500,576888733,671616059,529905.070551
2022-02-22,SZ000708,中信特钢,23.19,8075172,1259156149,5047143433,11704325.621127
2022-02-22,SZ000703,恒逸石化,10.2,11998152,3647108589,3666280014,3739605.61428
2022-02-22,SH600796,钱江生化,5.7,4431900,301402144,866585766,493953.88662
2022-02-22,SH600051,宁波联合,7.51,6894666,310880000,310880000,233470.88
2022-02-22,SZ000705,浙江震元,8.05,8676420,281972076,334123286,268969.24523
2022-02-22,SZ000711,ST京蓝,4.22,93553360,821865026,1023667816,431987.818352
2022-02-22,SH600052,东望时代,4.82,13597650,844194741,844194741,406901.865162
2022-02-22,SZ000707,双环科技,9.56,11076003,464144265,464145765,443723.35134
2022-02-22,SZ000712,锦龙股份,16.67,19361248,795943097,896000000,1493632
2022-02-22,SZ000758,中色股份,5.27,15726972,1969325694,1969378424,1037862.429448
2022-02-22,SZ000709,河钢股份,2.59,62795901,10616892601,10618607852,2750219.433668
2022-02-22,SZ000716,黑芝麻,3.2,12447600,695926611,743999550,238079.856
2022-02-22,SH600797,浙大网新,8.42,134186543,1027527102,1027527102,865177.819884
2022-02-22,SZ000400,许继电气,21.24,23672632,1008269840,1008327309,2141687.204316
2022-02-22,SZ000713,国投丰乐,10.07,44026693,614014980,614014980,618313.08486
2022-02-22,SZ000710,贝瑞基因,17.04,7016180,297708290,354605865,604248.39396
2022-02-22,SH600060,海信视像,12.87,10527982,1289081222,1308261222,1683732.192714
2022-02-22,SH600798,宁波海运,4.12,10113052,1030850948,1206534201,497092.090812
2022-02-22,SZ000736,*ST中地,7.68,7840389,695433689,695433689,534093.073152
2022-02-22,SZ000737,北方铜业,8.86,22153839,548760000,1772456167,1570396.163962
2022-02-22,SZ000721,西安饮食,4.32,18986204,435952795,573914308,247930.981056
2022-02-22,SZ000766,通化金马,4.33,7455000,706995720,966494707,418492.208131
2022-02-22,SH600054,黄山旅游,10.85,9888368,513300000,729379440,791376.6924
2022-02-22,SH600064,南京高科,9.69,10998571,1235956888,1235956888,1197642.224472
2022-02-22,SZ000717,中南股份,4.85,34267423,2419524410,2419524410,1173469.33885
2022-02-22,SZ000715,中兴商业,5.15,2693104,415059494,415718940,214095.2541
2022-02-22,SH600067,冠城新材,3.42,9326402,1492110725,1492110725,510301.86795
2022-02-22,SH600066,宇通客车,10.1,9115226,2213939223,2262931223,2285560.53523
2022-02-22,SZ000739,普洛药业,26.4,7467063,1178398671,1178523492,3111302.01888
2022-02-22,SZ000720,新能泰山,4.72,6339601,1289650962,1289650962,608715.254064
2022-02-22,SH600056,中国医药,10.83,3934200,1068108198,1068485534,1157169.833322
2022-02-22,SZ000723,美锦能源,14.13,123719326,3970229000,4270271048,6033892.990824
2022-02-22,SH600059,古越龙山,10.89,8265158,911542413,911542413,992669.687757
2022-02-22,SZ000759,中百集团,4.82,1694700,680612267,681021500,328252.363
2022-02-22,SH600055,万东医疗,34.71,28746582,540816199,540816199,1877173.026729
2022-02-22,SH600061,国投资本,7.6,17905110,6425299469,6425299469,4883227.59644
2022-02-22,SH600077,*ST宋都,2.98,45159176,1340122326,1340122326,399356.453148
2022-02-22,SZ000727,冠捷科技,2.74,38825674,3419222152,4529566980,1241101.35252
2022-02-22,SH600062,华润双鹤,12.27,5717984,1043237710,1043237710,1280052.67017
2022-02-22,SH600076,康欣新材,3.6,8754820,1034264129,1344543367,484035.61212
2022-02-22,SH600071,凤凰光学,37.24,3140600,237472456,281573889,1048581.162636
2022-02-22,SH600058,五矿发展,9.48,6918951,1071910711,1071910711,1016171.354028
2022-02-22,SZ000779,甘咨询,12.8,41297740,178516815,380192370,486646.2336
2022-02-22,SH600063,皖维高新,5.88,18984700,1925894692,1925894692,1132426.078896
2022-02-22,SH600072,中船科技,14.9,18519028,736249883,736249883,1097012.32567
2022-02-22,SH600070,*ST富润,7.15,25554396,506720732,521946118,373191.47437
2022-02-22,SZ000778,新兴铸管,5.16,101930754,3896087089,3990880176,2059294.170816
2022-02-22,SH600079,ST人福,18.49,17977814,1386490465,1633071908,3019549.957892
2022-02-22,SZ000786,北新建材,32.29,11311545,1689507842,1689507842,5455420.821818
2022-02-22,SZ000767,晋控电力,3.93,27696602,2912242405,3076942219,1209238.292067
2022-02-22,SZ000625,长安汽车,12.9,45567214,5849553939,7632153402,9845477.88858
2022-02-22,SZ000735,罗 牛 山,6.84,8426105,1150886809,1151513578,787635.287352
2022-02-22,SZ000776,广发证券,18.33,84143011,5919291464,7621087664,13969453.688112
2022-02-22,SZ000068,华控赛格,3.3,8510886,1006671464,1006671464,332201.58312
2022-02-22,SH600080,金花股份,7.92,2642701,373270285,373270285,295630.06572
2022-02-22,SH600088,中视传媒,10.17,5212700,397706400,397706400,404467.4088
2022-02-22,SZ000788,北大医药,6.46,2764300,595987425,595987425,385007.87655
2022-02-22,SZ000728,国元证券,7.23,25230684,4291289205,4363777891,3155011.415193
2022-02-22,SH600090,退市济堂,1.06,22103100,1439662945,1439662945,152604.27217
2022-02-22,SZ000731,四川美丰,9.78,49346032,585723752,585723752,572837.829456
2022-02-22,SH600075,新疆天业,7.51,15664935,1268779012,1707354260,1282223.04926
2022-02-22,SZ000828,东莞控股,11.62,19361000,1039515642,1039516992,1207918.744704
2022-02-22,SH600089,特变电工,20.04,47619759,3788550289,3788550289,7592254.779156
2022-02-22,SZ000800,一汽解放,9.58,5005487,1411754078,4654114613,4458641.799254
2022-02-22,SH600106,重庆路桥,4.75,25964545,1329025062,1329025062,631286.90445
2022-02-22,SZ000782,恒申新材,5.35,4479100,528133662,528139623,282554.698305
2022-02-22,SH600097,开创国际,11.27,3287100,240936559,240936559,271535.501993
2022-02-22,SH600082,海泰发展,3.17,6282200,634335412,646115826,204818.716842
2022-02-22,SH600085,同仁堂,42.5,16046022,1371470262,1371470262,5828748.6135
2022-02-22,SZ000819,岳阳兴长,12.8,13693789,299150255,299150255,382912.3264
2022-02-22,SZ000752,ST西发,4.97,4549705,263758491,263758491,131087.970027
2022-02-22,SZ000838,财信发展,7.02,11388300,846108444,1100462170,772524.44334
2022-02-22,SZ000738,航发控制,23.4,9864392,1145642349,1315184001,3077530.56234
2022-02-22,SZ000753,漳州发展,3.54,17227441,991481071,991481071,350984.299134
2022-02-22,SZ000768,中航西飞,28.22,23171889,2768640196,2768645071,7813116.390362
2022-02-22,SH600093,退市易见,1.91,18089008,1122447500,1122447500,214387.4725
2022-02-22,SZ000066,中国长城,13.65,44347818,2939986686,3225799087,4403215.753755
2022-02-22,SZ000755,山西高速,4.96,22579340,469264621,1467310196,727785.857216
2022-02-22,SH600100,同方股份,5.95,38416008,2963898951,3350297713,1993427.139235
2022-02-22,SH600101,明星电力,7.22,8074611,421432670,421432670,304274.38774
2022-02-22,SH600078,澄星股份,8.8,30982695,662572861,662572861,583064.11768
2022-02-22,SH600081,东风科技,12.12,1695001,313560000,470418905,570147.71286
2022-02-22,SH600103,青山纸业,2.84,36932600,2305817807,2305817807,654852.257188
2022-02-22,SZ000796,凯撒旅业,9.59,59416207,802583633,803000258,770077.247422
2022-02-22,SZ000733,振华科技,107.17,3677027,517645618,518133618,5552837.984106
2022-02-22,SH600099,林海股份,9.01,3393602,219120000,219120000,197427.12
2022-02-22,SH600073,光明肉业,7.57,8019965,937729472,937729472,709861.210304
2022-02-22,SH600091,退市明科,1.59,8855751,437412524,437412524,69548.591316
2022-02-22,SZ000762,西藏矿业,50.87,60047791,520795518,520819240,2649407.47388
2022-02-22,SH600095,湘财股份,8.9,13092755,1129610651,2854958418,2540912.99202
2022-02-22,SZ000750,国海证券,4.02,28739348,5444525514,5444525514,2188699.256628
2022-02-22,SH600096,云天化,22.3,159754609,1714558117,1835893241,4094041.92743
2022-02-22,SZ000777,中核科技,12.75,4389860,383406551,386597593,492911.931075
2022-02-22,SH600084,中信尼雅,4.25,3189600,1123726830,1123726830,477583.90275
2022-02-22,SZ000785,居然智家,5.12,11162499,2751418769,6529036899,3342866.892288
2022-02-22,SZ000797,中国武夷,2.78,26757945,1570100215,1570754217,436669.672326
2022-02-22,SZ000729,燕京啤酒,8.12,26162687,2509560118,2818539341,2288653.944892
2022-02-22,SH600098,广州发展,6.81,9736844,2698936572,3544055525,2413501.812525
2022-02-22,SZ000799,酒鬼酒,169.87,6145659,324928980,324928980,5519568.58326
2022-02-22,SZ000868,安凯客车,4.18,35498142,733329168,733329168,306531.592224
2022-02-22,SZ000088,盐 田 港,5.29,5927780,2249161747,2249161747,1189806.564163
2022-02-22,SZ000793,*ST华闻,3.02,115322034,1961008390,1997245457,603168.128014
2022-02-22,SZ000783,长江证券,7.05,14520112,5529950496,5529950496,3898615.09968
2022-02-22,SH600116,三峡水利,11.18,14105845,1353844295,1912142904,2137775.766672
2022-02-22,SZ000756,新华制药,9.53,25474415,436332720,632535247,602806.090391
2022-02-22,SH600109,国金证券,10.5,18577562,3024359310,3024359310,3175577.2755
2022-02-22,SZ000795,英洛华,8.6,126992852,1131407846,1133684103,974968.32858
2022-02-22,SZ000816,智慧农业,3.96,41328004,1337777472,1424503318,564103.313928
2022-02-22,SH600108,亚盛集团,3.56,43552399,1946915121,1946915121,693101.783076
2022-02-22,SH600128,苏豪弘业,7.73,8954400,246767500,246767500,190751.2775
2022-02-22,SH600118,中国卫星,25.26,6342544,1182489135,1182489135,2986967.55501
2022-02-22,SZ000069,华侨城Ａ,7.36,53738864,7055665245,8201793915,6036520.32144
2022-02-22,SZ000789,万年青,13.41,19636862,797383441,797402348,1069316.548668
2022-02-22,SH600111,北方稀土,47.12,89534252,3633066000,3633066000,17119006.992
2022-02-22,SZ000836,ST富通,3.24,80926213,1208315049,1208455224,391539.492576
2022-02-22,SH600105,永鼎股份,4.45,42658615,1380910263,1411054063,627919.058035
2022-02-22,SH600110,诺德股份,14,47929800,1323181658,1397268615,1956176.061
2022-02-22,SZ000823,超声电子,13.1,10088806,536941276,536986764,703452.66084
2022-02-22,SZ000791,甘肃能源,7.1,123910495,1359550430,1359576680,965299.4428
2022-02-22,SH600117,西宁特钢,3.92,7814703,1045118252,1045118252,409686.354784
2022-02-22,SZ000818,航锦科技,34.99,4647074,676806900,679156000,2376366.844
2022-02-22,SZ000888,峨眉山Ａ,7.83,16150391,526913102,526913102,412572.958866
2022-02-22,SH600113,浙江东日,7.47,14192444,411431160,411431160,307339.07652
2022-02-22,SH600132,重庆啤酒,140.39,2139406,483971198,483971198,6794471.648722
2022-02-22,SZ000839,国安股份,2.55,28979678,3919826352,3919826352,999555.71976
2022-02-22,SH600115,中国东航,5.7,38449778,9808485682,18874440078,10758430.84446
2022-02-22,SH600107,ST尔雅,5.93,6392141,360000000,360000000,213480
2022-02-22,SZ000848,承德露露,9.71,8115547,1076392496,1076419000,1045202.849
2022-02-22,SH600129,太极集团,19.46,16613036,556890744,556890744,1083709.387824
2022-02-22,SZ000063,中兴通讯,29.58,37369815,3890275907,4731665005,13996265.08479
2022-02-22,SH600104,上汽集团,18.46,47246946,11683461365,11683461365,21567669.67979
2022-02-22,SZ000899,赣能股份,5.2,6040556,975674945,975677760,507352.4352
2022-02-22,SH600112,*ST天成,3.41,17409200,509204846,509204846,173638.852486
2022-02-22,SH600120,浙江东方,4.21,43142105,2896323121,2896323121,1219352.033941
2022-02-22,SZ000829,天音控股,16.02,24715108,1023765049,1025100438,1642210.901676
2022-02-22,SH600138,中青旅,12.08,20562491,723840000,723840000,874398.72
2022-02-22,SZ000889,中嘉博创,4.84,148080795,869849677,936291116,453164.900144
2022-02-22,SZ000898,鞍钢股份,3.91,45140905,7941252719,9405250201,3677452.828591
2022-02-22,SH600121,郑州煤电,4.45,16134660,1218412038,1218412038,542193.35691
2022-02-22,SZ000802,北京文化,4.1,1568992,711209005,715900255,293519.10455
2022-02-22,SZ000761,本钢板材,4.26,20878768,3708191379,4108191379,1750089.527454
2022-02-22,SH600119,长江投资,7.58,1218902,307400000,365270370,276874.94046
2022-02-22,SZ001896,豫能控股,6.2,9586454,411887163,1355587847,840464.46514
2022-02-22,SH600135,乐凯胶片,7.49,5415169,427764817,553307099,414427.017151
2022-02-22,SZ000886,海南高速,3.99,6368700,973958198,988828300,394542.4917
2022-02-22,SH600133,东湖高新,5.71,14110775,795554742,795554742,454261.757682
2022-02-22,SZ000798,中水渔业,6.89,5465000,319417500,319455000,220104.495
2022-02-22,SH600009,上海机场,55.5,11664691,1093476397,1926958448,10694619.3864
2022-02-22,SZ000429,粤高速Ａ,7.99,2790473,1303324056,2090806126,1670554.094674
2022-02-22,SH600139,*ST西源,2.45,8459300,661890508,661890508,162163.17446
2022-02-22,SH600136,ST明诚,5.71,8512112,486882186,584618623,333817.233733
2022-02-22,SZ000803,山高环能,21.01,3380800,200440437,240224361,504711.382461
2022-02-22,SZ000876,新 希 望,16.59,39073741,4325422589,4505211342,7474145.616378
2022-02-22,SH600126,杭钢股份,6.28,159594863,3377189083,3377189083,2120874.744124
2022-02-22,SH600158,中体产业,10.19,26382778,722080395,959513067,977743.815273
2022-02-22,SZ000790,华神科技,5.13,10124203,616360564,625773564,321021.838332
2022-02-22,SH600131,国网信通,18.18,14087663,540214382,1195394544,2173227.280992
2022-02-22,SZ000807,云铝股份,14.21,175537564,2814103314,3467957405,4927967.472505
2022-02-22,SH600137,浪莎股份,14.82,1122200,97217588,97217588,144076.465416
2022-02-22,SZ000806,银河退,2.6,4579000,699304718,1099911762,285977.05812
2022-02-22,SZ000089,深圳机场,7.58,14370900,2050769509,2050769509,1554483.287822
2022-02-22,SH600122,*ST宏图,2.17,36218144,1158258350,1158258350,251342.06195
2022-02-22,SH600168,武汉控股,7.15,6119600,709569692,709569692,507342.32978
2022-02-22,SZ000858,五 粮 液,193.4,19367733,3881508186,3881608005,75070298.8167
2022-02-22,SH600127,金健米业,7.94,10806299,641783218,641783218,509575.875092
2022-02-22,SZ000801,四川九洲,7.47,7315295,1022806646,1022806646,764036.564562
2022-02-22,SH600125,铁龙物流,5.62,27071229,1305521874,1305521874,733703.293188
2022-02-22,SH600157,永泰能源,1.8,214012700,22217764145,22217764145,3999197.5461
2022-02-22,SZ000883,湖北能源,4.62,23335538,6505560504,6569750886,3035224.909332
2022-02-22,SZ000813,德展健康,3.71,14562200,2217532072,2232788132,828364.396972
2022-02-22,SH600150,中国船舶,20.81,32378005,2443307764,4472428758,9307124.245398
2022-02-22,SH600148,长春一东,15.36,2077070,141516450,141516450,217369.2672
2022-02-22,SH600159,大龙地产,3.21,33497710,830003232,830003232,266431.037472
2022-02-22,SH600156,华升股份,4.17,3102546,402110702,402110702,167680.162734
2022-02-22,SZ000811,冰轮环境,12.83,21635833,745821393,745837804,956909.902532
2022-02-22,SH600165,ST宁科,10.45,7251460,684883775,684883775,715703.544875
2022-02-22,SZ000810,创维数字,11.39,21272305,1030222093,1063237105,1211027.062595
2022-02-22,SZ000878,云南铜业,12.9,14166000,1699596716,1699678560,2192585.3424
2022-02-22,SH600163,中闽能源,7.85,33595720,1154161335,1902996143,1493851.972255
2022-02-22,SH600166,福田汽车,2.91,72736691,6575192047,6575192047,1913380.885677
2022-02-22,SZ000065,北方国际,8.81,12893400,678059923,774483509,682319.971429
2022-02-22,SH600151,航天机电,10.87,13103161,1434252287,1434252287,1559032.235969
2022-02-22,SZ000815,美利云,8.8,3179701,695263035,695263035,611831.4708
2022-02-22,SH600152,维科技术,6.76,6473600,490646814,524904562,354835.483912
2022-02-22,SH600162,香江控股,2.27,49331802,3395781424,3395781424,770842.383248
2022-02-22,SH600161,天坛生物,27.43,5810119,1373174615,1373174615,3766617.968945
2022-02-22,SZ000809,和展能源,3.3,17956700,824791293,824791293,272181.12669
2022-02-22,SZ000882,华联股份,2.01,25412405,2737348016,2737351947,550207.741347
2022-02-22,SH600153,建发股份,10.19,40891067,2835200530,2863422530,2917827.55807
2022-02-22,SH600170,上海建工,3.59,140560787,8904397728,8904397728,3196678.784352
2022-02-22,SZ000812,陕西金叶,6.92,64050824,767858107,768692614,531935.288888
2022-02-22,SZ000821,ST京机,11.81,11583988,560986273,622874778,735615.112818
2022-02-22,SH600160,巨化股份,14.89,60022904,2699746081,2699746081,4019921.914609
2022-02-22,SH600188,兖矿能源,31.67,29687559,2974184060,4874184060,15436540.91802
2022-02-22,SH600180,瑞茂通,7.79,13994627,1016477464,1016477464,791835.944456
2022-02-22,SZ000822,山东海化,7.4,29195757,895091926,895091926,662368.02524
2022-02-22,SH600196,复星医药,41.75,18843252,2010958045,2562898545,10700101.425375
2022-02-22,SZ000830,鲁西化工,16.16,26663430,1464079243,1904319011,3077379.521776
2022-02-22,SH600199,金种子酒,23.07,98586061,606469391,657796824,1517537.272968
2022-02-22,SZ000856,冀东装备,11.76,48214949,227000000,227000000,266952
2022-02-22,SH600186,莲花控股,2.7,11839272,1751901141,1793901141,484353.30807
2022-02-22,SZ000881,中广核技,8.87,3516565,771187609,945425815,838592.697905
2022-02-22,SH600169,ST太重,2.76,16378400,2563955000,3333141500,919947.054
2022-02-22,SZ000862,银星能源,8.34,47875362,501352890,706118997,588903.243498
2022-02-22,SH600155,华创云信,9.72,15703622,1739556648,1739556648,1690849.061856
2022-02-22,SH600171,上海贝岭,21.72,16416460,700862144,712815314,1548234.862008
2022-02-22,SZ000581,威孚高科,21.78,8910294,816945681,1008659570,2196860.54346
2022-02-22,SZ000837,秦川机床,9.85,16668300,693099024,899370910,885880.34635
2022-02-22,SZ000850,华茂股份,4.69,8654278,943382489,943665009,442578.889221
2022-02-22,SH600189,泉阳泉,7.71,10333324,699817425,715197812,551417.513052
2022-02-22,SH600178,东安动力,7.4,3541332,462080000,462080000,341939.2
2022-02-22,SZ000825,太钢不锈,7.41,81971353,5696176066,5696247796,4220919.616836
2022-02-22,SH600198,大唐电信,7.85,5555349,880454735,1313708906,1031261.49121
2022-02-22,SH600183,生益科技,19.31,13414789,2311595684,2311595684,4463691.265804
2022-02-22,SZ000861,海印股份,3.18,68935282,2184526848,2325574211,739532.599098
2022-02-22,SZ000860,顺鑫农业,28.42,8741879,741766989,741766989,2108101.782738
2022-02-22,SH600179,安通控股,3.74,7414859,3564945567,4364286051,1632242.983074
2022-02-22,SZ000833,粤桂股份,5.89,7969100,378085022,668401851,393688.690239
2022-02-22,SZ000859,国风新材,6.58,15026300,840081809,895976271,589552.386318
2022-02-22,SH600177,雅戈尔,6.88,7829159,4502688973,4629002973,3184754.045424
2022-02-22,SZ000852,石化机械,6.82,25696233,777604997,777604997,530326.607954
2022-02-22,SH600172,黄河旋风,9.35,70610797,1224222286,1442184476,1348442.48506
2022-02-22,SH600218,全柴动力,11.85,6189182,368755000,435599919,516185.904015
2022-02-22,SZ000887,中鼎股份,18.96,29714880,1208772051,1211364474,2296747.042704
2022-02-22,SH600191,华资实业,3.75,2859600,484932000,484932000,181849.5
2022-02-22,SZ000895,双汇发展,29.64,8857718,1488824214,3464661213,10269255.835332
2022-02-22,SH600123,兰花科创,12.02,51906831,1142400000,1142400000,1373164.8
2022-02-22,SZ000078,海王生物,3.24,15281901,2621199543,2750833257,891269.975268
2022-02-22,SH600192,长城电工,5.12,15712500,441748000,441748000,226174.976
2022-02-22,SZ000893,亚钾国际,26.9,26503411,756790772,756903272,2036069.80168
2022-02-22,SH600195,中牧股份,13.31,7338297,1015610601,1015610601,1351777.709931
2022-02-22,SZ000877,天山股份,15.12,20189764,880093104,8348805927,12623394.561624
2022-02-22,SZ000892,欢瑞世纪,3.48,20178701,535377741,980980473,341381.204604
2022-02-22,SH600201,生物股份,15.05,13596507,1120369226,1126202241,1694934.372705
2022-02-22,SZ000890,法尔胜,4.72,1730400,379628678,419503968,198005.872896
2022-02-22,SH600228,*ST返利,8.32,7497401,241320000,823267005,684958.14816
2022-02-22,SZ000900,现代投资,4.32,7196064,1517245302,1517828334,655701.840288
2022-02-22,SH600167,联美控股,8.31,3614914,2288119475,2288119475,1901427.283725
2022-02-22,SH600266,城建发展,4.63,13041654,2256537600,2256537600,1044776.9088
2022-02-22,SZ000908,*ST景峰,4.05,41315620,757837001,879774351,356308.612155
2022-02-22,SZ000928,中钢国际,7.9,17380024,1280887903,1280919103,1011926.09137
2022-02-22,SH600007,中国国贸,14.17,2284422,1007282534,1007282534,1427319.350678
2022-02-22,SH600206,有研新材,14.77,10648191,846553332,846553332,1250359.271364
2022-02-22,SZ000917,电广传媒,6.06,16509370,1417296852,1417556338,859039.140828
2022-02-22,SH600209,退市罗顿,4.74,4895136,439011169,439011169,208091.294106
2022-02-22,SH600200,退市苏吴,6.99,6882536,712388832,712388832,497959.793568
2022-02-22,SZ000901,航天科技,10.23,21349332,798201406,798201406,816560.038338
2022-02-22,SZ000902,新洋丰,17.15,9099908,1183210259,1304529290,2237267.73235
2022-02-22,SH600173,卧龙新能,6.01,2683000,700416244,700506244,421004.252644
2022-02-22,SZ000903,ST云动,3.43,14930700,1970800857,1970800857,675984.693951
2022-02-22,SH600176,中国巨石,17.09,23523358,4003136728,4003136728,6841360.668152
2022-02-22,SZ000897,津滨发展,2.84,32682460,1617244634,1617272234,459305.314456
2022-02-22,SH600359,新农开发,7.91,8357401,381512820,381512820,301776.64062
2022-02-22,SZ000905,厦门港务,7.45,7805371,530998500,625191522,465767.68389
2022-02-22,SZ000909,ST数源,7.81,15965126,387423864,453828600,354440.1366
2022-02-22,SH600203,福日电子,8.65,5233905,456447120,592988082,512934.69093
2022-02-22,SZ000913,钱江摩托,13.76,2063751,453536000,453536000,624065.536
2022-02-22,SH600193,*ST创兴,6.35,2983669,425373000,425373000,270111.855
2022-02-22,SZ000911,广农糖业,9.11,2775000,324080937,324080937,295237.733607
2022-02-22,SZ000912,泸天化,5.81,23253217,1568000000,1568000000,911008
2022-02-22,SH600202,哈空调,5.78,29871632,383340672,383340672,221570.908416
2022-02-22,SH600190,退市锦港,2.86,4588213,1779484530,2002291500,572655.369
2022-02-22,SZ000915,华特达因,34.84,2822002,234151690,234331485,816410.89374
2022-02-22,SH600185,珠免集团,6.25,25315882,1944686896,1944686896,1215429.31
2022-02-22,SZ000925,众合科技,9.78,31168402,537288367,558086062,545808.168636
2022-02-22,SZ000920,沃顿科技,11.1,15877672,421779600,422000000,468420
2022-02-22,SH600141,兴发集团,35.87,39113676,975597583,1111724663,3987756.366181
2022-02-22,SZ000922,佳电股份,10.66,2469610,584889503,599212053,638760.048498
2022-02-22,SZ000926,福星股份,4.51,10159726,935936861,949322474,428144.435774
2022-02-22,SH600208,衢州发展,3.05,46030237,8598171921,8599343536,2622799.77848
2022-02-22,SZ000929,*ST兰黄,9.09,3762300,185754223,185766000,168861.294
2022-02-22,SZ000835,长动退,1.33,21467400,302895000,326760374,43459.129742
2022-02-22,SZ000910,大亚圣象,12.43,6992100,547127500,547397500,680415.0925
2022-02-22,SH600146,退市环球,2.32,39982301,469970000,469970000,109033.04
2022-02-22,SZ000906,浙商中拓,11.83,2913680,664799578,674200820,797579.57006
2022-02-22,SZ000930,中粮科技,10.11,16230394,968878414,1865717988,1886240.885868
2022-02-22,SZ000931,中 关 村,7.28,10158569,746191907,753126982,548276.442896
2022-02-22,SZ000921,海信家电,13.78,3504475,902131318,1362725370,1877835.55986
2022-02-22,SZ000923,河钢资源,16.22,12494249,627893854,652728961,1058726.374742
2022-02-22,SH600207,安彩高科,6.26,3056700,862955974,862955974,540210.439724
2022-02-22,SZ000918,*ST嘉凯,2.63,63405750,1804191500,1804191500,474502.3645
2022-02-22,SZ000090,天健集团,6.59,16581222,1868165272,1868545434,1231371.441006
2022-02-22,SH600211,西藏药业,41.82,1881160,247937843,247937843,1036876.059426
2022-02-22,SZ000927,中国铁物,3.45,15873155,3762828946,6050353641,2087372.006145
2022-02-22,SH600006,东风股份,6.25,11863869,2000000000,2000000000,1250000
2022-02-22,SZ000932,华菱钢铁,5.85,144542253,5717943441,6908632499,4041550.011915
2022-02-22,SZ000936,华西股份,6.04,6290401,885747139,886012887,535151.783748
2022-02-22,SH600212,绿能慧充,4.66,24834700,511697213,511697213,238450.901258
2022-02-22,SZ000935,四川双马,23.52,4329984,763440333,763440333,1795611.663216
2022-02-22,SH600210,紫江企业,6.77,15252820,1516736158,1516736158,1026830.378966
2022-02-22,SZ000933,神火股份,13.48,99415934,2231460309,2250986609,3034329.948932
2022-02-22,SH600215,派斯林,7.7,3038733,465032880,465032880,358075.3176
2022-02-22,SZ000937,冀中能源,6.83,116099340,2906599842,3533546850,2413412.49855
2022-02-22,SH600197,伊力特,24.44,5790216,471949629,471949629,1153444.893276
2022-02-22,SH600145,退市新亿,1.03,29464376,1491100380,1491100380,153583.33914
2022-02-22,SH600220,ST阳光,2.6,21141394,1783340326,1783340326,463668.48476
2022-02-22,SZ000948,南天信息,17.45,36650853,334505735,394385667,688202.988915
2022-02-22,SH600149,廊坊发展,5.22,7219910,380160000,380160000,198443.52
2022-02-22,SZ000949,新乡化纤,5.27,20134684,1403260020,1466727778,772965.539006
2022-02-22,SH600216,浙江医药,15.14,10623887,965123725,965128000,1461203.792
2022-02-22,SZ000938,紫光股份,21.85,40388056,2860079874,2860079874,6249274.52469
2022-02-22,SH600222,太龙药业,7.07,7586821,573886283,573886283,405737.602081
2022-02-22,SH600000,浦发银行,8.58,32497174,29352168006,29352168006,25184160.149148
2022-02-22,SZ000952,广济药业,7.4,3358440,306448512,343999939,254559.95486
2022-02-22,SH600226,亨通股份,2.15,9705092,3129012583,3129012583,672737.705345
2022-02-22,SZ000919,金陵药业,7.29,7897301,503264468,510400000,372081.6
2022-02-22,SH600268,国电南自,9.33,12131727,695265184,695265184,648682.416672
2022-02-22,SH600221,海航控股,1.97,66535710,32872676656,33242794258,6548830.468826
2022-02-22,SZ000953,河化股份,5.74,6276300,319921505,366122195,210154.13993
2022-02-22,SH600239,云南城投,2.22,7778700,1605686909,1605686909,356462.493798
2022-02-22,SZ000955,欣龙控股,5.09,10846801,537685425,538395000,274043.055
2022-02-22,SH600217,中再资环,6.3,33603038,1388659782,1388659782,874855.66266
2022-02-22,SZ000959,首钢股份,5.89,37232123,5218238271,6750325410,3975941.66649
2022-02-22,SZ000958,电投产融,5.18,38829226,1102079201,5383418520,2788610.79336
2022-02-22,SH600219,南山铝业,4.88,88011101,11950481520,11950481520,5831834.98176
2022-02-22,SZ000957,中通客车,5.24,3388147,592892704,592903936,310681.662464
2022-02-22,SH600223,福瑞达,11.85,12036291,1009152199,1009152199,1195845.355815
2022-02-22,SZ000962,东方钽业,11.24,8817011,440831060,440832644,495495.891856
2022-02-22,SH600238,*ST椰岛,14.28,11537600,445001580,448200000,640029.6
2022-02-22,SZ000963,华东医药,34.69,23316801,1749761803,1749809548,6070089.322012
2022-02-22,SZ000960,锡业股份,25.14,44242313,1668776379,1668776379,4195303.816806
2022-02-22,SH600227,赤天化,3.33,9299700,1278179547,1693134201,563813.688933
2022-02-22,SH600500,中化国际,8.02,15983513,2707916472,2765166472,2217663.510544
2022-02-22,SZ000961,ST中南,4.11,89207088,3811261542,3826558901,1572715.708311
2022-02-22,SH600229,城市传媒,7.12,2321136,702096010,702096010,499892.35912
2022-02-22,SZ000999,华润三九,35.39,9091801,978395308,978900000,3464327.1
2022-02-22,SZ000966,长源电力,6.38,10005436,1108284080,2749327699,1754071.071962
2022-02-22,SH600236,桂冠电力,5.81,5177467,7882377802,7882377802,4579661.502962
2022-02-22,SZ000967,盈峰环境,6.05,21819283,2159636829,3179471751,1923580.409355
2022-02-22,SH600230,沧州大化,18.8,8678817,411863502,418596302,786961.04776
2022-02-22,SZ000965,天保基建,3.02,37625860,1109830895,1109830895,335168.93029
2022-02-22,SZ000518,*ST四环,3.31,9036180,1029535693,1029556222,340783.109482
2022-02-22,SZ000970,中科三环,13.87,0,1065200000,1065200000,1477432.4
2022-02-22,SH600299,安迪苏,12.14,10327100,2681901273,2681901273,3255828.145422
2022-02-22,SH600008,首创环保,3.48,75733635,7340590677,7340590677,2554525.555596
2022-02-22,SZ000971,*ST高升,2.28,15352200,837136681,1048590126,239078.548728
2022-02-22,SZ000070,特发信息,6.25,13884749,827931202,844578958,527861.84875
2022-02-22,SH600231,凌钢股份,2.77,23213802,2852134897,2852134897,790041.366469
2022-02-22,SH600269,赣粤高速,3.56,9250131,2335407014,2335407014,831404.896984
2022-02-22,SZ000978,桂林旅游,6.51,18992800,360053425,360100000,234425.1
2022-02-22,SZ000973,佛塑科技,4.81,9570000,967392234,967423171,465330.545251
2022-02-22,SH600256,广汇能源,6.84,156593275,6565755139,6565755139,4490976.515076
2022-02-22,SZ000301,东方盛虹,18.61,32176105,2066737253,5946491119,11066419.972459
2022-02-22,SZ000969,安泰科技,9.19,10060701,1000626464,1026008097,942901.441143
2022-02-22,SH600258,首旅酒店,25.91,11472351,982080716,1121383122,2905503.669102
2022-02-22,SZ000976,*ST华铁,5.34,17662995,1594619972,1595678796,852092.477064
2022-02-22,SH600232,金鹰股份,6.6,25689847,364718544,364718544,240714.23904
2022-02-22,SZ000988,华工科技,23.97,10600203,1004985657,1005502707,2410189.988679
2022-02-22,SH600233,圆通速递,16.25,12941067,3165084490,3435027509,5581919.702125
2022-02-22,SZ000977,浪潮信息,35.25,61765948,1452808551,1453721310,5124367.61775
2022-02-22,SZ000975,山金国际,9.19,46605955,2448450295,2776722265,2551807.761535
2022-02-22,SH600237,铜峰电子,7.43,9047518,564369565,564369565,419326.586795
2022-02-22,SH600257,大湖股份,5.87,34208480,481237188,481237188,282486.229356
2022-02-22,SH600235,民丰特纸,6.25,21377100,351300000,351300000,219562.5
2022-02-22,SH600234,科新发展,9.47,1871101,202445880,262520973,248607.361431
2022-02-22,SZ000980,众泰汽车,4.62,30189451,4287451645,5069178220,2341960.33764
2022-02-22,SZ000968,蓝焰控股,9.39,16057525,967502660,967502660,908484.99774
2022-02-22,SZ000989,九芝堂,9.34,10571554,614595840,869354236,811976.856424
2022-02-22,SH600262,北方股份,17.25,1944431,170000000,170000000,293250
2022-02-22,SH600300,维维股份,4.59,26945255,1672000000,1672000000,767448
2022-02-22,SH600130,*ST波导,3.94,10245019,768000000,768000000,302592
2022-02-22,SZ000982,中银绒业,3.33,173956737,4261877053,4261877053,1419205.058649
2022-02-22,SZ000990,诚志股份,13.44,8755703,1253011019,1253011919,1684048.019136
2022-02-22,SH600260,*ST凯乐,2.72,7562416,994886058,994886058,270609.007776
2022-02-22,SH600278,东方创业,7.77,3056321,678914260,883527428,686500.811556
2022-02-22,SH600301,华锡有色,15.29,10261289,235148140,235148140,359541.50606
2022-02-22,SZ000996,中期退,7.38,2579950,345000000,345000000,254610
2022-02-22,SZ000987,越秀资本,8.41,8025632,3716014123,3716394417,3125487.704697
2022-02-22,SH600018,上港集团,5.79,23016995,23173674650,23278679750,13478355.57525
2022-02-22,SH600289,ST信通,3.44,1259500,565922684,631052069,217081.911736
2022-02-22,SH600261,阳光照明,4.06,5148644,1414659630,1414659630,574351.80978
2022-02-22,SZ000096,广聚能源,9.59,6027687,510848000,528000000,506352
2022-02-22,SZ000158,常山北明,7.28,142534673,1577040918,1598616721,1163792.972888
2022-02-22,SH600267,海正药业,13.12,18587632,965531842,1196031562,1569193.409344
2022-02-22,SH600277,ST亿利,5.51,107888104,3560622194,3560622194,1961902.828894
2022-02-22,SZ000985,大庆华科,14,4084700,129639500,129639500,181495.3
2022-02-22,SZ000983,山西焦煤,11.06,161954176,4096560000,4096560000,4530795.36
2022-02-22,SZ000099,中信海直,7.71,4762252,606070420,775770137,598118.775627
2022-02-22,SH600291,退市西水,4.24,24853700,1093064378,1093064378,463459.296272
2022-02-22,SZ000993,闽东电力,11.61,12086212,439747572,457951455,531681.639255
2022-02-22,SH600279,重庆港,4.07,4653250,869924190,1186866283,483054.577181
2022-02-22,SZ000150,*ST宜康,3.41,64262356,805990242,877697557,299294.866937
2022-02-22,SZ000997,新 大 陆,17.9,22520318,1025967726,1032062937,1847392.65723
2022-02-22,SH600275,退市昌鱼,2.09,10160715,508837238,508837238,106346.982742
2022-02-22,SH600298,安琪酵母,53.6,4306119,824080943,832860943,4464134.65448
2022-02-22,SH600265,ST景谷,19.17,212130,129800000,129800000,248826.6
2022-02-22,SH600287,苏豪时尚,4.88,1849810,436796074,443282774,216321.993712
2022-02-22,SZ000151,中成股份,8.69,5091735,266543967,337370728,293175.162632
2022-02-22,SH600282,南钢股份,3.89,41885111,4460752238,6158916011,2395818.328279
2022-02-22,SH600293,三峡新材,3.7,25721493,1160145046,1160145046,429253.66702
2022-02-22,SZ000153,丰原药业,9.26,4338000,311977230,312141230,289042.77898
2022-02-22,SH600358,ST联合,6.27,78617216,504936660,504936660,316595.28582
2022-02-22,SH600246,万通发展,10.15,7871668,2054009302,2054009302,2084819.44153
2022-02-22,SZ000159,国际实业,6.82,49502859,480685993,480685993,327827.847226
2022-02-22,SH600280,中央商场,2.79,5047820,1138334820,1138334820,317595.41478
2022-02-22,SZ000972,*ST中基,2.63,4780950,771283579,771283579,202847.581277
2022-02-22,SH600308,华泰股份,5.92,13836985,1167561419,1167561419,691196.360048
2022-02-22,SZ000157,中联重科,7.22,46720020,7063148394,8675031447,6263372.704734
2022-02-22,SH600283,钱江水利,13.77,11725543,352995758,352995758,486075.158766
2022-02-22,SH600276,恒瑞医药,40.11,32138660,6379002274,6379002274,25586178.121014
2022-02-22,SH600285,羚锐制药,13.69,7548294,554088392,567758992,777262.060048
2022-02-22,SZ000869,张  裕Ａ,30.86,2203677,453460800,685464000,2115341.904
2022-02-22,SH600366,宁波韵升,12.87,42371599,989113721,989113721,1272989.358927
2022-02-22,SH600292,电投水电,7.51,5304469,780816890,780816890,586393.48439
2022-02-22,SH600290,*ST华仪,2.75,7768000,759903511,759903511,208973.465525
2022-02-22,SH600281,华阳新材,6,14204776,514402025,514402025,308641.215
2022-02-22,SH600297,广汇汽车,2.64,61099976,8111037152,8111037152,2141313.808128
2022-02-22,SH600243,*ST海华,4.4,22523600,438850000,438850000,193094
2022-02-22,SZ000488,ST晨鸣,6.93,16722864,1664963401,2984208200,2068056.2826
2022-02-22,SH600255,鑫科材料,2.84,85964698,1769593555,1799543555,511070.36962
2022-02-22,SH600337,美克家居,3.54,11333589,1628327220,1628327220,576427.83588
2022-02-22,SH600241,时代万恒,8.65,1864308,294302115,294302115,254571.329475
2022-02-22,SH600288,大恒科技,14.61,5337572,436800000,436800000,638164.8
2022-02-22,SH600252,中恒集团,3.26,36104939,3438732147,3475107147,1132884.929922
2022-02-22,SH600422,昆药集团,10.86,15283930,755695746,758255769,823465.765134
2022-02-22,SH600318,新力金融,11.84,61428027,511655849,512727632,607069.516288
2022-02-22,SH600333,长春燃气,5.49,26267437,609030684,609030684,334357.845516
2022-02-22,SZ000998,隆平高科,19.86,26458620,1297656143,1316970298,2615503.011828
2022-02-22,SH600019,宝钢股份,7.39,82587685,22212353437,22268411550,16456356.13545
2022-02-22,SH600302,标准股份,4.91,2652300,346009804,346009804,169890.813764
2022-02-22,SH600316,洪都航空,31.83,9020885,717114512,717114512,2282575.491696
2022-02-22,SH600038,中直股份,55.36,8680027,589476716,589476716,3263343.099776
2022-02-22,SH600016,民生银行,3.96,53292361,35462123213,43782418502,17337837.726792
2022-02-22,SH600307,酒钢宏兴,2.28,73192591,6263357424,6263357424,1428045.492672
2022-02-22,SH600368,五洲交通,4.09,11769675,1125632068,1125632068,460383.515812
2022-02-22,SH600320,振华重工,3.67,10936952,3321997661,5268353501,1933485.734867
2022-02-22,SH600328,中盐化工,17.3,31132310,559611620,957664592,1656759.74416
2022-02-22,SH600345,长江通信,16.57,2686671,198000000,198000000,328086
2022-02-22,SH600323,瀚蓝环境,20.1,4130630,815347146,815347146,1638847.76346
2022-02-22,SZ000726,鲁  泰Ａ,6.89,6903144,561285342,882341295,607933.152255
2022-02-22,SH600339,中油工程,3.33,92727203,5583147471,5583147471,1859188.107843
2022-02-22,SH600306,退市商城,16.04,154400,177472546,231574918,371446.168472
2022-02-22,SH600303,曙光股份,5.07,31148061,675604211,675604211,342531.334977
2022-02-22,SH600338,西藏珠峰,34.95,72502955,914210168,914210168,3195164.53716
2022-02-22,SH600398,海澜之家,6.2,4131459,4319602756,4319602756,2678153.70872
2022-02-22,SH600399,抚顺特钢,15.45,25029031,1972100000,1972100000,3046894.5
2022-02-22,SH600336,澳柯玛,6.63,19239656,790916869,798165669,529183.838547
2022-02-22,SH600388,龙净环保,8.89,32234447,1069065000,1069065000,950398.785
2022-02-22,SH600309,万华化学,96.2,10396921,1423756420,3139746626,30204362.54212
2022-02-22,SH600400,红豆股份,3.4,10900124,2291371852,2291371852,779066.42968
2022-02-22,SH600369,西南证券,4.83,19047021,5645109124,6645109124,3209587.706892
2022-02-22,SH600389,江山股份,45.31,3024127,297000000,297000000,1345707
2022-02-22,SH600378,昊华科技,36.93,2301003,356631950,919229657,3394715.123301
2022-02-22,SZ000725,京东方Ａ,4.89,348839605,36469677229,38445746482,18799970.029698
2022-02-22,SH600365,ST通葡,4.59,5525200,400000000,400000000,183600
2022-02-22,SH600390,五矿资本,5.36,24473601,4498065459,4498065459,2410963.086024
2022-02-22,SH600377,宁沪高速,9.14,4654987,3802183001,5037747500,4604501.215
2022-02-22,SH600326,西藏天路,6.64,16391788,918557327,918557327,609922.065128
2022-02-22,SH600382,广东明珠,5.64,5032829,788933815,788933815,444958.67166
2022-02-22,SH600330,天通股份,13.36,13661007,996565730,996565730,1331411.81528
2022-02-22,SH600332,白云山,29.85,7306502,1405890949,1625790949,4852985.982765
2022-02-22,SH600305,恒顺醋业,12.84,6518615,1002956032,1002956032,1287795.545088
2022-02-22,SH600037,歌华有线,8.33,17597365,1391777884,1391777884,1159350.977372
2022-02-22,SH600033,福建高速,2.93,7978201,2744400000,2744400000,804109.2
2022-02-22,SH600466,*ST蓝光,1.94,61895171,3034930435,3034930435,588776.50439
2022-02-22,SH600386,北巴传媒,4.18,9619502,806400000,806400000,337075.2
2022-02-22,SH600312,平高电气,8.34,30030195,1356921309,1356921309,1131672.371706
2022-02-22,SH600558,大西洋,3.59,9933400,897604831,897604831,322240.134329
2022-02-22,SH600272,开开实业,9.98,11380478,160000000,243000000,242514
2022-02-22,SH600550,保变电气,5.24,14316020,1841528480,1841528480,964960.92352
2022-02-22,SH600310,广西能源,4.82,7325476,827775000,1221425602,588727.140164
2022-02-22,SH600335,国机汽车,7.22,11080800,1029736837,1456875351,1051864.003422
2022-02-22,SH600250,南京商旅,5.45,7985938,270037533,310593879,169273.664055
2022-02-22,SH600010,包钢股份,2.57,522396520,31677211587,45585032648,11715353.390536
2022-02-22,SH600376,首开股份,5.69,4182879,2579565242,2579565242,1467772.622698
2022-02-22,SH600315,上海家化,39.32,3794300,671248461,679634461,2672322.700652
2022-02-22,SH600360,*ST华微,8.5,12889793,960295304,960295304,816251.0084
2022-02-22,SH600393,ST粤泰,1.43,16143216,988205552,2536247870,362683.44541
2022-02-22,SH600518,康美药业,3.01,67985621,13612928105,13863866690,4173023.87369
2022-02-22,SH600367,红星发展,22.26,26565500,291200000,293236600,652744.6716
2022-02-22,SH600319,亚星化学,6.55,4678610,315594000,315594000,206714.07
2022-02-22,SH600555,退市海创,1.37,6832800,973500000,1303500000,178579.5
2022-02-22,SH600396,华电辽能,2.87,28405501,1472706817,1472706817,422666.856479
2022-02-22,SH600363,联创光电,24.54,5256044,447076750,455476750,1117739.9445
2022-02-22,SH600383,金地集团,13.42,42041849,4514583572,4514583572,6058571.153624
2022-02-22,SH600356,恒丰纸业,7.54,2789688,298731378,298731378,225243.459012
2022-02-22,SH600295,鄂尔多斯,26.24,29738945,652540540,1427947069,3746933.109056
2022-02-22,SH600381,*ST春天,8.77,17584382,587060741,587060741,514852.269857
2022-02-22,SH600588,用友网络,32.08,20623647,3241404887,3436656559,11024794.241272
2022-02-22,SH600568,ST中珠,1.8,4689800,1564948288,1992869681,358716.54258
2022-02-22,SH600321,正源股份,2.21,64594202,1510550000,1510550000,333831.55
2022-02-22,SH600528,中铁工业,8.8,12507083,2221551588,2221551588,1954965.39744
2022-02-22,SH600395,盘江股份,8.24,40290211,1655051861,1655051861,1363762.733464
2022-02-22,SH600329,达仁堂,26.06,5082616,565868076,773443076,2015592.656056
2022-02-22,SH600380,健康元,12.46,42227195,1907727908,1907727908,2377028.973368
2022-02-22,SH600589,大位科技,2.36,42842862,704033281,704033281,166151.854316
2022-02-22,SH600468,百利电气,4.53,7898291,1121895038,1121895038,508218.452214
2022-02-22,SH600501,航天晨光,11.89,15359729,421283600,421283600,500906.2004
2022-02-22,SH600488,津药药业,4.36,5009000,1091886680,1100046680,479620.35248
2022-02-22,SH600311,*ST荣华,1.83,12599720,665600000,665600000,121804.8
2022-02-22,SH600419,天润乳业,12.65,3103710,268599337,320190246,405040.66119
2022-02-22,SH600530,交大昂立,4.16,31899900,780000000,780000000,324480
2022-02-22,SH600028,中国石化,4.4,193828263,95557771046,121071209646,53271332.24424
2022-02-22,SH600569,安阳钢铁,3.11,32255100,2393684489,2872421386,893323.051046
2022-02-22,SH600346,恒力石化,26.64,28428189,7039099786,7039099786,18752161.829904
2022-02-22,SH600566,济川药业,23.29,12554248,888259075,888259075,2068755.385675
2022-02-22,SH600498,烽火通信,17.84,11379455,1131544705,1187827705,2119084.62572
2022-02-22,SH600418,江淮汽车,13.42,33220157,1893312117,2184009791,2930941.139522
2022-02-22,SH600539,狮头股份,8.18,6075601,230000000,230000000,188140
2022-02-22,SH600519,贵州茅台,1807.87,5229881,1256197800,1256197800,227104231.6686
2022-02-22,SH600599,*ST熊猫,10.27,2227202,166000000,166000000,170482
2022-02-22,SH600508,上海能源,10.41,5866779,722718000,722718000,752349.438
2022-02-22,SH600448,华纺股份,3.27,8658157,629819662,629819662,205951.029474
2022-02-22,SH600596,新安股份,25.75,26091421,735190386,818390386,2107355.24395
2022-02-22,SH600322,津投城开,2.12,23462064,1105700000,1105700000,234408.4
2022-02-22,SH600361,创新新材,5.92,6569739,665807918,665807918,394158.287456
2022-02-22,SH600011,华能国际,7.48,111760655,10997709919,15698093359,11742173.832532
2022-02-22,SH600391,航发科技,21.9,5314126,330129367,330129367,722983.31373
2022-02-22,SH600567,山鹰国际,3.2,29384080,4616166707,4616166707,1477173.34624
2022-02-22,SH600331,宏达股份,3.34,43191585,2032000000,2032000000,678688
2022-02-22,SH600548,深高速,10.44,3668001,1433270326,2180770326,2276724.220344
2022-02-22,SH600506,统一股份,11.48,1072903,147706873,147706873,169567.490204
2022-02-22,SH600523,贵航股份,21.78,3768077,404044620,404311320,880590.05496
2022-02-22,SH600520,三佳科技,9.61,6514600,158430000,158430000,152251.23
2022-02-22,SH600362,江西铜业,22.05,14052909,2075247405,3462729405,7635318.338025
2022-02-22,SH600379,宝光股份,11.92,6837521,330201564,330201564,393600.264288
2022-02-22,SH600583,海油工程,4.77,31011935,4421354800,4421354800,2108986.2396
2022-02-22,SH600585,海螺水泥,42.49,16635440,3999702579,5299302579,22516736.658171
2022-02-22,SH600509,天富能源,5.24,9041224,1151415017,1151415017,603341.468908
2022-02-22,SH600373,中文传媒,11.59,17175111,1355063719,1355063719,1570518.850321
2022-02-22,SH600350,山东高速,5.62,5415679,4811165857,4811165857,2703875.211634
2022-02-22,SH600533,栖霞建设,3.6,42332800,1050000000,1050000000,378000
2022-02-22,SH600598,北大荒,14.35,20044431,1777679909,1777679909,2550970.669415
2022-02-22,SH600036,招商银行,51.22,36983993,20628944429,25219845601,129176049.168322
2022-02-22,SH600456,宝钛股份,50.88,7493982,477777539,477777539,2430932.118432
2022-02-22,SH600855,航天长峰,14.08,10327362,349943288,450753101,634660.366208
2022-02-22,SH600428,中远海特,4.69,14787552,2146650771,2146650771,1006779.211599
2022-02-22,SH600486,扬农化工,119.18,818504,309898907,309898907,3693375.173626
2022-02-22,SH600833,第一医药,10.14,5701292,223086347,223086347,226209.555858
2022-02-22,SH600837,海通证券,11.54,34882890,8873381180,13064200000,15076086.8
2022-02-22,SH600415,小商品城,4.78,27290578,5443214176,5491274176,2624829.056128
2022-02-22,SH600578,京能电力,3.07,14364310,6683747389,6683747389,2051910.448423
2022-02-22,SH600582,天地科技,4.17,23928713,4138588892,4138588892,1725791.567964
2022-02-22,SH600536,中国软件,46.41,7695088,494562782,494562782,2295265.871262
2022-02-22,SH600083,*ST博信,9.29,20725549,227993326,230000000,213670
2022-02-22,SH600845,宝信软件,53.95,11169684,1095593388,1520138544,8201147.44488
2022-02-22,SH600026,中远海能,6.2,16336218,2864972688,4762691885,2952868.9687
2022-02-22,SH600505,西昌电力,10.24,17561934,364567500,364567500,373317.12
2022-02-22,SH600529,山东药玻,30.57,13284454,594967747,594967747,1818816.402579
2022-02-22,SH600496,精工钢构,4.92,57958815,2012874349,2012874349,990334.179708
2022-02-22,SH600580,卧龙电驱,14.81,10578791,1305350586,1315262586,1947903.889866
2022-02-22,SH600355,*ST精伦,3.38,36187300,492089200,492089200,166326.1496
2022-02-22,SH600510,黑牡丹,10.93,134440312,1017278025,1047095025,1144474.862325
2022-02-22,SH600426,华鲁恒升,36.31,30760665,2109171597,2111914669,7668362.163139
2022-02-22,SZ000411,英特集团,12.8,2342859,207422211,255376150,326881.472
2022-02-22,SH600327,大东方,6.13,13952575,884779518,884779518,542369.844534
2022-02-22,SH600595,中孚实业,4.3,5029450,3922448114,3922448114,1686652.68902
2022-02-22,SZ000536,华映科技,2.29,13290240,2763082516,2766032803,633421.511887
2022-02-22,SH600818,中路股份,11.14,5369266,237957910,321447910,358092.97174
2022-02-22,SH600397,江钨装备,3.57,84134620,989959882,989959882,353415.677874
2022-02-22,SH600590,泰豪科技,7.05,8883838,843569523,852869750,601273.17375
2022-02-22,SH600503,华丽家族,3.23,15437500,1602290000,1602290000,517539.67
2022-02-22,SH600721,百花医药,8.39,7684282,375134355,375134355,314737.723845
2022-02-22,SH600593,大连圣亚,11.69,613700,128800000,128800000,150567.2
2022-02-22,SH600561,江西长运,5.93,36607113,237064000,284476800,168694.7424
2022-02-22,SH600416,湘电股份,16.3,12027160,628631202,1154951900,1882571.597
2022-02-22,SH600526,菲达环保,6.37,10248402,547404672,547404672,348696.776064
2022-02-22,SH600565,ST迪马,2.56,61741261,2491506284,2548286284,652361.288704
2022-02-22,SH600531,豫光金铅,5.95,27534956,1090242634,1090242634,648694.36723
2022-02-22,SH600592,龙溪股份,10.4,3798357,399553571,399553571,415535.71384
2022-02-22,SH600515,海南机场,3.89,26923831,9176012508,11425309602,4444445.435178
2022-02-22,SZ000546,金圆股份,14.9,56446332,714345129,780781962,1163365.12338
2022-02-22,SH600579,中化装备,7.09,2772500,408693024,499074359,353843.720531
2022-02-22,SH600586,金晶科技,8.81,16978673,1428770000,1428770000,1258746.37
2022-02-22,SH600581,八一钢铁,6.43,43670075,1532897870,1532897870,985653.33041
2022-02-22,SH600535,天士力,14.56,12005302,1512666229,1512666229,2202442.029424
2022-02-22,SH600597,光明乳业,13.22,7429770,1224302009,1378640863,1822563.220886
2022-02-22,SH600516,方大炭素,10.23,49626459,3805970368,3805970368,3893507.686464
2022-02-22,SH600743,华远控股,2.21,44698285,2346100874,2346100874,518488.293154
2022-02-22,SH600551,时代出版,8.26,2166315,505825296,505825296,417811.694496
2022-02-22,SH600577,精达股份,6.21,21471427,1995704423,1995704423,1239332.446683
2022-02-22,SH600371,万向德农,13.77,14607399,292578000,292578000,402879.906
2022-02-22,SH600557,康缘药业,10.29,22572970,592881038,592881038,610074.588102
2022-02-22,SH600560,金自天正,9.71,2394800,223645500,223645500,217159.7805
2022-02-22,SZ000875,电投绿能,7.65,58544199,2445677467,2790208174,2134509.25311
2022-02-22,SH600351,亚宝药业,6.97,25519690,770000023,770000023,536690.016031
2022-02-22,SH600587,新华医疗,24.15,12732244,403466668,411974891,994919.361765
2022-02-22,SH600853,龙建股份,3.36,38274425,1004901546,1014902546,341007.255456
2022-02-22,SH600050,中国联通,3.93,78599010,30755644212,30991393212,12179617.532316
2022-02-22,SH600499,科达制造,22.74,77865738,1577205702,1888419929,4294266.918546
2022-02-22,SZ000585,东电退,1.43,10461945,609420978,873370000,124891.91
2022-02-22,SZ000613,东海A退,3.95,2843300,266879800,364100000,143819.5
2022-02-22,SH600522,中天科技,18.05,59410661,3412949652,3412949652,6160374.12186
2022-02-22,SH600559,老白干酒,23.71,31122739,897287444,897287444,2127468.529724
2022-02-22,SH600532,退市未来,16.92,1100500,516065720,516065720,873183.19824
2022-02-22,SH600571,信雅达,12.87,30574577,430710823,477021629,613926.836523
2022-02-22,SH600549,厦门钨业,21.42,14844619,1406046200,1418459200,3038339.6064
2022-02-22,SH600552,凯盛科技,10.93,18161213,763884003,763884003,834925.215279
2022-02-22,SH600353,旭光电子,6.86,19761804,543720000,543720000,372991.92
2022-02-22,SH600511,国药股份,28.17,2682329,553346424,754502998,2125434.945366
2022-02-22,SH600525,ST长园,5.46,11342606,1305775152,1305775152,712953.232992
2022-02-22,SH600563,法拉电子,191.8,1367369,225000000,225000000,4315500
2022-02-22,SZ000557,西部创业,4.7,26432270,1457916198,1458374735,685436.12545
2022-02-22,SH600458,时代新材,13.61,17805560,802798152,802798152,1092608.284872
2022-02-22,SH600512,腾达建设,4.05,187036582,1598902832,1598902832,647555.64696
2022-02-22,SH600030,中信证券,24.03,106578687,11366683345,14478797674,34792550.810622
2022-02-22,SH600759,洲际油气,2.99,117356700,2258184018,2263507518,676788.747882
2022-02-22,SH600012,皖通高速,7.93,8471140,1165600000,1658610000,1315277.73
2022-02-22,SH600538,国发股份,5.51,9840200,496161616,524198348,288833.289748
2022-02-22,SH600537,亿晶光电,4.15,10191082,1176359268,1176359268,488189.09622
2022-02-22,SH600562,国睿科技,16.15,4049564,660738434,1241857840,2005600.4116
2022-02-22,SH600408,安泰集团,3.5,10754760,1006800000,1006800000,352380
2022-02-22,SH600576,祥源文旅,6.2,45123275,619402409,619402409,384029.49358
2022-02-22,SH600573,惠泉啤酒,9.47,7752200,250000000,250000000,236750
2022-02-22,SH600521,华海药业,21.76,29543298,1454610878,1491755878,3246060.790528
2022-02-22,SH600370,三房巷,2.89,10931825,1165113996,3896339676,1126042.166364
2022-02-22,SH600460,士兰微,52.73,38770361,1312061614,1416071845,7466946.838685
2022-02-22,SH600513,联环药业,8.76,2689680,285456270,287990370,252279.56412
2022-02-22,SH600039,四川路桥,11.05,20011992,3645777110,4775430289,5276850.469345
2022-02-22,SH600575,淮河能源,2.87,5313000,3886261065,3886261065,1115356.925655
2022-02-22,SH600375,汉马科技,9.01,3738928,555740597,654314844,589537.674444
2022-02-22,SH600343,航天动力,11.31,12592875,638206348,638206348,721811.379588
2022-02-22,SH600502,安徽建工,5.12,132148707,1721160272,1721160272,881234.059264
2022-02-22,SH600481,双良节能,11.52,37737830,1627255808,1627255808,1874598.690816
2022-02-22,SH600004,白云机场,12.89,27108804,2069320514,2366718283,3050699.866787
2022-02-22,SH600459,贵研铂业,25.5,8759577,569020415,591156780,1507449.789
2022-02-22,SH600392,盛和资源,19.06,45688132,1755167067,1755167067,3345348.429702
2022-02-22,SH600584,长电科技,27.28,19149372,1779553000,1779553000,4854620.584
2022-02-22,SH600251,冠农股份,9.05,20114084,776993583,781431283,707195.311115
2022-02-22,SH600436,片仔癀,351.94,1837097,603317210,603317210,21233145.88874
2022-02-22,SH600409,三友化工,8.6,22707416,2064349448,2064349448,1775340.52528
2022-02-22,SH600433,冠豪高新,4.17,7842423,1464370028,1838857176,766803.442392
2022-02-22,SH600490,鹏欣资源,4.63,47666911,1992621386,2212887079,1024566.717577
2022-02-22,SH600273,嘉化能源,10.9,19799804,1420000000,1420000000,1547800
2022-02-22,SH600031,三一重工,20.38,72474733,8492587833,8492587833,17307894.003654
2022-02-22,SH600435,北方导航,9.31,22765974,1489320000,1489320000,1386556.92
2022-02-22,SH600439,瑞贝卡,3,14918761,1131985440,1131985440,339595.632
2022-02-22,SH600271,航天信息,14.39,28561632,1852884638,1852884638,2666300.994082
2022-02-22,SH600423,柳化股份,4.37,9222942,798695026,798695026,349029.726362
2022-02-22,SH600475,华光环能,10.74,1946130,706554354,726826374,780611.525676
2022-02-22,SH600425,青松建化,4.06,31855798,1378790086,1378790086,559788.774916
2022-02-22,SH600029,南方航空,7.21,41015311,10219861282,16948440588,12219825.663948
2022-02-22,SH600546,山煤国际,11.81,77249186,1982456140,1982456140,2341280.70134
2022-02-22,SH600352,浙江龙盛,12.63,18625583,3253331860,3253331860,4108958.13918
2022-02-22,SH600020,中原高速,3.31,8515856,2247371832,2247371832,743880.076392
2022-02-22,SH600489,中金黄金,8.58,123364518,4362661210,4847312564,4158994.179912
2022-02-22,SH600480,凌云股份,9.24,6995335,763461517,763461517,705438.441708
2022-02-22,SH600348,华阳股份,12.52,50299133,2405000000,2405000000,3011060
2022-02-22,SH600487,亨通光电,14.82,43313939,2281502200,2362208953,3500793.668346
2022-02-22,SH600547,山东黄金,20.46,61741579,3614443347,4473429525,9152636.80815
2022-02-22,SH600449,宁夏建材,13.65,7383780,478181042,478181042,652717.12233
2022-02-22,SH600462,退市九有,2.49,1299800,558815000,583850000,145378.65
2022-02-22,SH600858,银座股份,5.12,2527900,517548029,520066589,266274.093568
2022-02-22,SH600015,华夏银行,5.74,45873867,12822686653,15387223983,8832266.566242
2022-02-22,SH600429,三元股份,6.77,20630601,1497557426,1497557426,1013846.377402
2022-02-22,SH600478,科力远,6.1,14759400,1604131503,1653281386,1008501.64546
2022-02-22,SH600507,方大特钢,8.26,63420450,2155950223,2155950223,1780814.884198
2022-02-22,SH600403,大有能源,4.87,13103702,2390812402,2390812402,1164325.639774
2022-02-22,SH600517,国网英大,6.73,18531929,1899639925,5718435744,3848507.255712
2022-02-22,SH600406,国电南瑞,33.55,20308093,5511827332,5579051188,18717716.73574
2022-02-22,SH600469,风神股份,4.55,3280641,562413222,731137184,332667.41872
2022-02-22,SH600021,上海电力,10.47,108407740,2617164197,2617164197,2740170.914259
2022-02-22,SZ000678,襄阳轴承,5.18,7167461,459611797,459611797,238078.910846
2022-02-22,SH600184,光电股份,14.23,4928532,508760826,508760826,723966.655398
2022-02-22,SZ000826,启迪环境,4.96,64704812,1426874479,1430578784,709567.076864
2022-02-22,SZ000560,我爱我家,3.19,15461599,2249955394,2355500851,751404.771469
2022-02-22,SH600477,杭萧钢构,4.55,58509356,2153592409,2369111152,1077945.57416
2022-02-22,SH600900,长江电力,22.84,23565507,22741859230,22741859230,51942406.48132
2022-02-22,SH600527,江南高纤,2.36,10209820,1731760902,1731760902,408695.572872
2022-02-22,SH600545,卓郎智能,2.99,9524300,1895412995,1895412995,566728.485505
2022-02-22,SH600476,湘邮科技,13.44,5189109,161070000,161070000,216478.08
2022-02-22,SH600570,恒生电子,51.79,15278533,1461560480,1461560480,7569421.72592
2022-02-22,SZ000851,*ST高鸿,6.69,96367328,1098212392,1140032220,762681.55518
2022-02-22,SH600446,金证股份,17.25,77912889,938460205,941081805,1623366.113625
2022-02-22,SH600340,华夏幸福,3.19,41211628,3893355062,3913720342,1248476.789098
2022-02-22,SH600540,新赛股份,5.78,15680030,470923313,581376960,336035.88288
2022-02-22,SZ000885,城发环境,11.45,6712316,642078255,642078255,735179.601975
2022-02-22,SH600354,敦煌种业,6.17,17464469,527802080,527802080,325653.88336
2022-02-22,SH600249,两面针,4.96,4819901,550000000,550000000,272800
2022-02-22,SZ000100,TCL科技,5.71,100380474,13418531933,14030642421,8011496.822391
2022-02-22,SH600387,退市海越,6.99,7829349,404048492,468144464,327232.980336
2022-02-22,SH600444,国机通用,16.6,16111992,146421932,146421932,243060.40712
2022-02-22,SH600325,华发股份,6.47,11810460,2113999866,2117161116,1369803.242052
2022-02-22,SH600438,通威股份,41.81,89681026,4501548184,4501548184,18820972.957304
2022-02-22,SH600452,涪陵电力,15.54,5307450,762173440,762173440,1184417.52576
2022-02-22,SH600470,六国化工,7.13,19753401,521600000,521600000,371900.8
2022-02-22,SH600035,楚天高速,3.35,13278678,1610115901,1610115901,539388.826835
2022-02-22,SH600479,千金药业,11.67,11857083,418507117,418507117,488397.805539
2022-02-22,SH600284,浦东建设,6.77,12944810,970256000,970256000,656863.312
2022-02-22,SH600463,空港股份,9.44,5804900,300000000,300000000,283200
2022-02-22,SH600594,益佰制药,6.6,15432355,791927400,791927400,522672.084
2022-02-22,SH600543,莫高股份,6.38,5117700,321120000,321120000,204874.56
2022-02-22,SH600405,动力源,6.19,38054825,553275448,555136948,343629.770812
2022-02-22,SH600467,好当家,3,46937638,1460994304,1460994304,438298.2912
2022-02-22,SH600960,渤海汽车,3.73,5237578,950515518,950515518,354542.288214
2022-02-22,SH600969,郴电国际,7.17,4144000,370050484,370050484,265326.197028
2022-02-22,SH600572,康恩贝,4.56,19478200,2563295466,2570037319,1171937.017464
2022-02-22,SH600988,赤峰黄金,15.56,89489377,1535123500,1663911378,2589046.104168
2022-02-22,SH600976,健民集团,59.28,3415869,152236199,153398600,909346.9008
2022-02-22,SH600497,驰宏锌锗,5.22,56443194,5091291568,5091291568,2657654.198496
2022-02-22,SH600493,凤竹纺织,5.96,4936200,272000000,272000000,162112
2022-02-22,SH600986,浙文互联,5.97,90905806,1322425609,1322425609,789488.088573
2022-02-22,SH600410,华胜天成,7.7,40289277,1098743383,1098743383,846032.40491
2022-02-22,SH600985,淮北矿业,13.67,49138882,2481035925,2481035925,3391576.109475
2022-02-22,SH600990,四创电子,46.39,1069474,159179110,159179110,738431.89129
2022-02-22,SH600114,东睦股份,10.27,12629158,616383477,616383477,633025.830879
2022-02-22,SH600980,北矿科技,17.42,2446312,152209880,173845794,302839.373148
2022-02-22,SH600992,贵绳股份,13.96,30657526,245090000,245090000,342145.64
2022-02-22,SH600993,马应龙,22.67,4829292,430307016,431053891,977199.170897
2022-02-22,SH600967,内蒙一机,10.65,18588394,1689631817,1704251817,1815028.185105
2022-02-22,SH600491,龙元建设,6.19,24385391,1529757955,1529757955,946920.174145
2022-02-22,SH600963,岳阳林纸,6.95,12942334,1768618109,1804453109,1254094.910755
2022-02-22,SH600495,晋西车轴,3.78,11186509,1208190886,1208190886,456696.154908
2022-02-22,SH600483,福能股份,12.42,17946420,1745999119,1954540075,2427538.77315
2022-02-22,SH600461,洪城环境,8.17,3924000,917719970,952834715,778465.962155
2022-02-22,SH600997,开滦股份,7.74,32690949,1587799851,1587799851,1228957.084674
2022-02-22,SH600421,*ST华嵘,11.24,2952301,195600000,195600000,219854.4
2022-02-22,SH600966,博汇纸业,9.16,13267889,1336844288,1336844288,1224549.367808
2022-02-22,SH600975,新五丰,8.05,15297251,652675584,805040967,648057.978435
2022-02-22,SH600995,南网储能,15.59,8760501,478526400,478526400,746022.6576
2022-02-22,SH600420,国药现代,9.2,8065500,1026964555,1026964555,944807.3906
2022-02-22,SH600962,国投中鲁,9.18,3155591,254020000,262210000,240708.78
2022-02-22,SH600143,金发科技,10.79,19558813,2573622343,2573622343,2776938.508097
2022-02-22,SZ002001,新 和 成,33.6,13045865,2548083674,2578394760,8663406.3936
2022-02-22,SZ002002,ST鸿达,5.36,58373241,3116603421,3120485457,1672580.204952
2022-02-22,SZ002007,华兰生物,25.55,10102856,1574117494,1824366726,4661256.98493
2022-02-22,SZ002005,ST德豪,1.77,12096907,1726609933,1752424858,310179.199866
2022-02-22,SZ002003,伟星股份,14.64,5567030,646167337,797850428,1168053.026592
2022-02-22,SZ002008,大族激光,46.2,8533749,994091227,1067072719,4929875.96178
2022-02-22,SZ002004,华邦健康,6.18,24768918,1831392498,1979919191,1223590.060038
2022-02-22,SZ002006,精工科技,24.06,31814478,455160000,455160000,1095114.96
2022-02-22,SZ002009,天奇股份,19.12,23694021,369977559,379299434,725220.517808
2022-02-22,SH600022,山东钢铁,1.83,116634012,10946549616,10946549616,2003218.579728
2022-02-22,SZ002010,传化智联,7.72,13888496,2957468814,3071456723,2371164.590156
2022-02-22,SH600981,苏豪汇鸿,3.41,48129294,2242433192,2242433192,764669.718472
2022-02-22,SZ002012,凯恩股份,5.8,6299200,466537641,467625470,271222.7726
2022-02-22,SZ002013,中航机电,12.04,44112135,3884787524,3884824789,4677329.045956
2022-02-22,SZ002011,盾安环境,11.26,11044193,916181102,917212180,1032780.91468
2022-02-22,SH600982,宁波能源,4.48,18880198,746930000,1117768211,500760.158528
2022-02-22,SH600984,建设机械,10.61,21335745,900733388,966956865,1025941.233765
2022-02-22,SZ002015,协鑫能科,17.1,11052380,512933261,1352461312,2312708.84352
2022-02-22,SZ002016,世荣兆业,5.81,3204440,686845632,809095632,470084.562192
2022-02-22,SZ002014,永新股份,8.6,1653773,504194512,514016724,442054.38264
2022-02-22,SZ002019,亿帆医药,16.51,11482289,851888597,1234106077,2037509.133127
2022-02-22,SZ002017,东信和平,14.45,13556122,445317851,446486084,645172.39138
2022-02-22,SH600965,福成股份,6.36,12027573,818700955,818700955,520693.80738
2022-02-22,SH600482,中国动力,17.7,4500260,2027432396,2160682115,3824407.34355
2022-02-22,SZ002020,京新药业,8.52,7395118,700690565,905318938,771331.735176
2022-02-22,SZ002021,中捷资源,1.85,11182314,687792540,687815040,127245.7824
2022-02-22,SZ002023,海特高新,12.53,20860354,683658067,756791003,948259.126759
2022-02-22,SZ002022,科华生物,13.31,8554441,514103451,514284388,684512.520428
2022-02-22,SZ002024,ST易购,3.76,17555248,7588683145,9310039655,3500574.91028
2022-02-22,SZ002025,航天电器,62.9,2299195,428898772,452662256,2847245.59024
2022-02-22,SZ002026,山东威达,15.73,11336650,423119119,440726384,693262.602032
2022-02-22,SH600983,惠而浦,8.18,761302,766439000,766439000,626947.102
2022-02-22,SH600973,宝胜股份,5.03,86731799,1251963263,1371366248,689797.222744
2022-02-22,SZ002027,分众传媒,7.77,112878105,14442199726,14442199726,11221589.187102
2022-02-22,SZ002028,思源电气,45.62,3754515,590494711,763215782,3481790.397484
2022-02-22,SZ002029,七 匹 狼,5.71,3684519,723702668,755670000,431487.57
2022-02-22,SH600987,航民股份,5.84,5489740,891199518,1050818859,613678.213656
2022-02-22,SZ002030,达安基因,17.97,18318215,1371133216,1403446032,2521992.519504
2022-02-22,SZ002031,巨轮智能,1.98,25499900,1861348729,2199395670,435480.34266
2022-02-22,SZ002032,苏 泊 尔,49.15,2687311,806798653,808678476,3974654.70954
2022-02-22,SH600971,恒源煤电,7.16,27222678,1200004884,1200004884,859203.496944
2022-02-22,SZ002033,丽江股份,6.67,13356096,549480181,549490711,366510.304237
2022-02-22,SZ002034,旺能环境,21.68,9170405,426240243,429489031,931132.219208
2022-02-22,SH600961,株冶集团,11,12513965,527457914,527457914,580203.7054
2022-02-22,SZ002035,华帝股份,6.07,7260980,761387018,847653618,514525.746126
2022-02-22,SZ002036,联创电子,17.98,22035413,1045944418,1062824950,1910959.2601
2022-02-22,SH600979,广安爱众,3.41,16245170,1232259790,1232259790,420200.58839
2022-02-22,SZ002037,保利联合,17.89,125480131,327368160,487625309,872361.677801
2022-02-22,SZ002038,双鹭药业,10.29,13542996,851400894,1027350000,1057143.15
2022-02-22,SZ000695,滨海能源,9.1,1864500,221721339,222147539,202154.26049
2022-02-22,SH600873,梅花生物,7.92,21445679,3098619928,3098619928,2454106.982976
2022-02-22,SZ000951,中国重汽,13.93,12244077,1174775868,1174869360,1636593.01848
2022-02-22,SH600862,中航高科,24.78,9882525,1393049107,1393049107,3451975.687146
2022-02-22,SH600182,S佳通,14.34,3070702,170000000,340000000,487560
2022-02-22,SH600613,神奇制药,5.71,6378078,479319978,534071628,304954.899588
2022-02-22,SH600615,鑫源智造,8.56,378500,187624508,188020508,160945.554848
2022-02-22,SH600053,九鼎投资,18.12,12316278,433540800,433540800,785575.9296
2022-02-22,SH600027,华电国际,4.04,56173701,8145743053,9869858215,3987422.71886
2022-02-22,SZ002039,黔源电力,19.26,15350617,305395288,305398662,588197.823012
2022-02-22,SZ002040,南 京 港,6.38,3033240,483966800,483966800,308770.8184
2022-02-22,SH600970,中材国际,10.39,11011285,1742598393,2219082949,2305627.184011
2022-02-22,SZ002041,登海种业,23.76,19771791,880000000,880000000,2090880
2022-02-22,SZ002042,华孚时尚,4.64,12432650,1425172333,1700681355,789116.14872
2022-02-22,SZ002043,兔 宝 宝,12.21,14842302,693361311,772841781,943639.814601
2022-02-22,SZ002044,美年健康,7.31,19552792,3838445149,3914253923,2861319.617713
2022-02-22,SZ002045,国光电器,10.5,17758600,467735913,468383913,491803.10865
2022-02-22,SZ002046,国机精工,13.13,14447729,524349078,524349078,688470.339414
2022-02-22,SZ000409,云鼎科技,7.99,45115701,405631244,510931158,408233.995242
2022-02-22,SZ002047,*ST宝鹰,3.66,30234746,1335580299,1516248693,554947.021638
2022-02-22,SZ002048,宁波华翔,17.93,14164251,558456310,814095508,1459673.245844
2022-02-22,SZ002049,紫光国微,199.9,4596652,606837179,606837179,12130675.20821
2022-02-22,SZ002050,三花智控,19.56,17361998,3540901127,3591251288,7024487.519328
2022-02-22,SZ000561,烽火电子,7.61,4156306,601957815,604692321,460170.856281
2022-02-22,SH600751,海航科技,3.15,98475244,2573189052,2899337783,913291.401645
2022-02-22,SH600617,国新能源,4.28,13446700,974914344,1377994126,589781.485928
2022-02-22,SH600892,*ST大晟,3.58,4877100,540359536,559464188,200288.179304
2022-02-22,SZ000718,苏宁环球,4.19,17042891,2289182406,3034636384,1271512.644896
2022-02-22,SH600844,金煤科技,3.69,48068900,822730634,1016524240,375097.44456
2022-02-22,SZ000552,甘肃能化,3.95,77909803,2347628690,2350879797,928597.519815
2022-02-22,SZ002051,中工国际,7.78,16688070,1112363342,1237408937,962704.152986
2022-02-22,SH601001,晋控煤业,14.69,65569649,1673700000,1673700000,2458665.3
2022-02-22,SZ002053,云南能投,9.8,4779502,558329336,760978566,745758.99468
2022-02-22,SZ002052,同洲电子,1.9,1775700,745955475,745959694,141732.34186
2022-02-22,SH601988,中国银行,3.17,87527437,210765514846,294387791241,93320929.823397
2022-02-22,SZ002055,ST得润,13.59,6876400,468869580,604490017,821501.933103
2022-02-22,SZ002054,德美化工,10.42,4851663,364008642,482115452,502364.300984
2022-02-22,SH600048,保利发展,16.45,69813733,11970283692,11970283692,19691116.67334
2022-02-22,SH601006,大秦铁路,6.95,29983268,14866908025,14866908025,10332501.077375
2022-02-22,SZ002056,横店东磁,16.69,35906476,1604134535,1626712074,2714982.451506
2022-02-22,SZ002057,中钢天源,8.81,17882105,746147251,746187776,657391.430656
2022-02-22,SZ002058,*ST威尔,12.41,986179,143117781,143448332,178019.380012
2022-02-22,SZ002060,广东建工,5.5,66467795,1201914981,1202262058,661244.1319
2022-02-22,SZ002059,云南旅游,6.64,28558515,730792576,1012434813,672256.715832
2022-02-22,SZ002061,浙江交科,7.59,159958842,1375702619,1375702619,1044158.287821
2022-02-22,SZ002062,宏润建设,6.44,123456152,968657724,1102500000,710010
2022-02-22,SH601111,中国国航,10.15,41622410,9962131821,14524815185,14742687.412775
2022-02-22,SZ002066,瑞泰科技,11.48,4373802,231000000,231000000,265188
2022-02-22,SZ002063,远光软件,8.55,23301549,1218498708,1322983334,1131150.75057
2022-02-22,SZ002064,华峰化学,9.62,25543443,1954371821,4633519221,4457445.490602
2022-02-22,SZ002065,东华软件,8.44,91030143,3115482375,3205482375,2705427.1245
2022-02-22,SZ002068,黑猫股份,10.64,18498400,727019159,748119596,795999.250144
2022-02-22,SZ002067,景兴纸业,4.02,21821618,1056303835,1193928835,479959.39167
2022-02-22,SH601699,潞安环能,14.36,58003067,2991409200,2991409200,4295663.6112
2022-02-22,SZ002069,獐子岛,3.89,41473851,688841131,711112194,276622.643466
2022-02-22,SH601588,北辰实业,2.68,41818714,2660000000,3367020000,902361.36
2022-02-22,SH600017,日照港,2.89,15936700,3075653888,3075653888,888863.973632
2022-02-22,SZ002073,软控股份,6.87,14878870,933932074,953586674,655114.045038
2022-02-22,SZ002072,凯瑞德,5.79,533800,367680000,367680000,212886.72
2022-02-22,SZ002074,国轩高科,41.33,26313917,1178510531,1664707835,6880237.482055
2022-02-22,SZ002076,*ST星光,1.76,34337526,745089261,769571569,135444.596144
2022-02-22,SH601398,工商银行,4.78,170843755,269612212539,356406257089,170362190.888542
2022-02-22,SZ002078,太阳纸业,12.15,39869673,2612712093,2687002843,3264708.454245
2022-02-22,SZ002079,苏州固锝,11.94,12520924,789655653,807886616,964616.619504
2022-02-22,SZ002077,大港股份,7.01,5162600,544361725,580348513,406824.307613
2022-02-22,SZ002081,金 螳 螂,6.08,16216323,2638167684,2671343689,1624176.962912
2022-02-22,SZ002082,万邦德,11.69,4743820,238000000,618222829,722702.487101
2022-02-22,SZ002080,中材科技,28.21,18911695,1678123584,1678123584,4733986.630464
2022-02-22,SH601666,平煤股份,12.63,64409346,2327704469,2348676469,2966378.380347
2022-02-22,SZ002084,海鸥住工,5.32,11244000,602138019,607808495,323354.11934
2022-02-22,SZ002083,孚日股份,4.84,18278646,905433276,908045977,439494.252868
2022-02-22,SZ002086,东方海洋,2.58,38996060,629406688,756350000,195138.3
2022-02-22,SZ002085,万丰奥威,5.01,8244700,2186879678,2186879678,1095626.718678
2022-02-22,SZ002089,新海退,2.32,25575940,1182564354,1374669616,318923.350912
2022-02-22,SZ002087,新纺退,3.59,12547680,815638642,816794335,293229.166265
2022-02-22,SZ002088,鲁阳节能,20.35,2743301,449020597,506332586,1030386.81251
2022-02-22,SH601872,招商轮船,4.51,38065078,7660080607,8107841801,3656636.652251
2022-02-22,SZ002092,中泰化学,10.59,68242474,2489793314,2575739517,2727708.148503
2022-02-22,SZ002091,江苏国泰,11.89,16410206,1513016522,1563536598,1859045.015022
2022-02-22,SZ002090,金智科技,8.89,3304794,399396987,404264936,359391.528104
2022-02-22,SZ002095,生 意 宝,16.8,19192511,251681731,252720000,424569.6
2022-02-22,SZ002093,国脉科技,7.03,19292066,1003775125,1007500000,708272.5
2022-02-22,SZ002094,青岛金王,3.88,10263370,690453549,690897549,268068.249012
2022-02-22,SH601991,大唐发电,2.65,86275981,12396089106,18506710504,4904278.28356
2022-02-22,SZ002096,易普力,13.83,19528680,370849975,380178200,525786.4506
2022-02-22,SZ002097,山河智能,8.45,6873444,974322088,1087212465,918694.532925
2022-02-22,SZ002098,浔兴股份,6.56,3003500,358000000,358000000,234848
2022-02-22,SH601333,广深铁路,2.5,52436691,5652237000,7083537000,1770884.25
2022-02-22,SZ002100,天康生物,11.58,14956980,1076406924,1353856588,1567765.928904
2022-02-22,SZ002099,海翔药业,6.6,11057517,1608957041,1618715253,1068352.06698
2022-02-22,SZ002102,能特科技,3.42,13339500,1971792414,2633836290,900772.01118
2022-02-22,SZ002101,广东鸿图,11.69,15784048,528866866,528878866,618259.394354
2022-02-22,SH601628,中国人寿,29.97,10061653,20823530000,28264705000,84709320.885
2022-02-22,SZ002103,广博股份,4.99,29483600,421476412,534272953,266602.203547
2022-02-22,SZ002104,恒宝股份,16.65,266285361,588116729,696921354,1160374.05441
2022-02-22,SZ002105,信隆健康,10.04,6138900,368500000,368500000,369974
2022-02-22,SZ002106,莱宝高科,10.33,8944098,704139158,705816160,729108.09328
2022-02-22,SZ002108,沧州明珠,7.03,19412070,1417924199,1417924199,996800.711897
2022-02-22,SZ002107,沃华医药,6.88,8199007,563503829,577209600,397120.2048
2022-02-22,SZ002110,三钢闽光,7.73,55613712,2451576238,2451576238,1895068.431974
2022-02-22,SZ002111,威海广泰,10.24,5008580,474398362,534558505,547387.90912
2022-02-22,SH601002,晋亿实业,5.42,11975235,849513780,959282000,519930.844
2022-02-22,SZ002109,兴化股份,5.8,10783236,1052944789,1052944789,610707.97762
2022-02-22,SH601166,兴业银行,23.08,125297856,19615250551,20774190751,47946832.253308
2022-02-22,SZ002112,三变科技,8.3,10358481,198802893,201600000,167328
2022-02-22,SZ002113,*ST天润,1.57,16310770,976560157,1510547023,237155.882611
2022-02-22,SZ002116,中国海诚,11.73,21723228,416404414,417628938,489878.744274
2022-02-22,SZ002115,三维通信,5.21,14260270,593381574,817351255,425840.003855
2022-02-22,SZ002114,罗平锌电,7.87,5582599,323390823,323395267,254512.075129
2022-02-22,SH601003,柳钢股份,5.56,11184836,2562793200,2562793200,1424913.0192
2022-02-22,SH601005,重庆钢铁,2.13,77752895,8380475067,8918602267,1899662.282871
2022-02-22,SH601318,中国平安,53.07,57749929,10832664498,18280241410,97013241.16287
2022-02-22,SZ002117,东港股份,9,15099893,545491147,545666421,491099.7789
2022-02-22,SZ002119,康强电子,13.26,5287000,367503500,375284000,497626.584
2022-02-22,SZ002118,*ST紫鑫,3,31724488,1280678780,1280759826,384227.9478
2022-02-22,SZ002120,韵达股份,18.54,6918792,2810012215,2902766028,5381728.215912
2022-02-22,SZ002121,科陆电子,5.11,35131153,988874857,1408349147,719666.414117
2022-02-22,SZ002122,ST汇洲,2.37,4668600,1194843250,1205170625,285625.438125
2022-02-22,SZ002123,梦网科技,15.23,9141058,666569683,801768900,1221094.0347
2022-02-22,SZ000650,仁和药业,7.77,20695047,1341991303,1399938234,1087752.007818
2022-02-22,SZ002124,天邦食品,6.91,57575167,1537801553,1839192626,1270882.104566
2022-02-22,SZ002125,湘潭电化,12.48,38865846,593249830,629481713,785593.177824
2022-02-22,SH601007,金陵饭店,6.83,21945795,390000000,390000000,266370
2022-02-22,SZ002127,南极电商,5.72,69440721,1964259843,2454870403,1404185.870516
2022-02-22,SZ002128,电投能源,16.7,26480923,1767411329,1921573493,3209027.73331
2022-02-22,SZ002126,银轮股份,10.21,7906523,762295389,792112770,808747.13817
2022-02-22,SZ002130,沃尔核材,7.08,9948848,1247815217,1259898562,892008.181896
2022-02-22,SZ002129,TCL中环,45.55,64003908,3032926542,3231733699,14720546.998945
2022-02-22,SH601008,连云港,3.82,8270541,1004298189,1240638006,473923.718292
2022-02-22,SZ002132,恒星科技,5.03,21365800,1253545953,1401544698,704976.983094
2022-02-22,SZ002131,利欧股份,2.32,88254336,5802720200,6754804205,1567114.57556
2022-02-22,SZ002133,广宇集团,4.68,98159121,769870201,774144175,362299.4739
2022-02-22,SH601998,中信银行,4.73,18195641,34052679492,48934842469,23146180.487837
2022-02-22,SZ000880,潍柴重机,8.33,1872950,162162000,331320600,275990.0598
2022-02-22,SZ000338,潍柴动力,15.28,49713443,5037672485,8726556821,13334178.822488
2022-02-22,SH601600,中国铝业,6.27,276026114,13078706983,17022672951,10673215.940277
2022-02-22,SH601328,交通银行,4.95,78041008,39250864015,74262726645,36760049.689275
2022-02-22,SZ002134,天津普林,10.67,6809000,245849768,245849768,262321.702456
2022-02-22,SZ002135,东南网架,10.94,44339205,962751782,1165549740,1275111.41556
2022-02-22,SZ002136,安 纳 达,16.16,6733466,214266160,215020000,347472.32
2022-02-22,SZ002137,实益达,5.75,9384483,390564740,577504854,332065.29105
2022-02-22,SZ002138,顺络电子,30.83,5808101,710828830,806318354,2485879.485382
2022-02-22,SH601919,中远海控,16.25,157942120,12659345710,16014125710,26022954.27875
2022-02-22,SZ002139,拓邦股份,14.18,24128792,1028364455,1256978072,1782394.906096
2022-02-22,SH600213,*ST亚星,7.51,2552800,220000000,220000000,165220
2022-02-22,SZ002140,东华科技,14.32,33723512,534859590,545311440,780885.98208
2022-02-22,SH601168,西部矿业,14.47,34802983,2383000000,2383000000,3448201
2022-02-22,SZ002142,宁波银行,39.56,11279195,6527735700,6603590792,26123805.173152
2022-02-22,SH601009,南京银行,10.21,21302405,8482280198,10007089247,10217238.121187
2022-02-22,SZ002141,贤丰控股,5.61,13437517,1134656519,1134656519,636542.307159
2022-02-22,SZ002144,宏达高科,10.13,2177800,138757836,176762528,179060.440864
2022-02-22,SZ002145,钛能化学,11.04,16811422,1591066401,2053673321,2267255.346384
2022-02-22,SZ002146,荣盛发展,4.14,29844090,3893228983,4348163851,1800139.834314
2022-02-22,SZ002147,新光退,4.23,4080583,535573153,1828076415,773276.323545
2022-02-22,SZ002150,正泰电源,6.52,1734131,355149728,356517053,232449.118556
2022-02-22,SZ002148,北纬科技,5.88,60401709,460012183,571374727,335968.339476
2022-02-22,SZ002149,西部材料,14.26,16422544,488139274,488214274,696193.554724
2022-02-22,SZ002151,北斗星通,36.03,3470729,407604239,512199997,1845456.589191
2022-02-22,SZ002153,石基信息,24.4,5223825,878776816,1499557056,3658919.21664
2022-02-22,SZ002152,广电运通,12.72,73725804,2407744766,2483382898,3158863.046256
2022-02-22,SZ002156,通富微电,18.11,8713200,1328825288,1329036928,2406885.876608
2022-02-22,SZ002155,湖南黄金,12.47,141366584,1201844192,1202039474,1498943.224078
2022-02-22,SZ002154,报 喜 鸟,4.56,9272938,1112464677,1459333729,665456.180424
2022-02-22,SZ002157,正邦科技,7.25,36019304,2308257305,3146423530,2281157.05925
2022-02-22,SZ002159,三特索道,11.51,2295600,138028985,177301325,204073.825075
2022-02-22,SZ002158,汉钟精机,21.79,4833134,533372847,534724139,1165163.898881
2022-02-22,SZ002160,常铝股份,4.69,17136600,761025591,795581976,373127.946744
2022-02-22,SZ002161,远 望 谷,5.68,52341462,712634283,739757400,420182.2032
2022-02-22,SZ002164,宁波东力,5.79,6319418,473931456,532173689,308128.565931
2022-02-22,SZ002163,海南发展,11.8,7763775,803550000,803550000,948189
2022-02-22,SZ002162,悦心健康,6.02,14102374,853443500,926500000,557753
2022-02-22,SZ002167,东方锆业,7.76,15480388,569337713,775134000,601503.984
2022-02-22,SZ002166,莱茵生物,8.5,6060198,460002515,565214740,480432.529
2022-02-22,SZ002165,红 宝 丽,5.24,11162017,594089719,735269837,385281.394588
2022-02-22,SZ002168,*ST惠程,3.83,10792356,792937068,801929568,307139.024544
2022-02-22,SZ002170,芭田股份,6.21,19397399,693220702,886862627,550741.691367
2022-02-22,SZ002169,智光电气,10.29,8226102,763482417,787791994,810637.961826
2022-02-22,SH601169,北京银行,4.6,54058925,21142984272,21142984272,9725772.76512
2022-02-22,SZ002172,澳洋健康,4.4,112576861,773059321,776481362,341651.79928
2022-02-22,SZ002171,楚江新材,10.99,15175000,1292996105,1334530042,1466648.516158
2022-02-22,SZ002174,游族网络,12.01,18136638,914166489,915861714,1099949.918514
2022-02-22,SZ002173,创新医疗,6.92,26787712,371283318,453079583,313531.071436
2022-02-22,SH601939,建设银行,6.22,65248069,9593657606,250010977486,155506827.996292
2022-02-22,SH601808,中海油服,15.82,16421141,2960468000,4771592000,7548658.544
2022-02-22,SH601088,中国神华,26.6,38294060,16491037955,19868519955,52850263.0803
2022-02-22,SZ002176,江特电机,23.05,164196259,1705573553,1706325581,3933080.464205
2022-02-22,SZ002175,东方智造,2.4,3315000,1276780727,1276780727,306427.37448
2022-02-22,SH600629,华建集团,8.67,51221253,628311919,634209612,549859.733604
2022-02-22,SZ002179,中航光电,81.79,8306420,1078336602,1135521069,9287426.823351
2022-02-22,SZ002177,御银股份,6.08,97164399,761191294,761191294,462804.306752
2022-02-22,SZ002178,延华智能,6.39,15865075,711256616,712153001,455065.767639
2022-02-22,SH601857,中国石油,5.8,370577473,161922077818,183020977818,106152167.13444
2022-02-22,SZ002182,宝武镁业,25.1,46915615,557191886,646422538,1622520.57038
2022-02-22,SZ002183,怡 亚 通,5.52,23934100,2382941947,2597009091,1433549.018232
2022-02-22,SZ002180,纳思达,47.93,9717263,1015744618,1410937360,6762622.76648
2022-02-22,SZ002184,海得控制,12.95,4883946,229720910,351908370,455721.33915
2022-02-22,SZ002181,粤 传 媒,4.44,5749061,1134432577,1161058174,515509.829256
2022-02-22,SZ002185,华天科技,12.04,22871470,2739193393,3204484648,3858199.516192
2022-02-22,SZ002186,全 聚 德,9.44,5318868,308053705,308463955,291189.97352
2022-02-22,SZ002188,中天服务,5.89,12902000,240883257,292538575,172305.220675
2022-02-22,SZ002187,广百股份,8.64,1751602,342422568,617619179,533622.970656
2022-02-22,SZ002190,成飞集成,28.2,4378942,358729343,358729343,1011616.74726
2022-02-22,SZ002189,中光学,19.21,4572183,222638665,262406166,504082.244886
2022-02-22,SH601390,中国中铁,6.52,109303411,20363539283,24570929283,16020245.892516
2022-02-22,SZ002191,劲嘉股份,15.85,31109826,1421986619,1470887550,2331356.76675
2022-02-22,SZ002192,融捷股份,124.19,11565045,259120228,259655203,3224657.966057
2022-02-22,SZ002193,如意集团,6.02,2433700,260930713,261715550,157552.7611
2022-02-22,SZ002194,武汉凡谷,9.53,4726904,635801537,681080306,649069.531618
2022-02-22,SZ002196,方正电机,12.04,11768810,468367818,499444930,601331.69572
2022-02-22,SZ002195,岩山科技,2.64,231215018,5634402124,5724847663,1511359.783032
2022-02-22,SH601866,中远海发,3.24,36762813,7932125000,13586477301,4402018.645524
2022-02-22,SZ002198,嘉应制药,6.72,6415300,507509848,507509848,341046.617856
2022-02-22,SZ002197,证通电子,15.72,157836565,515156948,614362928,965778.522816
2022-02-22,SH601918,新集能源,4.98,81125611,2590541800,2590541800,1290089.8164
2022-02-22,SZ002199,*ST东晶,7.5,3360200,243442363,243442363,182581.77225
2022-02-22,SZ002200,*ST交投,8.49,785300,184132890,184132890,156328.82361
2022-02-22,SH601999,出版传媒,6.79,27913309,550914700,550914700,374071.0813
2022-02-22,SH601601,中国太保,27.36,21225249,6845041455,9620341455,26321254.22088
2022-02-22,SZ002202,金风科技,14.77,37193729,3393595067,4225067647,6240424.914619
2022-02-22,SZ002201,九鼎新材,19.61,10142088,464289454,465454458,912756.192138
2022-02-22,SH601099,太平洋,3.2,55672568,6816316370,6816316370,2181221.2384
2022-02-22,SZ002203,海亮股份,12.08,5271858,1923941740,1966736307,2375817.458856
2022-02-22,SZ002204,大连重工,3.87,12076300,1931370032,1931370032,747440.202384
2022-02-22,SZ002205,国统股份,8.95,4183980,185843228,185843228,166329.68906
2022-02-22,SZ002206,海 利 得,7.45,15797329,953910213,1223028645,911156.340525
2022-02-22,SZ002207,准油股份,6.42,16223403,237664850,262055378,168239.552676
2022-02-22,SZ002208,合肥城建,8.8,18938990,622257180,803291894,706896.86672
2022-02-22,SZ002209,达 意 隆,7.22,3130400,154524582,195244050,140966.2041
2022-02-22,SZ002210,飞马国际,3.03,12506621,2659460079,2661232774,806353.530522
2022-02-22,SZ002212,天融信,14.56,21708032,1155921657,1185813147,1726543.942032
2022-02-22,SH601898,中煤能源,7.15,69992475,9152000400,13258663400,9479944.331
2022-02-22,SZ002211,ST宏达,3.88,6396000,397848279,432475779,167800.602252
2022-02-22,SZ002213,大为股份,14.4,5350407,206000000,206000000,296640
2022-02-22,SZ002214,*ST大立,14.55,7437784,477861127,599237935,871891.195425
2022-02-22,SZ002215,诺 普 信,6.38,9425410,713591172,983781427,627652.550426
2022-02-22,SZ002217,合力泰,3.8,32832191,3112013712,3116416220,1184238.1636
2022-02-22,SZ002216,三全食品,15.94,3829050,630172429,879184048,1401419.372512
2022-02-22,SZ002218,拓日新能,6.04,22994334,1215719804,1413020549,853464.411596
2022-02-22,SZ002219,新里程,3.04,6883080,1844106257,1865236430,567031.87472
2022-02-22,SZ002221,东华能源,11.49,11801210,1531481294,1649022824,1894727.224776
2022-02-22,SH601186,中国铁建,8.39,80212305,11503245500,13579541500,11393235.3185
2022-02-22,SZ002222,福晶科技,16.29,7677351,423518549,427500000,696397.5
2022-02-22,SZ000592,平潭发展,2.85,26486106,1913936915,1931780892,550557.55422
2022-02-22,SH601958,金钼股份,6.93,12268810,3226604400,3226604400,2236036.8492
2022-02-22,SZ002223,鱼跃医疗,29.67,7788835,944430874,1002476929,2974349.048343
2022-02-22,SZ002225,濮耐股份,4.21,5380900,812937916,1010353122,425358.664362
2022-02-22,SZ002224,三 力 士,5.48,9620600,542741048,729586628,399813.472144
2022-02-22,SH601899,紫金矿业,11.2,191084683,20494681640,26329312240,29488829.7088
2022-02-22,SZ002227,奥 特 迅,14.98,2166698,220325338,247806170,371213.64266
2022-02-22,SZ002226,江南化工,5.76,14112080,1341573898,2648922855,1525779.56448
2022-02-22,SZ002228,合兴包装,3.6,5816760,1234567097,1238631017,445907.16612
2022-02-22,SZ002229,鸿博股份,6.6,7941088,498270902,498344263,328907.21358
2022-02-22,SZ002232,启明信息,16.72,19416111,408548455,408548455,683093.01676
2022-02-22,SZ002230,科大讯飞,50.18,16559725,2097928174,2324325245,11663464.07941
2022-02-22,SZ002231,*ST奥维,7.35,68156210,294818767,346850017,254934.762495
2022-02-22,SZ002235,安妮股份,6.28,94858342,548275426,579572284,363971.394352
2022-02-22,SZ002234,民和股份,15.99,7412935,253066864,348960212,557987.378988
2022-02-22,SZ002233,塔牌集团,11.15,17468299,1191860360,1192275016,1329386.64284
2022-02-22,SZ002236,大华股份,18.96,28007448,1914587936,2994550730,5677668.18408
2022-02-22,SZ002237,恒邦股份,12.13,37708614,910396625,1148014400,1392541.4672
2022-02-22,SZ002241,歌尔股份,43.5,28055178,2977227161,3416321036,14860996.5066
2022-02-22,SZ002239,奥特佳,3.38,34896111,3243220419,3243258144,1096221.252672
2022-02-22,SZ002240,盛新锂能,57.1,55550599,698661917,865349955,4941148.24305
2022-02-22,SZ002238,天威视讯,6.88,9788668,802559160,802559160,552160.70208
2022-02-22,SZ002243,力合科创,11.63,21011043,602466474,1210604219,1407932.706697
2022-02-22,SZ002242,九阳股份,20.23,6979080,765644500,767017000,1551675.391
2022-02-22,SZ002244,滨江集团,6.47,30636857,2686231015,3111443890,2013104.19683
2022-02-22,SZ002245,蔚蓝锂芯,22.4,23326331,968986027,1035821526,2320240.21824
2022-02-22,SZ002246,北化股份,8.13,12378400,549034794,549034794,446365.287522
2022-02-22,SZ002247,聚力文化,3.02,19352800,643788247,850870049,256962.754798
2022-02-22,SZ002248,华东数控,9,27532552,297683968,307495600,276746.04
2022-02-22,SZ002249,大洋电机,7.03,33943257,1720069385,2365530164,1662967.705292
2022-02-22,SZ002250,联化科技,17.47,3300000,919132645,923246256,1612911.209232
2022-02-22,SZ002251,步步高,6.72,5688712,863903951,863903951,580543.455072
2022-02-22,SZ002252,上海莱士,6.75,23487527,4972279699,6740787907,4550031.837225
2022-02-22,SZ002253,*ST智胜,14.87,7781200,207222400,225626095,335506.003265
2022-02-22,SZ002254,泰和新材,19.18,5724131,426696066,684394502,1312668.654836
2022-02-22,SZ002256,兆新股份,3.9,131757044,1391196397,1882411872,734140.63008
2022-02-22,SZ002255,海陆重工,6.07,8130682,644149083,842271055,511258.530385
2022-02-22,SH600703,三安光电,27.25,38029640,4078424928,4479341308,12206205.0643
2022-02-22,SH600745,闻泰科技,108,9194900,936607734,1246210166,13459069.7928
2022-02-22,SZ002258,利尔化学,33.64,7185972,524181885,526773275,1772065.2971
2022-02-22,SZ002259,升达林业,3.46,2534305,752328267,752328267,260305.580382
2022-02-22,SZ002262,恩华药业,13.8,4562948,881972775,1007588092,1390471.56696
2022-02-22,SZ002261,拓维信息,8.04,56685573,950964488,1248017674,1003406.209896
2022-02-22,SZ002263,大东南,3.53,25884024,1878342100,1878360100,663061.1153
2022-02-22,SZ002264,新 华 都,4.91,5181501,667901780,684563880,336120.86508
2022-02-22,SZ002266,浙富控股,6.19,25547714,2807425437,5369795962,3323903.700478
2022-02-22,SZ002265,建设工业,17.13,21949925,318566172,318566172,545703.852636
2022-02-22,SZ002268,电科网安,44.43,43338441,837105669,846294603,3760086.921129
2022-02-22,SZ002267,陕天然气,7.01,18805795,1112075445,1112075445,779564.886945
2022-02-22,SH601766,中国中车,5.91,49096195,24327798048,28698864088,16961028.676008
2022-02-22,SZ002269,美邦服饰,2.29,35360750,2512500000,2512500000,575362.5
2022-02-22,SZ002270,华明装备,8.69,19719956,759224768,759239130,659778.80397
2022-02-22,SZ002271,东方雨虹,49.83,8490029,1978559887,2519627295,12555302.810985
2022-02-22,SZ002273,水晶光电,14,19746557,1353387303,1390632221,1946885.1094
2022-02-22,SZ002272,川润股份,6.04,5428400,330169063,438280000,264721.12
2022-02-22,SZ002274,华昌化工,11.4,12877148,937999130,952364646,1085695.69644
2022-02-22,SH601727,上海电气,4.49,24573220,12655327092,15705971092,7051981.020308
2022-02-22,SH600248,陕建股份,6.96,126560670,1256540960,3688882286,2567462.071056
2022-02-22,SH600734,实达集团,1.64,14201,2090874601,2178303106,357241.709384
2022-02-22,SH600242,退市中昌,2.49,4522650,451294545,456665122,113709.615378
2022-02-22,SH600259,中稀有色,47.03,5398994,301802291,301802291,1419376.174573
2022-02-22,SH600187,国中水务,2.5,20006200,1653935128,1653935128,413483.782
2022-02-22,SZ000506,招金黄金,4.06,54352582,928594461,929017761,377181.210966
2022-02-22,SZ000638,*ST万方,5.53,6142800,309400000,309400000,171098.2
2022-02-22,SZ000631,顺发恒能,3.56,3682583,2432519168,2432519168,865976.823808
2022-02-22,SZ002276,万马股份,8.08,35505020,1035275348,1035489098,836675.191184
2022-02-22,SZ002275,桂林三金,13.82,1953177,538698425,590200000,815656.4
2022-02-22,SZ002277,友阿股份,3.28,13768193,1394172800,1394172800,457288.6784
2022-02-22,SH601107,四川成渝,5.02,22428719,2162740000,3058060000,1535146.12
2022-02-22,SH601668,中国建筑,5.39,243790139,40835366844,41948167844,22610062.467916
2022-02-22,SZ002278,神开股份,6,4332399,337115131,363909648,218345.7888
2022-02-22,SZ002279,久其软件,5.28,17400568,641486860,710547603,375169.134384
2022-02-22,SH601788,光大证券,13.9,11357320,3906698839,4610787639,6408994.81821
2022-02-22,SZ002282,博深股份,9.73,2493450,397896853,543944364,529257.866172
2022-02-22,SZ002283,天润工业,9.47,14039000,991748676,1135633878,1075445.282466
2022-02-22,SZ002280,ST联络,3.68,34036200,1768987543,2177149675,801191.0804
2022-02-22,SZ002281,光迅科技,22.32,11322169,668496927,699408918,1561080.704976
2022-02-22,SZ002286,保龄宝,12.47,5505700,369255925,371911900,463774.1393
2022-02-22,SZ002287,奇正藏药,26.32,1377030,528336188,530296520,1395740.44064
2022-02-22,SZ002285,世联行,3.57,21602848,2014444186,2033579072,725987.728704
2022-02-22,SZ002284,亚太股份,8.67,17421406,686059825,737683858,639571.904886
2022-02-22,SZ002290,禾盛新材,7.26,1258008,216474046,247812330,179911.75158
2022-02-22,SZ002288,*ST超华,7,15491764,800339013,931643744,652150.6208
2022-02-22,SZ002291,遥望科技,16.75,13511800,614669879,909841215,1523984.035125
2022-02-22,SZ002289,*ST宇顺,7.07,2973150,264424233,280253733,198139.389231
2022-02-22,SZ002292,奥飞娱乐,5.58,26348813,853756468,1478699697,825114.430926
2022-02-22,SZ002294,信立泰,25.29,2836769,1114502132,1114816535,2819371.017015
2022-02-22,SZ002293,罗莱生活,14.63,2762288,823339119,838997881,1227453.899903
2022-02-22,SZ000517,荣安地产,2.79,66006703,2496982316,3183922485,888314.373315
2022-02-22,SZ000529,广弘控股,6.29,6824870,569884377,583790330,367204.11757
2022-02-22,SH601618,中国中冶,4.2,258484965,17852619170,20723619170,8703920.0514
2022-02-22,SZ002297,博云新材,8.54,11057354,548911271,573104819,489431.515426
2022-02-22,SZ002295,精艺股份,7.27,3836100,250152688,250616000,182197.832
2022-02-22,SZ002296,辉煌科技,7.68,7446500,341424130,389616420,299225.41056
2022-02-22,SZ002298,中电鑫龙,8.2,56740881,591227952,740110901,606890.93882
2022-02-22,SH601888,中国中免,210.8,7768752,1952475544,1952475544,41158184.46752
2022-02-22,SZ002300,太阳电缆,7.81,7873337,656616553,656667000,512856.927
2022-02-22,SZ002299,圣农发展,20.45,5653576,1228516383,1243973396,2543925.59482
2022-02-22,SZ002301,齐心集团,7.25,6228577,732735712,734020099,532164.571775
2022-02-22,SH600225,退市卓朗,3.2,3150240,3408825415,3411394363,1091646.19616
2022-02-22,SZ300002,神州泰岳,5.52,53947131,1680730004,1961091984,1082522.775168
2022-02-22,SZ300001,特锐德,20.8,9007022,991464092,1040710713,2164678.28304
2022-02-22,SZ300027,华谊兄弟,3.42,42194787,2244567944,2774505919,948881.024298
2022-02-22,SZ300026,红日药业,6.42,336162696,2682015067,3004154837,1928667.405354
2022-02-22,SZ300025,华星创业,4.55,17675486,428462725,428530562,194981.40571
2022-02-22,SZ300024,机器人,10.22,13788813,1507091236,1550211950,1584316.6129
2022-02-22,SZ300023,宝德退,7.12,8383465,258204188,316106775,225068.0238
2022-02-22,SZ300022,吉峰科技,6.86,57323809,345244434,380240380,260844.90068
2022-02-22,SZ300021,大禹节水,6.42,32503957,639330960,801074638,514289.917596
2022-02-22,SZ300020,ST银江,10.78,67403669,627288765,655789086,706940.634708
2022-02-22,SZ300019,硅宝科技,20.91,7615029,333565636,391130200,817853.2482
2022-02-22,SZ300018,中元股份,7.28,12679600,405091589,480831536,350045.358208
2022-02-22,SZ300017,网宿科技,7.28,234430991,2272603118,2447029804,1781437.697312
2022-02-22,SZ300016,北陆药业,8.04,4552600,406759212,492717587,396144.939948
2022-02-22,SZ300015,爱尔眼科,34.06,26535054,4458723736,5406107855,18413203.35413
2022-02-22,SZ300014,亿纬锂能,85.65,35986671,1835856794,1895752583,16237120.873395
2022-02-22,SZ300013,新宁物流,3.89,6773100,445787115,446687115,173761.287735
2022-02-22,SZ300012,华测检测,19.46,12412821,1515745026,1672409214,3254508.330444
2022-02-22,SZ300011,鼎汉技术,7.32,16689811,500792001,558650387,408932.083284
2022-02-22,SZ300010,豆神教育,4.08,34649359,742952308,868324647,354276.455976
2022-02-22,SZ300009,安科生物,10.59,16248314,1159089300,1638465558,1735135.025922
2022-02-22,SZ300008,天海防务,4.67,21694200,1286748618,1728029133,806989.605111
2022-02-22,SZ300007,汉威科技,23.98,9190093,249124953,324387155,777880.39769
2022-02-22,SZ300006,莱美药业,5.17,14547300,812152773,1055911205,545906.092985
2022-02-22,SZ300005,探路者,8.63,3911350,700726764,883702186,762634.986518
2022-02-22,SZ300004,南风股份,6.26,3900410,477553715,479993598,300475.992348
2022-02-22,SZ300003,乐普医疗,21.28,15020078,1538838079,1804581117,3840148.616976
2022-02-22,SZ002302,西部建设,8.78,18294029,1262354304,1262354304,1108347.078912
2022-02-22,SZ002303,美盈森,3.7,13416300,952116755,1531323685,566589.76345
2022-02-22,SZ002305,*ST南置,2.18,66872900,1733037250,1734215770,378059.03786
2022-02-22,SZ002304,洋河股份,169.55,3819190,1248941523,1506988000,25550981.54
2022-02-22,SZ002307,北新路桥,4.89,51914314,1052470310,1208921927,591162.822303
2022-02-22,SZ002306,*ST云网,3.08,9790600,802906062,840000000,258720
2022-02-22,SH600854,春兰股份,5.13,29854504,519458538,519458538,266482.229994
2022-02-22,SH600999,招商证券,16.36,17612926,7422005272,8696526806,14227517.854616
2022-02-22,SZ002310,东方新能,2.97,30563352,2561504568,2685462004,797582.215188
2022-02-22,SZ002311,海大集团,66.67,3480634,1657637714,1661161061,11074960.793687
2022-02-22,SZ002308,*ST威创,5.1,112152986,906214651,906214651,462169.47201
2022-02-22,SZ002309,中利集团,7.05,31239193,698276564,871787068,614609.88294
2022-02-22,SZ002312,川发龙蟒,12.37,35068995,1324375324,1763196292,2181073.813204
2022-02-22,SZ002313,日海智能,12.35,8305546,373692043,374400000,462384
2022-02-22,SZ002314,南山控股,3.85,42445801,1338149289,2707782513,1042496.267505
2022-02-22,SZ002315,焦点科技,17.43,6221138,185131772,305500000,532486.5
2022-02-22,SZ002316,亚联发展,6.51,66779594,293413643,393120000,255921.12
2022-02-22,SZ002319,乐通股份,13.12,993953,200000000,200000000,262400
2022-02-22,SZ002317,众生药业,10.22,20999931,712995405,814461076,832379.219672
2022-02-22,SZ002318,久立特材,16.71,7305827,953348140,977170720,1632852.27312
2022-02-22,SZ002321,华英农业,2.91,6067000,2129661010,2132890071,620671.010661
2022-02-22,SZ002320,海峡股份,6,5966127,2228933187,2228933187,1337359.9122
2022-02-22,SH601989,中国重工,4.05,62000112,22083803282,22802035324,9234824.30622
2022-02-22,SZ002324,普利特,15.25,9235641,632549543,1014062317,1546445.033425
2022-02-22,SZ002323,雅博股份,3.15,12243810,1697525286,2120855142,668069.36973
2022-02-22,SZ002322,理工能科,11.57,6840850,363918258,384496549,444862.507193
2022-02-22,SZ002325,*ST洪涛,2.85,48298642,1003074122,1325359461,377727.446385
2022-02-22,SZ002326,永太科技,34,42553056,674050474,876566295,2980325.403
2022-02-22,SH601139,深圳燃气,8.29,17883764,2876730494,2876767544,2384840.293976
2022-02-22,SZ300029,*ST天龙,6.33,1502974,200000000,200000000,126600
2022-02-22,SZ300030,阳普医疗,8.9,4979201,254835334,309187315,275176.71035
2022-02-22,SZ300031,宝通科技,19.64,15567444,339492268,411735946,808649.397944
2022-02-22,SZ300036,超图软件,24.31,19102165,429523309,489550063,1190096.203153
2022-02-22,SZ300035,中科电气,30.7,17577835,528031329,642365824,1972063.07968
2022-02-22,SZ300034,钢研高纳,39.61,7434667,449597342,485957096,1924876.057256
2022-02-22,SZ300033,同花顺,106.03,7250586,272003081,537600000,5700172.8
2022-02-22,SZ300032,金龙机电,6.35,14575300,803168108,803169608,510012.70108
2022-02-22,SZ002328,新朋股份,5.53,9462870,562972896,771770000,426788.81
2022-02-22,SZ002327,富安娜,8.76,2347302,492362739,829459027,726606.107652
2022-02-22,SZ002331,皖通科技,8.68,6043102,382874761,410245949,356093.483732
2022-02-22,SZ002329,皇氏集团,5.03,23921700,533125328,837640035,421332.937605
2022-02-22,SZ002330,得利斯,7.83,26653900,501868900,504293500,394861.8105
2022-02-22,SH601117,中国化学,10.77,46898610,4933000000,6109470588,6579899.823276
2022-02-22,SZ300041,回天新材,15.17,7844832,348706101,430888395,653657.695215
2022-02-22,SZ300037,新宙邦,89.95,2966781,295700524,412472313,3710188.455435
2022-02-22,SZ300040,九洲集团,8.73,13251573,455302906,587645532,513014.549436
2022-02-22,SZ300039,上海凯宝,8.96,232722494,916715119,1046000000,937216
2022-02-22,SZ300038,数知退,1.81,21972871,1163652138,1171827123,212100.709263
2022-02-22,SZ300042,朗科科技,14.3,5977097,174373818,200400000,286572
2022-02-22,SZ002332,仙琚制药,10.96,12853913,962452487,989204866,1084168.533136
2022-02-22,SZ002333,罗普斯金,5.38,3911200,427513600,652603600,351100.7368
2022-02-22,SZ002334,英威腾,7.24,21457077,650283970,753465210,545508.81204
2022-02-22,SZ002335,科华数据,33.88,24891892,396849620,461567391,1563790.320708
2022-02-22,SZ002336,人乐退,6.06,15031410,373175000,440000000,266640
2022-02-22,SZ002338,奥普光电,20.46,2525760,239994000,240000000,491040
2022-02-22,SZ002337,赛象科技,4.08,6102600,587642157,588615750,240155.226
2022-02-22,SH601801,皖新传媒,5.16,8493416,1989204737,1989204737,1026429.644292
2022-02-22,SZ300049,福瑞医科,11.87,8772500,230444284,263053100,312244.0297
2022-02-22,SZ300050,世纪鼎利,4.49,9609400,498082741,560036718,251456.486382
2022-02-22,SZ300048,合康新能,6.82,7806550,1090059982,1102201357,751701.325474
2022-02-22,SZ300047,天源迪科,11.1,139075534,530817184,637744672,707896.58592
2022-02-22,SZ300043,星辉娱乐,3.55,43256000,937763301,1244198401,441690.432355
2022-02-22,SZ300044,ST赛为,2.71,13188810,668334139,770161228,208713.692788
2022-02-22,SZ300045,华力创通,9.84,12607107,440637852,614217087,604389.613608
2022-02-22,SZ300046,台基股份,20.87,4517150,236531371,237171371,494976.651277
2022-02-22,SH601877,正泰电器,46.04,15215766,2149973551,2149973551,9898478.228804
2022-02-22,SZ002340,格林美,9.18,65543603,4761701956,4783522257,4391273.431926
2022-02-22,SZ002341,ST新纶,4.74,13445300,891556101,1152214592,546149.716608
2022-02-22,SZ002339,积成电子,6.62,8907120,481494255,511804800,338814.7776
2022-02-22,SZ002342,巨力索具,4.36,25631003,881085000,960000000,418560
2022-02-22,SZ002343,慈文传媒,5.66,16879012,473693052,474949686,268821.522276
2022-02-22,SZ002344,海宁皮城,4.71,9059100,1281593178,1282745046,604172.916666
2022-02-22,SZ002346,柘中股份,16.32,2764700,394632807,441575416,720651.078912
2022-02-22,SZ002345,潮宏基,5.8,18047196,884729365,905412707,525139.37006
2022-02-22,SH601179,中国西电,5.04,41240707,5125882352,5125882352,2583444.705408
2022-02-22,SZ002347,泰尔股份,4.78,4904900,316774985,504702276,241247.687928
2022-02-22,SZ002349,精华制药,15.31,156283147,831992151,835724374,1279494.016594
2022-02-22,SZ002348,高乐股份,3.03,141078170,854238289,947200000,287001.6
2022-02-22,SZ002350,北京科锐,7.49,7961313,524334096,542369011,406234.389239
2022-02-22,SZ002351,漫步者,10.96,3316700,478039870,889107000,974461.272
2022-02-22,SZ002352,顺丰控股,60.21,14671617,4503517459,4906213102,29540309.087142
2022-02-22,SZ002353,杰瑞股份,43.34,11238075,619288480,957853992,4151339.201328
2022-02-22,SZ002354,天娱数科,4.35,51224212,1450265788,1662283291,723093.231585
2022-02-22,SZ002355,兴民智通,5.29,8352501,617166650,620570400,328281.7416
2022-02-22,SZ002356,赫美集团,4.02,6559673,1311254521,1311254521,527124.317442
2022-02-22,SH601106,中国一重,3.2,20854952,6857782927,6857782927,2194490.53664
2022-02-22,SZ002357,富临运业,5.8,9553481,313418349,313489036,181823.64088
2022-02-22,SZ002358,森源电气,2.82,3841600,910425280,929756977,262191.467514
2022-02-22,SZ300053,航宇微,9.48,21880878,637402400,702158212,665645.984976
2022-02-22,SZ300051,琏升科技,5.54,4662965,365646340,365698690,202597.07426
2022-02-22,SZ300054,鼎龙股份,20.68,8981789,715751571,939011157,1941875.072676
2022-02-22,SZ300052,ST中青宝,24.95,29748988,261213253,262013710,653724.20645
2022-02-22,SH601678,滨化股份,7.12,23332664,2058036276,2058036276,1465321.828512
2022-02-22,SZ300056,中创环保,6.85,8277358,385490443,385490443,264060.953455
2022-02-22,SZ300058,蓝色光标,7.78,117550791,2381485290,2491037834,1938027.434852
2022-02-22,SZ300057,万顺新材,8.81,25548278,507430086,683644894,602291.151614
2022-02-22,SH601688,华泰证券,16.41,83606396,7312116320,9076650000,14894782.65
2022-02-22,SZ300055,万邦达,12.2,8388461,863099140,865184815,1055525.4743
2022-02-22,SZ002362,汉王科技,16.18,2729200,206230474,244454646,395527.617228
2022-02-22,SZ002361,神剑股份,5.14,5711391,668579631,978571946,502985.980244
2022-02-22,SZ002360,同德化工,8.57,6513611,312278270,402376378,344836.555946
2022-02-22,SZ002365,永安药业,9.4,3147705,243392518,294682500,277001.55
2022-02-22,SZ002363,隆基机械,5.58,3043800,415758242,416100301,232183.967958
2022-02-22,SZ002364,中恒电气,10.03,43679984,530587745,563564960,565255.65488
2022-02-22,SH601607,上海医药,18.88,7590939,1922935018,2842089322,5365864.639936
2022-02-22,SZ002366,融发核电,4.39,13330518,604555163,867057350,380638.17665
2022-02-22,SZ002367,康力电梯,7.5,2971999,524474108,797652687,598239.51525
2022-02-22,SZ002368,太极股份,26.04,7576832,575985883,579659936,1509434.473344
2022-02-22,SZ002369,卓翼科技,6.48,6108700,575914579,576769204,373746.444192
2022-02-22,SZ002371,北方华创,267.39,4991205,460737502,525755429,14058174.416031
2022-02-22,SZ002370,亚太药业,5.61,72541331,505717309,536618091,301042.749051
2022-02-22,SZ002374,中锐股份,6.78,237966554,978274682,1087953783,737632.664874
2022-02-22,SZ002372,伟星新材,22,6805740,1442192152,1592112988,3502648.5736
2022-02-22,SZ002373,千方科技,14.4,16947871,1373604801,1580874765,2276459.6616
2022-02-22,SH601188,龙江交通,3.31,2419199,1315878571,1315878571,435555.807001
2022-02-22,SZ300062,中能电气,10.26,3553200,193962425,348485829,357546.460554
2022-02-22,SH601518,吉林高速,2.83,8295561,1350395121,1350395121,382161.819243
2022-02-22,SZ300061,旗天科技,10.98,68821100,544123755,660944225,725716.75905
2022-02-22,SZ300059,东方财富,25.38,250225872,8592810347,10366327855,26309740.09599
2022-02-22,SZ002377,国创高新,3.36,42087606,915996256,916325201,307885.267536
2022-02-22,SZ002376,新北洋,9.19,27383507,642630048,665722109,611798.618171
2022-02-22,SZ002375,亚厦股份,6.64,18821690,1330992524,1339996498,889757.674672
2022-02-22,SZ300063,天龙集团,5.01,31998550,608613250,749871950,375685.84695
2022-02-22,SZ300064,金刚退,1.89,117178201,696229777,1205476595,227835.076455
2022-02-22,SZ300066,三川智慧,4.66,5845396,1003428138,1040033262,484655.500092
2022-02-22,SZ300065,海兰信,16.16,54891054,561691887,629856814,1017848.611424
2022-02-22,SH601158,重庆水务,6.14,6968502,4800000000,4800000000,2947200
2022-02-22,SZ002378,章源钨业,8.77,28473884,919173552,924167436,810494.841372
2022-02-22,SZ002380,科远智慧,12.91,1448900,141504390,239991649,309829.218859
2022-02-22,SH601101,昊华能源,8.91,54950740,1199998272,1199998272,1069198.460352
2022-02-22,SZ002379,宏桥控股,3.27,7558406,926400000,926400000,302932.8
2022-02-22,SZ002381,双箭股份,7.76,13730985,322005844,411572264,319380.076864
2022-02-22,SZ002383,合众思壮,7.71,19120409,606462164,740360305,570817.795155
2022-02-22,SZ002382,蓝帆医疗,13.73,8838267,1001493422,1007053874,1382684.969002
2022-02-22,SZ002385,大北农,8.76,89868859,3094250481,4141281853,3627762.903228
2022-02-22,SZ002386,天原股份,12.16,52653910,780573537,780857017,949522.132672
2022-02-22,SZ002384,东山精密,22.17,29268620,1390275340,1709867327,3790775.863959
2022-02-22,SZ002387,维信诺,8.14,3960105,1367213346,1382538146,1125386.050844
2022-02-22,SZ002389,航天彩虹,21.38,10456598,894867800,988302944,2112991.694272
2022-02-22,SZ002388,新亚制程,5.55,4322960,483305680,510464100,283307.5755
2022-02-22,SZ002391,长青股份,7.75,3900817,462347311,653904550,506776.02625
2022-02-22,SZ002390,信邦制药,5.69,19793299,1567874603,2027228611,1153493.079659
2022-02-22,SZ300070,碧水源,6.87,27800884,2540980601,3624209363,2489831.832381
2022-02-22,SZ300071,福石控股,2.52,7164170,891484781,926548343,233490.182436
2022-02-22,SZ300067,安诺其,4.22,25134474,777417961,1052856214,444305.322308
2022-02-22,SZ300068,南都电源,12.03,18623239,826532400,857098972,1031090.063316
2022-02-22,SZ300069,金利华电,20.63,862000,117000000,117000000,241371
2022-02-22,SZ002393,力生制药,21.32,2034000,182454992,182454992,388994.042944
2022-02-22,SZ002394,联发股份,7.96,1158400,322963298,328879200,261787.8432
2022-02-22,SZ002392,北京利尔,4.57,7403200,851007469,1190490839,544054.313423
2022-02-22,SZ300073,当升科技,80.34,4991853,435585784,506500774,4069227.218316
2022-02-22,SZ300072,海新能科,8.35,42409658,2329596431,2349720302,1962016.45217
2022-02-22,SZ300075,数字政通,21.98,54393669,392577210,491216379,1079693.601042
2022-02-22,SZ300074,华平股份,4.4,24344959,530907925,533892900,234912.876
2022-02-22,SH601369,陕鼓动力,10.49,4632200,1651286229,1726773189,1811385.075261
2022-02-22,SZ002395,双象股份,10.43,1774919,268209000,268209000,279741.987
2022-02-22,SZ002397,梦洁股份,3.77,6250200,474743267,755981443,285005.004011
2022-02-22,SZ300078,思创智联,7.15,58026749,775460679,866129866,619282.85419
2022-02-22,SZ300079,数码视讯,7.49,43041891,1266852372,1429008862,1070327.637638
2022-02-22,SZ300076,GQY视讯,5.33,9070400,392188950,424000000,225992
2022-02-22,SZ300077,国民技术,20.86,18693188,545048925,592664000,1236297.104
2022-02-22,SZ002398,垒知集团,7.29,7953902,560931487,720490406,525237.505974
2022-02-22,SZ002401,中远海科,10.12,3956158,362837468,372098880,376564.06656
2022-02-22,SZ002400,省广集团,5.68,208466608,1687189081,1743337128,990215.488704
2022-02-22,SZ002399,海普瑞,16.05,1905668,1247201704,1467296204,2355010.40742
2022-02-22,SZ002404,嘉欣丝绸,5.95,8374050,458948777,577673641,343715.816395
2022-02-22,SZ002402,和而泰,21.11,31889136,801749054,914016928,1929489.735008
2022-02-22,SZ002403,爱仕达,6.91,977600,315618676,350320801,242071.673491
2022-02-22,SH600870,退市厦华,4.46,1301805,523199665,523199665,233347.05059
2022-02-22,SZ002406,远东传动,5.9,4537900,496148542,624158139,368253.30201
2022-02-22,SZ002405,四维图新,16.84,45947815,2257484597,2374547114,3998737.339976
2022-02-22,SZ002407,多氟多,43.99,33319715,681718830,766087589,3370019.304011
2022-02-22,SZ002408,齐翔腾达,9.5,22782599,2771179688,2842637146,2700505.2887
2022-02-22,SZ300084,海默科技,7.01,72309519,329752181,384765738,269720.782338
2022-02-22,SZ300082,奥克股份,13.37,8430261,677676401,680098200,909291.2934
2022-02-22,SZ300081,恒信东方,10.6,30443384,381692582,607115817,643542.76602
2022-02-22,SZ300083,创世纪,13.45,26599231,1324882889,1543176379,2075572.229755
2022-02-22,SZ002409,雅克科技,59.88,3391300,298528097,475927678,2849854.935864
2022-02-22,SZ002411,必康退,10.14,57015652,1532283909,1532283909,1553735.883726
2022-02-22,SZ002412,汉森制药,6.17,16893144,493637500,503200000,310474.4
2022-02-22,SZ002410,广联达,57.29,2950082,993590928,1189565428,6815020.337012
2022-02-22,SZ300085,银之杰,13.57,16384960,522474207,706640535,958911.205995
2022-02-22,SZ300086,康芝药业,8.98,125589517,435663111,450000000,404100
2022-02-22,SZ300087,荃银高科,28.45,20874563,429104941,454098437,1291910.053265
2022-02-22,SZ300088,长信科技,9.71,63398367,2442659856,2454887088,2383695.362448
2022-02-22,SZ002416,爱施德,10.28,9120040,1222705335,1239281806,1273981.696568
2022-02-22,SZ002413,雷科防务,6.15,27127264,1205486619,1343007796,825949.79454
2022-02-22,SZ002415,海康威视,46.83,15951219,9142751769,9433208719,44175716.431077
2022-02-22,SZ002418,康盛股份,3.41,10070800,1135929750,1136400000,387512.4
2022-02-22,SZ002419,天虹股份,7.07,30838462,1168534749,1168847750,826375.35925
2022-02-22,SZ002420,毅昌科技,8.45,5380217,390192821,401000000,338845
2022-02-22,SZ002417,深南退,6.06,34748288,224135971,270000000,163620
2022-02-22,SZ002421,达实智能,3.85,215216500,1781347930,1922199429,740046.780165
2022-02-22,SZ002424,ST百灵,6.47,20647000,935963704,1411200000,913046.4
2022-02-22,SZ002423,中粮资本,8.54,5080216,1196677282,2304105575,1967706.16105
2022-02-22,SZ002422,科伦药业,17.68,7412569,1081531479,1425422862,2520147.620016
2022-02-22,SZ002425,凯撒文化,7.15,45326123,955985898,956665066,684015.52219
2022-02-22,SZ002426,胜利精密,2.32,28892000,3025884169,3441517719,798432.110808
2022-02-22,SZ002427,尤夫股份,6.18,3190610,437029865,437970123,270665.536014
2022-02-22,SZ002428,云南锗业,13.33,28378719,644314718,653120000,870608.96
2022-02-22,SZ002429,兆驰股份,4.44,0,4496301410,4526940607,2009961.629508
2022-02-22,SZ002430,杭氧股份,27.3,4489807,964284707,982876777,2683253.60121
2022-02-22,SZ002431,棕榈股份,3.67,136430134,1458331768,1486985450,545723.66015
2022-02-22,SZ002432,九安医疗,69.09,78896036,478603022,478603022,3306668.278998
2022-02-22,SZ002435,ST长康,4.66,39506224,1199594549,1235983020,575968.08732
2022-02-22,SZ002436,兴森科技,11.74,18378552,1279403481,1487930802,1746830.761548
2022-02-22,SZ002433,太安退,5.18,31228000,744385700,766773200,397188.5176
2022-02-22,SZ002434,万里扬,8.41,34020441,1339064300,1340000000,1126940
2022-02-22,SZ002437,誉衡药业,2.63,21038000,2183286217,2198122950,578106.33585
2022-02-22,SZ002438,江苏神通,16.42,10993782,447145712,507537461,833376.510962
2022-02-22,SZ002396,星网锐捷,26.78,25614725,583280278,583280278,1562024.584484
2022-02-22,SZ002439,启明星辰,23.55,28236256,723546748,933583742,2198589.71241
2022-02-22,SZ300089,文化退,3.91,2310700,244126132,481056870,188093.23617
2022-02-22,SZ300080,易成新能,4.83,10557773,1174771502,2161880058,1044188.068014
2022-02-22,SZ300091,*ST金灵,5.02,39164214,1070307285,1489164214,747560.435428
2022-02-22,SH601000,唐山港,2.87,39355579,5925928614,5925928614,1700741.512218
2022-02-22,SZ002442,龙星科技,6.04,7582400,478780950,490820000,296455.28
2022-02-22,SZ002440,闰土股份,8.96,12624074,958753637,1150500000,1030848
2022-02-22,SZ002443,金洲管道,8.55,27966217,519129277,520535520,445057.8696
2022-02-22,SZ002441,众业达,9.39,6590802,398846029,544543609,511326.448851
2022-02-22,SZ300092,科新机电,10.94,2423133,167459485,231599000,253369.306
2022-02-22,SZ300093,*ST金刚,29.4,3469091,197152725,216000000,635040
2022-02-22,SZ300094,国联水产,5.64,103230100,883990961,912292315,514532.86566
2022-02-22,SZ002446,盛路通信,6.38,18383418,836280476,908410404,579565.837752
2022-02-22,SZ002444,巨星科技,22.49,6142630,1082098706,1143438492,2571593.168508
2022-02-22,SZ002447,晨鑫退,1.87,8589499,1427077800,1427193000,266885.091
2022-02-22,SZ002445,中南文化,2.68,15875991,2315821478,2391668331,640967.112708
2022-02-22,SH601288,农业银行,3.01,196674954,299284538234,349983033873,105344893.195773
2022-02-22,SZ002414,高德红外,21.48,8620313,1867051683,2346558302,5040407.232696
2022-02-22,SZ002448,中原内配,6.52,7186500,476760308,603144105,393249.95646
2022-02-22,SZ002449,国星光电,9.42,5950834,610923909,618477169,582605.493198
2022-02-22,SZ002453,华软科技,15.7,18574300,611275969,944217225,1482421.04325
2022-02-22,SZ002454,松芝股份,6.81,8255404,625426428,628581600,428064.0696
2022-02-22,SZ002452,长高电新,8.15,14520516,420158390,614546785,500855.629775
2022-02-22,SZ002451,摩恩电气,6.83,3450836,439149000,439200000,299973.6
2022-02-22,SZ300097,ST智云,8.39,3743900,270018948,288549669,242093.172291
2022-02-22,SZ300096,ST易联众,8.17,16830203,376510755,430000000,351310
2022-02-22,SZ300095,华伍股份,14.67,5100000,378710854,420090164,616272.270588
2022-02-22,SZ300098,高新兴,4.95,44333134,1457557381,1737782275,860202.226125
2022-02-22,SZ002457,青龙管业,9.23,16170400,334838099,334992000,309197.616
2022-02-22,SZ002456,欧菲光,8.22,80286394,2691579105,3262263437,2681580.545214
2022-02-22,SZ002455,百川股份,13.56,24851163,450664327,565949304,767427.256224
2022-02-22,SH601717,中创智领,12.59,19162327,1493959470,1779493670,2240382.53053
2022-02-22,SZ300101,振芯科技,18.44,11983113,556177296,558492000,1029859.248
2022-02-22,SZ300100,双林股份,8.79,6011368,381197866,402149793,353489.668047
2022-02-22,SZ300099,尤洛卡,9.06,26018754,508800495,667335255,604605.74103
2022-02-22,SZ002458,益生股份,9.81,7447100,676450783,992909980,974044.69038
2022-02-22,SZ002460,赣锋锂业,150.71,35149045,859452531,1437478880,21664244.20048
2022-02-22,SZ002459,晶澳科技,84.8,11178484,759582723,1598841081,13558172.36688
2022-02-22,SZ300102,乾照光电,8.76,40422059,707105961,707390811,619674.350436
2022-02-22,SZ300103,达刚控股,9.56,2341700,243357634,317601000,303626.556
2022-02-22,SH601718,际华集团,2.89,28564654,4391629404,4391629404,1269180.897756
2022-02-22,SH601818,光大银行,3.41,67120372,41353182695,54031918195,18424884.104495
2022-02-22,SZ002463,沪电股份,17.91,23635146,1895660670,1896658772,3396915.860652
2022-02-22,SZ002462,嘉事堂,13.4,1243100,249718432,291707120,390887.5408
2022-02-22,SZ002461,珠江啤酒,8.75,6053576,2213328480,2213328480,1936662.42
2022-02-22,SZ300107,建新股份,5.55,3298100,336974275,551251422,305944.53921
2022-02-22,SZ300105,龙源技术,5.93,5026000,513213525,522400000,309783.2
2022-02-22,SZ300106,西部牧业,10.68,18608290,211332310,211332310,225702.90708
2022-02-22,SZ300108,*ST吉药,3.16,29809600,444316089,666014674,210460.636984
2022-02-22,SZ300109,新开源,19.57,5091079,301702622,343618983,672462.349731
2022-02-22,SZ300110,华仁药业,4.27,17199082,1180783482,1182212982,504804.943314
2022-02-22,SZ300113,顺网科技,15.25,19461376,483847439,694287240,1058788.041
2022-02-22,SZ300114,中航电测,14.91,3777106,590760499,590760499,880823.904009
2022-02-22,SZ300111,向日葵,3.1,28556167,1117239595,1119800000,347138
2022-02-22,SZ300112,万讯自控,10.88,5911398,201309133,285747886,310893.699968
2022-02-22,SZ002466,天齐锂业,100.85,75539000,1473762237,1477099383,14896547.277555
2022-02-22,SZ002465,海格通信,9.79,20254961,2265058769,2304448671,2256055.248909
2022-02-22,SZ002464,众应退,4.66,5966818,521729888,521794388,243156.184808
2022-02-22,SZ300115,长盈精密,11.96,26088944,1196351844,1201027716,1436429.148336
2022-02-22,SZ300116,*ST保力,2.19,47425865,3999802407,4281082697,937557.110643
2022-02-22,SZ300118,东方日升,22.81,59649688,899445941,901359941,2056002.025421
2022-02-22,SZ300117,*ST嘉寓,3.46,15172020,716760000,716760000,247998.96
2022-02-22,SZ002470,金正大,2.72,20768514,2994802210,3286027742,893799.545824
2022-02-22,SZ002467,二六三,4.68,52894056,1175162979,1367435873,639959.988564
2022-02-22,SZ002469,三维化学,6.3,7213151,597579929,648862630,408783.4569
2022-02-22,SZ002468,申通快递,8.1,13294855,1492045657,1530802166,1239949.75446
2022-02-22,SZ002472,双环传动,24.42,5977321,655837629,777691625,1899122.94825
2022-02-22,SZ002471,中超控股,2.72,21327200,1265061719,1268000000,344896
2022-02-22,SZ002473,圣莱退,13.46,1647900,160000000,160000000,215360
2022-02-22,SZ002475,立讯精密,41.61,90350265,7065170118,7071322764,29423774.021004
2022-02-22,SZ002474,榕基软件,6.88,11975532,491812020,622200000,428073.6
2022-02-22,SZ002476,宝莫股份,4.98,16528426,611948625,612000000,304776
2022-02-22,SZ300121,阳谷华泰,11.08,10279600,360275855,375131706,415645.930248
2022-02-22,SZ300120,经纬辉开,8.2,7869419,382244914,464401180,380808.9676
2022-02-22,SZ300119,瑞普生物,21.47,1955547,253661031,468344037,1005534.647439
2022-02-22,SH600372,中航机载,17.6,13897432,1928214265,1928214265,3393657.1064
2022-02-22,SZ002479,富春环保,5.71,6278243,861306351,865000000,493915
2022-02-22,SZ002478,常宝股份,4.45,4323200,574351430,907053586,403638.84577
2022-02-22,SZ002480,新筑股份,5.75,39050759,644534296,769168670,442271.98525
2022-02-22,SZ002481,双塔食品,8.63,32816442,1099495600,1243390000,1073045.57
2022-02-22,SZ300124,汇川技术,62.95,14683549,2278334236,2635144126,16588232.27317
2022-02-22,SH601018,宁波港,4.06,13882258,13172847809,15807417370,6417811.45222
2022-02-22,SZ300122,智飞生物,121.58,7892703,921909025,1600000000,19452800
2022-02-22,SZ300123,亚光科技,7.55,12030584,987676743,1007630823,760761.271365
2022-02-22,SZ002483,润邦股份,8.21,22193413,863340184,942288735,773619.051435
2022-02-22,SZ002484,江海股份,22.64,6169850,774608901,825020641,1867846.731224
2022-02-22,SZ002482,广田集团,2.66,19710532,1529299596,1537279657,408916.388762
2022-02-22,SZ000732,ST泰禾,3.19,218217905,2485671946,2488901440,793959.55936
2022-02-22,SH601177,杭齿前进,8.33,1926001,400060000,400060000,333249.98
2022-02-22,SZ300125,*ST聆达,13.94,3506130,263218053,265499995,370106.99303
2022-02-22,SZ300128,锦富技术,3.69,17800000,1093066762,1094115412,403728.587028
2022-02-22,SZ300127,银河磁体,23.45,8537397,227666140,323146360,757778.2142
2022-02-22,SZ300126,锐奇股份,6.8,2627600,210662529,303957600,206691.168
2022-02-22,SH601377,兴业证券,8.39,62142033,6696671674,6696671674,5618507.534486
2022-02-22,SZ002487,大金重工,42.99,23637683,547274749,555664000,2388799.536
2022-02-22,SZ002485,ST雪发,4.11,3874250,544000000,544000000,223584
2022-02-22,SZ002486,嘉麟杰,2.83,14286700,832000000,832000000,235456
2022-02-22,SZ300131,英唐智控,6.41,16228306,933508335,1069526426,685566.439066
2022-02-22,SZ300130,新国都,15.39,35411134,355362224,489197278,752874.610842
2022-02-22,SZ300129,泰胜风能,8.19,12669844,577378158,719153256,588986.516664
2022-02-22,SZ002489,浙江永强,4.29,350955118,1881461876,2175736503,933390.959787
2022-02-22,SZ002488,金固股份,7.21,10670575,911186898,1001914821,722380.585941
2022-02-22,SZ002491,通鼎互联,5.08,14343300,1187116771,1240681400,630266.1512
2022-02-22,SZ002490,山东墨龙,4.67,8623600,541615500,797848400,372595.2028
2022-02-22,SZ300133,华策影视,5.86,37705321,1593499246,1901073701,1114029.188786
2022-02-22,SZ300132,青松股份,8.49,7800100,473902511,516580886,438577.172214
2022-02-22,SZ300135,宝利国际,2.84,18171800,709769304,921600000,261734.4
2022-02-22,SZ300134,大富科技,10.04,9558517,712418006,767498006,770567.998024
2022-02-22,SH601098,中南传媒,9.86,6331079,1796000000,1796000000,1770856
2022-02-22,SZ002495,佳隆股份,2.84,20871540,713934903,935625600,265717.6704
2022-02-22,SZ002492,恒基达鑫,5.92,7483801,398131742,405000000,239760
2022-02-22,SZ002493,荣盛石化,19.5,23219442,9498281250,10125525000,19744773.75
2022-02-22,SH600998,九州通,13.5,4801603,1873869441,1873869441,2529723.74535
2022-02-22,SZ002494,华斯股份,4.84,28604347,295020537,385560818,186611.435912
2022-02-22,SZ300137,先河环保,7.43,8398722,470491099,545374010,405212.88943
2022-02-22,SZ300138,晨光生物,16.58,2697250,427443184,532773991,883339.277078
2022-02-22,SZ300136,信维通信,21.83,11124499,823594651,967568638,2112202.336754
2022-02-22,SZ002496,*ST辉丰,2.68,5956100,1024048144,1507589677,404034.033436
2022-02-22,SZ002497,雅化集团,32.49,15163834,1042248327,1152562520,3744675.62748
2022-02-22,SZ002498,汉缆股份,4.75,29200807,3326796000,3326796000,1580228.1
2022-02-22,SZ002499,科林退,5.2,1048400,188969900,189000000,98280
2022-02-22,SZ300142,沃森生物,48.3,18443479,1514959946,1566186984,7564683.13272
2022-02-22,SZ300141,和顺电气,11.74,4577102,184758446,253884600,298060.5204
2022-02-22,SZ300140,节能环境,7.23,7560300,385659584,427244052,308897.449596
2022-02-22,SZ300139,晓程科技,12.28,25619820,232587025,274000000,336472
2022-02-22,SZ002500,山西证券,6.05,8312163,3589771547,3589771547,2171811.785935
2022-02-22,SZ002503,*ST搜特,1.45,40103100,2543064601,3092868251,448465.896395
2022-02-22,SZ002501,利源股份,1.69,5746873,3470237556,3550000000,599950
2022-02-22,SZ002502,ST鼎龙,3.77,6380000,832912764,919994639,346837.978903
2022-02-22,SZ002504,*ST弘高,1.71,5370778,414473971,1025800523,175411.889433
2022-02-22,SZ002505,鹏都农牧,3.54,84492599,6374234838,6374261088,2256488.425152
2022-02-22,SZ002507,涪陵榨菜,31.65,5957701,877649668,887630022,2809349.01963
2022-02-22,SZ002508,老板电器,35.97,4692880,934900781,949024050,3413639.50785
2022-02-22,SH601777,千里科技,5.47,10559700,2250450000,4500000000,2461500
2022-02-22,SZ002511,中顺洁柔,14.89,9378271,1285259310,1312446560,1954232.92784
2022-02-22,SZ002510,天汽模,4.06,14265288,931317168,941616619,382296.347314
2022-02-22,SZ002513,蓝丰生化,4.7,5743337,314397369,340086278,159840.55066
2022-02-22,SZ002512,达华智能,3.7,58824143,881913261,1147094532,424424.97684
2022-02-22,SZ002514,宝馨科技,4.51,6640600,397329055,554034264,249869.453064
2022-02-22,SZ002515,金字火腿,5.54,18055962,893817204,978313280,541985.55712
2022-02-22,SH601880,辽港股份,1.74,37840247,17464713454,23987065816,4173749.451984
2022-02-22,SZ002517,恺英网络,5.21,38262456,1648212114,2152517634,1121461.687314
2022-02-22,SZ002516,旷达科技,5.65,12079300,952977539,1470838682,831023.85533
2022-02-22,SZ002518,科士达,24.82,16107109,565356814,582445394,1445629.467908
2022-02-22,SZ002519,银河电子,4.31,8827210,1012191312,1126430898,485491.717038
2022-02-22,SZ300143,盈康生命,11.85,4763302,545854264,642167010,760967.90685
2022-02-22,SZ300144,宋城演艺,15.59,30687661,2287686866,2614694040,4076308.00836
2022-02-22,SZ300145,南方泵业,3.01,19973416,1737550347,1923438236,578954.909036
2022-02-22,SZ002523,天桥起重,2.95,47403558,1392239376,1416640800,417909.036
2022-02-22,SZ002522,浙江众成,6.62,8386600,856488115,905779387,599625.954194
2022-02-22,SZ002520,日发精机,7.77,9310200,551709638,862899328,670472.777856
2022-02-22,SZ002521,齐峰新材,6.07,3588372,402829782,494685819,300274.292133
2022-02-22,SZ300147,ST香雪,6.8,22458883,656497526,661361435,449725.7758
2022-02-22,SZ300146,汤臣倍健,24.17,22506492,1012024042,1700308763,4109646.280171
2022-02-22,SZ300148,天舟文化,3.8,46261860,761941066,844339343,320848.95034
2022-02-22,SH601933,永辉超市,3.85,21342969,9075036993,9075036993,3493889.242305
2022-02-22,SZ002524,光正眼科,7.93,2809100,495856360,516368220,409479.99846
2022-02-22,SZ002526,山东矿机,2.36,23820485,1760906886,1782793836,420739.345296
2022-02-22,SZ300150,世纪瑞尔,5.21,16617500,510670235,585106053,304840.253613
2022-02-22,SZ300151,昌红科技,28.57,3818631,315770871,502506221,1435660.273397
2022-02-22,SZ300149,睿智医药,12.01,4956972,457996214,499776892,600232.047292
2022-02-22,SZ002528,ST英飞拓,3.9,38284580,1046439251,1198675082,467483.28198
2022-02-22,SZ002529,*ST海源,22.88,5667142,260000000,260000000,594880
2022-02-22,SZ002527,新时达,7.81,5119100,518769408,659951891,515422.426871
2022-02-22,SH601890,亚星锚链,8.41,18744705,959400000,959400000,806855.4
2022-02-22,SZ300153,科泰电源,9.83,10671802,317347386,320000000,314560
2022-02-22,SZ300154,瑞凌股份,6.77,4706500,317835250,455296000,308235.392
2022-02-22,SZ300152,ST新动力,3.81,16615764,712317825,712800000,271576.8
2022-02-22,SZ002532,天山铝业,9.16,38598451,1209373151,4651885415,4261127.04014
2022-02-22,SZ002531,天顺风能,20.93,18602425,1769006513,1802509062,3772651.466766
2022-02-22,SZ002530,金财互联,11.64,130627768,648558722,779198175,906986.6757
2022-02-22,SZ002533,金杯电工,7.68,6147250,598426615,734049347,563749.898496
2022-02-22,SH601126,四方股份,16.18,12926220,788187492,813172000,1315712.296
2022-02-22,SZ300157,新锦动力,4.67,49970360,708323276,712113257,332556.891019
2022-02-22,SZ300158,振东制药,7.32,27236431,1014060968,1027494660,752126.09112
2022-02-22,SZ300159,*ST新研,4.15,60284300,1420468655,1490360202,618499.48383
2022-02-22,SH601118,海南橡胶,5.13,14466987,4279427797,4279427797,2195346.459861
2022-02-22,SZ300155,安居宝,6.54,2761300,286202906,561227744,367042.944576
2022-02-22,SZ002534,西子洁能,24,3147954,725645705,739201050,1774082.52
2022-02-22,SZ002537,海联金汇,8.4,107390723,1173952170,1174016745,986174.0658
2022-02-22,SZ002536,飞龙股份,7.52,5885600,471032852,500711814,376535.284128
2022-02-22,SZ002535,林州重机,1.76,4716930,569303753,801683074,141096.221024
2022-02-22,SZ300162,雷曼光电,8.97,7174835,264167739,349510030,313510.49691
2022-02-22,SZ300163,先锋新材,3.87,11489500,473624700,474000000,183438
2022-02-22,SZ300161,华中数控,24.72,4858550,168004991,198696906,491178.751632
2022-02-22,SZ300160,秀强股份,7,4397100,600608267,618172423,432720.6961
2022-02-22,SZ300164,通源石油,5.45,58416642,446206355,512847789,279502.045005
2022-02-22,SZ002541,鸿路钢构,46.7,7404973,378273361,530777158,2478729.32786
2022-02-22,SZ002540,亚太科技,6.34,14071701,895050350,1270529500,805515.703
2022-02-22,SZ002539,云图控股,14.18,24756132,658048163,1010100000,1432321.8
2022-02-22,SZ002538,司尔特,9.36,17015891,833958488,853555763,798928.194168
2022-02-22,SH601700,风范股份,5.36,26525000,1133232000,1133232000,607412.352
2022-02-22,SZ300166,东方国信,15.33,251963599,919450934,1152381437,1766600.742921
2022-02-22,SZ300165,ST天瑞,6.56,44198402,349873206,496990870,326026.01072
2022-02-22,SZ300168,万达信息,13.35,31376204,1186101550,1187584762,1585425.65727
2022-02-22,SZ300169,天晟新材,6.11,3980906,300012507,325984340,199176.43174
2022-02-22,SZ300167,ST迪威迅,6.96,67419218,300240000,326230000,227056.08
2022-02-22,SH601137,博威合金,18.23,6413303,720030830,790044972,1440251.983956
2022-02-22,SZ002542,中化岩土,3.22,97703111,1499961285,1805339752,581319.400144
2022-02-22,SZ002544,普天科技,26.11,15873934,661016985,683194825,1783821.688075
2022-02-22,SH601519,大智慧,6.9,11091149,1987700000,2028224000,1399474.56
2022-02-22,SZ002543,万和电气,7.55,2533818,630839397.5,743600000,561418
2022-02-22,SZ300171,东富龙,45.7,3089008,427877527,628337040,2871500.2728
2022-02-22,SZ300170,汉得信息,8.94,26418476,802620491,884056121,790346.172174
2022-02-22,SH601799,星宇股份,153.5,2127266,285679419,285679419,4385179.08165
2022-02-22,SZ300172,中电环保,5.3,12805995,496018628,676710000,358656.3
2022-02-22,SH601616,广电电气,3.44,8156700,935575000,935575000,321837.8
2022-02-22,SZ300173,ST福能,5.9,13690082,682053917,734725698,433488.16182
2022-02-22,SZ300174,元力股份,14.83,2030033,309522808,312231168,463038.822144
2022-02-22,SZ002546,新联电子,4.32,18939716,788773846,834049096,360309.209472
2022-02-22,SZ002545,东方铁塔,11.07,52310339,1109779065,1244062083,1377176.725881
2022-02-22,SZ300179,四方达,11.39,29927845,329381442,487941999,555765.936861
2022-02-22,SZ300176,鸿特科技,6.12,2794166,375189764,387280800,237015.8496
2022-02-22,SZ300175,ST朗源,4.97,50155807,470800000,470800000,233987.6
2022-02-22,SZ300177,中海达,8.58,12134559,589061748,744169066,638497.058628
2022-02-22,SZ300178,腾邦退,1.57,24735811,587513680,616508293,96791.802001
2022-02-22,SZ002549,凯美特气,16.72,14679626,621101175,623700000,1042826.4
2022-02-22,SZ002547,春兴精工,4.07,16538276,818561197,1128057168,459119.267376
2022-02-22,SZ002550,千红制药,5.25,47225538,928123034,1279800000,671895
2022-02-22,SZ002548,金新农,7.04,18847728,541382586,690742821,486282.945984
2022-02-22,SZ300184,力源信息,6.33,17874103,994213109,1164681922,737243.656626
2022-02-22,SZ300180,华峰超纤,4.91,36225828,1423383341,1761060155,864680.536105
2022-02-22,SZ300183,东软载波,16.01,3265712,297735787,462609137,740637.228337
2022-02-22,SH601216,君正集团,5.05,27335376,8438017390,8438017390,4261198.78195
2022-02-22,SZ300182,捷成股份,6.14,186907788,2092465398,2574960807,1581025.935498
2022-02-22,SZ300181,佐力药业,9.47,41630575,493515464,608624848,576367.731056
2022-02-22,SZ002553,南方精工,10.43,3597900,234294201,348000000,362964
2022-02-22,SZ002552,宝鼎科技,15.77,1595001,231344046,306232338,482928.397026
2022-02-22,SZ002551,尚荣医疗,5.06,12261366,610250754,844685819,427411.024414
2022-02-22,SZ002554,惠博普,3.68,42919517,857363264,1346857772,495643.660096
2022-02-22,SH601992,金隅集团,2.96,29315676,8334158264,10677771134,3160620.255664
2022-02-22,SH601116,三江购物,8.88,3601200,547678400,547678400,486338.4192
2022-02-22,SZ002557,洽洽食品,53.7,2713825,506997947,507001697,2722599.11289
2022-02-22,SZ002556,辉隆股份,11.15,5198104,824987074,953992980,1063702.1727
2022-02-22,SZ002555,三七互娱,21.51,74660555,1540118203,2217864281,4770626.068431
2022-02-22,SZ002558,巨人网络,9.84,23973206,2024379932,2024379932,1991989.853088
2022-02-22,SZ002560,通达股份,6.05,7698934,441524614,528673670,319847.57035
2022-02-22,SZ002561,徐家汇,7.3,1786396,412284522,415763000,303506.99
2022-02-22,SZ002559,亚威股份,7.79,6550437,477789315,556723012,433687.226348
2022-02-22,SZ300185,通裕重工,3.25,40841384,3065722463,3896783221,1266454.546825
2022-02-22,SZ300187,永清环保,8.19,26888700,643729792,644500165,527845.635135
2022-02-22,SH601011,宝泰隆,5.17,36350902,1604807397,1604807397,829685.424249
2022-02-22,SZ002564,天沃科技,4.7,32744215,868477204,869375282,408606.38254
2022-02-22,SZ002562,兄弟科技,5.5,19216300,700080851,1062875349,584581.44195
2022-02-22,SZ002563,森马服饰,7.36,10390600,1887021365,2694090160,1982850.35776
2022-02-22,SZ300188,国投智能,15.6,9618198,607667629,806405295,1257992.2602
2022-02-22,SZ300190,维尔利,5.96,5020251,763493385,781587620,465826.22152
2022-02-22,SZ300189,神农种业,4.62,42116694,963049748,1024000000,473088
2022-02-22,SZ300191,潜能恒信,26.83,10774844,207020000,320000000,858560
2022-02-22,SH601199,江南水务,6.02,20045744,935210292,935210292,562996.595784
2022-02-22,SZ002566,益盛药业,7.93,3774100,232275489,330951600,262444.6188
2022-02-22,SZ002565,顺灏股份,4.61,45257792,1055094403,1059988922,488654.893042
2022-02-22,SZ300193,佳士科技,11.8,2965953,429682286,482919541,569845.05838
2022-02-22,SZ300194,福安药业,4.2,27368710,943199510,1189712382,499679.20044
2022-02-22,SZ300192,科德教育,7.09,7469523,215267321,329143329,233362.620261
2022-02-22,SZ002567,唐人神,9.03,24003683,1183903077,1206017542,1089033.840426
2022-02-22,SZ002568,百润股份,44.9,4443912,511699444,751039436,3372167.06764
2022-02-22,SZ300196,长海股份,17.7,1775188,245876399,408714690,723425.0013
2022-02-22,SZ300195,长荣股份,6.39,6490600,313439381,423387356,270544.520484
2022-02-22,SZ300197,节能铁汉,2.93,28723846,1804140058,2822871757,827101.424801
2022-02-22,SZ300198,ST纳川,3.74,23815861,869384023,1031548540,385799.15396
2022-02-22,SZ300199,翰宇药业,17.25,134850638,629404372,916927040,1581699.144
2022-02-22,SZ300201,海伦哲,3.49,16441976,945948447,1040921518,363281.609782
2022-02-22,SZ300200,高盟新材,8.45,2205940,416536507,425524433,359568.145885
2022-02-22,SZ002075,沙钢股份,6.78,299161905,2206771772,2206771772,1496191.261416
2022-02-22,SZ002572,索菲亚,23.92,8110958,637530307,912370038,2182389.130896
2022-02-22,SZ002569,*ST步森,7.68,544332,139740425,144010000,110599.68
2022-02-22,SZ002571,德力股份,6.76,3005301,298306188,391950700,264958.6732
2022-02-22,SZ002570,贝因美,5.92,99138520,1022460225,1080043333,639385.653136
2022-02-22,SZ300202,聚龙退,4.3,9660800,452346881,549504000,236286.72
2022-02-22,SZ300204,舒泰神,15.93,32821776,465871199,476034544,758323.028592
2022-02-22,SZ300203,聚光科技,25.91,6131273,452027200,452517400,1172472.5834
2022-02-22,SZ300206,理邦仪器,12.12,2841047,340438065,581721846,705046.877352
2022-02-22,SZ300205,*ST天喻,18.81,37518659,425988788,430056000,808935.336
2022-02-22,SZ300207,欣旺达,33.85,34362806,1474556978,1718957276,5818670.37926
2022-02-22,SZ002573,清新环境,7.83,28940303,1079165388,1403721079,1099113.604857
2022-02-22,SZ002574,明牌珠宝,5.21,10304403,528000000,528000000,275088
2022-02-22,SZ002575,群兴玩具,4.5,1034700,588720000,618720000,278424
2022-02-22,SZ300208,中程退,11.89,28800918,687394322,749475000,891125.775
2022-02-22,SZ300210,森远股份,3.68,6738300,414482618,484219953,178192.942704
2022-02-22,SZ300209,行云科技,6.26,7804401,375171173,422107330,264239.18858
2022-02-22,SZ002578,闽发铝业,4.49,34903300,885881674,988093296,443653.889904
2022-02-22,SH601258,*ST庞大,1.57,65369800,10227225070,10227225070,1605674.33599
2022-02-22,SZ002576,通达动力,15.17,6002300,164415254,165100000,250456.7
2022-02-22,SZ002577,雷柏科技,12.25,4593787,282865000,282880000,346528
2022-02-22,SZ300212,易华录,30,22939081,619971692,665814309,1997442.927
2022-02-22,SZ300213,佳讯飞鸿,7.18,23355390,550346012,593718564,426289.928952
2022-02-22,SZ300211,*ST亿通,11.67,1611420,296887545,302675973,353222.860491
2022-02-22,SZ002580,圣阳股份,7.79,20022937,311327040,453868993,353563.945547
2022-02-22,SH601218,吉鑫科技,5.24,17105118,977360000,977360000,512136.64
2022-02-22,SZ002579,中京电子,9.19,6559999,575791404,606639431,557501.637089
2022-02-22,SH601113,华鼎股份,4.15,6672700,907682240,1141481073,473714.645295
2022-02-22,SZ300215,电科院,9.21,6690300,560166162,758322487,698415.010527
2022-02-22,SZ300214,日科化学,8.25,6616400,409473836,470812614,388420.40655
2022-02-22,SZ300219,鸿利智汇,11.7,7821700,628046919,707943506,828293.90202
2022-02-22,SZ300218,安利股份,16,1524791,216276394,216987000,347179.2
2022-02-22,SZ300217,东方电热,5.13,17207057,896759474,1441216681,739344.157353
2022-02-22,SH601233,桐昆股份,22.6,24453457,2287531037,2411119493,5449130.05418
2022-02-22,SH601208,东材科技,15.87,7753700,862814521,898186112,1425421.359744
2022-02-22,SZ002582,好想你,8.31,2271300,353570834,456977978,379748.699718
2022-02-22,SZ002581,ST未名,18.96,34816612,400791161,659735586,1250858.671056
2022-02-22,SZ300222,科大智能,9.67,9385782,556328918,780242234,754494.240278
2022-02-22,SZ300220,金运激光,14.96,4232500,150534160,151200000,226195.2
2022-02-22,SZ300221,银禧科技,6.84,15300400,437846040,476207935,325726.22754
2022-02-22,SH601599,浙文影业,3.5,35741590,892724964,1160542453,406189.85855
2022-02-22,SZ002583,海能达,5.33,14677598,1087590921,1816079691,967970.475303
2022-02-22,SH601566,九牧王,12.23,465800,574637150,574637150,702781.23445
2022-02-22,SZ300225,*ST金泰,11.23,3910702,473183231,489205300,549377.5519
2022-02-22,SZ300223,北京君正,103.25,6828262,324138385,481569911,4972209.331075
2022-02-22,SZ300224,正海磁材,16.27,37218683,812034136,820216556,1334492.336612
2022-02-22,SZ002585,双星新材,24.52,8192990,867153367,1156278085,2835193.86442
2022-02-22,SZ002584,西陇科学,8.79,66032300,406326096,585216422,514405.234938
2022-02-22,SZ002586,ST围海,3.19,11818200,893946962,1144223714,365007.364766
2022-02-22,SH601311,骆驼股份,14.32,8489589,1173146118,1173146118,1679945.240976
2022-02-22,SH601010,文峰股份,3.26,8201287,1848000000,1848000000,602448
2022-02-22,SZ300226,上海钢联,43.81,3871875,183852425,190930620,836467.04622
2022-02-22,SZ300227,光韵达,8.73,3937358,398361072,499326233,435911.801409
2022-02-22,SZ300228,富瑞特装,8.68,44603873,542887849,575406349,499452.710932
2022-02-22,SZ002590,万安科技,8.28,8420242,455553639,479646926,397147.654728
2022-02-22,SZ002587,奥拓电子,5.14,12929605,472921925,652044158,335150.697212
2022-02-22,SZ002589,瑞康医药,3.86,21890112,1146956754,1504710471,580818.241806
2022-02-22,SZ002588,史丹利,6.47,32415157,795587450,1156884000,748503.948
2022-02-22,SZ300231,银信科技,10.89,64450712,366722265,442100220,481447.13958
2022-02-22,SZ300230,永利股份,4.42,6806272,550095264,816206041,360763.070122
2022-02-22,SH601567,三星医疗,13.07,10325710,1386569053,1401032553,1831149.546771
2022-02-22,SZ300229,拓尔思,11.75,19702767,713331742,714757283,839839.807525
2022-02-22,SZ002591,恒大高新,5.91,10848446,216679971,300199484,177417.895044
2022-02-22,SZ300233,金城医药,34.3,12759448,363875888,387410987,1328819.68541
2022-02-22,SZ300232,洲明科技,8.17,21779105,840815100,1094089477,893871.102709
2022-02-22,SH601798,蓝科高新,7.36,13378431,354528198,354528198,260932.753728
2022-02-22,SZ300234,开尔新材,7.35,7115088,331312763,511424086,375896.70321
2022-02-22,SZ002593,日上集团,3.99,6540500,467583880,808058029,322415.153571
2022-02-22,SZ002595,豪迈科技,24.97,1083100,533759584,800000000,1997600
2022-02-22,SZ300235,方直科技,12.4,8204900,115086451,167831090,208110.5516
2022-02-22,SZ300237,ST美晨,2.88,55126595,1439747834,1453072510,418484.88288
2022-02-22,SZ300236,上海新阳,38.87,1772197,309674198,313381402,1218113.509574
2022-02-22,SZ002594,比亚迪,237.45,12545211,1155058235,2911142855,69125087.091975
2022-02-22,SH601058,赛轮轮胎,11.31,18441868,2621663450,3063484772,3464801.277132
2022-02-22,SZ300239,东宝生物,6.08,8117900,510741582,593602983,360910.613664
2022-02-22,SZ300240,飞力达,7.72,2988200,361204954,365559750,282212.127
2022-02-22,SZ300238,冠昊生物,15.36,2473500,265134082,265155701,407279.156736
2022-02-22,SZ002596,海南瑞泽,3.61,11255865,1041396268,1147580518,414276.566998
2022-02-22,SZ002598,山东章鼓,11.05,30691650,270107663,312000000,344760
2022-02-22,SZ002597,金禾实业,40.46,2888134,559482657,560909624,2269440.338704
2022-02-22,SZ000620,盈新发展,3.18,120083609,1896624195,1896690420,603147.55356
2022-02-22,SZ300241,瑞丰光电,7.07,8211500,565255379,684380638,483857.111066
2022-02-22,SZ300242,佳云科技,4.1,16071700,627300850,634555224,260167.64184
2022-02-22,SZ300243,瑞丰高材,12.4,1316510,188844832,232322851,288080.33524
2022-02-22,SZ002601,龙佰集团,25.84,10236688,1523377659,2381470256,6153719.141504
2022-02-22,SZ002600,领益智造,6.09,40957637,7003180219,7066491403,4303493.264427
2022-02-22,SZ002599,盛通股份,5.51,16554053,400326424,542266250,298788.70375
2022-02-22,SZ300246,宝莱特,18.83,1364766,109491349,174814880,329176.41904
2022-02-22,SZ300245,天玑科技,10.87,26258373,309099557,313457493,340728.294891
2022-02-22,SZ300244,迪安诊断,29.4,4597397,483930293,620458296,1824147.39024
2022-02-22,SH600898,*ST美讯,5.38,1792333,252523820,285380986,153534.970468
2022-02-22,SZ002603,以岭药业,24.8,59465551,1375998995,1670705376,4143349.33248
2022-02-22,SZ002602,世纪华通,6.7,85703636,4869250597,7452556968,4993213.16856
2022-02-22,SZ300247,融捷健康,4.16,43452300,803027813,804040313,334480.770208
2022-02-22,SZ300248,新开普,14.39,39952128,404765198,481092495,692292.100305
2022-02-22,SZ300251,光线传媒,9.55,22321286,2786836404,2933608432,2801596.05256
2022-02-22,SZ300250,初灵信息,22.5,75132920,159338077,219989902,494977.2795
2022-02-22,SZ300249,依米康,14.09,160554643,319504718,437470194,616395.503346
2022-02-22,SZ002606,大连电瓷,11.29,30470605,407760538,439534220,496234.13438
2022-02-22,SZ002605,姚记科技,21.56,12914926,325964759,404849587,872855.709572
2022-02-22,SH601222,林洋能源,9.63,29152842,2060169156,2060169156,1983942.897228
2022-02-22,SZ002608,江苏国信,6.23,3127293,3778079704,3778079704,2353743.655592
2022-02-22,SH601901,方正证券,7.37,20383345,8232101395,8232101395,6067058.728115
2022-02-22,SZ002607,中公教育,6.97,83056881,1790909010,6167399389,4298677.374133
2022-02-22,SH601636,旗滨集团,16.34,38200639,2686288065,2686288065,4389394.69821
2022-02-22,SZ002610,ST爱康,3.93,247519289,4384866101,4479532523,1760456.281539
2022-02-22,SZ002609,捷顺科技,10.06,6889700,445137316,643685741,647547.855446
2022-02-22,SH601789,宁波建工,7.58,8460635,976091545,976091545,739877.39111
2022-02-22,SZ300253,卫宁健康,11.49,18491716,1810707143,2146424543,2466241.799907
2022-02-22,SH601886,江河集团,6.68,12404400,1154050000,1154050000,770905.4
2022-02-22,SZ300252,金信诺,9.62,13085960,411404548,577153834,555221.988308
2022-02-22,SH600727,鲁北化工,10.13,7294107,439618037,528583135,535454.715755
2022-02-22,SZ300257,开山股份,15.74,2219100,818120008,993635018,1563981.518332
2022-02-22,SZ300256,星星科技,2.87,15005311,957818272,957936396,274927.745652
2022-02-22,SZ300254,仟源医药,11.45,66465977,212293955,227970921,261026.704545
2022-02-22,SZ300255,常山药业,7.15,8779609,681477550,934966878,668501.31777
2022-02-22,SZ300258,精锻科技,12.79,4727125,443668265,481770753,616184.793087
2022-02-22,SZ000981,山子高科,3.5,0,2574315600,4027989882,1409796.4587
2022-02-22,SH600057,厦门象屿,8.14,12618016,2135951867,2157454085,1756167.62519
2022-02-22,SZ002612,朗姿股份,26.02,8669600,251937727,442445375,1151242.86575
2022-02-22,SZ002613,北玻股份,3.87,15247990,570792785,937170000,362684.79
2022-02-22,SZ002611,东方精工,5.21,13831683,1090762037,1331938167,693939.785007
2022-02-22,SZ300259,新天科技,4.85,14485902,817222139,1175657958,570194.10963
2022-02-22,SZ300261,雅本化学,26.61,152795265,947606372,963309471,2563366.502331
2022-02-22,SZ300260,新莱应材,41.04,1384188,150906516,226559307,929799.395928
2022-02-22,SH601908,京运通,8.44,30012282,2414602861,2414602861,2037924.814684
2022-02-22,SH600681,百川能源,5.41,7730723,1361295934,1363010801,737388.843341
2022-02-22,SZ002615,哈尔斯,5.64,6415725,230906045,414119070,233563.15548
2022-02-22,SZ002614,奥佳华,11.5,6177141,448080169,630693012,725296.9638
2022-02-22,SZ300265,通光线缆,10.34,6019775,364637603,364971540,377380.57236
2022-02-22,SZ300262,*ST巴安,3.34,7564100,469021988,669766999,223702.177666
2022-02-22,SZ300263,隆华科技,8.83,10722197,767911745,914221304,807257.411432
2022-02-22,SZ300264,佳创视讯,7.61,31594529,337569775,413100000,314369.1
2022-02-22,SH601677,明泰铝业,45.3,4264990,682436220,682582320,3092097.9096
2022-02-22,SZ002618,丹邦退,2.41,13446256,547920000,547920000,132048.72
2022-02-22,SZ002616,长青集团,5.51,2177400,470205996,741942096,408810.094896
2022-02-22,SZ002617,露笑科技,12.78,26088801,1293638417,1603671326,2049491.954628
2022-02-22,SZ300267,尔康制药,3.53,26674111,1420174929,2062604870,728099.51911
2022-02-22,SZ300266,兴源环境,4.17,62411500,1553549914,1570907314,655068.349938
2022-02-22,SZ300268,*ST佳沃,17.98,2185689,133774275,174200000,313211.6
2022-02-22,SH601633,长城汽车,36.92,21949659,6079987742,9235850592,34098760.385664
2022-02-22,SZ002619,*ST艾格,1.06,35754360,1431362991,1844896231,195559.000486
2022-02-22,SZ002621,*ST美吉,7.37,55991192,797531507,822237930,605989.35441
2022-02-22,SH600633,浙数文化,10.26,95111967,1265730523,1265730523,1298639.516598
2022-02-22,SZ002620,ST瑞和,5.65,5089600,315310969,378292000,213734.98
2022-02-22,SH601996,丰林集团,3.25,11398995,1145622800,1145622800,372327.41
2022-02-22,SH600094,大名城,3.77,19525684,2276604962,2475325057,933197.546489
2022-02-22,SZ300270,中威电子,7.07,18766700,205109852,302806028,214083.861796
2022-02-22,SZ300269,联建光电,3.55,5409682,517580579,556089174,197411.65677
2022-02-22,SZ002623,亚玛顿,27.44,1166300,198636125,199062500,546227.5
2022-02-22,SH601669,中国电建,8.29,389579265,11144401540,15299035024,12682900.034896
2022-02-22,SZ002622,皓宸医疗,3.84,10669600,839975250,840000000,322560
2022-02-22,SH600313,农发种业,5.64,50334376,1019397107,1082198663,610360.045932
2022-02-22,SZ300271,华宇软件,11.75,24682987,719141466,829070973,974158.393275
2022-02-22,SZ300273,和佳退,4.83,12789002,627616520,792354216,382707.086328
2022-02-22,SH601100,恒立液压,68.37,2129360,1305360000,1305360000,8924746.32
2022-02-22,SZ002624,完美世界,13.49,58512915,1827288142,1939968404,2617017.376996
2022-02-22,SZ002626,金达威,27.04,2830308,616391927,616481927,1666967.130608
2022-02-22,SZ300275,梅安森,17.03,21098412,145871083,188220755,320539.945765
2022-02-22,SZ300274,阳光电源,107.65,22058471,1096142401,1485215984,15988350.06776
2022-02-22,SZ300272,开能健康,7.32,29879980,410934229,577171949,422489.866668
2022-02-22,SZ002628,成都路桥,4.13,46337201,743905203,758728215,313354.752795
2022-02-22,SZ002627,三峡旅游,6.1,11016150,685860563,738148117,450270.35137
2022-02-22,SZ002629,仁智股份,3.52,36188060,344592783,411948000,145005.696
2022-02-22,SZ002625,光启技术,20.17,11831139,1488294977,2154587862,4345803.717654
2022-02-22,SH601028,玉龙股份,20.75,3567851,783025760,783025760,1624778.452
2022-02-22,SZ002631,德尔未来,6.8,2887100,654839511,658630940,447869.0392
2022-02-22,SZ002630,ST华西,2.32,21741440,971382252,1180800000,273945.6
2022-02-22,SZ002592,ST八菱,6.13,5117900,261277030,283331157,173681.999241
2022-02-22,SZ300276,三丰智能,4.18,16071322,943085850,1415510616,591683.437488
2022-02-22,SZ002632,道明光学,6.73,2586604,588350538,624599090,420355.18757
2022-02-22,SZ002633,申科股份,9.18,1955100,149418750,150000000,137700
2022-02-22,SZ300277,海联讯,9.1,7748600,334434875,335000000,304850
2022-02-22,SZ002636,金安国纪,11.93,3846368,723107222,728000000,868504
2022-02-22,SZ002637,赞宇科技,19.15,4425632,395553475,470401000,900817.915
2022-02-22,SZ002638,勤上股份,2.06,60376773,996174723,1506156686,310268.277316
2022-02-22,SZ002635,安洁科技,13.55,6147089,411452812,683244203,925795.895065
2022-02-22,SH601928,凤凰传媒,8.15,17651977,2544900000,2544900000,2074093.5
2022-02-22,SZ000719,中原传媒,7.9,8458060,667147543,1023203749,808330.96171
2022-02-22,SZ002639,雪人集团,9.51,85722704,558672142,772602178,734744.671278
2022-02-22,SZ002634,棒杰股份,6.54,10925703,370653542,459352513,300416.543502
2022-02-22,SZ002640,跨境通,3.14,39944135,1205899414,1558041330,489224.97762
2022-02-22,SZ002641,公元股份,5.65,7804000,1130005855,1235153866,697861.93429
2022-02-22,SH601555,东吴证券,7.98,28438641,5007502651,5007502651,3995987.115498
2022-02-22,SZ300278,华昌达,3.82,3220700,1292004609,1428716508,545769.706056
2022-02-22,SH601336,新华保险,39.48,8614934,2085439340,3119546600,12315969.9768
2022-02-22,SZ002642,荣联科技,7.9,174154671,584550542,667250313,527127.74727
2022-02-22,SZ002645,华宏科技,21.9,5239363,458506229,582081698,1274758.91862
2022-02-22,SZ002643,万润股份,19.86,2915945,895754460,930335215,1847645.73699
2022-02-22,SZ002644,佛慈制药,9.41,13900600,510657000,510657000,480528.237
2022-02-22,SZ002646,天佑德酒,18.06,7331400,472512518,472562974,853448.731044
2022-02-22,SZ002648,卫星化学,44.58,7053920,1714690489,1720071529,7668078.876282
2022-02-22,SZ002647,*ST仁东,8.66,34350707,559936650,559936650,484905.1389
2022-02-22,SZ300281,金明精机,6.02,5069637,397325912,418923580,252191.99516
2022-02-22,SZ300280,紫天退,30.33,2666700,160474169,162065744,491545.401552
2022-02-22,SZ300279,和晶科技,7.42,15324840,439614240,448941998,333114.962516
2022-02-22,SZ300282,三盛退,5.1,23753168,373568058,374306455,190896.29205
2022-02-22,SZ002650,ST加加,5.11,13278400,1151962500,1152000000,588672
2022-02-22,SZ002649,博彦科技,14.39,41411662,528088454,591664848,851405.716272
2022-02-22,SZ002651,利君股份,9.85,3604702,555887641,1033460000,1017958.1
2022-02-22,SZ300283,温州宏丰,6.92,6542360,298614485,437085230,302462.97916
2022-02-22,SZ300284,苏交科,7.27,29305523,643772044,1262827774,918075.791698
2022-02-22,SZ300286,安科瑞,29.64,2051377,173442979,214800125,636667.5705
2022-02-22,SZ300285,国瓷材料,37.17,8656474,788296561,1003810338,3731163.026346
2022-02-22,SZ002653,海思科,16.85,1627787,475935520,1076686220,1814216.2807
2022-02-22,SZ002652,扬子新材,3.45,4800720,463727385,512064000,176662.08
2022-02-22,SZ300287,飞利信,5.68,128462308,1191858796,1435273808,815235.522944
2022-02-22,SZ300291,百纳千成,5.61,12562500,763190969,918821518,515458.871598
2022-02-22,SH601515,衢州东峰,7.09,10615493,1334423360,1535743492,1088842.135828
2022-02-22,SZ300288,朗玛信息,14.7,53391708,248319391,337941402,496773.86094
2022-02-22,SZ300289,利德曼,7.02,10546350,413947185,544011487,381896.063874
2022-02-22,SZ300290,荣科科技,6.51,27328030,607911605,639237569,416143.657419
2022-02-22,SZ002655,共达电声,13.4,11523703,359854400,360000000,482400
2022-02-22,SZ002654,万润科技,5.1,57143306,764282840,855125963,436114.24113
2022-02-22,SH601231,环旭电子,14.05,7335356,2184232810,2210172782,3105292.75871
2022-02-22,SH601929,吉视传媒,2.49,210161407,3111176649,3111176649,774682.985601
2022-02-22,SZ002656,*ST摩登,3.87,24813671,596307002,712519844,275745.179628
2022-02-22,SZ002657,中科金财,14.54,31400544,284725693,337576686,490836.501444
2022-02-22,SZ300292,吴通控股,4.67,96800000,1108444813,1341764974,626604.242858
2022-02-22,SZ300293,蓝英装备,12.02,5779400,270000000,280335917,336963.772234
2022-02-22,SZ300294,博雅生物,34.34,3955391,430479351,511633438,1756949.226092
2022-02-22,SZ002662,峰璟股份,3.76,12130254,1499981100,1500000000,564000
2022-02-22,SH601800,中国交建,10.32,132846784,11747235425,16165711425,16683014.1906
2022-02-22,SZ002658,雪迪龙,8.95,16942533,332754681,630057171,563901.168045
2022-02-22,SZ002659,凯文教育,4.74,96102218,588291419,598280384,283584.902016
2022-02-22,SZ300296,利亚德,8.67,60428149,1988702066,2542901478,2204695.581426
2022-02-22,SZ300295,三六五网,10.81,7544500,164946524,191556232,207072.286792
2022-02-22,SZ300297,蓝盾退,3.18,25295574,992928484,1249853637,397453.456566
2022-02-22,SZ002660,茂硕电源,7.68,3925400,211292047,274327707,210683.678976
2022-02-22,SZ002664,信质集团,15.6,2741100,392225363,403880000,630052.8
2022-02-22,SZ002663,普邦股份,2.09,70707600,1301614670,1795890452,375341.104468
2022-02-22,SZ002661,克明食品,10.79,3268900,330650279,337010083,363633.879557
2022-02-22,SZ300299,富春股份,6.06,28699571,647049690,691229485,418885.06791
2022-02-22,SZ300298,三诺生物,23.38,1593534,455079832,564768165,1320427.96977
2022-02-22,SZ300303,聚飞光电,5.6,14510189,1223105685,1342588701,751849.67256
2022-02-22,SZ300300,海峡创新,5.82,53075115,671303460,671396910,390753.00162
2022-02-22,SZ300304,云意电气,6.09,10476886,843869734,866036018,527415.934962
2022-02-22,SZ300302,同有科技,10.63,16686377,351029913,487971230,518713.41749
2022-02-22,SZ300301,ST长方,3.17,14683300,790108769,790108769,250464.479773
2022-02-22,SZ002665,ST航高,3.59,82540835,2453491369,2538720737,911400.744583
2022-02-22,SZ002666,德联集团,5.15,6216461,447666147,754329268,388479.57302
2022-02-22,SH601238,广汽集团,12.69,27207021,7263236022,10463957657,13278762.266733
2022-02-22,SZ300307,慈星股份,6.78,7372000,771764484,780541776,529207.324128
2022-02-22,SZ300305,裕兴股份,15.99,3044800,232595319,288753000,461716.047
2022-02-22,SZ300306,远方信息,11.72,8131500,151863330,268958778,315219.687816
2022-02-22,SZ002667,威领股份,22.44,51392524,231013000,231132000,518660.208
2022-02-22,SZ300308,中际旭创,37.37,7452905,686701671,800096281,2989959.802097
2022-02-22,SZ300309,吉艾退,2.51,25319400,845847268,886123765,222417.065015
2022-02-22,SH601012,隆基绿能,69.09,63348967,5412832855,5412952709,37398090.266481
2022-02-22,SZ002669,康达新材,14.72,5519700,250850121,252492921,371669.579712
2022-02-22,SZ002668,TCL智家,5.29,3668494,964539516,1084111428,573494.945412
2022-02-22,SZ002670,国盛证券,9.04,9556501,1623350534,1935084653,1749316.526312
2022-02-22,SH601388,怡球资源,4.72,58300119,2016562052,2201514386,1039114.790192
2022-02-22,SZ300311,ST任子行,9.25,75254742,534341848,673630150,623107.88875
2022-02-22,SZ300310,宜通世纪,5.68,62132218,691748996,881658531,500782.045608
2022-02-22,SZ300313,*ST天山,6.82,5720700,184179079,312977396,213450.584072
2022-02-22,SH603001,奥康国际,8.25,2305848,400980000,400980000,330808.5
2022-02-22,SZ002671,龙泉股份,5.54,31715900,454769005,566510368,313846.743872
2022-02-22,SZ002672,东江环保,7.5,7956375,679018377,879267102,659450.3265
2022-02-22,SH603000,人民网,14.09,41889077,1105691056,1105691056,1557918.697904
2022-02-22,SH603123,翠微股份,25.89,123028932,617111021,798736665,2067929.225685
2022-02-22,SZ002673,西部证券,7.78,19177590,4109194608,4469581705,3477334.56649
2022-02-22,SH603333,尚纬股份,8.54,5600200,516765682,621527586,530784.558444
2022-02-22,SZ002674,兴业科技,10.77,1359100,288866652,291862944,314336.390688
2022-02-22,SZ300314,戴维医疗,14.29,7833600,189354648,288000000,411552
2022-02-22,SZ300312,邦讯退,3.68,11752202,239094901,320040000,117774.72
2022-02-22,SZ300316,晶盛机电,60.1,14755282,1208496350,1286474714,7731713.03114
2022-02-22,SZ300317,珈伟新能,6.55,13225325,769108850,824283865,539905.931575
2022-02-22,SZ300315,掌趣科技,3.84,46301808,2632220771,2757484192,1058873.929728
2022-02-22,SH603002,宏昌电子,6.89,7202350,614411700,903875195,622770.009355
2022-02-22,SH603366,日出东方,4.79,5611462,800000000,822900000,394169.1
2022-02-22,SZ300321,同大股份,19.26,343400,83607670,88800000,171028.8
2022-02-22,SZ300319,麦捷科技,11.4,12481998,744084668,861173994,981738.35316
2022-02-22,SZ300318,博晖创新,7.79,15602863,796481489,816900495,636365.485605
2022-02-22,SZ002677,浙江美大,16.15,2851342,417794594,646051647,1043373.409905
2022-02-22,SZ002676,顺威股份,4.16,4578300,719964834,720000000,299520
2022-02-22,SZ002675,东诚药业,13.72,6040279,750521744,802214326,1100638.055272
2022-02-22,SH603128,华贸物流,12.05,5458335,1309462971,1309462971,1577902.880055
2022-02-22,SZ002678,珠江钢琴,7.05,3981251,1357301692,1358320323,957615.827715
2022-02-22,SZ300323,华灿光电,10.02,7274002,909196330,1240236453,1242716.925906
2022-02-22,SZ300320,海达股份,14.1,27325047,493833224,601234191,847740.20931
2022-02-22,SZ300325,德威退,2.68,13733700,996533768,1005743085,269539.14678
2022-02-22,SZ002681,奋达科技,4.03,18336856,1135494982,1824667620,735341.05086
2022-02-22,SZ002679,福建金森,12.27,1915842,235756000,235756000,289272.612
2022-02-22,SZ300322,硕贝德,11.52,6543756,441804363,465746427,536539.883904
2022-02-22,SZ300324,旋极信息,3.66,67638431,1258030365,1727590595,632298.15777
2022-02-22,SH601965,中国汽研,15.26,3258854,967047967,989234957,1509572.544382
2022-02-22,SZ002683,广东宏大,27.08,5396643,645463888,749412187,2029408.202396
2022-02-22,SZ002682,龙洲股份,4.81,31310750,555132631,562368594,270499.293714
2022-02-22,SH601339,百隆东方,7.12,8335832,1500000000,1500000000,1068000
2022-02-22,SZ002685,华东重机,3.56,9614100,813855134,1007690641,358737.868196
2022-02-22,SZ002684,猛狮退,4.58,5868385,483068044,567374389,259857.470162
2022-02-22,SZ300326,ST凯利,9.29,6869127,716562476,720146333,669015.943357
2022-02-22,SZ300327,中颖电子,51.85,3367467,306945220,310944802,1612248.79837
2022-02-22,SZ000722,湖南发展,8.43,33924541,464158282,464158282,391285.431726
2022-02-22,SZ300328,宜安科技,9.94,15181859,681416100,690423600,686281.0584
2022-02-22,SZ300329,海伦钢琴,10.6,16576909,252189481,252888780,268062.1068
2022-02-22,SZ300330,计通退,11.31,11833875,167954579,171157900,193579.5849
2022-02-22,SZ300332,天壕能源,10.71,15044103,841982571,881408921,943988.954391
2022-02-22,SZ300331,苏大维格,26.87,2373433,200970465,259662286,697712.562482
2022-02-22,SZ300333,兆日科技,9.62,25506761,333122567,336000000,323232
2022-02-22,SH600455,博通股份,23.24,1473800,62458000,62458000,145152.392
2022-02-22,SZ002686,亿利达,5.96,5173700,391727239,566239133,337478.523268
2022-02-22,SZ300334,津膜科技,10.19,18082500,298607235,302065356,307804.597764
2022-02-22,SH601608,中信重工,4.1,27262153,4339419293,4339419293,1779161.91013
2022-02-22,SZ300336,新文退,2.82,17019250,737605287,806230192,227356.914144
2022-02-22,SZ300335,迪森股份,5.14,6639011,282417362,372943350,191692.8819
2022-02-22,SZ002687,乔治白,7.03,3695103,278388000,350000000,246050
2022-02-22,SZ002688,金河生物,5.69,12218944,766125717,780422398,444060.344462
2022-02-22,SZ002689,ST远智,3.44,11692990,1040435508,1043310725,358898.8894
2022-02-22,SH603008,喜临门,33.7,2574975,387417787,387417787,1305597.94219
2022-02-22,SZ300337,银邦股份,7.03,14470200,709988557,821920000,577809.76
2022-02-22,SZ300339,润和软件,20.06,32128655,771463242,796410841,1597600.147046
2022-02-22,SZ300340,科恒股份,17.73,4972240,184716283,212144720,376132.58856
2022-02-22,SZ300342,天银机电,12.46,9846167,413323485,425035113,529593.750798
2022-02-22,SZ300338,ST开元,6.25,50273654,299527589,339619692,212262.3075
2022-02-22,SZ300341,麦克奥迪,10.34,3379600,509899111,510163336,527508.889424
2022-02-22,SZ002691,冀凯股份,5.04,5549390,339292817,340000000,171360
2022-02-22,SH603077,和邦生物,3.95,351817466,8831250228,8831250228,3488343.84006
2022-02-22,SZ002690,美亚光电,35.81,831499,332537421,678268000,2428877.708
2022-02-22,SZ300343,ST联创,15,101197002,940462306,1148993999,1723490.9985
2022-02-22,SZ300345,华民股份,5.9,16770657,441295483,441295483,260364.33497
2022-02-22,SZ300344,*ST立方,6.94,35834122,345180673,641706416,445344.252704
2022-02-22,SZ000863,三湘印象,3.61,22524300,1189957094,1225208160,442300.14576
2022-02-22,SZ300346,南大光电,41.28,9536254,398575521,422181441,1742764.988448
2022-02-22,SH601038,一拖股份,14.58,16422343,593910000,1123645275,1638274.81095
2022-02-22,SZ002693,*ST双成,4.41,4934700,403416821,412000000,181692
2022-02-22,SZ002692,远程股份,3.42,3032700,678845400,718146000,245605.932
2022-02-22,SH603766,隆鑫通用,4.95,13003950,2053541850,2053541850,1016503.21575
2022-02-22,SZ002694,顾地科技,5,20343477,529970011,597196800,298598.4
2022-02-22,SZ300349,金卡智能,12.4,4112255,380542982,429054325,532027.363
2022-02-22,SH603003,退市龙宇,8.44,40018777,402443494,402443494,339662.308936
2022-02-22,SZ300347,泰格医药,99.04,5250613,561718791,872438364,8640629.557056
2022-02-22,SZ300348,长亮科技,14,13960825,610976307,721000562,1009400.7868
2022-02-22,SZ300350,华鹏飞,6.9,9962180,467549547,562012279,387788.47251
2022-02-22,SH603399,永杉锂业,16.12,44606827,508050649,508523649,819740.122188
2022-02-22,SH600705,中航产融,3.93,24392040,8887043152,8919974627,3505550.028411
2022-02-22,SZ002695,煌上煌,12.97,2886993,464357707,512430404,664622.233988
2022-02-22,SZ002696,百洋股份,5.64,6087200,345908986,349386910,197054.21724
2022-02-22,SZ002697,红旗连锁,4.88,8970080,1077660400,1360000000,663680
2022-02-22,SH603167,渤海轮渡,8,4449400,469144503,472581603,378065.2824
2022-02-22,SZ002698,博实股份,11.97,2882115,792158353,1022550000,1223992.35
2022-02-22,SZ002699,*ST美盛,5.05,82999953,909572725,909572725,459334.226125
2022-02-22,SZ300352,北信源,5.68,37733549,1209833148,1449824087,823500.081416
2022-02-22,SZ300351,永贵电器,12.31,7289695,253214502,383641857,472263.125967
2022-02-22,SZ300354,东华测试,31.26,1051646,78583182,138320201,432388.948326
2022-02-22,SZ002700,万憬能源,3.95,2169818,315955455,422426880,166858.6176
2022-02-22,SZ300355,蒙草生态,5.46,68097077,1307693448,1604242081,875916.176226
2022-02-22,SZ300353,东土科技,11.64,32841934,402258563,531234061,618356.447004
2022-02-22,SZ300356,光一退,3.22,4668950,388097005,407904620,131345.28764
2022-02-22,SH603993,洛阳钼业,5.76,89787628,17665772583,21599240583,12441162.575808
2022-02-22,SZ002701,奥瑞金,5.79,39772526,2445438132,2447652008,1417190.512632
2022-02-22,SZ002702,海欣食品,5.37,14226548,386155000,480760000,258168.12
2022-02-22,SZ000156,华数传媒,8.78,24659196,1565055111,1852932442,1626874.684076
2022-02-22,SZ002703,浙江世宝,6.59,23751493,553065952,789644637,520375.815783
2022-02-22,SZ000498,山东路桥,8.78,41584208,744852340,1558028003,1367948.586634
2022-02-22,SH600817,宇通重工,12.17,697800,184223317,539373371,656417.392507
2022-02-22,SZ000831,中国稀土,36.94,30410147,980888981,980888981,3623403.895814
2022-02-22,SZ000038,大通退,9.03,5943423,238177966,522777419,472068.009357
2022-02-22,SZ000622,恒立退,5.07,25974200,425226000,425226000,215589.582
2022-02-22,SZ000403,派林生物,25.85,1934550,602760618,732919234,1894596.21989
2022-02-22,SZ000681,视觉中国,15.55,45836737,604618098,700577436,1089397.91298
2022-02-22,SZ000757,浩物股份,4.37,6302400,511167338,664714511,290480.241307
2022-02-22,SH600556,天下秀,9.21,31289462,1066936171,1807747642,1664935.578282
2022-02-22,SZ000657,中钨高新,13.63,8133988,947694430,1073863842,1463676.416646
2022-02-22,SZ000672,上峰水泥,22.2,10106566,813619871,813619871,1806236.11362
2022-02-22,SZ000688,国城矿业,17.82,18841080,1137304245,1137308621,2026683.962622
2022-02-22,SZ000820,*ST节能,3.58,7893600,287656170,637245222,228133.789476
2022-02-22,SH600698,湖南天雁,4.25,29057660,737575229,1064410032,452374.2636
2022-02-22,SZ000545,金浦钛业,3.81,9895608,985403096,986833096,375983.409576
2022-02-22,SZ000333,美的集团,70.17,36301446,6826932218,6983471099,49003016.701683
2022-02-22,SH600023,浙能电力,3.69,16852718,13600689988,13600689988,5018654.605572
2022-02-22,SH603699,纽威股份,11.41,3753229,750000000,750000000,855750
2022-02-22,SZ002708,光洋股份,6.49,3921400,397423060,492011076,319315.188324
2022-02-22,SZ300357,我武生物,43.05,1763710,471031292,523584000,2254029.12
2022-02-22,SZ300360,炬华科技,10.24,12282396,435942632,504387126,516492.417024
2022-02-22,SZ300359,全通教育,6.41,24043625,633183422,633663422,406178.253502
2022-02-22,SZ002706,良信股份,14.52,4624610,782822895,1019123653,1479767.544156
2022-02-22,SZ300358,楚天科技,23.07,6006989,516330043,575052984,1326647.234088
2022-02-22,SZ002705,新宝股份,18.9,7618015,822604310,826727780,1562515.5042
2022-02-22,SH603308,应流股份,17.58,4790240,683146921,683146921,1200972.287118
2022-02-22,SZ002712,思美传媒,5.33,23671450,574252007,581202488,309780.926104
2022-02-22,SZ300368,汇金股份,10.74,41604902,509559738,531943475,571307.29215
2022-02-22,SZ300373,扬杰科技,60.71,15963211,511201815,512400109,3110781.061739
2022-02-22,SZ002707,众信旅游,6.61,63728037,736649731,906345408,599094.314688
2022-02-22,SZ300365,恒华科技,9.56,11874900,348177392,599855469,573461.828364
2022-02-22,SZ002709,天赐材料,94.98,14110031,928273793,959825277,9116420.480946
2022-02-22,SZ300371,汇中股份,15.48,1901540,110193402,167681080,259570.31184
2022-02-22,SZ300370,安控科技,2.02,9112100,941456581,957146344,193343.561488
2022-02-22,SH603555,ST贵人,3.43,23578056,1571505358,1571505358,539026.337794
2022-02-22,SZ300378,鼎捷数智,20.42,5995511,265866603,266431353,544052.822826
2022-02-22,SZ300375,鹏翎股份,4.19,6172722,469365827,664794403,278548.854857
2022-02-22,SZ300366,ST创意,12.13,31236757,402592740,607576150,736989.86995
2022-02-22,SZ002721,金一文化,4.56,121844964,731152057,959925877,437726.199912
2022-02-22,SZ300376,易事特,9.47,50021975,2311445714,2313406476,2190795.932772
2022-02-22,SZ300377,赢时胜,14.63,53194142,629310404,751557080,1099528.00804
2022-02-22,SH601225,陕西煤业,14.86,66393298,9695000000,9695000000,14406770
2022-02-22,SZ002722,物产金轮,15.06,1446127,175462283,175478558,264270.708348
2022-02-22,SZ002716,湖南白银,3.37,52308532,2080364661,2210479088,744931.452656
2022-02-22,SZ002718,友邦吊顶,12.89,1124200,66356202,131447829,169436.251581
2022-02-22,SZ300379,东通退,26.97,13911216,427716893,455273832,1227873.524904
2022-02-22,SZ300380,安硕信息,20.15,6162400,126355307,141009750,284134.64625
2022-02-22,SZ300381,溢多利,10.53,5266920,476614845,490067316,516040.883748
2022-02-22,SZ002714,牧原股份,58.54,25150711,3606462815,5262358594,30805847.209276
2022-02-22,SZ002719,麦趣尔,9.09,1669778,161872295,174139457,158292.766413
2022-02-22,SZ300382,斯莱克,17.72,9258455,580323512,580381337,1028435.729164
2022-02-22,SZ002725,跃岭股份,8.74,22593343,195394647,256000000,223744
2022-02-22,SZ300363,博腾股份,71.5,25069388,447645167,544404533,3892492.41095
2022-02-22,SZ002723,小崧股份,14.83,5830820,249485775,317452476,470782.021908
2022-02-22,SZ300383,光环新网,15.65,98981568,1529869974,1797592847,2813232.805555
2022-02-22,SZ300369,绿盟科技,14.19,18556116,734335012,798347873,1132855.631787
2022-02-22,SZ300367,网力退,2.23,6472564,1061560717,1195772516,266657.271068
2022-02-22,SH603005,晶方科技,41.58,8781193,407213716,408257716,1697535.583128
2022-02-22,SH603288,海天味业,96.8,3905672,4212576170,4212576170,40777737.3256
2022-02-22,SZ002713,*ST东易,6.97,3328320,404745519,419536980,292417.27506
2022-02-22,SZ002715,登云股份,14,3461407,138000000,138000000,193200
2022-02-22,SZ002717,ST岭南,4.11,140524873,1125742527,1684418292,692295.918012
2022-02-22,SZ300386,飞天诚信,15.39,11221618,242205850,418044000,643369.716
2022-02-22,SZ002726,龙大美食,8.85,7626693,995581995,1078909795,954835.168575
2022-02-22,SZ300385,雪浪环境,8.31,2654692,278188108,333145932,276844.269492
2022-02-22,SH603006,联明股份,9.93,1421900,191078186,254254250,252474.47025
2022-02-22,SH603328,依顿电子,7.13,5614429,998442611,998442611,711889.581643
2022-02-22,SH603168,莎普爱思,9.35,4978646,322592499,322592499,301623.986565
2022-02-22,SZ002727,一心堂,28.72,8817622,397163933,596180525,1712230.4678
2022-02-22,SZ300387,富邦科技,9.22,45246108,289057018,289789018,267185.474596
2022-02-22,SH603369,今世缘,52.71,4235394,1254500000,1254500000,6612469.5
2022-02-22,SH603009,北特科技,6.71,5054750,338408970,358730089,240707.889719
2022-02-22,SZ002728,特一药业,14.46,6515753,127186140,221643927,320497.118442
2022-02-22,SH603126,中材节能,7.72,4068444,610500000,610500000,471306
2022-02-22,SZ300390,天华新能,89,25393104,420673232,582880538,5187636.7882
2022-02-22,SZ300384,三联虹普,21.49,1789824,219595320,318598435,684668.036815
2022-02-22,SZ300388,节能国祯,7.84,5013780,697342833,698961904,547986.132736
2022-02-22,SZ300389,艾比森,11.2,7535300,163885245,318994173,357273.47376
2022-02-22,SZ300391,*ST长药,14.3,6019268,350336112,350336112,500980.64016
2022-02-22,SH603111,康尼机电,5.39,5797650,835983250,993275484,535375.485876
2022-02-22,SH603100,川仪股份,18.44,1253440,395000000,395000000,728380
2022-02-22,SH600385,退市金泰,6.4,419600,142773814,148107148,94788.57472
2022-02-22,SZ000751,锌业股份,3.82,11638442,1409868779,1409869279,538570.064578
2022-02-22,SH603609,禾丰股份,10.08,4659859,908562905,921960196,929335.877568
2022-02-22,SH603099,长白山,10.61,7443700,266670000,266670000,282936.87
2022-02-22,SH601579,会稽山,10.82,3201101,497360000,497360000,538143.52
2022-02-22,SH603806,福斯特,107.7,6683103,951103748,951103748,10243387.36596
2022-02-22,SH603188,亚邦股份,5.17,2450100,576000000,576000000,297792
2022-02-22,SZ300396,迪瑞医疗,17.12,1624318,249436680,275894600,472331.5552
2022-02-22,SZ300395,菲利华,51.4,6319059,314352732,337948844,1737057.05816
2022-02-22,SZ300392,腾信退,6.99,2260000,295520000,384000000,268416
2022-02-22,SZ300397,天和防务,13.1,8148345,362012832,517636745,678104.13595
2022-02-22,SZ002729,好利科技,45.64,347194,89522301,93352000,426058.528
2022-02-22,SZ300393,中来股份,18.88,65789419,915617727,1089627358,2057216.451904
2022-02-22,SH603306,华懋科技,33.65,2514710,307019706,307019706,1033121.31069
2022-02-22,SH601016,节能风电,5.48,63630185,4480612872,5012803191,2747016.148668
2022-02-22,SH600917,重庆燃气,8.49,14950023,1556000000,1571340000,1334067.66
2022-02-22,SZ300398,飞凯材料,24.09,20848750,509837402,516096282,1243275.943338
2022-02-22,SZ300399,天利科技,14.05,9899347,194655168,197600000,277628
2022-02-22,SH603169,兰石重装,8.03,33441021,1051502526,1306291798,1048952.313794
2022-02-22,SZ002730,电光科技,10.36,2613200,306624000,362079880,375114.75568
2022-02-22,SZ300401,花园生物,13.56,3346522,526292058,551007557,747166.247292
2022-02-22,SH603010,万盛股份,22.44,4786886,485272654,485272654,1088951.835576
2022-02-22,SZ300402,宝色股份,23.74,4520300,202000000,202000000,479548
2022-02-22,SZ300400,劲拓股份,19.13,1878100,162337657,242625800,464143.1554
2022-02-22,SH603456,九洲药业,42.4,6342408,830229130,832588130,3530173.6712
2022-02-22,SH603018,华设集团,9.52,14733085,668620952,683780952,650959.466304
2022-02-22,SH603606,东方电缆,58.29,9325309,687715368,687715368,4008692.880072
2022-02-22,SZ300403,汉宇集团,6.13,6759400,402838733,603000000,369639
2022-02-22,SZ300405,科隆股份,9.02,3329200,151126198,222469156,200667.178712
2022-02-22,SZ300406,九强生物,16.44,8332626,333048406,588984300,968290.1892
2022-02-22,SH603688,石英股份,60.46,4478371,353147440,353147440,2135129.42224
2022-02-22,SH603988,中电电机,11.67,4575720,235200000,235200000,274478.4
2022-02-22,SZ002724,海洋王,14.38,1644900,364387158,779829726,1121395.145988
2022-02-22,SZ002731,ST萃华,9.5,6633110,239220940,256156000,243348.2
2022-02-22,SH601015,陕西黑猫,6.51,37075351,2042497639,2042497639,1329665.962989
2022-02-22,SH603019,中科曙光,33.4,41397155,1450728974,1463168974,4886984.37316
2022-02-22,SH603011,合锻智能,7.97,13317824,448949194,504794339,402321.088183
2022-02-22,SH603088,宁波精达,10.93,14196704,307328000,307328000,335909.504
2022-02-22,SH603166,福达股份,8.06,12920945,646208651,646208651,520844.172706
2022-02-22,SZ300407,凯发电气,8.76,3630200,210891547,305096381,267264.429756
2022-02-22,SZ002733,雄韬股份,16.88,8964025,365289279,384214913,648554.773144
2022-02-22,SZ300408,三环集团,33.65,11233264,1750817761,1916497371,6449013.653415
2022-02-22,SZ300409,道氏技术,23.31,22569525,468537041,578741381,1349046.159111
2022-02-22,SH603518,锦泓集团,10.85,7348316,296628771,296628771,321842.216535
2022-02-22,SZ002735,王子新材,25.92,2587706,132135009,213285380,552835.70496
2022-02-22,SH603368,柳药集团,16.57,4885065,361466338,362359926,600430.397382
2022-02-22,SH603998,方盛制药,5.79,5722850,429429720,429429720,248639.80788
2022-02-22,SZ002732,燕塘乳业,22.85,1538841,155912490,157350000,359544.75
2022-02-22,SH601969,海南矿业,10.95,11885713,1954720314,2021701729,2213763.393255
2022-02-22,SH601226,华电科工,6.14,15752200,1155000000,1167010000,716544.14
2022-02-22,SH603588,高能环境,17.21,8349132,1022251814,1064039606,1831212.161926
2022-02-22,SZ002736,国信证券,10.66,21077693,8827118644,9612429377,10246849.715882
2022-02-22,SH603636,南威软件,10.65,25637387,590793578,590793578,629195.16057
2022-02-22,SZ002738,中矿资源,96.98,28611894,296294329,325175572,3153552.697256
2022-02-22,SZ002737,葵花药业,14.39,4392488,584000000,584000000,840376
2022-02-22,SZ300412,迦南科技,15.45,31717618,215840494,292798022,452372.94399
2022-02-22,SZ300411,金盾股份,7.54,2633500,181218004,406520007,306516.085278
2022-02-22,SZ300410,正业科技,10.33,3654679,364396226,369172062,381354.740046
2022-02-22,SH603017,中衡设计,10.03,6859500,278286778,278514728,279350.272184
2022-02-22,SH603889,新澳股份,6.53,4581130,511746388,511746388,334170.391364
2022-02-22,SH603788,宁波高发,12.83,1168040,223065068,223065068,286192.482244
2022-02-22,SZ300413,芒果超媒,34.39,28987788,931356654,1870720815,6433408.882785
2022-02-22,SH601021,春秋航空,55.24,2208324,916462713,916462713,5062540.026612
2022-02-22,SZ300364,中文在线,10.13,48750116,632330968,727295310,736750.14903
2022-02-22,SZ300418,昆仑万维,17.56,42338904,1052081485,1196925810,2101801.72236
2022-02-22,SZ300419,ST浩丰,7,10586220,367753770,367753770,257427.639
2022-02-22,SH601069,西部黄金,15.22,51959596,636000000,642663100,978133.2382
2022-02-22,SH603601,再升科技,10.18,2604906,725031006,725031006,738081.564108
2022-02-22,SZ300416,苏试试验,28.57,3335541,261781906,284582225,813051.416825
2022-02-22,SZ002739,万达电影,13.79,18019825,2148680953,2230725120,3076169.94048
2022-02-22,SZ002740,*ST爱迪,4.25,3750375,244979877,454061077,192975.957725
2022-02-22,SZ300417,南华仪器,11.66,1205689,82378151,137008376,159751.766416
2022-02-22,SH603600,永艺股份,10.58,1199850,302512640,302512640,320058.37312
2022-02-22,SZ300415,伊之密,16.08,8790925,418266240,469145684,754386.259872
2022-02-22,SZ000166,申万宏源,4.73,46199816,22535507316,25039944560,11843893.77688
2022-02-22,SH603686,福龙马,13.15,3856464,415655737,415655737,546587.294155
2022-02-22,SH603678,火炬电子,56.4,8012162,459030972,459857772,2593597.83408
2022-02-22,SH603899,晨光股份,56.45,2595707,922010380,927745590,5237123.85555
2022-02-22,SZ002734,利民股份,12.42,1862766,325293528,372560656,462720.334752
2022-02-22,SH603558,健盛集团,11.13,8610891,392942649,392942649,437345.168337
2022-02-22,SH603698,航天工程,15.48,1490619,535990000,535990000,829712.52
2022-02-22,SH603611,诺力股份,17.37,2264024,267184734,267184734,464099.882958
2022-02-22,SH603799,华友钴业,112.41,22164855,1210761526,1221396283,13729715.617203
2022-02-22,SZ002741,光华科技,19.5,2233529,338110223,393360743,767053.44885
2022-02-22,SZ300425,中建环能,5.58,13032674,671216941,675708786,377045.502588
2022-02-22,SZ002746,仙坛股份,9.6,26702143,709676227,860538727,826117.17792
2022-02-22,SZ300423,昇辉科技,11.45,3885789,310864742,498424190,570695.69755
2022-02-22,SZ002745,木林森,13.3,17845557,962758149,1484166399,1973941.31067
2022-02-22,SH603898,好莱客,11.16,1682400,311277084,311277084,347385.225744
2022-02-22,SZ300420,五洋自控,3.3,15157616,1036894394,1116383561,368406.57513
2022-02-22,SZ300421,力星股份,13.88,4420903,187874526,247585404,343648.540752
2022-02-22,SZ002743,富煌钢构,7.64,9702481,417864664,435268478,332545.117192
2022-02-22,SZ300426,华智数媒,8.4,2412792,396913168,414771500,348408.06
2022-02-22,SH603939,益丰药房,49.29,1380179,717091395,718765340,3542794.36086
2022-02-22,SZ300422,博世科,8.13,5853635,381074892,504872458,410461.308354
2022-02-22,SZ300427,红相股份,13.77,5899240,319926306,360224104,496028.591208
2022-02-22,SZ300394,天孚通信,35.95,7573625,354519122,391546193,1407608.563835
2022-02-22,SH603618,杭电股份,6.59,6304744,691049101,691049101,455401.357559
2022-02-22,SH603222,济民健康,15.75,11947700,340743468,340743468,536670.9621
2022-02-22,SZ002742,*ST三圣,6.57,5484500,409725000,432000000,283824
2022-02-22,SH603118,共进股份,8.83,4239175,775733332,792133332,699453.732156
2022-02-22,SH601198,东兴证券,10.51,10562431,2757960657,3232445520,3397300.24152
2022-02-22,SH603828,ST柯利达,4.05,6015599,595939625,610460158,247236.36399
2022-02-22,SH603969,银龙股份,5.04,26538862,841000000,841000000,423864
2022-02-22,SH603997,继峰股份,11.54,14404584,880818040,1119123994,1291469.089076
2022-02-22,SH603309,维力医疗,15.22,2414410,260000000,293422218,446588.615796
2022-02-22,SH603015,弘讯科技,7.03,2797800,404219000,404219000,284165.957
2022-02-22,SZ300433,蓝思科技,14.64,44959463,4960384394,4973479998,7281174.717072
2022-02-22,SH601689,拓普集团,55.3,7068440,1102046572,1102046572,6094317.54316
2022-02-22,SH603519,立霸股份,12.01,1454740,266327839,266327839,319859.734639
2022-02-22,SZ300430,诚益通,11.75,10776256,255141509,272907096,320665.8378
2022-02-22,SZ300374,中铁装配,14.97,24218296,189240974,245912337,368130.768489
2022-02-22,SZ002748,世龙实业,12.97,21431926,240000000,240000000,311280
2022-02-22,SZ300432,富临精工,24.23,17900197,725457267,743382248,1801215.186904
2022-02-22,SH603268,*ST松发,26.52,1496180,124168800,124168800,329295.6576
2022-02-22,SZ300428,立中集团,22.72,10515961,420136953,616956965,1401726.22448
2022-02-22,SZ002747,埃斯顿,22.29,8523862,768889423,868638373,1936194.933417
2022-02-22,SZ002749,国光股份,10.74,6984342,276958830,435634280,467871.21672
2022-02-22,SH603030,全筑股份,3.86,37710785,538137273,580053437,223900.626682
2022-02-22,SH603158,腾龙股份,14.83,3889479,302015680,350570933,519896.693639
2022-02-22,SH603012,创力集团,6.04,6263400,636560000,636560000,384482.24
2022-02-22,SH600958,东方证券,11.9,91759637,5966575803,6993655803,8322450.40557
2022-02-22,SZ300429,强力新材,11.23,3291932,366148117,515260736,578637.806528
2022-02-22,SZ002750,龙津退,14,47332693,398173701,400500000,560700
2022-02-22,SH603729,龙韵股份,13.63,2283514,93338000,93338000,127219.694
2022-02-22,SH603020,爱普股份,12.36,3057700,320000000,383237774,473681.888664
2022-02-22,SH603338,浙江鼎力,58.46,3969262,485485571,506347879,2960109.700634
2022-02-22,SH603199,九华旅游,24.95,4242300,110680000,110680000,276146.6
2022-02-22,SZ300435,中泰股份,20.19,23371499,312629101,378190300,763566.2157
2022-02-22,SH603869,ST智知,11.1,10002379,504500508,504500508,559995.56388
2022-02-22,SZ002752,昇兴股份,5.94,8439354,974975666,976918468,580289.569992
2022-02-22,SZ300449,汉邦高科,6.88,9746900,251097849,298258899,205202.122512
2022-02-22,SZ300436,广生堂,36.47,9344200,132788326,158777000,579059.719
2022-02-22,SZ300424,航新科技,14.74,5282945,210200390,239888613,353595.815562
2022-02-22,SZ300447,全信股份,19.83,3492720,198140184,312328375,619347.167625
2022-02-22,SH603808,歌力思,12.53,1800233,369092878,369092878,462473.376134
2022-02-22,SZ300443,金雷股份,46.89,7293360,182772843,261753484,1227362.086476
2022-02-22,SZ300439,美康生物,15.12,14695770,277352933,382999815,579095.72028
2022-02-22,SH603025,大豪科技,23.98,6338142,921890711,924333311,2216551.279778
2022-02-22,SH603818,曲美家居,12.75,6462659,580395546,580395546,740004.32115
2022-02-22,SZ300444,双杰电气,5.85,18929093,516981798,725255525,424274.482125
2022-02-22,SZ300440,运达科技,8.36,5674200,443518465,447900000,374444.4
2022-02-22,SZ300437,清水源,27.29,44779290,177810597,259063097,706983.191713
2022-02-22,SH603883,老百姓,43.45,1743934,408029489,448601481,1949173.434945
2022-02-22,SZ300446,航天智造,12.86,24647412,197728816,202620000,260569.32
2022-02-22,SH603703,盛洋科技,21.7,4867704,298610000,298610000,647983.7
2022-02-22,SZ300441,鲍斯股份,9.12,7220497,627587041,657189708,599357.013696
2022-02-22,SH603021,ST华鹏,5.48,3934560,319948070,319948070,175331.54236
2022-02-22,SZ300404,博济医药,11.37,4633569,183823987,261456365,297275.887005
2022-02-22,SZ300448,浩云科技,7.06,15447055,459826041,684095079,482971.125774
2022-02-22,SZ002751,易尚退,17.49,3784829,126171931,154529613,270272.293137
2022-02-22,SZ300438,鹏辉能源,43.9,16546104,329639518,433497356,1903053.39284
2022-02-22,SH603567,珍宝岛,13.57,2469342,849160000,941963592,1278244.594344
2022-02-22,SZ300434,金石亚药,9.18,1412500,321997684,401743872,368800.874496
2022-02-22,SH603318,水发燃气,8.16,12997953,378011155,378011155,308457.10248
2022-02-22,SZ300442,润泽科技,48.96,5473104,99195625,100000000,489600
2022-02-22,SH603315,福鞍股份,25,1237400,219950901,307026264,767565.66
2022-02-22,SZ300445,康斯特,13.76,774500,135508783,212430013,292303.697888
2022-02-22,SH603789,*ST星农,10,13974513,260000000,260000000,260000
2022-02-22,SH600959,江苏有线,3.42,59921505,5000717686,5000717686,1710245.448612
2022-02-22,SZ300414,中光防雷,10.24,3633838,307896067,325197466,333002.205184
2022-02-22,SH603355,莱克电气,24.53,1406146,563992100,574718900,1409785.4617
2022-02-22,SH603599,广信股份,33.66,3157767,462729169,464564135,1563722.87841
2022-02-22,SZ300457,赢合科技,26.16,10152724,468474274,649537963,1699191.311208
2022-02-22,SZ300456,赛微电子,21.91,8210355,486145628,733289072,1606636.356752
2022-02-22,SZ300451,创业慧康,9.71,17894041,1316682842,1549787692,1504843.848932
2022-02-22,SH603718,海利生物,14.12,3495281,644000000,644000000,909328
2022-02-22,SH603227,雪峰科技,7.02,14943300,658700000,724570000,508648.14
2022-02-22,SZ300452,山河药辅,16.65,8675725,141197979,180467070,300477.67155
2022-02-22,SZ300459,汤姆猫,4.66,116021700,2852779712,3515810939,1638367.897574
2022-02-22,SZ300453,三鑫医疗,11.1,2673060,273216407,394027500,437370.525
2022-02-22,SZ300455,航天智装,11.21,13893236,555906626,717767936,804617.856256
2022-02-22,SZ300458,全志科技,52.4,6362419,260457671,331000757,1734443.96668
2022-02-22,SZ002755,奥赛康,11.66,1096150,928153301,928160351,1082234.969266
2022-02-22,SH603989,艾华集团,33.38,1220738,400813533,400813533,1337915.573154
2022-02-22,SZ002756,永兴材料,145.48,16888219,264723810,405950150,5905762.7822
2022-02-22,SZ300460,ST惠伦,17.47,5466040,279004251,279004251,487420.426497
2022-02-22,SH603968,醋化股份,19.79,3691100,204480000,204480000,404665.92
2022-02-22,SH603311,金海高科,11.9,2307000,210000000,210000000,249900
2022-02-22,SZ300450,先导智能,61.78,15449628,1450810383,1563794127,9661120.116606
2022-02-22,SH603022,新通联,12.15,1943521,200000000,200000000,243000
2022-02-22,SH603566,普莱柯,28.29,10868709,321496000,321496000,909512.184
2022-02-22,SZ002753,永东股份,9.29,2815622,242550048,375440672,348784.384288
2022-02-22,SZ300461,田中精机,19.03,1700578,73188717,130404000,248158.812
2022-02-22,SZ002758,浙农股份,16.9,50358065,195027600,500508037,845858.58253
2022-02-22,SZ002757,南兴股份,18.34,48938863,277881194,295455913,541866.144442
2022-02-22,SH603108,润达医疗,11.38,5701068,579538395,579538395,659514.69351
2022-02-22,SH603885,吉祥航空,16.61,6420244,1797013477,1966144157,3265765.444777
2022-02-22,SZ300468,四方精创,22.94,28829822,282390614,283291058,649869.687052
2022-02-22,SH603023,威帝股份,4.28,6712577,562079807,562079807,240570.157396
2022-02-22,SH603598,引力传媒,10.94,22342234,267862900,267862900,293042.0126
2022-02-22,SZ300462,ST华铭,13.18,7434600,136475741,188265025,248133.30295
2022-02-22,SZ300467,迅游科技,18.08,45216790,147938412,203204897,367394.453776
2022-02-22,SZ002759,天际股份,27.66,17129803,402110417,402152567,1112354.000322
2022-02-22,SH603568,伟明环保,30.47,2644377,1303241100,1303241100,3970975.6317
2022-02-22,SZ300466,赛摩智能,6.12,9881580,419986257,535529908,327744.303696
2022-02-22,SZ300465,高伟达,12.69,22210260,446762257,446762257,566941.304133
2022-02-22,SH603669,灵康药业,8.3,1462382,721227382,721227382,598618.72706
2022-02-22,SH603918,金桥信息,10.12,38931464,364571698,366746078,371147.030936
2022-02-22,SH603198,迎驾贡酒,75.69,5644495,800000000,800000000,6055200
2022-02-22,SZ300463,迈克生物,26.6,7158600,401216239,612469590,1629169.1094
2022-02-22,SH603300,海南华铁,12.37,6978020,890354455,901952505,1115715.248685
2022-02-22,SH603901,永创智能,14.14,985300,480352117,488450811,690669.446754
2022-02-22,SH603026,石大胜华,176.86,3225888,202680000,202680000,3584598.48
2022-02-22,SZ300464,星徽股份,6.98,3702400,300907726,353122175,246479.27815
2022-02-22,SZ300475,香农芯创,23.7,623810,420000000,420000000,995400
2022-02-22,SZ300478,杭州高新,12.11,7378548,126673000,128748000,155913.828
2022-02-22,SZ300477,ST合纵,7.68,24481812,852850442,1077127567,827233.971456
2022-02-22,SH601985,中国核电,7.06,119429573,17074949659,17522710852,12371033.861512
2022-02-22,SZ002762,*ST金比,10.21,11767097,195794313,354025000,361459.525
2022-02-22,SZ002761,浙江建投,21.21,0,243338000,1081340098,2293522.347858
2022-02-22,SZ002763,汇洁股份,9.58,1372000,197791700,410025000,392803.95
2022-02-22,SZ002766,索菱股份,4.69,3870795,818803742,843508028,395605.265132
2022-02-22,SZ300471,厚普股份,21.38,18107014,337214725,364720000,779771.36
2022-02-22,SZ300472,*ST新元,14.28,26666139,229070450,266571121,380663.560788
2022-02-22,SZ002760,凤形股份,22.8,2069800,87980930,107988706,246214.24968
2022-02-22,SZ300469,信息发展,15.94,6989494,184850857,205135376,326985.789344
2022-02-22,SH603066,音飞储存,9.07,3942700,300702900,300702900,272737.5303
2022-02-22,SH601968,宝钢包装,7.9,4195100,837523300,1132807440,894917.8776
2022-02-22,SZ300476,胜宏科技,26.24,3296988,766333444,863657021,2266236.023104
2022-02-22,SH603616,韩建河山,11.74,115666959,381368000,381368000,447726.032
2022-02-22,SZ300479,神思电子,23.87,27138300,169607237,197040865,470336.544755
2022-02-22,SH601368,绿城水务,5.63,5076112,860284977,882973077,497113.842351
2022-02-22,SZ002767,先锋电子,13.76,4604078,125059106,150000000,206400
2022-02-22,SZ300473,德尔股份,21.56,1512342,132424595,134918958,290885.273448
2022-02-22,SZ300470,中密控股,40.9,1798179,195237025,208171277,851420.52293
2022-02-22,SZ002765,蓝黛科技,7.89,12989000,405756342,582625290,459691.35381
2022-02-22,SZ300485,赛升药业,13.97,20844420,262986132,481666400,672887.9608
2022-02-22,SZ002773,康弘药业,17.07,6747641,690923044,919463954,1569524.969478
2022-02-22,SH601211,国泰海通,17.2,36669916,7427622461,8906671631,15319475.20532
2022-02-22,SZ002776,*ST柏龙,2.65,5265157,537989106,537989106,142567.11309
2022-02-22,SZ002772,众兴菌业,7.82,6851245,402343261,407421801,318603.848382
2022-02-22,SZ002771,真视通,13.44,15235373,202875302,209764100,281922.9504
2022-02-22,SZ002769,普路通,7.25,3193000,263742522,373318054,270655.58915
2022-02-22,SH603116,红蜻蜓,5.98,2379960,576200800,576200800,344568.0784
2022-02-22,SZ002775,文科股份,4.17,5752700,446111778,512767053,213823.861101
2022-02-22,SH603117,万林物流,3.79,8723600,633144502,633144502,239961.766258
2022-02-22,SH603589,口子窖,77.92,7210928,600000000,600000000,4675200
2022-02-22,SZ300482,万孚生物,36.82,10812475,321961534,444952331,1638314.482742
2022-02-22,SZ300483,首华燃气,16.79,16393806,215346700,268531716,450864.751164
2022-02-22,SH603223,恒通股份,31.94,930300,282240000,282240000,901474.56
2022-02-22,SH603979,金诚信,24.66,5983784,593966469,593966469,1464721.312554
2022-02-22,SZ002768,国恩股份,26.37,3378507,176748125,271250000,715286.25
2022-02-22,SH603085,天成自控,7.03,7535374,370225434,370225434,260268.480102
2022-02-22,SZ300486,东杰智能,10.02,1090302,377923206,406509381,407322.399762
2022-02-22,SZ300481,濮阳惠成,25.5,7904864,292406135,296192447,755290.73985
2022-02-22,SZ002770,科迪退,2.72,10389288,604841622,1094867797,297804.040784
2022-02-22,SZ300488,恒锋工具,31.19,5114985,136696623,165679281,516753.677439
2022-02-22,SZ300489,光智科技,21.26,1116200,135427500,136125000,289401.75
2022-02-22,SH603838,*ST四通,7.07,2311500,284816000,320016000,226251.312
2022-02-22,SZ300487,蓝晓科技,104.58,5848299,128223593,219784718,2298508.580844
2022-02-22,SZ300480,光力科技,32.04,1359151,167663540,269639012,863923.394448
2022-02-22,SZ002506,协鑫集成,3.62,95023586,5849510177,5850316427,2117814.546574
2022-02-22,SZ000520,凤凰航运,3.85,27193900,1012083455,1012083455,389652.130175
2022-02-22,SZ300498,温氏股份,20.84,22106255,4728906382,6351814344,13237181.092896
2022-02-22,SH601155,新城控股,34.02,12245019,2260535439,2263586139,7700720.044878
2022-02-22,SZ002779,中坚科技,23.37,5378228,118434525,132000000,308484
2022-02-22,SZ002780,三夫户外,14.81,2461490,115117346,157587486,233387.066766
2022-02-22,SH603398,*ST沐邦,21.2,3966744,342634507,342634507,726385.15484
2022-02-22,SH603936,博敏电子,14.01,9162112,511012097,511012097,715927.947897
2022-02-22,SZ002783,凯龙股份,9.19,10683367,327168573,381730334,350810.176946
2022-02-22,SH603696,安记食品,8.66,1567980,235200000,235200000,203683.2
2022-02-22,SH603999,读者传媒,5.59,5675220,576000000,576000000,321984
2022-02-22,SZ300496,中科创达,129.99,2252098,319950211,425051882,5525249.414118
2022-02-22,SZ300493,润欣科技,7.9,9120971,477068962,486568962,384389.47998
2022-02-22,SH603800,洪田股份,27.28,6024269,208000000,208000000,567424
2022-02-22,SZ300497,富祥药业,14.33,32832713,445443682,550004834,788156.927122
2022-02-22,SZ002781,奇信退,7.57,22020100,223926796,225000000,170325
2022-02-22,SH603866,桃李面包,26.19,2393887,952213783,952213783,2493847.897677
2022-02-22,SH603996,退市中新,1.6,25470215,300150000,300150000,48024
2022-02-22,SZ002782,可立克,13,3228100,471871027,476831227,619880.5951
2022-02-22,SZ300495,*ST美尚,2.31,6021200,505466572,674279488,155758.561728
2022-02-22,SZ300492,华图山鼎,41.4,226839,109058424,140486470,581613.9858
2022-02-22,SZ002786,银宝山新,6.8,5917900,494112000,495612000,337016.16
2022-02-22,SZ002785,万里石,26.5,3929578,162832866,200000000,530000
2022-02-22,SH603508,思维列控,23.63,2280252,227671630,272338841,643536.681283
2022-02-22,SZ001979,招商蛇口,14.18,26777466,7921720146,7923242592,11235157.995456
2022-02-22,SZ002777,久远银海,25.45,5281367,307298356,314023876,799190.76442
2022-02-22,SH603299,苏盐井神,8.99,5821021,559440000,772926545,694860.963955
2022-02-22,SZ002787,华源控股,6.05,2926600,226387426,315975411,191165.123655
2022-02-22,SH603778,国晟科技,4.19,9365053,642857142,642857142,269357.142498
2022-02-22,SZ300494,盛天网络,17.14,9727500,179687727,271665598,465634.834972
2022-02-22,SZ300491,通合科技,15.95,3326200,124369807,173453199,276657.852405
2022-02-22,SZ300490,华自科技,17.96,9118289,321211262,327824407,588772.634972
2022-02-22,SZ002778,中晟高科,17.67,929560,124753300,124753300,220439.0811
2022-02-22,SZ300499,高澜股份,15.17,47870341,241690999,280804041,425979.730197
2022-02-22,SZ300501,海顺新材,18.54,3256986,88111806,193531505,358807.41027
2022-02-22,SZ300500,启迪设计,23.03,8344440,155490918,174139024,401042.172272
2022-02-22,SH603377,ST东时,7.84,7816536,727837147,727837147,570624.323248
2022-02-22,SH601900,南方传媒,8.31,2586000,895876566,895876566,744473.426346
2022-02-22,SZ002788,鹭燕医药,7.77,4655944,378664774,388516736,301877.503872
2022-02-22,SH603608,天创时尚,6.08,3194980,428924090,428924090,260785.84672
2022-02-22,SZ300502,新易盛,38.79,19989769,439115229,507086219,1966987.443501
2022-02-22,SH603027,千禾味业,18.93,8971491,798782158,798782158,1512094.625094
2022-02-22,SZ002790,瑞尔特,8.14,2896016,255510400,418011500,340261.361
2022-02-22,SZ300503,昊志机电,12.57,7366900,217663020,306072836,384733.554852
2022-02-22,SH603520,司太立,51.9,1462770,244426421,245016871,1271637.56049
2022-02-22,SH603919,金徽酒,33.03,3586134,491307141,507259997,1675479.770091
2022-02-22,SZ002789,*ST建艺,11.13,1751160,87011734,159623514,177660.971082
2022-02-22,SZ300505,川金诺,31.83,11584034,108187331,149794066,476794.512078
2022-02-22,SH601020,华钰矿业,13.77,17794740,555312548,555312548,764665.378596
2022-02-22,SH603861,白云电器,9.82,3132200,421289381,435960858,428113.562556
2022-02-22,SZ300484,蓝海华腾,14.1,4088400,150134978,208000000,293280
2022-02-22,SZ300506,ST名家汇,6.77,14359610,485152658,695596569,470918.877213
2022-02-22,SZ002792,通宇通讯,15.88,1553592,177403005,402056966,638466.462008
2022-02-22,SZ002791,坚朗五金,139.65,1401770,160789659,321540000,4490306.1
2022-02-22,SH603028,赛福天,11.18,5269340,287040000,287040000,320910.72
2022-02-22,SZ300474,景嘉微,109.06,3256101,204925867,301237772,3285299.141432
2022-02-22,SH603798,康普顿,11.5,2088800,200000000,200000000,230000
2022-02-22,SH603701,德宏股份,10.51,22283635,261361901,261361901,274691.357951
2022-02-22,SZ002793,罗欣药业,8.97,2128250,382311797,1463689255,1312929.261735
2022-02-22,SH603868,飞科电器,44.18,799135,435600000,435600000,1924480.8
2022-02-22,SZ300508,维宏股份,34.37,1089120,45291328,90912000,312464.544
2022-02-22,SH603726,朗迪集团,16.3,5787288,185651200,185651200,302611.456
2022-02-22,SZ300509,新美星,6.68,5371571,168124267,296400000,197995.2
2022-02-22,SH603029,天鹅股份,24.28,16647661,93340000,93340000,226629.52
2022-02-22,SH603822,ST嘉澳,46,1028400,72518133,73362554,337467.7484
2022-02-22,SZ002795,永和智控,11,1128200,141524563,200000000,220000
2022-02-22,SZ300507,苏奥传感,9.72,18068319,342951851,494705567,480853.811124
2022-02-22,SH603528,多伦科技,6.37,2346338,624112972,626530972,399100.229164
2022-02-22,SZ300511,雪榕生物,7.02,8165900,315984415,441922935,310229.90037
2022-02-22,SZ300510,金冠股份,5.83,12831282,822226755,828623861,483087.710963
2022-02-22,SH603101,汇嘉时代,6.85,7187080,470400000,470400000,322224
2022-02-22,SZ002796,世嘉科技,9.36,9880730,221067737,252426948,236271.623328
2022-02-22,SZ002797,第一创业,6.55,31783503,4132400000,4202400000,2752572
2022-02-22,SH603779,威龙股份,6.95,3481455,332749154,332749154,231260.66203
2022-02-22,SH603959,百利科技,15.5,3945252,490298992,490298992,759963.4376
2022-02-22,SH603339,四方科技,12.26,2100644,309441175,309441175,379374.88055
2022-02-22,SZ002798,帝欧水华,12.84,5488392,226196545,386893064,496770.694176
2022-02-22,SZ300512,中亚股份,15.7,3953300,217142747,274501000,430966.57
2022-02-22,SZ002800,天顺股份,14.58,1309240,100264063,108752191,158560.694478
2022-02-22,SZ300513,恒实科技,13.78,19207512,245109723,313691155,432266.41159
2022-02-22,SZ300516,久之洋,33.34,1995075,180000000,180000000,600120
2022-02-22,SH603737,三棵树,96.71,1961047,364973822,376437486,3640526.927106
2022-02-22,SH601611,中国核建,8.91,26126022,2625037395,2648595695,2359898.764245
2022-02-22,SH603131,上海沪工,17.92,5220057,317982401,317982401,569824.462592
2022-02-22,SZ002799,环球印务,13.1,13654948,251995800,252000000,330120
2022-02-22,SZ300515,三德科技,11.62,1667100,176662775,205821500,239164.583
2022-02-22,SH601127,赛力斯,45.26,11096148,1032551463,1359932415,6155054.11029
2022-02-22,SZ002801,微光股份,20.61,1432940,113380800,229632000,473271.552
2022-02-22,SZ300518,新迅达,48.1,1282715,93311853,101740600,489372.286
2022-02-22,SZ300519,新光药业,19.05,9973750,114100000,160000000,304800
2022-02-22,SH603909,建发合诚,16.22,679752,200517800,200517800,325239.8716
2022-02-22,SH603958,哈森股份,6.52,2519900,217360000,221360000,144326.72
2022-02-22,SZ002802,洪汇新材,24.76,1222100,106818935,107871000,267088.596
2022-02-22,SH603016,新宏泰,21.46,800749,148160000,148160000,317951.36
2022-02-22,SZ300521,爱司凯,15.22,6812480,143999055,144000000,219168
2022-02-22,SZ300522,世名科技,15.15,1618606,182049233,270160605,409293.316575
2022-02-22,SH601966,玲珑轮胎,27.95,6006019,1361401501,1372125701,3835091.334295
2022-02-22,SZ002805,丰元股份,32.2,10842053,129771180,177932205,572941.7001
2022-02-22,SZ300520,科大国创,22.77,13295951,217921117,243885860,555328.10322
2022-02-22,SH603069,海汽集团,13.16,2707701,316000000,316000000,415856
2022-02-22,SZ002803,吉宏股份,15.05,12718658,283557403,387480088,583157.53244
2022-02-22,SZ300517,海波重科,14.5,4470518,112564498,192182818,278665.0861
2022-02-22,SZ300525,博思软件,22.49,2758433,303924625,395405087,889266.040663
2022-02-22,SZ002806,华锋股份,12.8,3105400,139230770,191703355,245380.2944
2022-02-22,SZ300523,辰安科技,23.31,2255630,231788112,232637638,542278.334178
2022-02-22,SH603322,超讯通信,9.6,898743,156520000,160150000,153744
2022-02-22,SH603663,三祥新材,20.61,1274941,203218244,214952162,443016.405882
2022-02-22,SH600919,江苏银行,6.84,64028589,14679866951,14769628784,10102426.088256
2022-02-22,SZ300529,健帆生物,46.24,2247628,514262698,805497338,3724619.690912
2022-02-22,SZ300526,中潜退,15.7,3845640,204232759,204248968,320670.87976
2022-02-22,SZ300527,ST应急,9.2,23573927,963205358,963211158,886154.26536
2022-02-22,SZ300528,幸福蓝海,6.57,14011060,372608054,372608054,244803.491478
2022-02-22,SH601811,新华文轩,9.37,2553409,791903900,1233841000,1156109.017
2022-02-22,SH600977,中国电影,11.66,11661485,1867000000,1867000000,2176922
2022-02-22,SZ300530,领湃科技,29.07,227825,118008683,158139450,459711.38115
2022-02-22,SZ300531,优博讯,20.56,11082669,304133029,331047670,680634.00952
2022-02-22,SH603569,长久物流,7.96,4624622,560278801,560278801,445981.925596
2022-02-22,SZ300535,达威股份,16.25,1485603,83990408,103861093,168774.276125
2022-02-22,SH603159,上海亚虹,14.95,493980,140000000,140000000,209300
2022-02-22,SZ002808,*ST恒久,8.13,9381209,171372446,268800000,218534.4
2022-02-22,SH600936,北投科技,3.77,65285127,1671026239,1671026239,629976.892103
2022-02-22,SH601997,贵阳银行,6.7,17094498,3560309914,3656198076,2449652.71092
2022-02-22,SH601595,上海电影,10.77,6880386,448200000,448200000,482711.4
2022-02-22,SH603986,兆易创新,146.18,8011270,617460570,667467102,9757034.097036
2022-02-22,SZ300532,今天国际,10.36,6652627,176273129,285889967,296182.005812
2022-02-22,SZ300533,冰川网络,18.52,3021909,100420154,150833400,279343.4568
2022-02-22,SH603515,欧普照明,20.12,1533186,753758682,754210692,1517471.912304
2022-02-22,SH603031,安孚科技,43.22,1063427,112000000,112000000,484064
2022-02-22,SZ300540,蜀道装备,27.38,3448469,91966876,160691993,439974.676834
2022-02-22,SZ002809,红墙股份,10.81,2886287,134047836,206729412,223474.494372
2022-02-22,SZ002810,山东赫达,51.12,1231304,314278091,342576040,1751248.71648
2022-02-22,SH603007,*ST花王,3.26,3109000,333392733,335735933,109449.914158
2022-02-22,SZ300538,同益股份,18.07,1309800,79885422,181918573,328726.861411
2022-02-22,SZ300537,广信材料,14.01,2712360,132954832,193027584,270431.645184
2022-02-22,SZ300539,横河精密,8.34,1965260,96056087,222139531,185264.368854
2022-02-22,SH603090,宏盛股份,19.73,622600,100000000,100000000,197300
2022-02-22,SH603658,安图生物,48.33,2275565,586272256,586272256,2833453.813248
2022-02-22,SZ002807,江阴银行,4.08,14477890,2169436768,2172009851,886180.019208
2022-02-22,SH603843,*ST正平,6.16,175700643,699623237,699623237,430967.913992
2022-02-22,SZ002811,郑中设计,9.56,2861000,239078995,270023688,258142.645728
2022-02-22,SZ300543,朗科智能,12.74,2194703,199696919,268174890,341654.80986
2022-02-22,SH601163,三角轮胎,12.97,1383200,800000000,800000000,1037600
2022-02-22,SH603393,新天然气,26.32,44437316,376127962,423921327,1115760.932664
2022-02-22,SH603067,振华股份,13.73,19717801,499036166,508416166,698055.395918
2022-02-22,SZ300541,先进数通,21.79,90300540,249802911,307458298,669951.631342
2022-02-22,SZ300534,陇神戎发,12.1,90017912,300930371,303345000,367047.45
2022-02-22,SZ002812,恩捷股份,245.94,3952705,742019714,892406822,21947853.380268
2022-02-22,SH603189,网达软件,17.15,2494378,220800000,269548349,462275.418535
2022-02-22,SH601500,通用股份,5.09,4681900,1070276667,1074796667,547071.503503
2022-02-22,SZ300542,新晨科技,14.04,8629366,240440513,300056059,421278.706836
2022-02-22,SZ300536,农尚环境,17.49,2587849,237649083,293288133,512960.944617
2022-02-22,SH600908,无锡银行,6.2,14464249,1763699985,1861675522,1154238.82364
2022-02-22,SZ300546,雄帝科技,35.43,21127470,86564110,135814750,481191.65925
2022-02-22,SH603738,泰晶科技,47.45,4245682,195714567,198667067,942675.232915
2022-02-22,SZ300545,联得装备,20.6,991900,110077929,177742120,366148.7672
2022-02-22,SZ300547,川环科技,13.88,5620197,176633031,216906174,301065.769512
2022-02-22,SZ300549,优德精密,17.09,1129300,99567500,133340000,227878.06
2022-02-22,SH601128,常熟银行,7.63,36164352,2633592913,2740855925,2091273.070775
2022-02-22,SH603887,城地香江,10.01,44605206,353960406,450717747,451168.464747
2022-02-22,SH603421,鼎信通讯,7.89,3059580,652190511,652190511,514578.313179
2022-02-22,SZ002813,路畅科技,26.92,3098600,56167031,120000000,323040
2022-02-22,SZ300548,长芯博创,33.68,7277762,141952238,173716355,585076.68364
2022-02-22,SZ002815,崇达技术,14.51,4517607,429703832,875646383,1270562.901733
2022-02-22,SH603777,来伊份,12.28,5992429,336559908,336796988,413586.701264
2022-02-22,SH603313,梦百合,14.58,8042764,485299039,486548339,709387.478262
2022-02-22,SH603816,顾家家居,70.82,2146878,632224245,632224245,4477412.10309
2022-02-22,SH603160,汇顶科技,93.96,2209994,457299944,458562070,4308649.20972
2022-02-22,SZ300550,和仁科技,11.77,1388848,261291752,264995441,311899.634057
2022-02-22,SZ300555,ST路通,9.1,5453150,176797041,200000000,182000
2022-02-22,SZ300551,古鳌科技,18.3,8229150,235975310,304047000,556406.01
2022-02-22,SH603859,能科科技,37.97,1421500,159646670,166568333,632459.960401
2022-02-22,SZ300552,万集科技,26.73,2381716,110658487,213133112,569704.808376
2022-02-22,SZ300553,集智股份,36.25,268100,29557816,48000000,174000
2022-02-22,SZ002816,*ST和科,19.79,4467315,98039306,100000000,197900
2022-02-22,SZ002817,黄山胶囊,11.7,8712204,121949205,213641550,249960.6135
2022-02-22,SH603667,五洲新春,14.25,2647830,265065997,301173285,429171.931125
2022-02-22,SH603258,电魂网络,26.71,2123672,243106800,246551900,658540.1249
2022-02-22,SH600926,杭州银行,14.78,44633561,5060452059,5930255051,8764916.965378
2022-02-22,SH603888,新华网,19.09,14270774,519029360,519029360,990827.04824
2022-02-22,SH603716,塞力医疗,13.84,8404550,201323345,205018993,283746.286312
2022-02-22,SZ300559,佳发教育,9.46,5227247,298696618,399514567,377940.780382
2022-02-22,SZ300557,理工光科,30.79,621000,55381665,55668540,171403.43466
2022-02-22,SZ300560,中富通,15.55,13744300,189324000,226269812,351849.55766
2022-02-22,SZ300556,丝路视觉,24.25,7572200,88930463,117965576,286066.5218
2022-02-22,SZ300558,贝达药业,58.82,3189309,413686323,414985201,2440942.952282
2022-02-22,SH601882,海天精工,20.98,2541775,522000000,522000000,1095156
2022-02-22,SH603203,快克智能,35.86,696700,187840544,190883044,684506.595784
2022-02-22,SH603060,国检集团,17.55,1424200,603680000,603680000,1059458.4
2022-02-22,SZ002818,富森美,12.41,1713790,298412381,748458940,928837.54454
2022-02-22,SH603556,海兴电力,12.94,1306180,488684040,488684040,632357.14776
2022-02-22,SZ002819,东方中科,32.24,594600,139731930,318179769,1025811.575256
2022-02-22,SH603977,国泰集团,10.56,7551856,579388355,583242360,615903.93216
2022-02-22,SZ300563,神宇股份,14.4,4514261,122378680,178742666,257389.43904
2022-02-22,SZ300566,激智科技,23.18,1074800,178100071,262087850,607519.6363
2022-02-22,SZ300562,乐心医疗,12.98,15568989,146636188,214627435,278586.41063
2022-02-22,SH601229,上海银行,7.16,21953988,13811675132,14206637093,10171952.158588
2022-02-22,SH603633,徕木股份,14.31,2855951,263501200,263501200,377070.2172
2022-02-22,SZ300561,*ST汇科,13.58,17296501,174773381,328107975,445570.63005
2022-02-22,SH603858,步长制药,20.4,10674793,1141580610,1141580610,2328824.4444
2022-02-22,SZ002821,凯莱英,310.91,4054832,233530820,264342018,8218657.681638
2022-02-22,SZ002820,桂发祥,9.89,1787200,202735721,204800000,202547.2
2022-02-22,SH603987,康德莱,21.29,3069158,437964000,441569000,940100.401
2022-02-22,SH603727,博迈科,16.83,5723553,288334686,288334686,485267.276538
2022-02-22,SZ300565,科信技术,12.82,21447375,161776237,208000000,266656
2022-02-22,SZ300567,精测电子,53.33,1745340,201520612,278143947,1483341.669351
2022-02-22,SH603900,莱绅通灵,8.17,4815210,340473840,340473840,278167.12728
2022-02-22,SZ002823,凯中精密,10.03,1015675,156124934,287092904,287954.182712
2022-02-22,SH603336,宏辉果蔬,7.3,9320848,438679917,438679917,320236.33941
2022-02-22,SZ300569,天能重工,14.71,16056911,571997143,797386255,1172955.181105
2022-02-22,SH603819,神力股份,12.68,1292922,217664667,217730187,276081.877116
2022-02-22,SH603323,苏农银行,5.63,19730561,1517793985,1803070253,1015128.552439
2022-02-22,SZ002825,纳尔股份,17.08,2493485,113586129,171398377,292748.427916
2022-02-22,SZ002822,ST中装,6.81,54201587,643339926,720541489,490688.754009
2022-02-22,SH603319,美湖股份,22.14,3148463,160609845,160609845,355590.19683
2022-02-22,SH603660,苏州科达,6.87,5062256,494186736,494186736,339506.287632
2022-02-22,SZ300568,星源材质,34.1,13802890,619071593,718030153,2448482.82173
2022-02-22,SH603559,ST通脉,12.31,18991972,143313207,143313207,176418.557817
2022-02-22,SZ300572,安车检测,23.03,5727623,176169271,228988812,527361.234036
2022-02-22,SH600909,华安证券,5.06,17026883,4697658932,4697658932,2377015.419592
2022-02-22,SZ300570,太辰光,17.25,4699528,193831110,229996800,396744.48
2022-02-22,SH603033,三维股份,26.98,8556447,596659565,596659565,1609787.50637
2022-02-22,SZ300573,兴齐眼药,94.87,924000,61453275,88095882,835765.632534
2022-02-22,SH603990,麦迪科技,26.3,29739958,165463488,165463488,435168.97344
2022-02-22,SZ002828,贝肯能源,10.06,37546192,154115790,200987600,202193.5256
2022-02-22,SZ002826,易明医药,10.39,1866200,119562071,191190375,198646.799625
2022-02-22,SH603036,如通股份,10.79,14236229,205398950,206638400,222962.8336
2022-02-22,SZ002827,高争民爆,12.06,18070400,276000000,276000000,332856
2022-02-22,SH603928,兴业股份,11.58,1343600,201600000,201600000,233452.8
2022-02-22,SZ002830,名雕股份,11.7,3162100,66852500,133340000,156007.8
2022-02-22,SZ002829,星网宇达,40.65,2345900,96198016,154685040,628794.6876
2022-02-22,SZ300571,平治信息,48.69,1950204,96367036,139694569,680172.856461
2022-02-22,SH603708,家家悦,13.31,2053604,608401527,608401527,809782.432437
2022-02-22,SH603585,苏利股份,18.44,616360,180000000,180000000,331920
2022-02-22,SH603389,*ST亚振,5.36,3670780,262752000,262752000,140835.072
2022-02-22,SZ002831,裕同科技,29.38,1960700,519874947,930513553,2733848.818714
2022-02-22,SH603098,森特股份,42.36,1797940,538799978,538799978,2282356.706808
2022-02-22,SH603878,武进不锈,7.08,3288720,400758848,400758848,283737.264384
2022-02-22,SZ300581,晨曦航空,26.81,21682402,309168000,309168000,828879.408
2022-02-22,SH603823,百合花,14.81,1328923,315000000,317945200,470876.8412
2022-02-22,SZ300576,容大感光,30.91,1547500,113734081,194049778,599807.863798
2022-02-22,SZ300575,中旗股份,21.46,751590,129993098,207015750,444255.7995
2022-02-22,SZ300577,开润股份,17.87,1173600,129269678,239789444,428503.736428
2022-02-22,SH603416,信捷电气,39.62,1074640,140560000,140560000,556898.72
2022-02-22,SH603577,汇金通,10.54,8750280,245028000,339139100,357452.6114
2022-02-22,SH603058,永吉股份,7.96,7455300,419074400,419074400,333583.2224
2022-02-22,SZ002832,比音勒芬,25.02,3393215,369037012,550326712,1376917.433424
2022-02-22,SZ300579,数字认证,45.15,8140541,174484248,180000000,812700
2022-02-22,SH600996,贵广网络,9.31,3772122,1051709579,1051709579,979141.618049
2022-02-22,SH603298,杭叉集团,16.45,1599611,866396583,866396583,1425222.379035
2022-02-22,SH603218,日月股份,25.49,9515876,967593089,967593089,2466394.783861
2022-02-22,SZ002833,弘亚数控,27.25,1401114,179870810,303020032,825729.5872
2022-02-22,SZ300582,英飞特,17.52,6949775,216674383,296667279,519761.072808
2022-02-22,SZ002835,同为股份,12.78,7595700,125479159,219555402,280591.803756
2022-02-22,SH603886,元祖股份,21.38,1070784,240000000,240000000,513120
2022-02-22,SZ002837,英维克,40.87,28341978,256908801,334305562,1366306.831894
2022-02-22,SZ002836,新宏泽,9.89,3405401,160000000,160000000,158240
2022-02-22,SZ300585,奥联电子,14.7,2422900,160000000,171111111,251533.33317
2022-02-22,SH603929,亚翔集成,13.53,5223600,213360000,213360000,288676.08
2022-02-22,SH603239,浙江仙通,14.34,1105000,270720000,270720000,388212.48
2022-02-22,SH603186,华正新材,33.77,1892649,141713512,142025312,479619.478624
2022-02-22,SH601375,中原证券,4.99,82043415,3447519700,4642884700,2316799.4653
2022-02-22,SZ300586,美联新材,11.47,4495990,346950508,524473683,601571.314401
2022-02-22,SH603444,吉比特,348.81,1110249,71864752,71864752,2506714.414512
2022-02-22,SZ300588,熙菱信息,13.88,7469960,105008000,193481030,268551.66964
2022-02-22,SH603035,常熟汽饰,18.8,10541500,360749112,360749112,678208.33056
2022-02-22,SH603032,德新科技,65.81,811500,160008000,167338000,1101251.378
2022-02-22,SZ300587,天铁科技,19.83,6483985,478396776,628221446,1245763.127418
2022-02-22,SZ002838,道恩股份,15.54,5662092,349863584,409245015,635966.75331
2022-02-22,SH603228,景旺电子,31.58,2125722,841872019,851672591,2689582.042378
2022-02-22,SZ300583,赛托生物,23.5,804300,104386942,107252567,252043.53245
2022-02-22,SH603877,太平鸟,23.84,3209498,471201968,476727790,1136519.05136
2022-02-22,SZ002840,华统股份,14.99,13710795,444778364,456240764,683904.905236
2022-02-22,SZ300591,万里马,6.23,8208260,224930285,329724410,205418.30743
2022-02-22,SH603689,皖天然气,10.3,4247600,336000000,336000000,346080
2022-02-22,SH603266,天龙股份,11.38,1690100,197713834,198910550,226360.2059
2022-02-22,SH603579,荣泰健康,30.46,884959,137973372,140003372,426450.271112
2022-02-22,SZ300580,贝斯特,26.54,4248402,186527665,200010790,530828.63666
2022-02-22,SZ300590,移为通信,27.28,3962204,210171826,304526999,830749.653272
2022-02-22,SZ300584,海辰药业,57.61,13722358,64045251,120000000,691320
2022-02-22,SH603628,清源股份,11.8,2854760,273800000,273800000,323084
2022-02-22,SH603639,海利尔,21.58,2440888,332259906,339834466,733362.777628
2022-02-22,SZ002824,和胜股份,38.19,1975783,113662724,184744770,705540.27663
2022-02-22,SZ300589,江龙船艇,21.4,2738260,111205440,222157645,475417.3603
2022-02-22,SZ300593,新雷能,39.55,4492836,215291424,265985312,1051971.90896
2022-02-22,SH603690,至纯科技,38.96,4803071,307996239,318500474,1240877.846704
2022-02-22,SH603039,泛微网络,65.61,468003,260603073,260603073,1709816.761953
2022-02-22,SH603038,华立股份,10.32,4318400,206674697,206674697,213288.287304
2022-02-22,SZ300595,欧普康视,39.8,9105054,624677051,850508170,3385022.5166
2022-02-22,SH603165,荣晟环保,15.46,1741700,263201890,263201890,406910.12194
2022-02-22,SH603668,天马科技,10.94,7777256,404697925,436164726,477164.210244
2022-02-22,SH601858,中国科传,8.86,5387611,790500000,790500000,700383
2022-02-22,SH603337,杰克科技,26.3,1184453,444488220,445868520,1172634.2076
2022-02-22,SZ002842,翔鹭钨业,9.53,3086200,212252639,277671652,264621.084356
2022-02-22,SZ300596,利安隆,42.26,987150,185627344,205010420,866374.03492
2022-02-22,SZ002841,视源股份,89.8,4390615,451156544,666549706,5985616.35988
2022-02-22,SZ002843,泰嘉股份,11.37,4096121,209996625,210000000,238770
2022-02-22,SZ300592,华凯易佰,18.09,1356600,128351073,289175621,523118.698389
2022-02-22,SH603037,凯众股份,18.15,1030000,104901350,104901350,190395.95025
2022-02-22,SH603638,艾迪精密,29.97,1030811,782586112,841558502,2522150.830494
2022-02-22,SZ300598,诚迈科技,56.05,2414161,158343282,158360831,887612.457755
2022-02-22,SZ300597,吉大通信,10.34,10445079,221018840,240000000,248160
2022-02-22,SZ300599,雄塑科技,10.5,4990100,206934792,358131567,376038.14535
2022-02-22,SH601881,中国银河,10.32,22871383,6446274124,10137258757,10461651.037224
2022-02-22,SH603429,集友股份,22.69,3491656,373853448,380238957,862762.193433
2022-02-22,SZ002839,张家港行,6.51,14016738,1718503681,1807959258,1176981.476958
2022-02-22,SH603358,华达科技,20.49,1737080,439040000,439040000,899592.96
2022-02-22,SZ300600,国瑞科技,9.41,3142046,227722905,294234480,276874.64568
2022-02-22,SZ300578,会畅科技,23.5,7868614,162808993,199841440,469627.384
2022-02-22,SZ002845,同兴达,26.43,1778379,159411451,234314304,619292.705472
2022-02-22,SH603966,法兰泰克,9.3,1687552,300324800,300324800,279302.064
2022-02-22,SZ300603,立昂技术,12.02,47536515,256445517,370098349,444858.215498
2022-02-22,SH603089,正裕工业,8.73,1660000,222499802,222499802,194242.327146
2022-02-22,SZ300602,飞荣达,19.02,2554370,311037067,507941948,966105.585096
2022-02-22,SH603360,百傲化学,12.1,1255020,255885400,261346400,316229.144
2022-02-22,SH603677,奇精机械,12.77,1204083,192138626,192138626,245361.025402
2022-02-22,SH603177,德创环保,19.99,1916500,202000000,202000000,403798
2022-02-22,SZ002846,英联股份,7.27,1284560,222714203,318393653,231472.185731
2022-02-22,SZ300601,康泰生物,80.16,4579623,534228195,687033627,5507261.554032
2022-02-22,SZ300606,金太阳,17.72,1053610,55462218,93434000,165565.048
2022-02-22,SZ002847,盐津铺子,65.1,663727,113295042,129360000,842133.6
2022-02-22,SH603881,数据港,43,52977277,328927197,328927197,1414386.9471
2022-02-22,SH603637,镇海股份,9.18,10572002,243678373,243678373,223696.746414
2022-02-22,SZ300605,恒锋信息,18.33,32196589,102851539,164564624,301646.955792
2022-02-22,SH603626,科森科技,9.58,16612161,552401990,557549390,534132.31562
2022-02-22,SH603040,新坐标,18.83,1015544,133989109,133989109,252301.492247
2022-02-22,SZ300607,拓斯达,13.68,3497475,277613809,426464360,583403.24448
2022-02-22,SH603208,江山欧派,69.7,724659,105065297,105065297,732305.12009
2022-02-22,SZ300608,思特奇,15.05,26175180,163171064,209910067,315914.650835
2022-02-22,SH603330,天洋新材,17.7,4740579,237732774,237732774,420787.00998
2022-02-22,SZ300610,晨化股份,19.65,4924809,159290085,212877000,418303.305
2022-02-22,SH603615,茶花股份,8.65,1513500,241820000,243140000,210316.1
2022-02-22,SZ002848,*ST高斯,9.66,7899200,160759944,167150000,161466.9
2022-02-22,SH603839,安正时尚,9.2,6861938,400102220,400102220,368094.0424
2022-02-22,SZ300609,汇纳科技,20.46,11704718,90793700,121912390,249432.74994
2022-02-22,SH601212,白银有色,3.15,102222025,7404774511,7404774511,2332503.970965
2022-02-22,SZ300615,欣天科技,12.81,2443600,102652326,188500000,241468.5
2022-02-22,SZ300612,宣亚国际,18.3,12187100,159039975,159039975,291043.15425
2022-02-22,SH603603,退市博天,5.36,22387183,256265738,417784056,223932.254016
2022-02-22,SZ002849,威星智能,13.59,8026112,101293139,132356050,179871.87195
2022-02-22,SZ300613,富瀚微,120.08,1248625,113260442,120141045,1442653.66836
2022-02-22,SH603817,海峡环保,7.13,14536665,450167579,450167579,320969.483827
2022-02-22,SZ300611,美力科技,10.27,2223205,121740438,178963188,183795.194076
2022-02-22,SH600939,重庆建工,6.1,183744793,1814549279,1814549279,1106875.06019
2022-02-22,SH603345,安井食品,126.52,3824948,242382360,244424360,3092457.00272
2022-02-22,SH603238,诺邦股份,13.78,3517159,176030000,179075000,246765.35
2022-02-22,SZ300617,安靠智电,48.51,1814933,104198186,167996636,814951.681236
2022-02-22,SZ300619,金银河,62.35,2256742,59449716,84664538,527883.39443
2022-02-22,SZ002850,科达利,138.29,2249995,153977312,232920451,3221056.916879
2022-02-22,SZ300618,寒锐钴业,76.3,4627118,221763961,309617139,2362378.77057
2022-02-22,SH603138,海量数据,25.51,38240533,252664524,283281790,722651.84629
2022-02-22,SH603578,三星新材,15.88,892481,139076512,139076512,220853.501056
2022-02-22,SZ002851,麦格米特,27.29,990487,405498102,497569343,1357866.737047
2022-02-22,SZ300616,尚品宅配,37.62,856900,130125262,198675000,747415.35
2022-02-22,SH603908,牧高笛,38.09,477600,66690000,66690000,254022.21
2022-02-22,SH603991,至正股份,43.17,435600,74534998,74534998,321767.586366
2022-02-22,SH603955,大千生态,15.54,1976623,135720000,135720000,210908.88
2022-02-22,SZ002852,道道全,13.22,1127846,209513359,359000000,474598
2022-02-22,SZ002853,皮阿诺,13.5,1733900,114438885,186542748,251832.7098
2022-02-22,SZ300620,光库科技,43.68,2262319,159600948,164062015,716622.88152
2022-02-22,SH603630,拉芳家化,17.15,2397090,224985160,226681000,388757.915
2022-02-22,SH603665,康隆达,41.1,1751156,160683077,160683077,660407.44647
2022-02-22,SH603960,克来机电,24.89,1913300,260169835,260944500,649490.8605
2022-02-22,SZ300623,捷捷微电,27.04,8941722,640689908,736717634,1992084.482336
2022-02-22,SH603903,中持股份,12.48,5459327,202303752,202303752,252475.082496
2022-02-22,SH603811,诚意药业,14.45,3264140,233788800,233788800,337824.816
2022-02-22,SZ300622,博士眼镜,19.14,1207388,106436784,172268571,329722.044894
2022-02-22,SZ300621,维业股份,10.05,5109450,193788623,208056700,209096.9835
2022-02-22,SH603179,新泉股份,34.89,2801392,374847670,374847670,1307843.52063
2022-02-22,SZ300625,三雄极光,13.6,829400,138395802,280000000,380800
2022-02-22,SH603517,ST绝味,52.4,9252411,608630695,614712995,3221096.0938
2022-02-22,SZ300628,亿联网络,73,3229131,482208953,902311410,6586873.293
2022-02-22,SH603133,退市碳元,10.03,2734100,209185200,209185200,209812.7556
2022-02-22,SZ300626,华瑞股份,9.77,2328080,135151519,180000000,175860
2022-02-22,SZ002856,美芝股份,12.05,2905485,97573033,135312808,163051.93364
2022-02-22,SZ300627,华测导航,38.1,2087174,305439725,378713218,1442897.36058
2022-02-22,SH603656,泰禾智能,12.4,862208,150471600,153456600,190286.184
2022-02-22,SZ002855,捷荣技术,8.84,1113406,245989232,250612402,221541.363368
2022-02-22,SZ300631,久吾高科,38.53,7717133,117693344,122642024,472539.718472
2022-02-22,SZ002857,三晖电气,15.29,1195700,91057501,128000000,195712
2022-02-22,SH603388,*ST元成,10.13,52651163,285142060,285142060,288848.90678
2022-02-22,SH603768,常青股份,15.69,305800,204000000,204000000,320076
2022-02-22,SZ002858,力盛体育,16.29,5164708,97233444,159925838,260519.190102
2022-02-22,SZ300629,新劲刚,28.91,5568007,93046834,139562893,403476.323663
2022-02-22,SZ002774,快意电梯,9.68,13360126,281808185,336687900,325913.8872
2022-02-22,SH603717,天域生物,15.85,3971520,290146240,290146240,459881.7904
2022-02-22,SH603833,欧派家居,127.5,803545,609151948,609151948,7766687.337
2022-02-22,SZ300630,普利退,45.63,2519036,322077976,436981580,1993946.94954
2022-02-22,SH603178,圣龙股份,12.39,1581200,200963000,236411881,292914.320559
2022-02-22,SH601228,广州港,3.36,8347400,6193180000,6193180000,2080908.48
2022-02-22,SH603303,得邦照明,15.47,1389610,476944575,476944575,737833.257525
2022-02-22,SH603041,美思德,12.69,643556,140882840,140882840,178780.32396
2022-02-22,SZ300635,中达安,15.15,2165400,95925269,136322000,206527.83
2022-02-22,SZ300636,同和药业,20.67,1539509,169027590,205906321,425608.365507
2022-02-22,SH601200,上海环境,12.14,5864746,1121858543,1121858543,1361936.271202
2022-02-22,SH603385,惠达卫浴,9.89,2526299,369396444,384502298,380272.772722
2022-02-22,SZ300632,光莆股份,13.45,3608530,200300396,306169356,411797.78382
2022-02-22,SH603586,金麒麟,11.98,836000,202113700,203458700,243743.5226
2022-02-22,SZ300633,开立医疗,29.29,2046421,400010000,429771745,1258801.441105
2022-02-22,SH603538,美诺华,28.84,1837734,149575677,151303537,436359.400708
2022-02-22,SZ002859,洁美科技,31.15,3727088,399421403,410020955,1277215.274825
2022-02-22,SH603078,江化微,23.88,2767726,195972241,195972241,467981.711508
2022-02-22,SH603906,龙蟠科技,29.89,7356497,482091352,482091352,1440971.051128
2022-02-22,SZ002862,实丰文化,13,1556850,83427083,120000000,156000
2022-02-22,SZ002860,星帅尔,18.96,2696691,147145649,204206647,387175.802712
2022-02-22,SH601366,利群股份,6.76,4699700,834046738,860527080,581716.30608
2022-02-22,SZ300637,扬帆新材,8.11,1840250,234179370,234750130,190382.35543
2022-02-22,SZ300639,凯普生物,29.34,9627200,288667699,293893744,862284.244896
2022-02-22,SZ300638,广和通,44.33,1998690,259620632,414188321,1836096.826993
2022-02-22,SH603797,联泰环保,6.58,2253977,543789109,584065200,384314.9016
2022-02-22,SZ002861,瀛通通讯,12.49,1013636,107981391,156762883,195796.840867
2022-02-22,SH603826,坤彩科技,54.02,2316648,468000000,468000000,2528136
2022-02-22,SH603050,科林电气,15.87,3084613,162210100,162210100,257427.4287
2022-02-22,SZ300640,德艺文创,7.8,15125580,187915100,286850254,223743.19812
2022-02-22,SZ300604,长川科技,39,8315482,427456973,604328728,2356882.0392
2022-02-22,SZ002863,今飞凯达,5.41,8704000,498818896,498818896,269861.022736
2022-02-22,SZ300641,正丹股份,6.7,3422170,489602793,489602793,328033.87131
2022-02-22,SH603225,新凤鸣,14.34,6390233,1504524773,1529569306,2193402.384804
2022-02-22,SH603803,瑞斯康达,8.58,28379616,421055557,421055557,361265.667906
2022-02-22,SH603081,大丰实业,13.56,5369102,401813758,409085758,554720.287848
2022-02-22,SH603232,格尔软件,15.1,3823266,231722033,231722033,349900.26983
2022-02-22,SZ300645,正元智慧,25.36,12098898,127650635,127650635,323722.01036
2022-02-22,SZ300554,三超新材,16.96,1889200,65242104,93613367,158768.270432
2022-02-22,SZ300642,透景生命,27.66,3096769,138672864,163904139,453358.848474
2022-02-22,SH603139,康惠股份,17.7,762414,99880000,99880000,176787.6
2022-02-22,SH603096,新经典,25.42,1397571,162503585,162503585,413084.11307
2022-02-22,SZ002865,钧达股份,68.99,4507996,138148261,141524273,976375.959427
2022-02-22,SZ300648,星云股份,48.94,2885528,92276121,147783896,723254.387024
2022-02-22,SH603920,世运电路,19.58,6878981,532173395,532247495,1042140.59521
2022-02-22,SZ002866,传艺科技,12.13,1763250,179114343,287655011,348925.528343
2022-02-22,SZ300514,友讯达,12.63,4699100,152912000,200000000,252600
2022-02-22,SZ002867,周大生,19.57,5493293,1078234912,1096079837,2145028.241009
2022-02-22,SH603787,新日股份,14.74,4341000,204000000,204000000,300696
2022-02-22,SH603320,迪贝电气,14.18,2009340,130010167,130010167,184354.416806
2022-02-22,SZ300647,超频三,9.48,16712832,416872550,430618755,408226.57974
2022-02-22,SZ002868,*ST绿康,11.01,1147620,155415837,155415837,171112.836537
2022-02-22,SZ300650,太龙股份,26.82,6117926,83420759,128574439,344836.645398
2022-02-22,SH603505,金石资源,35.65,3122209,309420968,311603408,1110866.14952
2022-02-22,SH603501,豪威集团,238,7434701,790025373,875724555,20842244.409
2022-02-22,SZ300643,万通智控,11.71,2206000,230000000,230000000,269330
2022-02-22,SZ300649,杭州园林,32.08,24526029,103271450,132416609,424792.481672
2022-02-22,SH603985,恒润股份,48.1,2875177,264992000,339121541,1631174.61221
2022-02-22,SH603229,奥翔药业,39.82,4473520,283571904,287047646,1143023.726372
2022-02-22,SZ300651,金陵体育,31.21,1965300,72705239,128747077,401819.627317
2022-02-22,SH603728,鸣志电器,19.06,1864204,416000000,420165000,800834.49
2022-02-22,SH603926,铁流股份,15.35,907750,160201600,176563485,271024.949475
2022-02-22,SH603896,寿仙谷,51.85,1860421,152498417,152498417,790704.292145
2022-02-22,SH603113,金能科技,14.89,6480663,723665890,855071934,1273202.109726
2022-02-22,SH603086,先达股份,11.69,2805246,220059700,221886000,259384.734
2022-02-22,SZ002871,伟隆股份,11.26,7473862,86032783,169032648,190330.761648
2022-02-22,SH603180,金牌家居,36.4,972872,143212943,154382664,561952.89696
2022-02-22,SZ002870,香山股份,32.53,1023000,56717925,110670000,360009.51
2022-02-22,SH601952,苏垦农发,11.68,16700099,1378000000,1378000000,1609504
2022-02-22,SZ002869,金溢科技,14.95,2248370,155219292,180148557,269322.092715
2022-02-22,SH603488,展鹏科技,8.65,1657100,291990440,291990440,252571.7306
2022-02-22,SZ300652,雷迪克,20.48,814100,83507961,94082005,192679.94624
2022-02-22,SZ300653,正海生物,65.87,1102831,120000000,120000000,790440
2022-02-22,SH603758,秦安股份,7.9,828300,438797049,438797049,346649.66871
2022-02-22,SH603269,海鸥股份,13.82,1204175,112518866,112518866,155501.072812
2022-02-22,SZ002872,ST天圣,5.18,2623801,215038268,318000000,164724
2022-02-22,SZ300656,民德电子,41.88,497299,82715625,130783843,547722.734484
2022-02-22,SZ002873,新天药业,24.46,18959489,155095837,164027885,401212.20671
2022-02-22,SH603197,保隆科技,48.41,4422557,201859610,207805908,1005988.400628
2022-02-22,SH603383,顶点软件,29.94,987280,168250516,170923516,511745.006904
2022-02-22,SZ300657,弘信电子,13.4,4231472,422869854,445053082,596371.12988
2022-02-22,SZ300655,晶瑞电材,34.06,6586395,289333563,346454033,1180022.436398
2022-02-22,SH603855,华荣股份,24.38,1637100,335550000,337598000,823063.924
2022-02-22,SZ002876,三利谱,52.23,2477726,144722896,173884932,908200.999836
2022-02-22,SH603580,*ST艾艾,12.16,1436104,130673200,130673200,158898.6112
2022-02-22,SZ300659,中孚信息,31.7,3520567,148628316,226618285,718379.96345
2022-02-22,SH603196,日播时尚,7.5,3049200,236716000,240000000,180000
2022-02-22,SZ002875,安奈儿,10.89,9296157,79354515,212081352,230956.592328
2022-02-22,SH603200,上海洗霸,21.01,1200225,125296539,125296539,263248.028439
2022-02-22,SZ300658,延江股份,10.04,2308700,135542159,227610000,228520.44
2022-02-22,SH603042,华脉科技,13.44,7548100,158656247,160589840,215832.74496
2022-02-22,SZ300660,江苏雷利,25.53,1733752,125511703,259326328,662060.115384
2022-02-22,SZ002877,智能自控,6.93,2584580,205867275,332527066,230441.256738
2022-02-22,SZ300661,圣邦股份,321.85,1696435,219710148,236020819,7596330.059515
2022-02-22,SZ002878,元隆雅图,22.43,22733196,188596247,223153267,500532.777881
2022-02-22,SH600732,爱旭股份,18.23,24561000,667617987,2036329187,3712228.107901
2022-02-22,SH603496,恒为科技,14.54,2272678,198867502,227954505,331445.85027
2022-02-22,SZ300662,科锐国际,49.27,457100,194844295,196887795,970066.165965
2022-02-22,SZ300663,科蓝软件,20,25846299,384248883,462178442,924356.884
2022-02-22,SH603536,惠发食品,9.46,3630200,169918000,174836000,165394.856
2022-02-22,SH603767,中马传动,8.57,6575540,303804500,305981000,262225.717
2022-02-22,SZ300665,飞鹿股份,9.55,3387248,132959648,173398120,165595.2046
2022-02-22,SH603879,永悦科技,7.15,2456126,362314440,362314440,259054.8246
2022-02-22,SZ300666,江丰电子,51.73,4967348,154980247,228207600,1180517.9148
2022-02-22,SH603980,吉华集团,6.3,2338680,700000000,700000000,441000
2022-02-22,SH603226,菲林格尔,6.94,1435249,273455208,273455208,189777.914352
2022-02-22,SZ002880,卫光生物,29.22,573922,226800000,226800000,662709.6
2022-02-22,SH603326,我乐家居,9.29,2461236,315512680,322069200,299202.2868
2022-02-22,SH603316,诚邦股份,11.03,2477119,264264000,264264000,291483.192
2022-02-22,SZ300667,必创科技,21.13,1439716,151241928,200840639,424376.270207
2022-02-22,SZ300668,杰恩设计,19.2,1215400,56072201,120381273,231132.04416
2022-02-22,SH603335,迪生力,6.44,26152720,428144600,428144600,275725.1224
2022-02-22,SZ002883,中设股份,12.05,2693600,89326002,130257852,156960.71166
2022-02-22,SH603679,华体科技,16.04,21345335,141571744,142012744,227788.441376
2022-02-22,SH603380,易德龙,36.89,862600,160000000,161289000,594995.121
2022-02-22,SZ002881,美格智能,46.25,2705080,103477150,184490000,853266.25
2022-02-22,SH601878,浙商证券,11.9,27570353,3878168795,3878168795,4615020.86605
2022-02-22,SZ002885,京泉华,19.41,7160913,118413013,180000000,349380
2022-02-22,SH603043,广州酒家,23.58,3361298,565594658,565594658,1333672.203564
2022-02-22,SZ002886,沃特股份,24.56,2932354,172112803,226573529,556464.587224
2022-02-22,SH603286,日盈电子,17.31,920700,88076000,89126000,154277.106
2022-02-22,SH603938,三孚股份,39.45,10385083,195216580,195216580,770129.4081
2022-02-22,SZ300669,沪宁股份,17.27,546600,100679946,128470351,221868.296177
2022-02-22,SH603801,志邦家居,28.05,2095873,308529458,312308758,876026.06619
2022-02-22,SH603617,君禾股份,12.6,852340,199462981,259301043,326719.31418
2022-02-22,SZ300670,大烨智能,9.67,8707250,211486517,316587479,306140.092193
2022-02-22,SH603331,百达精工,12.15,1370252,175419917,178159917,216464.299155
2022-02-22,SZ300671,富满微,64.25,4443392,204952494,216684993,1392201.080025
2022-02-22,SH603933,睿能科技,12.5,1402416,201233200,210862200,263577.75
2022-02-22,SZ002879,长缆科技,19.46,4030400,133941071,193107640,375787.46744
2022-02-22,SH603305,旭升集团,39.35,2820179,447038482,447038482,1759096.42667
2022-02-22,SH603757,大元泵业,16.69,709016,165544000,168306000,280902.714
2022-02-22,SZ002884,凌霄泵业,24.19,1419687,270996640,355597743,860190.940317
2022-02-22,SZ300673,佩蒂股份,17.45,1108100,162384480,253411200,442202.544
2022-02-22,SZ300672,国科微,100.1,4062664,173072403,182121301,1823034.22301
2022-02-22,SH603595,ST东尼,31.15,2432322,161319108,232442326,724057.84549
2022-02-22,SZ300676,华大基因,85.57,2656202,261729357,413914325,3541864.879025
2022-02-22,SH603387,基蛋生物,18.21,5994860,363813302,363813302,662504.022942
2022-02-22,SZ002882,金龙羽,9.7,2231600,431137500,432900000,419913
2022-02-22,SH603612,索通发展,17.47,7751841,430491299,459935734,803507.727298
2022-02-22,SZ300675,建科院,20.14,11949800,146666700,146666700,295386.7338
2022-02-22,SH603707,健友股份,33.56,2661606,1240854555,1243600220,4173522.33832
2022-02-22,SH601619,嘉泽新能,4.82,22405078,2365350009,2434220009,1173294.044338
2022-02-22,SH603676,卫信康,9.86,3517300,423000000,436029000,429924.594
2022-02-22,SZ300677,英科医疗,51.27,8691985,383778618,549575485,2817673.511595
2022-02-22,SZ002888,惠威科技,12.36,675740,75191926,149611680,184920.03648
2022-02-22,SZ300680,隆盛科技,24.9,1647871,139867756,201851388,502609.95612
2022-02-22,SZ300681,英搏尔,99.92,956200,43335000,75600000,755395.2
2022-02-22,SH603063,禾望电气,39.3,5300694,433757500,436603000,1715849.79
2022-02-22,SZ300678,中科信息,20.93,11871528,180000000,188903321,395374.650853
2022-02-22,SH603730,岱美股份,17.35,1363455,724415505,724415505,1256860.901175
2022-02-22,SZ002889,东方嘉盛,26.53,986284,89788004,138101429,366383.091137
2022-02-22,SH603233,大参林,36.02,1963598,788563631,790929621,2848928.494842
2022-02-22,SH600710,苏美达,6.18,7145097,1306749434,1306749434,807571.150212
2022-02-22,SZ300679,电连技术,49.96,3194470,310249661,421200000,2104315.2
2022-02-22,SH603357,设计总院,10.91,22753054,454542698,454542698,495906.083518
2022-02-22,SZ300682,朗新科技,33.48,3160216,737572050,1045521166,3500404.863768
2022-02-22,SZ002887,绿茵生态,10.53,8459595,160263480,312000000,328536
2022-02-22,SH603860,中公高科,23.4,358000,66680000,66680000,156031.2
2022-02-22,SH603825,ST华扬,22.16,34161150,226399672,253336552,561393.799232
2022-02-22,SZ300685,艾德生物,55.92,1025397,219598800,221722500,1239872.22
2022-02-22,SZ002890,弘宇股份,17.49,1177580,67037686,93338000,163248.162
2022-02-22,SZ300687,赛意信息,27.92,2469326,273376013,398402569,1112339.972648
2022-02-22,SZ300686,智动力,13.68,990161,198366085,265624240,363373.96032
2022-02-22,SH603880,南卫股份,6.2,1969730,289042000,292474000,181333.88
2022-02-22,SH603978,深圳新星,24.22,2236600,165939476,165939476,401905.410872
2022-02-22,SH603535,嘉诚国际,26.14,753300,150400000,160860576,420489.545664
2022-02-22,SZ300683,海特生物,51.06,1753573,95057790,122104165,623463.86649
2022-02-22,SZ300690,双一科技,23.31,2158290,108722198,166317757,387686.691567
2022-02-22,SZ300689,澄天伟业,23.07,1518440,97271861,115600000,266689.2
2022-02-22,SH603458,勘设股份,15.52,11217925,311319847,313804147,487024.036144
2022-02-22,SZ300688,创业黑马,30.21,6140680,88126383,109208976,329920.316496
2022-02-22,SH603602,纵横通信,12.63,6866596,203848766,203848766,257460.991458
2022-02-22,SZ300691,联合光电,17.95,9135988,183058148,264784397,475287.992615
2022-02-22,SH603721,*ST天择,14.63,5465367,130000000,130000000,190190
2022-02-22,SH601326,秦港股份,2.79,9484660,4757559000,5587412000,1558887.948
2022-02-22,SH603776,永安行,15.53,3194520,232219822,233447522,362544.001666
2022-02-22,SZ002892,科力尔,20.97,2278913,134421941,225009666,471845.269602
2022-02-22,SH603129,春风动力,131.66,589605,134377300,150077374,1975918.706084
2022-02-22,SH603557,ST起步,5,7577300,494056624,496037624,248018.812
2022-02-22,SH601949,中国出版,5.56,9233135,1822500000,1822500000,1013310
2022-02-22,SZ002891,中宠股份,25.58,1328334,294105948,294112698,752340.281484
2022-02-22,SZ300692,中赋科技,8.71,12653080,374573514,423750439,369086.632369
2022-02-22,SH603976,正川股份,30.39,839900,151201168,151201168,459500.349552
2022-02-22,SZ300693,盛弘股份,33.72,19339014,140687778,205275493,692188.962396
2022-02-22,SZ300696,爱乐达,44.28,2248512,142737177,244297078,1081747.461384
2022-02-22,SH603079,圣达生物,15.1,908840,171188958,171188958,258495.32658
2022-02-22,SH603181,皇马科技,16.26,1111691,588700000,588700000,957226.2
2022-02-22,SH603127,昭衍新药,100.66,2267474,320268235,381246492,3837627.188472
2022-02-22,SZ002895,川恒股份,24.37,8357917,488017500,488423000,1190286.851
2022-02-22,SZ002896,中大力德,21.73,512210,104000000,104000000,225992
2022-02-22,SZ300698,万马科技,24.61,3750800,99571277,134000000,329774
2022-02-22,SH603359,东珠生态,13.75,3205096,446096000,446096000,613382
2022-02-22,SZ300699,光威复材,70.64,3537063,508384593,518350000,3661624.4
2022-02-22,SH603500,祥和实业,9.53,2665924,245548776,245548776,234007.983528
2022-02-22,SH603183,建研院,6.42,20090590,401848764,417369292,267951.085464
2022-02-22,SH603725,天安新材,7.65,2208940,205352000,209442000,160223.13
2022-02-22,SZ300697,电工合金,12.02,1946496,220455040,332800000,400025.6
2022-02-22,SH603527,众源新材,11.18,2989260,243824000,243824000,272595.232
2022-02-22,SZ002897,意华股份,36.64,3176832,157788283,170672000,625342.208
2022-02-22,SH603882,金域医学,79.03,2155761,462462577,465586275,3679528.331325
2022-02-22,SZ300695,兆丰股份,56,154472,66677700,70929872,397207.2832
2022-02-22,SH603277,银都股份,20.17,3347100,410049000,420220000,847583.74
2022-02-22,SZ300700,岱勒新材,23.76,11261725,74276829,107137593,254558.920968
2022-02-22,SZ002898,*ST赛隆,11.42,7228160,100985061,176000000,200992
2022-02-22,SH603386,骏亚科技,17.71,2080400,221957568,234316063,414973.747573
2022-02-22,SH603648,畅联股份,8.91,4506200,368666700,368666700,328482.0297
2022-02-22,SZ300701,森霸传感,16.89,3194368,180000000,180000000,304020
2022-02-22,SZ002899,英派斯,13.81,1579200,119998875,120000000,165720
2022-02-22,SH603321,梅轮电梯,7.49,6117500,307000000,307000000,229943
2022-02-22,SZ002893,京能热力,9.58,14540074,201769119,202800000,194282.4
2022-02-22,SH603813,*ST原尚,15.5,733800,88782000,88782000,137612.1
2022-02-22,SZ300703,创源股份,9.91,4359575,172042785,182826280,181180.84348
2022-02-22,SZ300702,天宇股份,43.27,1389306,211843333,347977159,1505697.166993
2022-02-22,SH603106,恒银科技,7.11,18738411,520520000,520520000,370089.72
2022-02-22,SH603055,台华新材,14.54,1662621,804671904,868874372,1263343.336888
2022-02-22,SH603533,掌阅科技,19.01,4533912,438896835,438896835,834342.883335
2022-02-22,SZ002901,大博医疗,46.4,743895,340608624,405139820,1879848.7648
2022-02-22,SZ002900,哈三联,16.41,2934280,170473425,316600050,519540.68205
2022-02-22,SH603963,*ST大药,7.34,6300124,219700000,219700000,161259.8
2022-02-22,SH603157,退市拉夏,1.54,11864400,332603027,547671642,84341.432868
2022-02-22,SZ300706,阿石创,25.06,1556780,81613930,152852499,383048.362494
2022-02-22,SZ300654,世纪天鸿,8.51,2112165,173606599,182032500,154909.6575
2022-02-22,SH603363,傲农生物,19.59,11744123,656385890,684412775,1340764.626225
2022-02-22,SH603136,天目湖,20.24,4637007,186294283,186294283,377059.628792
2022-02-22,SH603378,亚士创能,17.96,3082057,279092565,298806613,536656.676948
2022-02-22,SH603367,辰欣药业,12.59,1592921,448278000,453333000,570746.247
2022-02-22,SH601086,国芳集团,3.93,2692600,666000000,666000000,261738
2022-02-22,SZ002902,铭普光磁,13.35,4716450,132249535,210000000,280350
2022-02-22,SZ300705,九典制药,27.84,1505135,142890383,234687298,653369.437632
2022-02-22,SZ300707,威唐工业,16.62,2633346,111277975,157026149,260977.459638
2022-02-22,SH603103,横店影视,13.37,5493467,634200000,634200000,847925.4
2022-02-22,SH603110,东方材料,42.87,1138532,201226732,201226732,862659.000084
2022-02-22,SZ002903,宇环数控,15.88,1714359,91290801,152334000,241906.392
2022-02-22,SZ002906,华阳集团,48.07,2282550,472701951,474735830,2282055.13481
2022-02-22,SH603499,翔港科技,8.08,1628500,201150941,201180341,162553.715528
2022-02-22,SZ300708,聚灿光电,17.08,11702270,363959671,543631746,928523.022168
2022-02-22,SZ002905,金逸影视,7.47,7499391,349440000,376320000,281111.04
2022-02-22,SH603829,洛凯股份,11.69,1428000,160000000,160000000,187040
2022-02-22,SH603396,金辰股份,74.4,6252588,115999882,116293082,865220.53008
2022-02-22,SZ300709,精研科技,47.05,2240934,123390361,155193217,730184.085985
2022-02-22,SZ300710,万隆光电,59.23,1229000,44128920,68614000,406400.722
2022-02-22,SZ002908,德生科技,20.18,15765651,147876228,200831050,405277.0589
2022-02-22,SH603466,风语筑,22.49,17901680,419786665,421966015,949001.567735
2022-02-22,SZ002907,华森制药,13.49,3541564,284291978,401690732,541880.797468
2022-02-22,SH603683,晶华新材,11.42,1527420,177338000,183569000,209635.798
2022-02-22,SH603922,金鸿顺,20.28,724500,128000000,128000000,259584
2022-02-22,SH601108,财通证券,9.83,23916496,3589014753,3589014753,3528001.502199
2022-02-22,SH603607,京华激光,14.78,2189900,178516800,178516800,263847.8304
2022-02-22,SH603722,阿科力,50.7,498483,87417750,87937500,445843.125
2022-02-22,SZ002909,集泰股份,6.81,3138048,348155344,372752452,253844.419812
2022-02-22,SZ300715,凯伦股份,16.5,1499880,307108800,389922028,643371.3462
2022-02-22,SH603260,合盛硅业,127.15,15546716,938000000,1074165577,13658015.311555
2022-02-22,SZ002910,庄园牧场,11.73,4076100,171061950,232381032,272582.950536
2022-02-22,SZ300712,永福股份,47.9,6248310,182104000,182104000,872278.16
2022-02-22,SH603289,泰瑞机器,9.42,1910620,265721200,295721200,278569.3704
2022-02-22,SZ300713,英可瑞,17.03,2129880,90487702.8,157781250,268701.46875
2022-02-22,SZ300711,广哈通信,15.18,7022958,206488513,207642172,315200.817096
2022-02-22,SH603912,佳力图,20.9,952675,216890649,216918189,453359.01501
2022-02-22,SH603937,丽岛新材,11.65,2677800,208880000,208880000,243345.2
2022-02-22,SH603659,璞泰来,130.88,2740374,693117393,694383539,9088091.758432
2022-02-22,SH603856,东宏股份,16.96,2914420,256414600,258034600,437626.6816
2022-02-22,SH603507,振江股份,34.2,2346600,124406400,125631400,429659.388
2022-02-22,SZ300717,华信新材,16.13,2030900,101478400,102400000,165171.2
2022-02-22,SZ300720,海川智能,12.4,951050,99644580,194400000,241056
2022-02-22,SZ300718,长盛轴承,15.68,2064864,168301610,297222000,466044.096
2022-02-22,SH600903,贵州燃气,9.55,16743752,1138185027,1138185027,1086966.700785
2022-02-22,SZ300719,安达维尔,12.17,4715350,181126132,254029250,309153.59725
2022-02-22,SZ300716,ST泉为,9.63,2873167,160020000,160020000,154099.26
2022-02-22,SH603916,苏博特,26.43,3048185,418544798,420308798,1110876.153114
2022-02-22,SH603083,剑桥科技,15.18,15933137,252220566,255581566,387972.817188
2022-02-22,SZ300722,新余国科,37.56,4567875,174720000,174720000,656248.32
2022-02-22,SZ300725,药石科技,86.38,2818891,163518647,199699696,1725005.974048
2022-02-22,SH603076,乐惠国际,35.45,311460,120701344,120701344,427886.26448
2022-02-22,SH603278,大业股份,9.61,2399100,286794191,289958691,278650.302051
2022-02-22,SZ300721,怡达股份,44.82,739400,79350000,85761967,384385.136094
2022-02-22,SH603605,珀莱雅,184,690552,201009966,201009966,3698583.3744
2022-02-22,SZ300723,一品红,28.21,2236754,124345043,288034274,812544.686954
2022-02-22,SZ002864,盘龙药业,26.05,1666000,55299863,86670000,225775.35
2022-02-22,SH603970,中农立华,26.62,797520,95520096,192000096,511104.255552
2022-02-22,SH603619,中曼石油,16.51,31203312,400000100,400000100,660400.1651
2022-02-22,SH600933,爱柯迪,16.34,5618813,859918650,862125700,1408713.3938
2022-02-22,SH603365,水星家纺,16.83,691600,266670000,266670000,448805.61
2022-02-22,SZ300726,宏达电子,76.31,2856822,183232906,411839845,3142749.857195
2022-02-22,SZ002912,中新赛克,31,1432181,117004960,175071680,542722.208
2022-02-22,SH603661,恒林股份,38.41,328600,100000000,100000000,384100
2022-02-22,SZ002911,佛燃能源,10.96,3934635,944695866,945200000,1035939.2
2022-02-22,SH601019,山东出版,6.49,6445905,2086900000,2086900000,1354398.1
2022-02-22,SH603685,晨丰科技,11.67,1366900,169000000,169000000,197223
2022-02-22,SZ300727,润禾材料,28.59,2600570,112628815,126880000,362749.92
2022-02-22,SH603809,豪能股份,19.85,1640880,296461480,302887480,601231.6478
2022-02-22,SH603711,香飘飘,15.16,1498720,410745800,415113800,629312.5208
2022-02-22,SZ002913,奥士康,67.01,1372087,132105920,161054898,1079228.871498
2022-02-22,SH603848,好太太,16.62,5361198,401000000,401000000,666462
2022-02-22,SZ300729,乐歌股份,23.77,1551052,174221752,220718534,524647.955318
2022-02-22,SH603917,合力科技,17.46,1227700,156800000,156800000,273772.8
2022-02-22,SZ002915,中欣氟材,23.26,1577858,147783714,233755411,543715.085986
2022-02-22,SZ300730,科创信息,20.51,23458212,117716352,159656898,327456.297798
2022-02-22,SZ300731,科创新源,23.63,2028194,117703792,125088307,295583.669441
2022-02-22,SZ002917,金奥博,12.4,17043609,185806500,347614197,431041.60428
2022-02-22,SH603890,春秋电子,11.41,2928172,387110062,439068821,500977.524761
2022-02-22,SZ300732,设研院,16.62,24907150,268768437,274087336,455533.152432
2022-02-22,SZ002916,深南电路,109.9,2309363,485905970,489208272,5376398.90928
2022-02-22,SH600025,华能水电,6.03,19740591,18000000000,18000000000,10854000
2022-02-22,SZ002919,名臣健康,32.65,654150,67857620,122135745,398773.207425
2022-02-22,SH603477,巨星农牧,23.97,13154258,481729320,506093443,1213105.982871
2022-02-22,SZ000155,川能动力,23.62,49446009,1270000000,1475926818,3486139.144116
2022-02-22,SZ002918,蒙娜丽莎,22.45,2677490,214174491,414311940,930130.3053
2022-02-22,SH603283,赛腾股份,24.72,2348900,180366673,181859668,449557.099296
2022-02-22,SZ001965,招商公路,8.52,5589421,1932804723,6178230603,5263852.473756
2022-02-22,SZ002920,德赛西威,123.95,2435598,549850000,555274000,6882621.23
2022-02-22,SZ300684,中石科技,18.27,3790875,160352578,280929947,513259.013169
2022-02-22,SZ002921,联诚精密,18.98,3151844,81816321,106080816,201341.388768
2022-02-22,SZ300735,光弘科技,12.1,4841104,750391959,774621120,937291.5552
2022-02-22,SZ002922,伊戈尔,19.02,43075461,277301026,296320455,563601.50541
2022-02-22,SH603655,朗博科技,19.98,1080562,106000000,106000000,211788
2022-02-22,SH603329,上海雅仕,15.21,2235091,154623964,158756195,241468.172595
2022-02-22,SH603080,新疆火炬,17.25,12546500,141500000,141500000,244087.5
2022-02-22,SH603161,科华控股,12.92,1569100,133400000,133400000,172352.8
2022-02-22,SZ300664,鹏鹞环保,6.79,10410200,704473050,714244800,484972.2192
2022-02-22,SZ002923,润都股份,20.97,1271800,141427720,185679250,389369.38725
2022-02-22,SZ300736,百邦科技,11.69,1010600,104386924,130133104,152125.598576
2022-02-22,SZ002925,盈趣科技,30.2,1258917,730854236,781706749,2360754.38198
2022-02-22,SZ300733,西菱动力,23.09,502400,160723648,172123019,397432.050871
2022-02-22,SH603056,德邦股份,10.59,6039356,960000000,1026957470,1087547.96073
2022-02-22,SH601828,美凯龙,8.66,3778843,3163714366,4354732673,3771198.494818
2022-02-22,SZ300624,万兴科技,39.49,2955989,111069567,129958037,513204.288113
2022-02-22,SZ300738,奥飞数据,28.11,57070361,378339854,381644654,1072803.122394
2022-02-22,SH603895,天永智能,31.89,1186000,108080000,108080000,344667.12
2022-02-22,SH603356,华菱精工,11.83,800400,133340000,133340000,157741.22
2022-02-22,SZ300737,科顺股份,15.42,13139032,845816077,1145867580,1766927.80836
2022-02-22,SH601838,成都银行,14.77,21214512,3601923310,3612251334,5335295.220318
2022-02-22,SH603506,南都物业,15.77,629320,187777779,187777779,296125.557483
2022-02-22,SZ300739,明阳电路,16.06,2074148,288239727,294756807,473379.432042
2022-02-22,SH603516,淳中科技,16.6,2787368,184322201,186355701,309350.46366
2022-02-22,SZ002926,华西证券,9.11,11593954,2625000000,2625000000,2391375
2022-02-22,SZ300644,南京聚隆,18.53,995653,83763016,108682100,201387.9313
2022-02-22,SH603871,嘉友国际,20.11,600989,285385258,316960704,637407.975744
2022-02-22,SZ300740,水羊股份,17.16,5752730,377431396,411060477,705379.778532
2022-02-22,SH603709,中源家居,16.88,440900,80000000,80000000,135040
2022-02-22,SH603156,养元饮品,26.69,1830759,1265493600,1265493600,3377602.4184
2022-02-22,SZ002927,泰永长征,12.42,9188601,222358240,223355600,277407.6552
2022-02-22,SH603712,七一二,35.91,3600063,772000000,772000000,2772252
2022-02-22,SH603680,今创集团,8.74,1432000,783718767,789862437,690339.769938
2022-02-22,SH601360,三六零,10.79,37625053,7145363197,7145363197,7709846.889563
2022-02-22,SZ002929,润建股份,39.13,12191071,168506828,228728817,895015.860921
2022-02-22,SH600901,江苏金租,5.13,8157102,2957490012,2986649968,1532151.433584
2022-02-22,SZ300741,华宝股份,31.35,3267300,615877150,615880000,1930783.8
2022-02-22,SH603059,倍加洁,22.4,1919174,100000000,100000000,224000
2022-02-22,SZ002928,华夏航空,12.62,5670350,1013567644,1013567644,1279122.366728
2022-02-22,SZ300634,彩讯股份,15.07,6595574,417879650,444011100,669124.7277
2022-02-22,SH600929,雪天盐业,6.9,14044388,917779062,1350169795,931617.15855
2022-02-22,SZ002930,宏川智慧,21.4,766292,424324536,446826731,956209.20434
2022-02-22,SZ300504,天邑股份,22.1,9072100,208739295,273091000,603531.11
2022-02-22,SH603214,爱婴室,25.59,6063720,140516936,141518216,362145.114744
2022-02-22,SZ002931,锋龙股份,14.12,3117468,178663130,199140144,281185.883328
2022-02-22,SH603897,长城科技,39.25,2074172,206435681,206435681,810260.047925
2022-02-22,SH603301,振德医疗,38.9,1284535,227204736,227204736,883826.42304
2022-02-22,SH603773,沃格光电,23.36,7085260,122355713,122355713,285822.945568
2022-02-22,SH603876,鼎胜新材,35.75,3734495,485976369,485976369,1737365.519175
2022-02-22,SH603733,仙鹤股份,29.72,2140103,705972266,705972266,2098149.574552
2022-02-22,SH603348,文灿股份,46.42,3071032,257432808,262148808,1216894.766736
2022-02-22,SH603596,伯特利,75.4,2857302,406626000,408446000,3079682.84
2022-02-22,SZ300743,天地数码,12.82,3145177,98171508,138190126,177159.741532
2022-02-22,SZ300742,越博退,27.58,1436800,77832320,78498570,216499.05606
2022-02-22,SH603259,药明康德,96.8,19925664,2546945561,2955752122,28611680.54096
2022-02-22,SH603013,亚普股份,14.55,3661427,510000000,514104833,748022.532015
2022-02-22,SZ300454,深信服,143.02,2596076,270597653,415651628,5944649.583656
2022-02-22,SH603045,福达合金,16.95,3433707,137620000,137620000,233265.9
2022-02-22,SZ300745,欣锐科技,46.37,2580900,87870438,124754678,578487.441886
2022-02-22,SZ300746,汉嘉数智,16.81,20903847,212514261,225738328,379466.129368
2022-02-22,SH603486,科沃斯,134.97,3004568,561395675,573921875,7746223.546875
2022-02-22,SH601138,工业富联,11.27,21150212,19745784027,19865070441,22387934.387007
2022-02-22,SH601330,绿色动力,9.83,8462256,896184208,1393440000,1369751.52
2022-02-22,SZ300750,宁德时代,504,13632851,2038656510,2330851200,117474900.48
2022-02-22,SH603666,亿嘉和,65,2218012,205751700,206550400,1342577.6
2022-02-22,SH601990,南京证券,9.01,10748448,3619930567,3686361034,3321411.291634
2022-02-22,SH601066,中信建投,26.6,11385833,3811362018,7756694797,20632808.16002
2022-02-22,SH603587,地素时尚,17.82,1221322,476790000,481200000,857498.4
2022-02-22,SZ300747,锐科激光,48.99,1905002,376087080,436023500,2136079.1265
2022-02-22,SH603650,彤程新材,36.07,4374822,594057853,597152450,2153928.88715
2022-02-22,SH603693,江苏新能,23.81,3678759,618000000,685750677,1632772.361937
2022-02-22,SH603706,东方环宇,14.75,2065000,160000000,189382714,279339.50315
2022-02-22,SH603105,芯能科技,13.21,9561700,500000000,500000000,660500
2022-02-22,SZ002932,明德生物,74.59,3300421,60114990,104877931,782284.487329
2022-02-22,SH603713,密尔克卫,126.5,636797,163038586,164484436,2080728.1154
2022-02-22,SH601869,长飞光纤,30.96,5602975,406338314,757905108,2346474.214368
2022-02-22,SH603657,春光科技,19.96,897200,134400000,134400000,268262.4
2022-02-22,SH601606,长城军工,12.44,23643746,724228400,724228400,900940.1296
2022-02-22,SZ300724,捷佳伟创,77.85,11818799,265692664,348277595,2711341.077075
2022-02-22,SZ000629,钒钛股份,4.23,141473328,8589431322,8603026202,3639080.083446
2022-02-22,SH603590,康辰药业,29.27,487239,160000000,160000000,468320
2022-02-22,SH603192,汇得科技,36.6,1541624,106666667,106666667,390400.00122
2022-02-22,SZ002933,新兴装备,32.32,912000,71432302,117350000,379275.2
2022-02-22,SZ000950,重药控股,5.04,15506263,1728184696,1743367337,878657.137848
2022-02-22,SH601068,中铝国际,6.05,42939627,2559590667,2959066667,1790235.333535
2022-02-22,SZ002935,天奥电子,35.63,3047855,199322270,208006500,741127.1595
2022-02-22,SH603297,永新光学,97.55,1296280,109588500,110477500,1077708.0125
2022-02-22,SH603790,雅运股份,10.57,921210,191360000,191360000,202267.52
2022-02-22,SH603810,丰山集团,13.58,1447514,159087712,162348760,220469.61608
2022-02-22,SZ002938,鹏鼎控股,35.31,3158264,2200382587,2321475816,8197131.106296
2022-02-22,SZ002936,郑州银行,3.16,13728510,5874984665,8265537599,2611909.881284
2022-02-22,SZ300748,金力永磁,38.59,11405263,702187470,836439590,3227820.37781
2022-02-22,SH603583,捷昌驱动,38.19,1422094,377923597,381915845,1458536.612055
2022-02-22,SZ300749,顶固集创,8.63,2018800,155720850,206896400,178551.5932
2022-02-22,SZ002937,兴瑞科技,20.4,1782867,97561988,297526500,606954.06
2022-02-22,SH601577,长沙银行,8.17,10656746,2067345449,4021553754,3285609.417018
2022-02-22,SZ300694,蠡湖股份,11.54,2318943,208390318,215316977,248475.791458
2022-02-22,SZ300760,迈瑞医疗,317.7,2367017,1215691266,1215691266,38622511.52082
2022-02-22,SH601162,天风证券,3.76,72470989,8665757464,8665757464,3258324.806464
2022-02-22,SZ002940,昂利康,35,2343507,88121508,95946819,335813.8665
2022-02-22,SZ002939,长城证券,10.95,31082967,3103405351,3103405351,3398228.859345
2022-02-22,SZ300674,宇信科技,21.48,15114094,647160944,711626137,1528572.942276
2022-02-22,SZ300751,迈为股份,485.6,970694,94635329,108068901,5247825.83256
2022-02-22,SH603220,中贝通信,16.7,9060001,334021919,337760000,564059.2
2022-02-22,SH601319,中国人保,4.73,45141128,32508137627,44223990583,20917947.545759
2022-02-22,SZ002941,新疆交建,14.36,39848550,638296434,645046434,926286.679224
2022-02-22,SH603187,海容冷链,34.45,1281984,240262127,244511663,842342.679035
2022-02-22,SZ002943,宇晶股份,29,6911700,64564544,100000000,290000
2022-02-22,SZ300752,隆利科技,24.9,2298911,133915130,209976174,522840.67326
2022-02-22,SZ002942,新农股份,18.25,935820,137932823,156000000,284700
2022-02-22,SZ300753,爱朋医疗,17.85,1131992,74940670,126048000,224995.68
2022-02-22,SH603629,利通电子,21.35,927640,100000000,130000000,277550
2022-02-22,SZ001872,招商港口,17.4,1682572,593820070,1922365124,3344915.31576
2022-02-22,SH603185,弘元绿能,129.14,7064054,273363914,275225954,3554267.969956
2022-02-22,SZ300756,金马游乐,23.65,1222004,65811089,101604244,240294.03706
2022-02-22,SH601860,紫金银行,3.27,23405229,3474949868,3660957566,1197133.124082
2022-02-22,SZ300757,罗博特科,50.3,1190750,104000000,110530936,555970.60808
2022-02-22,SH601975,招商南油,2.01,45312650,4852783848,4852783848,975409.553448
2022-02-22,SH603121,华培动力,10.75,2171624,259200000,264551000,284392.325
2022-02-22,SH603739,蔚蓝生物,18.54,1260100,216533800,252084840,467365.29336
2022-02-22,SZ002948,青岛银行,4.21,11000130,3018095690,5820354724,2450369.338804
2022-02-22,SH603332,苏州龙杰,17.75,5408630,118938000,118938000,211114.95
2022-02-22,SZ002945,华林证券,15.25,73873965,2700000000,2700000000,4117500
2022-02-22,SH601598,中国外运,4.31,21027451,1351637231,7400803875,3189746.470125
2022-02-22,SH601298,青岛港,5.76,9989460,5392075000,6491100000,3738873.6
2022-02-22,SH603700,宁水集团,17.88,584400,203242000,203242000,363396.696
2022-02-22,SH601615,明阳智能,24.14,42878792,1933398412,2104255706,5079673.274284
2022-02-22,SZ002946,新乳业,14.05,1947837,841344226,867271498,1218516.45469
2022-02-22,SZ300759,康龙化成,113.9,2395580,637177912,794177098,9045677.14622
2022-02-22,SZ300755,华致酒行,45.09,1779724,412556430,416798400,1879343.9856
2022-02-22,SH603351,威尔药业,30,2953071,130666732,135478432,406435.296
2022-02-22,SZ002947,恒铭达,33.12,4003727,100192909,176131103,583346.213136
2022-02-22,SH601865,福莱特,43.49,9909246,1692513254,2146893254,9336838.761646
2022-02-22,SZ300761,立华股份,34.74,1134780,321789200,403880000,1403079.12
2022-02-22,SZ300758,七彩化学,13.24,2180205,197073620.5,410322870,543267.47988
2022-02-22,SH603956,威派格,16.05,1688655,425960825,425960825,683667.124125
2022-02-22,SZ002949,华阳国际,20.13,13848150,93229881,196035381,394619.221953
2022-02-22,SH600928,西安银行,4.31,8644473,1155635387,4444444445,1915555.555795
2022-02-22,SZ002950,奥美医疗,13.1,4653778,232283579,633265407,829577.68317
2022-02-22,SZ300762,上海瀚讯,23.15,2664551,223120010,392477008,908584.27352
2022-02-22,SZ002951,金时科技,11.43,5622957,71666666,405000000,462915
2022-02-22,SZ300763,锦浪科技,240.6,2933328,107353121,247580246,5956780.71876
2022-02-22,SZ300765,新诺威,16.48,4631203,136500000,546000000,899808
2022-02-22,SZ300766,每日互动,19.1,48038510,309503134,400100000,764191
2022-02-22,SH603681,永冠新材,30.7,937200,86195451,191129871,586768.70397
2022-02-22,SZ002958,青农商行,3.8,14742900,2705591998,5555601212,2111128.46056
2022-02-22,SZ002952,亚世光电,14.66,5838470,69926132,164340000,240922.44
2022-02-22,SZ300767,震安科技,84.32,1340692,118282633,202170726,1704703.561632
2022-02-22,SH603379,三美股份,23.38,4299822,193060783,610479037,1427299.988506
2022-02-22,SZ300768,迪普科技,36.2,1406438,139761477,429252293,1553893.30066
2022-02-22,SH603068,博通集成,46.63,1157915,105864863,151279966,705418.481458
2022-02-22,SZ300769,德方纳米,592.92,933629,54455150,89226682,5290428.429144
2022-02-22,SH603317,天味食品,22.14,3497769,185549690,754181690,1669758.26166
2022-02-22,SZ300770,新媒股份,46.3,5647546,141532002,231058146,1069799.21598
2022-02-22,SZ300771,智莱科技,19.38,1975204,76119696,160000000,310080
2022-02-22,SZ300773,拉卡拉,27.22,19552606,383278662,800020000,2177654.44
2022-02-22,SZ300772,运达股份,37.11,5601475,192176171,338990171,1257992.524581
2022-02-22,SH603967,中创物流,12.67,1500200,93306700,266666700,337866.7089
2022-02-22,SH603697,有友食品,15.62,1050500,89902922,309045600,482729.2272
2022-02-22,SZ002953,日丰股份,16.25,3909100,74669185,243382760,395496.985
2022-02-22,SZ300778,新城市,20.9,1176697,57622625,125000000,261250
2022-02-22,SH603267,鸿远电子,148.4,1418022,157512356,232404000,3448875.36
2022-02-22,SH600989,宝丰能源,17.1,23741488,1994270000,7333360000,12540045.6
2022-02-22,SZ300777,中简科技,48.6,3648011,262258728,400010000,1944048.6
2022-02-22,SZ300776,帝尔激光,205.3,921905,47510432,106270640,2181736.2392
2022-02-22,SZ300775,三角防务,44.39,13248624,264021729,495521729,2199620.955031
2022-02-22,SH603982,泉峰汽车,29.15,2797671,81723140,201415700,587126.7655
2022-02-22,SZ300779,惠城环保,16.61,1765600,69884304,100000000,166100
2022-02-22,SH603327,福蓉科技,14.69,750400,102470650,401000000,589069
2022-02-22,SZ002955,鸿合科技,22.42,5186029,97248383,234985690,526837.91698
2022-02-22,SZ300780,德恩精工,15.21,1156500,65125100,146670000,223085.07
2022-02-22,SZ300781,因赛集团,22.03,3530190,35810580,109903846,242118.172738
2022-02-22,SH603915,国茂股份,34.33,1463703,126757400,473232400,1624606.8292
2022-02-22,SZ300782,卓胜微,244.21,3982502,200665341,333560779,8145887.783959
2022-02-22,SZ002956,西麦食品,16.18,1149020,95712232,223940430,362335.61574
2022-02-22,SH603217,元利科技,40.87,908460,45699380,130129000,531837.223
2022-02-22,SH603863,松炀资源,9.28,984900,108644000,205894000,191069.632
2022-02-22,SZ300594,朗进科技,19.88,4205808,68617794,90934950,180778.6806
2022-02-22,SH600968,海油发展,2.94,46736541,1865104199,10165104199,2988540.634506
2022-02-22,SH603867,新化股份,34.57,8467900,85663524,141409900,488854.0243
2022-02-22,SH601698,中国卫通,13.38,5147645,407637548,4000000000,5352000
2022-02-22,SZ300788,中信出版,27.8,1034900,50390151,190151515,528621.2117
2022-02-22,SH601236,红塔证券,10.67,5624440,2558302465,4716787742,5032812.520714
2022-02-22,SZ300783,三只松鼠,32.18,3034600,226976000,401000000,1290418
2022-02-22,SZ300785,值得买,58.6,1025134,31315974,88744250,520041.305
2022-02-22,SH603236,移远通信,170.18,560309,98570828,145370828,2473920.750904
2022-02-22,SH603256,宏和科技,8.43,2251200,135973021,884370000,745523.91
2022-02-22,SH688122,西部超导,74.14,3979126,312598000,464046069,3440437.555566
2022-02-22,SH688088,虹软科技,37.8,2090382,269786280,406000000,1534680
2022-02-22,SH688333,铂力特,174.67,171153,47098001,80791250,1411180.76375
2022-02-22,SH688001,华兴源创,32.56,1582391,51710105,439386523,1430642.518888
2022-02-22,SH688388,嘉元科技,107.95,3068036,170867583,234191983,2528102.456485
2022-02-22,SH688012,中微公司,124.57,5198755,328853030,616244480,7676557.48736
2022-02-22,SH688019,安集科技,218.2,390800,30660252,53220580,1161273.0556
2022-02-22,SH688022,瀚川智能,50.24,2372043,59625419,108286500,544031.376
2022-02-22,SH688003,天准科技,32.85,1231770,73302000,193600000,635976
2022-02-22,SH688005,容百科技,130.7,4021151,275810300,448037632,5855851.85024
2022-02-22,SH688006,杭可科技,74.44,2138638,112781099,403090000,3000601.96
2022-02-22,SH688007,光峰科技,26.79,2015224,286020135,452756901,1212935.737779
2022-02-22,SH688008,澜起科技,74.73,3930293,539582886,1132824111,8465594.581503
2022-02-22,SH688009,中国通号,4.92,10282753,2016591576,10589819000,5210190.948
2022-02-22,SH688018,乐鑫科技,151.27,570435,45298963,80158963,1212564.633301
2022-02-22,SH688033,天宜新材,20.65,3397666,307656808,448737188,926642.29322
2022-02-22,SH688016,心脉医疗,189.34,298715,38625214,71978147,1362834.235298
2022-02-22,SH688002,睿创微纳,61.98,2058125,257771670,445000000,2758110
2022-02-22,SH688029,南微医学,143.77,1013003,44400720,133747220,1922883.78194
2022-02-22,SH688010,福光股份,25.93,393272,96581943,153581943,398237.978199
2022-02-22,SH688015,交控科技,31.33,523179,93132498,187054802,586042.694666
2022-02-22,SH688020,方邦股份,65.92,416567,37462518,80000000,527360
2022-02-22,SH688011,新光光电,28.82,362707,42050243,100000000,288200
2022-02-22,SH688028,沃尔德,44.65,640415,38560998,80000000,357200
2022-02-22,SH688066,航天宏图,65.71,1527882,116885063,184429281,1211884.805451
2022-02-22,SZ300786,国林科技,32.7,2248074,52039900,102231044,334295.51388
2022-02-22,SH603983,丸美生物,28.54,599700,77000000,401819600,1146793.1384
2022-02-22,SH603687,大胜达,10,2284638,145371179,414413879,414413.879
2022-02-22,SZ002957,科瑞技术,18.48,2331700,154644873,411644520,760719.07296
2022-02-22,SH603279,景津装备,39.51,938034,196146401,411916500,1627482.0915
2022-02-22,SH603613,国联股份,108.73,1821164,222132681,343900282,3739227.766186
2022-02-22,SZ002966,苏州银行,7.08,13603426,1624878520,3333375334,2360029.736472
2022-02-22,SH603530,神马电力,16.53,740000,40044490,432263327,714531.279531
2022-02-22,SH603662,柯力传感,22.44,1666244,106659014,234024890,525151.85316
2022-02-22,SH688099,晶晨股份,116.26,1810359,213092855,411120000,4779681.12
2022-02-22,SH688188,柏楚电子,299.49,221108,26910345,100335345,3004943.247405
2022-02-22,SZ002960,青鸟消防,44.33,2324782,180221567,348554178,1545140.671074
2022-02-22,SH603115,海星股份,22.65,1834512,52000000,239200000,541788
2022-02-22,SH688321,微芯生物,29.45,1263237,255092822,410720500,1209571.8725
2022-02-22,SZ300787,海能实业,29.07,1861330,52073600,152784000,444143.088
2022-02-22,SZ002959,小熊电器,50.3,971133,76221075,156444000,786913.32
2022-02-22,SH603992,松霖科技,17.52,399400,44800000,401009858,702569.271216
2022-02-22,SZ003816,中国广核,2.95,80572800,9754355725,50498611100,14897090.2745
2022-02-22,SZ300789,唐源电气,25.6,407432,30813946,82768966,211888.55296
2022-02-22,SH603755,日辰股份,43.77,947200,34200024,98613681,431632.081737
2022-02-22,SH603093,南华期货,13.02,3191617,140464993,610065893,794305.792686
2022-02-22,SZ002961,瑞达期货,20.68,1681910,108705440,445026565,920314.93642
2022-02-22,SH688168,安博通,56.6,459845,28695300,51294000,290324.04
2022-02-22,SH603927,中科软,30.92,14494607,454423424,593600000,1835411.2
2022-02-22,SZ002962,五方光电,12.04,1477460,165193128,294053760,354040.72704
2022-02-22,SZ300790,宇瞳光学,31.06,1778580,108325697,224631944,697706.818064
2022-02-22,SH688116,天奈科技,135.37,1022622,179418989,232229186,3143686.490882
2022-02-22,SZ300791,仙乐健康,35.29,698050,50051358,180169870,635819.47123
2022-02-22,SZ300792,壹网壹创,38.6,1894304,114313121,238674523,921283.65878
2022-02-22,SH688036,传音控股,125.86,1419679,393265674,801690950,10090082.2967
2022-02-22,SH688068,热景生物,143.23,5392392,43805771,62196341,890838.192143
2022-02-22,SH688030,山石网科,26.51,792194,100165766,180223454,477772.376554
2022-02-22,SH688368,晶丰明源,232.8,546768,16359480,62030080,1444060.2624
2022-02-22,SH603786,科博达,61.72,2023900,40100000,400100000,2469417.2
2022-02-22,SZ300793,佳禾智能,16.78,2694260,103510800,338388800,567816.4064
2022-02-22,SH603815,交建股份,9.08,95917118,283211775,618924235,561983.20538
2022-02-22,SZ300795,米奥会展,24.19,246300,36844519,100164000,242296.716
2022-02-22,SH688139,海尔生物,69.86,1324014,184376636,317071758,2215063.301388
2022-02-22,SZ002965,祥鑫科技,27,1851049,74946477,153471577,414373.2579
2022-02-22,SH688098,申联生物,9.91,1242761,264398983,410644000,406948.204
2022-02-22,SZ002963,豪尔赛,17.38,2761700,68994530,150359930,261325.55834
2022-02-22,SH603610,麒盛科技,23.5,18815821,162662318,280069727,658163.85845
2022-02-22,SZ300799,左江退,66.18,3221200,32633625,102100000,675697.8
2022-02-22,SH601077,渝农商行,4,36712182,5874465018,11357000000,4542800
2022-02-22,SH688108,赛诺医疗,7.11,2212288,289880545,410000000,291510
2022-02-22,SH688366,昊海生科,97.67,570089,42779000,175822100,1717254.4507
2022-02-22,SH688369,致远互联,63.67,608147,59179583,76989583,490192.674961
2022-02-22,SH688025,杰普特,56.5,1571096,55043696,92865576,524690.5044
2022-02-22,SH688058,宝兰德,104.4,494753,22342000,40000000,417600
2022-02-22,SZ300797,钢研纳克,16.1,1251600,76366983,248200000,399602
2022-02-22,SH688389,普门科技,17.81,2246430,157831320,422200000,751938.2
2022-02-22,SH688199,久日新材,39.21,689082,86675104,111226800,436120.2828
2022-02-22,SH688128,中国电研,24.2,1814118,96460000,404500000,978890
2022-02-22,SH688023,安恒信息,177.64,846067,52707405,78504696,1394557.419744
2022-02-22,SH688202,美迪西,330.9,592026,27078402,62079548,2054212.24332
2022-02-22,SH688021,奥福科技,50.42,134857,46957111,77283584,389663.830528
2022-02-22,SH688363,华熙生物,115.1,1912393,94828832,480000000,5524800
2022-02-22,SH688299,长阳科技,24.16,1739227,228159408,285177557,688988.977712
2022-02-22,SZ300800,力合科技,21.98,1923934,144800000,238400000,524003.2
2022-02-22,SH688288,鸿泉技术,31.8,1144060,52920226,100343920,319093.6656
2022-02-22,SZ300564,筑博设计,24.7,3275300,33750000,102930000,254237.1
2022-02-22,SZ002967,广电计量,21.35,4610022,235634791,575225846,1228107.18121
2022-02-22,SH688166,博瑞医药,29.1,2650315,210912771,410000000,1193100
2022-02-22,SH603489,八方股份,203.99,317497,71400000,120304050,2454082.31595
2022-02-22,SZ300802,矩子科技,32.03,1053580,83772465,162452482,520335.299846
2022-02-22,SZ300796,贝斯美,18.11,1441547,61852778,121150000,219402.65
2022-02-22,SH688300,联瑞新材,97.26,404760,54010200,85973400,836177.2884
2022-02-22,SH688101,三达膜,20.71,7840886,182836550,333880000,691465.48
2022-02-22,SZ300803,指南针,43.27,7153121,220597424,404999999,1752434.995673
2022-02-22,SH688111,金山办公,212,2105305,218000000,461000000,9773200
2022-02-22,SH688138,清溢光电,16.78,857140,81550000,266800000,447690.4
2022-02-22,SZ300805,电声股份,10.56,4040331,128030000,423230000,446930.88
2022-02-22,SH688196,卓越新能,68.52,718578,30285200,120000000,822240
2022-02-22,SZ300798,锦鸡股份,9.08,1559245,210221808,417748945,379316.04206
2022-02-22,SZ300806,斯迪克,50.74,732437,104377433,189925406,963681.510044
2022-02-22,SH603390,通达电气,8.87,2634900,128526384,351686984,311946.354808
2022-02-22,SH601916,浙商银行,3.51,27196955,7010646184,21268696778,7465312.569078
2022-02-22,SZ300801,泰和科技,23.17,2798880,83482760,216000000,500472
2022-02-22,SZ300808,久量股份,13.33,890400,49600000,160000000,213280
2022-02-22,SZ002969,嘉美包装,6.1,7241010,444176962,962170735,586924.14835
2022-02-22,SH688358,祥生医疗,39.97,155759,20000000,80000000,319760
2022-02-22,SZ002968,新大正,38.01,812775,69683910,162718500,618493.0185
2022-02-22,SH688310,迈得医疗,29.5,529546,38135500,83600000,246620
2022-02-22,SH688118,普元信息,25.81,2170885,67697159,95400000,246227.4
2022-02-22,SZ300809,华辰装备,45.32,11824958,45495000,156920000,711161.44
2022-02-22,SH688357,建龙微纳,146.5,866418,33643846,57993846,849609.8439
2022-02-22,SH688399,硕世生物,123.35,1343913,35160400,58620000,723077.7
2022-02-22,SZ300810,中科海讯,22.58,1699684,78109143,118050000,266556.9
2022-02-22,SH688258,卓易信息,36.4,1654532,43453895,86956591,316521.99124
2022-02-22,SH688198,佰仁医疗,166.22,311948,24438308,96438308,1602997.555576
2022-02-22,SH601658,邮储银行,5.71,91198993,11274461418,92383967605,52751245.502455
2022-02-22,SH688218,江苏北人,15,806345,89389671,117340000,176010
2022-02-22,SH688039,当虹科技,56.22,1845041,49432760,80316500,451539.363
2022-02-22,SZ001914,招商积余,17.01,5196681,666832366,1060346060,1803648.64806
2022-02-22,SH688037,芯源微,135,680930,45541650,84156000,1136106
2022-02-22,SZ002970,锐明技术,36.93,744500,84681787,173120000,639332.16
2022-02-22,SH603053,成都燃气,11.18,15255484,560890000,888890000,993779.02
2022-02-22,SZ300807,天迈科技,25.08,1629200,29568957,67851000,170170.308
2022-02-22,SH688089,嘉必优,45.2,898539,68240000,120000000,542400
2022-02-22,SH601512,中新集团,9.01,1899522,797410000,1498890000,1350499.89
2022-02-22,SH688123,聚辰股份,76.4,969765,83815481,120841867,923231.86388
2022-02-22,SH603995,甬金股份,62.65,1567807,111824211,233120400,1460499.306
2022-02-22,SH688268,华特气体,74,2118327,35154800,120000000,888000
2022-02-22,SZ002972,科安达,17.92,759800,58538049,176320000,315965.44
2022-02-22,SZ300811,铂科新材,76.3,1607244,50477976,103680000,791078.4
2022-02-22,SH688078,龙软科技,50.54,167678,28471457,70750000,357570.5
2022-02-22,SH603109,神驰机电,27.08,1183405,46670000,149701100,405390.5788
2022-02-22,SH688181,八亿时空,44.9,639960,77780062,96473014,433163.83286
2022-02-22,SH688081,兴图新科,22.51,251731,32562900,73600000,165673.6
2022-02-22,SZ002973,侨银股份,15.9,1404996,106474346,408663324,649774.68516
2022-02-22,SZ300812,易天股份,20.31,794260,60546029,139521029,283367.209899
2022-02-22,SZ002971,和远气体,20.79,2791600,105522044,160000000,332640
2022-02-22,SZ300813,泰林生物,70.09,454300,16277000,51970000,364257.73
2022-02-22,SH688178,万德斯,24.38,375766,44439926,84997844,207224.743672
2022-02-22,SH603551,奥普科技,9.97,3883386,133736339,404830000,403615.51
2022-02-22,SH601816,京沪高铁,5.34,62777803,27328695141,49106484611,26222862.782274
2022-02-22,SH688278,特宝生物,25.71,951676,222650444,406800000,1045882.8
2022-02-22,SH688158,优刻得,26.62,11836794,324590422,453095081,1206139.105622
2022-02-22,SH688100,威胜信息,25.12,2735932,167806967,500000000,1256000
2022-02-22,SH688026,洁特生物,67.84,578372,53445078,100000000,678400
2022-02-22,SZ300815,玉禾田,29.7,1052700,116569816,276800000,822096
2022-02-22,SH688159,有方科技,25.52,923493,63752441,91679495,233966.07124
2022-02-22,SH688266,泽璟制药,45.45,427078,136032500,240000000,1090800
2022-02-22,SH603290,斯达半导,326.62,2699679,78957232,170606060,5572335.13172
2022-02-22,SH688298,东方生物,212.53,4341716,61978120,120000000,2550360
2022-02-22,SZ002975,博杰股份,54.54,626026,38933400,139688000,761858.352
2022-02-22,SH603195,公牛集团,149.21,422970,75601014,601180520,8970214.53892
2022-02-22,SH603893,瑞芯微,109.87,1769500,189551600,417251200,4584338.9344
2022-02-22,SZ300816,艾可蓝,45.34,638800,36975665,80367500,364386.245
2022-02-22,SH688398,赛特新材,43.89,227370,37147300,80000000,351120
2022-02-22,SH688186,广大特材,33.85,3888467,150590000,214240000,725202.4
2022-02-22,SZ300818,耐普矿机,42.37,1250800,31453000,70000000,296590
2022-02-22,SH688080,映翰通,60.71,571595,37992986,52428786,318295.159806
2022-02-22,SH688208,道通科技,50.08,4627302,273851625,450946625,2258340.698
2022-02-22,SZ300820,英杰电气,72.88,924350,29799982,95327000,694743.176
2022-02-22,SH688090,瑞松科技,29.39,699982,46270900,67360588,197972.768132
2022-02-22,SH688200,华峰测控,395.64,555823,36785200,61328754,2426410.823256
2022-02-22,SZ300817,双飞集团,20.06,613300,41932800,121276800,243281.2608
2022-02-22,SH688177,百奥泰,24.46,846648,97743423,414080000,1012839.68
2022-02-22,SH688169,石头科技,707.38,765426,45638625,66806310,4725744.75678
2022-02-22,SH688233,神工股份,75.15,1720749,83358153,160000000,1202400
2022-02-22,SH603719,良品铺子,35.8,909277,223696635,401000000,1435580
2022-02-22,SH688086,退市紫晶,15.51,7855682,134341658,190381503,295281.711153
2022-02-22,SH601696,中银证券,12.01,15249876,1451684209,2778000000,3336378
2022-02-22,SH688396,华润微,54.83,10016141,433297215,1320091861,7238063.673863
2022-02-22,SH603948,建业股份,28.14,1436180,75052847,160000000,450240
2022-02-22,SZ002976,瑞玛精密,24.81,3339565,35265000,120000000,297720
2022-02-22,SH603949,雪龙集团,25.35,1669080,52458000,209806100,531858.4635
2022-02-22,SZ300821,东岳硅材,18.62,22895603,417000000,1200000000,2234400
2022-02-22,SZ300819,聚杰微纤,24.03,674900,29470000,99470000,239026.41
2022-02-22,SZ300822,贝仕达克,21.17,530664,41505000,160005000,338730.585
2022-02-22,SZ002977,天箭科技,69.01,903184,32062500,71500000,493421.5
2022-02-22,SZ300823,建科智能,25.19,2204608,38174531,93559091,235675.350229
2022-02-22,SH688051,佳华科技,45.65,895504,23370296,77334000,353029.71
2022-02-22,SH603221,爱丽家居,9.08,1130800,60720000,240000000,217920
2022-02-22,SH688189,南新制药,23.71,1108064,98763400,140000000,331940
2022-02-22,SZ300825,阿尔特,25.96,4591410,246755973,331754472,861234.609312
2022-02-22,SH688228,开普云,42,1236162,28897649,67133440,281960.448
2022-02-22,SZ300826,测绘股份,21.9,2059532,50852336,112000000,245280
2022-02-22,SH603353,和顺石油,24.32,6491634,61802000,173394000,421694.208
2022-02-22,SZ002979,雷赛智能,22.28,3010027,157408617,301600000,671964.8
2022-02-22,SH688096,京源环保,14.6,645599,74244500,107293500,156648.51
2022-02-22,SH688085,三友医疗,30.5,2292767,84210060,205333500,626267.175
2022-02-22,SZ300827,上能电气,76.84,6175758,53925480,132000480,1014291.68832
2022-02-22,SZ002980,华盛昌,33.21,3614737,33333400,133333400,442800.2214
2022-02-22,SH603095,越剑智能,26.35,1027250,37399900,132000000,347820
2022-02-22,SH688222,成都先导,18.5,1194329,279090072,400680000,741258
2022-02-22,SZ002981,朝阳科技,22.83,1080279,24000000,96000000,219168
2022-02-22,SZ002978,安宁股份,43.96,1552200,95000000,401000000,1762796
2022-02-22,SH688126,沪硅产业,22.58,8479650,1099925754,2480260000,5600427.08
2022-02-22,SZ300828,锐新科技,25.11,1352900,55574625,110280000,276913.08
2022-02-22,SH603682,锦和商管,5.99,2479100,179550000,472500000,283027.5
2022-02-22,SZ300829,金丹科技,36.93,1044121,99325747,180654547,667157.242071
2022-02-22,SH601609,金田股份,8.59,9225131,597458056,1480480056,1271732.368104
2022-02-22,SZ002982,湘佳股份,41.83,1234900,47187500,101880000,426164.04
2022-02-22,SH688318,财富趋势,146.22,773940,20024754,66670000,974848.74
2022-02-22,SZ002983,芯瑞达,20.12,463230,51589572,184184000,370578.208
2022-02-22,SH603439,三力制药,14.03,5610149,162283576,410862216,576439.689048
2022-02-22,SZ002985,北摩高科,81.36,7115721,131122955,255272000,2076892.992
2022-02-22,SH603392,万泰生物,247.53,966089,150814275,607040000,15026061.12
2022-02-22,SH688365,光云科技,12.6,1524484,169099820,401000000,505260
2022-02-22,SH603212,赛伍技术,25.01,2189396,255241976,404074000,1010589.074
2022-02-22,SZ300830,金现代,10.42,6011300,192860400,430125000,448190.25
2022-02-22,SZ300831,派瑞股份,15.95,9244800,184484240,320000000,510400
2022-02-22,SZ002987,京北方,37.16,12139911,92980716,224927335,835829.97686
2022-02-22,SH688466,金科环境,19.88,501743,45284900,102760000,204286.88
2022-02-22,SH688588,凌志软件,15.99,5446176,251900760,400010003,639615.994797
2022-02-22,SZ300832,新产业,37.4,2035166,271527960,786659285,2942105.7259
2022-02-22,SH688598,金博股份,262.61,1032610,64780293,80200000,2106132.2
2022-02-22,SZ002988,豪美新材,18.2,1495370,84219359,232770000,423641.4
2022-02-22,SH688566,吉贝尔,21.16,210300,65605984,186941600,395568.4256
2022-02-22,SH601778,晶科科技,7.03,61203438,2040887104,2894287104,2034683.834112
2022-02-22,SZ300833,浩洋股份,66.42,331306,21082000,84327000,560099.934
2022-02-22,SH688516,奥特维,183.49,972883,51003849,98670000,1810495.83
2022-02-22,SH605001,威奥股份,7.78,1038110,239338667,392886000,305665.308
2022-02-22,SZ002990,盛视科技,27.98,862969,63120000,258103750,722174.2925
2022-02-22,SZ300835,龙磁科技,61.26,3039450,40301000,70670000,432924.42
2022-02-22,SH603950,长源东谷,16.71,746952,88060895,231522000,386873.262
2022-02-22,SZ300836,佰奥智能,33.49,772100,31773220,49255720,164957.40628
2022-02-22,SH605168,三人行,173.43,889807,30570828,69677800,1208422.0854
2022-02-22,SH605288,凯迪股份,55.45,197826,17679067,70682360,391933.6862
2022-02-22,SH688360,德马科技,27.05,943478,41509665,85676599,231755.200295
2022-02-22,SZ002986,宇新股份,35.38,461380,106613500,158676000,561395.688
2022-02-22,SH600918,中泰证券,8.73,18652586,2609069526,6968625756,6083610.284988
2022-02-22,SH601827,三峰环境,9.09,12262000,799741000,1678268000,1525545.612
2022-02-22,SZ300837,浙矿股份,52.32,861200,33250000,100000000,523200
2022-02-22,SH601399,国机重装,3.93,23329373,3203485669,7268263664,2856427.619952
2022-02-22,SZ300838,浙江力诺,17.09,1178200,52684000,136340000,233005.06
2022-02-22,SH688312,燕麦科技,25.66,368442,66946403,144091816,369739.599856
2022-02-22,SH688157,松井股份,93.01,76826,34862200,79600000,740359.6
2022-02-22,SH688599,天合光能,63.4,20614439,1220877885,2073667807,13147053.89638
2022-02-22,SZ002989,中天精装,21.66,2660922,76340000,151400000,327932.4
2022-02-22,SH688004,博汇科技,33.14,401875,39519020,56800000,188235.2
2022-02-22,SZ300841,康华生物,213.5,957100,63126563,90000000,1921500
2022-02-22,SH688106,金宏气体,26.39,1863617,259154232,484333400,1278155.8426
2022-02-22,SH605166,聚合顺,13.76,2713160,187605112,315547000,434192.672
2022-02-22,SZ300842,帝科股份,58,1913898,69511174,100000000,580000
2022-02-22,SH688505,复旦张江,12.34,1824304,263842098,1043000000,1287062
2022-02-22,SZ300824,北鼎股份,17.12,899182,96147250,217400000,372188.8
2022-02-22,SH688520,神州细胞,50.76,417765,70832540,435335714,2209764.084264
2022-02-22,SH688518,联赢激光,33.49,5821579,248969985,299200000,1002020.8
2022-02-22,SH688555,退市泽达,25.65,772290,40871400,83110000,213177.15
2022-02-22,SH603087,甘李药业,58.43,3262649,288804762,561540000,3281078.22
2022-02-22,SH600956,新天绿能,14.23,9181400,134750000,4187093073,5958233.442879
2022-02-22,SH688558,国盛智科,39.2,979119,38236868,132000000,517440
2022-02-22,SZ300839,博汇股份,18.59,1456950,60196110,135200000,251336.8
2022-02-22,SH688528,秦川物联,12.58,598234,49827000,168000000,211344
2022-02-22,SZ300846,首都在线,23.95,19828088,265458268,466316277,1116827.483415
2022-02-22,SZ300843,胜蓝股份,28.06,810000,48480000,148900000,417813.4
2022-02-22,SZ300845,捷安高科,21.85,2634300,63243024,92356000,201797.86
2022-02-22,SH688600,皖仪科技,17.21,464391,66727110,133340000,229478.14
2022-02-22,SH688277,天智航,19.15,1880767,297088088,419846848,804006.71392
2022-02-22,SH688568,中科星图,66.88,1549939,62857319,220000000,1471360
2022-02-22,SH688377,迪威尔,22.7,737256,107483650,194667000,441894.09
2022-02-22,SZ300840,酷特智能,10.53,1283800,154313413,240000000,252720
2022-02-22,SZ300847,中船汉光,14.9,3949919,151026388,296010000,441054.9
2022-02-22,SH688027,国盾量子,142.43,600432,42752250,80000000,1139440
2022-02-22,SZ300849,锦盛新材,11.54,1025000,87221146,150000000,173100
2022-02-22,SH605199,ST葫芦娃,19.52,3539155,93340752,400108752,781012.283904
2022-02-22,SH688060,云涌科技,57.8,192357,25500000,60000000,346800
2022-02-22,SZ300850,新强联,144.9,3097353,103615000,193946351,2810282.62599
2022-02-22,SZ300852,四会富仕,45.85,823660,35595419,101930760,467352.5346
2022-02-22,SH688309,恒誉环保,16.35,264985,43959506,80010733,130817.548455
2022-02-22,SH688180,君实生物,67.74,10036849,427708563,910756700,6169465.8858
2022-02-22,SH688165,埃夫特,9.95,819518,318195738,521780000,519171.1
2022-02-22,SH688500,慧辰股份,36.29,524973,41617839,74274510,269542.19679
2022-02-22,SH605108,同庆楼,18.54,2827690,81654852,260000000,482040
2022-02-22,SH688981,中芯国际,50.38,9583035,1871038200,7903931169,39820005.229422
2022-02-22,SH688579,地纬智能,11.97,2445637,279667100,400010000,478811.97
2022-02-22,SH688567,孚能科技,29.5,7453933,798849393,1070669685,3158475.57075
2022-02-22,SZ300851,交大思诺,28.7,294100,41071400,86933400,249498.858
2022-02-22,SZ300848,美瑞新材,30.39,586200,41838000,133340000,405220.26
2022-02-22,SH688488,艾迪药业,12.89,1309142,212881135,420000000,541380
2022-02-22,SH688256,寒武纪,83.79,1799151,240982645,400814650,3358425.95235
2022-02-22,SH688580,伟思医疗,87.68,150141,23806579,68346667,599263.576256
2022-02-22,SH688336,三生国健,17.7,596131,70831378,616211413,1090694.20101
2022-02-22,SH688561,奇安信,68.73,2042167,458554732,682082124,4687950.438252
2022-02-22,SZ300856,科思股份,45.31,1265318,38820000,112880000,511459.28
2022-02-22,SH688077,大地熊,71.4,2757930,43273000,80000000,571200
2022-02-22,SH688589,力合微,40.94,1459461,55126667,100000000,409400
2022-02-22,SH688069,德林海,47.41,118983,35874762,59470000,281947.27
2022-02-22,SH688418,震有科技,12.96,906987,130187038,193610000,250918.56
2022-02-22,SH688508,芯朋微,100.92,3015555,67637500,113098500,1141390.062
2022-02-22,SZ300855,图南股份,51.15,1678000,110473750,200000000,1023000
2022-02-22,SZ300853,申昊科技,34.22,923540,92734920,146930400,502795.8288
2022-02-22,BJ920370,新安洁,4.5,825098,149901573,306280000,137826
2022-02-22,BJ920184,国源科技,8.4,154377,59778419,133790000,112383.6
2022-02-22,BJ920021,流金科技,5.37,7550141,234398700,314999983,169154.990871
2022-02-22,BJ920368,连城数控,71.97,203514,119844986,232502800,1673322.6516
2022-02-22,BJ920946,森萱医药,21.75,15589983,426693340,426918340,928547.3895
2022-02-22,BJ920415,恒拓开源,5.52,578215,78590102,137701987,76011.496824
2022-02-22,NE833874,泰祥股份,20.13,0,24975000,99900000,201098.7
2022-02-22,BJ920433,大唐药业,8.17,864991,70009589,145265601,118681.996017
2022-02-22,BJ920729,永顺生物,12.36,45902,80244567,273350000,337860.6
2022-02-22,BJ920185,贝特瑞,110,492503,477469212,485386150,5339247.65
2022-02-22,NE833994,翰博高新,32.9,0,70114867,124290000,408914.1
2022-02-22,BJ920167,同享科技,16.1,65851,59107500,103320000,166345.2
2022-02-22,BJ920198,微创光电,8.23,101010,64644831,124126056,102155.744088
2022-02-22,BJ920475,三友科技,9.7,189245,28435500,102960000,99871.2
2022-02-22,BJ920489,佳先股份,14.2,347589,52365893,85287000,121107.54
2022-02-22,BJ920445,龙竹科技,16.95,111348,67324879,115065800,195036.531
2022-02-22,SZ300857,协创数据,28.95,5226067,141738782,206557782,597984.77889
2022-02-22,BJ920418,苏轴股份,14.33,61301,39790926,80600000,115499.8
2022-02-22,BJ920508,殷图网联,11.14,91322,26037500,50000000,55700
2022-02-22,BJ920799,艾融软件,14.77,208801,78387809,140769250,207916.18225
2022-02-22,SZ300858,科拓生物,28.8,1979331,53094431,148531845.6,427771.715328
2022-02-22,BJ920640,富士达,17.29,229688,167382436,187728000,324581.712
2022-02-22,BJ920682,球冠电缆,6.59,373868,79933100,208000000,137072
2022-02-22,NE832317,观典防务,21.88,0,112350000,237510000,519671.88
2022-02-22,BJ920964,润农节水,4.72,843915,175831922,261208000,123290.176
2022-02-22,BJ920819,颖泰生物,5.48,1156203,1208070000,1225800000,671738.4
2022-02-22,BJ920278,鹿得医疗,8.04,438744,56948800,176000000,141504
2022-02-22,BJ920163,方大新材,7.34,53366,60339125,126000000,92484
2022-02-22,BJ920263,中航泰达,7.28,1633835,63412000,139960000,101890.88
2022-02-22,BJ920242,建邦科技,10.78,131961,23926800,62373000,67238.094
2022-02-22,BJ920961,创远信科,19.23,256792,62804601,109915358,211367.233434
2022-02-22,BJ920010,凯添燃气,5.72,3751058,160814828,234500000,134134
2022-02-22,BJ920149,旭杰科技,8.03,173473,39849194,73758000,59227.674
2022-02-22,BJ920266,生物谷,11.37,207498,66356000,128000000,145536
2022-02-22,SH605188,国光连锁,8.19,2742700,60379998,495580000,405880.02
2022-02-22,SH688050,爱博医疗,157.3,714772,68427050,105139272,1653840.74856
2022-02-22,SH603408,建霖家居,14.34,6418200,116018633,448980000,643837.32
2022-02-22,SH605118,力鼎光电,14.6,1249800,41000000,407528500,594991.61
2022-02-22,SH605222,起帆电缆,23.17,2127312,100016213,418213213,969000.014521
2022-02-22,SZ002991,甘源食品,71.62,2021740,40788851,93215831,667611.781622
2022-02-22,SH601456,国联民生,15.44,46587189,535320146,2831773168,4372257.771392
2022-02-22,SH688586,江航装备,27.78,1506759,172861229,403744467,1121602.129326
2022-02-22,SH688311,盟升电子,56.44,415198,65978680,114670000,647197.48
2022-02-22,SH605318,法狮龙,16.24,1566500,39171152,129171152,209773.950848
2022-02-22,SZ002992,宝明科技,12.42,647640,78371735,179349235,222751.74987
2022-02-22,SH605399,晨光新材,45.91,3541200,65077840,184810000,848462.71
2022-02-22,SZ002995,天地在线,27.9,1250000,41254773,91371000,254925.09
2022-02-22,SH605158,华达新材,7.6,2416790,144313000,511420000,388679.2
2022-02-22,SZ300859,西域旅游,22.22,3907600,95712500,155000000,344410
2022-02-22,SH688338,赛科希德,41.83,221785,42702413,81648000,341533.584
2022-02-22,SH605066,天正电气,10.26,3095101,228261500,404038000,414542.988
2022-02-22,SH688556,高测股份,64.03,2782556,118342305,161851400,1036334.5142
2022-02-22,SH688339,亿华通,165.58,833172,51068837,71350991,1181429.708978
2022-02-22,SH688286,敏芯股份,67.76,245345,32625973,53429801,362040.331576
2022-02-22,SH688155,先惠技术,112.8,392800,30811814,75988036,857145.04608
2022-02-22,SH605100,华丰股份,26.8,5567326,54880000,121380000,325298.4
2022-02-22,SH688313,仕佳光子,13.06,7616083,322431489,458802328,599195.840368
2022-02-22,SH605366,宏柏新材,12.87,1608388,161773130,332000000,427284
2022-02-22,SH688065,凯赛生物,144.39,761445,169627583,416681976,6016471.051464
2022-02-22,SH688185,康希诺,256.62,1877512,66816707,247449899,6350059.308138
2022-02-22,SZ002993,奥海科技,32.03,1173135,59930000,235040000,752833.12
2022-02-22,SH605088,冠盛股份,14.18,859400,74600000,165815000,235125.67
2022-02-22,SH600610,中毅达,13.55,5363260,448675225,1071274605,1451577.089775
2022-02-22,SH688055,龙腾光电,6.51,2621126,1786666730,3333333400,2170000.0434
2022-02-22,SH688335,复洁科技,33.89,133797,48591465,72521508,245775.390612
2022-02-22,SH688229,博睿数据,54.85,138747,16234155,44400000,243534
2022-02-22,SH688521,芯原股份,59.04,2498858,204519344,495887148,2927717.721792
2022-02-22,SH605388,均瑶健康,17.26,4828653,140858283,430000000,742180
2022-02-22,SH605333,沪光股份,18.76,4088200,62570000,401000000,752276
2022-02-22,SH688519,南亚新材,39.75,965081,89717615,234400000,931740
2022-02-22,SH603931,格林达,29.69,564260,82501810,142541700,423206.3073
2022-02-22,SH688379,华光新材,20.08,690753,40067500,88000000,176704
2022-02-22,SH688596,正帆科技,22.23,3422719,169747945,256500000,570199.5
2022-02-22,SH688393,安必平,28.91,231034,59352100,93340000,269845.94
2022-02-22,SH605178,时空科技,29.13,479039,34722801,99251600,289119.9108
2022-02-22,SH605008,长鸿高科,13.39,2512522,202890320,642380414,860147.374346
2022-02-22,SZ300873,海晨股份,50.33,1402900,67186534,133333334,671066.670022
2022-02-22,SZ300872,天阳科技,37.9,10487272,142373157,224682030,851544.8937
2022-02-22,SZ300871,回盛生物,25.17,1042959,82960527,166248527,418447.542459
2022-02-22,SZ300875,捷强装备,57.28,2481569,34923368,76795963,439887.276064
2022-02-22,SZ300877,金春股份,22.94,875297,56798950,120000000,275280
2022-02-22,SZ300864,南大环境,41.96,691786,22800000,91200000,382675.2
2022-02-22,SZ300862,蓝盾光电,31.92,1052433,85864658,131869930,420928.81656
2022-02-22,SZ300878,维康药业,42.32,1206248,20864114,80439068,340418.135776
2022-02-22,SZ300865,大宏立,25.87,639760,28166655,95680000,247524.16
2022-02-22,SZ300866,安克创新,95.33,979324,150940148,406427207,3874470.564331
2022-02-22,SZ300870,欧陆通,68.52,555958,39096723,101660000,696574.32
2022-02-22,SZ300869,康泰医学,38.73,16844967,213607548,401796800,1556159.0064
2022-02-22,SZ300860,锋尚文化,52.51,4388824,41940704,137262108,720763.329108
2022-02-22,SZ300868,杰美特,23.9,612663,50222580,128000000,305920
2022-02-22,SZ300876,蒙泰高新,28.57,397975,28320000,96000000,274272
2022-02-22,SZ300867,圣元环保,30.44,3383826,154617467,271741053,827179.765332
2022-02-22,SZ300863,卡倍亿,74.86,1619002,18720000,55230000,413451.78
2022-02-22,SZ300861,美畅股份,64.07,1354222,175557968,400010000,2562864.07
2022-02-22,SH605255,天普股份,15.88,789000,33520000,134080000,212919.04
2022-02-22,SH605123,派克新材,122.24,1524600,41450000,108000000,1320192
2022-02-22,SH688356,键凯科技,200.05,520757,35237543,60000000,1200300
2022-02-22,SH688408,中信博,105.92,2198606,71685596,135715480,1437498.36416
2022-02-22,SZ002996,顺博合金,14.63,2929300,126064674,439000000,642257
2022-02-22,SH688017,绿的谐波,132,283173,65088986,120416700,1589500.44
2022-02-22,SH688289,圣湘生物,49.79,2395669,237155160,400000000,1991600
2022-02-22,SH688215,瑞晟智能,34.81,131479,15430982,40040000,139379.24
2022-02-22,SH688569,铁科轨道,19.19,1381987,50560032,210666700,404269.3973
2022-02-22,SZ300881,盛德鑫泰,25.38,654454,25000000,100000000,253800
2022-02-22,SZ300880,迦南智能,22.02,1108726,70014000,160032000,352390.464
2022-02-22,SZ300879,大叶股份,20.98,5257257,55000000,160000000,335680
2022-02-22,SH603155,新亚强,56.1,874200,38890000,155560000,872691.6
2022-02-22,SH688550,瑞联新材,86.4,1012688,47300004,70181579,606368.84256
2022-02-22,SH688513,苑东生物,50.97,621324,60688300,120090000,612098.73
2022-02-22,SH688056,莱伯泰科,47,205514,25355000,67000000,314900
2022-02-22,SH605006,山东玻纤,12.47,1995700,236298639,500000000,623500
2022-02-22,SZ002999,天禾股份,8.73,38484435,217217000,347592000,303447.816
2022-02-22,SZ002997,瑞鹄模具,18.5,7279700,114450000,183600000,339660
2022-02-22,SH688378,奥来德,55.35,1359909,46102752,73136700,404811.6345
2022-02-22,SH688390,固德威,381,1610087,49961791,88000000,3352800
2022-02-22,SH601702,华峰铝业,11.23,8000300,277930000,998530600,1121349.8638
2022-02-22,SH605003,众望布艺,25.9,649750,27500000,110000000,284900
2022-02-22,SH688095,福昕软件,121.18,231710,28978800,48140000,583360.52
2022-02-22,SH688559,海目星,42.13,1102107,121762575,200000000,842600
2022-02-22,SH688551,科威尔,44.75,381834,25202900,80000000,358000
2022-02-22,SZ300882,万胜智能,16.89,1619828,57606120,204429420,345281.29038
2022-02-22,SZ300885,海昌新材,18.05,661970,55100000,152000000,274360
2022-02-22,SZ300883,龙利得,7.68,4418300,238897100,346000000,265728
2022-02-22,SZ002984,森麒麟,32.32,3575235,289398638,649668940,2099730.01408
2022-02-22,SH605358,立昂微,108.81,3445955,282757888,457329952,4976207.207712
2022-02-22,SH605009,豪悦护理,53.47,1781609,56177172,159838300,854655.3901
2022-02-22,SZ003000,劲仔食品,9.07,1517800,239373392,403200000,365702.4
2022-02-22,SH605128,上海沿浦,33.1,946653,41710000,80000000,264800
2022-02-22,SH605369,拱东医疗,143.81,270960,28000000,112640620,1619884.75622
2022-02-22,SZ300889,爱克股份,18.84,4166517,81461792,156000000,293904
2022-02-22,SH688577,浙海德曼,51.8,218369,18296720,53971720,279573.5096
2022-02-22,SZ300886,华业香料,25.73,466282,49311600,74555000,191830.015
2022-02-22,SZ300887,谱尼测试,61.37,1000549,34180500,137020570,840895.23809
2022-02-22,SH603112,华翔股份,14.58,4139148,153864926,437212800,637456.2624
2022-02-22,SZ300890,翔丰华,57.54,3156053,77939517,100000000,575400
2022-02-22,SZ300891,惠云钛业,15.17,3798544,230720000,400000000,606800
2022-02-22,SZ300888,稳健医疗,73.01,807186,136053460,426492308,3113820.340708
2022-02-22,SH688301,奕瑞科技,375.73,206917,40750140,72547826,2725839.466298
2022-02-22,SH605198,安德利,16.88,561114,83746040,357700000,603797.6
2022-02-22,SZ003006,百亚股份,15.2,2420148,215467800,430330300,654102.056
2022-02-22,SZ003003,天元股份,10.76,1591315,90055500,176720000,190150.72
2022-02-22,SH605116,奥锐特,22.97,6464800,77331200,401000000,921097
2022-02-22,SH688536,思瑞浦,598,433723,43009878,80235848,4798103.7104
2022-02-22,SH688127,蓝特光学,17.1,3528257,129216700,402845000,688864.95
2022-02-22,SZ003002,壶化股份,17.11,20223674,77419400,200000000,342200
2022-02-22,SH688526,科前生物,24.11,1012354,114542878,465133200,1121436.1452
2022-02-22,SZ003005,竞业达,42,7910171,47410000,106000000,445200
2022-02-22,SH688156,路德科技,23.1,1183967,69651100,91840000,212150.4
2022-02-22,SZ003008,开普检测,27.95,636400,39445573,80000000,223600
2022-02-22,SZ003007,直真科技,24.33,16974238,63882970,104000000,253032
2022-02-22,SH605050,福然德,12.89,2047000,151500000,435000000,560715
2022-02-22,SZ300893,松原安全,26.89,1926727,37500000,150000000,403350
2022-02-22,SZ300895,铜牛信息,50.65,13625913,53738131,116364180,589384.5717
2022-02-22,SZ300892,品渥食品,33.42,656830,30625000,100000000,334200
2022-02-22,SZ002998,优彩资源,8.28,1357600,152011400,326398400,270257.8752
2022-02-22,SZ003009,中天火箭,53.7,1684623,44011573,155392313,834456.72081
2022-02-22,SH603565,中谷物流,31.3,1376483,201444753,958757808,3000911.93904
2022-02-22,SZ003010,若羽臣,18.93,883540,73032792,121699840,230377.79712
2022-02-22,SH605218,伟时电子,13.98,1369300,88257078,212833460,297541.17708
2022-02-22,SZ300897,山科智能,34,1030716,19697413,68000000,231200
2022-02-22,SH688595,芯海科技,91.7,1098333,52629725,100000000,917000
2022-02-22,SH688585,上纬新材,9.65,351153,81884678,403200000,389088
2022-02-22,SZ300896,爱美客,447.5,1373293,104108515,216360000,9682110
2022-02-22,SH605111,新洁能,167.21,7419635,101477600,142821000,2388109.941
2022-02-22,SH688013,天臣医疗,22.93,346754,33799555,80000000,183440
2022-02-22,SH605136,丽人丽妆,20.28,1224710,195652951,402030000,815316.84
2022-02-22,SH605018,长华集团,17.84,2597900,41680000,416680000,743357.12
2022-02-22,SZ003011,海象新材,31.28,827280,34186821,102676000,321170.528
2022-02-22,SH688093,世华科技,30.25,529957,41204750,172000000,520300
2022-02-22,SH605099,共创草坪,31.52,348919,40090000,402514000,1268724.128
2022-02-22,SH605338,巴比食品,29.77,1286063,83792557,248000000,738296
2022-02-22,SZ003001,中岩大地,24.2,8804147,47604331,127926796,309582.84632
2022-02-22,SZ300999,金龙鱼,56.89,6510063,542647097,5421591536,30843434.248304
2022-02-22,SH688330,宏力达,112.2,867335,45209180,100000000,1122000
2022-02-22,SZ300899,*ST凯鑫,28.96,529058,31817702,63783466,184716.917536
2022-02-22,SH688386,泛亚微透,52,545731,46720688,70000000,364000
2022-02-22,SZ300898,熊猫乳品,26.65,1338100,50904500,124980000,333071.7
2022-02-22,SH605336,帅丰电器,27.86,1517443,44800000,142005000,395625.93
2022-02-22,SZ003012,东鹏控股,12.12,1788301,642619222,1190660000,1443079.92
2022-02-22,SH601568,北元集团,7.98,4950900,2060594445,3611111112,2881666.667376
2022-02-22,SH605058,澳弘电子,23.4,560300,42923950,142923950,334442.043
2022-02-22,SZ003015,日久光电,11.77,2028900,196134816,281066667,330815.467059
2022-02-22,SZ003013,地铁设计,21.23,1463144,60203146,400010000,849221.23
2022-02-22,SH688788,科思科技,108.7,364321,46315054,75534232,821057.10184
2022-02-22,SH688129,东来技术,17.83,642403,40280300,120000000,213960
2022-02-22,SH688179,阿拉丁,63.91,295761,50787230,100933400,645065.3594
2022-02-22,SZ003017,大洋生物,34.87,2324000,40701607,60000000,209220
2022-02-22,SZ003016,欣贺股份,9.64,2360463,145594700,432358988,416794.064432
2022-02-22,SH601187,厦门银行,6.9,13885689,972717875,2639127888,1820998.24272
2022-02-22,SH688221,前沿生物,15.82,6117168,187978671,359760000,569140.32
2022-02-22,SZ300900,广联航空,30.64,3319575,138650000,210240000,644175.36
2022-02-22,SH689009,九号公司,55.45,1274445,442994830,707887210,3925234.57945
2022-02-22,SZ300902,国安达,44.35,2399221,53019000,127980000,567591.3
2022-02-22,SZ300901,中胤时尚,11.75,1503400,121668000,240000000,282000
2022-02-22,SH605169,洪通燃气,18.04,15985388,52000000,208000000,375232
2022-02-22,SH688133,泰坦科技,161.4,315250,46204073,76248960,1230658.2144
2022-02-22,SH601995,中金公司,43.33,9788600,531121281,4827256868,20916504.009044
2022-02-22,SZ300903,科翔股份,23.77,933584,91291169,172337694,409646.698638
2022-02-22,SZ300906,日月明,30.79,634000,31559674,80000000,246320
2022-02-22,SZ300905,宝丽迪,22.65,925637,47392590,144000000,326160
2022-02-22,SZ003018,金富科技,10.63,806000,75521700,260000000,276380
2022-02-22,SH688529,豪森智能,28.14,1000585,32424390,128000000,360192
2022-02-22,BJ920839,万通液压,7.3,420450,29743500,120000000,87600
2022-02-22,SH605007,五洲特纸,22.61,1795664,82360463,400010000,904422.61
2022-02-22,SH688057,金达莱,22.26,2500889,137218719,276000000,614376
2022-02-22,SH688135,利扬芯片,38.05,1456363,85547200,136400000,519002
2022-02-22,SH688160,步科股份,33.29,204884,23405178,84000000,279636
2022-02-22,SZ300884,狄耐克,17.92,1696696,93394800,180000000,322560
2022-02-22,SZ003019,宸展光电,27.29,1382116,88249600,128000000,349312
2022-02-22,SZ300909,汇创达,42.92,1411998,40395624,100906663,433091.397596
2022-02-22,SZ300907,康平科技,24.89,1126100,36960000,96000000,238944
2022-02-22,SH688219,会通股份,10.81,1305704,225592766,459283632,496485.606192
2022-02-22,BJ920396,常辅股份,11.64,16893,26349023,53263891,61999.169124
2022-02-22,SZ300908,仲景食品,46.8,524741,38688750,100000000,468000
2022-02-22,SH605068,明新旭腾,32.06,820261,56500000,166600000,534119.6
2022-02-22,SH688777,中控技术,72.8,1143913,260568742,496823000,3616871.44
2022-02-22,BJ920047,诺思兰德,14.94,2368819,147788948,257250203,384331.803282
2022-02-22,SH605177,东亚药业,24.23,965657,56196356,113600000,275252.8
2022-02-22,SZ003004,*ST声迅,25.8,609100,33748550,81840000,211147.2
2022-02-22,BJ920030,德众汽车,5.22,609412,87293854,178839681,93354.313482
2022-02-22,SZ300910,瑞丰新材,60.9,901800,68109405,150000000,913500
2022-02-22,SH605266,健之佳,74.28,157703,44764027,69525820,516437.79096
2022-02-22,SZ300916,朗特智能,58.45,450200,17361990,63870000,373320.15
2022-02-22,SH688557,兰剑智能,35,576211,41255427,72670000,254345
2022-02-22,SH688578,艾力斯,24.6,1478870,192218798,450000000,1107000
2022-02-22,SZ300915,海融科技,47.96,431771,22500000,90000000,431640
2022-02-22,SH605258,协和电子,27.21,501029,37790000,88000000,239448
2022-02-22,SZ300911,亿田智能,69.47,740351,41933340,108093200,750923.4604
2022-02-22,SZ003021,兆威机电,57.99,317375,60272000,171434720,994149.94128
2022-02-22,SH601686,友发集团,10.25,10951544,562876000,1438956600,1474930.515
2022-02-22,SH605183,确成股份,18.7,1586400,134924780,417587900,780889.373
2022-02-22,SZ300912,凯龙高科,21.61,2122651,61593000,111968000,241962.848
2022-02-22,SZ300913,兆龙互连,30.98,7858333,30625000,122500000,379505
2022-02-22,SH688590,新致软件,19.2,4423794,119880120,182022280,349482.7776
2022-02-22,BJ920670,数字人,26.56,2013718,33435227,66364000,176262.784
2022-02-22,SH605376,博迁新材,62,2368400,175047000,261600000,1621920
2022-02-22,SZ003022,联泓新科,29.3,23607162,306696000,1335568000,3913214.24
2022-02-22,SH688308,欧科亿,58.1,538796,64748000,100000000,581000
2022-02-22,SZ003025,思进智能,33.15,1535142,49312368,112546000,373089.99
2022-02-22,SZ003023,彩虹集团,25.55,493300,39521821,81032000,207036.76
2022-02-22,SH688571,杭华股份,8.19,890704,183640700,320000000,262080
2022-02-22,SH688136,科兴制药,28.32,6164503,64935291,198700650,562720.2408
2022-02-22,SZ003020,立方制药,43.59,385800,38538150,92640000,403817.76
2022-02-22,SH605299,舒华体育,13.99,2506600,113551184,411499000,575687.101
2022-02-22,SH605151,西上海,18.06,1838452,63501830,133340000,240812.04
2022-02-22,SH688608,恒玄科技,237,265242,78742793,120000000,2844000
2022-02-22,SH688510,航亚科技,24.46,267681,159608565,258382608,632003.859168
2022-02-22,SZ000995,皇台酒业,16.74,10491200,177408000,177408000,296980.992
2022-02-22,SZ003027,同兴科技,23.43,484642,65745000,132539000,310538.877
2022-02-22,SZ003026,中晶科技,59.66,1050963,62294900,99760000,595168.16
2022-02-22,SH688699,明微电子,133.52,715114,31886600,74368000,992961.536
2022-02-22,SH688668,鼎通科技,51.69,703306,32622391,85140000,440088.66
2022-02-22,SZ300917,特发服务,27.21,2788414,66625000,130000000,353730
2022-02-22,SH605500,森林包装,17.14,724443,50000000,200000000,342800
2022-02-22,SH605186,健麾信息,30.61,495142,66631778,136000000,416296
2022-02-22,SZ300921,南凌科技,35.03,26785403,61541370,131687370,461300.85711
2022-02-22,SZ300918,南山智尚,10.84,3672300,108427500,360000000,390240
2022-02-22,BJ920000,安徽凤凰,7.54,94898,34609225,93689065,70641.55501
2022-02-22,SH688678,福立旺,25.59,757564,84203638,173350000,443602.65
2022-02-22,SZ300919,中伟新材,122.3,1533139,152158500,605673053,7407381.43819
2022-02-22,SZ300923,研奥股份,29.28,836383,31925000,78600000,230140.8
2022-02-22,SH688658,悦康药业,23.66,4786850,204083580,450000000,1064700
2022-02-22,SZ003029,吉大正元,23.46,7388339,111723741,186400000,437294.4
2022-02-22,SH688560,明冠新材,33.9,1342397,89594036,164087736,556257.42504
2022-02-22,SZ300922,天秦装备,35.04,4263642,61298515,112008000,392476.032
2022-02-22,SZ300920,润阳科技,30.67,435300,54081849,100000000,306700
2022-02-22,SH688679,通源环境,13.1,579538,52433599,131689675,172513.47425
2022-02-22,BJ920856,浩淼科技,7.89,196561,50565149,77471549,61125.052161
2022-02-22,SH601956,东贝集团,6.3,1850000,218129958,511320000,322131.6
2022-02-22,BJ920675,秉扬科技,7.41,351450,78096870,170880000,126622.08
2022-02-22,BJ920510,丰光精密,16.05,113598,62926378,131581378,211188.11169
2022-02-22,SH605179,一鸣食品,13.63,1044084,61000000,401000000,546563
2022-02-22,SZ003028,振邦智能,39.34,457004,27400000,111002880,436685.32992
2022-02-22,SH605377,华旺科技,18.96,2267698,129481380,287057380,544260.79248
2022-02-22,SH688698,伟创电气,20.6,673893,42750000,180000000,370800
2022-02-22,SH688618,三旺通信,50.9,411363,14745173,50527495,257184.94955
2022-02-22,SH688063,派能科技,153.7,2647795,82736756,154844533,2379960.47221
2022-02-22,SZ300925,法本信息,24.64,2215180,106352861,220099166,542324.345024
2022-02-22,SZ300894,火星人,38.13,1064285,112500000,405000000,1544265
2022-02-22,SH688686,奥普特,204.82,543590,20543072,82475670,1689266.67294
2022-02-22,SH605155,西大门,21.11,749000,33455000,96000000,202656
2022-02-22,SZ003031,中瓷电子,98.6,1837049,49627213,149333333,1472426.66338
2022-02-22,SZ003030,祖名股份,24.56,602800,55255000,124780000,306459.68
2022-02-22,SH605277,新亚电子,27.68,695714,54769842,136424400,377622.7392
2022-02-22,SZ300928,华安鑫创,57,936081,54357558,80000000,456000
2022-02-22,SZ300926,博俊科技,21.12,1901328,39033400,142133400,300185.7408
2022-02-22,SH688617,惠泰医疗,187.17,459932,44317731,66670000,1247862.39
2022-02-22,SZ300927,江天化学,31.2,1511738,47525438,80200000,250224
2022-02-22,BJ920344,三元基因,22.45,214891,61305559,121810000,273463.45
2022-02-22,SZ003033,征和工业,26.82,402300,25190000,81750000,219253.5
2022-02-22,BJ920509,同惠电子,16.59,429413,35390214,106203114,176190.966126
2022-02-22,BJ920826,盖世食品,12.27,1274743,32885712,88554084,108655.861068
2022-02-22,SZ003032,*ST传智,18.06,9583422,164660636,402447500,726820.185
2022-02-22,SH688656,浩欧博,47.23,162433,17270099,63058328,297824.483144
2022-02-22,SH688819,天能股份,37.45,1401740,128507084,972100000,3640514.5
2022-02-22,SH688317,之江生物,37.4,5584560,122272508,194704350,728194.269
2022-02-22,SZ003035,南网能源,7.34,12545678,1636060605,3787878787,2780303.029658
2022-02-22,SH605005,合兴股份,20.3,1372234,51268051,401000000,814030
2022-02-22,SH605228,神通科技,8.5,1225400,97048385,424550000,360867.5
2022-02-22,SZ300929,华骐环保,23.88,1492404,59625188,82583098,197208.438024
2022-02-22,SZ300935,盈建科,51.42,452442,30931220,56505000,290548.71
2022-02-22,SH605398,新炬网络,46.79,3661000,19279157,59498208,278392.115232
2022-02-22,SZ300931,通用电梯,10.21,1856671,104443000,240146000,245189.066
2022-02-22,SZ300930,屹通新材,32,698942,29500000,100000000,320000
2022-02-22,SZ300932,三友联众,30.78,1035336,76180243,125629513,386687.641014
2022-02-22,SZ300933,中辰股份,10.06,12471468,234750000,458500000,461251
2022-02-22,SH688680,海优新材,224.41,1682388,44336932,84020000,1885492.82
2022-02-22,SH688669,聚石化学,32.55,539294,45235679,93333334,303800.00217
2022-02-22,BJ920275,驱动力,5.65,334001,88939645,160277600,90556.844
2022-02-22,SZ300936,中英科技,36.42,515107,26795000,75200000,273878.4
2022-02-22,SZ300937,药易购,36.15,1426636,40816682,95666682,345835.05543
2022-02-22,SH688689,银河微电,38.5,3249811,34995000,128400000,494340
2022-02-22,SZ300938,信测标准,42.9,458800,30499226,66747700,286347.633
2022-02-22,SZ003036,泰坦股份,11.79,895500,59620000,216000000,254664
2022-02-22,SZ300939,秋田微,46.49,851900,43928000,80000000,371920
2022-02-22,SH688350,富淼科技,20.96,605603,61184190,122150000,256026.4
2022-02-22,SH605055,迎丰股份,8.62,8258900,98947368,440000000,379280
2022-02-22,SH605368,蓝天燃气,13.95,5052170,166362875,462702000,645469.29
2022-02-22,SH688628,优利德,27.99,610322,38605000,110000000,307890
2022-02-22,SH688607,康众医疗,27.76,674413,65407415,88129027,244646.178952
2022-02-22,SZ300940,南极光,31.35,1182028,47359612,118425692,371264.54442
2022-02-22,SZ003037,三和管桩,12.27,7350700,91021583,503836583,618207.487341
2022-02-22,SH601963,重庆银行,8.81,6645667,691358077,3474505339,3061039.203659
2022-02-22,SH600916,中国黄金,14.34,37215905,822150000,1680000000,2409120
2022-02-22,BJ920427,华维设计,10.18,120848,20661600,82476000,83960.568
2022-02-22,SH688687,凯因科技,20.03,1491087,113407519,169828422,340166.329266
2022-02-22,SH688059,华锐精密,132.9,146088,24719900,44008000,584866.32
2022-02-22,SH605337,李子园,37.21,2930747,84803880,216720000,806415.12
2022-02-22,SZ300946,恒而达,67.76,1710468,18970000,66670000,451755.92
2022-02-22,BJ920239,长虹能源,98.76,103032,30804051,81283127,802752.162252
2022-02-22,SH605077,华康股份,38.24,420277,108705653,163184000,624015.616
2022-02-22,SZ300941,创识科技,46.28,5400421,56803497,136500000,631722
2022-02-22,SZ300942,易瑞生物,26.52,3929727,107256772,400860000,1063080.72
2022-02-22,SH688665,四方光电,128.9,398424,20675000,70000000,902300
2022-02-22,SH605081,*ST太和,29.86,660000,58541026,78101429,233210.866994
2022-02-22,SZ300947,德必集团,30.61,452800,44937748,80843998,247463.477878
2022-02-22,SZ003038,鑫铂股份,60,1341700,38932948,106437540,638625.24
2022-02-22,SZ300943,春晖智控,27.96,9393240,80106376,135880000,379920.48
2022-02-22,SZ300945,曼卡龙,23.23,31464765,76085431,204000000,473892
2022-02-22,SH688070,纵横股份,27.91,290311,37285000,87580000,244435.78
2022-02-22,BJ920735,德源药业,20.97,89358,19847926,65286000,136904.742
2022-02-22,BJ920599,同力股份,8.26,175656,215597877,452525000,373785.65
2022-02-22,SH688619,罗普特,19.95,675336,44758535,187288015,373639.589925
2022-02-22,BJ920832,齐鲁华信,7.67,335168,109347571,138763865,106431.884455
2022-02-22,SH605133,嵘泰股份,21.97,2620026,40000000,160000000,351520
2022-02-22,SH605268,王力安防,12.44,1519136,67000000,436000000,542384
2022-02-22,BJ920225,利通科技,8.23,252407,41356340,81358266,66957.852918
2022-02-22,SZ300948,冠中生态,23.6,4965315,35010000,140010000,330423.6
2022-02-22,SH688183,生益电子,12.27,1113666,116454800,831821175,1020644.581725
2022-02-22,SH688677,海泰新光,73.97,404822,18513000,86980000,643391.06
2022-02-22,SZ300951,博硕科技,73.12,326330,20000000,80000000,584960
2022-02-22,SZ300949,奥雅股份,52.27,1920379,15000000,60000000,313620
2022-02-22,SH605060,联德股份,20.85,2424337,60000000,240000000,500400
2022-02-22,SH605298,必得科技,18.88,776691,27000000,108000000,203904
2022-02-22,SH605303,园林股份,17.61,12513839,40309352,161237408,283939.075488
2022-02-22,SH688079,美迪凯,13.68,1270976,73366945,401333334,549024.000912
2022-02-22,SH688696,极米科技,442.61,274756,10801335,50000000,2213050
2022-02-22,SZ300950,德固特,33.65,1091291,25000000,100000000,336500
2022-02-22,SZ003039,顺控发展,26.7,2416891,62000000,617518730,1648775.0091
2022-02-22,SH605208,永茂泰,19.07,1162100,47000000,188000000,358516
2022-02-22,SH688328,深科达,31.16,839626,18217700,81040000,252520.64
2022-02-22,SH688676,金盘科技,23.92,1218818,36184500,425700000,1018274.4
2022-02-22,SH605122,四方新材,23.86,5178386,43260000,172354000,411236.644
2022-02-22,SH688083,中望软件,254.05,467096,14102692,61943857,1573683.687085
2022-02-22,SZ300952,恒辉安防,20.97,683749,36232000,144927653,303913.288341
2022-02-22,SH688667,菱电电控,120.78,388177,12369637,51600000,623224.8
2022-02-22,SH688316,青云科技,51,1195393,11400000,47462175,242057.0925
2022-02-22,SH688456,有研粉材,26.06,423907,28500000,103660000,270137.96
2022-02-22,SH688616,西力科技,12.78,398890,35972900,150000000,191700
2022-02-22,SZ300953,震裕科技,102.82,725895,20943000,93080000,957048.56
2022-02-22,SH688092,爱科科技,33.61,538605,12805860,59158392,198831.355512
2022-02-22,SH605389,长龄液压,44.22,310800,24333400,97333400,430408.2948
2022-02-22,SH605286,同力天启,27.58,5048274,42000000,168000000,463344
2022-02-22,SZ300959,线上线下,45.8,656747,20000000,80000000,366400
2022-02-22,SZ003040,楚天龙,26.33,9247785,78393115,461135972,1214171.014276
2022-02-22,SH688609,九联科技,10.45,1994395,85000000,500000000,522500
2022-02-22,SH688633,星球石墨,49.44,358477,17274168,72733334,359593.603296
2022-02-22,SZ300955,嘉亨家化,30.1,783210,25200000,100800000,303408
2022-02-22,SH688606,奥泰生物,122.03,1164883,13051134,53904145,657792.281435
2022-02-22,SZ300957,贝泰妮,164.2,715531,60960100,423600000,6955512
2022-02-22,SZ300956,英力股份,20.19,790205,33000000,132000000,266508
2022-02-22,SH688195,腾景科技,24.17,1262924,32137800,129350000,312638.95
2022-02-22,SH603759,海天股份,17.86,8587649,78000000,312000000,557232
2022-02-22,SH688329,艾隆科技,32.86,364315,16907600,77200000,253679.2
2022-02-22,SZ300960,通业科技,25.47,4468474,25600000,102385812,260776.663164
2022-02-22,SZ300958,建工修复,33.77,10058441,32097708,142656479,481750.929583
2022-02-22,SH688661,和林微纳,80.65,397607,17000000,80000000,645200
2022-02-22,SH688109,品茗科技,47.85,257018,12920000,54374000,260179.59
2022-02-22,SZ300961,深水海纳,19.92,1923034,44324480,177280000,353141.76
2022-02-22,SH688626,翔宇医疗,42.57,2665548,38719800,160000000,681120
2022-02-22,SH688659,元琛科技,12.78,591749,38281600,160000000,204480
2022-02-22,SH688662,富信科技,38.08,492469,21495300,88240000,336017.92
2022-02-22,SH688630,芯碁微装,55.5,722979,25672082,120800000,670440
2022-02-22,SZ300965,恒宇信通,63.5,368900,15000000,60000000,381000
2022-02-22,SZ003041,真爱美家,21.2,791100,25000000,100000000,212000
2022-02-22,SZ003042,中农联合,29.43,7154050,27400000,109600000,322552.8
2022-02-22,SH688260,昀冢科技,20.82,832645,28500000,120000000,249840
2022-02-22,SZ003043,华亚智能,59.85,1176117,20000000,80000000,478800
2022-02-22,SH603324,盛剑科技,44.38,1667200,30987004,125116500,555267.027
2022-02-22,SH688191,智洋创新,18.93,819358,36408136,153046047,289716.166971
2022-02-22,SH688636,智明达,108.93,210597,10625000,50335600,548305.6908
2022-02-22,SZ300966,共同药业,41,4875624,29000000,115277000,472635.7
2022-02-22,SZ300963,中洲特材,22.56,836059,30000000,120000000,270720
2022-02-22,SH688468,科美诊断,15.91,1652745,35952300,401000000,637991
2022-02-22,SZ300962,中金辐照,17.85,3352464,66000500,264001897,471243.386145
2022-02-22,SH688611,杭州柯林,60.85,575228,13276250,55900000,340151.5
2022-02-22,SZ300969,恒帅股份,73.28,1172549,20000000,80000000,586240
2022-02-22,SH688683,莱尔科技,23.4,387716,32206200,148560000,347630.4
2022-02-22,SZ300970,华绿生物,25.05,2177003,29180000,116700000,292333.5
2022-02-22,SH605378,野马电池,25.54,591922,33340000,133340000,340550.36
2022-02-22,SH688315,诺禾致源,30.51,575025,35028000,400200000,1221010.2
2022-02-22,SZ300967,晓鸣股份,20.48,3520568,47000000,187506000,384012.288
2022-02-22,SH688663,新风光,33.98,1665596,31491000,139950000,475550.1
2022-02-22,SZ300971,博亚精工,36.15,1326487,20999500,84000000,303660
2022-02-22,SZ300973,立高食品,109.29,658230,38106000,169340000,1850716.86
2022-02-22,SZ300968,格林精密,11.61,1560636,93042000,413380000,479934.18
2022-02-22,SH601279,英利汽车,7.21,4409300,149425316,1494253157,1077356.526197
2022-02-22,SH605086,龙高股份,21.98,860800,32000000,128000000,281344
2022-02-22,SZ300972,万辰集团,15.21,3948065,38375000,153500000,233473.5
2022-02-22,SH688533,上声电子,42.8,2099232,34505600,160000000,684800
2022-02-22,SZ300976,达瑞电子,72.21,340110,23496600,93986400,678675.7944
2022-02-22,SH605117,德业股份,267.38,2284659,42667000,170667000,4563294.246
2022-02-22,SH688682,霍莱沃,127.7,200699,7862500,37000000,472490
2022-02-22,SZ300983,尤安设计,78.4,331457,20000000,80000000,627200
2022-02-22,SZ300977,深圳瑞捷,54.95,1331102,16800000,68378900,375742.0555
2022-02-22,SZ300980,祥源新材,37.44,256700,17974514,71898056,269186.321664
2022-02-22,SH605016,百龙创园,26.28,659066,31800000,126800000,333230.4
2022-02-22,SH688201,信安世纪,57.71,861469,19789650,93127756,537440.279876
2022-02-22,SH605098,行动教育,49.45,466500,21090000,84341857,417070.482865
2022-02-22,SZ300975,商络电子,16.5,1062300,45664300,420000000,693000
2022-02-22,SH688639,华恒生物,119.49,279746,25076439,108400000,1295271.6
2022-02-22,SZ300979,华利集团,81.48,582990,83591100,1167000000,9508716
2022-02-22,SZ300978,东箭科技,16.41,1212956,42500000,422702739,693655.194699
2022-02-22,SH605289,罗曼股份,33.05,3280502,21670000,86670000,286444.35
2022-02-22,SZ300981,中红医疗,72.45,976661,41670000,166670000,1207524.15
2022-02-22,SZ300982,苏文电能,62.73,1972262,35079567,140318267,880216.488891
2022-02-22,SH605089,味知香,64.96,1147246,25000000,100000000,649600
2022-02-22,SH688383,新益昌,100.01,844048,24449920,102133600,1021438.1336
2022-02-22,SZ001201,东瑞股份,39.47,2856257,44338000,177338000,699953.086
2022-02-22,SH688323,瑞华泰,28.65,869041,38250000,180000000,515700
2022-02-22,SZ001202,炬申股份,17.19,1342459,32242000,128800000,221407.2
2022-02-22,SZ300985,致远新能,36.14,6669523,33333400,133333400,481866.9076
2022-02-22,SH688395,正弦电气,25.16,366774,18410000,86000000,216376
2022-02-22,SH605300,佳禾食品,18.16,954956,40010000,400010000,726418.16
2022-02-22,SH605180,华生科技,31.56,393468,25000000,100000000,315600
2022-02-22,SZ300986,志特新材,48.88,881130,29266667,117066667,572221.868296
2022-02-22,SH688113,联测科技,52.36,230090,15200000,63700000,333533.2
2022-02-22,SH605305,中际联合,77.88,595451,27500000,110000000,856680
2022-02-22,SH605080,浙江自然,65.84,175900,25280900,101123600,665797.7824
2022-02-22,SH600906,财达证券,11.52,17702922,500000000,3245000000,3738240
2022-02-22,SZ300989,蕾奥规划,46.49,750300,15000000,60000000,278940
2022-02-22,SZ001203,大中矿业,15.21,7037822,218940000,1508000000,2293668
2022-02-22,SZ300987,川网传媒,28.35,3217968,30024000,133360000,378075.6
2022-02-22,SH605196,华通线缆,11.04,6216500,76000000,506822098,559531.596192
2022-02-22,SH688655,迅捷兴,18.2,1412169,33390000,133390000,242769.8
2022-02-22,SZ300988,津荣天宇,33.22,391484,18476800,73880000,245429.36
2022-02-22,SH688097,博众精工,34.51,360404,39736800,402516500,1389084.4415
2022-02-22,SZ300990,同飞股份,100.26,630248,13000000,52000000,521352
2022-02-22,SH688355,明志科技,29.59,726114,26154500,123077692,364186.890628
2022-02-22,SZ001205,盛航股份,26.38,2464541,30066667,120266667,317263.467546
2022-02-22,SH688685,迈信林,23.96,695869,23771668,111866667,268032.534132
2022-02-22,SH605488,福莱新材,25.09,775068,30000000,121836500,305687.7785
2022-02-22,SH688565,力源科技,16.58,648357,25412500,106950000,177323.1
2022-02-22,SH688217,睿昂基因,59.78,210956,11889000,55577060,332239.66468
2022-02-22,SH688575,亚辉龙,40.04,4676503,34850000,405000000,1621620
2022-02-22,SH688314,康拓医疗,52.19,207272,12408500,58027980,302848.02762
2022-02-22,SH605339,南侨食品,28.23,2161917,63529412,427654412,1207268.405076
2022-02-22,SZ001206,依依股份,41.16,397900,23583400,94333576,388276.998816
2022-02-22,SH688660,电气风电,10.29,11678465,384000048,1333333400,1372000.0686
2022-02-22,SZ300991,创益通,31.8,1200353,22500000,90000000,286200
2022-02-22,SH688076,ST诺泰,32.8,1119041,45397312,213183800,699242.864
2022-02-22,SH688613,奥精医疗,44.76,552759,28624515,133333334,596800.002984
2022-02-22,SH688359,三孚新科,44.05,501380,23046358,92180000,406052.9
2022-02-22,SZ300993,玉马科技,26.77,766165,32920000,131680000,352507.36
2022-02-22,SZ300992,泰福泵业,25.94,3380519,22700000,90800000,235535.2
2022-02-22,SZ300614,百川畅银,40.8,1169914,40110000,160434469,654572.63352
2022-02-22,SH600032,浙江新能,13.69,12269400,208000000,2080000000,2847520
2022-02-22,SH605090,九丰能源,33.35,7067890,82969866,442969866,1477304.50311
2022-02-22,SZ300995,奇德新材,26.2,1340420,21040000,84160000,220499.2
2022-02-22,SH603836,海程邦达,23.1,1445500,51310000,205235237,474093.39747
2022-02-22,BJ920726,朱老六,13.38,234851,25237525,102180000,136716.84
2022-02-22,SH605499,东鹏饮料,175.04,807442,40010000,400010000,7001775.04
2022-02-22,SH605296,神农集团,38.02,464266,40030000,400229012,1521670.703624
2022-02-22,SZ301001,凯淳股份,30.17,615709,20000000,80000000,241360
2022-02-22,SH605189,富春染织,26.29,991700,31200000,124800000,328099.2
2022-02-22,SZ301000,肇民科技,58.92,245382,13333500,53333500,314240.982
2022-02-22,SH688538,和辉光电,2.94,17612922,2279227458,13809437625,4059974.66175
2022-02-22,SH603511,爱慕股份,21.16,901506,40010000,400010000,846421.16
2022-02-22,SZ301005,超捷股份,45.49,293200,14281726,57126903,259870.281747
2022-02-22,SZ301003,江苏博云,60.04,968701,14566667,58266667,349833.068668
2022-02-22,SZ300998,宁波方正,29.29,2847123,26372300,106400000,311645.6
2022-02-22,SZ300997,欢乐家,15.02,2296890,90000000,450000000,675900
2022-02-22,SH688117,圣诺生物,32.49,682265,20000000,80000000,259920
2022-02-22,SZ300996,普联软件,37.19,4561923,35360000,141010659,524418.640821
2022-02-22,BJ920523,德瑞锂电,21.75,394446,36905186,77924130,169484.98275
2022-02-22,SZ301002,崧盛股份,44.54,956207,23630000,94520000,420992.08
2022-02-22,SH688625,呈和科技,44.39,223688,29998590,133333400,591866.9626
2022-02-22,SZ301006,迈拓股份,24.76,1922929,34820000,139280000,344857.28
2022-02-22,SH605319,无锡振华,18.14,4222800,50000000,200000000,362800
2022-02-22,SH688319,欧林生物,27.4,538416,38910700,405265000,1110426.1
2022-02-22,SH688131,皓元医药,173.99,0,17041069,74342007,1293476.579793
2022-02-22,BJ920212,智新电子,13.4,230832,29512000,106100000,142174
2022-02-22,SH601156,东航物流,22.1,4643485,158755556,1587555556,3508497.77876
2022-02-22,SH688269,凯立新材,107.67,198544,23359500,93360000,1005207.12
2022-02-22,SH600905,三峡能源,6.79,171122136,8571000000,28571000000,19399709
2022-02-22,SH688345,博力威,50.53,557117,23824800,100000000,505300
2022-02-22,SZ301008,宏昌科技,39.83,316282,16666667,66666667,265533.334661
2022-02-22,SH603529,爱玛科技,38.04,1373709,65000000,410440003,1561313.771412
2022-02-22,SH688700,东威科技,55.42,1509383,34960000,147200000,815782.4
2022-02-22,SH605259,绿田机械,31.35,496200,22000000,88000000,275880
2022-02-22,SH688681,科汇股份,18.5,458663,22353122,104670000,193639.5
2022-02-22,SZ301007,德迈仕,21.2,6967827,38340000,153340000,325080.8
2022-02-22,SH688067,爱威科技,28.7,667937,14450000,68000000,195160
2022-02-22,SH688597,煜邦电力,15.17,664769,37500555,176472980,267709.51066
2022-02-22,SZ301011,华立科技,47.44,1100435,19530000,86800000,411779.2
2022-02-22,SZ301009,可靠股份,18.27,7561205,67970000,271860000,496688.22
2022-02-22,SZ301010,晶雪节能,20.65,1250260,27000000,108000000,223020
2022-02-22,SH688517,金冠电气,13.76,1931485,32325932,136109184,187286.237184
2022-02-22,SZ300984,金沃股份,56.54,329198,12000000,48000000,271392
2022-02-22,SH601665,齐鲁银行,5.64,16222931,458083334,4580833334,2583590.000376
2022-02-22,SH688621,阳光诺和,87.93,381360,17255307,80000000,703440
2022-02-22,SH688425,铁建重工,5.02,12213082,1201078000,5140720000,2580641.44
2022-02-22,SZ301012,扬电科技,49.79,2534007,21000000,84000000,418236
2022-02-22,SH688690,纳微科技,73.39,1128903,43727000,400145948,2936671.112372
2022-02-22,SH688216,气派科技,43.84,484945,22584500,106270000,465887.68
2022-02-22,SZ001207,联科科技,20,681038,45500000,182000000,364000
2022-02-22,SZ001208,华菱线缆,13.71,7165060,133606000,534424000,732695.304
2022-02-22,SZ301004,嘉益股份,22.98,5050367,25000000,100000000,229800
2022-02-22,SH601528,瑞丰银行,10.26,8748230,150935492,1509354919,1548598.146894
2022-02-22,SH688276,百克生物,50.13,424882,34648000,412840698,2069570.419074
2022-02-22,SH688601,力芯微,136.2,847845,13600000,64000000,871680
2022-02-22,BJ920768,拾比佰,10.01,490839,56300000,110970000,111080.97
2022-02-22,SH688367,工大高科,22.64,1626974,21690000,86753000,196408.792
2022-02-22,SZ301019,宁波色母,38.36,254922,20000000,80000000,306880
2022-02-22,SZ301013,利和兴,21.66,1054409,35061459,155828704,337524.972864
2022-02-22,SH688161,威高骨科,56.2,306748,35407157,400000000,2248000
2022-02-22,SH603171,税友股份,39.77,12796171,40590000,405890000,1614224.53
2022-02-22,SZ301016,雷尔伟,24.63,950003,30000000,120000000,295560
2022-02-22,SZ301015,百洋医药,24.59,1943826,47340000,525100000,1291220.9
2022-02-22,SH605011,杭州热电,19.21,2862700,40100000,400100000,768592.1
2022-02-22,SH688499,利元亨,212.38,631029,18770399,88000000,1868944
2022-02-22,SZ301022,海泰科,40.37,873513,16000000,64000000,258368
2022-02-22,SZ301017,漱玉平民,22.12,8130090,38413300,405340000,896612.08
2022-02-22,SH688239,航宇科技,56.75,494413,29750000,140000000,794500
2022-02-22,BJ920765,美之高,8.18,150540,20458713,69613044,56943.469992
2022-02-22,SZ301020,密封科技,27.76,1440058,36600000,146400000,406406.4
2022-02-22,SH605287,德才股份,30.95,3637415,25000000,100000000,309500
2022-02-22,SZ301021,英诺激光,34.02,714261,34200000,151645082,515896.568964
2022-02-22,SH605162,新中港,11.13,2586677,80090200,400451000,445701.963
2022-02-22,SZ301018,申菱环境,33.88,25493488,54009000,240010000,813153.88
2022-02-22,SZ301023,奕帆传动,69.16,202042,9333500,37333500,258198.486
2022-02-22,SH688226,威腾电气,13.83,714038,33150000,156000000,215748
2022-02-22,SZ301039,中集车辆,10.93,5410976,183634484,2017600000,2205236.8
2022-02-22,BJ920885,星辰科技,17.47,78679,27747040,85709000,149733.623
2022-02-22,SH688789,宏华数科,207,172733,16150000,76000000,1573200
2022-02-22,SH605020,永和股份,27.1,2671700,66670000,269750994,731025.19374
2022-02-22,SH688087,英科再生,71.83,939725,28269414,133032493,955572.397219
2022-02-22,SH688305,科德数控,97.35,316507,19278000,90720000,883159.2
2022-02-22,SH605028,世茂能源,22.01,839015,40000000,160000000,352160
2022-02-22,SH688038,中科通达,17.8,595969,24729390,116373400,207144.652
2022-02-22,SH688799,华纳药厂,36.03,471093,19975000,93800000,337961.4
2022-02-22,SZ301031,中熔电气,123,490550,16570000,66277427,815212.3521
2022-02-22,SZ301027,华蓝集团,27.14,15415892,36800000,147000000,398958
2022-02-22,SH688793,倍轻松,68.22,411973,13098500,61640000,420508.08
2022-02-22,SZ301026,浩通科技,61.56,2611014,26108801,113333334,697680.004104
2022-02-22,SH688501,青达环保,18.88,672234,22486500,94670000,178736.96
2022-02-22,SZ301025,读客文化,17.4,4770092,40010000,400010000,696017.4
2022-02-22,SH605056,咸亨国际,15.9,927812,40010000,400010000,636015.9
2022-02-22,SH605365,立达信,18.69,1120874,50000000,500000000,934500
2022-02-22,SZ301028,鼎熔岩,13.32,2916108,95000000,378912000,504710.784
2022-02-22,BJ920146,华阳变速,5.13,742821,55522087,134990443,69250.097259
2022-02-22,SZ301032,新柴股份,12.69,7395373,60283400,241133400,305998.2846
2022-02-22,SH688800,瑞可达,100.64,873443,22950000,108000000,1086912
2022-02-22,SH688303,大全能源,51.48,10209119,210000000,1925000000,9909900
2022-02-22,SZ301030,仕净科技,29.36,1306678,30539701,133333334,391466.668624
2022-02-22,SH601921,浙版传媒,9.16,4078930,222222223,2222222223,2035555.556268
2022-02-22,SZ001209,洪兴股份,24.23,457700,23486500,93944800,227628.2504
2022-02-22,SZ301029,怡合达,78.78,390356,36009000,400010000,3151278.78
2022-02-22,SH688768,容知日新,76.67,176333,11662000,54865491,420653.719497
2022-02-22,SH605167,利柏特,9.82,7141239,112268882,449070000,440986.74
2022-02-22,SZ301033,迈普医学,48.15,263277,14864190,66062951,318093.109065
2022-02-22,SH688296,和达科技,38.76,178061,25505876,107393160,416255.88816
2022-02-22,SZ301035,润丰股份,67.67,759084,69050000,276180000,1868910.06
2022-02-22,SZ301024,霍普股份,51.84,992500,10600000,42390000,219749.76
2022-02-22,SH688718,唯赛勃,24.48,826582,36922810,173754389,425350.744272
2022-02-22,SZ301036,双乐股份,28.8,710970,25000000,100000000,288000
2022-02-22,SH688071,华依科技,47.42,492504,15480640,72844774,345429.918308
2022-02-22,SZ001210,金房能源,30.25,535336,22690000,90748077,274512.932925
2022-02-22,SH688511,*ST天微,46.57,247562,17000000,80000000,372560
2022-02-22,SH688509,正元地信,6.63,7437864,161500000,770000000,510510
2022-02-22,SZ301037,保立佳,23.99,725402,22525000,90100000,216149.9
2022-02-22,SH688670,金迪克,55.18,767581,18920000,88000000,485584
2022-02-22,SH605507,国邦医药,28.48,3070000,83823500,558823500,1591529.328
2022-02-22,SZ301040,中环海陆,35.23,870040,25000000,100000000,352300
2022-02-22,SZ300774,倍杰特,20.6,13302779,40876366,408763660,842053.1396
2022-02-22,SH688385,复旦微电,37.29,2399390,84000000,814502000,3037277.958
2022-02-22,SZ301038,深水规院,27.02,13201340,29700000,132000000,356664
2022-02-22,SZ301042,安联锐视,40.9,300800,17200000,68850000,281596.5
2022-02-22,SZ300964,本川智能,38.83,706300,19324600,77298284,300149.236772
2022-02-22,SH688778,厦钨新能,89,1253020,54154782,251572267,2238993.1763
2022-02-22,SZ001211,双枪科技,29.8,1135163,18000000,72000000,214560
2022-02-22,BJ920553,凯腾精工,5.08,107242,64026633,143690460,72994.75368
2022-02-22,SH688148,芳源股份,26.15,4685047,76000000,511718000,1338142.57
2022-02-22,BJ920090,同辉信息,7.69,3046325,88912243,153333497,117913.459193
2022-02-22,SH605589,圣泉集团,33.1,2451814,81060000,774776800,2564511.208
2022-02-22,SZ000792,盐湖股份,34.23,151638306,5428890937,5432876672,18596736.848256
2022-02-22,SZ301041,金百泽,27.47,2762784,26680000,106680000,293049.96
2022-02-22,SZ301043,绿岛风,30.79,822400,17000000,68000000,209372
2022-02-22,SH688779,五矿新能,20.25,9366721,365903160,1929206272,3906642.7008
2022-02-22,SZ300814,中富电路,23.03,5343494,43960000,175796000,404858.188
2022-02-22,SZ300994,久祺股份,35.38,1099914,48560000,194240000,687221.12
2022-02-22,SH605588,冠石科技,36.75,375700,18275000,73099561,268640.886675
2022-02-22,SH688787,海天瑞声,62.45,531383,9095000,42800000,267286
2022-02-22,SZ301045,天禄科技,27.88,407474,25790000,103154344,287594.311072
2022-02-22,SZ300844,山水比德,68.17,1104291,10100000,40400000,275406.8
2022-02-22,BJ920566,梓橦宫,15.19,202488,38484135,73280540,111313.14026
2022-02-22,SH605069,正和生态,21.66,3773660,40711111,162844444,352721.065704
2022-02-22,SH688798,艾为电子,182.7,515987,33440000,166000000,3032820
2022-02-22,BJ920642,通易航天,13.8,145417,37418399,74050199,102189.27462
2022-02-22,SZ301047,义翘神州,322.72,297831,17000000,68000000,2194496
2022-02-22,SZ301046,能辉科技,44.61,4962939,37370000,149790000,668213.19
2022-02-22,SH688733,壹石通,61.19,1198095,40341266,182164340,1114663.59646
2022-02-22,BJ920039,国义招标,8.02,102229,44017900,152020000,121920.04
2022-02-22,SZ301048,金鹰重工,14.53,15562396,87727627,533333400,774933.4302
2022-02-22,SH688728,格科微,24.06,4932689,174922103,2498887173,6012322.538238
2022-02-22,SH601825,沪农商行,6.69,14242700,964444445,9644444445,6452133.333705
2022-02-22,SH605580,恒盛能源,14.44,1966292,50000000,200000000,288800
2022-02-22,SH601728,中国电信,4.16,197596113,5391556378,91507138699,38066969.698784
2022-02-22,BJ920174,五新隧装,17.34,302523,26596617,88300000,153112.2
2022-02-22,SH688766,普冉股份,279.79,271851,7739251,36228719,1013643.328901
2022-02-22,SZ001212,中旗新材,32.94,1189904,22670000,90670000,298666.98
2022-02-22,SZ301049,超越科技,31.44,3451454,22344200,94253300,296332.3752
2022-02-22,SZ301050,雷电微力,181,949587,18413548,96800000,1752080
2022-02-22,SH605577,龙版传媒,13.15,3406860,44444445,444444445,584444.445175
2022-02-22,SH688786,悦安新材,43.12,310830,17387756,85440800,368420.7296
2022-02-22,BJ920305,*ST云创,18.9,5200917,43074218,132376125,250190.87625
2022-02-22,SZ301051,信濠光电,106.42,245100,20000000,80000000,851360
2022-02-22,SZ301052,果麦文化,30.3,1916512,17082013,72039937,218281.00911
2022-02-22,SH688776,国光电气,162.98,92084,15934346,77416728,1261737.832944
2022-02-22,BJ920077,吉林碳谷,56.85,1379803,90585679,315375494,1792909.68339
2022-02-22,SH688711,宏微科技,94.22,1505042,20234041,98493334,928004.192948
2022-02-22,SZ301053,远信工业,28.92,1659338,17442347,81752500,236428.23
2022-02-22,SZ301055,张小泉,20.76,1006486,33281193,156000000,323856
2022-02-22,SH688121,卓然股份,27.96,600369,41559709,202666667,566656.000932
2022-02-22,SZ001215,千味央厨,49.01,459795,21280000,86630336,424575.276736
2022-02-22,SH688187,时代电气,57.1,9382511,158488549,1416236912,8086712.76752
2022-02-22,SZ301056,森赫股份,10.61,2890955,63258453,266786667,283060.653687
2022-02-22,SZ001213,中铁特货,6.01,52015383,444444400,4444444400,2671111.0844
2022-02-22,SH688767,博拓生物,74.8,2060903,22210796,106666667,797866.66916
2022-02-22,SZ301058,中粮科工,16.58,8746328,95737209,512274245,849350.69821
2022-02-22,SZ301057,汇隆新材,19.29,874420,25890054,109200000,210646.8
2022-02-22,SH605599,菜百股份,12.82,10642234,77777800,777777800,997111.1396
2022-02-22,SH688091,上海谊众,54,502503,24133916,105800000,571320
2022-02-22,SH688103,国力电子,45.99,240924,19447390,95390000,438698.61
2022-02-22,SZ301059,金三江,19.3,1138422,28858972,121660000,234803.8
2022-02-22,SH688622,禾信仪器,42.06,435823,14246175,69997606,294409.930836
2022-02-22,SZ301060,兰卫医学,28.05,7941319,40609907,400517000,1123450.185
2022-02-22,SZ301061,匠心家居,61.36,487786,20000000,80000000,490880
2022-02-22,SZ301062,上海艾录,15.05,1273752,41027339,400391800,602589.659
2022-02-22,SZ301065,本立科技,44.83,815667,17680000,70680000,316858.44
2022-02-22,SH688707,振华新材,53.26,1377712,73508605,442934810,2359070.79806
2022-02-22,SH600955,维远股份,42.33,9025862,137500000,550000000,2328150
2022-02-22,SH688701,卓锦股份,15.13,3637292,27322943,134277372,203161.663836
2022-02-22,SH605033,美邦股份,18.35,3350500,33800000,135200000,248092
2022-02-22,SZ300854,中兰环保,30.3,2780834,23519651,99094000,300254.82
2022-02-22,SH688697,纽威数控,16.75,3223028,66448696,326666700,547166.7225
2022-02-22,SH605598,上海港湾,17.12,3925600,43193467,172743467,295736.815504
2022-02-22,SZ301066,万事利,25.92,2100757,28703706,134537280,348720.62976
2022-02-22,SZ301067,显盈科技,46.02,275500,13510000,54020000,248600.04
2022-02-22,SZ301070,开勒股份,33,378823,16180000,64555200,213032.16
2022-02-22,SZ301063,海锅股份,34.71,854346,19970639,84240000,292397.04
2022-02-22,SZ301071,力量钻石,268.01,1153328,15092995,60371980,1618029.43598
2022-02-22,SZ301069,凯盛新材,41.05,5543165,56334652,420640000,1726727.2
2022-02-22,SH601868,中国能建,2.72,388451305,11670767272,41691163636,11339996.508992
2022-02-22,SZ301068,大地海洋,36.34,2890374,17919706,84000000,305256
2022-02-22,SZ301072,中捷精工,32.69,5375021,24906044,105054800,343424.1412
2022-02-22,SZ301075,多瑞医药,33.53,1141283,20000000,80000000,268240
2022-02-22,SZ001217,华尔泰,17.95,1702088,82970000,331870000,595706.65
2022-02-22,SZ301077,星华新材,54.35,315600,15000000,60000000,326100
2022-02-22,SZ301073,君亭酒店,53.6,879596,19066558,80540000,431694.4
2022-02-22,SZ301076,新瀚新材,34.07,1017016,20000000,79600000,271197.2
2022-02-22,SH605567,春雪食品,15.55,5944144,50000000,200000000,311000
2022-02-22,SZ301078,孩子王,21.62,20256228,74136266,1088000000,2352256
2022-02-22,SZ001218,丽臣实业,40.46,527775,22500000,89995500,364121.793
2022-02-22,SH688772,珠海冠宇,39.59,1735776,103685789,1121855747,4441426.902373
2022-02-22,SH688272,富吉瑞,40,343719,15458031,76000000,304000
2022-02-22,SZ301080,百普赛斯,171.04,289560,20000000,80000000,1368320
2022-02-22,SZ301085,亚康股份,50.83,14978379,20000000,80000000,406640
2022-02-22,SH688722,同益中,12.89,1205855,43045892,224666700,289595.3763
2022-02-22,SZ301079,邵阳液压,32.8,2941192,17897385,83893334,275170.13552
2022-02-22,SZ001216,华瓷股份,15.1,4901611,62966700,251866700,380318.717
2022-02-22,SZ301081,严牌股份,19.24,1442786,37320250,170670000,328369.08
2022-02-22,SZ301086,鸿富瀚,75.31,165800,15000000,60000000,451860
2022-02-22,SH688285,高铁电气,9.6,3894173,72074457,376289913,361238.31648
2022-02-22,SZ001219,青岛食品,25.74,2209755,22200000,88750000,228442.5
2022-02-22,SZ301083,百胜智能,16.19,1924865,37474843,177866667,287966.133873
2022-02-22,SH605555,德昌股份,33.38,1047600,50000000,189980000,634153.24
2022-02-22,SH688737,中自科技,45.48,708003,17833405,86034976,391287.070848
2022-02-22,SZ301087,可孚医疗,67.3,2274128,37033360,160375000,1079323.75
2022-02-22,SH688255,凯尔达,36.33,192390,16729782,78414611,284880.281763
2022-02-22,SH605566,福莱蒽特,27.41,728047,33340000,133340000,365484.94
2022-02-22,BJ920925,锦好医疗,19.14,41976,14792635,48600000,93020.4
2022-02-22,SH688211,中科微至,60.76,409385,30608073,131608698,799654.449048
2022-02-22,SH688553,汇宇制药,30.28,628630,49692954,423600000,1282660.8
2022-02-22,SZ301090,华润材料,12.33,4982242,167401937,1479416553,1824120.609849
2022-02-22,SH605138,盛泰集团,12.53,10105612,55560000,555560000,696116.68
2022-02-22,SZ301089,拓新药业,107.52,8313840,27506432,126000000,1354752
2022-02-22,SZ301082,久盛电气,22.34,3902888,33978604,161649410,361124.78194
2022-02-22,SH688257,新锐股份,52.5,786373,20058893,92800000,487200
2022-02-22,SH688280,精进电动,12.68,2822416,99622268,590221667,748401.073756
2022-02-22,SZ301088,戎美股份,22.73,1101996,52396674,228000000,518244
2022-02-22,BJ920892,广咨国际,15.48,13281,18172004,76363347,118210.461156
2022-02-22,SH688739,成大生物,68.06,665302,38812784,416450000,2834358.7
2022-02-22,SZ301091,深城交,37.95,13838431,33666880,160000000,607200
2022-02-22,SZ301093,华兰股份,45.76,765116,30901264,134666667,616234.668192
2022-02-22,SZ001288,运机集团,17.07,2454186,40000000,160000000,273120
2022-02-22,SZ301092,争光股份,35.85,1824859,31614501,133333334,478000.00239
2022-02-22,SZ301129,瑞纳智能,57.67,1401065,18420000,73660000,424797.22
2022-02-22,BJ920924,广脉科技,10.35,646893,37792308,83000000,85905
2022-02-22,SZ301169,零点有数,59.95,9675975,18059944,72239774,433077.44513
2022-02-22,BJ920405,海希通讯,23.42,79457,17769625,70130000,164244.46
2022-02-22,BJ920089,禾昌聚合,12.56,230440,44712250,107620000,135170.72
2022-02-22,SZ301128,强瑞技术,43.79,3555499,18471700,73886622,323549.517738
2022-02-22,SH688162,巨一科技,65.84,1133484,26238089,137000000,902008
2022-02-22,SZ301149,隆华新材,17.77,2658890,61934172,430000018,764110.031986
2022-02-22,SZ301188,力诺药包,20.99,1971480,45788593,232410000,487828.59
2022-02-22,SH603213,镇洋发展,17.69,9483020,65260000,434800000,769161.2
2022-02-22,SZ301178,天亿马,59.89,940900,11778000,47112000,282153.768
2022-02-22,SZ301098,金埔园林,28.11,3980579,22986876,105600000,296841.6
2022-02-22,SH688107,安路科技,57.1,987639,41762820,400100000,2284571
2022-02-22,BJ920873,中设咨询,6.39,5421417,75061378,153387002,98014.294278
2022-02-22,BJ920171,志晟信息,16.28,899109,20517513,66822157,108786.471596
2022-02-22,BJ920145,恒合股份,10.02,240932,24670000,70550000,70691.1
2022-02-22,BJ920932,科达自控,15.88,354169,38227447,72780000,115574.64
2022-02-22,BJ920454,同心传动,9.89,352776,29618699,105100000,103943.9
2022-02-22,SH688105,诺唯赞,83.7,311895,33051434,400010000,3348083.7
2022-02-22,BJ920260,中寰股份,16.1,186878,16055543,51775000,83357.75
2022-02-22,SH688212,澳华内镜,44.17,1052849,27507832,133340000,588962.78
2022-02-22,BJ920092,汉鑫科技,25.78,222441,11135000,47896000,123475.888
2022-02-22,BJ920680,广道退,18.22,456681,40236830,66999900,122073.8178
2022-02-22,BJ920981,晶赛科技,37.32,139025,12710140,54620000,203841.84
2022-02-22,BJ920436,大地电气,16.06,737422,24481000,94476000,151728.456
2022-02-22,SZ301180,万祥科技,25.67,1510671,37566750,400010000,1026825.67
2022-02-22,SH688182,灿勤科技,19.05,2069042,66995626,400000000,762000
2022-02-22,SH603048,浙江黎明,24.54,2674137,36720000,146880000,360443.52
2022-02-22,SH688232,新点软件,50.89,2858690,67150690,330000000,1679370
2022-02-22,SZ001267,汇绿生态,7.16,74521518,286258860,700000000,501200
2022-02-22,SH688075,安旭生物,214.2,1386924,14062440,61333400,1313761.428
2022-02-22,SH688082,盛美上海,88.75,480930,33477540,433557100,3847819.2625
2022-02-22,SZ301118,恒光股份,53.14,2782842,24065985,106670000,566844.38
2022-02-22,SZ301185,鸥玛软件,24.69,2997296,36381100,153417600,378788.0544
2022-02-22,SZ301099,雅创电子,72.89,1536535,16315164,80000000,583120
2022-02-22,SH603219,富佳股份,17.48,1606238,41000000,401000000,700948
2022-02-22,SZ301119,正强股份,36.18,1403697,20000000,80000000,289440
2022-02-22,SZ301155,海力风电,111.75,5013848,51547094,217391478,2429349.76665
2022-02-22,BJ920720,吉冈精密,19.69,232797,21052639,91564500,180290.5005
2022-02-22,SH600935,华塑股份,6.77,17222998,385990000,3507401812,2374511.026724
2022-02-22,SZ301133,金钟股份,30.57,2226640,23943191,106096616,324337.355112
2022-02-22,SH688190,云路股份,88,545642,26091672,120000000,1056000
2022-02-22,SH688049,炬芯科技,47.2,896461,25801651,122000000,575840
2022-02-22,SZ001317,三羊马,53.6,4624630,20010000,80040000,429014.4
2022-02-22,SH688230,芯导科技,111.61,532416,13354060,60000000,669660
2022-02-22,SH688112,鼎阳科技,62.96,940422,23261900,106666700,671573.5432
2022-02-22,SZ301198,喜悦智行,30.24,1092691,23707000,100000000,302400
2022-02-22,SZ301108,洁雅股份,54.37,1077619,19254692,81209818,441537.780466
2022-02-22,SZ301213,观想科技,70.95,7183307,20000000,79999999,567599.992905
2022-02-22,SZ301167,建研设计,36.7,4294138,20000000,80000000,293600
2022-02-22,SH688151,华强科技,31.98,2009570,69592327,344500000,1101711
2022-02-22,SZ301199,迈赫股份,29.81,1390723,31619714,133340000,397486.54
2022-02-22,SZ301111,粤万年青,36.77,13278787,35181836,160000000,588320
2022-02-22,SZ301126,达嘉维康,22.53,27619600,48963943,206505700,465257.3421
2022-02-22,SZ301179,泽宇智能,47.6,1626888,28780416,132000000,628320
2022-02-22,SZ301193,家联科技,29.76,1709735,26869989,120000000,357120
2022-02-22,SH688110,东芯股份,37.51,7775292,84786702,442249758,1658878.842258
2022-02-22,SZ301168,通灵股份,44.49,2940879,28451010,120000000,533880
2022-02-22,SH688192,迪哲医药,32.4,446091,36949584,404183120,1309553.3088
2022-02-22,SH688246,嘉和美康,33.59,2191814,31577198,137877502,463130.529218
2022-02-22,SH603216,梦天家居,20.5,5431344,55360000,221360000,453788
2022-02-22,SH688235,百济神州,114.65,1423176,75708563,1334804281,15303531.081665
2022-02-22,SZ301177,迪阿股份,86.41,1990083,34185497,400010000,3456486.41
2022-02-22,SZ301138,华研精机,45.23,2952248,28452668,120000000,542760
2022-02-22,SZ301101,明月镜片,46.1,1950776,29631500,134341400,619313.854
2022-02-22,SH603071,物产环能,21.16,9112661,100431800,557954442,1180631.599272
2022-02-22,SZ301100,风光股份,30.15,2960142,47421959,200000000,603000
2022-02-22,SZ301096,百诚医药,70.6,985120,24523782,108166667,763656.66902
2022-02-22,SH688032,禾迈股份,637.46,269224,8800654,40000000,2549840
2022-02-22,SH688248,南网科技,19.03,3589243,72829969,564700000,1074624.1
2022-02-22,SZ301221,光庭信息,76,2331888,21325537,92622300,703929.48
2022-02-22,SZ301113,雅艺科技,38.68,1115819,17500000,70000000,270760
2022-02-22,SZ301211,亨迪药业,27.53,5068223,54767687,240000000,660720
2022-02-22,SH600927,永安期货,26.28,12628194,145555556,1455555556,3825200.001168
2022-02-22,SZ301186,超达装备,38.74,2917364,18200000,72758822,281867.676428
2022-02-22,SZ301182,凯旺科技,30.56,1479324,22722198,95821700,292831.1152
2022-02-22,SZ301190,善水科技,27.35,3798740,50891587,214636500,587030.8275
2022-02-22,SH603230,内蒙新华,14.91,11259118,88381000,353523000,527102.793
2022-02-22,SZ001296,长江材料,37.72,2061947,20550000,82199410,310056.17452
2022-02-22,SH688167,炬光科技,134.37,908230,19319362,89960000,1208792.52
2022-02-22,SH688210,统联精密,35.54,115432,16348096,80000000,284320
2022-02-22,SZ301166,优宁维,76,1554660,20136997,86666668,658666.6768
2022-02-22,SH688265,南模生物,57.45,184743,17623279,77963513,447900.382185
2022-02-22,SH688206,概伦电子,29.08,1209849,36286481,433804445,1261503.32606
2022-02-22,SZ301189,奥尼电子,46.39,1096728,28452071,114896465,533004.701135
2022-02-22,SZ301127,武汉天源,15.33,11855560,96244076,409995800,628523.5614
2022-02-22,SH688236,春立医疗,23.04,670711,31845500,384280000,885381.12
2022-02-22,SH688227,品高股份,27.98,931805,24860111,113055275,316328.65945
2022-02-22,SH603176,汇通集团,12.41,49355042,116660000,466660000,579125.06
2022-02-22,SH600941,中国移动,62.3,13392042,400597867,21378250764,133186502.25972
2022-02-22,SH688262,国芯科技,39.32,4826410,53256098,240000000,943680
2022-02-22,BJ920245,威博液压,18.74,215135,10260631,48750000,91357.5
2022-02-22,SH688176,亚虹医药,15.17,1556422,100774022,570000000,864690
2022-02-22,SZ301159,三维天地,47.24,5803537,19350000,77350000,365401.4
2022-02-22,SZ301196,唯科科技,47.88,1018050,29588676,124800000,597542.4
2022-02-22,SZ001234,泰慕士,28.34,6521930,26666700,106666700,302293.4278
2022-02-22,SZ301136,招标股份,23.44,14047888,56251444,275204820,645080.09808
2022-02-22,SH688234,天岳先进,62.83,2413733,33757285,429711044,2699874.489452
2022-02-22,SH688259,创耀科技,84.3,1824629,16984450,80000000,674400
2022-02-22,SZ300834,星辉环材,41.06,2027333,45931488,193712353,795382.921418
2022-02-22,SH688220,翱捷科技,89.11,949190,33547359,418300889,3727479.221879
2022-02-22,SZ001227,兰州银行,5.65,112479708,569569717,5695697168,3218068.89992
2022-02-22,SZ301117,佳缘科技,68.86,5412723,19804209,92263300,635325.0838
2022-02-22,SZ301158,德石股份,27.4,14647190,35653571,150370510,412015.1974
2022-02-22,SH688062,迈威生物,20.66,6541978,88920011,399600000,825573.6
2022-02-22,BJ920204,沪江材料,29.3,555725,9197185,32235145,94448.97485
2022-02-22,SZ301116,益客食品,21.37,6927416,40452955,448979593,959469.390241
2022-02-22,SZ301201,诚达药业,105.7,10003942,22018689,96696140,1022078.1998
2022-02-22,SH688173,希荻微,28.39,3458496,31110765,400010000,1135628.39
2022-02-22,SH603150,万朗磁塑,36.9,3179764,20750000,83000000,306270
2022-02-22,SZ001289,龙源电力,23.85,6518421,133336024,8381963164,19990982.14614
2022-02-22,SH603102,百合股份,51.23,2868455,16000000,64000000,327872
2022-02-22,SZ301123,奕东电子,35.57,6815900,51262187,233600000,830915.2
2022-02-22,SH688223,晶科能源,11.65,109691844,1321621837,10000000000,11650000
2022-02-22,SZ301122,采纳股份,72.9,2719274,22295641,94035122,685516.03938
2022-02-22,SH688270,臻镭科技,55.67,1649501,23898424,109210000,607972.07
2022-02-22,SZ301217,铜冠铜箔,19.26,38976949,190399504,829015544,1596683.937744
2022-02-22,SH688171,纬德信息,32.96,2993157,19059843,83773400,276117.1264
2022-02-22,SZ301228,实朴检测,39.19,12283606,25993596,120000000,470280
2022-02-22,SZ301235,华康洁净,42.8,6156937,23261838,105600000,451968
2022-02-22,SZ301106,骏成科技,41.51,3602266,18146667,72586668,301307.258868
2022-02-22,SH688225,亚信安全,30.7,6088698,32687583,400010000,1228030.7
2022-02-22,SH688261,东微半导,183,2504977,14249202,67376367,1232987.5161
2022-02-22,SZ301206,三元生物,108.95,3986423,31981529,134883800,1469559.001
2022-02-22,SH688283,坤恒顺维,32.86,2793015,17531327,84000000,276024
2022-02-22,SZ001313,粤海饲料,11.35,4282226,100000000,700000000,794500
2022-02-22,SH603122,合富中国,8.82,2097087,99513200,398052633,351082.422306
2022-02-22,SH688267,中触媒,45.51,6818364,36773182,176200000,801886.2
2022-02-22,SH603215,比依股份,21.78,6422720,46665000,186660000,406545.48
2022-02-22,SZ301207,华兰疫苗,68.81,15644703,33806340,400010000,2752468.81
2022-02-22,SZ301181,标榜股份,49.07,14530173,21337494,90000000,441630
2022-02-22,SH603132,金徽股份,15.55,1635992,98000000,978000000,1520790
2022-02-22,SZ301229,纽泰格,65.22,14846440,20000000,80000000,521760
