日期,代码,名称,日收盘价,日交易量,流通股本,总股本,总市值(万)
2020-07-31,SZ000005,ST星源,2.92,9909677,1057946242,1058536842,309092.757864
2020-07-31,SH600652,退市游久,2,4333242,832703498,832703498,166540.6996
2020-07-31,SH600654,中安科,1.59,5731240,755043154,1283020992,204000.337728
2020-07-31,SH600651,飞乐音响,3.96,4030700,985220002,985220002,390147.120792
2020-07-31,SH600602,云赛智联,7.53,7526592,1033464671,1367673455,1029858.111615
2020-07-31,SH600601,方正科技,4.6,67224683,2194891204,2194891204,1009649.95384
2020-07-31,SH600653,申华控股,1.96,17037400,1946380317,1946380317,381490.542132
2020-07-31,SZ000004,*ST国华,28.68,2400786,82604584,165052625,473370.9285
2020-07-31,SZ000002,万  科Ａ,26.84,73332735,9715170043,11617732201,31181993.227484
2020-07-31,SZ000001,平安银行,13.34,116582191,19405752680,19405918198,25887494.876132
2020-07-31,SZ000009,中国宝安,8.37,116913796,2543836879,2579213965,2158802.088705
2020-07-31,SH600603,广汇物流,5.6,23865009,726697582,1259896247,705541.89832
2020-07-31,SZ000012,南  玻Ａ,6.04,92557132,1957059361,3070692107,1854698.032628
2020-07-31,SZ000016,深康佳Ａ,7.22,43402493,1596574300,2407945408,1738536.584576
2020-07-31,SH600605,汇通能源,13.52,2635172,147344592,147344592,199209.888384
2020-07-31,SH600608,*ST沪科,4.49,1107205,318371441,328861441,147658.787009
2020-07-31,SH600604,市北高新,9.32,26782688,1407454804,1873304804,1745920.077328
2020-07-31,SH600606,绿地控股,8.17,153483603,12168154385,12168154385,9941382.132545
2020-07-31,SZ000011,深物业A,26.05,29932592,526475543,595979092,1552525.53466
2020-07-31,SZ000017,深中华A,2.76,8324833,302981008,551347947,152172.033372
2020-07-31,SZ000007,全新好,8.6,5801068,308948044.5,346448044,297945.31784
2020-07-31,SZ000006,深振业Ａ,8.28,64441480,1348307972,1349995046,1117795.898088
2020-07-31,SZ000020,深华发Ａ,13.19,4169231,181165391,283161227,373489.658413
2020-07-31,SZ000008,神州高铁,3.04,22240870,2627827419,2780795346,845361.785184
2020-07-31,SZ000014,沙河股份,13.4,13085105,201705187,201705187,270284.95058
2020-07-31,SH600609,金杯汽车,7.58,21380142,1092667132,1311200558,993890.022964
2020-07-31,SH600611,大众交通,3.99,7731412,1563316364,2364122864,943285.022736
2020-07-31,SH600612,老凤祥,61.3,3193702,317109630,523117764,3206711.89332
2020-07-31,SH600655,豫园股份,10.27,15094050,1602998144,3883761964,3988623.537028
2020-07-31,SH600616,金枫酒业,4.76,7394919,669004950,669004950,318446.3562
2020-07-31,SZ000019,深粮控股,9.5,21373359,416216407,1152535254,1094908.4913
2020-07-31,SH600618,氯碱化工,8.69,16795701,749839976,1156399976,1004911.579144
2020-07-31,SH600619,海立股份,8.13,2873102,582141047,883300255,718123.107315
2020-07-31,SH600620,天宸股份,8.39,8770649,686677113,686677113,576122.097807
2020-07-31,SZ000501,武商集团,25.07,65002626,767757255,768992731,1927864.776617
2020-07-31,SZ000502,绿景退,7.16,3967899,183347957,184819607,132330.838612
2020-07-31,SZ000503,国新健康,13.06,13150445,898779932,898822204,1173861.798424
2020-07-31,SH600621,华鑫股份,21.73,27865018,1060899292,1060899292,2305334.161516
2020-07-31,SH600622,光大嘉宝,4.2,16707300,1499685402,1499685402,629867.86884
2020-07-31,SH600623,华谊集团,5.83,18850010,1862196763,2105296763,1227388.012829
2020-07-31,SZ000504,*ST生物,12.65,1393630,310673201,311573901,394140.984765
2020-07-31,SZ000505,京粮控股,8.99,34757411,406127806,726950251,653528.275649
2020-07-31,SH600624,ST复华,9.76,15119001,684712010,684712010,668278.92176
2020-07-31,SH600626,申达股份,5.45,10071324,808156847,852291316,464498.76722
2020-07-31,SH600628,新世界,12.4,5514301,646875384,646875384,802125.47616
2020-07-31,SH600630,龙头股份,7.12,4525074,424861597,424861597,302501.457064
2020-07-31,SH600635,大众公用,4.94,28788142,2418791675,2952434675,1458502.72945
2020-07-31,SH600637,东方明珠,10.14,22399712,3414500201,3414500201,3462303.203814
2020-07-31,SH600636,*ST国化,14.35,8420464,446936885,446936885,641354.429975
2020-07-31,SH600638,新黄浦,7.42,4365840,673396786,673396786,499660.415212
2020-07-31,SH600639,浦东金桥,15.21,4344445,850236703,1122412893,1707190.010253
2020-07-31,SZ000507,珠海港,5.89,17454084,841204550,930424895,548020.263155
2020-07-31,SH600641,先导基电,20.68,23261772,957930404,957930404,1981000.075472
2020-07-31,SH600640,国脉文化,19.34,5381657,795695940,795695940,1538875.94796
2020-07-31,SH600642,申能股份,5.7,8879471,4552038316,4912038316,2799861.84012
2020-07-31,SH600644,乐山电力,5.46,4071562,538400659,538400659,293966.759814
2020-07-31,SH600643,爱建集团,8.71,15631138,1434058576,1621922452,1412694.455692
2020-07-31,SZ000023,*ST深天,19.23,3023880,138756240,138756240,266828.24952
2020-07-31,SH600647,退市同达,14.86,1519500,139143550,139143550,206767.3153
2020-07-31,SH600648,外高桥,15.31,4968837,934791624,1135349124,1738219.508844
2020-07-31,SH600645,中源协和,29.51,21623634,410968113,467969890,1380979.14539
2020-07-31,SZ000509,华塑控股,2.31,18654295,825479873,825483117,190686.600027
2020-07-31,SZ000510,新金路,4.63,11565760,549479157,609182254,282051.383602
2020-07-31,SH600649,城投控股,5.81,9831002,2529575634,2529575634,1469683.443354
2020-07-31,SH600657,信达地产,4.8,23913722,1524260442,2851878595,1368901.7256
2020-07-31,SH600658,电子城,6.27,8706270,1118585045,1118585045,701352.823215
2020-07-31,SZ000026,飞亚达,18.49,18528136,356716368,428144881,791639.884969
2020-07-31,SH600650,锦江在线,10.26,4651600,390560075,551610107,565951.969782
2020-07-31,SH600660,福耀玻璃,24.4,21592918,2002986332,2508617532,6121026.77808
2020-07-31,SH600662,外服控股,9.84,34071698,1053362191,1053362191,1036508.395944
2020-07-31,SH600661,昂立教育,16.68,684697,286548830,286548830,477963.44844
2020-07-31,SZ000025,特  力Ａ,20.91,6981001,392778320,431058320,901342.94712
2020-07-31,SH600663,陆家嘴,12.57,7396116,2933461440,4034197440,5070986.18208
2020-07-31,SH600664,哈药股份,3.53,43224673,2506955076,2507019076,884977.733828
2020-07-31,SH600665,天地源,3.56,2741243,864122521,864122521,307627.617476
2020-07-31,SH600666,奥瑞德,1.48,5972784,803655532,1227326240,181644.28352
2020-07-31,SZ000514,渝 开 发,4.16,6924522,843770965,843770965,351008.72144
2020-07-31,SH600668,尖峰集团,17.19,33339180,344083828,344083828,591480.100332
2020-07-31,SH600667,太极实业,11.53,37447189,2106190178,2106190178,2428437.275234
2020-07-31,SZ000516,国际医学,6.26,63494607,1929001640,1971049302,1233876.863052
2020-07-31,SZ000028,国药一致,49.75,10429726,367733625,428126983,2129931.740425
2020-07-31,SH600671,天目药业,8.82,1071200,121720533,121778885,107408.97657
2020-07-31,SH600600,青岛啤酒,83,8923213,695913617,1364182795,11322717.1985
2020-07-31,SZ000027,深圳能源,5.67,20970875,4757389916,4757389916,2697440.082372
2020-07-31,SZ000029,深深房Ａ,10.81,0,891660000,1011660000,1093604.46
2020-07-31,SH600673,东阳光,7.23,44394720,2458926257,3013897259,2179047.718257
2020-07-31,SH600675,中华企业,4.26,7987944,2240471278,6096135252,2596953.617352
2020-07-31,SH600674,川投能源,9.55,6384847,4402142187,4402142187,4204045.788585
2020-07-31,SH600676,交运股份,5.84,12350464,1028492944,1028492944,600639.879296
2020-07-31,SZ000030,富奥股份,7.71,8670492,1759880870,1810552111,1395935.677581
2020-07-31,SZ000031,大悦城,5.48,13122282,1813722958,4286313339,2348899.709772
2020-07-31,SH600678,四川金顶,7.51,24466096,348990000,348990000,262091.49
2020-07-31,SZ000519,中兵红箭,11.21,71538489,1391492468,1392558982,1561058.618822
2020-07-31,SH600679,上海凤凰,13.3,3417097,230598947,402198947,534924.59951
2020-07-31,SH600682,南京新百,17.3,50586975,1165030275,1346132221,2328808.74233
2020-07-31,SZ000521,长虹美菱,3.89,113846836,872447531,1044597881,406348.575709
2020-07-31,SH600683,京投发展,4.29,5339356,740777597,740777597,317793.589113
2020-07-31,SH600684,珠江股份,3.65,4359012,853460723,853460723,311513.163895
2020-07-31,SH600685,中船防务,37.63,62710066,821435181,1413506378,5319024.500414
2020-07-31,SZ000513,丽珠集团,54.46,13230215,598848416,938113759,5108967.531514
2020-07-31,SZ000525,红太阳,8.29,19211911,574514828,580772873,481460.711717
2020-07-31,SZ000032,深桑达Ａ,29.83,15441198,411283660,413219661,1232634.248763
2020-07-31,SZ000526,学大教育,82.52,3152321,96195107,96195107,793802.022964
2020-07-31,SH600687,退市刚泰,1.25,19000601,1488715304,1488715304,186089.413
2020-07-31,SH600688,上海石化,3.59,20942984,7328813500,10823813500,3885749.0465
2020-07-31,SH600686,金龙汽车,6.04,4345120,606738511,717047417,433096.639868
2020-07-31,SH600689,上海三毛,8.63,2488904,152204143,200991343,173455.529009
2020-07-31,SZ000523,红棉股份,6.03,6942743,626947136,627533125,378402.474375
2020-07-31,SZ000524,岭南控股,10.36,41666246,670139867,670208597,694336.106492
2020-07-31,SZ000528,柳    工,7.18,21785430,1462632724,1475921376,1059711.547968
2020-07-31,SH600692,亚通股份,7.08,3723323,255010517,351764064,249048.957312
2020-07-31,SH600690,海尔智家,18,0,6308552654,6579566627,11843219.9286
2020-07-31,SH600691,潞化科技,2.1,15348966,1756390906,2375981952,498956.20992
2020-07-31,SH600693,东百集团,6.04,29143178,897247594,898229148,542530.405392
2020-07-31,SH600695,退市绿庭,7.78,13960060,366467152,711132100,553260.7738
2020-07-31,SH600694,大商股份,26.02,5043061,293718653,293718653,764255.935106
2020-07-31,SZ000541,佛山照明,6.68,30581789,1072554652,1399346154,934763.230872
2020-07-31,SZ000539,粤电力Ａ,3.86,4826604,2553907040,5250283986,2026609.618596
2020-07-31,SZ000547,航天发展,17.71,42027636,1205405063,1605678881,2843657.298251
2020-07-31,SZ000550,江铃汽车,14.85,7484447,518463085,863214000,1281872.79
2020-07-31,SZ000553,安道麦A,9.14,5078833,468616702,2344121302,2142526.870028
2020-07-31,SH600699,均胜电子,22.56,16227838,1237263065,1237263065,2791265.47464
2020-07-31,SH600696,*ST岩石,8.8,3791309,334469431,334469431,294333.09928
2020-07-31,SH600697,欧亚集团,18.11,4467800,155156015,159088075,288108.503825
2020-07-31,SH600800,渤海化学,4.78,4324106,610956047,1002406266,479150.195148
2020-07-31,SZ000544,中原环保,7.42,11258395,974684488,974684488,723215.890096
2020-07-31,SZ000530,冰山冷热,4.3,50406438,598924878,843212507,362581.37801
2020-07-31,SZ000537,绿发电力,8.29,26737012,512717581,1862520720,1544029.67688
2020-07-31,SZ000554,泰山石油,5.04,9794672,362649713,480793320,242319.83328
2020-07-31,SZ000538,云南白药,109.58,6078677,602151239,1277403317,13997785.547686
2020-07-31,SZ000543,皖能电力,4.15,14178847,1790395978,2266863331,940748.282365
2020-07-31,SZ000548,湖南投资,4.12,4014888,499188811,499215811,205676.914132
2020-07-31,SH600805,悦达投资,4.36,4184501,850275368,850894494,370989.999384
2020-07-31,SZ000533,顺钠股份,3,11764500,684902400,690816000,207244.8
2020-07-31,SH600804,退市鹏博,9.18,54737501,1432357859,1432394299,1314937.966482
2020-07-31,SH600803,新奥股份,11.94,7320038,1229355783,1229355783,1467850.804902
2020-07-31,SH600802,福建水泥,11.1,50339525,458248400,458248400,508655.724
2020-07-31,SH600801,华新建材,27.39,26155114,1361879855,2096599855,5742587.002845
2020-07-31,SZ000532,华金资本,12.37,7031953,343549746,344708340,426404.21658
2020-07-31,SH600807,济高发展,4.94,9875576,787018464,884634731,437009.557114
2020-07-31,SZ000551,创元科技,9.49,14849688,400080405,400080405,379676.304345
2020-07-31,SZ000531,穗恒运Ａ,10.23,19900663,685082820,685082820,700839.72486
2020-07-31,SH600808,马钢股份,2.7,34861463,5967751186,7700681186,2079183.92022
2020-07-31,SH600809,山西汾酒,180.34,4551921,865848266,871528266,15717140.749044
2020-07-31,SH600810,神马股份,8.98,66619099,574964000,574964000,516317.672
2020-07-31,SH600811,*ST东方,5.23,69548510,3714576124,3714576124,1942723.312852
2020-07-31,SZ000564,供销大集,4.35,145543864,2005895931,5982004024,2602171.75044
2020-07-31,SZ000563,陕国投Ａ,4.01,65795806,3964012846,3964012846,1589569.151246
2020-07-31,SZ000534,万泽股份,10.6,9374274,491507596,491785096,521292.20176
2020-07-31,SZ000559,万向钱潮,6.13,45849726,2753149374,2753159454,1687686.745302
2020-07-31,SH600812,华北制药,17.59,109524344,1630804729,1630804729,2868585.518311
2020-07-31,SH600814,杭州解百,6.93,12542133,715026758,715026758,495513.543294
2020-07-31,SH600816,建元信托,2.01,16341996,5264290520,5469137919,1099296.721719
2020-07-31,SH600815,厦工股份,2.32,3585051,1774094480,1774094480,411589.91936
2020-07-31,SH600820,隧道股份,6.02,13634192,3144096094,3144096094,1892745.848588
2020-07-31,SH600819,耀皮玻璃,4.9,5269610,747416067,934916069,458108.87381
2020-07-31,SH600821,金开新能,4.47,3067570,416268225,416268225,186071.896575
2020-07-31,SZ000021,深科技,25.27,61102314,1469327064,1471259363,3717872.410301
2020-07-31,SZ000540,*ST中天,3.59,88138112,6973303421,7005254679,2514886.429761
2020-07-31,SH600825,新华传媒,6.07,6246881,1044887850,1044887850,634246.92495
2020-07-31,SH600824,益民集团,4.2,13942724,1054027073,1054027073,442691.37066
2020-07-31,SH600822,上海物贸,12.45,13190088,396147908,495972914,617486.27793
2020-07-31,SH600823,*ST世茂,4.36,11961228,3751168261,3751168261,1635509.361796
2020-07-31,SH600827,百联股份,19.89,81114579,1604449920,1784168117,3548710.384713
2020-07-31,SH600826,兰生股份,11.52,3162176,420642288,420642288,484579.915776
2020-07-31,SH600834,申通地铁,11.62,12924540,477381905,477381905,554717.77361
2020-07-31,SH600829,人民同泰,8.7,17081724,579888597,579888597,504503.07939
2020-07-31,SH600831,广电网络,7.42,10788247,710401753,710401753,527118.100726
2020-07-31,SH600830,香溢融通,6.72,11983031,454322747,454322747,305304.885984
2020-07-31,SH600835,上海机电,17.36,3906355,806504300,1022739308,1775475.438688
2020-07-31,SH600836,*ST易连,5.3,5143343,662753072,662753072,351259.12816
2020-07-31,SH600828,茂业商业,4.75,11746226,655131907,1731982546,822691.70935
2020-07-31,SH600838,上海九百,7.7,7651225,400881981,400881981,308679.12537
2020-07-31,SH600843,上工申贝,7.23,1768300,304645850,548589600,396630.2808
2020-07-31,SH600846,同济科技,8.75,11170142,624761516,624761516,546666.3265
2020-07-31,SH600841,动力新科,7.68,879944,521892530,866689830,665617.78944
2020-07-31,SH600839,四川长虹,3.01,49048860,4614322151,4616244222,1389489.510822
2020-07-31,SH600848,上海临港,23.14,8507933,1046657053,2102068212,4864185.842568
2020-07-31,SH600850,电科数字,27.33,8635790,426852228,426852228,1166587.139124
2020-07-31,SH600847,万里股份,12.03,2663511,153287400,153287400,184404.7422
2020-07-31,SH600851,海欣股份,8.96,9122466,738206110,1207056692,1081522.796032
2020-07-31,SZ000555,神州信息,16.67,16785942,955684835,970381273,1617625.582091
2020-07-31,SZ000039,中集集团,8.34,15734083,1525582841,3586074802,2990786.384868
2020-07-31,SZ000035,中国天楹,5.19,11642134,2368304444,2523777297,1309840.417143
2020-07-31,SZ000565,渝三峡Ａ,5.27,4327924,433592220,433592220,228503.09994
2020-07-31,SH600857,宁波中百,9.51,1634210,224319919,224319919,213328.242969
2020-07-31,SH600856,退市中天,1.43,30955428,1343422057,1366654379,195431.576197
2020-07-31,SH600859,王府井,61.23,32838636,568777123,776250350,4752980.89305
2020-07-31,SH600860,京城股份,3.98,2762356,322000000,485000000,193030
2020-07-31,SZ000558,天府文旅,2.75,8876800,1288352640,1289223949,354536.585975
2020-07-31,SZ000034,神州数码,23.83,20300694,491942831,654070434,1558649.844222
2020-07-31,SZ000568,泸州老窖,117.98,12196683,1460105295,1464752476,17281149.711848
2020-07-31,SH600861,北京人力,18.71,25115310,316804949,316804949,592742.059579
2020-07-31,SH600863,内蒙华电,2.53,19223534,5808506605,5808506605,1469552.171065
2020-07-31,SZ000566,海南海药,9.35,44696678,1203496461,1335979264,1249140.61184
2020-07-31,SZ000567,海德股份,13.37,13098261,217786301,641138926,857202.744062
2020-07-31,SZ000571,新大洲A,3.75,6943054,808040195,814064000,305274
2020-07-31,SZ000036,华联控股,4.57,24543502,1479000654,1483934025,678157.849425
2020-07-31,SZ000570,苏常柴Ａ,5.01,7196900,411374326,561374326,281248.537326
2020-07-31,SZ000037,深南电A,19.39,7142924,338894012,602762596,1168756.673644
2020-07-31,SZ000040,*ST旭蓝,3.09,22687836,1060340595,1486873870,459444.02583
2020-07-31,SZ000572,海马汽车,2.7,23075012,1642155224,1644636426,444051.83502
2020-07-31,SH600864,哈投股份,7.41,62685279,2080570520,2080570520,1541702.75532
2020-07-31,SH600865,百大集团,7.14,6676088,376240316,376240316,268635.585624
2020-07-31,SZ000045,深纺织Ａ,9.91,13606291,457016599,509338429,504754.383139
2020-07-31,SZ000573,粤宏远Ａ,3.11,38738022,633875503,648730604,201755.217844
2020-07-31,SH600866,星湖科技,4.87,11993438,722353211,739019166,359902.333842
2020-07-31,SH600867,通化东宝,13.71,41010958,2033988517,2033988517,2788598.256807
2020-07-31,SZ000576,甘化科工,10.77,32474231,427984418,442861324,476961.645948
2020-07-31,SH600868,梅雁吉祥,3.35,48977307,1898148679,1898148679,635879.807465
2020-07-31,SZ000046,*ST泛海,4.21,15661793,5175088333,5196200656,2187600.476176
2020-07-31,SZ000042,中洲控股,9.48,2092506,662149964,664831139,630259.919772
2020-07-31,SZ000048,京基智农,24.39,1286289,402428671,402491731,981677.331909
2020-07-31,SH600872,中炬高新,70.26,5902325,796637194,796637194,5597172.925044
2020-07-31,SH600869,远东股份,4.06,13233720,2219352746,2219352746,901057.214876
2020-07-31,SZ000050,深天马Ａ,16.81,30628234,1828920459,2048123051,3442894.848731
2020-07-31,SZ000049,德赛电池,58.85,4163965,205243738,207197738,1219358.68813
2020-07-31,SH600871,石化油服,1.82,14159026,12042660995,18984340033,3455149.886006
2020-07-31,SH600874,创业环保,7.22,7965369,1087228430,1427228430,1030458.92646
2020-07-31,SH600875,东方电气,10.36,56214235,1996900368,3118792130,3231068.64668
2020-07-31,SH600877,电科芯片,5.99,5430787,687282040,822161695,492474.855305
2020-07-31,SZ000010,美丽生态,4.15,5969409,522171498,819854713,340239.705895
2020-07-31,SH600876,凯盛新能,15.5,7933838,279045877,552396509,856214.58895
2020-07-31,SZ000582,北部湾港,12.01,6328427,1267213790,1634616854,1963174.841654
2020-07-31,SH600879,航天电子,7.42,72252668,2719271284,2719271284,2017699.292728
2020-07-31,SH600880,博瑞传播,4.53,9725853,1093030175,1093332092,495279.437676
2020-07-31,SH600881,亚泰集团,3.61,44850124,3248913588,3248913588,1172857.805268
2020-07-31,SZ000584,工智退,7.1,23284537,598315925,613324339,435460.28069
2020-07-31,SH600882,妙可蓝多,42.41,6757504,407834545,409357045,1736083.227845
2020-07-31,SH600883,博闻科技,10.11,2983100,236088000,236088000,238684.968
2020-07-31,SZ000586,汇源通信,9.65,2135716,193440000,193440000,186669.6
2020-07-31,SH600886,国投电力,8.62,14585394,6786023347,6786023347,5849552.125114
2020-07-31,SZ000590,古汉医药,10.78,3582872,239376227,239471267,258150.025826
2020-07-31,SH600884,杉杉股份,13.24,92494961,1628009229,1628009229,2155484.219196
2020-07-31,SH600885,宏发股份,42.1,16666271,744761552,744761552,3135446.13392
2020-07-31,SZ000591,太阳能,4.87,34718829,2037098929,3007098032,1464456.741584
2020-07-31,SH600888,新疆众和,5.6,53186895,928319769,1024705400,573835.024
2020-07-31,SZ000589,贵州轮胎,5.29,37709176,775464304,797589304,421924.741816
2020-07-31,SH600889,南京化纤,7.23,2322200,338044124,366346010,264868.16523
2020-07-31,SZ000593,德龙汇能,5.43,6624158,358483169,358631009,194736.637887
2020-07-31,SH600887,伊利股份,36.63,71692210,5900225887,6083439833,22283640.108279
2020-07-31,SH600890,退市中房,7.88,12018100,579194925,579194925,456405.6009
2020-07-31,SH600894,广日股份,7.6,8709616,859946895,859946895,653559.6402
2020-07-31,SH600893,航发动力,36.87,36779505,1947726550,2249844450,8295176.48715
2020-07-31,SZ000055,方大集团,4.95,11269861,678272529,1088278951,538698.080745
2020-07-31,SZ000595,*ST宝实,1.95,4504200,752181550,764279250,149034.45375
2020-07-31,SH600895,张江高科,20.13,27762826,1548689550,1548689550,3117512.06415
2020-07-31,SZ000587,*ST金洲,1.16,65843914,1213011850,2123749330,246354.92228
2020-07-31,SZ000599,青岛双星,5.01,17685402,767689142,822259233,411951.875733
2020-07-31,SH600896,退市海医,5.04,16115276,869099075,869099075,438025.9338
2020-07-31,SH600706,曲江文旅,7.64,2708180,213490410,215411610,164574.47004
2020-07-31,SH600707,彩虹股份,4.71,17332428,1287966470,3588389732,1690131.563772
2020-07-31,SZ000597,东北制药,5.61,22855471,1249695161,1351501713,758192.460993
2020-07-31,SH600702,舍得酒业,36.98,9713225,329519000,336644000,1244909.512
2020-07-31,SZ000598,兴蓉环境,5.1,22080881,2986218602,2986218602,1522971.48702
2020-07-31,SH600711,盛屯矿业,6.35,120208772,1884480145,2308034195,1465601.713825
2020-07-31,SH600897,厦门空港,17.77,1241123,297810000,297810000,529208.37
2020-07-31,SZ000600,建投能源,5.54,13423441,1090044126,1791626376,992561.012304
2020-07-31,SH600704,物产中大,4.58,27165319,4306682417,5062182040,2318479.37432
2020-07-31,SH600714,金瑞矿业,6.4,2327066,288176273,288176273,184432.81472
2020-07-31,SH600708,光明地产,2.97,24633046,2225277771,2228636743,661905.112671
2020-07-31,SZ000401,金隅冀东,19.16,36658247,1347213551,1347522914,2581853.903224
2020-07-31,SH600717,天津港,4.66,9912873,2411667532,2411667532,1123837.069912
2020-07-31,SH600718,东软集团,11.99,13285584,1242370295,1242370295,1489601.983705
2020-07-31,SZ000404,长虹华意,4.15,28525581,694622798,695995979,288838.331285
2020-07-31,SH600712,南宁百货,7.88,74396215,538371891,544655360,429188.42368
2020-07-31,SZ000402,金 融 街,6.9,9507050,2987631546,2988929907,2062361.63583
2020-07-31,SH600722,金牛化工,4.28,15258300,680319676,680319676,291176.821328
2020-07-31,SZ000408,藏格矿业,8.24,12096117,473486085,1993779522,1642874.326128
2020-07-31,SH600713,南京医药,5.02,32816615,897425598,1041611244,522888.844488
2020-07-31,SH600715,文投控股,2.94,7843902,1489924100,1854853500,545326.929
2020-07-31,SH600726,华电能源,2.13,14444720,1534675151,1966675153,418901.807589
2020-07-31,SH600716,凤凰股份,4.08,5269357,936060590,936060590,381912.72072
2020-07-31,SH600729,重庆百货,32.29,4446478,406426465,406528465,1312680.413485
2020-07-31,SH600725,云维股份,2.13,3136639,1232470000,1232470000,262516.11
2020-07-31,SZ000407,胜利股份,4.13,9332808,875743830,880084656,363474.962928
2020-07-31,SZ000056,皇庭国际,3.86,4447120,903728783,1174528720,453368.08592
2020-07-31,SZ000415,渤海租赁,3.07,39201539,3547396604,6184521282,1898648.033574
2020-07-31,SH600720,中交设计,21.34,22394547,776162687,776290282,1656603.461788
2020-07-31,SH600723,首商股份,10.02,10938193,658069554,658407554,659724.369108
2020-07-31,SH600728,佳都科技,9.29,24810620,1718505597,1757407497,1632631.564713
2020-07-31,SH600724,宁波富达,4.57,45738635,1444942664,1445241071,660475.169447
2020-07-31,SH600719,大连热电,4.33,4619708,404599600,404599600,175191.6268
2020-07-31,SZ000410,沈阳机床,4.56,5511502,1680914444,1684035944,767920.390464
2020-07-31,SZ000416,*ST民控,5.11,8414401,531641098,531871494,271786.333434
2020-07-31,SH600735,ST新华锦,5.71,6045800,375992296,375992296,214691.601016
2020-07-31,SH600730,中国高科,5.46,9717069,586656002,586656002,320314.177092
2020-07-31,SZ000423,东阿阿胶,40.72,14699336,653867313,654021537,2663175.698664
2020-07-31,SH600737,中粮糖业,8.27,22783295,2111098760,2138848228,1768827.484556
2020-07-31,SH600738,丽尚国潮,5.96,11462378,740467673,773464476,460984.827696
2020-07-31,SH600731,湖南海利,8.72,14363599,326653117,355222698,309754.192656
2020-07-31,SZ000420,吉林化纤,2.1,18992070,1850467588,1970706656,413848.39776
2020-07-31,SZ000421,南京公用,8.47,67023205,572646934,572646934,485031.953098
2020-07-31,SH600740,山西焦化,4.92,14250007,962925831.4,1970862426,969664.313592
2020-07-31,SZ000428,华天酒店,3.41,8845620,1018882150,1018926000,347453.766
2020-07-31,SZ000417,合百集团,6.64,20319707,779027451,779884200,517843.1088
2020-07-31,SZ000422,湖北宜化,2.53,2903076,897812984,897866712,227160.278136
2020-07-31,SH600736,苏州高新,5.52,13802202,1151292907,1151292907,635513.684664
2020-07-31,SZ000419,通程控股,5.09,5849058,543289983,543582655,276683.571395
2020-07-31,SH600733,北汽蓝谷,6.79,22208563,1824652719,3493659337,2372194.689823
2020-07-31,SH600739,辽宁成大,27.95,50598910,1529709816,1529709816,4275538.93572
2020-07-31,SZ000603,盛达资源,18.73,41286957,578804715,689969346,1292312.585058
2020-07-31,SH600741,华域汽车,21,15392624,3152723984,3152723984,6620720.3664
2020-07-31,SH600742,富维股份,9.14,5818833,659953008,659953008,603197.049312
2020-07-31,SZ000425,徐工机械,6.35,93851620,6995037403,7833668430,4974379.45305
2020-07-31,SZ000426,兴业银锡,9.4,69520389,1475294430,1837192219,1726960.68586
2020-07-31,SZ000430,ST张家界,5.19,4119981,331738800,404817686,210100.379034
2020-07-31,SZ000607,华媒控股,4.48,7115479,884859969,1017698410,455928.88768
2020-07-31,SZ000601,韶能股份,7.08,32971192,1079832057,1080551669,765030.581652
2020-07-31,SH600744,华银电力,2.56,12286540,827634402,1781124274,455967.814144
2020-07-31,SZ000605,渤海股份,6.49,2728429,352658600,352658600,228875.4314
2020-07-31,SH600746,江苏索普,7.75,7755500,304661953,1048348300,812469.9325
2020-07-31,SZ000608,*ST阳光,4.62,4297533,749801859,749913309,346459.948758
2020-07-31,SH600756,浪潮软件,18.48,11066045,324098753,324098753,598934.495544
2020-07-31,SH600750,华润江中,13.32,15280068,630000000,630000000,839160
2020-07-31,SH600748,上实发展,5.45,14552160,1844562892,1844562892,1005286.77614
2020-07-31,SZ000413,ST旭电,2.8,62757233,4864130314,5730250118,1604470.03304
2020-07-31,SZ000610,西安旅游,8.76,10668277,235273819,236747901,207391.161276
2020-07-31,SZ000612,焦作万方,8.39,73483577,1191057144,1192199394,1000255.291566
2020-07-31,SH600753,*ST海钦,10.52,3101720,179200000,179200000,188518.4
2020-07-31,SZ000596,古井贡酒,212.9,2606137,383600000,503600000,10721644
2020-07-31,SH600757,长江传媒,5.49,8848157,1213497103,1213650273,666293.999877
2020-07-31,SH600755,厦门国贸,6.97,18233800,1850073225,1850073225,1289501.037825
2020-07-31,SZ000606,顺利退,4.68,40642470,707201606,765799353,358394.097204
2020-07-31,SZ000611,天首退,3.54,1819022,319347925,337822022,119588.995788
2020-07-31,SH600761,安徽合力,10.83,4259312,740180802,740180802,801615.808566
2020-07-31,SZ000609,ST中迪,5.77,6999365,292002672,299265522,172676.206194
2020-07-31,SH600760,中航沈飞,63.93,30118600,398522095,1400389285,8952688.699005
2020-07-31,SH600754,锦江酒店,39.46,7070062,801936440,957936440,3780017.19224
2020-07-31,SH600749,西藏旅游,11.28,7623982,226965517,226965517,256017.103176
2020-07-31,SZ000615,*ST美谷,4.13,6119000,772816813,782307677,323093.070601
2020-07-31,SZ000617,中油资本,7.38,7173384,12642079079,12642079079,9329854.360302
2020-07-31,SZ000619,海螺新材,5.72,6217400,360000000,360000000,205920
2020-07-31,SH600766,退市园城,8.08,18662753,223932072,224226822,181175.272176
2020-07-31,SZ000623,吉林敖东,17.37,17125963,1141808311,1163039526,2020199.656662
2020-07-31,SH600758,辽宁能源,3.38,9546772,1320743394,1322017394,446841.879172
2020-07-31,SH600763,通策医疗,176.45,2493021,320640000,320640000,5657692.8
2020-07-31,SH600769,祥龙电业,6.5,3817055,374977200,374977200,243735.18
2020-07-31,SH600764,中国海防,35.19,14232269,328765729,710629386,2500704.809334
2020-07-31,SH600771,广誉远,15.33,15589997,491999697,491999697,754235.535501
2020-07-31,SH600765,中航重机,13.36,23742662,778003200,939680840,1255413.60224
2020-07-31,SZ000616,*ST海投,2.83,30657504,1430234425,1430234425,404756.342275
2020-07-31,SH600774,汉商集团,13.88,5785598,226757731,226948002,315003.826776
2020-07-31,SH600773,西藏城投,7.05,27904713,746104694,819660744,577860.82452
2020-07-31,SH600768,宁波富邦,10.58,4493320,133747200,133747200,141504.5376
2020-07-31,SZ000627,*ST天茂,5.74,19312271,4303129165,4940629165,2835921.14071
2020-07-31,SZ000633,合金投资,4.11,7456713,385104123,385106373,158278.719303
2020-07-31,SZ000637,茂化实华,4.86,34488779,366494967,519875356,252659.423016
2020-07-31,SH600767,退市运盛,3.71,2573962,340910182,341010182,126514.777522
2020-07-31,SZ000651,格力电器,56.91,115564496,5969931253,6015730878,34235524.426698
2020-07-31,SH600775,南京熊猫,8.33,8079238,671838529,913838529,761227.494657
2020-07-31,SZ000628,高新发展,9.51,8487399,187980340,311480000,296217.48
2020-07-31,SZ000630,铜陵有色,2.28,146983064,10526435376,10526533308,2400049.594224
2020-07-31,SZ000635,英 力 特,7.95,6458788,303087602,303087602,240954.64359
2020-07-31,SH600770,综艺股份,5.87,24357177,1300000000,1300000000,763100
2020-07-31,SZ000632,三木集团,4.8,10441867,465481606,465519570,223449.3936
2020-07-31,SH600777,*ST新潮,1.86,191999960,4051236570,6800495825,1264892.22345
2020-07-31,SZ000639,西王食品,6.81,41621899,1076350048,1079428095,735090.532695
2020-07-31,SH600776,东方通信,15.4,8652549,956000064,1256000064,1934240.09856
2020-07-31,SZ000626,远大控股,7.08,2122900,463946400,542874902,384355.430616
2020-07-31,SZ000652,泰达股份,6.64,51345922,1474113184,1475573852,979781.037728
2020-07-31,SZ000655,金岭矿业,7.04,15565820,595340230,595340230,419119.52192
2020-07-31,SZ000656,*ST金科,8.7,28775792,5286626206,5339715816,4645552.75992
2020-07-31,SZ000636,风华高科,36.2,34570988,895233111,895233111,3240743.86182
2020-07-31,SH600778,友好集团,5.08,6183001,311214882,311491352,158237.606816
2020-07-31,SZ000659,珠海中富,2.72,13147853,1285702520,1285702520,349711.08544
2020-07-31,SH600780,通宝能源,3.58,5474846,1146502523,1146502523,410447.903234
2020-07-31,SZ000667,ST美置,3.51,38212143,2447314632,2466988633,865913.010183
2020-07-31,SZ000663,永安林业,3.83,1980290,291338251,336683929,128949.944807
2020-07-31,SH600779,水井坊,63.7,5569927,488303498,488545698,3112036.09626
2020-07-31,SZ000669,ST金鸿,2.03,15093706,680408797,680408797,138122.985791
2020-07-31,SZ000666,经纬纺机,9.69,5665495,293518766,704130000,682301.97
2020-07-31,SZ000668,*ST荣控,21.88,5496806,146688393,146841890,321290.05532
2020-07-31,SZ000665,湖北广电,5.39,6729025,981823784,981878489,529232.505571
2020-07-31,SZ000662,天夏退,1.46,17787356,1092980729,1093097734,159592.269164
2020-07-31,SZ000671,ST阳光城,6.93,21350536,4003811368,4081996565,2828823.619545
2020-07-31,SH600781,退市辅仁,3.71,6338090,374263222,627157512,232675.436952
2020-07-31,SZ000661,长春高新,497,6290992,340029640,404720290,20114598.413
2020-07-31,SZ000676,智度股份,8.33,24668231,1009357832,1325700535,1104308.545655
2020-07-31,SH600783,鲁信创投,16.1,10108511,744359294,744359294,1198418.46334
2020-07-31,SH600784,鲁银投资,5.31,10680600,568177846,568177846,301702.436226
2020-07-31,SH600782,新钢股份,4.42,33188726,3188722696,3188722696,1409415.431632
2020-07-31,SZ000677,恒天海龙,3.14,7485257,863977948,863977948,271289.075672
2020-07-31,SZ000058,深 赛 格,10.47,54446542,538013278,1235656249,1293732.092703
2020-07-31,SH600785,新华百货,17.41,1138520,225631280,225631280,392824.05848
2020-07-31,SZ000061,农 产 品,8.42,29260238,1695420483,1696964131,1428843.798302
2020-07-31,SZ000682,东方电子,5.37,14785877,978022745,1340727007,719970.402759
2020-07-31,SH600787,中储股份,5.08,17356567,2199801033,2199801033,1117498.924764
2020-07-31,SZ000680,山推股份,3.78,17086209,1056929932,1240787611,469017.716958
2020-07-31,SH600792,云煤能源,3.05,6085212,989923600,989923600,301926.698
2020-07-31,SZ000060,中金岭南,4.68,68094256,3568397881,3569685327,1670612.733036
2020-07-31,SZ000685,中山公用,8.41,11035602,1253229908,1475111351,1240568.646191
2020-07-31,SZ000673,当代退,1.31,13970854,789510358,791550442,103693.107902
2020-07-31,SZ000679,大连友谊,3.92,1151994,356350622,356400000,139708.8
2020-07-31,SZ000690,宝新能源,6.42,38048286,2084122681,2175887862,1396920.007404
2020-07-31,SH600791,京能置业,5.13,37612131,452313696,452880000,232327.44
2020-07-31,SZ000062,深圳华强,16.18,6564640,1044640056,1045909322,1692281.282996
2020-07-31,SZ000059,华锦股份,5.16,29116960,1599439081,1599442537,825312.349092
2020-07-31,SZ000683,博源化工,1.93,28078413,3555417624,3924206991,757371.949263
2020-07-31,SH600793,宜宾纸业,11.16,1393400,176904002,176904002,197424.866232
2020-07-31,SZ000698,ST沈化,9.98,120821380,785688299,819514395,817875.36621
2020-07-31,SZ000687,华讯退,1.91,20750145,752864376,766199362,146344.078142
2020-07-31,SZ000701,厦门信达,5.3,17478371,406613056,406613056,215504.91968
2020-07-31,SH600789,鲁抗医药,10.66,83563631,852121628,880229735,938324.89751
2020-07-31,SZ000686,东北证券,11.22,82707980,2340452915,2340452915,2625988.17063
2020-07-31,SZ000692,惠天热电,2.91,4099300,532785880,532832976,155054.396016
2020-07-31,SH600790,轻纺城,3.3,9379126,1465790928,1465790928,483711.00624
2020-07-31,SZ000700,模塑科技,7.48,26214266,807076367,917047041,685951.186668
2020-07-31,SZ000691,*ST亚太,7.3,42894756,290486300,323270000,235987.1
2020-07-31,SZ001696,宗申动力,9.74,84756575,891188750,1145026920,1115256.22008
2020-07-31,SH600794,保税科技,3.31,12440900,1212152157,1212152157,401222.363967
2020-07-31,SH600795,国电电力,2.04,91740365,19650397845,19650397845,4008681.16038
2020-07-31,SZ000702,正虹科技,5.93,11766498,266634576,266634576,158114.303568
2020-07-31,SZ000697,ST炼石,10.85,12002601,565713733,671616059,728703.424015
2020-07-31,SZ000708,中信特钢,19.44,8225936,763994416,5047143433,9811646.833752
2020-07-31,SZ000703,恒逸石化,10.15,17821343,3323180880,3681645407,3736870.088105
2020-07-31,SH600796,钱江生化,5.76,6340030,301402144,301402144,173607.634944
2020-07-31,SH600051,宁波联合,11.94,16235063,310880000,310880000,371190.72
2020-07-31,SZ000705,浙江震元,7.84,6540519,281983639,334123286,261952.656224
2020-07-31,SZ000711,ST京蓝,3.45,9995364,768044609,1023667816,353165.39652
2020-07-31,SH600052,东望时代,3.62,13406010,871789092,871789092,315587.651304
2020-07-31,SZ000707,双环科技,2.5,2421195,464144265,464145765,116036.44125
2020-07-31,SZ000712,锦龙股份,18.62,64657628,795996797,896000000,1668352
2020-07-31,SZ000758,中色股份,5.33,44606010,1969193481,1969378424,1049678.699992
2020-07-31,SZ000709,河钢股份,2.25,44805211,10616892601,10618607852,2389186.7667
2020-07-31,SZ000716,黑芝麻,4.08,26754000,664981157,746395905,304529.52924
2020-07-31,SH600797,浙大网新,9.64,40058188,1023798659,1027527102,990536.126328
2020-07-31,SZ000400,许继电气,16.05,33051734,1008270140,1008327309,1618365.330945
2020-07-31,SZ000713,国投丰乐,11.26,36819656,388538758,438582129,493843.477254
2020-07-31,SZ000710,贝瑞基因,89.8,12400964,141508250,354605865,3184360.6677
2020-07-31,SH600060,海信视像,13.78,18541489,1308481222,1308481222,1803087.123916
2020-07-31,SH600798,宁波海运,3.21,12262140,1030850948,1206534201,387297.478521
2020-07-31,SZ000736,*ST中地,7.32,5213852,695433689,695433689,509057.460348
2020-07-31,SZ000737,北方铜业,3.1,4326715,548760000,548760000,170115.6
2020-07-31,SZ000721,西安饮食,4.75,17511237,435802995,499055920,237051.562
2020-07-31,SZ000766,通化金马,5.28,20294157,707024245,966494707,510309.205296
2020-07-31,SH600069,退市银鸽,0.19,170094044,1623833844,1623833844,30852.843036
2020-07-31,SH600054,黄山旅游,8.84,4733560,513300000,729379440,644771.42496
2020-07-31,SH600064,南京高科,10.46,13726177,1235956888,1235956888,1292810.904848
2020-07-31,SZ000717,中南股份,4.43,46193913,2419524410,2419524410,1071849.31363
2020-07-31,SZ000715,中兴商业,6.33,2614399,415057259,415718940,263150.08902
2020-07-31,SH600067,冠城新材,3.63,4558625,1492110725,1492110725,541636.193175
2020-07-31,SH600066,宇通客车,13.62,10591261,2213939223,2213939223,3015385.221726
2020-07-31,SZ000739,普洛药业,23.8,13093897,1146824065,1178523492,2804885.91096
2020-07-31,SZ000720,新能泰山,4.78,6248700,863459250,1289650962,616453.159836
2020-07-31,SH600056,中国医药,16.26,53784143,1068108198,1068485534,1737357.478284
2020-07-31,SZ000723,美锦能源,6.6,50850602,3773971471,4099263052,2705513.61432
2020-07-31,SH600059,古越龙山,9.63,15408702,808524165,808524165,778608.770895
2020-07-31,SZ000759,中百集团,7.29,13020532,680590992,681021500,496464.6735
2020-07-31,SH600055,万东医疗,17.3,13929750,540816199,540816199,935612.02427
2020-07-31,SH600061,国投资本,14.81,35832268,4173831926,4227129727,6260379.125687
2020-07-31,SH600077,*ST宋都,3.58,47371620,1340122326,1340122326,479763.792708
2020-07-31,SZ000727,冠捷科技,2.24,75781455,2930655908,4529566980,1014623.00352
2020-07-31,SH600062,华润双鹤,14.53,22407419,1043237710,1043237710,1515824.39263
2020-07-31,SH600076,康欣新材,3.55,13834400,1034264129,1034264129,367163.765795
2020-07-31,SH600068,葛洲坝,6.67,35467835,4604777412,4604777412,3071386.533804
2020-07-31,SH600071,凤凰光学,11.14,4356943,237472456,281573889,313673.312346
2020-07-31,SH600058,五矿发展,6.84,4603846,1071910711,1071910711,733186.926324
2020-07-31,SZ000779,甘咨询,11.14,1833202,186441020,380330518,423688.197052
2020-07-31,SH600063,皖维高新,4.02,152218859,1925894692,1925894692,774209.666184
2020-07-31,SH600072,中船科技,13.86,35707424,736249883,736249883,1020442.337838
2020-07-31,SH600070,*ST富润,15.03,24260176,521946118,521946118,784485.015354
2020-07-31,SH600086,退市金钰,0.98,33100516,1056845016,1350000000,132300
2020-07-31,SZ000778,新兴铸管,3.72,29111594,3884898952,3990880176,1484607.425472
2020-07-31,SZ000780,ST平能,2.44,3362064,1014306324,1014306324,247490.743056
2020-07-31,SH600079,ST人福,32.92,14369054,1286049062,1353704302,4456394.562184
2020-07-31,SZ000786,北新建材,30.82,20255422,1689507842,1689507842,5207063.169044
2020-07-31,SZ000767,晋控电力,2.53,27191427,2912297372,3076942219,778466.381407
2020-07-31,SZ000625,长安汽车,11.07,41039422,3900643469,4802648511,5316531.901677
2020-07-31,SZ000735,罗 牛 山,10.82,57707667,1150886809,1151513578,1245937.691396
2020-07-31,SZ000776,广发证券,15.6,80674320,5919291464,7621087664,11888896.75584
2020-07-31,SZ000068,华控赛格,3.68,17842948,1006671464,1006671464,370455.098752
2020-07-31,SH600080,金花股份,5.38,4996535,305295872,373270285,200819.41333
2020-07-31,SH600088,中视传媒,13.8,4731640,397706400,397706400,548834.832
2020-07-31,SZ000788,北大医药,7.87,20193200,595987425,595987425,469042.103475
2020-07-31,SZ000728,国元证券,10.41,41834821,2946129600,3365447047,3503430.375927
2020-07-31,SH600090,退市济堂,1.81,23516100,1439662945,1439662945,260578.993045
2020-07-31,SZ000731,四川美丰,5.45,12336026,591484352,591484352,322358.97184
2020-07-31,SH600075,新疆天业,6.89,50148299,972522352,1359727738,936852.411482
2020-07-31,SZ000828,东莞控股,9.39,19205816,1039515642,1039516992,976106.455488
2020-07-31,SH600089,特变电工,8.73,257603721,3714312789,3714312789,3242595.064797
2020-07-31,SZ000800,一汽解放,13.5,25521818,764516311,4609666212,6223049.3862
2020-07-31,SH600106,重庆路桥,2.64,6305785,1329025062,1329025062,350862.616368
2020-07-31,SZ000782,恒申新材,3.82,13823315,446316970,528139623,201749.335986
2020-07-31,SH600097,开创国际,11.68,17828457,226273033,240936559,281413.900912
2020-07-31,SH600082,海泰发展,3.77,11101007,634289782,646115826,243585.666402
2020-07-31,SH600085,同仁堂,27.04,13177356,1371470262,1371470262,3708455.588448
2020-07-31,SZ000819,岳阳兴长,8.15,5011772,299150255,299150255,243807.457825
2020-07-31,SZ000752,ST西发,3.89,2089114,263758491,263758491,102602.052999
2020-07-31,SZ000838,财信发展,2.74,6922950,846109019,1100462170,301526.63458
2020-07-31,SZ000738,航发控制,18.28,32152523,1145634399,1145642349,2094234.213972
2020-07-31,SZ000753,漳州发展,2.97,6734300,991481071,991481071,294469.878087
2020-07-31,SZ000768,中航西飞,23.7,33561379,2768627446,2768645071,6561688.81827
2020-07-31,SH600093,退市易见,13.92,40326388,1122447500,1122447500,1562446.92
2020-07-31,SZ000066,中国长城,18.3,170750954,2490717309,2928182053,5358573.15699
2020-07-31,SZ000755,山西高速,3.87,5808308,469264621,469264621,181605.408327
2020-07-31,SH600100,同方股份,7.94,20186605,2963898951,2963898951,2353335.767094
2020-07-31,SH600101,明星电力,6.17,5794570,421432670,421432670,260023.95739
2020-07-31,SH600078,澄星股份,4.77,18470173,662572861,662572861,316047.254697
2020-07-31,SH600081,东风科技,11.12,4307826,313560000,313560000,348678.72
2020-07-31,SH600103,青山纸业,1.99,19508805,2305817807,2305817807,458857.743593
2020-07-31,SZ000796,凯撒旅业,16.19,43496374,802438833,803000258,1300057.417702
2020-07-31,SZ000733,振华科技,37,37205432,514805618,514805618,1904780.7866
2020-07-31,SH600099,林海股份,6.95,2969311,219120000,219120000,152288.4
2020-07-31,SH600073,光明肉业,10.75,35374883,937729472,937729472,1008059.1824
2020-07-31,SH600091,退市明科,3.03,2280601,437412524,437412524,132535.994772
2020-07-31,SZ000762,西藏矿业,8.92,32566242,520795518,520819240,464570.76208
2020-07-31,SH600095,湘财股份,16.71,117502752,361263565,2575494028,4303650.520788
2020-07-31,SZ000750,国海证券,5.63,234301876,5444522139,5444525514,3065267.864382
2020-07-31,SH600096,云天化,5.24,12992089,1321379138,1430775938,749726.591512
2020-07-31,SZ000777,中核科技,13.26,10576774,383406551,383417593,508411.728318
2020-07-31,SH600084,中信尼雅,2.42,6623210,1123726830,1123726830,271941.89286
2020-07-31,SZ000785,居然智家,10.25,18934329,251092173,6019830101,6170325.853525
2020-07-31,SZ000797,中国武夷,3.84,11083302,1562772605,1571514753,603461.665152
2020-07-31,SZ000729,燕京啤酒,7.66,14792608,2509405154,2818539341,2159001.135206
2020-07-31,SH600098,广州发展,5.87,4767258,2726196558,2726196558,1600277.379546
2020-07-31,SZ000799,酒鬼酒,68.69,15504241,324928980,324928980,2231937.16362
2020-07-31,SZ000868,安凯客车,3.91,24982277,695560053,733329168,286731.704688
2020-07-31,SZ000088,盐 田 港,8.38,86866361,1942200000,1942200000,1627563.6
2020-07-31,SZ000793,*ST华闻,3.77,126116467,1942659530,1997245457,752961.537289
2020-07-31,SZ000783,长江证券,8.64,73867736,5529569692,5529569692,4777548.213888
2020-07-31,SH600116,三峡水利,9.27,7938500,993005502,1912142904,1772556.472008
2020-07-31,SZ000756,新华制药,12.21,16831913,399495076,621859447,759290.384787
2020-07-31,SH600109,国金证券,14.43,81427422,3024359310,3024359310,4364150.48433
2020-07-31,SZ000795,英洛华,6.43,51838403,1131082293,1133684103,728958.878229
2020-07-31,SZ000816,智慧农业,1.41,12442697,1336277472,1424503318,200854.967838
2020-07-31,SH600108,亚盛集团,3.59,75891048,1946915121,1946915121,698942.528439
2020-07-31,SH600128,苏豪弘业,7.15,4185952,246767500,246767500,176438.7625
2020-07-31,SH600118,中国卫星,35.33,45717044,1182489135,1182489135,4177734.113955
2020-07-31,SZ000069,华侨城Ａ,7.17,58467920,7036873141,8201793915,5880686.237055
2020-07-31,SZ000789,万年青,19.42,81015713,797354771,797373678,1548499.682676
2020-07-31,SH600111,北方稀土,12.41,109264822,3633066000,3633066000,4508634.906
2020-07-31,SZ000836,ST富通,3.76,44620151,1208315049,1208455224,454379.164224
2020-07-31,SH600105,永鼎股份,5.8,55167001,1238381946,1238381946,718261.52868
2020-07-31,SH600110,诺德股份,4.85,28690473,1150312097,1150312097,557901.367045
2020-07-31,SZ000823,超声电子,13.25,17891435,536920512,536966000,711479.95
2020-07-31,SZ000791,甘肃能源,3.92,143072838,1359550430,1359576680,532954.05856
2020-07-31,SH600117,西宁特钢,3.4,6395866,1045118252,1045118252,355340.20568
2020-07-31,SZ000818,航锦科技,23.58,22531392,676472452,689890000,1626760.62
2020-07-31,SZ000888,峨眉山Ａ,5.93,8128022,526913102,526913102,312459.469486
2020-07-31,SH600113,浙江东日,7.01,8212173,411431160,411431160,288413.24316
2020-07-31,SH600132,重庆啤酒,72.82,3074152,483971198,483971198,3524278.263836
2020-07-31,SZ000839,国安股份,2.77,31712532,3919826352,3919826352,1085791.899504
2020-07-31,SH600115,中国东航,4.41,27056869,9808485682,16379509203,7223363.558523
2020-07-31,SH600107,ST尔雅,10.44,24178159,360000000,360000000,375840
2020-07-31,SZ000848,承德露露,8.25,24731164,1076190921,1076419000,888045.675
2020-07-31,SH600129,太极集团,17.45,6261241,543891070,556890744,971774.34828
2020-07-31,SZ000063,中兴通讯,39.17,63501687,3475832240,4612927264,18068836.093088
2020-07-31,SH600104,上汽集团,18.18,36154843,11683461365,11683461365,21240532.76157
2020-07-31,SZ000899,赣能股份,4.61,4758070,975672755,975677760,449787.44736
2020-07-31,SH600112,*ST天成,1.7,3458271,509204846,509204846,86564.82382
2020-07-31,SH600120,浙江东方,7.31,28272878,2227940862,2227940862,1628624.770122
2020-07-31,SZ000829,天音控股,8.68,75834368,929597944,1032675249,896362.116132
2020-07-31,SH600138,中青旅,10.73,16298344,723840000,723840000,776680.32
2020-07-31,SZ000889,中嘉博创,7.29,13147597,869849677,936291116,682556.223564
2020-07-31,SZ000898,鞍钢股份,2.69,28731730,7993702743,9405250201,2530012.304069
2020-07-31,SH600121,郑州煤电,1.98,5919171,1218412038,1218412038,241245.583524
2020-07-31,SZ000802,北京文化,7.34,13522723,711287755,715900255,525470.78717
2020-07-31,SZ000761,本钢板材,3.5,7906832,3475371532,3875371532,1356380.0362
2020-07-31,SH600119,长江投资,10.03,1906800,307400000,307400000,308322.2
2020-07-31,SZ001896,豫能控股,4.07,20830674,929519373,1150587847,468289.253729
2020-07-31,SH600135,乐凯胶片,8.38,70202127,372991735,553307099,463671.348962
2020-07-31,SZ000886,海南高速,5.6,92176836,971960198,988828300,553743.848
2020-07-31,SH600133,东湖高新,5.77,7352614,693170825,795469152,458985.700704
2020-07-31,SZ000798,中水渔业,8.17,24963400,319389000,319455000,260994.735
2020-07-31,SH600009,上海机场,67.93,13748179,1093476397,1926958448,13089828.737264
2020-07-31,SZ000429,粤高速Ａ,7.21,3010993,1302910534,2090806126,1507471.216846
2020-07-31,SH600139,*ST西源,3.31,36167752,661890508,661890508,219085.758148
2020-07-31,SH600136,ST明诚,8.54,8039069,486882186,584618623,499264.304042
2020-07-31,SZ000803,山高环能,13.74,481601,127730893,163122529,224130.354846
2020-07-31,SZ000876,新 希 望,32.52,44533324,4211733769,4216015009,13710480.809268
2020-07-31,SH600126,杭钢股份,8.2,26393553,3377189083,3377189083,2769295.04806
2020-07-31,SH600158,中体产业,8.83,8550737,657495392,843735373,745018.334359
2020-07-31,SZ000790,华神科技,6,45136152,615770240,616360564,369816.3384
2020-07-31,SH600131,国网信通,20.31,14403348,407658931,1195394544,2427846.318864
2020-07-31,SZ000807,云铝股份,6.78,140114293,2606691975,3128206556,2120924.044968
2020-07-31,SH600137,浪莎股份,18.52,970277,97217588,97217588,180046.972976
2020-07-31,SZ000806,银河退,1.59,3982851,698446376,1099911762,174885.970158
2020-07-31,SZ000089,深圳机场,9.98,68299553,2050769509,2050769509,2046667.969982
2020-07-31,SH600122,*ST宏图,1.31,15775920,1158258350,1158258350,151731.84385
2020-07-31,SH600168,武汉控股,7.79,7232942,709569692,709569692,552754.790068
2020-07-31,SZ000858,五 粮 液,217.5,26231782,3795757968,3881608005,84424974.10875
2020-07-31,SH600127,金健米业,12.31,85926807,641783218,641783218,790035.141358
2020-07-31,SZ000801,四川九洲,6.61,13161104,1022806646,1022806646,676075.193006
2020-07-31,SH600125,铁龙物流,5.84,13186512,1305521874,1305521874,762424.774416
2020-07-31,SH600157,永泰能源,1.36,143806013,12425795326,12425795326,1689908.164336
2020-07-31,SZ000883,湖北能源,3.77,13833262,6504502186,6507449486,2453308.456222
2020-07-31,SZ000813,德展健康,6.96,23139958,2241480450,2241481800,1560071.3328
2020-07-31,SH600150,中国船舶,20.71,24785963,1378117598,4221988344,8743737.860424
2020-07-31,SH600148,长春一东,15.75,5019508,141516450,141516450,222888.40875
2020-07-31,SH600159,大龙地产,2.59,9620500,830003232,830003232,214970.837088
2020-07-31,SH600156,华升股份,4.5,7013939,402110702,402110702,180949.8159
2020-07-31,SZ000811,冰轮环境,7.5,22025626,745825443,745837804,559378.353
2020-07-31,SH600165,ST宁科,6.74,16819500,684883775,684883775,461611.66435
2020-07-31,SZ000810,创维数字,12.71,20325910,1011768131,1063352102,1351520.521642
2020-07-31,SZ000878,云南铜业,14.72,98444247,1641957205,1699678560,2501926.84032
2020-07-31,SH600163,中闽能源,4.18,47906948,999465230,1689302988,706128.648984
2020-07-31,SH600166,福田汽车,1.99,55709572,6575192047,6575192047,1308463.217353
2020-07-31,SZ000065,北方国际,7.96,3971425,673085268,769508854,612529.047784
2020-07-31,SH600151,航天机电,5.18,13831762,1434252287,1434252287,742942.684666
2020-07-31,SZ000815,美利云,7.26,13936017,695263035,695263035,504760.96341
2020-07-31,SH600152,维科技术,6.5,4010218,303325190,420920087,273598.05655
2020-07-31,SH600162,香江控股,2.11,16303573,3395781424,3395781424,716509.880464
2020-07-31,SH600161,天坛生物,49.63,32057168,1254440168,1254440168,6225786.553784
2020-07-31,SZ000809,和展能源,2.29,5969650,824791293,824791293,188877.206097
2020-07-31,SZ000882,华联股份,2.02,28319985,2737348016,2737351947,552945.093294
2020-07-31,SH600153,建发股份,9.38,24391781,2835200530,2835200530,2659418.09714
2020-07-31,SH600170,上海建工,3.12,28307239,8904397728,8904397728,2778172.091136
2020-07-31,SZ000812,陕西金叶,3.29,13669448,670303990,768692614,252899.870006
2020-07-31,SZ000821,ST京机,6.81,34759527,457006641,538235280,366538.22568
2020-07-31,SH600160,巨化股份,7.44,44110344,2699746081,2699746081,2008611.084264
2020-07-31,SH600188,兖矿能源,9.2,14417017,2959879500,4860000000,4471200
2020-07-31,SH600180,瑞茂通,6.9,3312992,1016477464,1016477464,701369.45016
2020-07-31,SZ000822,山东海化,5,127007673,895091926,895091926,447545.963
2020-07-31,SH600196,复星医药,62.23,156038138,2010958045,2562898545,15948917.645535
2020-07-31,SZ000830,鲁西化工,11.26,42697845,1464110715,1464860778,1649433.236028
2020-07-31,SH600199,金种子酒,7.08,15403921,606469391,657796824,465720.151392
2020-07-31,SZ000856,冀东装备,9.11,6806600,227000000,227000000,206797
2020-07-31,SH600186,莲花控股,2.56,11746801,1379923955,1379923955,353260.53248
2020-07-31,SZ000881,中广核技,9.23,11568168,691733536,945425815,872628.027245
2020-07-31,SH600169,ST太重,2.06,9153808,2563955000,2563955000,528174.73
2020-07-31,SZ000862,银星能源,4.3,63806509,501352890,706118997,303631.16871
2020-07-31,SH600155,华创云信,13.49,19440357,1739556648,1739556648,2346661.918152
2020-07-31,SH600171,上海贝岭,18.11,15557888,673807773,704121614,1275164.242954
2020-07-31,SZ000581,威孚高科,22.04,9393678,836490491,1008950570,2223727.05628
2020-07-31,SZ000837,秦川机床,4.72,5231576,693073145,693370910,327271.06952
2020-07-31,SZ000850,华茂股份,3.7,7282237,943382489,943665009,349156.05333
2020-07-31,SH600189,泉阳泉,4.21,24156463,492367648,716874877,301804.323217
2020-07-31,SH600178,东安动力,9.9,93808967,462080000,462080000,457459.2
2020-07-31,SZ000825,太钢不锈,3.55,23392771,5696074051,5696247796,2022167.96758
2020-07-31,SH600198,大唐电信,13.38,32166454,880454735,882108472,1180261.135536
2020-07-31,SH600183,生益科技,28.77,34533250,2284508266,2284508266,6572530.281282
2020-07-31,SZ000861,海印股份,3.84,64321940,2078542090,2236294553,858737.108352
2020-07-31,SZ000860,顺鑫农业,61.88,12970098,741766989,741766989,4590054.127932
2020-07-31,SH600179,安通控股,5.31,9050389,687639431,1486979915.4,789586.3350774
2020-07-31,SZ000833,粤桂股份,4.96,9882273,378085022,668401851,331527.318096
2020-07-31,SZ000859,国风新材,5.79,15717310,739312480,739449730,428141.39367
2020-07-31,SH600177,雅戈尔,6.67,21275383,4629002973,4629002973,3087544.982991
2020-07-31,SZ000852,石化机械,5.17,6323157,777604997,777604997,402021.783449
2020-07-31,SH600172,黄河旋风,3.01,17861660,1224222286,1442184476,434097.527276
2020-07-31,SH600218,全柴动力,9.42,7113385,368755000,368755000,347367.21
2020-07-31,SZ000887,中鼎股份,9.38,45173827,1218114803,1220834726,1145142.972988
2020-07-31,SH600191,华资实业,6.27,16212056,484932000,484932000,304052.364
2020-07-31,SZ000895,双汇发展,54.63,10275383,882017357,3319282190,18133238.60397
2020-07-31,SH600123,兰花科创,5.31,8357875,1142400000,1142400000,606614.4
2020-07-31,SZ000078,海王生物,5.13,217824305,2621947043,2762583257,1417205.210841
2020-07-31,SH600192,长城电工,5.4,12187285,441748000,441748000,238543.92
2020-07-31,SZ000893,亚钾国际,8.45,15758015,400741950,756903272,639583.26484
2020-07-31,SH600195,中牧股份,17,38170611,1015610601,1015610601,1726538.0217
2020-07-31,SZ000877,天山股份,18.02,0,880094899,1048722959,1889798.772118
2020-07-31,SZ000892,欢瑞世纪,3.86,12946148,538175716,980980473,378658.462578
2020-07-31,SH600201,生物股份,29.19,22116577,1126240241,1126240241,3287495.263479
2020-07-31,SZ000890,法尔胜,2.72,5404219,379624602,379641600,103262.5152
2020-07-31,SH600228,*ST返利,11.17,1404848,241320000,241320000,269554.44
2020-07-31,SZ000900,现代投资,3.82,5837984,1517126835,1517828334,579810.423588
2020-07-31,SH600167,联美控股,14.59,7769673,2288119475,2288119475,3338366.314025
2020-07-31,SH600266,城建发展,5.52,9323542,2256537600,2256537600,1245608.7552
2020-07-31,SZ000908,*ST景峰,6.42,133425255,716906535,879774351,564815.133342
2020-07-31,SZ000928,中钢国际,4.39,11100093,1256662942,1256662942,551675.031538
2020-07-31,SH600007,中国国贸,13.25,2341787,1007282534,1007282534,1334649.35755
2020-07-31,SH600206,有研新材,14.85,21878407,841477732,846620932,1257232.08402
2020-07-31,SZ000917,电广传媒,7.2,41270191,1294625801,1417556338,1020640.56336
2020-07-31,SH600209,退市罗顿,5.57,3574401,439011169,439011169,244529.221133
2020-07-31,SH600200,退市苏吴,7.59,64749865,712388832,712388832,540703.123488
2020-07-31,SZ000901,航天科技,11,23599043,762848553,798201406,878021.5466
2020-07-31,SZ000902,新洋丰,11.5,13214402,1173495004,1304529290,1500208.6835
2020-07-31,SH600175,退市美都,0.19,79134296,3576488773,3576488773,67953.286687
2020-07-31,SH600173,卧龙新能,5.54,4668970,700416244,701118244,388419.507176
2020-07-31,SZ000903,ST云动,6.94,60487578,1767232428,1970800857,1367735.794758
2020-07-31,SH600176,中国巨石,13.84,75056226,3502306849,3502306849,4847192.679016
2020-07-31,SZ000897,津滨发展,2.39,15169665,1617244634,1617272234,386528.063926
2020-07-31,SH600359,新农开发,9.8,22026457,381512820,381512820,373882.5636
2020-07-31,SZ000905,厦门港务,7.22,8180448,531000000,625191522,451388.278884
2020-07-31,SZ000909,ST数源,9.22,4799321,312352464,312352464,287988.971808
2020-07-31,SH600203,福日电子,9.01,9371958,456447120,456447120,411258.85512
2020-07-31,SZ000913,钱江摩托,18.3,6376602,453536000,453536000,829970.88
2020-07-31,SH600193,*ST创兴,4.83,1714124,425373000,425373000,205455.159
2020-07-31,SZ000911,广农糖业,6.62,3581714,324080937,324080937,214541.580294
2020-07-31,SZ000912,泸天化,4.74,19020745,1568000000,1568000000,743232
2020-07-31,SH600202,哈空调,4.65,7045706,383340672,383340672,178253.41248
2020-07-31,SH600190,退市锦港,3.12,5824740,1779484530,2002291500,624714.948
2020-07-31,SZ000915,华特达因,31.08,4151229,233432457,234331485,728302.25538
2020-07-31,SH600185,珠免集团,13.25,36094086,2061091430,2061091430,2730946.14475
2020-07-31,SZ000925,众合科技,7.78,5914399,530680490,543489381,422834.738418
2020-07-31,SZ000920,沃顿科技,7.66,2803000,421821575,422000000,323252
2020-07-31,SH600141,兴发集团,10.46,16150244,713646993,1031392663,1078836.725498
2020-07-31,SZ000922,佳电股份,6.91,7013836,582363502,598396053,413491.672623
2020-07-31,SZ000926,福星股份,5.58,7923780,946496227,962462474,537054.060492
2020-07-31,SH600208,衢州发展,3.41,77133249,8598171921,8599343536,2932376.145776
2020-07-31,SZ000929,*ST兰黄,7.09,4960188,185754223,185766000,131708.094
2020-07-31,SZ000835,长动退,2.05,6106256,302895000,326760374,66985.87667
2020-07-31,SZ000910,大亚圣象,16.5,6972975,547152500,547397500,903205.875
2020-07-31,SH600146,退市环球,2,21294677,469970000,469970000,93994
2020-07-31,SZ000906,浙商中拓,6.26,5200727,661511654,674436311,422197.130686
2020-07-31,SZ000930,中粮科技,7.98,45597834,964411115,1865763788,1488879.502824
2020-07-31,SZ000931,中 关 村,9.53,11006718,746191907,753126982,717730.013846
2020-07-31,SZ000921,海信家电,10.98,6541446,902136090,1362725370,1496272.45626
2020-07-31,SZ000923,河钢资源,14,3629288,198000000,652728961,913820.5454
2020-07-31,SH600207,安彩高科,5.22,19981136,862955974,862955974,450463.018428
2020-07-31,SZ000918,*ST嘉凯,4.78,5021251,1804191500,1804191500,862403.537
2020-07-31,SZ000090,天健集团,8.57,48247737,1868415681,1868545434,1601343.436938
2020-07-31,SH600211,西藏药业,155.72,18029954,247937843,247937843,3860888.091196
2020-07-31,SZ000927,中国铁物,3.67,5887701,1595170960,1595174020,585428.86534
2020-07-31,SH600006,东风股份,4.31,19767214,2000000000,2000000000,862000
2020-07-31,SZ000932,华菱钢铁,4.48,72747383,4221730353,6129077211,2745826.590528
2020-07-31,SZ000936,华西股份,10.93,19598802,885374639,886012887,968412.085491
2020-07-31,SH600212,绿能慧充,3.17,3082604,511697213,511697213,162208.016521
2020-07-31,SZ000935,四川双马,14.95,13165313,763438646,763440333,1141343.297835
2020-07-31,SH600210,紫江企业,4.67,13039000,1516736158,1516736158,708315.785786
2020-07-31,SZ000933,神火股份,5.27,41379675,1900468250,1900500000,1001563.5
2020-07-31,SH600215,派斯林,5.42,2360355,465032880,465032880,252047.82096
2020-07-31,SZ000937,冀中能源,3.51,19002269,2906599842,3533546850,1240274.94435
2020-07-31,SH600197,伊力特,19.58,18973801,434444912,434444912,850643.137696
2020-07-31,SH600145,退市新亿,1.42,28809711,1491100380,1491100380,211736.25396
2020-07-31,SH600220,ST阳光,3.24,28217707,1783340326,1783340326,577802.265624
2020-07-31,SZ000948,南天信息,13.44,5990754,320454682,381165677,512286.669888
2020-07-31,SH600149,廊坊发展,5,2547622,380160000,380160000,190080
2020-07-31,SZ000949,新乡化纤,3.49,10367338,1257095553,1257656049,438921.961101
2020-07-31,SH600216,浙江医药,18.77,25168263,965123725,965128000,1811545.256
2020-07-31,SZ000938,紫光股份,43.8,21033685,2042914196,2042914196,8947964.17848
2020-07-31,SH600222,太龙药业,6.95,48831299,573886283,573886283,398850.966685
2020-07-31,SH600000,浦发银行,10.36,65368427,28103794812,29352111310,30408787.31716
2020-07-31,SZ000952,广济药业,9.5,8625754,301435271,346995039,329645.28705
2020-07-31,SH600226,亨通股份,1.14,138631754,1992869005.4,3138640148.8,357804.9769632
2020-07-31,SZ000919,金陵药业,7.49,9053061,502753701,504000000,377496
2020-07-31,SH600268,国电南自,8.47,16090411,635246434,695265184,588889.610848
2020-07-31,SH600221,海航控股,1.58,118685354,16436002728,16806120330,2655367.01214
2020-07-31,SZ000953,河化股份,5.83,1642700,294059437,366122195,213449.239685
2020-07-31,SH600239,云南城投,4.42,27023356,1605686909,1605686909,709713.613778
2020-07-31,SZ000955,欣龙控股,9.88,27059212,537598350,538395000,531934.26
2020-07-31,SH600217,中再资环,5.23,18137895,1388659782,1388659782,726269.065986
2020-07-31,SZ000959,首钢股份,4.38,18361330,5057103246,5289389600,2316752.6448
2020-07-31,SZ000958,电投产融,5.02,17449826,1099273226,5383418520,2702476.09704
2020-07-31,SH600219,南山铝业,2.37,116939869,11950481520,11950481520,2832264.12024
2020-07-31,SZ000957,中通客车,7.17,8579769,592892704,592903936,425112.122112
2020-07-31,SH600223,福瑞达,15.6,36946434,1000968000,1000968000,1561510.08
2020-07-31,SZ000962,东方钽业,8.18,15609394,440831060,440832644,360601.102792
2020-07-31,SH600238,*ST椰岛,4.9,5375180,445001580,448200000,219618
2020-07-31,SZ000963,华东医药,27.8,29486338,1749784303,1749809548,4864470.54344
2020-07-31,SZ000960,锡业股份,10.32,30986660,1668768729,1668776379,1722177.223128
2020-07-31,SH600227,赤天化,2.92,11831789,1278179547,1693134201,494395.186692
2020-07-31,SH600500,中化国际,5.68,16008824,2707916472,2761156472,1568336.876096
2020-07-31,SZ000961,ST中南,9.45,40122888,3744924249,3756854798,3550227.78411
2020-07-31,SH600229,城市传媒,8.09,8032604,702096010,702096010,567995.67209
2020-07-31,SZ000999,华润三九,30.3,8951061,978395308,978900000,2966067
2020-07-31,SZ000966,长源电力,3.86,7711203,1108284080,1108284080,427797.65488
2020-07-31,SH600236,桂冠电力,4.46,5914961,7882377802,7882377802,3515540.499692
2020-07-31,SZ000967,盈峰环境,10.09,30643722,2004068402,3163062146,3191529.705314
2020-07-31,SH600230,沧州大化,11.78,44234041,411863502,411863502,485175.205356
2020-07-31,SZ000965,天保基建,3.6,10209030,1109830895,1109830895,399539.1222
2020-07-31,SZ000518,*ST四环,6.39,194639572,1029535693,1029556222,657886.425858
2020-07-31,SZ000970,中科三环,10.07,21542681,1065200000,1065200000,1072656.4
2020-07-31,SH600299,安迪苏,14.23,22298158,2681901273,2681901273,3816345.511479
2020-07-31,SH600008,首创环保,3.3,28960695,5685448207,5685448207,1876197.90831
2020-07-31,SZ000971,*ST高升,2.71,5738598,797236078,1055307925,285988.447675
2020-07-31,SZ000070,特发信息,11.41,42437613,795165811,816500162,931626.684842
2020-07-31,SH600231,凌钢股份,2.3,4774454,2771082743,2771082743,637349.03089
2020-07-31,SH600269,赣粤高速,3.59,5696640,2335407014,2335407014,838411.118026
2020-07-31,SZ000978,桂林旅游,4.94,5953929,360053425,360100000,177889.4
2020-07-31,SZ000973,佛塑科技,5.01,16543513,967399968,967423171,484679.008671
2020-07-31,SH600256,广汇能源,2.94,33127088,6754032780,6793590970,1997315.74518
2020-07-31,SZ000301,东方盛虹,5.87,9705997,1218236445,4834863866,2838065.089342
2020-07-31,SZ000969,安泰科技,7.39,15479235,1000831205,1026008097,758219.983683
2020-07-31,SH600258,首旅酒店,17.67,15258178,978891302,988222962,1746189.973854
2020-07-31,SZ000976,*ST华铁,6.77,24483233,1594549716,1595678796,1080274.544892
2020-07-31,SH600232,金鹰股份,6.29,3057701,364718544,364718544,229407.964176
2020-07-31,SZ000988,华工科技,23.38,21218485,1005176982,1005502707,2350865.328966
2020-07-31,SH600233,圆通速递,15.31,13694640,3157644396,3159830675,4837700.763425
2020-07-31,SZ000977,浪潮信息,37.96,36799641,1441118042,1441119079,5470488.023884
2020-07-31,SZ000975,山金国际,18.8,58552357,1237422864,1983373047,3728741.32836
2020-07-31,SH600237,铜峰电子,4,17765289,564369565,564369565,225747.826
2020-07-31,SH600257,大湖股份,4.8,54111758,481237188,481237188,230993.85024
2020-07-31,SH600235,民丰特纸,5.39,7951700,351300000,351300000,189350.7
2020-07-31,SH600234,科新发展,9.9,250928,202445880,202445880,200421.4212
2020-07-31,SZ000980,众泰汽车,1.28,19104061,1245944713,2027671288,259541.924864
2020-07-31,SZ000968,蓝焰控股,8.16,5907348,967327670,967502660,789482.17056
2020-07-31,SZ000989,九芝堂,10.14,12656674,589326557,869354236,881525.195304
2020-07-31,SH600262,北方股份,20.24,1983101,170000000,170000000,344080
2020-07-31,SH600300,维维股份,3.57,62259473,1672000000,1672000000,596904
2020-07-31,SH600130,*ST波导,4.19,22733144,768000000,768000000,321792
2020-07-31,SZ000982,中银绒业,1.39,23212824,4261877053,4261877053,592400.910367
2020-07-31,SZ000990,诚志股份,16.78,21440818,834025091,1253011919,2102554.000082
2020-07-31,SH600260,*ST凯乐,14.25,31562164,972573474,1000715029,1426018.916325
2020-07-31,SH600278,东方创业,9.94,4208720,522241739,711786907,707516.185558
2020-07-31,SH600301,华锡有色,6.34,946600,235148140,235148140,149083.92076
2020-07-31,SZ000996,中期退,9.8,12645967,345000000,345000000,338100
2020-07-31,SZ000987,越秀资本,22.69,80518086,2667282870,2752884754,6246295.506826
2020-07-31,SH600018,上港集团,4.51,65945620,23173674650,23173674650,10451327.26715
2020-07-31,SH600289,ST信通,4.6,3500102,565922684,631052069,290283.95174
2020-07-31,SH600261,阳光照明,4.78,35615588,1452102930,1452102930,694105.20054
2020-07-31,SZ000096,广聚能源,12.85,2565800,510848000,528000000,678480
2020-07-31,SZ000158,常山北明,9.45,34141490,1569910190,1598616721,1510692.801345
2020-07-31,SH600267,海正药业,19.91,48381600,965531842,965531842,1922373.897422
2020-07-31,SH600277,ST亿利,3.58,26541270,2738940149,2738940149,980540.573342
2020-07-31,SZ000985,大庆华科,14.66,1392100,129639500,129639500,190051.507
2020-07-31,SZ000983,山西焦煤,4.21,24283448,4096556958,4096560000,1724651.76
2020-07-31,SZ000099,中信海直,7.84,11337996,606070420,606070420,475159.20928
2020-07-31,SH600291,退市西水,10.6,71202559,1093064378,1093064378,1158648.24068
2020-07-31,SZ000993,闽东电力,6.46,3838806,373000000,457951455,295836.63993
2020-07-31,SH600279,重庆港,3.81,4352024,692958572,1186866283,452196.053823
2020-07-31,SZ000150,*ST宜康,3.75,13850681,805990242,877697557,329136.583875
2020-07-31,SZ000997,新 大 陆,17.28,16333758,1016326566,1051729717,1817388.950976
2020-07-31,SH600275,退市昌鱼,3.1,3806200,508837238,508837238,157739.54378
2020-07-31,SH600298,安琪酵母,65.9,11027737,824080943,824080943,5430693.41437
2020-07-31,SH600265,ST景谷,20.15,75700,129800000,129800000,261547
2020-07-31,SH600287,苏豪时尚,6.12,5917467,436796074,436796074,267319.197288
2020-07-31,SZ000151,中成股份,9.6,5367119,266543967,295980000,284140.8
2020-07-31,SH600282,南钢股份,3.29,67602428,4444706369,6142870142,2021004.276718
2020-07-31,SH600293,三峡新材,2.64,16254402,1160145046,1160145046,306278.292144
2020-07-31,SZ000153,丰原药业,13.02,73337662,311977230,312141230,406407.88146
2020-07-31,SH600358,ST联合,3.08,2024716,504936660,504936660,155520.49128
2020-07-31,SH600246,万通发展,8.7,18969630,2054009302,2054009302,1786988.09274
2020-07-31,SZ000159,国际实业,5.89,20397585,480685993,480685993,283124.049877
2020-07-31,SH600280,中央商场,1.55,4592984,1148334872,1148334872,177991.90516
2020-07-31,SZ000972,*ST中基,2.68,1971800,771283579,771283579,206703.999172
2020-07-31,SH600308,华泰股份,4.97,14964104,1167561419,1167561419,580278.025243
2020-07-31,SZ000157,中联重科,8.26,73099259,6417383926,7873274641,6503324.853466
2020-07-31,SH600283,钱江水利,12.16,6720526,352995758,352995758,429242.841728
2020-07-31,SH600276,恒瑞医药,94.38,56003417,5295737920.8,5306750341.2,50085109.7202456
2020-07-31,SH600285,羚锐制药,11.71,51117341,567808992,567808992,664904.329632
2020-07-31,SZ000869,张  裕Ａ,33.97,2810145,453460800,685464000,2328521.208
2020-07-31,SH600366,宁波韵升,6.23,20321442,989113721,989113721,616217.848183
2020-07-31,SH600292,电投水电,5.5,4499146,780816890,780816890,429449.2895
2020-07-31,SH600290,*ST华仪,1.32,24212723,759903511,759903511,100307.263452
2020-07-31,SH600281,华阳新材,4.2,4630268,514402025,514402025,216048.8505
2020-07-31,SH600297,广汇汽车,3.9,95626346,8110301750,8110301750,3163017.6825
2020-07-31,SH600243,*ST海华,2.58,1518951,438850000,438850000,113223.3
2020-07-31,SZ000488,ST晨鸣,5.44,33536189,1659372085,2984208200,1623409.2608
2020-07-31,SH600255,鑫科材料,1.2,36955211,1769593555,1769593555,212351.2266
2020-07-31,SH600247,*ST成城,1.72,5988551,336441600,336441600,57867.9552
2020-07-31,SH600337,美克家居,5.02,28107616,1728311198,1766772736,886919.913472
2020-07-31,SH600241,时代万恒,3.26,1176924,251567072,294302115,95942.48949
2020-07-31,SH600288,大恒科技,11.67,2615017,436800000,436800000,509745.6
2020-07-31,SH600252,中恒集团,3.81,70646359,3475107147,3475107147,1324015.823007
2020-07-31,SH600422,昆药集团,11.67,46081472,759943092,760947792,888026.073264
2020-07-31,SH600318,新力金融,11.6,44724869,504209477,513364429,595502.73764
2020-07-31,SH600333,长春燃气,4.2,4022573,609030684,609030684,255792.88728
2020-07-31,SZ000998,隆平高科,17.8,41696308,969394389,1316970298,2344207.13044
2020-07-31,SH600019,宝钢股份,4.92,68519422,22155982625,22271288125,10957473.7575
2020-07-31,SH600302,标准股份,4.68,7180800,346009804,346009804,161932.588272
2020-07-31,SH600316,洪都航空,26.7,34584524,717114512,717114512,1914695.74704
2020-07-31,SH600038,中直股份,51.46,9107094,589476716,589476716,3033447.180536
2020-07-31,SH600016,民生银行,5.54,123505120,35462123213,43782418502,24255459.850108
2020-07-31,SH600307,酒钢宏兴,1.64,29526601,6263357424,6263357424,1027190.617536
2020-07-31,SH600368,五洲交通,3.6,9651766,1125632068,1125632068,405227.54448
2020-07-31,SH600320,振华重工,3.07,7279866,3321997661,5268353501,1617384.524807
2020-07-31,SH600328,中盐化工,8.25,10957928,438031073,957664592,790073.2884
2020-07-31,SH600345,长江通信,20.84,3060700,198000000,198000000,412632
2020-07-31,SH600323,瀚蓝环境,26.65,9769726,766264018,766264018,2042093.60797
2020-07-31,SZ000726,鲁  泰Ａ,8.01,16538570,561264288,858121541,687355.354341
2020-07-31,SH600339,中油工程,2.49,26637102,5583147471,5583147471,1390203.720279
2020-07-31,SH600306,退市商城,4.61,603010,177455496,178138918,82122.041198
2020-07-31,SH600303,曙光股份,3.56,12329121,675604211,675604211,240515.099116
2020-07-31,SH600338,西藏珠峰,12.36,44063259,914210168,914210168,1129963.767648
2020-07-31,SH600398,海澜之家,6.09,9134405,4420016636,4420016636,2691790.131324
2020-07-31,SH600399,抚顺特钢,5.93,29265826,1972100000,1972100000,1169455.3
2020-07-31,SH600336,澳柯玛,9.23,130116251,776753269,799183269,737646.157287
2020-07-31,SH600388,龙净环保,9.16,6373026,1069050000,1069050000,979249.8
2020-07-31,SH600309,万华化学,67.59,24765576,1423756420,3139746626,21221547.445134
2020-07-31,SH600400,红豆股份,3.48,8756712,2533256912,2533256912,881573.405376
2020-07-31,SH600369,西南证券,5.85,110823518,5645109124,6645109124,3887388.83754
2020-07-31,SH600389,江山股份,20.03,2066650,297000000,297000000,594891
2020-07-31,SH600378,昊华科技,21.6,5768707,297193292,917229657,1981216.05912
2020-07-31,SZ000725,京东方Ａ,4.67,678047541,33860560514,34798398763,16250852.222321
2020-07-31,SH600365,ST通葡,3.42,10401636,400000000,400000000,136800
2020-07-31,SH600390,五矿资本,7.78,27526189,4498065459,4498065459,3499494.927102
2020-07-31,SH600377,宁沪高速,9.81,6078321,3799766821,5037747500,4942030.2975
2020-07-31,SH600326,西藏天路,10.54,80332935,865415303,865415303,912147.729362
2020-07-31,SH600382,广东明珠,5.49,5667898,788933815,788933815,433124.664435
2020-07-31,SH600330,天通股份,11.16,39150200,996565730,996565730,1112167.35468
2020-07-31,SH600332,白云山,37.16,25216191,1405890949,1625790949,6041439.166484
2020-07-31,SH600305,恒顺醋业,20.13,16378246,1002956032,1002956032,2018950.492416
2020-07-31,SH600037,歌华有线,13.18,15090747,1391777884,1391777884,1834363.251112
2020-07-31,SH600033,福建高速,2.74,5394723,2744400000,2744400000,751965.6
2020-07-31,SH600466,*ST蓝光,5.35,24077666,3034930435,3034930435,1623687.782725
2020-07-31,SH600386,北巴传媒,3.69,7375633,806400000,806400000,297561.6
2020-07-31,SH600312,平高电气,8.3,17402930,1356921309,1356921309,1126244.68647
2020-07-31,SH600558,大西洋,3.13,12546471,897604831,897604831,280950.312103
2020-07-31,SH600272,开开实业,8.2,1875065,160000000,243000000,199260
2020-07-31,SH600550,保变电气,5.7,39431013,1534607067,1841528480,1049671.2336
2020-07-31,SH600310,广西能源,4.08,4953661,827775000,827775000,337732.2
2020-07-31,SH600335,国机汽车,4.98,10668186,1029736837,1456875351,725523.924798
2020-07-31,SH600250,南京商旅,6.32,4475135,258692460,310593879,196295.331528
2020-07-31,SH600010,包钢股份,1.17,259916767,31677211587,45585032648,5333448.819816
2020-07-31,SH600376,首开股份,6.75,8408324,2579565242,2579565242,1741206.53835
2020-07-31,SH600315,上海家化,46.55,7387236,671248461,671248461,3124661.585955
2020-07-31,SH600360,*ST华微,9.5,51417261,959348429,963971304,915772.7388
2020-07-31,SH600393,ST粤泰,2.9,32802066,988205552,2536247870,735511.8823
2020-07-31,SH600518,康美药业,2.95,0,4408786966,4973861675,1467289.194125
2020-07-31,SH600367,红星发展,7.76,5510102,291200000,298045000,231282.92
2020-07-31,SH600319,亚星化学,4.54,1549436,315594000,315594000,143279.676
2020-07-31,SH600555,退市海创,1.4,29835992,973500000,1303500000,182490
2020-07-31,SH600396,华电辽能,2.64,12794900,1472706817,1472706817,388794.599688
2020-07-31,SH600363,联创光电,16.6,16539383,443476750,443476750,736171.405
2020-07-31,SH600383,金地集团,13.99,38674175,4514583572,4514583572,6315902.417228
2020-07-31,SH600356,恒丰纸业,7.39,2139200,298731378,298731378,220762.488342
2020-07-31,SH600295,鄂尔多斯,9.85,56360114,612000000,1427947069,1406527.862965
2020-07-31,SH600381,*ST春天,5.39,11326635,587060741,587060741,316425.739399
2020-07-31,SH600588,用友网络,47.02,26142304,3235598856,3248721271,15275487.416242
2020-07-31,SH600568,ST中珠,1.22,22994354,1564948288,1992869681,243130.101082
2020-07-31,SH600321,正源股份,2.02,7784101,1510550000,1510550000,305131.1
2020-07-31,SH600528,中铁工业,9.5,11354207,2221551588,2221551588,2110474.0086
2020-07-31,SH600395,盘江股份,6.37,13115585,1655051861,1655051861,1054268.035457
2020-07-31,SH600329,达仁堂,19.1,7077523,565868076,773743076,1477849.27516
2020-07-31,SH600380,健康元,19.87,28633443,1947537633,1947537633,3869757.276771
2020-07-31,SH600589,大位科技,4.36,20201432,704033281,704033281,306958.510516
2020-07-31,SH600468,百利电气,5.46,33966097,1121895038,1121895038,612554.690748
2020-07-31,SH600501,航天晨光,11.59,25417599,421283600,421283600,488267.6924
2020-07-31,SH600488,津药药业,5.38,17914990,976578766,1100906680,592287.79384
2020-07-31,SH600311,*ST荣华,1.71,14677912,665600000,665600000,113817.6
2020-07-31,SH600419,天润乳业,14.97,8820043,268599337,268599337,402093.207489
2020-07-31,SH600530,交大昂立,3.02,4448984,780000000,780000000,235560
2020-07-31,SH600028,中国石化,4,140601917,95557771046,121071209646,48428483.8584
2020-07-31,SH600569,安阳钢铁,2.17,10226954,2393684489,2872421386,623315.440762
2020-07-31,SH600346,恒力石化,16.27,30032824,4631935609,7039099786,11452615.351822
2020-07-31,SH600566,济川药业,25.32,7486973,814925844,814925844,2063392.237008
2020-07-31,SH600498,烽火通信,28.39,15724484,1106954585,1171000020,3324469.05678
2020-07-31,SH600418,江淮汽车,9.29,78176750,1893312117,1893312117,1758886.956693
2020-07-31,SH600539,狮头股份,7.15,853202,230000000,230000000,164450
2020-07-31,SH600519,贵州茅台,1678.18,4068474,1256197800,1256197800,210812602.4004
2020-07-31,SH600599,*ST熊猫,5.12,2170504,166000000,166000000,84992
2020-07-31,SH600508,上海能源,8.96,3695954,722718000,722718000,647555.328
2020-07-31,SH600448,华纺股份,4.1,15244696,617636920.8,629819661.6,258226.061256
2020-07-31,SH600596,新安股份,9.08,20360724,699865633,704900633,640049.774764
2020-07-31,SH600322,津投城开,2.71,10255386,1105700000,1105700000,299644.7
2020-07-31,SH600361,创新新材,5,12139059,665807918,665807918,332903.959
2020-07-31,SH600011,华能国际,4.69,27870395,10997709919,15698093359,7362405.785371
2020-07-31,SH600391,航发科技,23.72,14501590,330129367,330129367,783066.858524
2020-07-31,SH600567,山鹰国际,3.17,53976336,4595545854,4595545854,1456788.035718
2020-07-31,SH600331,宏达股份,2.8,162601593,2032000000,2032000000,568960
2020-07-31,SH600548,深高速,8.97,6165484,1433270326,2180770326,1956150.982422
2020-07-31,SH600506,统一股份,10.48,5484222,147706873,147706873,154796.802904
2020-07-31,SH600523,贵航股份,17.92,6303373,404044620,404311320,724525.88544
2020-07-31,SH600520,三佳科技,9.05,4567900,158430000,158430000,143379.15
2020-07-31,SH600362,江西铜业,16.19,59636366,2075247405,3462729405,5606158.906695
2020-07-31,SH600379,宝光股份,6.09,4143127,330201564,330201564,201092.752476
2020-07-31,SH600317,营口港,2.67,15822985,6472983003,6472983003,1728286.461801
2020-07-31,SH600583,海油工程,4.81,32762789,4421354800,4421354800,2126671.6588
2020-07-31,SH600585,海螺水泥,61.42,35478208,3999702579,5299302579,32548316.440218
2020-07-31,SH600509,天富能源,3.56,13280657,905696586,1151415017,409903.746052
2020-07-31,SH600373,中文传媒,12.67,11407754,1355063719,1355063719,1716865.731973
2020-07-31,SH600350,山东高速,6.75,21525906,4811165857,4811165857,3247536.953475
2020-07-31,SH600533,栖霞建设,3.6,16997300,1050000000,1050000000,378000
2020-07-31,SH600598,北大荒,19.17,57712491,1777679909,1777679909,3407812.385553
2020-07-31,SH600036,招商银行,34.8,98989455,20628944429,25219845601,87765062.69148
2020-07-31,SH600456,宝钛股份,34.99,19103172,430265700,430265700,1505499.6843
2020-07-31,SH600855,航天长峰,17.68,16440163,340931629,439591087,777197.041816
2020-07-31,SH600428,中远海特,3.33,9819297,2146650771,2146650771,714834.706743
2020-07-31,SH600486,扬农化工,95.9,5354345,309898907,309898907,2971930.51813
2020-07-31,SH600833,第一医药,13.76,12744053,223086347,223086347,306966.813472
2020-07-31,SH600837,海通证券,14.1,114026760,8092131180,11501700000,16217397
2020-07-31,SH600415,小商品城,7.39,133061339,5443214176,5443214176,4022535.276064
2020-07-31,SH600578,京能电力,3.18,8883400,6746734457,6746734457,2145461.557326
2020-07-31,SH600582,天地科技,3.09,19020586,4138588892,4138588892,1278823.967628
2020-07-31,SH600536,中国软件,94.84,18643355,494562782,494562782,4690433.424488
2020-07-31,SH600083,*ST博信,6.08,9203200,227993326,230000000,139840
2020-07-31,SH600845,宝信软件,71.25,7112998,836132558,1155615252,8233758.6705
2020-07-31,SH600026,中远海能,7.17,35824861,2736032861,4762691885,3414850.081545
2020-07-31,SH600505,西昌电力,9.02,2361629,364567500,364567500,328839.885
2020-07-31,SH600529,山东药玻,71.1,39002215,594967747,594967747,4230220.68117
2020-07-31,SH600496,精工钢构,5.04,127289076,1510445200,1810445200,912464.3808
2020-07-31,SH600580,卧龙电驱,12.08,20174016,1306619586,1307942586,1579994.643888
2020-07-31,SH600355,*ST精伦,3.32,14673209,492089200,492089200,163373.6144
2020-07-31,SH600510,黑牡丹,8.08,7752938,1047095025,1047095025,846052.7802
2020-07-31,SH600426,华鲁恒升,23.13,17718937,1620329750,1626659750,3762464.00175
2020-07-31,SZ000411,英特集团,22.67,16159548,207322071,248939935,564346.832645
2020-07-31,SH600327,大东方,4.17,11331521,884779518,884779518,368953.059006
2020-07-31,SH600595,中孚实业,1.72,4935408,1741540403,1961224057,337330.537804
2020-07-31,SZ000536,华映科技,1.65,33359924,2763081622,2766032803,456395.412495
2020-07-31,SH600818,中路股份,12.08,2844150,237957910,321447910,388309.07528
2020-07-31,SH600397,江钨装备,2.49,13916302,989959882,989959882,246500.010618
2020-07-31,SH600590,泰豪科技,6.27,15872528,844175885,866298784,543169.337568
2020-07-31,SH600503,华丽家族,4.24,40965259,1602290000,1602290000,679370.96
2020-07-31,SH600721,百花医药,5.27,1896261,357423985,375134355,197695.805085
2020-07-31,SH600593,大连圣亚,40.94,748500,128800000,128800000,527307.2
2020-07-31,SH600561,江西长运,5.07,2654300,237064000,284476800,144229.7376
2020-07-31,SH600416,湘电股份,17.76,10946700,945834325,945834325,1679801.7612
2020-07-31,SH600526,菲达环保,6.24,0,547404672,547404672,341580.515328
2020-07-31,SH600565,ST迪马,2.93,26450495,2390526284,2435976284,713741.051212
2020-07-31,SH600531,豫光金铅,7.27,303857103,1090242634,1090242634,792606.394918
2020-07-31,SH600592,龙溪股份,10.48,4310020,399553571,399553571,418732.142408
2020-07-31,SH600515,海南机场,6.9,116781046,1658295366,3907592460,2696238.7974
2020-07-31,SZ000546,金圆股份,9.17,8250563,659035716,714644396,655328.911132
2020-07-31,SH600579,中化装备,5.86,10641600,410447424,883396363,517670.268718
2020-07-31,SH600586,金晶科技,3.61,53460120,1428770000,1428770000,515785.97
2020-07-31,SH600581,八一钢铁,3.79,39872488,1532897870,1532897870,580968.29273
2020-07-31,SH600535,天士力,17.34,18953674,1512666229,1512666229,2622963.241086
2020-07-31,SH600597,光明乳业,18.86,33668239,1224302009,1224487509,2309383.441974
2020-07-31,SH600516,方大炭素,6.84,48237749,3805970368,3805970368,2603283.731712
2020-07-31,SH600743,华远控股,2.18,11450309,2346100874,2346100874,511449.990532
2020-07-31,SH600551,时代出版,9.56,3139124,505825296,505825296,483568.982976
2020-07-31,SH600577,精达股份,3.52,58625631,1921405191,1921405191,676334.627232
2020-07-31,SH600371,万向德农,18.63,69541604,292578000,292578000,545072.814
2020-07-31,SH600557,康缘药业,15.13,10044875,592881038,592881038,897029.010494
2020-07-31,SH600560,金自天正,11.5,9876705,223645500,223645500,257192.325
2020-07-31,SZ000875,电投绿能,4.35,59187301,2146292305,2146313980,933646.5813
2020-07-31,SH600351,亚宝药业,5.73,24553965,770000023,770000023,441210.013179
2020-07-31,SH600587,新华医疗,19.85,34046946,403466668,406428091,806759.760635
2020-07-31,SH600853,龙建股份,3.35,7258948,697849955,837417955,280535.014925
2020-07-31,SH600050,中国联通,5.08,125609291,21499845995,31025507687,15760957.904996
2020-07-31,SH600499,科达制造,4.61,11570331,1411464322,1888419929,870561.587269
2020-07-31,SZ000585,东电退,1.47,4359100,609420978,873370000,128385.39
2020-07-31,SZ000613,东海A退,7.41,13883604,265876600,364100000,269798.1
2020-07-31,SH600522,中天科技,11.67,48753919,3066135890,3066135890,3578180.58363
2020-07-31,SH600559,老白干酒,12.9,26495808,876723465,897287444,1157500.80276
2020-07-31,SH600532,退市未来,10.49,12002635,516065720,516065720,541352.94028
2020-07-31,SH600571,信雅达,9.24,7398985,430710823,439277429,405892.344396
2020-07-31,SH600549,厦门钨业,15,25563611,1406046200,1406046200,2109069.3
2020-07-31,SH600552,凯盛科技,6.7,26338968,763884003,763884003,511802.28201
2020-07-31,SH600353,旭光电子,6,6416100,543720000,543720000,326232
2020-07-31,SH600511,国药股份,43.97,50698361,553346424,754502998,3317549.682206
2020-07-31,SH600525,ST长园,6.33,22334740,1305775152,1305775152,826555.671216
2020-07-31,SH600563,法拉电子,60.41,2379161,225000000,225000000,1359225
2020-07-31,SZ000557,西部创业,3.5,14360027,1457916198,1458374735,510431.15725
2020-07-31,SH600458,时代新材,7.49,9530461,802798152,802798152,601295.815848
2020-07-31,SH600512,腾达建设,2.95,25040729,1598902832,1598902832,471676.33544
2020-07-31,SH600030,中信证券,29.96,225613130,9814661700,12926776029,38728620.982884
2020-07-31,SH600759,洲际油气,2.03,27154152,2258184018,2263507518,459492.026154
2020-07-31,SH600012,皖通高速,5.24,1747527,1165600000,1658610000,869111.64
2020-07-31,SH600538,国发股份,7.95,10536377,464401185,464401185,369198.942075
2020-07-31,SH600537,亿晶光电,3.45,21505309,1176359268,1176359268,405843.94746
2020-07-31,SH600562,国睿科技,18.34,11195977,622350719,1241857840,2277567.27856
2020-07-31,SH600408,安泰集团,1.83,6321963,1006800000,1006800000,184244.4
2020-07-31,SH600576,祥源文旅,4.38,6087605,619402409,619402409,271298.255142
2020-07-31,SH600573,惠泉啤酒,7.21,4403600,250000000,250000000,180250
2020-07-31,SH600521,华海药业,38.5,14324552,1375922502,1454608047,5600240.98095
2020-07-31,SH600370,三房巷,3.79,28343794,797244230,797244230,302155.56317
2020-07-31,SH600460,士兰微,20.16,173292923,1312061614,1312061614,2645116.213824
2020-07-31,SH600513,联环药业,12.98,29430449,285456270,287990370,373811.50026
2020-07-31,SH600039,四川路桥,4.3,21022539,3457072825,3705325510,1593289.9693
2020-07-31,SH600575,淮河能源,2.16,30562790,3886261065,3886261065,839432.39004
2020-07-31,SH600375,汉马科技,8.16,15960427,555740597,555740597,453484.327152
2020-07-31,SH600343,航天动力,9.15,12805981,638206348,638206348,583958.80842
2020-07-31,SH600502,安徽建工,4.64,39767015,1466995141,1721160272,798618.366208
2020-07-31,SH600481,双良节能,3.08,5716804,1627255808,1632295808,502747.108864
2020-07-31,SH600004,白云机场,14.2,20450976,2069320514,2069320514,2938435.12988
2020-07-31,SH600459,贵研铂业,26.27,22615534,437708011,437708011,1149858.944897
2020-07-31,SH600392,盛和资源,8.52,53604501,1755167067,1755167067,1495402.341084
2020-07-31,SH600584,长电科技,44.53,125304275,1208991732,1602874555,7137600.393415
2020-07-31,SH600251,冠农股份,7.1,15353000,778822008,784842008,557237.82568
2020-07-31,SH600436,片仔癀,204.2,4564372,603317210,603317210,12319737.4282
2020-07-31,SH600409,三友化工,6.23,98821482,2064349448,2064349448,1286089.706104
2020-07-31,SH600433,冠豪高新,3.35,12377568,1271315443,1271315443,425890.673405
2020-07-31,SH600490,鹏欣资源,4.4,119510509,1678704228,2212887079,973670.31476
2020-07-31,SH600273,嘉化能源,13.03,33726499,1432730543,1432730543,1866847.897529
2020-07-31,SH600031,三一重工,21.11,86449157,8463134359,8463823184,17867130.741424
2020-07-31,SH600435,北方导航,8.86,50020499,1489320000,1489320000,1319537.52
2020-07-31,SH600439,瑞贝卡,3.6,18031362,1131985440,1131985440,407514.7584
2020-07-31,SH600271,航天信息,17.49,12467321,1852843990,1857492410,3248754.22509
2020-07-31,SH600423,柳化股份,2.84,1365300,798695026,798695026,226829.387384
2020-07-31,SH600475,华光环能,13.33,5069329,124606616,559392211,745669.817263
2020-07-31,SH600425,青松建化,5.42,58809977,1378790086,1378790086,747304.226612
2020-07-31,SH600029,南方航空,5.33,47721003,8111520431,15329302395,8170518.176535
2020-07-31,SH600546,山煤国际,14.95,42559719,1982456140,1982456140,2963771.9293
2020-07-31,SH600352,浙江龙盛,14.78,86331114,3253331860,3253331860,4808424.48908
2020-07-31,SH600020,中原高速,3.72,10221059,2247371832,2247371832,836022.321504
2020-07-31,SH600489,中金黄金,11.34,94883377,3451137189,4642604274,5264713.246716
2020-07-31,SH600480,凌云股份,7.88,12796805,763461517,765340374,603088.214712
2020-07-31,SH600348,华阳股份,4.87,15284941,2405000000,2405000000,1171235
2020-07-31,SH600487,亨通光电,16.53,24677112,1905121815,1952763103,3227917.409259
2020-07-31,SH600547,山东黄金,43.01,66977980,2350316524,3099611632,13331429.629232
2020-07-31,SH600449,宁夏建材,18.42,21740749,478181042,478181042,880809.479364
2020-07-31,SH600462,退市九有,1.83,4585101,533780000,533780000,97681.74
2020-07-31,SH600858,银座股份,7.57,5201540,517548029,520066589,393690.407873
2020-07-31,SH600015,华夏银行,6.36,24215857,12822686653,15387223983,9786274.453188
2020-07-31,SH600429,三元股份,5.83,10528525,1497557426,1497557426,873075.979358
2020-07-31,SH600478,科力远,4.48,33383914,1604131503,1653281386,740670.060928
2020-07-31,SH600507,方大特钢,5.66,19660662,2155950223,2155950223,1220267.826218
2020-07-31,SH600403,大有能源,3.83,9127600,2390812402,2390812402,915681.149966
2020-07-31,SH600517,国网英大,7.33,18018016,1356167823,5718435744,4191613.400352
2020-07-31,SH600406,国电南瑞,21.25,21617487,2934898892,4621940818,9821624.23825
2020-07-31,SH600469,风神股份,5,5265511,562413222,562413222,281206.611
2020-07-31,SH600021,上海电力,7.85,11130057,2347246305,2617164197,2054473.894645
2020-07-31,SZ000678,襄阳轴承,5.31,3822210,459611797,459611797,244053.864207
2020-07-31,SH600184,光电股份,11.58,7082944,508760826,508760826,589145.036508
2020-07-31,SZ000826,启迪环境,8.2,11629891,1190864834,1430578784,1173074.60288
2020-07-31,SZ000560,我爱我家,4.09,24830752,1917421919,2355500851,963399.848059
2020-07-31,SH600477,杭萧钢构,4.5,148332572,2153592409,2153737411,969181.83495
2020-07-31,SH600900,长江电力,18.37,22591310,22000000000,22000000000,40414000
2020-07-31,SH600527,江南高纤,3.1,82608552,1443760902,1731760902,536845.87962
2020-07-31,SH600545,卓郎智能,5.49,34622153,1124327097,1895412995,1040581.734255
2020-07-31,SH600476,湘邮科技,14.06,5232129,161070000,161070000,226464.42
2020-07-31,SH600570,恒生电子,109.53,17109095,1044090754,1044090754,11435926.028562
2020-07-31,SZ000851,*ST高鸿,8.69,30882323,870690122,907629867,788730.354423
2020-07-31,SH600446,金证股份,19.48,23429076,853210484,860440484,1676138.062832
2020-07-31,SH600340,华夏幸福,17.35,16439965,3872989782,3914381782,6791452.39177
2020-07-31,SH600540,新赛股份,5.75,18178283,470923313,470923313,270780.904975
2020-07-31,SZ000885,城发环境,12.47,9119752,496381983,496381983,618988.332801
2020-07-31,SH600354,敦煌种业,4.68,6898400,527802080,527802080,247011.37344
2020-07-31,SH600249,两面针,4.88,7271105,550000000,550000000,268400
2020-07-31,SZ000100,TCL科技,6.26,370356594,12659960284,13519279411,8463068.911286
2020-07-31,SH600387,退市海越,7.93,6463257,388122000,471774464,374117.149952
2020-07-31,SH600444,国机通用,10.81,1404100,146421932,146421932,158282.108492
2020-07-31,SH600325,华发股份,7.09,21715020,2110045491,2117219616,1501108.707744
2020-07-31,SH600438,通威股份,27.3,82593139,4287855684,4287855684,11705846.01732
2020-07-31,SH600452,涪陵电力,20.52,5008243,439040000,439040000,900910.08
2020-07-31,SH600470,六国化工,3.08,4626032,521600000,521600000,160652.8
2020-07-31,SH600035,楚天高速,3.19,7274638,1616892935,1692927321,540043.815399
2020-07-31,SH600479,千金药业,10.27,14990058,418507117,418507117,429806.809159
2020-07-31,SH600284,浦东建设,6.62,6295963,970256000,970256000,642309.472
2020-07-31,SH600463,空港股份,7.27,2525161,300000000,300000000,218100
2020-07-31,SH600594,益佰制药,7.83,58146829,791927400,791927400,620079.1542
2020-07-31,SH600543,莫高股份,6.27,5301891,321120000,321120000,201342.24
2020-07-31,SH600405,动力源,5.06,8952420,553275448,559942948,283331.131688
2020-07-31,SH600467,好当家,3.33,183377413,1460994304,1460994304,486511.103232
2020-07-31,SH600960,渤海汽车,3.38,12466119,950515518,950515518,321274.245084
2020-07-31,SH600969,郴电国际,6.67,3207204,370050484,370050484,246823.672828
2020-07-31,SH600572,康恩贝,6.01,84597050,2660578347,2667320200,1603059.4402
2020-07-31,SH600988,赤峰黄金,18.3,137495646,1426381496,1663911378,3044957.82174
2020-07-31,SH600976,健民集团,22.68,1708634,153298600,153398600,347908.0248
2020-07-31,SH600497,驰宏锌锗,4.28,63062060,4309898186,5091291568,2179072.791104
2020-07-31,SH600493,凤竹纺织,5.36,7521574,272000000,272000000,145792
2020-07-31,SH600986,浙文互联,5.76,105110324,1311443434,1324552361,762942.159936
2020-07-31,SH600410,华胜天成,14.6,49552480,1098743383,1098743383,1604165.33918
2020-07-31,SH600985,淮北矿业,9.31,5219021,650080570,2172412449,2022515.990019
2020-07-31,SH600990,四创电子,45.2,3677169,140931054,159179110,719489.5772
2020-07-31,SH600114,东睦股份,10.32,16189372,613308037,616454517,636181.061544
2020-07-31,SH600980,北矿科技,15.17,9002377,152209880,155209880,235453.38796
2020-07-31,SH600992,贵绳股份,7,1986391,245090000,245090000,171563
2020-07-31,SH600993,马应龙,23.24,11194962,430307016,431053891,1001769.242684
2020-07-31,SH600967,内蒙一机,10.87,41289853,1689631817,1689631817,1836629.785079
2020-07-31,SH600491,龙元建设,8.52,10083115,1529757955,1529757955,1303353.77766
2020-07-31,SH600963,岳阳林纸,4.26,15003874,1805053109,1805053109,768952.624434
2020-07-31,SH600495,晋西车轴,4.05,9873837,1208190886,1208190886,489317.30883
2020-07-31,SH600483,福能股份,8.84,20075297,1551834868,1760375824,1556172.228416
2020-07-31,SH600461,洪城环境,6.77,7862449,789593625,948038351,641821.963627
2020-07-31,SH600997,开滦股份,5.26,8643864,1587799851,1587799851,835182.721626
2020-07-31,SH600421,*ST华嵘,12,843082,195600000,195600000,234720
2020-07-31,SH600966,博汇纸业,12.58,23551367,1336844288,1336844288,1681750.114304
2020-07-31,SH600975,新五丰,11.61,38753375,652675584,652675584,757756.353024
2020-07-31,SH600995,南网储能,9.2,18096269,478526400,478526400,440244.288
2020-07-31,SH600420,国药现代,10.99,24721247,1026949472,1026949472,1128617.469728
2020-07-31,SH600962,国投中鲁,8.76,3457519,254020000,262210000,229695.96
2020-07-31,SH600143,金发科技,16.14,59678254,2573622343,2573622343,4153826.461602
2020-07-31,SZ002001,新 和 成,29.44,30981019,2121481362,2148662300,6325661.8112
2020-07-31,SZ002002,ST鸿达,3.92,57344413,2552274440,2588929455,1014860.34636
2020-07-31,SZ002007,华兰生物,64.93,56691398,1566973386,1824366726,11845613.151918
2020-07-31,SZ002005,ST德豪,1.23,6544191,1691897655,1764720000,217060.56
2020-07-31,SZ002003,伟星股份,5.78,7512693,646575078,758020428,438135.807384
2020-07-31,SZ002008,大族激光,39.96,27456365,993449531,1067070925,4264015.4163
2020-07-31,SZ002004,华邦健康,5.6,30652800,1808805429,1979919191,1108754.74696
2020-07-31,SZ002006,精工科技,5.15,5751107,455160000,455160000,234407.4
2020-07-31,SZ002009,天奇股份,8.2,6629815,370545684,370549434,303850.53588
2020-07-31,SH600022,山东钢铁,1.37,44765175,10946549616,10946549616,1499677.297392
2020-07-31,SZ002010,传化智联,5.74,18686543,3182651867,3257814678,1869985.625172
2020-07-31,SH600981,苏豪汇鸿,3.48,24059098,730852181,2242433192,780366.750816
2020-07-31,SZ002012,凯恩股份,6.2,15926005,466537641,467625470,289927.7914
2020-07-31,SZ002013,中航机电,10.25,48545450,3608420988,3608666854,3698883.52535
2020-07-31,SZ002011,盾安环境,4,12637608,913903102,917212180,366884.872
2020-07-31,SH600982,宁波能源,2.92,6828153,746930000,1117768211,326388.317612
2020-07-31,SH600984,建设机械,29.17,10088197,786115464,966956865,2820613.175205
2020-07-31,SZ002015,协鑫能科,5.51,9964239,400703825,1352461312,745206.182912
2020-07-31,SZ002016,世荣兆业,7.28,14083267,646095632,809095632,589021.620096
2020-07-31,SZ002014,永新股份,11.4,11461009,501422662,503616724,574123.06536
2020-07-31,SZ002019,亿帆医药,29.55,27200364,824708347,1234677077,3648470.762535
2020-07-31,SZ002017,东信和平,11.96,6058270,444944856,446486084,533997.356464
2020-07-31,SH600965,福成股份,7.37,4202831,818700955,818700955,603382.603835
2020-07-31,SH600482,中国动力,19.48,12181418,869828568,2160681619,4209007.793812
2020-07-31,SZ002020,京新药业,15,43351068,587896803,724872000,1087308
2020-07-31,SZ002021,中捷资源,2.69,12769237,687462541,687815040,185022.24576
2020-07-31,SZ002023,海特高新,15.86,19652724,659280517,756791003,1200270.530758
2020-07-31,SZ002022,科华生物,23.39,32337318,513457193,514671493,1203816.622127
2020-07-31,SZ002024,ST易购,10.31,165471302,7775189273,9310039655,9598650.884305
2020-07-31,SZ002025,航天电器,45.73,9736939,428898773,429000000,1961817
2020-07-31,SZ002026,山东威达,9.39,66100980,420098419,420098419,394472.415441
2020-07-31,SH600983,惠而浦,5.09,5685481,532800000,766439000,390117.451
2020-07-31,SH600973,宝胜股份,4.51,23867643,1222112517,1371366248,618486.177848
2020-07-31,SZ002027,分众传媒,6.06,237687893,14677880280,14677880280,8894795.44968
2020-07-31,SZ002028,思源电气,28.3,53433962,588258062,761200533,2154197.50839
2020-07-31,SZ002029,七 匹 狼,5.7,6198015,734952668,755670000,430731.9
2020-07-31,SH600987,航民股份,5.77,6281583,921199500,1080818841,623632.471257
2020-07-31,SZ002030,达安基因,43.34,164273887,856379036,877153770,3801584.43918
2020-07-31,SZ002031,巨轮智能,2.02,26839352,1888548638,2199395670,444277.92534
2020-07-31,SZ002032,苏 泊 尔,84.81,2204414,610742243,821119910,6963917.95671
2020-07-31,SH600971,恒源煤电,5.2,11578648,1200004884,1200004884,624002.53968
2020-07-31,SH600978,*ST宜生,1.1,28143900,1482870004,1482870004,163115.70044
2020-07-31,SZ002033,丽江股份,6.4,7114125,549480181,549490711,351674.05504
2020-07-31,SZ002034,旺能环境,19.92,4691552,268780508,420765045,838163.96964
2020-07-31,SH600961,株冶集团,8.82,15503973,527457914,527457914,465217.880148
2020-07-31,SZ002035,华帝股份,10.38,12433495,782922612,869230324,902261.076312
2020-07-31,SZ002036,联创电子,11.73,31526590,923033768,929146873,1089889.282029
2020-07-31,SH600979,广安爱众,3.53,7733992,1232259790,1232259790,434987.70587
2020-07-31,SZ002037,保利联合,7.64,4913345,327368160,487625309,372545.736076
2020-07-31,SZ002038,双鹭药业,13.98,37033985,851751183,1027350000,1436235.3
2020-07-31,SZ000695,滨海能源,9.2,3841077,221721339,222147539,204375.73588
2020-07-31,SH600873,梅花生物,5.94,171758650,3087003728,3100021848,1841412.977712
2020-07-31,SZ000951,中国重汽,36.58,5134025,670902360,671080800,2454813.5664
2020-07-31,SH600862,中航高科,22.71,17387353,1393049107,1393049107,3163614.521997
2020-07-31,SH600182,S佳通,14.52,1280462,170000000,340000000,493680
2020-07-31,SH600613,神奇制药,8.32,18483127,479319978,534071628,444347.594496
2020-07-31,SH600615,鑫源智造,9.19,1921230,187624508,188020508,172790.846852
2020-07-31,SH600053,九鼎投资,29.63,4268024,433540800,433540800,1284581.3904
2020-07-31,SH600027,华电国际,3.63,36618189,8145743053,9862976653,3580260.525039
2020-07-31,SZ002039,黔源电力,16.59,4290890,305394913,305398662,506656.380258
2020-07-31,SZ002040,南 京 港,6.73,5742547,483966800,483966800,325709.6564
2020-07-31,SH600970,中材国际,5.98,26770486,1737054416,1739573853,1040265.164094
2020-07-31,SZ002041,登海种业,15.49,38698928,880000000,880000000,1363120
2020-07-31,SZ002042,华孚时尚,5.67,7240575,1518145368,1519375555,861485.939685
2020-07-31,SZ002043,兔 宝 宝,10.34,23446890,743876333,774756002,801097.706068
2020-07-31,SZ002044,美年健康,15.39,32974561,3432300189,3919920974,6032758.378986
2020-07-31,SZ002045,国光电器,9.15,14400217,467165688,468383913,428571.280395
2020-07-31,SZ002046,国机精工,9.54,10852202,408699325,524349078,500229.020412
2020-07-31,SZ000409,云鼎科技,4.2,2497975,405631244,510931158,214591.08636
2020-07-31,SZ002047,*ST宝鹰,5.05,14451818,1263063110,1341296921,677354.945105
2020-07-31,SZ002048,宁波华翔,16.5,13659191,544962242,626227314,1033275.0681
2020-07-31,SZ002049,紫光国微,126.84,29413199,606232395,606817968,7696879.106112
2020-07-31,SZ002050,三花智控,23.72,32200851,3141350518,3592041778,8520323.097416
2020-07-31,SZ000561,烽火电子,8.5,17669581,596602060,604692321,513988.47285
2020-07-31,SH600751,海航科技,3.21,36505275,2573189052,2899337783,930687.428343
2020-07-31,SH600617,国新能源,5.01,7654502,974914344,1084663692,543416.509692
2020-07-31,SH600892,*ST大晟,3.07,4743000,540359536,559464188,171755.505716
2020-07-31,SZ000718,苏宁环球,3.44,14855480,2289182406,3034636384,1043914.916096
2020-07-31,SH600844,金煤科技,3.65,46788229,822730634,1016524240,371031.3476
2020-07-31,SZ000552,甘肃能化,2.47,14461185,2283741262,2286971050,564881.84935
2020-07-31,SZ002051,中工国际,7.99,5666003,1111773902,1237408937,988689.740663
2020-07-31,SH601001,晋控煤业,5.27,27920994,1673700000,1673700000,882039.9
2020-07-31,SZ002053,云南能投,7.85,6955615,371702206,760978566,597368.17431
2020-07-31,SZ002052,同洲电子,1.36,17907234,745952110,745959694,101450.518384
2020-07-31,SH601988,中国银行,3.33,142703375,210765514846,294387791241,98031134.483253
2020-07-31,SZ002055,ST得润,17,13470719,429543263,473485580,804925.486
2020-07-31,SZ002054,德美化工,7.65,12590250,312391555,419230828,320711.58342
2020-07-31,SH600048,保利发展,15.6,97628429,11934230089,11934230089,18617398.93884
2020-07-31,SH601006,大秦铁路,6.49,40284873,14866791491,14866791491,9648547.677659
2020-07-31,SZ002056,横店东磁,11.81,32518521,1624357835,1643600000,1941091.6
2020-07-31,SZ002057,中钢天源,7.78,18327250,558408557,575287776,447573.889728
2020-07-31,SZ002058,*ST威尔,19.2,967494,143200281,143448332,275420.79744
2020-07-31,SZ002060,广东建工,3.34,29849308,1201713906,1202262058,401555.527372
2020-07-31,SZ002059,云南旅游,6.05,17267776,730792576,1012434813,612523.061865
2020-07-31,SZ002061,浙江交科,5.63,17796517,770706585,1375638998,774484.755874
2020-07-31,SZ002062,宏润建设,4.83,14685940,962966302,1102500000,532507.5
2020-07-31,SH601111,中国国航,6.83,40331620,9962131821,14524815185,9920448.771355
2020-07-31,SZ002066,瑞泰科技,10.13,2219011,231000000,231000000,234003
2020-07-31,SZ002063,远光软件,10.34,17092572,1014307027,1102486112,1139970.639808
2020-07-31,SZ002064,华峰化学,6.77,35317783,1519381200,4633519221,3136892.512617
2020-07-31,SZ002065,东华软件,12.18,48940826,2807608139,3115482375,3794657.53275
2020-07-31,SZ002068,黑猫股份,5.09,13151691,726996659,727063596,370075.370364
2020-07-31,SZ002067,景兴纸业,3.35,9979750,973576000,1111201000,372252.335
2020-07-31,SH601699,潞安环能,6.37,20469458,2991409200,2991409200,1905527.6604
2020-07-31,SZ002069,獐子岛,6.36,88512395,688740444,711112194,452267.355384
2020-07-31,SZ002071,长城退,1.65,16738953,521660350,525429878,86695.92987
2020-07-31,SH601588,北辰实业,2.78,19820659,2660000000,3367020000,936031.56
2020-07-31,SH600017,日照港,2.81,21597950,3075653888,3075653888,864258.742528
2020-07-31,SZ002073,软控股份,4.46,14168932,933932074,933986674,416558.056604
2020-07-31,SZ002072,凯瑞德,5.16,2539482,176000000,176000000,90816
2020-07-31,SZ002074,国轩高科,25.26,29968347,1096290953,1198227911,3026723.703186
2020-07-31,SZ002076,*ST星光,2.75,5636600,596867049,764113035,210131.084625
2020-07-31,SH601398,工商银行,4.96,254967287,269612212539,356406257089,176777503.516144
2020-07-31,SZ002078,太阳纸业,12.68,22137449,2569975922,2591407672,3285904.928096
2020-07-31,SZ002079,苏州固锝,12.55,56251808,726208047,727971487,913604.216185
2020-07-31,SZ002077,大港股份,6.58,7531885,540602575,580348513,381869.321554
2020-07-31,SZ002081,金 螳 螂,8.97,21046197,2605130072,2683358689,2406972.744033
2020-07-31,SZ002082,万邦德,13.87,23055640,193056640,618222829,857475.063823
2020-07-31,SZ002080,中材科技,20.82,60378839,1678123584,1678123584,3493853.301888
2020-07-31,SH601666,平煤股份,5.06,40621289,2327704469,2327704469,1177818.461314
2020-07-31,SZ002084,海鸥住工,11.14,8844359,540229586,554598528,617822.760192
2020-07-31,SZ002083,孚日股份,5.4,18450950,882004921,908005456,490322.94624
2020-07-31,SZ002086,东方海洋,1.9,20709802,544262200,756350000,143706.5
2020-07-31,SZ002085,万丰奥威,6.92,28080325,2113735508,2186879678,1513320.737176
2020-07-31,SZ002089,新海退,2.69,25891739,1182215604,1374669616,369786.126704
2020-07-31,SZ002087,新纺退,3.8,17223751,815638642,816794335,310381.8473
2020-07-31,SZ002088,鲁阳节能,9.84,3082450,315637883,361702033,355914.800472
2020-07-31,SH601872,招商轮船,6.25,55853639,5299458112,6740120114,4212575.07125
2020-07-31,SZ002092,中泰化学,5.65,44328460,2146346698,2146449598,1212744.02287
2020-07-31,SZ002091,江苏国泰,6.68,11014731,1509923901,1563536598,1044442.447464
2020-07-31,SZ002090,金智科技,9.68,5436841,399396987,404264936,391328.458048
2020-07-31,SZ002095,生 意 宝,20.63,2986982,251638091,252720000,521361.36
2020-07-31,SZ002093,国脉科技,9.1,12444998,1002646150,1007500000,916825
2020-07-31,SZ002094,青岛金王,4.4,13407090,690453549,690897549,303994.92156
2020-07-31,SH601991,大唐发电,2.39,21748165,9994360000,18506710504,4423103.810456
2020-07-31,SZ002096,易普力,7.09,9035950,370852000,371287000,263242.483
2020-07-31,SZ002097,山河智能,7.06,25189715,922927462,1087497465,767773.21029
2020-07-31,SZ002098,浔兴股份,5.55,4086676,358000000,358000000,198690
2020-07-31,SH601333,广深铁路,2.46,27746757,5652237000,7083537000,1742550.102
2020-07-31,SZ002100,天康生物,17.85,38112613,1073774325,1073774325,1916687.170125
2020-07-31,SZ002099,海翔药业,8.17,18097248,1604440653,1618715253,1322490.361701
2020-07-31,SZ002102,能特科技,1.85,12813215,1964495753,2633836290,487259.71365
2020-07-31,SZ002101,广东鸿图,7.22,4023950,528866866,532363366,384366.350252
2020-07-31,SH601628,中国人寿,36.49,31701049,20823530000,28264705000,103137908.545
2020-07-31,SZ002103,广博股份,6.3,39361818,361091316,534272953,336591.96039
2020-07-31,SZ002104,恒宝股份,10.94,72882500,588039729,696921354,762431.961276
2020-07-31,SZ002105,信隆健康,9.24,37130721,368500000,368500000,340494
2020-07-31,SZ002106,莱宝高科,15.05,22966861,703853295,705816160,1062253.3208
2020-07-31,SZ002108,沧州明珠,3.78,14864164,1417924199,1417924199,535975.347222
2020-07-31,SZ002107,沃华医药,12.31,14885080,563325825,577209600,710545.0176
2020-07-31,SZ002110,三钢闽光,7.12,24929280,2203583557,2451576238,1745522.281456
2020-07-31,SZ002111,威海广泰,16.24,7810589,340285644,381827504,620087.866496
2020-07-31,SH601002,晋亿实业,5.68,5715416,792690000,951228000,540297.504
2020-07-31,SZ002109,兴化股份,3.29,11127809,1052944789,1052944789,346418.835581
2020-07-31,SH601166,兴业银行,15.66,98228702,19615250551,20774190751,32532382.716066
2020-07-31,SZ002112,三变科技,9.69,8149010,198802893,201600000,195350.4
2020-07-31,SZ002113,*ST天润,1.37,7415210,940821726,1510547023,206944.942151
2020-07-31,SZ002116,中国海诚,7.53,2998965,415392686,417628938,314474.590314
2020-07-31,SZ002115,三维通信,9.01,11845827,536254397,719190079,647990.261179
2020-07-31,SZ002114,罗平锌电,7.16,4518803,323390823,323395267,231551.011172
2020-07-31,SH601003,柳钢股份,4.99,10825795,2562793200,2562793200,1278833.8068
2020-07-31,SH601005,重庆钢铁,1.52,32778584,8380475067,8918602267,1355627.544584
2020-07-31,SH601318,中国平安,75.9,74852042,10832664498,18280241410,138747032.3019
2020-07-31,SZ002117,东港股份,12.14,13520179,545491147,545666421,662439.035094
2020-07-31,SZ002119,康强电子,13.15,13467764,367503500,375284000,493498.46
2020-07-31,SZ002118,*ST紫鑫,4.71,44152724,1280678780,1280759826,603237.878046
2020-07-31,SZ002120,韵达股份,23.97,16490705,2796498165,2899247348,6949495.893156
2020-07-31,SZ002121,科陆电子,3.59,4640450,1063201635,1408349147,505597.343773
2020-07-31,SZ002122,ST汇洲,1.84,6729100,1187999775,1188000000,218592
2020-07-31,SZ002123,梦网科技,19.76,13149058,664697326,815750735,1611923.45236
2020-07-31,SZ000650,仁和药业,6.77,41515951,1180393145,1238340076,838356.231452
2020-07-31,SZ002124,天邦食品,18.71,74702016,944380410,1159628098,2169664.171358
2020-07-31,SZ002125,湘潭电化,8.1,12590111,552959976,629481713,509880.18753
2020-07-31,SH601007,金陵饭店,8.52,2995700,300000000,300000000,255600
2020-07-31,SZ002127,南极电商,19.59,28691822,1953641999,2454870403,4809091.119477
2020-07-31,SZ002128,电投能源,11.71,50878360,1634378473,1921573493,2250162.560303
2020-07-31,SZ002126,银轮股份,14.82,25390092,757654633,792095104,1173884.944128
2020-07-31,SZ002130,沃尔核材,6.26,96713473,1058494230,1258983062,788123.396812
2020-07-31,SZ002129,TCL中环,24.33,88321679,2683260854,2785156473,6776285.698809
2020-07-31,SH601008,连云港,3.69,10658244,1015215101,1093826212,403621.872228
2020-07-31,SZ002132,恒星科技,2.7,16124609,1252165684,1256498403,339254.56881
2020-07-31,SZ002131,利欧股份,3.56,432375212,5787341295,6754804205,2404710.29698
2020-07-31,SZ002133,广宇集团,3.23,4914922,769870201,774144175,250048.568525
2020-07-31,SH601998,中信银行,5.16,24455906,31905189523,48934822039,25250368.172124
2020-07-31,SZ000880,潍柴重机,8.96,2052516,135135000,276100500,247386.048
2020-07-31,SZ000338,潍柴动力,16.19,55616260,4245001625,7933873895,12844941.836005
2020-07-31,SH601600,中国铝业,3.29,128601320,13078706983,17022672951,5600459.400879
2020-07-31,SH601328,交通银行,4.76,189338539,39250864015,74262726645,35349057.88302
2020-07-31,SZ002134,天津普林,10.27,7391317,245849768,245849768,252487.711736
2020-07-31,SZ002135,东南网架,8.4,40330900,958510982,1034402200,868897.848
2020-07-31,SZ002136,安 纳 达,9.84,23691627,214009360,215020000,211579.68
2020-07-31,SZ002137,实益达,8.4,25714999,364844109,577504854,485104.07736
2020-07-31,SZ002138,顺络电子,27.37,62240292,708382535,806318354,2206893.334898
2020-07-31,SH601919,中远海控,4.33,44188158,8657301792,12259529227,5308376.155291
2020-07-31,SZ002139,拓邦股份,5.95,18169846,832562887,1030812184,613333.24948
2020-07-31,SH600213,*ST亚星,7.62,3933702,220000000,220000000,167640
2020-07-31,SZ002140,东华科技,7.19,6016852,527463307,545366440,392118.47036
2020-07-31,SH601168,西部矿业,8.12,52860545,2383000000,2383000000,1934996
2020-07-31,SZ002142,宁波银行,28.97,30088346,5620922203,6008016286,17405223.180542
2020-07-31,SH601009,南京银行,7.76,34637986,8482207924,10007016973,7765445.171048
2020-07-31,SZ002141,贤丰控股,3.36,25516514,636608000,1134656519,381244.590384
2020-07-31,SZ002144,宏达高科,9.75,2164200,139703695,176762528,172343.4648
2020-07-31,SZ002145,钛能化学,5.83,43191453,1591133076,1591245576,927696.170808
2020-07-31,SZ002146,荣盛发展,8.22,23905906,3893567908,4348163851,3574190.685522
2020-07-31,SZ002147,新光退,1.66,5503308,536995003,1828076415,303460.68489
2020-07-31,SZ002150,正泰电源,7.01,3749126,355087703,356517053,249918.454153
2020-07-31,SZ002148,北纬科技,5.32,9033161,443611676,565773727,300991.622764
2020-07-31,SZ002149,西部材料,7.79,12399340,425339274,425414274,331397.719446
2020-07-31,SZ002151,北斗星通,46.49,99309305,366942994,489925027,2277661.450523
2020-07-31,SZ002153,石基信息,36.75,4889013,487019760,1069604219,3930795.504825
2020-07-31,SZ002152,广电运通,14.4,64189948,2393360487,2408993951,3468951.28944
2020-07-31,SZ002156,通富微电,26.87,55590533,1153504307,1153704572,3100004.184964
2020-07-31,SZ002155,湖南黄金,9.75,53377164,1201927655,1202039474,1171988.48715
2020-07-31,SZ002154,报 喜 鸟,3.24,18896913,1104668877,1217611874,394506.247176
2020-07-31,SZ002157,正邦科技,21.57,109557318,2228512453,2503669112,5400414.274584
2020-07-31,SZ002159,三特索道,11.79,1636499,137568931,138666666,163487.999214
2020-07-31,SZ002158,汉钟精机,14.79,21687152,529755969,535028782,791307.568578
2020-07-31,SZ002160,常铝股份,5.21,103575815,682423106,795581976,414498.209496
2020-07-31,SZ002161,远 望 谷,7.75,8525344,712634283,739757400,573311.985
2020-07-31,SZ002164,宁波东力,5.28,53321044,436125157,564715112,298169.579136
2020-07-31,SZ002163,海南发展,16.68,95484389,803450108,803550000,1340321.4
2020-07-31,SZ002162,悦心健康,3.47,20350636,852979872,853775000,296259.925
2020-07-31,SZ002167,东方锆业,6.4,29096162,567910000,620946000,397405.44
2020-07-31,SZ002166,莱茵生物,9.98,52029447,443584584,565214740,564084.31052
2020-07-31,SZ002165,红 宝 丽,5.69,45210230,594089719,602058110,342571.06459
2020-07-31,SZ002168,*ST惠程,8.57,18643118,794579643,801929568,687253.639776
2020-07-31,SZ002170,芭田股份,4.7,76175870,693220702,886862627,416825.43469
2020-07-31,SZ002169,智光电气,9.56,31767691,760171970,787791994,753129.146264
2020-07-31,SH601169,北京银行,4.83,54415257,18248010822,21142984272,10212061.403376
2020-07-31,SZ002172,澳洋健康,2.92,46099966,772482701,776481362,226732.557704
2020-07-31,SZ002171,楚江新材,9.12,23737982,1205512226,1333667825,1216305.0564
2020-07-31,SZ002174,游族网络,22.21,35264914,675221121,901364231,2001929.957051
2020-07-31,SZ002173,创新医疗,6.82,14924415,370907568,454856365,310212.04093
2020-07-31,SH601939,建设银行,6.12,85267692,9593657606,250010977486,153006718.221432
2020-07-31,SH601808,中海油服,13.84,13265137,2960468000,4771592000,6603883.328
2020-07-31,SH601088,中国神华,15.33,59282265,16491037955,19889620455,30490788.157515
2020-07-31,SZ002176,江特电机,1.8,15810405,1705435094,1706325581,307138.60458
2020-07-31,SZ002175,东方智造,1.42,11791156,753748767,753778212,107036.506104
2020-07-31,SH600629,华建集团,8.95,1597444,518649758,534153038,478066.96901
2020-07-31,SZ002179,中航光电,43.55,9163653,1064887737,1100883678,4794348.41769
2020-07-31,SZ002177,御银股份,5.02,32020096,761191294,761191294,382118.029588
2020-07-31,SZ002178,延华智能,4.53,10265775,711256616,712153001,322605.309453
2020-07-31,SH601857,中国石油,4.45,99610118,161922077818,183020977818,81444335.12901
2020-07-31,SZ002182,宝武镁业,12.21,31982015,528102872,646422538,789281.918898
2020-07-31,SZ002183,怡 亚 通,5.77,38116619,2119825482,2122697819,1224796.641563
2020-07-31,SZ002180,纳思达,38.12,28994164,1006827035,1063349999,4053490.196188
2020-07-31,SZ002184,海得控制,16.68,10297606,156989354,239393449,399308.272932
2020-07-31,SZ002181,粤 传 媒,5.14,8912267,1134432577,1161058174,596783.901436
2020-07-31,SZ002185,华天科技,16.53,206963995,2739127378,2740003774,4529226.238422
2020-07-31,SZ002186,全 聚 德,12.15,2675134,308053705,308463955,374783.705325
2020-07-31,SZ002188,中天服务,3.87,1210620,240883257,292538575,113212.428525
2020-07-31,SZ002187,广百股份,16.19,32760975,342422568,342422568,554382.137592
2020-07-31,SZ002190,成飞集成,23.63,3502908,345188382,358729343,847677.437509
2020-07-31,SZ002189,中光学,20,6754800,222082345,262568166,525136.332
2020-07-31,SH601390,中国中铁,5.57,56845233,18636911543,24570929283,13686007.610631
2020-07-31,SZ002191,劲嘉股份,11.48,45897228,1272282056,1464870450,1681671.2766
2020-07-31,SZ002192,融捷股份,16.88,3400701,259120228,259655203,438297.982664
2020-07-31,SZ002193,如意集团,7.26,6401920,260930713,261715550,190005.4893
2020-07-31,SZ002194,武汉凡谷,19.42,7819780,492420196,676339106,1313450.543852
2020-07-31,SZ002196,方正电机,5.52,10578797,410439028,468694930,258719.60136
2020-07-31,SZ002195,岩山科技,3.09,199536316,5643999427,5724847663,1768977.927867
2020-07-31,SH601866,中远海发,2.05,36460850,7932125000,11608125000,2379665.625
2020-07-31,SZ002198,嘉应制药,6.11,14645606,507509848,507509848,310088.517128
2020-07-31,SZ002197,证通电子,10.79,17938475,435069582,515156948,555854.346892
2020-07-31,SH601918,新集能源,2.65,13901222,2590541800,2590541800,686493.577
2020-07-31,SZ002199,*ST东晶,8.4,4765069,243442363,243442363,204491.58492
2020-07-31,SZ002200,*ST交投,5.92,1699200,174876089,184132890,109006.67088
2020-07-31,SH601999,出版传媒,7.1,6325558,550914700,550914700,391149.437
2020-07-31,SH601601,中国太保,29.51,29099752,6845041455,9620341455,28389627.633705
2020-07-31,SZ002202,金风科技,13,323212977,3387602900,4225067647,5492587.9411
2020-07-31,SZ002201,九鼎新材,14.67,5284760,331635324,332467470,487729.77849
2020-07-31,SH601099,太平洋,4.33,656252216,6816316370,6816316370,2951464.98821
2020-07-31,SZ002203,海亮股份,8.88,7135020,1838839500,1952108464,1733472.316032
2020-07-31,SZ002204,大连重工,4.63,73937233,1931370032,1931370032,894224.324816
2020-07-31,SZ002205,国统股份,9.82,4369552,185843228,185843228,182498.049896
2020-07-31,SZ002206,海 利 得,3.6,9788250,960442651,1223028645,440290.3122
2020-07-31,SZ002207,准油股份,7.19,3249800,237529175,239177378,171968.534782
2020-07-31,SZ002208,合肥城建,12.1,26498138,510848511,692304103,837687.96463
2020-07-31,SZ002209,达 意 隆,6.63,2567000,154524582,195244050,129446.80515
2020-07-31,SZ002210,飞马国际,2.25,15391045,1651117291,1652880386,371898.08685
2020-07-31,SZ002212,天融信,23.5,9720997,1131241529,1166245422,2740676.7417
2020-07-31,SH601898,中煤能源,4.13,15048253,9152000400,13258663400,5475827.9842
2020-07-31,SZ002211,ST宏达,6.63,23601812,310188279,432475779,286731.441477
2020-07-31,SZ002213,大为股份,16.9,1868601,205997750,206000000,348140
2020-07-31,SZ002214,*ST大立,28.59,16906064,357321401,458666666,1311327.998094
2020-07-31,SZ002215,诺 普 信,6.51,16075082,716213677,914076384,595063.725984
2020-07-31,SZ002217,合力泰,5.26,67794175,2761782884,3116416220,1639234.93172
2020-07-31,SZ002216,三全食品,27.71,7742892,565564489,799258226,2214744.544246
2020-07-31,SZ002218,拓日新能,4.21,49962422,1215719804,1236342104,520500.025784
2020-07-31,SZ002220,天宝退,0.24,6321944,661128653,766480153,18395.523672
2020-07-31,SZ002219,新里程,1.64,11825994,1844215372,1865236430,305898.77452
2020-07-31,SZ002221,东华能源,9.82,17634966,1531710794,1649022824,1619340.413168
2020-07-31,SH601186,中国铁建,8.79,44640860,11503245500,13579541500,11936416.9785
2020-07-31,SZ002222,福晶科技,15.08,20815838,422924999,427500000,644670
2020-07-31,SZ000592,平潭发展,3.6,123349104,1913824415,1931780892,695441.12112
2020-07-31,SH601958,金钼股份,6.65,25159741,3226604400,3226604400,2145691.926
2020-07-31,SZ002223,鱼跃医疗,36.78,29367942,866855646,1002476929,3687110.144862
2020-07-31,SZ002225,濮耐股份,4.63,5349667,835591003,1033758779,478630.314677
2020-07-31,SZ002224,三 力 士,6.85,21499588,542593943,729541898,499736.20013
2020-07-31,SH601899,紫金矿业,5.85,349910752,19640319946,25377259946,14845697.06841
2020-07-31,SZ002227,奥 特 迅,14.13,1955501,220321588,220597400,311704.1262
2020-07-31,SZ002226,江南化工,7.41,0,958293393,1248981690,925495.43229
2020-07-31,SZ002228,合兴包装,4.77,25277410,1165484764,1169548684,557874.722268
2020-07-31,SZ002229,鸿博股份,7.02,7739997,498232860,498344263,349837.672626
2020-07-31,SZ002232,启明信息,12.52,25730329,402698118,408548455,511502.66566
2020-07-31,SZ002230,科大讯飞,36.62,30698370,2021692573,2197872917,8048610.622054
2020-07-31,SZ002231,*ST奥维,7.51,11235008,356800000,356800000,267956.8
2020-07-31,SZ002235,安妮股份,9.94,60532180,533343191,580586284,577102.766296
2020-07-31,SZ002234,民和股份,23.35,8021546,206154034,302046632,705278.88572
2020-07-31,SZ002233,塔牌集团,15.67,94546755,1162049705,1192275016,1868294.950072
2020-07-31,SZ002236,大华股份,21.29,48710954,1856937062,3003276130,6393974.88077
2020-07-31,SZ002237,恒邦股份,19.31,90852099,910394600,910400000,1757982.4
2020-07-31,SZ002241,歌尔股份,42.7,126942030,2720897515,3245103948,13856593.85796
2020-07-31,SZ002239,奥特佳,5.41,171344440,3131359417,3131359417,1694065.444597
2020-07-31,SZ002240,盛新锂能,16,15749286,490598275,743934058,1190294.4928
2020-07-31,SZ002238,天威视讯,7.62,5427889,802559160,802559160,611550.07992
2020-07-31,SZ002243,力合科创,16.28,9119000,364948956,1210604219,1970863.668532
2020-07-31,SZ002242,九阳股份,39.08,6168314,764501020,767169000,2998096.452
2020-07-31,SZ002244,滨江集团,4.71,20829866,2692389340,3111443890,1465490.07219
2020-07-31,SZ002245,蔚蓝锂芯,4.86,28518539,914594711,981315010,476919.09486
2020-07-31,SZ002246,北化股份,8.31,12694700,449896561,549034794,456247.913814
2020-07-31,SZ002247,聚力文化,2.1,22754875,544521481,850870049,178682.71029
2020-07-31,SZ002248,华东数控,7.5,1632900,296622578,307495600,230621.7
2020-07-31,SZ002249,大洋电机,3.94,32244350,1637450320,2365530164,932018.884616
2020-07-31,SZ002250,联化科技,26.56,9108396,918213520,923878056,2453820.116736
2020-07-31,SZ002251,步步高,13.95,9148913,863903951,863903951,1205146.011645
2020-07-31,SZ002252,上海莱士,10.33,133639797,4972388449,6740787907,6963233.907931
2020-07-31,SZ002253,*ST智胜,14.82,4165184,207372219,225626095,334377.87279
2020-07-31,SZ002254,泰和新材,13.86,7602845,610827019,610833600,846615.3696
2020-07-31,SZ002256,兆新股份,1.22,20021966,1395257272,1882411872,229654.248384
2020-07-31,SZ002255,海陆重工,3.64,13293202,647006583,842271055,306586.66402
2020-07-31,SH600703,三安光电,26.94,111733572,4078424928,4479341308,12067345.483752
2020-07-31,SH600745,闻泰科技,152.05,27051823,637266387,1244937731,18929278.199855
2020-07-31,SZ002258,利尔化学,21.29,8739515,521916903,524378017,1116400.798193
2020-07-31,SZ002259,升达林业,2.97,18233596,752328267,752328267,223441.495299
2020-07-31,SZ002262,恩华药业,17.27,42881296,889855224,1019125911,1760030.448297
2020-07-31,SZ002261,拓维信息,9.16,21005367,944458190,1100766874,1008302.456584
2020-07-31,SZ002263,大东南,2.66,33261724,1878322900,1878360100,499643.7866
2020-07-31,SZ002264,新 华 都,5.37,10442000,679407963,684563880,367610.80356
2020-07-31,SZ002266,浙富控股,5.61,44686774,1637548918,5369795962,3012455.534682
2020-07-31,SZ002265,建设工业,8.35,4218465,305230873,318566172,266002.75362
2020-07-31,SZ002268,电科网安,21.89,11274658,837127724,838336028,1835117.565292
2020-07-31,SZ002267,陕天然气,6.67,4061411,1112075445,1112075445,741754.321815
2020-07-31,SH601766,中国中车,5.84,51937158,24327798048,28698864088,16760136.627392
2020-07-31,SZ002269,美邦服饰,2.23,18475836,2512500000,2512500000,560287.5
2020-07-31,SZ002270,华明装备,6.28,38749125,732141205,759239130,476802.17364
2020-07-31,SZ002271,东方雨虹,54.82,13283760,1101431982,1569784697,8605559.708954
2020-07-31,SZ002273,水晶光电,16.05,75831079,1116938124,1156001063,1855381.706115
2020-07-31,SZ002272,川润股份,4.8,9691505,327355288,429998000,206399.04
2020-07-31,SZ002274,华昌化工,5.07,16285795,937999130,952364646,482848.875522
2020-07-31,SH601727,上海电气,5.5,44774525,10890671063,15152471578,8333859.3679
2020-07-31,SH600248,陕建股份,4.35,4660412,656684064,917952672,399309.41232
2020-07-31,SH600734,实达集团,1.93,8508225,519192602,622372316,120117.856988
2020-07-31,SH600242,退市中昌,2.91,19583259,412640699,456665122,132889.550502
2020-07-31,SH600259,中稀有色,33.98,7168604,301802291,301802291,1025524.184818
2020-07-31,SH600187,国中水务,2.41,14411492,1653935128,1653935128,398598.365848
2020-07-31,SZ000506,招金黄金,2.85,40843023,928670961,929017761,264770.061885
2020-07-31,SZ000638,*ST万方,5.1,12698334,309400000,309400000,157794
2020-07-31,SZ000631,顺发恒能,2.99,4835264,2432519168,2432519168,727323.231232
2020-07-31,SZ002276,万马股份,7.9,14003774,1033864623,1035489098,818036.38742
2020-07-31,SZ002275,桂林三金,15.91,4831250,531703333,590200000,939008.2
2020-07-31,SZ002277,友阿股份,4.76,49168886,1394172800,1394172800,663626.2528
2020-07-31,SH601107,四川成渝,3.57,5522717,2162740000,3058060000,1091727.42
2020-07-31,SH601668,中国建筑,5.03,161131448,41253602844,41965071511,21108430.970033
2020-07-31,SZ002278,神开股份,6.6,18470772,343984823,363909648,240180.36768
2020-07-31,SZ002279,久其软件,7.22,23071440,637355128,711254900,513526.0378
2020-07-31,SH601788,光大证券,24.01,174899438,3906698839,4610787639,11070501.121239
2020-07-31,SZ002282,博深股份,8.9,3384600,312401789,437738511,389587.27479
2020-07-31,SZ002283,天润工业,7.51,74567456,955422529,1127553978,846793.037478
2020-07-31,SZ002280,ST联络,1.32,56183015,1751090710,2177149675,287383.7571
2020-07-31,SZ002281,光迅科技,32.3,9484439,657257285,676395918,2184758.81514
2020-07-31,SZ002286,保龄宝,18.9,55626620,369252388,369256000,697893.84
2020-07-31,SZ002287,奇正藏药,37.38,23271782,527898265,530220979,1981966.019502
2020-07-31,SZ002285,世联行,4.03,0,2009761878,2037756672,821215.938816
2020-07-31,SZ002284,亚太股份,5.33,5051790,686031092,737615450,393149.03485
2020-07-31,SZ002290,禾盛新材,5.28,870401,216474046,242712330,128152.11024
2020-07-31,SZ002288,*ST超华,6.13,109400431,800343557,931643744,571097.615072
2020-07-31,SZ002291,遥望科技,20.57,15567250,534660486,738487091,1519067.946187
2020-07-31,SZ002289,*ST宇顺,10.25,1176303,258961927,280253733,287260.076325
2020-07-31,SZ002292,奥飞娱乐,9.65,35268917,813465909,1357159525,1309658.941625
2020-07-31,SZ002294,信立泰,34.8,10004550,1045869300,1046016000,3640135.68
2020-07-31,SZ002293,罗莱生活,10.89,4048640,774576940,828127881,901831.262409
2020-07-31,SZ000517,荣安地产,2.6,8154134,2473244816,3183922485,827819.8461
2020-07-31,SZ000529,广弘控股,8.68,14511601,569884377,583790330,506730.00644
2020-07-31,SH601618,中国中冶,2.8,87816817,17852619170,20723619170,5802613.3676
2020-07-31,SZ002297,博云新材,7.23,13948576,469962374,471315045,340760.777535
2020-07-31,SZ002295,精艺股份,7.65,6167350,250180250,250616000,191721.24
2020-07-31,SZ002296,辉煌科技,8.12,14970976,333029161,379656420,308281.01304
2020-07-31,SZ002298,中电鑫龙,10.62,40757179,549717168,691505915,734379.28173
2020-07-31,SH601888,中国中免,243,23598343,1952475544,1952475544,47445155.7192
2020-07-31,SZ002300,太阳电缆,6.31,7650644,656616553,656667000,414356.877
2020-07-31,SZ002299,圣农发展,28.7,13380558,1110900000,1244299512,3571139.59944
2020-07-31,SZ002301,齐心集团,16.64,11500220,640478520,734020099,1221409.444736
2020-07-31,SH600225,退市卓朗,1.79,4141877,932881354,935492615,167453.178085
2020-07-31,SZ300002,神州泰岳,6.79,74171617,1593741186,1961091984,1331581.457136
2020-07-31,SZ300001,特锐德,21.05,11047825,939924912,997570075,2099885.007875
2020-07-31,SZ300027,华谊兄弟,4.77,52456860,2211464192,2787959919,1329856.881363
2020-07-31,SZ300026,红日药业,5.54,76205640,2671140283,3004154837,1664301.779698
2020-07-31,SZ300025,华星创业,4.91,9117155,399093794,428530562,210408.505942
2020-07-31,SZ300024,机器人,15.64,38223605,1513626845,1560239617,2440214.760988
2020-07-31,SZ300023,宝德退,11.94,6712279,144408844,316106775,377431.48935
2020-07-31,SZ300022,吉峰科技,4.42,12786004,342780262,380240380,168066.24796
2020-07-31,SZ300021,大禹节水,4.83,10540581,648427009,797360687,385125.211821
2020-07-31,SZ300020,ST银江,11.12,15247985,613994577,655789086,729237.463632
2020-07-31,SZ300019,硅宝科技,16.53,10211504,271949462,330901951,546980.925003
2020-07-31,SZ300018,中元股份,7.2,49385365,391540607,480831536,346198.70592
2020-07-31,SZ300017,网宿科技,8.96,73189463,2202462887,2453012204,2197898.934784
2020-07-31,SZ300016,北陆药业,13.73,68199445,405268717,494554476,679023.295548
2020-07-31,SZ300015,爱尔眼科,45.3,25357262,3416525781,4121714882,18671368.41546
2020-07-31,SZ300014,亿纬锂能,60.2,52247510,1776825272,1840425205,11079359.7341
2020-07-31,SZ300013,新宁物流,9.8,47244151,409032203,446687115,437753.3727
2020-07-31,SZ300012,华测检测,23.42,20683188,1504084026,1657530714,3881936.932188
2020-07-31,SZ300011,鼎汉技术,6.57,13814608,448155110,558650387,367033.304259
2020-07-31,SZ300010,豆神教育,22.63,20815366,727451502,868324647,1965018.676161
2020-07-31,SZ300009,安科生物,21.16,61383840,950653241,1365387965,2889160.93394
2020-07-31,SZ300008,天海防务,4.34,67572541,789902395,960016185,416647.02429
2020-07-31,SZ300007,汉威科技,16.35,13410550,237621087,293022806,479092.28781
2020-07-31,SZ300006,莱美药业,6.37,68474184,671349659,812241205,517397.647585
2020-07-31,SZ300005,探路者,4.56,14879579,706322276,883702186,402968.196816
2020-07-31,SZ300004,南风股份,6.25,5981226,406922105,479993598,299995.99875
2020-07-31,SZ300003,乐普医疗,42.88,23716002,1515249711,1781652921,7639727.725248
2020-07-31,SZ002302,西部建设,10.47,21842308,1239058850,1262354304,1321684.956288
2020-07-31,SZ002303,美盈森,5.24,46488185,919908898,1531323685,802413.61094
2020-07-31,SZ002305,*ST南置,2.61,18968717,1732759738,1734215770,452630.31597
2020-07-31,SZ002304,洋河股份,135.05,10206576,1248939574,1506988000,20351872.94
2020-07-31,SZ002307,北新路桥,6.6,25760091,891710820,1054658053,696074.31498
2020-07-31,SZ002306,*ST云网,3.48,3705320,793048462,840000000,292320
2020-07-31,SH600854,春兰股份,4.2,8277000,519458538,519458538,218172.58596
2020-07-31,SH600999,招商证券,21.53,67703180,7422005272,8402406452,18090381.091156
2020-07-31,SZ002310,东方新能,5.07,26229972,1647452803,2685462004,1361529.236028
2020-07-31,SZ002311,海大集团,63.85,6333295,1565215960,1580189187,10089507.958995
2020-07-31,SZ002308,*ST威创,8,21999898,902850299,906214651,724971.7208
2020-07-31,SZ002309,中利集团,5.76,7361744,696022164,871787068,502149.351168
2020-07-31,SZ002312,川发龙蟒,5.39,22957575,1324316861,1378091733,742791.444087
2020-07-31,SZ002313,日海智能,18.19,4178311,311457524,374400000,681033.6
2020-07-31,SZ002314,南山控股,4.22,14664207,1137489881,2707782513,1142684.220486
2020-07-31,SZ002315,焦点科技,15.85,13339694,166705799,305500000,484217.5
2020-07-31,SZ002316,亚联发展,6.79,8601741,293388718,393120000,266928.48
2020-07-31,SZ002319,乐通股份,7.03,62300,199949375,200000000,140600
2020-07-31,SZ002317,众生药业,16.4,24203861,712240405,814461076,1335716.16464
2020-07-31,SZ002318,久立特材,8.87,22685013,818027235,841540765,746446.658555
2020-07-31,SZ002321,华英农业,4.22,20719772,531045914,534291100,225470.8442
2020-07-31,SZ002320,海峡股份,11.12,15934001,1485949296,1485955458,1652382.469296
2020-07-31,SH601989,中国重工,4.79,164889582,18283907147,22802035324,10922174.920196
2020-07-31,SZ002324,普利特,16.42,25109547,491137277,845051931,1387575.270702
2020-07-31,SZ002323,雅博股份,2.71,7111723,317618625,745729656,202092.736776
2020-07-31,SZ002322,理工能科,14.89,7367746,350954475,396662205,590630.023245
2020-07-31,SZ002325,*ST洪涛,3.26,10222962,943140234,1249443298,407318.515148
2020-07-31,SZ002326,永太科技,12.07,17175961,670081098,876566295,1058015.518065
2020-07-31,SH601139,深圳燃气,7.79,9156178,2865707534,2876767544,2241001.916776
2020-07-31,SZ300029,*ST天龙,6.72,10327890,200000000,200000000,134400
2020-07-31,SZ300030,阳普医疗,15.08,41525439,254377725,308795815,465664.08902
2020-07-31,SZ300031,宝通科技,25.27,46646351,324074208,396767886,1002632.447922
2020-07-31,SZ300036,超图软件,24.84,13881807,373788088,449537367,1116650.819628
2020-07-31,SZ300035,中科电气,8.09,13492747,428702872,641952824,519339.834616
2020-07-31,SZ300034,钢研高纳,23.72,15561532,421843433,470057816,1114977.139552
2020-07-31,SZ300033,同花顺,143.09,14341023,268887618,537600000,7692518.4
2020-07-31,SZ300032,金龙机电,4.53,10910041,803169608,803169608,363835.832424
2020-07-31,SZ002328,新朋股份,5.69,11950947,550524957,761770000,433447.13
2020-07-31,SZ002327,富安娜,7.63,9320095,505416228,843023890,643227.22807
2020-07-31,SZ002331,皖通科技,11.09,4565182,383047186,412072469,456988.368121
2020-07-31,SZ002329,皇氏集团,5.93,15904910,500683480,837640035,496720.540755
2020-07-31,SZ002330,得利斯,8.04,14878721,501868900,502000000,403608
2020-07-31,SH601117,中国化学,5.76,34144695,4933000000,4933000000,2841408
2020-07-31,SZ300041,回天新材,14.7,13990869,343285159,425712412,625797.24564
2020-07-31,SZ300037,新宙邦,57.12,8773561,255639121,410792913,2346449.119056
2020-07-31,SZ300040,九洲集团,7.21,15513861,248477439,343095416,247371.794936
2020-07-31,SZ300039,上海凯宝,5.61,21089411,916255216,1046000000,586806
2020-07-31,SZ300038,数知退,8.46,18148852,1161008763,1171827123,991365.746058
2020-07-31,SZ300042,朗科科技,21.95,26180513,167805630,200400000,439878
2020-07-31,SZ002332,仙琚制药,15.11,17349495,904009941,916212166,1384396.582826
2020-07-31,SZ002333,罗普斯金,4.26,3554400,484969720,502603600,214109.1336
2020-07-31,SZ002334,英威腾,5.14,16284102,632923739,753465210,387281.11794
2020-07-31,SZ002335,科华数据,24.81,8538645,225247199,271510230,673616.88063
2020-07-31,SZ002336,人乐退,5.28,630820,373175000,440000000,232320
2020-07-31,SZ002338,奥普光电,28.75,8305986,239975950,240000000,690000
2020-07-31,SZ002337,赛象科技,3.88,23619673,587730751,588615750,228382.911
2020-07-31,SH601801,皖新传媒,5.84,9753690,1989204737,1989204737,1161695.566408
2020-07-31,SZ300049,福瑞医科,12.22,10258060,228039472,263053100,321450.8882
2020-07-31,SZ300050,世纪鼎利,5.33,8903848,380756235,571596718,304661.050694
2020-07-31,SZ300048,合康新能,4.62,26856260,1085308107,1107982357,511887.848934
2020-07-31,SZ300047,天源迪科,8.27,20508761,510331238,637744672,527414.843744
2020-07-31,SZ300043,星辉娱乐,3.94,23033294,914849276,1244198401,490214.169994
2020-07-31,SZ300044,ST赛为,7.54,38878979,560833651,784419228,591452.097912
2020-07-31,SZ300045,华力创通,15.29,47729263,428752469,615912087,941729.581023
2020-07-31,SZ300046,台基股份,19.53,8553980,213120000,213120000,416223.36
2020-07-31,SH601877,正泰电器,31.7,36243040,2149973551,2149973551,6815416.15667
2020-07-31,SZ002340,格林美,5.35,179895598,4129023222,4784427057,2559668.475495
2020-07-31,SZ002341,ST新纶,5.41,30684705,934125067,1152214592,623348.094272
2020-07-31,SZ002339,积成电子,6.47,8702206,423344661,511804800,331137.7056
2020-07-31,SZ002342,巨力索具,3.36,0,881135625,960000000,322560
2020-07-31,SZ002343,慈文传媒,8.32,19068522,472624248,474949686,395158.138752
2020-07-31,SZ002344,海宁皮城,4.5,11167000,1275433383,1282745046,577235.2707
2020-07-31,SZ002346,柘中股份,10.39,2052700,394632807,441575416,458796.857224
2020-07-31,SZ002345,潮宏基,3.84,19455000,890759515,905412707,347678.479488
2020-07-31,SH601179,中国西电,5.37,44621348,5125882352,5125882352,2752598.823024
2020-07-31,SZ002347,泰尔股份,4.69,17739242,316774985,447019662,209652.221478
2020-07-31,SZ002349,精华制药,6.08,26535100,821250432,835724374,508120.419392
2020-07-31,SZ002348,高乐股份,2.88,15691152,743090529,947200000,272793.6
2020-07-31,SZ002350,北京科锐,5.61,9054496,537211583,542369011,304269.015171
2020-07-31,SZ002351,漫步者,19.95,42735368,456916313,889107000,1773768.465
2020-07-31,SZ002352,顺丰控股,70.92,19886516,4381927760,4448373496,31547864.833632
2020-07-31,SZ002353,杰瑞股份,31.34,15517354,674318694,957853992,3001914.410928
2020-07-31,SZ002354,天娱数科,3.71,32352619,699541843,932142900,345825.0159
2020-07-31,SZ002355,兴民智通,5.59,4957086,570438967,620570400,346898.8536
2020-07-31,SZ002356,赫美集团,1.32,4567662,480239402,527806548,69670.464336
2020-07-31,SH601106,中国一重,3.25,32330788,6538000000,6857782927,2228779.451275
2020-07-31,SZ002357,富临运业,5.91,5655779,313234508,313489036,185272.020276
2020-07-31,SZ002358,森源电气,5.66,19130065,910424530,929756977,526242.448982
2020-07-31,SZ300053,航宇微,11.78,28077213,588731277,702158212,827142.373736
2020-07-31,SZ300051,琏升科技,7.31,10239602,224896706,365698690,267325.74239
2020-07-31,SZ300054,鼎龙股份,19.18,25301734,680129951,941852011,1806472.157098
2020-07-31,SZ300052,ST中青宝,13.24,20664675,260249568,263269300,348568.5532
2020-07-31,SH601678,滨化股份,5.02,31237806,1544400000,1544400000,775288.8
2020-07-31,SZ300056,中创环保,5.76,4923214,327166527,385490443,222042.495168
2020-07-31,SZ300058,蓝色光标,7.64,136340713,2320918130,2491037834,1903152.905176
2020-07-31,SZ300057,万顺新材,5.41,13299516,498271318,674486126,364896.994166
2020-07-31,SH601688,华泰证券,20.79,88212117,7357604320,9076650000,18870355.35
2020-07-31,SZ300055,万邦达,6.65,6670100,863099140,865184815,575347.901975
2020-07-31,SZ002362,汉王科技,18.03,3925000,178815976,216989292,391231.693476
2020-07-31,SZ002361,神剑股份,5.53,57568856,624655349,837574116,463178.486148
2020-07-31,SZ002360,同德化工,7.28,18632454,296579467,391512600,285021.1728
2020-07-31,SZ002365,永安药业,13.24,7739215,243389509,294682500,390159.63
2020-07-31,SZ002363,隆基机械,7.05,8889826,415758242,416100301,293350.712205
2020-07-31,SZ002364,中恒电气,15.9,35856083,523914362,563564960,896068.2864
2020-07-31,SH601607,上海医药,20.5,34686219,1922935018,2842089322,5826283.1101
2020-07-31,SZ002366,融发核电,5.52,32030309,499821631,867057350,478615.6572
2020-07-31,SZ002367,康力电梯,10.93,42903445,524281658,797652687,871834.386891
2020-07-31,SZ002368,太极股份,32.64,7671887,568706856,577928276,1886357.892864
2020-07-31,SZ002369,卓翼科技,8.77,12640298,575792973,576769204,505826.591908
2020-07-31,SZ002371,北方华创,208.49,13472735,457919624,495116773,10322689.600277
2020-07-31,SZ002370,亚太药业,5.79,82652441,463238948,536533762,310653.048198
2020-07-31,SZ002374,中锐股份,2.89,23967000,806217335,877427468,253576.538252
2020-07-31,SZ002372,伟星新材,13.65,7308493,1414687687,1573112988,2147299.22862
2020-07-31,SZ002373,千方科技,23.45,20063129,1045220142,1490620875,3495505.951875
2020-07-31,SH601188,龙江交通,2.75,3628742,1315878571,1315878571,361866.607025
2020-07-31,SZ300062,中能电气,5.65,5929200,189193550,308000000,174020
2020-07-31,SH601518,吉林高速,2.44,4654297,1213200000,1350395121,329496.409524
2020-07-31,SZ300061,旗天科技,5.31,7404009,462280394,675935969,358921.999539
2020-07-31,SZ300059,东方财富,26.67,390943539,6547336093,8060961563,21498584.488521
2020-07-31,SZ002377,国创高新,3.97,6164240,485966859,916325201,363781.104797
2020-07-31,SZ002376,新北洋,10.42,6734064,641441095,665715156,693675.192552
2020-07-31,SZ002375,亚厦股份,15.35,22401495,1330991211,1339996498,2056894.62443
2020-07-31,SZ300063,天龙集团,6.53,50687136,598383250,750701950,490208.37335
2020-07-31,SZ300064,金刚退,2.24,21783317,638758513,1205476595,270026.75728
2020-07-31,SZ300066,三川智慧,5.04,14531214,996050114,1040033262,524176.764048
2020-07-31,SZ300065,海兰信,15.61,8383611,330973750,398174035,621549.668635
2020-07-31,SH601158,重庆水务,5.3,3137232,4800000000,4800000000,2544000
2020-07-31,SZ002378,章源钨业,5.37,32370986,923241956,924167436,496277.913132
2020-07-31,SZ002380,科远智慧,15.72,3145009,143353629,239991649,377266.872228
2020-07-31,SH601101,昊华能源,4.17,5890214,1199998272,1199998272,500399.279424
2020-07-31,SZ002379,宏桥控股,2.84,13271300,926400000,926400000,263097.6
2020-07-31,SZ002381,双箭股份,9.92,5391221,315221644,411572264,408279.685888
2020-07-31,SZ002383,合众思壮,10.35,34676092,522566142,745158184,771238.72044
2020-07-31,SZ002382,蓝帆医疗,31.19,28461198,703443054,964031086,3006812.957234
2020-07-31,SZ002385,大北农,10.8,189047988,2783576209,4195329495,4530955.8546
2020-07-31,SZ002386,天原股份,6.75,69966739,780583873,780857017,527078.486475
2020-07-31,SZ002384,东山精密,29.35,102164719,1222666662,1606572477,4715290.219995
2020-07-31,SZ002387,维信诺,16.32,15735348,1067812149,1367663046,2232026.091072
2020-07-31,SZ002389,航天彩虹,23.46,54977263,596675822,946062685,2219463.05901
2020-07-31,SZ002388,新亚制程,7.28,5858301,450222380,503766600,366742.0848
2020-07-31,SZ002391,长青股份,8.49,11875373,457600153,660316481,560608.692369
2020-07-31,SZ002390,信邦制药,5.13,20022536,1556221685,1667228611,855288.277443
2020-07-31,SZ300070,碧水源,8.58,42599983,2431725916,3164596594,2715223.877652
2020-07-31,SZ300071,福石控股,2.22,12760466,638566889,671386420,149047.78524
2020-07-31,SZ300067,安诺其,4.08,65163830,648842715,930499272,379643.702976
2020-07-31,SZ300068,南都电源,13.97,14872449,824449214,859740893,1201058.027521
2020-07-31,SZ300069,金利华电,16.3,920000,92397572,117000000,190710
2020-07-31,SZ002393,力生制药,28.78,2353932,182454992,182454992,525105.466976
2020-07-31,SZ002394,联发股份,10.39,5534650,322063209,336648000,349777.272
2020-07-31,SZ002392,北京利尔,4.81,16570149,868872661,1190490839,572626.093559
2020-07-31,SZ300073,当升科技,34.83,11924068,430131531,436722773,1521105.418359
2020-07-31,SZ300072,海新能科,6.03,43811829,2130737792,2349720302,1416881.342106
2020-07-31,SZ300075,数字政通,15.16,20667331,325026097,426552605,646653.74918
2020-07-31,SZ300074,华平股份,4.53,5477900,493641011,536198900,242898.1017
2020-07-31,SH601369,陕鼓动力,6.86,7859460,1638770233,1677960233,1151080.719838
2020-07-31,SZ002395,双象股份,19.19,6936300,268209000,268209000,514693.071
2020-07-31,SZ002397,梦洁股份,5.83,15894069,483089965,758261443,442066.421269
2020-07-31,SZ300078,思创智联,12.99,12030419,783427656,869411466,1129365.494334
2020-07-31,SZ300079,数码视讯,5.06,25444643,1266636597,1429008862,723078.484172
2020-07-31,SZ300076,GQY视讯,5.05,6382349,381208962,424000000,214120
2020-07-31,SZ300077,国民技术,8.17,45367118,545056700,557615000,455571.455
2020-07-31,SZ002398,垒知集团,10.24,15039714,556405573,692480426,709099.956224
2020-07-31,SZ002401,中远海科,16.39,8058183,302107651,309400100,507106.7639
2020-07-31,SZ002400,省广集团,9.01,264735372,1674758193,1743337128,1570746.752328
2020-07-31,SZ002399,海普瑞,24.56,11331549,1247201704,1467296204,3603679.477024
2020-07-31,SZ002404,嘉欣丝绸,6.54,10906744,459065751,577673641,377798.561214
2020-07-31,SZ002402,和而泰,16.13,28042180,793934909,909868033,1467617.137229
2020-07-31,SZ002403,爱仕达,9.21,3280470,315618676,350320801,322645.457721
2020-07-31,SH600870,退市厦华,3.02,4927876,523199665,523199665,158006.29883
2020-07-31,SZ002406,远东传动,6.79,7093044,415724072,561022294,380934.137626
2020-07-31,SZ002405,四维图新,18.63,58195525,1919026178,1961563170,3654392.18571
2020-07-31,SZ002407,多氟多,11.42,14431000,579039486,695000481,793690.549302
2020-07-31,SZ002408,齐翔腾达,7.71,38874439,1734274897,1775209253,1368686.334063
2020-07-31,SZ300084,海默科技,4.37,5441268,329752181,384765738,168142.627506
2020-07-31,SZ300082,奥克股份,8.58,10681514,678079901,680310000,583705.98
2020-07-31,SZ300081,恒信东方,9.1,10277918,361843033,529157876,481533.66716
2020-07-31,SZ300083,创世纪,10.01,95252502,1307061176,1428580868,1430009.448868
2020-07-31,SZ002409,雅克科技,60.53,14046408,232847334,462853503,2801652.253659
2020-07-31,SZ002411,必康退,7.72,30553096,1426455765,1532283909,1182923.177748
2020-07-31,SZ002412,汉森制药,8.18,30479803,489557500,503200000,411617.6
2020-07-31,SZ002410,广联达,76.53,9153145,903798351,1184232558,9062931.766374
2020-07-31,SZ300085,银之杰,23.14,76004478,415061607,706640535,1635166.19799
2020-07-31,SZ300086,康芝药业,8.88,87797849,435612195,450000000,399600
2020-07-31,SZ300087,荃银高科,17.25,22035028,393969094,430330071,742319.372475
2020-07-31,SZ300088,长信科技,12.2,215561838,2409036692,2440146840,2976979.1448
2020-07-31,SZ002416,爱施德,10.01,66728489,1222705335,1239281806,1240521.087806
2020-07-31,SZ002413,雷科防务,9.42,81896269,1037395307,1101849267,1037942.009514
2020-07-31,SZ002415,海康威视,36.99,75305963,8095391930,9345010696,34567194.564504
2020-07-31,SZ002418,康盛股份,1.58,17391509,958874118,1136400000,179551.2
2020-07-31,SZ002419,天虹股份,10.89,6375274,1199865722,1200300000,1307126.7
2020-07-31,SZ002420,毅昌科技,3.78,5827206,391700567,401000000,151578
2020-07-31,SZ002417,深南退,7.7,28893957,229455967,270000000,207900
2020-07-31,SZ002421,达实智能,4.09,33102269,1769934067,1924629229,787173.354661
2020-07-31,SZ002424,ST百灵,9.35,26096576,727798413,1411200000,1319472
2020-07-31,SZ002423,中粮资本,9.85,6924030,502986577,2304105575,2269543.991375
2020-07-31,SZ002422,科伦药业,22.47,17877309,1078281057,1438690477,3232737.501819
2020-07-31,SZ002425,凯撒文化,15.22,171940507,812965264,813744432,1238519.025504
2020-07-31,SZ002426,胜利精密,2.04,66817943,2897702274,3441517719,702069.614676
2020-07-31,SZ002427,尤夫股份,5.97,4026120,437002889,437970123,261468.163431
2020-07-31,SZ002428,云南锗业,16.3,33633078,644313818,653120000,1064585.6
2020-07-31,SZ002429,兆驰股份,7.35,172483633,4496301410,4526940607,3327301.346145
2020-07-31,SZ002430,杭氧股份,18.39,14441253,950185972,964603777,1773906.345903
2020-07-31,SZ002431,棕榈股份,3.96,39601620,1355725682,1486985450,588846.2382
2020-07-31,SZ002432,九安医疗,12.5,31095613,432805921,432805921,541007.40125
2020-07-31,SZ002435,ST长康,4.26,13443079,1199594549,1235983020,526528.76652
2020-07-31,SZ002436,兴森科技,12.89,44421665,1262559237,1487907504,1917912.772656
2020-07-31,SZ002433,太安退,5.05,32439623,736923200,766773200,387220.466
2020-07-31,SZ002434,万里扬,9.21,12149766,1173787044,1340000000,1234140
2020-07-31,SZ002437,誉衡药业,4.15,89433572,2174837029,2198122950,912221.02425
2020-07-31,SZ002438,江苏神通,10.78,8165419,454401962,485756156,523645.136168
2020-07-31,SZ002396,星网锐捷,32.88,10330218,560740315,583280278,1917825.554064
2020-07-31,SZ002439,启明星辰,39.48,10956371,714007126,933583742,3685788.613416
2020-07-31,SZ300089,文化退,4.25,9042386,277875667,481056870,204449.16975
2020-07-31,SZ300080,易成新能,5.24,15400996,501771125,2024061798,1060608.382152
2020-07-31,SZ300091,*ST金灵,3.83,35972285,988301115,1230264538,471191.318054
2020-07-31,SZ300090,盛运退,0.12,26366055,1279607441,1319952922,15839.435064
2020-07-31,SH601000,唐山港,2.43,37351735,5925928614,5925928614,1440000.653202
2020-07-31,SZ002442,龙星科技,4.6,39666584,479552250,480000000,220800
2020-07-31,SZ002440,闰土股份,9.56,12587544,937307012,1150500000,1099878
2020-07-31,SZ002443,金洲管道,7,8995611,510768232,520535520,364374.864
2020-07-31,SZ002441,众业达,8.61,6868279,393763423,544602079,468902.390019
2020-07-31,SZ300092,科新机电,9.29,7302180,167215801,231599000,215155.471
2020-07-31,SZ300093,*ST金刚,12.15,2156532,197823000,216000000,262440
2020-07-31,SZ300094,国联水产,4.77,52513820,875078961,919558815,438629.554755
2020-07-31,SZ002446,盛路通信,7.22,15301223,667423083,899722717,649599.801674
2020-07-31,SZ002444,巨星科技,18.45,28515642,1011855624,1075247700,1983832.0065
2020-07-31,SZ002447,晨鑫退,2.28,58807430,1350148050,1427193000,325400.004
2020-07-31,SZ002445,中南文化,1.85,8339720,1366259373,1389390631,257037.266735
2020-07-31,SH601288,农业银行,3.23,219950570,294055293904,349983033873,113044519.940979
2020-07-31,SZ002414,高德红外,39.01,22329823,1247583435,1591852878,6209818.077078
2020-07-31,SZ002448,中原内配,5.71,13081176,476990033,603144105,344395.283955
2020-07-31,SZ002449,国星光电,14.85,60604467,607750975,618477169,918438.595965
2020-07-31,SZ002453,华软科技,5,8805400,571300000,571300000,285650
2020-07-31,SZ002454,松芝股份,5.5,24027312,624790916,628581600,345719.88
2020-07-31,SZ002452,长高电新,7.45,15682200,433078752,530735100,395397.6495
2020-07-31,SZ002451,摩恩电气,7.55,5294776,423233668,439200000,331596
2020-07-31,SZ300097,ST智云,13.45,8230725,201843291,288549669,388099.304805
2020-07-31,SZ300096,ST易联众,10.25,39370655,376522079,430000000,440750
2020-07-31,SZ300095,华伍股份,10.61,14759387,270359223,378710854,401812.216094
2020-07-31,SZ300098,高新兴,6.49,27224154,1319247135,1763862482,1144746.750818
2020-07-31,SZ002457,青龙管业,10.54,22785995,334323948,334992000,353081.568
2020-07-31,SZ002456,欧菲光,19.45,179719092,2667814208,2694739325,5241267.987125
2020-07-31,SZ002455,百川股份,5.18,9302492,393944665,516977142,267794.159556
2020-07-31,SH601717,中创智领,6.59,19783159,1489237170,1732471370,1141698.63283
2020-07-31,SZ300101,振芯科技,14.21,45541982,550699535,558345000,793408.245
2020-07-31,SZ300100,双林股份,5.68,5708700,381137698,456566616,259329.837888
2020-07-31,SZ300099,尤洛卡,6.41,20752876,451063758,667335255,427761.898455
2020-07-31,SZ002458,益生股份,15.63,21022435,619368789,981366719,1533876.181797
2020-07-31,SZ002460,赣锋锂业,55.96,20525248,801321432,1292824783,7234647.485668
2020-07-31,SZ002459,晶澳科技,23.33,16507240,386415023,1351201070,3152352.09631
2020-07-31,SZ300102,乾照光电,6.24,70415669,707500811,707515811,441489.866064
2020-07-31,SZ300103,达刚控股,10.48,12094919,245245300,317601000,332845.848
2020-07-31,SH601718,际华集团,3.67,40814079,4391629404,4391629404,1611727.991268
2020-07-31,SH601818,光大银行,3.78,153582136,39810597165,52489332665,19840967.74737
2020-07-31,SZ002463,沪电股份,24.06,30334531,1705741057,1724717363,4149669.975378
2020-07-31,SZ002462,嘉事堂,15.91,13234199,249724234,291707120,464106.02792
2020-07-31,SZ002461,珠江啤酒,12.36,17094280,2213326530,2213328480,2735674.00128
2020-07-31,SZ300107,建新股份,6.12,7440800,334610597,549605522,336358.579464
2020-07-31,SZ300105,龙源技术,4.35,5072357,513216000,513216000,223248.96
2020-07-31,SZ300106,西部牧业,7.93,13196073,211332310,211332310,167586.52183
2020-07-31,SZ300108,*ST吉药,3.22,32892780,443425345,666014674,214456.725028
2020-07-31,SZ300109,新开源,17.5,9054090,286190841,323068983,565370.72025
2020-07-31,SZ300110,华仁药业,4.54,45105505,1177469320,1182212982,536724.693828
2020-07-31,SZ300113,顺网科技,24.39,19859101,478438789,694287240,1693366.57836
2020-07-31,SZ300114,中航电测,13.67,12816380,590760499,590760499,807569.602133
2020-07-31,SZ300111,向日葵,3.05,34901420,1116386126,1119800000,341539
2020-07-31,SZ300112,万讯自控,8.38,3043900,211748063,285919767,239600.764746
2020-07-31,SZ002466,天齐锂业,25.3,42116093,1477099383,1477099383,3737061.43899
2020-07-31,SZ002465,海格通信,14.4,94644805,2253237840,2304448671,3318406.08624
2020-07-31,SZ002464,众应退,6.15,15814974,521728156,521794388,320903.54862
2020-07-31,SZ300115,长盈精密,23.67,34410012,905536202,909860262,2153639.240154
2020-07-31,SZ300116,*ST保力,1.59,47443580,3777690503,4281082697,680692.148823
2020-07-31,SZ300118,东方日升,18.68,50461726,696795595,901359941,1683740.369788
2020-07-31,SZ300117,*ST嘉寓,3.33,8802820,714285000,716760000,238681.08
2020-07-31,SZ002470,金正大,1.56,32305600,2836557330,3286027742,512620.327752
2020-07-31,SZ002467,二六三,7.69,42816276,1172167117,1361002573,1046610.978637
2020-07-31,SZ002469,三维化学,5.4,25530056,463423225,503262849,271761.93846
2020-07-31,SZ002468,申通快递,16.46,8147813,1461599203,1530802166,2519700.365236
2020-07-31,SZ002472,双环传动,5.33,5300681,556034689,686581804,365948.101532
2020-07-31,SZ002471,中超控股,2.23,16213565,1264713531,1268000000,282764
2020-07-31,SZ002473,圣莱退,6.77,8568279,160000000,160000000,108320
2020-07-31,SZ002475,立讯精密,58.59,131455104,6982048714,6983871085,40918500.687015
2020-07-31,SZ002474,榕基软件,7.24,6329598,469223270,622200000,450472.8
2020-07-31,SZ002476,宝莫股份,5.89,7832133,611948625,612000000,360468
2020-07-31,SZ300121,阳谷华泰,10.25,6302494,360275855,375131706,384509.99865
2020-07-31,SZ300120,经纬辉开,14.64,75010654,237261399,464756611,680403.678504
2020-07-31,SZ300119,瑞普生物,27.34,32789033,245028261,404493463,1105885.127842
2020-07-31,SH600372,中航机载,17.48,18105438,1759526144,1759526144,3075651.699712
2020-07-31,SZ002479,富春环保,6.57,17818214,882144220,888888000,583999.416
2020-07-31,SZ002478,常宝股份,5.22,9728256,596834755,959992879,501116.282838
2020-07-31,SZ002480,新筑股份,5.73,12136621,643228996,769168670,440733.64791
2020-07-31,SZ002481,双塔食品,15.79,24296554,1107127652,1243390000,1963312.81
2020-07-31,SZ300124,汇川技术,50.26,13376638,1381440471,1719723440,8643330.00944
2020-07-31,SH601018,宁波港,4.17,24488855,13172847809,13172847809,5493077.536353
2020-07-31,SZ300122,智飞生物,186,31614459,875769025,1600000000,29760000
2020-07-31,SZ300123,亚光科技,18.81,65853407,578209405,1007630823,1895353.578063
2020-07-31,SZ002483,润邦股份,5.08,8243266,671230146,942288735,478682.67738
2020-07-31,SZ002484,江海股份,10.01,15842647,765538729,817114541,817931.655541
2020-07-31,SZ002482,广田集团,3.78,14259130,1529295846,1537279657,581091.710346
2020-07-31,SZ000732,ST泰禾,5.94,210552739,2486111896,2488901440,1478407.45536
2020-07-31,SH601177,杭齿前进,9.74,7560801,400060000,400060000,389658.44
2020-07-31,SZ300125,*ST聆达,17.17,4223738,263776725,265499995,455863.491415
2020-07-31,SZ300128,锦富技术,3.33,18159410,1072117848,1094115412,364340.432196
2020-07-31,SZ300127,银河磁体,17.84,7447100,227114890,323146360,576493.10624
2020-07-31,SZ300126,锐奇股份,6.59,3557409,210662529,303957600,200308.0584
2020-07-31,SH601377,兴业证券,8.19,135116603,6696671674,6696671674,5484574.101006
2020-07-31,SZ002487,大金重工,7.71,24602022,542014773,555030000,427928.13
2020-07-31,SZ002485,ST雪发,5.41,8025981,543969400,544000000,294304
2020-07-31,SZ002486,嘉麟杰,4.02,18103502,831982825,832000000,334464
2020-07-31,SZ300131,英唐智控,6.22,36107928,787815026,1069526426,665245.436972
2020-07-31,SZ300130,新国都,14.14,10256761,345876805,488698770,691020.06078
2020-07-31,SZ300129,泰胜风能,5.05,23641641,556829736,719153256,363172.39428
2020-07-31,SZ002489,浙江永强,4.89,43623732,1877747611,2175736503,1063935.149967
2020-07-31,SZ002488,金固股份,5.75,10828075,824251825,1011717794,581737.73155
2020-07-31,SZ002491,通鼎互联,5.3,12978872,1169024725,1250463090,662745.4377
2020-07-31,SZ002490,山东墨龙,3.63,5192782,541615500,797848400,289618.9692
2020-07-31,SZ300133,华策影视,7.22,45920581,1385123079,1755673701,1267596.412122
2020-07-31,SZ300132,青松股份,24.24,9604340,460125387,516580886,1252192.067664
2020-07-31,SZ300135,宝利国际,2.45,13673180,921600000,921600000,225792
2020-07-31,SZ300134,大富科技,14.17,7885336,712418006,767498006,1087544.674502
2020-07-31,SH601098,中南传媒,10.67,5457751,1796000000,1796000000,1916332
2020-07-31,SZ002495,佳隆股份,2.73,12916190,713934903,935625600,255425.7888
2020-07-31,SZ002492,恒基达鑫,6.08,12746150,398131742,405000000,246240
2020-07-31,SZ002493,荣盛石化,16.7,53381578,5816234475,6291107750,10506149.9425
2020-07-31,SH600998,九州通,18.72,22153323,1690587054,1877664864,3514988.625408
2020-07-31,SZ002494,华斯股份,5.08,13603638,295020038,385560818,195864.895544
2020-07-31,SZ300137,先河环保,7.68,11610575,471030180,551032550,423192.9984
2020-07-31,SZ300138,晨光生物,17.09,18099397,405272977,511867534,874781.615606
2020-07-31,SZ300136,信维通信,55.31,63802130,811223756,968639966,5357547.651946
2020-07-31,SZ002496,*ST辉丰,3.06,8722474,969065169,1507589677,461322.441162
2020-07-31,SZ002497,雅化集团,9.46,16070682,845576732,957332888,905636.912048
2020-07-31,SZ002498,汉缆股份,5.14,53325094,3326796000,3326796000,1709973.144
2020-07-31,SZ002499,科林退,3.43,1116856,188984175,189000000,64827
2020-07-31,SZ300142,沃森生物,80.86,63502474,1454495651,1537436984,12431715.452624
2020-07-31,SZ300141,和顺电气,11.21,10847325,165590419,253884600,284604.6366
2020-07-31,SZ300140,节能环境,10.56,14032894,385636715,427244052,451169.718912
2020-07-31,SZ300139,晓程科技,8.54,14225253,219945625,274000000,233996
2020-07-31,SZ002500,山西证券,8.27,68078574,3589771547,3589771547,2968741.069369
2020-07-31,SZ002503,*ST搜特,2.9,117732461,2190084692,3092505396,896826.56484
2020-07-31,SZ002501,利源股份,1.45,18535605,1135079586,1214835580,176151.1591
2020-07-31,SZ002502,ST鼎龙,2.85,4958070,756523863,859828874,245051.22909
2020-07-31,SZ002504,*ST弘高,2.74,10739913,414548971,1025800523,281069.343302
2020-07-31,SZ002505,鹏都农牧,2.64,239290169,5485372200,6374261088,1682804.927232
2020-07-31,SZ002507,涪陵榨菜,39.4,6224677,777530872,789357241,3110067.52954
2020-07-31,SZ002508,老板电器,38.33,12870921,934900781,949024050,3637609.18365
2020-07-31,SH601777,千里科技,4.38,15795485,1285826279,1313757579,575425.819602
2020-07-31,SZ002511,中顺洁柔,24.41,21896139,1271887792,1308891273,3195003.597393
2020-07-31,SZ002510,天汽模,4.68,37227480,761181660,913081097,427321.953396
2020-07-31,SZ002513,蓝丰生化,3.92,1706127,314399332,340086278,133313.820976
2020-07-31,SZ002512,达华智能,5.28,12122800,854834684,1144709132,604406.421696
2020-07-31,SZ002514,宝馨科技,4.26,7250811,405543559,554034264,236018.596464
2020-07-31,SZ002515,金字火腿,7.99,103351917,848818557,978313280,781672.31072
2020-07-31,SH601880,辽港股份,2.01,31507449,7735820000,12894535999,2591801.735799
2020-07-31,SZ002517,恺英网络,5.66,91794525,1614270123,2152517634,1218324.980844
2020-07-31,SZ002516,旷达科技,3.65,25384078,938521289,1470838682,536856.11893
2020-07-31,SZ002518,科士达,15.59,11364581,557714231,582445394,908032.369246
2020-07-31,SZ002519,银河电子,4.55,20580036,1011010107,1126430898,512526.05859
2020-07-31,SZ300143,盈康生命,25.16,12514358,518947592,642167010,1615692.19716
2020-07-31,SZ300144,宋城演艺,18.67,22068957,2208709179,2614694040,4881633.77268
2020-07-31,SZ300145,南方泵业,3.41,28754300,1751984455,1923438236,655892.438476
2020-07-31,SZ002523,天桥起重,2.65,9906876,1332445270,1416640800,375409.812
2020-07-31,SZ002522,浙江众成,6.48,9755307,855186034,905779387,586945.042776
2020-07-31,SZ002520,日发精机,7.27,8247325,551709638,755380872,549161.893944
2020-07-31,SZ002521,齐峰新材,5.91,5694064,423939173,494685819,292359.319029
2020-07-31,SZ300147,ST香雪,10.7,28940756,651409714,661476335,707779.67845
2020-07-31,SZ300146,汤臣倍健,25.02,67502362,892686633,1581020554,3955713.426108
2020-07-31,SZ300148,天舟文化,5.59,76504158,791421635,844375046,472005.650714
2020-07-31,SH601933,永辉超市,8.99,95597399,9468251408,9516285608,8555140.761592
2020-07-31,SZ002524,光正眼科,11.56,26092938,484227195,517239591,597928.967196
2020-07-31,SZ002526,山东矿机,2.74,36754985,1690241943,1782793836,488485.511064
2020-07-31,SZ300150,世纪瑞尔,4.53,3769395,498629514,585106053,265053.042009
2020-07-31,SZ300151,昌红科技,22.14,18332435,287030305,502500000,1112535
2020-07-31,SZ300149,睿智医药,20.3,6425289,403547187,499776892,1014547.09076
2020-07-31,SZ002528,ST英飞拓,4.94,8534282,1045561403,1198675082,592145.490508
2020-07-31,SZ002529,*ST海源,6.54,3292538,260000000,260000000,170040
2020-07-31,SZ002527,新时达,5.55,6386478,452112818,620206807,344214.777885
2020-07-31,SH601890,亚星锚链,6.63,41008142,959400000,959400000,636082.2
2020-07-31,SZ300153,科泰电源,5.54,3139414,317347386,320000000,177280
2020-07-31,SZ300154,瑞凌股份,5.91,6688822,319288150,455608000,269264.328
2020-07-31,SZ300152,ST新动力,2.47,10151660,712506750,712800000,176061.6
2020-07-31,SZ002532,天山铝业,8.46,13086320,430799504,3888526637,3289693.534902
2020-07-31,SZ002531,天顺风能,7.58,90419870,1769006513,1779019047,1348496.437626
2020-07-31,SZ002530,金财互联,12.43,10357712,637978039,779198175,968543.331525
2020-07-31,SZ002533,金杯电工,5.92,16681454,527134755,734566277,434863.235984
2020-07-31,SH601126,四方股份,6.73,21917551,788187492,813172000,547264.756
2020-07-31,SZ300157,新锦动力,3.41,20454535,707069951,712113257,242830.620637
2020-07-31,SZ300158,振东制药,6.12,54283081,1011705806,1027494660,628826.73192
2020-07-31,SZ300159,*ST新研,5.1,23995171,1397213712,1490360202,760083.70302
2020-07-31,SH601118,海南橡胶,5.36,47699510,4279427797,4279427797,2293773.299192
2020-07-31,SZ300155,安居宝,8.31,60027936,277837687,543370602,451540.970262
2020-07-31,SZ300156,神雾退,0.13,13423685,721800000,1010024415,13130.317395
2020-07-31,SZ002534,西子洁能,9.05,6217102,732990023,739201050,668976.95025
2020-07-31,SZ002537,海联金汇,7.41,75540335,1237835239,1237835239,917235.912099
2020-07-31,SZ002536,飞龙股份,6.02,11911864,471171227,500711814,301428.512028
2020-07-31,SZ002535,林州重机,1.49,9862943,569303753,801683074,119450.778026
2020-07-31,SZ300162,雷曼光电,9.19,14225356,229196698,349510030,321199.71757
2020-07-31,SZ300163,先锋新材,4.79,9842897,365421842,474000000,227046
2020-07-31,SZ300161,华中数控,22.58,3797297,167929991,172765551,390104.614158
2020-07-31,SZ300160,秀强股份,7.26,16483906,582350566,618502423,449032.759098
2020-07-31,SZ300164,通源石油,4.16,6414445,363998000,513530289,213628.600224
2020-07-31,SZ002541,鸿路钢构,46.28,12705958,370474712,523718853,2423770.851684
2020-07-31,SZ002540,亚太科技,5.22,18679596,894995363,1270529500,663216.399
2020-07-31,SZ002539,云图控股,7.59,12555800,605487163,1010100000,766665.9
2020-07-31,SZ002538,司尔特,5.63,25450629,698545738,718143013,404314.516319
2020-07-31,SH601700,风范股份,5.59,12179800,1133232000,1133232000,633476.688
2020-07-31,SZ300166,东方国信,13.8,33224499,818033906,1056190495,1457542.8831
2020-07-31,SZ300165,ST天瑞,5.55,9572382,319409769,461760000,256276.8
2020-07-31,SZ300168,万达信息,26.82,18153187,1164674233,1173150835,3146390.53947
2020-07-31,SZ300169,天晟新材,9.41,14808532,262601015,325984340,306751.26394
2020-07-31,SZ300167,ST迪威迅,5.06,7136500,300240000,300240000,151921.44
2020-07-31,SH601137,博威合金,15.97,7202872,614506331,684520473,1093179.195381
2020-07-31,SZ002542,中化岩土,3.52,9063955,1342880292,1805556984,635556.058368
2020-07-31,SZ002544,普天科技,15.26,8947380,512662189,576815720,880220.78872
2020-07-31,SH601519,大智慧,10.69,102506355,1987700000,1987700000,2124851.3
2020-07-31,SZ002543,万和电气,8.38,4534447,630839397.5,743600000,623136.8
2020-07-31,SZ300171,东富龙,25.6,37016284,419294379,628337040,1608542.8224
2020-07-31,SZ300170,汉得信息,9.26,16003339,730413170,884016939,818599.685514
2020-07-31,SH601799,星宇股份,149,1404845,276155232,276155232,4114712.9568
2020-07-31,SZ300172,中电环保,5.23,5251805,376021987,520845400,272402.1442
2020-07-31,SH601616,广电电气,3.46,18488900,935575000,935575000,323708.95
2020-07-31,SZ300173,ST福能,8.03,12997700,453140687,669151928,537328.998184
2020-07-31,SZ300174,元力股份,20.2,4714334,242379640,309903168,626004.39936
2020-07-31,SZ002546,新联电子,4.15,10536513,779519696,834049096,346130.37484
2020-07-31,SZ002545,东方铁塔,8.87,17985798,1032056255,1244062083,1103483.067621
2020-07-31,SZ300179,四方达,6.22,6317953,339026288,494328999,307472.637378
2020-07-31,SZ300176,鸿特科技,5.81,4411492,375189764,387280800,225010.1448
2020-07-31,SZ300175,ST朗源,7.74,7098549,470800000,470800000,364399.2
2020-07-31,SZ300177,中海达,10.79,68946500,505795069,676231574,729653.868346
2020-07-31,SZ300178,腾邦退,3.93,31108072,584143908,616508293,242287.759149
2020-07-31,SZ002549,凯美特气,9.3,18456969,620234925,623700000,580041
2020-07-31,SZ002547,春兴精工,7.15,17710401,762950118,1128057168,806560.87512
2020-07-31,SZ002550,千红制药,4.84,18419552,910836214,1279975000,619507.9
2020-07-31,SZ002548,金新农,11.21,57691659,504806948,562483389,630543.879069
2020-07-31,SZ300184,力源信息,6.4,20296524,998433934,1178158222,754021.26208
2020-07-31,SZ300180,华峰超纤,7.8,39739698,1341297391,1703753565,1328927.7807
2020-07-31,SZ300183,东软载波,24.02,25356649,268010937,468601617,1125581.084034
2020-07-31,SH601216,君正集团,7.47,514446439,8438017390,8438017390,6303198.99033
2020-07-31,SZ300182,捷成股份,5.17,153464165,1821910074,2574960807,1331254.737219
2020-07-31,SZ300181,佐力药业,7.13,45199968,463805438,608624848,433949.516624
2020-07-31,SZ002553,南方精工,7.09,4745160,234294201,348000000,246732
2020-07-31,SZ002552,宝鼎科技,16.55,5358402,200148944,306232338,506814.51939
2020-07-31,SZ002551,尚荣医疗,9.38,50233429,563507569,820207115,769354.27387
2020-07-31,SZ002554,惠博普,2.56,9967779,768333348,1070810000,274127.36
2020-07-31,SH601992,金隅集团,3.23,38809485,8334158264,10677771134,3448920.076282
2020-07-31,SH601116,三江购物,14.48,3963604,410758800,547678400,793038.3232
2020-07-31,SZ002557,洽洽食品,57.9,11110996,507000000,507000000,2935530
2020-07-31,SZ002556,辉隆股份,7.77,11458462,715614135,856517975,665514.466575
2020-07-31,SZ002555,三七互娱,45.6,28469186,1479641857,2112251697,9631867.73832
2020-07-31,SZ002558,巨人网络,21.1,12460206,2024379932,2024379932,4271441.65652
2020-07-31,SZ002560,通达股份,10.11,33879564,285443842,443856103,448738.520133
2020-07-31,SZ002561,徐家汇,8.72,3387200,397149645,415763000,362545.336
2020-07-31,SZ002559,亚威股份,6.73,6285303,459457984,556723012,374674.587076
2020-07-31,SZ300185,通裕重工,2.82,339932921,2918224944,3267743928,921503.787696
2020-07-31,SZ300187,永清环保,5.3,6423654,634044582,644500165,341585.08745
2020-07-31,SH601011,宝泰隆,3.91,19821626,1604807397,1604807397,627479.692227
2020-07-31,SZ002564,天沃科技,3.93,13127500,868475704,869375282,341664.485826
2020-07-31,SZ002562,兄弟科技,7.34,60391361,539097572,902036070,662094.47538
2020-07-31,SZ002563,森马服饰,7.43,37056416,1842017692,2698536100,2005012.3223
2020-07-31,SZ300188,国投智能,20.5,8612164,599848481,805211317,1650683.19985
2020-07-31,SZ300190,维尔利,8.52,6236722,748190658,783784957,667784.783364
2020-07-31,SZ300189,神农种业,4.33,38322930,963049748,1024000000,443392
2020-07-31,SZ300191,潜能恒信,21.13,5384496,207020000,320000000,676160
2020-07-31,SH601199,江南水务,4.68,11847500,935210292,935210292,437678.416656
2020-07-31,SZ002566,益盛药业,7.87,10050775,231720584,330951600,260458.9092
2020-07-31,SZ002565,顺灏股份,5.37,29893281,1056097754,1060156922,569304.267114
2020-07-31,SZ300193,佳士科技,8.03,10883078,454473100,506901310,407041.75193
2020-07-31,SZ300194,福安药业,6.31,67279547,892703831,1189712382,750708.513042
2020-07-31,SZ300192,科德教育,23.26,6609838,172364189,297023415,690876.46329
2020-07-31,SZ002567,唐人神,12.02,58605514,774376284,836570799,1005558.100398
2020-07-31,SZ002568,百润股份,54.4,8606747,348700333,519802650,2827726.416
2020-07-31,SZ300196,长海股份,14.44,8429189,245831375,408700379,590163.347276
2020-07-31,SZ300195,长荣股份,6.96,7466742,302668255,433483630,301704.60648
2020-07-31,SZ300197,节能铁汉,2.78,18743366,1773254588,2346331536,652280.167008
2020-07-31,SZ300198,ST纳川,5.42,36199752,851854381,1031548540,559099.30868
2020-07-31,SZ300199,翰宇药业,9.08,90845268,587511649,916927040,832569.75232
2020-07-31,SZ300201,海伦哲,3.89,13828545,920814414,1040921518,404918.470502
2020-07-31,SZ300200,高盟新材,10.51,10968259,410914433,426229073,447966.755723
2020-07-31,SZ002075,沙钢股份,10.81,35315645,2206770722,2206771772,2385520.285532
2020-07-31,SZ002572,索菲亚,22.96,10904684,637328838,912370038,2094801.607248
2020-07-31,SZ002569,*ST步森,14,1396700,139625250,140010000,196014
2020-07-31,SZ002571,德力股份,5.3,14720810,284237438,391950700,207733.871
2020-07-31,SZ002570,贝因美,7.92,26541519,1022465250,1022520000,809835.84
2020-07-31,SZ300202,聚龙退,14.63,48630461,424647206,549504000,803924.352
2020-07-31,SZ300204,舒泰神,13.14,14186398,467162982,476034544,625509.390816
2020-07-31,SZ300203,聚光科技,16.34,5903120,451954900,452517400,739413.4316
2020-07-31,SZ300206,理邦仪器,23.49,17668628,340438065,581721846,1366464.616254
2020-07-31,SZ300205,*ST天喻,11.37,8305090,425988788,430056000,488973.672
2020-07-31,SZ300207,欣旺达,23.86,59105427,1385857017,1569135331,3743956.899766
2020-07-31,SZ002573,清新环境,5.91,8029556,1078561205,1081272100,639031.8111
2020-07-31,SZ002574,明牌珠宝,5.14,8373573,528000000,528000000,271392
2020-07-31,SZ002575,群兴玩具,4.6,4961600,588104625,618720000,284611.2
2020-07-31,SZ300208,中程退,7.67,26156935,639792576,749475000,574847.325
2020-07-31,SZ300210,森远股份,3.76,6165207,400300363,484219953,182066.702328
2020-07-31,SZ300209,行云科技,16.4,7836881,310906817,426169680,698918.2752
2020-07-31,SZ002578,闽发铝业,4.19,43513467,576502634,988093296,414011.091024
2020-07-31,SH601258,*ST庞大,1.16,72648100,10227225070,10227225070,1186358.10812
2020-07-31,SZ002576,通达动力,11.86,5859910,164415254,165100000,195808.6
2020-07-31,SZ002577,雷柏科技,16.3,7168052,282865000,282880000,461094.4
2020-07-31,SZ300212,易华录,50.1,7090140,513687991,541707345,2713953.79845
2020-07-31,SZ300213,佳讯飞鸿,8.48,26878866,545219692,595506888,504989.841024
2020-07-31,SZ300211,*ST亿通,6.95,3398688,296950252,302675973,210359.801235
2020-07-31,SZ002580,圣阳股份,6.08,15492440,312025861,349129995,212271.03696
2020-07-31,SH601218,吉鑫科技,3.48,40812465,977360000,991760000,345132.48
2020-07-31,SZ002579,中京电子,14.38,5135259,353302536,396589874,570296.238812
2020-07-31,SH601113,华鼎股份,3.18,12105500,907682240,1141481073,362990.981214
2020-07-31,SZ300215,电科院,7.29,8684450,549591162,758322487,552817.093023
2020-07-31,SZ300214,日科化学,9.3,9942033,361940722,425812614,396005.73102
2020-07-31,SZ300219,鸿利智汇,10.72,5933750,627695169,707943506,758915.438432
2020-07-31,SZ300218,安利股份,8.42,1411400,216276394,216987000,182703.054
2020-07-31,SZ300217,东方电热,2.62,21202849,879158247,1273493706,333655.350972
2020-07-31,SH601233,桐昆股份,14.44,18776895,1847989619,1847989619,2668497.009836
2020-07-31,SH601208,东材科技,8.79,10081101,613431000,626601000,550782.279
2020-07-31,SZ002582,好想你,12.82,16169660,412257572,515684160,661107.09312
2020-07-31,SZ002581,ST未名,23.78,46564645,400791161,659735586,1568851.223508
2020-07-31,SZ300222,科大智能,9.6,33912019,543471845,723762090,694811.6064
2020-07-31,SZ300220,金运激光,31.54,1744791,150391231,151200000,476884.8
2020-07-31,SZ300221,银禧科技,5.38,37827666,422478548,452316363,243346.203294
2020-07-31,SH601599,浙文影业,3.47,13823700,892724964,892724964,309775.562508
2020-07-31,SZ002583,海能达,9.33,47629182,1047440070,1839573991,1716322.533603
2020-07-31,SH601566,九牧王,9.48,3779600,574637150,574637150,544756.0182
2020-07-31,SZ300225,*ST金泰,10.19,41815737,468606681,470340000,479276.46
2020-07-31,SZ300223,北京君正,91.4,4566556,126752495,450795575,4120271.5555
2020-07-31,SZ300224,正海磁材,11.01,14312815,811862686,820216556,903058.428156
2020-07-31,SZ002585,双星新材,8.19,45183576,879795329,1156278085,946991.751615
2020-07-31,SZ002584,西陇科学,8.57,31955332,387640092,585216422,501530.473654
2020-07-31,SZ002586,ST围海,1.91,3316000,887342712,1144223714,218546.729374
2020-07-31,SH601311,骆驼股份,7.5,15826600,1121696053,1121696053,841272.03975
2020-07-31,SH601010,文峰股份,3.22,9680022,1848000000,1848000000,595056
2020-07-31,SZ300226,上海钢联,76.8,3041347,183450479,190930620,1466347.1616
2020-07-31,SZ300227,光韵达,13.06,42318295,365630815,449990413,587687.479378
2020-07-31,SZ300228,富瑞特装,4.87,15000040,420105192,472741642,230225.179654
2020-07-31,SZ002590,万安科技,7.16,3150300,434475848,479646926,343427.199016
2020-07-31,SZ002587,奥拓电子,5.98,8258050,428479851,620037084,370782.176232
2020-07-31,SZ002589,瑞康医药,6.62,87810577,1139847174,1504710471,996118.331802
2020-07-31,SZ002588,史丹利,5.32,35266477,739898571,1156884000,615462.288
2020-07-31,SZ300231,银信科技,9.15,13048209,358682201,442100220,404521.7013
2020-07-31,SZ300230,永利股份,4.67,12035916,542745540,816206041,381168.221147
2020-07-31,SH601567,三星医疗,7.25,19952381,1386569053,1386569053,1005262.563425
2020-07-31,SZ300229,拓尔思,11.55,9810351,705482765,717016830,828154.43865
2020-07-31,SZ002591,恒大高新,7.68,5414100,216549093,306671584,235523.776512
2020-07-31,SZ300233,金城医药,37.12,11626080,365633314,391549838,1453432.998656
2020-07-31,SZ300232,洲明科技,8.98,74254220,687440411,982627019,882399.063062
2020-07-31,SH601798,蓝科高新,7.48,5489512,354528198,354528198,265187.092104
2020-07-31,SZ300234,开尔新材,7.79,42770275,316414358,511424086,398399.362994
2020-07-31,SZ002593,日上集团,3.76,7165203,467731880,701110000,263617.36
2020-07-31,SZ002595,豪迈科技,21.84,5094706,527047534,800000000,1747200
2020-07-31,SZ300235,方直科技,17.06,3607090,105560542,167831090,286319.83954
2020-07-31,SZ300237,ST美晨,2.37,28100066,1439147238,1453072510,344378.18487
2020-07-31,SZ300236,上海新阳,62.41,11963815,285582097,290648916,1813939.884756
2020-07-31,SZ002594,比亚迪,85.39,25812289,1141626029,2728142855,23295611.838845
2020-07-31,SH601058,赛轮轮胎,3.96,31056169,2077621941,2700260678,1069303.228488
2020-07-31,SZ300239,东宝生物,5.54,34514300,504993840,521810108,289082.799832
2020-07-31,SZ300240,飞力达,5.68,4853950,361600204,365559750,207637.938
2020-07-31,SZ300238,冠昊生物,34.9,21650708,257451751,265155701,925393.39649
2020-07-31,SZ002596,海南瑞泽,6.73,25532771,1016254706,1149019518,773290.135614
2020-07-31,SZ002598,山东章鼓,6.84,5526679,270107663,312000000,213408
2020-07-31,SZ002597,金禾实业,29.96,8502181,557041450,558775715,1674092.04214
2020-07-31,SZ000620,盈新发展,4.2,24906705,1896603945,1896690420,796609.9764
2020-07-31,SZ300241,瑞丰光电,9.85,49686661,425974511,535794963,527758.038555
2020-07-31,SZ300242,佳云科技,6.82,63547675,594451698,634555224,432766.662768
2020-07-31,SZ300243,瑞丰高材,12.55,4289249,187755451,232322851,291565.178005
2020-07-31,SZ002601,龙佰集团,23.58,26669233,1440172189,2032020889,4791505.256262
2020-07-31,SZ002600,领益智造,11.86,253362279,1871554994,7143099356,8471715.836216
2020-07-31,SZ002599,盛通股份,4.37,12567541,365272307,547919805,239440.954785
2020-07-31,SZ300246,宝莱特,39.51,7251986,107753865,146088000,577193.688
2020-07-31,SZ300245,天玑科技,10.15,3829160,307960307,313457493,318159.355395
2020-07-31,SZ300244,迪安诊断,37.5,12765250,454199348,620458296,2326718.61
2020-07-31,SH600898,*ST美讯,7.46,3282494,252523820,252523820,188382.76972
2020-07-31,SZ002603,以岭药业,31.84,44654299,986986957,1203717463,3832636.402192
2020-07-31,SZ002602,世纪华通,12.1,80363643,4175701697,7452556968,9017593.93128
2020-07-31,SZ300247,融捷健康,2.79,21919710,658613576,804040313,224327.247327
2020-07-31,SZ300248,新开普,13.03,25669378,318381777,481092495,626863.520985
2020-07-31,SZ300251,光线传媒,13.3,30977726,2783837654,2933608432,3901699.21456
2020-07-31,SZ300250,初灵信息,13.7,4089900,151919872,219989902,301386.16574
2020-07-31,SZ300249,依米康,6.33,10626975,305462750,437470194,276918.632802
2020-07-31,SZ002606,大连电瓷,8.57,17005200,406821000,407496000,349224.072
2020-07-31,SZ002605,姚记科技,36.79,9825921,270997982,399970187,1471490.317973
2020-07-31,SH601222,林洋能源,8.6,129629670,1748880371,1748880371,1504037.11906
2020-07-31,SZ002608,江苏国信,6.87,3209824,3778079704,3778079704,2595540.756648
2020-07-31,SH601901,方正证券,8.58,65334737,8232101395,8232101395,7063142.99691
2020-07-31,SZ002607,中公教育,31.96,8254503,820335960,6167399389,19711008.447244
2020-07-31,SH601636,旗滨集团,9.1,138114476,2683208640,2686409840,2444632.9544
2020-07-31,SZ002610,ST爱康,2.67,793739965,4382147750,4487969248,1198287.789216
2020-07-31,SZ002609,捷顺科技,13.57,7219362,432682266,645001741,875267.362537
2020-07-31,SH601789,宁波建工,5.08,30808895,976080000,976080000,495848.64
2020-07-31,SZ300253,卫宁健康,23.08,50417302,1726596066,2133821736,4924860.566688
2020-07-31,SH601886,江河集团,6.22,5628015,1154050000,1154050000,717819.1
2020-07-31,SZ300252,金信诺,10.79,11199045,391509800,577803834,623450.336886
2020-07-31,SH600727,鲁北化工,7.27,6966324,350926607,439891705,319801.269535
2020-07-31,SZ300257,开山股份,17.13,8637370,817723133,858000000,1469754
2020-07-31,SZ300256,星星科技,6.77,32015161,818724023,957936396,648522.940092
2020-07-31,SZ300254,仟源医药,7.55,5888033,161243398,208308000,157272.54
2020-07-31,SZ300255,常山药业,6.47,18824365,681695050,934966878,604923.570066
2020-07-31,SZ300258,精锻科技,13.1,5069491,376679533,405000000,530550
2020-07-31,SZ000981,山子高科,1.6,53808630,2574315600,4027989882,644478.38112
2020-07-31,SH600057,厦门象屿,6.68,78009520,2157454085,2157454085,1441179.32878
2020-07-31,SZ002612,朗姿股份,10.04,4710075,234217450,442445375,444215.1565
2020-07-31,SZ002613,北玻股份,4.93,29758940,551470959,937170000,462024.81
2020-07-31,SZ002611,东方精工,4.94,14357080,1302841393,1545126957,763292.716758
2020-07-31,SZ300259,新天科技,4.99,15313758,696593002,1175657958,586653.321042
2020-07-31,SZ300261,雅本化学,7.16,61376265,928638416,963309471,689729.581236
2020-07-31,SZ300260,新莱应材,21.06,11555312,144356771,219116725,461459.82285
2020-07-31,SH601908,京运通,4.61,28525074,1993017701,1993017701,918781.160161
2020-07-31,SH600681,百川能源,5.41,4582944,1402390712,1442740310,780522.50771
2020-07-31,SZ002615,哈尔斯,5.29,5683908,225271722,410422169,217113.327401
2020-07-31,SZ002614,奥佳华,12.47,14417492,335950682,561252500,699881.8675
2020-07-31,SZ300265,通光线缆,11.03,6328261,353178270,353914020,390367.16406
2020-07-31,SZ300262,*ST巴安,4.5,5351692,458568199,669766999,301395.14955
2020-07-31,SZ300263,隆华科技,8.18,19676043,730757976,914393304,747973.722672
2020-07-31,SZ300264,佳创视讯,4.83,8114862,322432245,413100000,199527.3
2020-07-31,SH601677,明泰铝业,10.67,16760830,594690722,616301222,657593.403874
2020-07-31,SZ002618,丹邦退,9.57,11165344,547920000,547920000,524359.44
2020-07-31,SZ002616,长青集团,10.78,10452010,459407044,741883144,799750.029232
2020-07-31,SZ002617,露笑科技,5.53,42706483,1156916124,1510668434,835399.644002
2020-07-31,SZ300267,尔康制药,4.93,40710200,1412784519,2062604870,1016864.20091
2020-07-31,SZ300266,兴源环境,3.51,17135511,1548898416,1564431057,549115.301007
2020-07-31,SZ300268,*ST佳沃,11.31,5259171,133817550,134000000,151554
2020-07-31,SH601633,长城汽车,13.35,32281642,6027729000,9176572500,12250724.2875
2020-07-31,SZ002619,*ST艾格,2.43,27224721,1420812318,1844896231,448309.784133
2020-07-31,SZ002621,*ST美吉,7,2543463,764087562,826662867,578664.0069
2020-07-31,SH600633,浙数文化,10.58,16907299,1301923953,1301923953,1377435.542274
2020-07-31,SZ002620,ST瑞和,5.99,3929785,310739835,378630000,226799.37
2020-07-31,SH601996,丰林集团,2.88,16305602,1080340900,1145622800,329939.3664
2020-07-31,SH600094,大名城,5.91,25349518,2276604962,2475325057,1462917.108687
2020-07-31,SZ300270,中威电子,6.85,3289059,188635722,302806028,207422.12918
2020-07-31,SZ300269,联建光电,3.45,8105561,421347150,569850006,196598.25207
2020-07-31,SZ002623,亚玛顿,36.48,7184729,159573625,160000000,583680
2020-07-31,SH601669,中国电建,4.21,74410184,11144401540,15299035024,6440893.745104
2020-07-31,SZ002622,皓宸医疗,3.13,34824506,839976750,840000000,262920
2020-07-31,SH600313,农发种业,4.04,53628175,1019397107,1082198663,437208.259852
2020-07-31,SZ300271,华宇软件,26.55,6494087,672566894,814304945,2161979.628975
2020-07-31,SZ300273,和佳退,6.92,43469045,602268236,794514776,549804.224992
2020-07-31,SH601100,恒立液压,60.9,4698706,1305360000,1305360000,7949642.4
2020-07-31,SZ002624,完美世界,38.38,21113837,1789816072,1939632360,7444308.99768
2020-07-31,SZ002626,金达威,58.62,57714424,616391927,616481927,3613817.056074
2020-07-31,SZ300275,梅安森,13.45,12061294,125958378,169229800,227614.081
2020-07-31,SZ300274,阳光电源,21,26910661,1084190901,1456812850,3059306.985
2020-07-31,SZ300272,开能健康,5,10148425,376528505,582794909,291397.4545
2020-07-31,SZ002628,成都路桥,4.14,9819502,732627906,762216215,315557.51301
2020-07-31,SZ002627,三峡旅游,7.38,8711192,471159906,567806244,419041.008072
2020-07-31,SZ002629,仁智股份,2.88,2440250,344415433,411948000,118641.024
2020-07-31,SZ002625,光启技术,19.73,18507146,1165100104,2154587862,4251001.851726
2020-07-31,SH601028,玉龙股份,11.52,6141420,783025760,783025760,902045.67552
2020-07-31,SZ002631,德尔未来,7.67,3617538,654138978,668355757,512628.865619
2020-07-31,SZ002630,ST华西,2.16,19298654,971562912,1180800000,255052.8
2020-07-31,SZ002592,ST八菱,5.09,4639770,245774005,283331157,144215.558913
2020-07-31,SZ300276,三丰智能,4.86,11012725,649035352,1431304482,695613.978252
2020-07-31,SZ002632,道明光学,9.79,29718856,577274292,624599090,611482.50911
2020-07-31,SZ002633,申科股份,8.6,1327412,149418750,150000000,129000
2020-07-31,SZ300277,海联讯,12.4,4680980,334390625,335000000,415400
2020-07-31,SZ002636,金安国纪,9.15,5607353,723107222,728000000,666120
2020-07-31,SZ002637,赞宇科技,12.69,13954344,372847415,422680000,536380.92
2020-07-31,SZ002638,勤上股份,1.49,16838959,979369882,1518685574,226284.150526
2020-07-31,SZ002635,安洁科技,25.57,34140743,362558464,634202080,1621654.71856
2020-07-31,SH601928,凤凰传媒,7.06,11916488,2544900000,2544900000,1796699.4
2020-07-31,SZ000719,中原传媒,7.74,5848491,667147543,1023203749,791959.701726
2020-07-31,SZ002639,雪人集团,8.2,73727652,532063117,674072767,552739.66894
2020-07-31,SZ002634,棒杰股份,9.04,15261095,316009042,459352513,415254.671752
2020-07-31,SZ002640,跨境通,8.05,50306176,1233567635,1558041330,1254223.27065
2020-07-31,SZ002641,公元股份,8.68,10690456,910286978,1123200000,974937.6
2020-07-31,SH601555,东吴证券,11.42,175083692,3880518908,3880518908,4431552.592936
2020-07-31,SZ300278,华昌达,3.95,22226609,298762004,597183412,235887.44774
2020-07-31,SH601336,新华保险,52.86,15369639,2085439340,3119546600,16489923.3276
2020-07-31,SZ002642,荣联科技,6.77,16105052,555734352,670080313,453644.371901
2020-07-31,SZ002645,华宏科技,9.69,17045342,395571367,567721698,550122.325362
2020-07-31,SZ002643,万润股份,17.72,12581111,894386703,909133215,1610984.05698
2020-07-31,SZ002644,佛慈制药,8.91,9724798,510657000,510657000,454995.387
2020-07-31,SZ002646,天佑德酒,10.69,3319562,449817000,450000000,481050
2020-07-31,SZ002648,卫星化学,18.3,19319016,1038063726,1065705806,1950241.62498
2020-07-31,SZ002647,*ST仁东,41.4,6483185,559936650,559936650,2318137.731
2020-07-31,SZ300281,金明精机,7.39,8214350,320901916,418923580,309584.52562
2020-07-31,SZ300280,紫天退,51.6,4977511,154303169,162065744,836259.23904
2020-07-31,SZ300279,和晶科技,5.49,7876131,437020365,448941998,246469.156902
2020-07-31,SZ300282,三盛退,5.96,6169029,373680911,376239855,224238.95358
2020-07-31,SZ002650,ST加加,7.51,38470106,879362347,1152000000,865152
2020-07-31,SZ002649,博彦科技,9.3,11337727,459164536,528986555,491957.49615
2020-07-31,SZ002651,利君股份,6.01,7773602,527138641,1017500000,611517.5
2020-07-31,SZ300283,温州宏丰,4.42,4432653,236729363,414361350,183147.7167
2020-07-31,SZ300284,苏交科,7.87,9383298,691803722,971405980,764496.50626
2020-07-31,SZ300286,安科瑞,13.35,2630758,172219834,214939625,286944.399375
2020-07-31,SZ300285,国瓷材料,35.88,13307140,754145067,963341059,3456467.719692
2020-07-31,SZ002653,海思科,28.89,10116714,474191420,1074479620,3104171.62218
2020-07-31,SZ002652,扬子新材,4.28,4607247,447136485,512064000,219163.392
2020-07-31,SZ300287,飞利信,4.33,33943254,1131537457,1435273808,621473.558864
2020-07-31,SZ300291,百纳千成,6.12,12455927,753495788,817461176,500286.239712
2020-07-31,SH601515,衢州东峰,7.04,17296029,1334400000,1334400000,939417.6
2020-07-31,SZ300288,朗玛信息,12.98,6136802,202367488,337941402,438647.939796
2020-07-31,SZ300289,利德曼,7.15,10144400,417389060,421051985,301052.169275
2020-07-31,SZ300290,荣科科技,7.88,15064306,525738311,575295171,453332.594748
2020-07-31,SZ002655,共达电声,9.96,45766869,360000000,360000000,358560
2020-07-31,SZ002654,万润科技,4.4,11808034,665098641,881141619,387702.31236
2020-07-31,SH601231,环旭电子,24.21,19237656,2181283330,2181283330,5280886.94193
2020-07-31,SH601929,吉视传媒,2.2,21828410,3111098552,3111098552,684441.68144
2020-07-31,SZ002656,*ST摩登,1.73,5223400,573267514,712519844,123265.933012
2020-07-31,SZ002657,中科金财,15.72,6657456,280141433,337576686,530670.550392
2020-07-31,SZ300292,吴通控股,5.3,72356241,1029616865,1274850476,675670.75228
2020-07-31,SZ300293,蓝英装备,25.4,30238010,270000000,270000000,685800
2020-07-31,SZ300294,博雅生物,50.31,11027082,433324863,433324863,2180057.385753
2020-07-31,SZ002662,峰璟股份,3.76,29133980,1458971100,1500000000,564000
2020-07-31,SH601800,中国交建,7.9,34348043,11747235425,16174735425,12778040.98575
2020-07-31,SZ002658,雪迪龙,6.37,3231124,304245025,604898990,385320.65663
2020-07-31,SZ002659,凯文教育,5.88,10247452,498561737,598280384,351788.865792
2020-07-31,SZ300296,利亚德,7.2,92619405,1940418834,2542879921,1830873.54312
2020-07-31,SZ300295,三六五网,12.97,4087228,165869386,192625800,249835.6626
2020-07-31,SZ300297,蓝盾退,4.04,31504579,997284985,1249806223,504921.714092
2020-07-31,SZ002660,茂硕电源,8.94,7623669,205409345,274327707,245248.970058
2020-07-31,SZ002664,信质集团,15.49,11218022,349756450,400020000,619630.98
2020-07-31,SZ002663,普邦股份,2.33,16776509,1282519003,1795890452,418442.475316
2020-07-31,SZ002661,克明食品,24.59,11509367,324457746,328808450,808539.97855
2020-07-31,SZ300299,富春股份,11.58,116256878,615261518,691229485,800443.74363
2020-07-31,SZ300298,三诺生物,45.3,7096523,439761190,565314734,2560875.74502
2020-07-31,SZ300303,聚飞光电,7.47,181233566,1142675340,1278023219,954683.344593
2020-07-31,SZ300300,海峡创新,6.22,14708628,671228655,671396910,417608.87802
2020-07-31,SZ300304,云意电气,4.11,9303684,843639734,866036018,355940.803398
2020-07-31,SZ300302,同有科技,14.02,9273918,256701953,479871230,672779.46446
2020-07-31,SZ300301,ST长方,2.62,8936340,602355958,790108769,207008.497478
2020-07-31,SZ002665,ST航高,2.54,34233820,2256372539,2538720737,644835.067198
2020-07-31,SZ002666,德联集团,6.95,21938502,442434548,754329268,524258.84126
2020-07-31,SH601238,广汽集团,10.8,66918171,6084558410,10237925071,11056959.07668
2020-07-31,SZ300307,慈星股份,6.99,45045531,793223271,802000000,560598
2020-07-31,SZ300305,裕兴股份,10.57,2906446,232595319,288753000,305211.921
2020-07-31,SZ300306,远方信息,10.44,3867993,144245999,274374306,286446.775464
2020-07-31,SZ002667,威领股份,8,5118519,141583625,231132000,184905.6
2020-07-31,SZ300308,中际旭创,59.08,6468871,646204774,713165136,4213379.623488
2020-07-31,SZ300309,吉艾退,3.53,16444740,766802368,886123765,312801.689045
2020-07-31,SH601012,隆基绿能,56.8,68442942,3767549777,3772016757,21425055.17976
2020-07-31,SZ002669,康达新材,19.6,15319774,250307721,252492921,494886.12516
2020-07-31,SZ002668,TCL智家,5.22,71945702,845648408,1084111428,565906.165416
2020-07-31,SZ002670,国盛证券,10.19,35878401,1622905870,1935084653,1971851.261407
2020-07-31,SH601388,怡球资源,2.12,52645183,2025400000,2201726086,466765.930232
2020-07-31,SZ300311,ST任子行,7.04,8961606,510408932,679988821,478712.129984
2020-07-31,SZ300310,宜通世纪,6.04,30149435,680017255,881658531,532521.752724
2020-07-31,SZ300313,*ST天山,5.34,10570442,184146946,312977396,167129.929464
2020-07-31,SH603001,奥康国际,8.39,2051906,400980000,400980000,336422.22
2020-07-31,SZ002671,龙泉股份,5.1,32913437,465095568,472441974,240945.40674
2020-07-31,SZ002672,东江环保,9.8,4294262,660418451,879267102,861681.75996
2020-07-31,SH603000,人民网,19.87,13332410,1105691056,1105691056,2197008.128272
2020-07-31,SH603123,翠微股份,11.35,17999235,524144222,524144222,594903.69197
2020-07-31,SZ002673,西部证券,9.92,52553444,3501839770,3501839770,3473825.05184
2020-07-31,SH603333,尚纬股份,7.36,9483895,513903682,519905000,382650.08
2020-07-31,SZ002674,兴业科技,13.2,4996303,299082870,302082162,398748.45384
2020-07-31,SZ300314,戴维医疗,22.02,14457892,189126836,288000000,634176
2020-07-31,SZ300312,邦讯退,4.52,7884674,201494743,320040000,144658.08
2020-07-31,SZ300316,晶盛机电,24.83,24331635,1206712930,1284489364,3189387.090812
2020-07-31,SZ300317,珈伟新能,3.53,14757535,759371321,824283865,290972.204345
2020-07-31,SZ300315,掌趣科技,9.39,94875332,2600330086,2757484192,2589277.656288
2020-07-31,SH603002,宏昌电子,5.45,11839500,614411700,614411700,334854.3765
2020-07-31,SH603366,日出东方,5.7,11167602,800000000,800000000,456000
2020-07-31,SZ300321,同大股份,18.75,854600,82742274,88800000,166500
2020-07-31,SZ300319,麦捷科技,11.79,21859266,658256505,696981071,821740.682709
2020-07-31,SZ300318,博晖创新,10,34443898,724536147,816900495,816900.495
2020-07-31,SZ002677,浙江美大,13.83,5716604,313338522,646051647,893489.427801
2020-07-31,SZ002676,顺威股份,3.89,44291020,719964834,720000000,280080
2020-07-31,SZ002675,东诚药业,24.76,14686128,662015542,802214326,1986282.671176
2020-07-31,SH603128,华贸物流,8.3,36259106,1012038353,1012038353,839991.83299
2020-07-31,SZ002678,珠江钢琴,8.4,1973290,1357129238,1358320323,1140989.07132
2020-07-31,SZ300323,华灿光电,10.41,45894545,831980874,1092161429,1136940.047589
2020-07-31,SZ300320,海达股份,5.48,5451172,502969212,601234191,329476.336668
2020-07-31,SZ300325,德威退,2.7,94740203,996433025,1005743085,271550.63295
2020-07-31,SZ002681,奋达科技,4.76,23693107,1085592001,1824667620,868541.78712
2020-07-31,SZ002679,福建金森,11.65,5311100,235756000,235756000,274655.74
2020-07-31,SZ300322,硕贝德,16.29,7050984,372295290,406769850,662628.08565
2020-07-31,SZ300324,旋极信息,7.75,45052548,1223212311,1753014595,1358586.311125
2020-07-31,SH601965,中国汽研,11.37,12287273,964573267,988525667,1123953.683379
2020-07-31,SZ002683,广东宏大,56,12773970,607146395,707056376,3959515.7056
2020-07-31,SZ002682,龙洲股份,4.2,4664400,551582939,562368594,236194.80948
2020-07-31,SH601339,百隆东方,3.76,6533600,1500000000,1500000000,564000
2020-07-31,SZ002685,华东重机,7.14,17890275,793830134,1007690641,719491.117674
2020-07-31,SZ002684,猛狮退,4.52,6536300,437846912,567374389,256453.223828
2020-07-31,SZ300326,ST凯利,26.06,15072655,716598673,722976333,1884076.323798
2020-07-31,SZ300327,中颖电子,37.35,30299053,278531988,279444759,1043726.174865
2020-07-31,SZ000722,湖南发展,6.51,4720337,464158282,464158282,302167.041582
2020-07-31,SZ300328,宜安科技,11.12,14826860,680816100,690423600,767751.0432
2020-07-31,SZ300329,海伦钢琴,7.9,7522984,251714581,253579380,200327.7102
2020-07-31,SZ300330,计通退,11.17,3972100,167719741,168000000,187656
2020-07-31,SZ300332,天壕能源,4.89,5830217,835396036,880200859,430418.220051
2020-07-31,SZ300331,苏大维格,37.07,5765230,165423071,226048841,837963.053587
2020-07-31,SZ300333,兆日科技,9.51,7046453,330895068,336000000,319536
2020-07-31,SH600455,博通股份,24.74,1403300,62458000,62458000,154521.092
2020-07-31,SH600634,退市富控,1.03,8888400,575732081,575732081,59300.404343
2020-07-31,SZ002686,亿利达,5.84,3444577,352736764,435568564,254372.041376
2020-07-31,SZ300334,津膜科技,9.99,18038307,292653917,302065356,301763.290644
2020-07-31,SH601608,中信重工,4,25370053,4339419293,4339419293,1735767.7172
2020-07-31,SZ300336,新文退,4.79,14991208,737455287,806230192,386184.261968
2020-07-31,SZ300335,迪森股份,5.05,5738535,272399192,362922180,183275.7009
2020-07-31,SZ002687,乔治白,5.54,3219090,285770000,350000000,193900
2020-07-31,SZ002688,金河生物,9.32,63124464,623277733,635289655,592089.95846
2020-07-31,SZ002689,ST远智,3.65,15382230,1040832010,1043310725,380808.414625
2020-07-31,SH603008,喜临门,12.28,11508607,387417787,387417787,475749.042436
2020-07-31,SZ300337,银邦股份,3.88,16349084,708336857,821920000,318904.96
2020-07-31,SZ300339,润和软件,12.37,58478286,747311742,796410841,985160.210317
2020-07-31,SZ300340,科恒股份,12.37,4616520,171858796,212144720,262423.01864
2020-07-31,SZ300342,天银机电,17.12,21692301,416386331,431844272,739317.393664
2020-07-31,SZ300338,ST开元,8.87,5348995,235518663,343289092,304497.424604
2020-07-31,SZ300341,麦克奥迪,8.9,6233200,509642686,510163336,454045.36904
2020-07-31,SZ002691,冀凯股份,6.91,22296744,339090099,340000000,234940
2020-07-31,SH603077,和邦生物,1.35,87853892,8831250228,8831250228,1192218.78078
2020-07-31,SZ002690,美亚光电,59.9,5096525,327889799,676000000,4049240
2020-07-31,SZ300343,ST联创,2.32,39677666,792929741,1175112162,272626.021584
2020-07-31,SZ300345,华民股份,8.31,6292860,441295483,441295483,366716.546373
2020-07-31,SZ300344,*ST立方,4.55,3599348,309075721,496114864,225732.26312
2020-07-31,SZ000863,三湘印象,4.56,4753611,1225117252,1225208160,558694.92096
2020-07-31,SZ300346,南大光电,38.58,19821017,369627660,406890845,1569784.88001
2020-07-31,SH601038,一拖股份,13.62,27240531,593910000,985850000,1342727.7
2020-07-31,SZ002693,*ST双成,5.62,17814614,403416821,405000000,227610
2020-07-31,SZ002692,远程股份,2.96,2988542,678912150,718146000,212571.216
2020-07-31,SH603766,隆鑫通用,4.31,44617756,2053541850,2053541850,885076.53735
2020-07-31,SZ002694,顾地科技,2.97,8416524,511733068,597196800,177367.4496
2020-07-31,SZ300349,金卡智能,15.85,7342309,378987807,429067825,680072.502625
2020-07-31,SH603003,退市龙宇,9.41,9216202,416532402,416532402,391956.990282
2020-07-31,SZ300347,泰格医药,107.7,7481418,540885086,749455550,8071636.2735
2020-07-31,SZ300348,长亮科技,21.54,23798771,581064860,722715403,1556728.978062
2020-07-31,SZ300350,华鹏飞,4.1,6057780,307833004,476724433,195457.01753
2020-07-31,SH603399,永杉锂业,8.39,14007500,508050649,543850649,456290.694511
2020-07-31,SH600705,中航产融,4.74,61195735,8943394291,8976325766,4254778.413084
2020-07-31,SZ002695,煌上煌,26.7,4277701,461268293,513378396,1370720.31732
2020-07-31,SZ002696,百洋股份,7.17,22106120,182907705,349386910,250510.41447
2020-07-31,SZ002697,红旗连锁,10.05,18670758,1078225000,1360000000,1366800
2020-07-31,SH603167,渤海轮渡,8.61,11717800,464886903,472806603,407086.485183
2020-07-31,SZ002698,博实股份,14.14,11485774,821742955,1022550000,1445885.7
2020-07-31,SZ002699,*ST美盛,8.36,33529584,713383829,909572725,760402.7981
2020-07-31,SZ300352,北信源,7.48,36399090,1097464400,1449824087,1084468.417076
2020-07-31,SZ300351,永贵电器,11.1,4491265,249120292,383641857,425842.46127
2020-07-31,SZ300354,东华测试,14.59,4751064,76932237,138320201,201809.173259
2020-07-31,SZ002700,万憬能源,4.18,2417979,316280880,422426880,176574.43584
2020-07-31,SZ300355,蒙草生态,2.85,11984411,1239879068,1604242081,457208.993085
2020-07-31,SZ300353,东土科技,11.82,9648331,367136780,510980897,603979.420254
2020-07-31,SZ300356,光一退,5.96,8240325,373716997,407904620,243111.15352
2020-07-31,SH603993,洛阳钼业,4.4,283442162,17665772583,21599240583,9503665.85652
2020-07-31,SZ002701,奥瑞金,5.29,28002964,2332457911,2350807528,1243577.182312
2020-07-31,SZ002702,海欣食品,9.07,38867513,318834000,480760000,436049.32
2020-07-31,SZ000156,华数传媒,11.1,13307851,1280295337,1433351902,1591020.61122
2020-07-31,SZ002703,浙江世宝,4.9,6236198,553065952,789644637,386925.87213
2020-07-31,SZ000498,山东路桥,5.59,8986531,1120090313,1120139063,626157.736217
2020-07-31,SH600817,宇通重工,9.95,898000,155679074,160910082,160105.53159
2020-07-31,SZ000831,中国稀土,14.88,55227701,980888981,980888981,1459562.803728
2020-07-31,SZ000038,大通退,16.23,28214903,232076797,522777419,848467.751037
2020-07-31,SZ000622,恒立退,4.21,10481022,425226000,425226000,179020.146
2020-07-31,SZ000403,派林生物,44.48,14500391,487106903,492434666,2190349.394368
2020-07-31,SZ000681,视觉中国,17.12,10135374,661177568,700577436,1199388.570432
2020-07-31,SZ000757,浩物股份,5.06,40314456,451619600,664714511,336345.542566
2020-07-31,SH600556,天下秀,19.38,9983206,348753656,1680420315,3256654.57047
2020-07-31,SZ000657,中钨高新,7.16,9389833,773520517,1054290442,754871.956472
2020-07-31,SZ000672,上峰水泥,30.23,22370814,813619871,813619871,2459572.870033
2020-07-31,SZ000688,国城矿业,23.88,5312983,1137294994,1137299314,2715870.761832
2020-07-31,SZ000820,*ST节能,1.08,60599808,287656920,637245222,68822.483976
2020-07-31,SH600698,湖南天雁,2.31,12148449,737575229,1064410032,245878.717392
2020-07-31,SZ000545,金浦钛业,2.74,15183326,959403096,986833096,270392.268304
2020-07-31,SZ000333,美的集团,71.75,29357548,6833651176,7018717307,50359296.677725
2020-07-31,SH600023,浙能电力,3.53,16042955,13600689988,13600689988,4801043.565764
2020-07-31,SH603699,纽威股份,16.99,2588487,750000000,750000000,1274250
2020-07-31,SZ002708,光洋股份,6.6,5393445,393359444,468861076,309448.31016
2020-07-31,SZ300357,我武生物,67.45,6785871,457580364,523584000,3531574.08
2020-07-31,SZ300360,炬华科技,10.29,6731837,397116799,504387126,519014.352654
2020-07-31,SZ300359,全通教育,6.3,14069435,533546051,634103422,399485.15586
2020-07-31,SZ002706,良信股份,23.06,8609831,588295706,785015910,1810246.68846
2020-07-31,SZ300358,楚天科技,13.7,28192491,457367065,467887363,641005.68731
2020-07-31,SZ002705,新宝股份,49.76,5143789,796115290,801472885,3988129.07576
2020-07-31,SH603308,应流股份,25.87,6469900,433754341,487962086,1262357.916482
2020-07-31,SZ002712,思美传媒,8.11,16516522,434993941,581202488,471355.217768
2020-07-31,SZ300368,汇金股份,10.17,28000505,468741565,531943475,540986.514075
2020-07-31,SZ300373,扬杰科技,32.83,14915928,470587924,472116893,1549959.759719
2020-07-31,SZ002707,众信旅游,10.17,34443707,531227855,879115520,894060.48384
2020-07-31,SZ300365,恒华科技,10.29,20479113,348177392,605712969,623278.645101
2020-07-31,SZ002709,天赐材料,38,10046767,541957833,546129449,2075291.9062
2020-07-31,SZ300371,汇中股份,18.4,5683099,108771513,167757520,308673.8368
2020-07-31,SZ300370,安控科技,2.57,22641636,722442070,957146344,245986.610408
2020-07-31,SH603555,ST贵人,1.72,4063700,628602143,628602143,108119.568596
2020-07-31,SZ300378,鼎捷数智,32.23,15283800,264766078,265095553,854402.967319
2020-07-31,SZ300375,鹏翎股份,3.98,17196651,437635017,748743376,297999.863648
2020-07-31,SZ300366,ST创意,15.62,39745924,332285441,525576150,820949.9463
2020-07-31,SZ002721,金一文化,4.38,9909010,636328544,834718154,365606.551452
2020-07-31,SZ300376,易事特,5.01,12611296,2308449726,2319825036,1162232.343036
2020-07-31,SZ300377,赢时胜,9.7,15838025,566514602,742092080,719829.3176
2020-07-31,SH601225,陕西煤业,8.09,36739287,10000000000,10000000000,8090000
2020-07-31,SZ002722,物产金轮,12.8,1100724,171146482,175467514,224598.41792
2020-07-31,SZ002716,湖南白银,1.56,29936582,782407308,960478192,149834.597952
2020-07-31,SZ002718,友邦吊顶,16.36,1077100,66393702,131447829,215048.648244
2020-07-31,SZ300379,东通退,43.5,7585266,232688067,281295708,1223636.3298
2020-07-31,SZ300380,安硕信息,19.6,1481760,121201177,137440000,269382.4
2020-07-31,SZ300381,溢多利,15.57,17469542,464216559,473571421,737350.702497
2020-07-31,SZ002714,牧原股份,91.48,22571368,2364559170,3747834147,34285186.776756
2020-07-31,SZ002719,麦趣尔,6.87,2919744,161872295,174139457,119633.806959
2020-07-31,SZ300382,斯莱克,10.07,12115060,564511590,564569415,568521.400905
2020-07-31,SZ002725,跃岭股份,10.3,4925403,175494770,256000000,263680
2020-07-31,SZ300363,博腾股份,31.96,11290674,446841042,542747533,1734621.115468
2020-07-31,SZ002723,小崧股份,12.12,4505923,175781306,191850000,232522.2
2020-07-31,SZ300383,光环新网,26.11,28129327,1502060174,1543139921,4029138.333731
2020-07-31,SZ300369,绿盟科技,22.04,5661990,726063901,798117661,1759051.324844
2020-07-31,SZ300367,网力退,3.89,38287596,840867771,1195772516,465155.508724
2020-07-31,SH603005,晶方科技,80.26,11918950,321551237,321551237,2580770.228162
2020-07-31,SH603288,海天味业,150.08,5451795,3240443208,3240443208,48632571.665664
2020-07-31,SZ002713,*ST东易,9.31,4561453,401334349,419536980,390588.92838
2020-07-31,SZ002715,登云股份,28.62,854000,86862704,92000000,263304
2020-07-31,SZ002717,ST岭南,4.37,37362761,1065534686,1528755437,668066.125969
2020-07-31,SZ300386,飞天诚信,25.72,49063095,226124350,418044000,1075209.168
2020-07-31,SZ002726,龙大美食,11.33,28714303,980344674,998288980,1131061.41434
2020-07-31,SZ300385,雪浪环境,7.24,5262757,225032428,333145932,241197.654768
2020-07-31,SH603006,联明股份,11.85,12823865,191078186,191078186,226427.65041
2020-07-31,SH603328,依顿电子,10.15,11430047,998442611,998442611,1013419.250165
2020-07-31,SH603168,莎普爱思,8.79,4671063,322592499,322592499,283558.806621
2020-07-31,SZ002727,一心堂,31.94,6819483,319681659,572896272,1829830.692768
2020-07-31,SZ300387,富邦科技,9.1,6427266,289057018,291797018,265535.28638
2020-07-31,SH603369,今世缘,43.47,7111251,1254500000,1254500000,5453311.5
2020-07-31,SH603009,北特科技,6.6,6036800,328041393,359002153,236941.42098
2020-07-31,SZ002728,特一药业,15.98,9546484,122442305,203517305,325220.65339
2020-07-31,SH603126,中材节能,4.61,8644349,610500000,610500000,281440.5
2020-07-31,SZ300390,天华新能,19.28,48631841,345623245,551276000,1062860.128
2020-07-31,SZ300384,三联虹普,18.1,2790497,219103048,319499758,578294.56198
2020-07-31,SZ300388,节能国祯,9.98,5824452,672307196,679508749,678149.731502
2020-07-31,SZ300389,艾比森,11.06,6151104,163901995,318994173,352807.555338
2020-07-31,SZ300391,*ST长药,15.68,4622050,348834840,350336112,549327.023616
2020-07-31,SH603111,康尼机电,6.56,9970306,835983250,993275484,651588.717504
2020-07-31,SH603100,川仪股份,9.26,3492199,395000000,395000000,365770
2020-07-31,SH600385,退市金泰,6.4,440684,142773814,148107148,94788.57472
2020-07-31,SZ000751,锌业股份,3.16,33039565,1409866979,1409869279,445518.692164
2020-07-31,SH603609,禾丰股份,16.35,11382100,904307105,922059896,1507567.92996
2020-07-31,SH603099,长白山,8.42,1865601,266670000,266670000,224536.14
2020-07-31,SH601579,会稽山,8.82,1891631,497360000,497360000,438671.52
2020-07-31,SH603806,福斯特,71.53,5621349,769552372,769552372,5504608.116916
2020-07-31,SH603188,亚邦股份,6.12,1359191,576000000,576000000,352512
2020-07-31,SZ300396,迪瑞医疗,27.36,5689148,264197655,276030000,755218.08
2020-07-31,SZ300395,菲利华,42.4,3634432,270148821,338158344,1433791.37856
2020-07-31,SZ300392,腾信退,8.94,5696178,259003594,384000000,343296
2020-07-31,SZ300397,天和防务,25.39,14315131,315452745,432000000,1096848
2020-07-31,SZ002729,好利科技,37.69,1767945,66680000,66680000,251316.92
2020-07-31,SZ300393,中来股份,7.7,19715655,527862892,778305256,599295.04712
2020-07-31,SH603306,华懋科技,16.41,3725463,307019706,308740206,506642.678046
2020-07-31,SH601016,节能风电,3.09,34926182,4155560000,4155560000,1284068.04
2020-07-31,SH600917,重庆燃气,7.32,3987000,1556000000,1556000000,1138992
2020-07-31,SZ300398,飞凯材料,24.19,12907532,429636634,517642028,1252176.065732
2020-07-31,SZ300399,天利科技,17.88,2789719,134055262.9,197600000,353308.8
2020-07-31,SH603169,兰石重装,5.16,18008908,1051502526,1051502526,542575.303416
2020-07-31,SZ002730,电光科技,10.5,7625042,287099000,322674000,338807.7
2020-07-31,SZ300401,花园生物,15.67,13767057,459009675,479288315,751044.789605
2020-07-31,SH603010,万盛股份,16.93,22184482,344120124,346791324,587117.711532
2020-07-31,SZ300402,宝色股份,10.04,3705972,202000000,202000000,202808
2020-07-31,SZ300400,劲拓股份,16.98,9075374,182389537,242625800,411978.6084
2020-07-31,SH603456,九洲药业,32.96,10974312,803307971,803307971,2647703.072416
2020-07-31,SH603018,华设集团,11.95,14397333,557184127,557247168,665910.36576
2020-07-31,SH603606,东方电缆,22.14,34431441,638843652,654104521,1448187.409494
2020-07-31,SZ300403,汉宇集团,5.49,21971786,380801250,603000000,331047
2020-07-31,SZ300405,科隆股份,6.49,3190165,130945712,222469156,144382.482244
2020-07-31,SZ300406,九强生物,21,5186467,330608417,501787943,1053754.6803
2020-07-31,SH603688,石英股份,23.4,4145368,346740029,346740029,811371.66786
2020-07-31,SH603988,中电电机,19.6,12723687,235200000,235200000,460992
2020-07-31,SZ002724,海洋王,7.18,5536899,333081025,779829726,559917.743268
2020-07-31,SZ002731,ST萃华,8.73,12843027,219629771,256156000,223624.188
2020-07-31,SH601015,陕西黑猫,3.12,9401740,1458736842,1629789473,508494.315576
2020-07-31,SH603019,中科曙光,44.38,37640170,1302050903,1302050903,5778501.907514
2020-07-31,SH603011,合锻智能,5.32,4385600,448949194,453074794,241035.790408
2020-07-31,SH603088,宁波精达,8.98,5684771,219520000,219520000,197128.96
2020-07-31,SH603166,福达股份,7.35,7014375,592018710,592018710,435133.75185
2020-07-31,SZ300407,凯发电气,8.7,4112111,208549946,305070981,265411.75347
2020-07-31,SZ002733,雄韬股份,22.96,9229310,325594923,350113207,803859.923272
2020-07-31,SZ300408,三环集团,28.62,15789959,1655902362,1737872522,4973791.157964
2020-07-31,SZ300409,道氏技术,12.63,10444624,315352280,459994270,580972.76301
2020-07-31,SH603518,锦泓集团,7.49,11670860,249904765,252395482,189044.216018
2020-07-31,SZ002735,王子新材,29.65,1133050,75955592,142701230,423109.14695
2020-07-31,SH603368,柳药集团,26.57,20046269,359925322,362669818,963613.706426
2020-07-31,SH603998,方盛制药,7.29,11254545,429354720,429429720,313054.26588
2020-07-31,SZ002732,燕塘乳业,27.82,2123699,155859990,157350000,437747.7
2020-07-31,SH601969,海南矿业,5.59,7233267,1954720314,1954720314,1092688.655526
2020-07-31,SH601226,华电科工,4.17,4689699,1155000000,1155000000,481635
2020-07-31,SH603588,高能环境,15.95,27707021,748840941,794492832,1267216.06704
2020-07-31,SZ002736,国信证券,13.2,26994800,8200000000,8200000000,10824000
2020-07-31,SH603636,南威软件,14.44,49667160,590793578,590793578,853105.926632
2020-07-31,SZ002738,中矿资源,16.8,4152142,211961736,277926476,466916.47968
2020-07-31,SZ002737,葵花药业,15.67,14175449,533390420,584000000,915128
2020-07-31,SZ300412,迦南科技,10.77,17640694,222509494,257224900,277031.2173
2020-07-31,SZ300411,金盾股份,11.5,18274680,147922309,456350089,524802.60235
2020-07-31,SZ300410,正业科技,7.19,8272760,364396226,381290226,274147.672494
2020-07-31,SH603017,中衡设计,10.79,1202894,272937227,276444128,298283.214112
2020-07-31,SH603889,新澳股份,5.66,4294590,511746388,511746388,289648.455608
2020-07-31,SH603788,宁波高发,17.2,2423209,223065068,223065068,383671.91696
2020-07-31,SZ300413,芒果超媒,68.08,8305228,931357779,1780377511,12120810.094888
2020-07-31,SH601021,春秋航空,39.63,5305422,916462713,916462713,3631941.731619
2020-07-31,SZ300364,中文在线,9.06,59792767,631926724,727295310,658929.55086
2020-07-31,SZ300418,昆仑万维,26.96,41720289,894250021,1148369254,3096003.508784
2020-07-31,SZ300419,ST浩丰,6.53,21103591,367753770,367753770,240143.21181
2020-07-31,SH601069,西部黄金,17,39687593,636000000,636000000,1081200
2020-07-31,SH603601,再升科技,16.38,75300043,718739667,718739667,1177295.574546
2020-07-31,SZ300416,苏试试验,24.48,4634790,201858790,203366290,497840.67792
2020-07-31,SZ002739,万达电影,17.35,24884465,1951638146,2078428288,3606073.07968
2020-07-31,SZ002740,*ST爱迪,7.15,18647910,241679001,454061077,324653.670055
2020-07-31,SZ300417,南华仪器,18.5,1955016,75637368,137008376,253465.4956
2020-07-31,SH603600,永艺股份,15.26,6455688,301809320,302543600,461681.5336
2020-07-31,SZ300415,伊之密,10.74,3718890,408925066,432000000,463968
2020-07-31,SZ000166,申万宏源,5.83,179777330,22535507316,25039944560,14598287.67848
2020-07-31,SH603686,福龙马,25.05,7294987,415655737,415655737,1041217.621185
2020-07-31,SH603678,火炬电子,33.25,13191547,452665950,452665950,1505114.28375
2020-07-31,SH603899,晨光股份,65.37,3760559,920000000,927427600,6062594.2212
2020-07-31,SZ002734,利民股份,16.83,11839438,320462849,372524841,626959.307403
2020-07-31,SH603558,健盛集团,9.23,5174704,384238214,416356349,384296.910127
2020-07-31,SH603698,航天工程,12.12,2836620,535990000,535990000,649619.88
2020-07-31,SH603611,诺力股份,21.58,3072393,264719054,267535854,577342.372932
2020-07-31,SH603799,华友钴业,42.76,67716101,1078671471,1141261526,4880034.285176
2020-07-31,SZ002741,光华科技,13.55,11878572,321842525,374247285,507105.071175
2020-07-31,SZ300425,中建环能,4.65,5972339,654555851,675708786,314204.58549
2020-07-31,SZ002746,仙坛股份,14.75,24325560,363117511,463692511,683946.453725
2020-07-31,SZ300423,昇辉科技,13.74,5475627,256635006,499308190,686049.45306
2020-07-31,SZ002745,木林森,17.75,36778652,731489690,1277168540,2266974.1585
2020-07-31,SH603898,好莱客,16.1,990035,309604049,309604049,498462.51889
2020-07-31,SZ300420,五洋自控,6.65,21390880,510043111,858756586,571073.12969
2020-07-31,SZ300421,力星股份,6.67,5454998,183580573,242465404,161724.424468
2020-07-31,SZ002743,富煌钢构,7.84,9578800,335399630,336325880,263679.48992
2020-07-31,SZ300426,华智数媒,9.16,6512632,250210741,418919000,383729.804
2020-07-31,SH603939,益丰药房,86.33,4460887,514617605,531068308,4584712.702964
2020-07-31,SZ300422,博世科,12.36,10224983,329749938,355839334,439817.416824
2020-07-31,SZ300427,红相股份,24.05,18794198,253372721,358340754,861809.51337
2020-07-31,SZ300394,天孚通信,70.75,3900254,176034060,198616910,1405214.63825
2020-07-31,SH603618,杭电股份,6.06,8136262,691030563,691030563,418764.521178
2020-07-31,SH603222,济民健康,33.5,4106000,320000000,320000000,1072000
2020-07-31,SZ002742,*ST三圣,7.12,5583650,193751232,432000000,307584
2020-07-31,SH603118,共进股份,13.38,38504627,775733332,775733332,1037931.198216
2020-07-31,SH601198,东兴证券,13.75,47343014,2757960657,2757960657,3792195.903375
2020-07-31,SH603828,ST柯利达,6.06,11660562,547560000,547580533,331833.802998
2020-07-31,SH603969,银龙股份,4.28,24174821,841000000,841000000,359948
2020-07-31,SH603997,继峰股份,7.05,5097051,632353300,1021249621,719980.982805
2020-07-31,SH603309,维力医疗,16.02,24203442,260000000,260000000,416520
2020-07-31,SH603015,弘讯科技,7.34,14505008,404219000,407088000,298802.592
2020-07-31,SZ300433,蓝思科技,32.85,121531386,4235261341,4251016654,13964589.70839
2020-07-31,SH601689,拓普集团,34.01,8579458,1054987749,1054987749,3588013.334349
2020-07-31,SH603519,立霸股份,13.92,1280120,221939866,221939866,308940.293472
2020-07-31,SZ300430,诚益通,8.45,5564250,233174019,272008896,229847.51712
2020-07-31,SZ300374,中铁装配,18.6,8185627,170416625,245912337,457396.94682
2020-07-31,SZ002748,世龙实业,7.5,4472041,240000000,240000000,180000
2020-07-31,SZ300432,富临精工,8.94,9653880,715558757,739032248,660694.829712
2020-07-31,SH603268,*ST松发,14.77,1048720,124168800,124168800,183397.3176
2020-07-31,SZ300428,立中集团,17.07,8516828,197566543,578369253,987276.314871
2020-07-31,SZ002747,埃斯顿,16.15,13935488,730702594,840386896,1357224.83704
2020-07-31,SZ002749,国光股份,13.82,3438902,276299923,431249463,595986.757866
2020-07-31,SH603030,全筑股份,7.16,23181953,535799433,538116633,385291.509228
2020-07-31,SH603158,腾龙股份,23.69,1871000,216971200,216971200,514004.7728
2020-07-31,SH603012,创力集团,7.77,12846509,636560000,636560000,494607.12
2020-07-31,SH600958,东方证券,11.71,56569495,5677360540,6993655803,8189570.945313
2020-07-31,SZ300429,强力新材,17.61,11594429,300310599,515253388,907361.216268
2020-07-31,SZ002750,龙津退,9.31,4922524,397288326,400500000,372865.5
2020-07-31,SH603729,龙韵股份,18.08,2379369,93338000,93338000,168755.104
2020-07-31,SH603020,爱普股份,11.77,7990243,320000000,320000000,376640
2020-07-31,SH603338,浙江鼎力,88.67,3031010,485485571,485485571,4304800.558057
2020-07-31,SH603199,九华旅游,21.96,855936,110680000,110680000,243053.28
2020-07-31,SZ300435,中泰股份,11.9,9767173,226586544,378193300,450050.027
2020-07-31,SH603869,ST智知,11.24,2601598,504500508,504500508,567058.570992
2020-07-31,SZ002752,昇兴股份,5.82,2727959,830073005,833180519,484911.062058
2020-07-31,SZ300449,汉邦高科,13.22,12204677,245357916,302758679,400246.973638
2020-07-31,SZ300436,广生堂,34.76,1838050,112391900,140000000,486640
2020-07-31,SZ300424,航新科技,15.59,4223620,192232730,239867904,373954.062336
2020-07-31,SZ300447,全信股份,12.97,4615209,170061252,291069255,377516.823735
2020-07-31,SH603808,歌力思,13.64,4969540,332515611,332515611,453551.293404
2020-07-31,SZ300443,金雷股份,30.01,26540817,159451183,238056802,714408.462802
2020-07-31,SZ300439,美康生物,23.57,19617630,201208470,345302620,813878.27534
2020-07-31,SH603025,大豪科技,8.05,3666557,918329604,926101711,745511.877355
2020-07-31,SH603818,曲美家居,10.1,3619276,484120000,584952546,590802.07146
2020-07-31,SZ300444,双杰电气,4.07,7994212,318824699,585720642,238388.301294
2020-07-31,SZ300440,运达科技,9.69,5178380,441866106,448000000,434112
2020-07-31,SZ300437,清水源,10.72,1862664,134236365,218338865,234059.26328
2020-07-31,SH603883,老百姓,104,2773930,273002858,292000436,3036804.5344
2020-07-31,SZ300446,航天智造,9.89,5548800,195541667,202620000,200391.18
2020-07-31,SH603703,盛洋科技,13.67,3855650,196535000,229700000,313999.9
2020-07-31,SZ300441,鲍斯股份,9.99,7203294,614431269,657189708,656532.518292
2020-07-31,SH603021,ST华鹏,7.31,7742060,319948070,319948070,233882.03917
2020-07-31,SZ300404,博济医药,17.17,4268929,150072923,226619451,389105.597367
2020-07-31,SZ300448,浩云科技,9.64,9852879,464140819,692321414,667397.843096
2020-07-31,SZ002751,易尚退,23.33,3912721,117362706,154550613,360566.580129
2020-07-31,SZ300438,鹏辉能源,18.62,12396097,316674534,420096226,782219.172812
2020-07-31,SH603567,珍宝岛,13.58,5285284,849160000,849160000,1153159.28
2020-07-31,SZ300434,金石亚药,8.54,4854374,208081297,401743872,343089.266688
2020-07-31,SH603318,水发燃气,11.09,30681970,402162277,402162277,445997.965193
2020-07-31,SZ300442,润泽科技,22.92,1253900,99195625,100000000,229200
2020-07-31,SH603315,福鞍股份,12.07,3786010,219950901,307026264,370580.700648
2020-07-31,SZ300445,康斯特,16.2,2590395,116721412.8,196709184,318668.87808
2020-07-31,SH603789,*ST星农,16.21,4409542,260000000,260000000,421460
2020-07-31,SH600959,江苏有线,3.81,14120518,4527241146,5000717686,1905273.438366
2020-07-31,SZ300414,中光防雷,13.63,16159390,300656870,324733466,442611.714158
2020-07-31,SH603355,莱克电气,26.75,3889533,401000000,401000000,1072675
2020-07-31,SH603599,广信股份,17.9,6319974,464679135,464679135,831775.65165
2020-07-31,SZ300457,赢合科技,33.67,6779951,433583962,563879205,1898581.283235
2020-07-31,SZ300456,赛微电子,29.09,8482255,342506990,639121537,1859204.551133
2020-07-31,SZ300451,创业慧康,17.27,17179518,832871677,1109627137,1916326.065599
2020-07-31,SH603718,海利生物,49.12,23030727,644000000,644000000,3163328
2020-07-31,SH603227,雪峰科技,4.23,12375500,658700000,658700000,278630.1
2020-07-31,SZ300452,山河药辅,25.43,5905885,142327905,180467070,458927.75901
2020-07-31,SZ300459,汤姆猫,3.15,130385482,2269914576,3543544059,1116216.378585
2020-07-31,SZ300453,三鑫医疗,22.48,25827237,173449930,262705000,590560.84
2020-07-31,SZ300455,航天智装,13.99,10890000,500432075,717767936,1004157.342464
2020-07-31,SZ300458,全志科技,41,18322311,213136159,330610757,1355504.1037
2020-07-31,SZ002755,奥赛康,20.75,8021313,150802303,928160351,1925932.728325
2020-07-31,SH603989,艾华集团,31.94,10480084,391044706,391044706,1248996.790964
2020-07-31,SZ002756,永兴材料,18.84,2825325,184846215,360000000,678240
2020-07-31,SZ300460,ST惠伦,13.63,19614376,235583880,235583880,321100.82844
2020-07-31,SH603968,醋化股份,17.95,8409026,204480000,204480000,367041.6
2020-07-31,SH603311,金海高科,13.75,4411600,210000000,210000000,288750
2020-07-31,SZ300450,先导智能,44.03,11132956,879435236,881451358,3881030.329274
2020-07-31,SH603022,新通联,17.39,2145250,200000000,200000000,347800
2020-07-31,SH603566,普莱柯,27.68,4820580,321496000,321496000,889900.928
2020-07-31,SZ002753,永东股份,8.13,2288573,200442579,375438464,305231.471232
2020-07-31,SZ300461,田中精机,18.37,1303440,69878117,121642380,223457.05206
2020-07-31,SZ002758,浙农股份,11.79,4781750,195018051,210147613,247764.035727
2020-07-31,SZ002757,南兴股份,19.58,6647852,240075429,295468065,578526.47127
2020-07-31,SH603108,润达医疗,14.2,12453306,579534079,579534079,822938.39218
2020-07-31,SH603885,吉祥航空,9.31,8859264,1797013477,1966144157,1830480.210167
2020-07-31,SZ300468,四方精创,26.75,27124637,280579946,283299055,757824.972125
2020-07-31,SH603023,威帝股份,5.31,8918745,539632794,539632794,286545.013614
2020-07-31,SH603598,引力传媒,15.35,13106091,267862900,270623000,415406.305
2020-07-31,SZ300462,ST华铭,25.67,4449604,91730475,188265025,483276.319175
2020-07-31,SZ300467,迅游科技,16.53,3260912,137089287,222763069,368227.353057
2020-07-31,SZ002759,天际股份,6.33,3365369,402152567,402152567,254562.574911
2020-07-31,SH603568,伟明环保,21.59,6855691,1256252976,1256558346,2712909.469014
2020-07-31,SZ300466,赛摩智能,6.37,41480139,378890010,538873335,343262.314395
2020-07-31,SZ300465,高伟达,17.91,36326519,446762257,446762257,800151.202287
2020-07-31,SH603669,灵康药业,10.4,36853682,713440000,713440000,741977.6
2020-07-31,SH603918,金桥信息,11.2,2402330,231818210,233167090,261147.1408
2020-07-31,SH603198,迎驾贡酒,21.81,8503379,800000000,800000000,1744800
2020-07-31,SZ300463,迈克生物,50.75,9822947,391775003,557477340,2829197.5005
2020-07-31,SH603300,海南华铁,6.68,10660734,657819887,680083044,454295.473392
2020-07-31,SH603901,永创智能,9.76,15260860,432728006,439389506,428844.157856
2020-07-31,SH603026,石大胜华,34.74,8032632,202680000,202680000,704110.32
2020-07-31,SZ300464,星徽股份,27.84,23055540,257794970,353122175,983092.1352
2020-07-31,SZ300475,香农芯创,8.53,1271220,308228845,420000000,358260
2020-07-31,SZ300478,杭州高新,11.43,1948817,125121336,126673000,144787.239
2020-07-31,SZ300477,ST合纵,8.02,22581998,479674098,832975698,668046.509796
2020-07-31,SH601985,中国核电,4.34,32046589,15565451584,15565451584,6755405.987456
2020-07-31,SZ002762,*ST金比,6.12,6482388,189203720,354025000,216663.3
2020-07-31,SZ002761,浙江建投,9.6,5824254,243338000,1081340098,1038086.49408
2020-07-31,SZ002763,汇洁股份,7.7,2750021,192914570,411440000,316808.8
2020-07-31,SZ002766,索菱股份,3.26,1728518,292660240,421754014,137491.808564
2020-07-31,SZ300471,厚普股份,9.46,10147875,271739932,364720000,345025.12
2020-07-31,SZ300472,*ST新元,10.55,2883760,167879460,212320264,223997.87852
2020-07-31,SZ002760,凤形股份,22.05,1091786,72564804,88000000,194040
2020-07-31,SZ300469,信息发展,12.04,11071169,165733706,205135376,246982.992704
2020-07-31,SH603066,音飞储存,9.91,4141872,300702900,300702900,297996.5739
2020-07-31,SH601968,宝钢包装,6.73,6843236,833333300,833333300,560833.3109
2020-07-31,SZ300476,胜宏科技,23.05,9416317,762841050,779149975,1795940.692375
2020-07-31,SH603616,韩建河山,7.33,3109679,293360000,293360000,215032.88
2020-07-31,SZ300479,神思电子,16.83,4038440,167642673,169287237,284910.419871
2020-07-31,SH601368,绿城水务,5.69,2360200,860284977,882973077,502411.680813
2020-07-31,SZ002767,先锋电子,13.77,1191750,125047856,150000000,206550
2020-07-31,SZ300473,德尔股份,27.27,1671900,111820357,113914720,310645.44144
2020-07-31,SZ300470,中密控股,37.36,2587147,179727300,196692100,734841.6856
2020-07-31,SZ002765,蓝黛科技,5.36,7703920,275495442,575175290,308293.95544
2020-07-31,SZ300485,赛升药业,22.39,37667511,248319350,484166000,1084047.674
2020-07-31,SZ002773,康弘药业,47.77,9046465,621253006,875597684,4182730.136468
2020-07-31,SH601211,国泰海通,18.48,58600556,7516122726,8907949906,16461891.426288
2020-07-31,SZ002776,*ST柏龙,9.04,12748373,537989106,537989106,486342.151824
2020-07-31,SZ002772,众兴菌业,10.23,13437709,254868410,367704538,376161.742374
2020-07-31,SZ002771,真视通,14.28,5791410,130871782,209764100,299543.1348
2020-07-31,SZ002769,普路通,8.42,4157699,259683297,373318054,314333.801468
2020-07-31,SH603116,红蜻蜓,7.92,2722714,576200800,576200800,456351.0336
2020-07-31,SZ002775,文科股份,5.4,4419380,408446625,512760300,276890.562
2020-07-31,SH603117,万林物流,4.08,7965893,633144502,638741065,260606.35452
2020-07-31,SH603589,口子窖,49.98,7252480,600000000,600000000,2998800
2020-07-31,SZ300482,万孚生物,97.65,6173160,241084873,342680193,3346272.084645
2020-07-31,SZ300483,首华燃气,33.84,813300,86335633,123219968,416976.371712
2020-07-31,SH603223,恒通股份,14.44,3107242,282240000,282240000,407554.56
2020-07-31,SH603979,金诚信,12.66,11701213,583408432,583408432,738595.074912
2020-07-31,SZ002768,国恩股份,37.86,10366418,176704400,271250000,1026952.5
2020-07-31,SH603085,天成自控,8.67,9247281,290986132,290986132,252284.976444
2020-07-31,SZ300486,东杰智能,21,1426800,241952083,271006254,569113.1334
2020-07-31,SZ300481,濮阳惠成,21.99,6985950,254612550,257059500,565273.8405
2020-07-31,SZ002770,科迪退,1.78,23527509,603001872,1094867797,194886.467866
2020-07-31,SZ300488,恒锋工具,17,1257609,133024062,165679281,281654.7777
2020-07-31,SZ300489,光智科技,39.79,3170400,114264844,136125000,541641.375
2020-07-31,SH603838,*ST四通,8.8,2038557,266680000,320016000,281614.08
2020-07-31,SZ300487,蓝晓科技,38.25,2069596,116023829,209634666,801852.59745
2020-07-31,SZ300480,光力科技,18.18,8623397,144193038,249343810,453307.04658
2020-07-31,SZ002506,协鑫集成,3.07,243084296,5073939908,5081941800,1560156.1326
2020-07-31,SZ000520,凤凰航运,3.61,4115247,1012083455,1012083455,365362.127255
2020-07-31,SZ300498,温氏股份,23.75,41722098,4845958198,6373811456,15137802.208
2020-07-31,SH601155,新城控股,34.03,10928480,2245488186,2256724186,7679632.404958
2020-07-31,SZ002779,中坚科技,15.81,2310682,118434525,132000000,208692
2020-07-31,SZ002780,三夫户外,17.88,5798996,108536035,145368643,259919.133684
2020-07-31,SH603398,*ST沐邦,10.46,11478744,296382800,296382800,310016.4088
2020-07-31,SH603936,博敏电子,15.95,24406167,396659976,441053596,703480.48562
2020-07-31,SZ002783,凯龙股份,12.19,5890732,321128809,377695384,460410.673096
2020-07-31,SH603696,安记食品,13.19,5717198,235200000,235200000,310228.8
2020-07-31,SH603999,读者传媒,6.63,9285140,576000000,576000000,381888
2020-07-31,SZ300496,中科创达,97,9843915,283191797,402515097,3904396.4409
2020-07-31,SZ300493,润欣科技,9.02,8584483,477068962,477068962,430316.203724
2020-07-31,SH603800,洪田股份,11.81,2297450,208000000,208000000,245648
2020-07-31,SZ300497,富祥药业,19.86,17236488,361399909,462828835,919178.06631
2020-07-31,SZ002781,奇信退,15.19,3726780,208183647,225000000,341775
2020-07-31,SH603866,桃李面包,60.27,3410301,658877727,658877727,3971056.060629
2020-07-31,SH603996,退市中新,2.26,1910610,300150000,300150000,67833.9
2020-07-31,SZ002782,可立克,14.49,9263117,426000000,426000000,617274
2020-07-31,SZ300495,*ST美尚,8.38,8084143,460866445,674279488,565046.210944
2020-07-31,SZ300492,华图山鼎,44.66,2158820,100635058,141047370,629917.55442
2020-07-31,SZ002786,银宝山新,8.36,7759100,379740000,381240000,318716.64
2020-07-31,SZ002785,万里石,21.08,10300331,154623618,200000000,421600
2020-07-31,SH603508,思维列控,34.35,2187659,225111610,272634251,936498.652185
2020-07-31,SZ001979,招商蛇口,17.06,15728474,7915771804,7916208077,13505050.979362
2020-07-31,SZ002777,久远银海,27.65,4768285,268317441,314023876,868276.01714
2020-07-31,SH603299,苏盐井神,7.44,15278816,559440000,775730854,577143.755376
2020-07-31,SZ002787,华源控股,7.34,5399490,181641004,311029276,228295.488584
2020-07-31,SH603778,国晟科技,3.82,4328125,500000000,500000000,191000
2020-07-31,SZ300494,盛天网络,21.49,18281350,147917175,240000000,515760
2020-07-31,SZ300491,通合科技,13.33,3954001,122293710,160761503,214295.083499
2020-07-31,SZ300490,华自科技,9.05,2658100,234785108,261818005,236945.294525
2020-07-31,SZ002778,中晟高科,23.9,1437000,89109500,89109500,212971.705
2020-07-31,SZ300499,高澜股份,11.9,3639460,195776319,278299467,331176.36573
2020-07-31,SZ300501,海顺新材,33,15361897,85203745,156529800,516548.34
2020-07-31,SZ300500,启迪设计,14.45,1054016,158185354,174480186,252123.86877
2020-07-31,SH603377,ST东时,22.05,5652165,588000000,588000000,1296540
2020-07-31,SH601900,南方传媒,9.19,4686632,889449953,895876566,823310.564154
2020-07-31,SZ002788,鹭燕医药,9.94,16443528,317826455,326830440,324869.45736
2020-07-31,SH603608,天创时尚,10.08,18730537,424721510,430065867,433506.393936
2020-07-31,SZ300502,新易盛,72.57,10515410,239261684,331042810,2402377.67217
2020-07-31,SH603027,千禾味业,34.74,12661633,659771876,665675318,2312556.054732
2020-07-31,SZ002790,瑞尔特,6.78,3058292,252928000,418473000,283724.694
2020-07-31,SZ300503,昊志机电,14.27,1921207,188047361,283989089,405252.430003
2020-07-31,SH603520,司太立,71.98,8340341,234956131,234956131,1691214.230938
2020-07-31,SH603919,金徽酒,17.12,6277797,491307141,507259997,868429.114864
2020-07-31,SZ002789,*ST建艺,15.01,1609567,83279155,138040000,207198.04
2020-07-31,SZ300505,川金诺,18.69,4066291,81884076,130683958,244248.317502
2020-07-31,SH601020,华钰矿业,14.85,45405370,522864960,524217825,778463.470125
2020-07-31,SH603861,白云电器,8.59,2186700,412780018,451934666,388211.878094
2020-07-31,SZ300484,蓝海华腾,12.48,4494077,139081645,208000000,259584
2020-07-31,SZ300506,ST名家汇,5.21,10294350,400381902,655045776,341278.849296
2020-07-31,SZ002792,通宇通讯,24.55,2948606,170245907,337840200,829397.691
2020-07-31,SZ002791,坚朗五金,147.16,1654047,155448111,321540000,4731782.64
2020-07-31,SH603028,赛福天,11.67,2360100,220800000,220800000,257673.6
2020-07-31,SZ300474,景嘉微,75.7,3805743,149874993,301273134,2280637.62438
2020-07-31,SH603798,康普顿,11.27,3249291,200000000,200000000,225400
2020-07-31,SH603701,德宏股份,10.24,5581705,261361901,262692612,268997.234688
2020-07-31,SZ002793,罗欣药业,14.72,10477969,248950285,1447124382,2130167.090304
2020-07-31,SH603868,飞科电器,61.07,1103251,435600000,435600000,2660209.2
2020-07-31,SZ300508,维宏股份,25.41,553300,41326187,90912000,231007.392
2020-07-31,SH603726,朗迪集团,15.5,2750916,185651200,185651200,287759.36
2020-07-31,SZ300509,新美星,7.81,3646559,166576800,296400000,231488.4
2020-07-31,SH603029,天鹅股份,16.12,783800,93340000,93340000,150464.08
2020-07-31,SH603822,ST嘉澳,26.26,953400,73356509,73356509,192634.192634
2020-07-31,SZ002795,永和智控,14.83,1638800,200000000,200000000,296600
2020-07-31,SZ300507,苏奥传感,11.91,6368014,189578731,308120400,366971.3964
2020-07-31,SH603528,多伦科技,10.64,7567404,623982000,626779500,666893.388
2020-07-31,SZ300511,雪榕生物,16.68,19013341,280820151,441829925,736972.3149
2020-07-31,SZ300510,金冠股份,5.12,22548530,749852220,882884984,452037.111808
2020-07-31,SH603101,汇嘉时代,6.22,4300663,470400000,470400000,292588.8
2020-07-31,SZ002796,世嘉科技,21.21,6893256,211712472,252437073,535419.031833
2020-07-31,SZ002797,第一创业,10.85,354350753,3502400000,4202400000,4559604
2020-07-31,SH603779,威龙股份,6.33,1372110,305450232,332749154,210630.214482
2020-07-31,SH603959,百利科技,9.11,6319788,439040000,490298992,446662.381712
2020-07-31,SH603339,四方科技,12.42,33659804,309441175,309441175,384325.93935
2020-07-31,SZ002798,帝欧水华,38.83,2254323,219923785,388945564,1510275.625012
2020-07-31,SZ300512,中亚股份,17.15,18620535,216480011,270000000,463050
2020-07-31,SZ002800,天顺股份,22.27,1020600,71398750,74680000,166312.36
2020-07-31,SZ300513,恒实科技,13.64,4235008,241429992,313691155,427874.73542
2020-07-31,SZ300516,久之洋,32.39,1863077,180000000,180000000,583020
2020-07-31,SH603737,三棵树,152.8,1765253,258341783,260716361,3983745.99608
2020-07-31,SH601611,中国核建,7.08,15439388,2625011228,2650455428,1876522.443024
2020-07-31,SH603131,上海沪工,20.78,5628140,294784071,317974252,660750.495656
2020-07-31,SZ002799,环球印务,20.09,13494106,180000000,180000000,361620
2020-07-31,SZ300515,三德科技,11.25,2576400,171679275,201970000,227216.25
2020-07-31,SH601127,赛力斯,8.95,3627500,933386683,1260767635,1128387.033325
2020-07-31,SZ002801,微光股份,34.96,4110280,75587200,153088000,535195.648
2020-07-31,SZ300518,新迅达,28.5,2092100,60132474,93340000,266019
2020-07-31,SZ300519,新光药业,18.52,4933568,114100000,160000000,296320
2020-07-31,SH603909,建发合诚,17.38,2151100,141659000,143241000,248952.858
2020-07-31,SH603958,哈森股份,7.59,1697200,217360000,217360000,164976.24
2020-07-31,SZ002802,洪汇新材,24.41,1149600,59682398,108346500,264473.8065
2020-07-31,SH603016,新宏泰,29.3,1044700,148160000,148160000,434108.8
2020-07-31,SZ300521,爱司凯,26.9,6255640,143999055,144000000,387360
2020-07-31,SZ300522,世名科技,26.29,4163982,116898332,180730992,475141.777968
2020-07-31,SH601966,玲珑轮胎,23.45,9162986,1187211086,1200018086,2814042.41167
2020-07-31,SZ002805,丰元股份,12.44,3327900,96845175,145370700,180841.1508
2020-07-31,SZ300520,科大国创,22.14,7675890,197394548,249515065,552426.35391
2020-07-31,SH603069,海汽集团,48.4,33355192,316000000,316000000,1529440
2020-07-31,SZ002803,吉宏股份,40.99,11335302,277647306,378409288,1551099.671512
2020-07-31,SZ300517,海波重科,18.83,1184650,62429425,106726000,200965.058
2020-07-31,SZ300525,博思软件,46.36,9172204,187593003,278338578,1290377.647608
2020-07-31,SZ002806,华锋股份,12.29,2323460,105643134,176239202,216597.979258
2020-07-31,SZ300523,辰安科技,44,1768090,227840820,232637638,1023605.6072
2020-07-31,SH603322,超讯通信,19.81,2043060,156520000,156520000,310066.12
2020-07-31,SH603663,三祥新材,19.7,4364697,189314104,189991704,374283.65688
2020-07-31,SH600919,江苏银行,6.05,31515727,11405786244,11544508967,6984427.925035
2020-07-31,SZ300529,健帆生物,73.4,6001137,459850616,797596806,5854360.55604
2020-07-31,SZ300526,中潜退,82.51,1199466,204243565,204248968,1685258.234968
2020-07-31,SZ300527,ST应急,9.61,15444802,913808115,913808115,878169.598515
2020-07-31,SZ300528,幸福蓝海,7.28,3000500,216020807,372608054,271258.663312
2020-07-31,SH601811,新华文轩,11.22,2864261,791903900,1233841000,1384369.602
2020-07-31,SH600977,中国电影,14.53,8390860,1867000000,1867000000,2712751
2020-07-31,SZ300530,领湃科技,45.73,965395,96866927,158413500,724424.9355
2020-07-31,SZ300531,优博讯,20.1,4001273,280000000,323053129,649336.78929
2020-07-31,SH603569,长久物流,9.67,1783707,560275295,560275295,541786.210265
2020-07-31,SZ300535,达威股份,13.03,1527983,83953358,104237993,135822.104879
2020-07-31,SH603159,上海亚虹,12.41,1871800,140000000,140000000,173740
2020-07-31,SZ002808,*ST恒久,11.2,15775577,171372446,268800000,301056
2020-07-31,SH600936,北投科技,4.1,4604280,1671026239,1671026239,685120.75799
2020-07-31,SH601997,贵阳银行,7.64,20568722,3069839646,3218028660,2458573.89624
2020-07-31,SH601595,上海电影,13.83,5632805,448200000,448200000,619860.6
2020-07-31,SH603986,兆易创新,231.5,10723218,398593309,470780652,10898572.0938
2020-07-31,SZ300532,今天国际,10.56,2880820,163695864,273175416,288473.239296
2020-07-31,SZ300533,冰川网络,34.45,1707411,97615696,151003800,520208.091
2020-07-31,SH603515,欧普照明,30,3394339,753758682,756063755,2268191.265
2020-07-31,SH603031,安孚科技,31.51,1598675,112000000,112000000,352912
2020-07-31,SZ300540,蜀道装备,15.16,0,86675253,124691993,189033.061388
2020-07-31,SZ002809,红墙股份,13.71,3362342,129269861,204000000,279684
2020-07-31,SZ002810,山东赫达,39.02,3344828,122883841,190189440,742119.19488
2020-07-31,SH603007,*ST花王,7.42,4068189,333375000,337093800,250123.5996
2020-07-31,SZ300538,同益股份,23.79,2320401,77455674,151598811,360653.571369
2020-07-31,SZ300537,广信材料,17.25,4336975,125381223,193027584,332972.5824
2020-07-31,SZ300539,横河精密,7.47,1988660,113138701,221990133,165826.629351
2020-07-31,SH603090,宏盛股份,18.62,1609363,100000000,100000000,186200
2020-07-31,SH603658,安图生物,162.72,2675286,430602899,430602899,7006770.372528
2020-07-31,SZ002807,江阴银行,4.27,28197378,2153902358,2171992453,927440.777431
2020-07-31,SH603843,*ST正平,5.07,8772805,560004200,560004200,283922.1294
2020-07-31,SZ002811,郑中设计,10.78,2108089,243536689,270016094,291077.349332
2020-07-31,SZ300543,朗科智能,14.48,4189920,157439708,206443580,298930.30384
2020-07-31,SH601163,三角轮胎,14.41,3704500,800000000,800000000,1152800
2020-07-31,SH603393,新天然气,45.83,6009700,313600000,313600000,1437228.8
2020-07-31,SH603067,振华股份,7.7,0,431200000,431200000,332024
2020-07-31,SZ300541,先进数通,18.37,6792528,186102504,235374033,432382.098621
2020-07-31,SZ300534,陇神戎发,7.2,14030900,299310768,303345000,218408.4
2020-07-31,SZ002812,恩捷股份,79.86,12787617,525133883,805370770,6431690.96922
2020-07-31,SH603189,网达软件,26.24,4219300,220800000,220800000,579379.2
2020-07-31,SH601500,通用股份,6.27,2870090,872290090,872290090,546925.88643
2020-07-31,SZ300542,新晨科技,12.94,8045779,199816503,300131215,388369.79221
2020-07-31,SZ300536,农尚环境,13.48,9064095,219159577,293288133,395352.403284
2020-07-31,SH600908,无锡银行,5.66,24080535,1696850947,1848267260,1046119.26916
2020-07-31,SZ300546,雄帝科技,26.31,1110200,83901797,136611500,359424.8565
2020-07-31,SH603738,泰晶科技,21.8,3643328,170193798,170193798,371022.47964
2020-07-31,SZ300545,联得装备,30.72,2242781,72824047,144087472,442636.713984
2020-07-31,SZ300547,川环科技,9.12,4922278,158548645,216906174,197818.430688
2020-07-31,SZ300549,优德精密,12.6,1460120,99567500,133340000,168008.4
2020-07-31,SH601128,常熟银行,7.45,28509781,2575087223,2740855925,2041937.664125
2020-07-31,SH603887,城地香江,32.01,11455179,267396374,375580271,1202232.447471
2020-07-31,SH603421,鼎信通讯,10.89,3236220,652176511,656693891,715139.647299
2020-07-31,SZ002813,路畅科技,23.3,2202600,34556883,120000000,279600
2020-07-31,SZ300548,长芯博创,63.79,3397674,115070238,150066000,957271.014
2020-07-31,SZ002815,崇达技术,19.68,11048687,423898401,882546777,1736852.057136
2020-07-31,SH603777,来伊份,19.1,8995520,336559908,339067764,647619.42924
2020-07-31,SH603313,梦百合,24.26,5610935,342355800,344164550,834943.1983
2020-07-31,SH603816,顾家家居,57.2,3422790,593439019,604072999,3455297.55428
2020-07-31,SH603160,汇顶科技,208.15,5593541,452537025,456922467,9510841.150605
2020-07-31,SZ300550,和仁科技,22.56,887428,159001675,164066700,370134.4752
2020-07-31,SZ300555,ST路通,9,5821245,172448166,200000000,180000
2020-07-31,SZ300551,古鳌科技,30.25,8204839,144232673.4,202752000,613324.8
2020-07-31,SH603859,能科科技,37.57,4703481,129754076,139152295,522795.172315
2020-07-31,SZ300552,万集科技,51.21,4422295,104317916,197887680,1013382.80928
2020-07-31,SZ300553,集智股份,37.55,290100,28216325,48000000,180240
2020-07-31,SZ002816,*ST和科,32.19,771104,96792056,100000000,321900
2020-07-31,SZ002817,黄山胶囊,17.09,8120161,96532800,147339000,251802.351
2020-07-31,SH603667,五洲新春,8.61,3086606,263120000,292324683,251691.552063
2020-07-31,SH603258,电魂网络,52.63,10691747,241066800,244181000,1285124.603
2020-07-31,SH600926,杭州银行,9.44,20350133,5022323095,5930200432,5598109.207808
2020-07-31,SH603888,新华网,23.38,4414401,519029360,519029360,1213490.64368
2020-07-31,SH603716,塞力医疗,17.25,2914920,191220587,205143709,353872.898025
2020-07-31,SZ300559,佳发教育,21.33,6981756,295742029,399530242,852198.006186
2020-07-31,SZ300557,理工光科,31.68,1266912,55126965,55668540,176357.93472
2020-07-31,SZ300560,中富通,19.7,3260231,189324000,189324000,372968.28
2020-07-31,SZ300556,丝路视觉,19.99,9164081,86164074,117726825,235335.923175
2020-07-31,SZ300558,贝达药业,138.19,6460094,379375817,401000000,5541419
2020-07-31,SH601882,海天精工,10.33,10436097,522000000,522000000,539226
2020-07-31,SH603203,快克智能,29.69,1384049,156533787,156533787,464748.813603
2020-07-31,SH603060,国检集团,24.49,3595875,431200000,431200000,1056008.8
2020-07-31,SZ002818,富森美,14.3,7699985,303144756,756494900,1081787.707
2020-07-31,SH603556,海兴电力,15.03,3706725,488684040,490401470,737073.40941
2020-07-31,SZ002819,东方中科,25.1,2011520,147341999,159497736,400339.31736
2020-07-31,SH603977,国泰集团,7.05,4046305,433316800,551581577,388865.011785
2020-07-31,SZ300563,神宇股份,34.85,1929200,49273841,94577259,329601.747615
2020-07-31,SZ300566,激智科技,31.16,4956315,111124180,155200500,483604.758
2020-07-31,SZ300562,乐心医疗,21.14,4579863,115068281,189727430,401083.78702
2020-07-31,SH601229,上海银行,8.28,27081937,13596143326,14206528700,11763005.7636
2020-07-31,SH603633,徕木股份,15.28,10355045,263501200,263501200,402629.8336
2020-07-31,SZ300561,*ST汇科,18.74,12660569,134454546,253736848,475502.853152
2020-07-31,SH603858,步长制药,28.66,17879629,1141580610,1141580610,3271770.02826
2020-07-31,SZ002821,凯莱英,218.35,3036860,222392250,231319762,5050867.00327
2020-07-31,SZ002820,桂发祥,13.22,4102246,202735721,204800000,270745.6
2020-07-31,SH603987,康德莱,20.19,30625208,436419000,441609000,891608.571
2020-07-31,SH603727,博迈科,20.42,3678992,234145000,234145000,478124.09
2020-07-31,SZ300565,科信技术,15.6,13405995,151480342,208000000,324480
2020-07-31,SZ300567,精测电子,66.75,5305047,169300126,246680857,1646594.720475
2020-07-31,SH603900,莱绅通灵,8.57,6917782,340473840,340473840,291786.08088
2020-07-31,SZ002823,凯中精密,12.24,3818705,155420665,289380291,354201.476184
2020-07-31,SH603336,宏辉果蔬,13.87,19095429,326774175,326774175,453235.780725
2020-07-31,SZ300569,天能重工,10.94,19409587,253776765,391866660,428702.12604
2020-07-31,SH603819,神力股份,12.05,9152583,216965787,217752027,262391.192535
2020-07-31,SH603323,苏农银行,4.66,15687491,1362187509,1803067709,840229.552394
2020-07-31,SZ002825,纳尔股份,15.7,3692997,87580801,146941044,230697.43908
2020-07-31,SZ002822,ST中装,9.73,22136290,628751576,690424838,671783.367374
2020-07-31,SH603319,美湖股份,22.02,1339233,104901550,104901550,230993.2131
2020-07-31,SH603660,苏州科达,9.03,7751340,494165507,499566725,451108.752675
2020-07-31,SZ300568,星源材质,18.75,7511976,290248989,448595043,841115.705625
2020-07-31,SH603559,ST通脉,20.25,4927507,143313207,143313207,290209.244175
2020-07-31,SZ300572,安车检测,72.62,2746673,139111263,193641120,1406221.81344
2020-07-31,SH600909,华安证券,8.09,81866028,3621000000,3621000000,2929389
2020-07-31,SZ300570,太辰光,21.56,3925464,192271415,229996800,495873.1008
2020-07-31,SH603033,三维股份,25.96,2289572,248880800,426185404,1106377.308784
2020-07-31,SZ300573,兴齐眼药,192.98,810295,60519650,82365400,1589487.4892
2020-07-31,SH603990,麦迪科技,47.98,3888180,145600000,146191209,701425.420782
2020-07-31,SZ002828,贝肯能源,10.34,7329460,150389087,200987600,207821.1784
2020-07-31,SZ002826,易明医药,15.16,29252696,133709361,191769000,290721.804
2020-07-31,SH603036,如通股份,9.67,2567050,203360000,206033000,199233.911
2020-07-31,SZ002827,高争民爆,17.33,17016179,275992744,276000000,478308
2020-07-31,SH603928,兴业股份,12.27,2025100,201600000,201600000,247363.2
2020-07-31,SZ002830,名雕股份,13.6,6407034,66665000,133340000,181342.4
2020-07-31,SZ002829,星网宇达,38.1,6483267,87022827,156954420,597996.3402
2020-07-31,SZ300571,平治信息,50.47,1828582,96309121,124597715,628844.667605
2020-07-31,SH603708,家家悦,43.46,3577417,608400000,608400000,2644106.4
2020-07-31,SH603585,苏利股份,18.64,936105,180000000,180000000,335520
2020-07-31,SH603389,*ST亚振,4.02,1635213,262752000,262752000,105626.304
2020-07-31,SZ002831,裕同科技,35.5,6102147,425944866,877098616,3113700.0868
2020-07-31,SH603098,森特股份,9.45,1647260,480012388,480012388,453611.70666
2020-07-31,SH603878,武进不锈,8.41,8650250,400758848,400758848,337038.191168
2020-07-31,SZ300581,晨曦航空,17.64,4299680,171760000,171760000,302984.64
2020-07-31,SH603823,百合花,17.37,9968222,98480456,315000000,547155
2020-07-31,SZ300576,容大感光,51.3,5660550,77139823,156000000,800280
2020-07-31,SZ300575,中旗股份,51.7,3398403,81476664,138049500,713715.915
2020-07-31,SZ300577,开润股份,33.07,1996384,104111335,217357432,718801.027624
2020-07-31,SH603416,信捷电气,54.5,2472675,91224840,140560000,766052
2020-07-31,SH603577,汇金通,11.39,6064650,245028000,288268235,328337.519665
2020-07-31,SH603058,永吉股份,10.97,3626000,224327900,419074400,459724.6168
2020-07-31,SZ002832,比音勒芬,15.69,6334932,341306110,524069710,822265.37499
2020-07-31,SZ300579,数字认证,50,11008795,174033458,180000000,900000
2020-07-31,SH600996,贵广网络,7.35,4542977,1051699766,1051699766,772999.32801
2020-07-31,SH603298,杭叉集团,12.62,5315030,866395852,866395852,1093391.565224
2020-07-31,SH603218,日月股份,19.14,11767700,735697900,743743420,1423524.90588
2020-07-31,SZ002833,弘亚数控,37.46,1986428,123160040,216447200,810811.2112
2020-07-31,SZ300582,英飞特,15.45,4257071,134697216,197931800,305804.631
2020-07-31,SZ002835,同为股份,14.44,5111750,117256562,219725865,317284.14906
2020-07-31,SH603886,元祖股份,16.62,2549855,240000000,240000000,398880
2020-07-31,SZ002837,英维克,26.78,4883605,236145665,322236160,862948.43648
2020-07-31,SZ002836,新宏泽,11.98,3064159,160000000,160000000,191680
2020-07-31,SZ300585,奥联电子,14.53,2270300,97168000,160000000,232480
2020-07-31,SH603929,亚翔集成,16.04,3491426,213360000,213360000,342229.44
2020-07-31,SH603239,浙江仙通,17.05,3979083,270720000,270720000,461577.6
2020-07-31,SH603186,华正新材,43.36,1868289,129350000,142045312,615908.472832
2020-07-31,SH601375,中原证券,5.71,54890638,2673705700,3869070700,2209239.3697
2020-07-31,SZ300586,美联新材,9.04,3880660,288441375,456000000,412224
2020-07-31,SH603444,吉比特,620,1238174,71845547,71864552,4455602.224
2020-07-31,SZ300588,熙菱信息,10.18,3106286,104941725,165604000,168584.872
2020-07-31,SH603035,常熟汽饰,12.06,4355876,285923106,285923106,344823.265836
2020-07-31,SH603032,德新科技,18.24,4766800,160008000,160008000,291854.592
2020-07-31,SZ300587,天铁科技,14.29,18902478,244250097.6,308912100,441435.3909
2020-07-31,SZ002838,道恩股份,32.44,15942552,344004016,407027500,1320397.21
2020-07-31,SH603228,景旺电子,35.72,6042480,838616254,851415894,3041257.573368
2020-07-31,SZ300583,赛托生物,30.27,1135700,81978667,107783667,326261.160009
2020-07-31,SH603877,太平鸟,15.4,944303,471939790,478879150,737473.891
2020-07-31,SZ002840,华统股份,12.89,4957460,434408080,446736080,575842.80712
2020-07-31,SZ300591,万里马,7.94,21063462,188218290,312023790,247746.88926
2020-07-31,SH603689,皖天然气,10.58,3000100,336000000,336000000,355488
2020-07-31,SH603266,天龙股份,12.92,4083463,196764022,198964940,257062.70248
2020-07-31,SH603579,荣泰健康,35.81,2423881,89975000,140000000,501340
2020-07-31,SZ300580,贝斯特,23.07,4231831,101343050,200000000,461400
2020-07-31,SZ300590,移为通信,30.63,4927972,170507250,242217000,741910.671
2020-07-31,SZ300584,海辰药业,32.44,4339860,74203435,120000000,389280
2020-07-31,SH603628,清源股份,8.76,6887123,273800000,273800000,239848.8
2020-07-31,SH603639,海利尔,21.95,2652842,236469962,237473404,521254.12178
2020-07-31,SZ002824,和胜股份,25.74,2729193,106479938,183537030,472424.31522
2020-07-31,SZ300589,江龙船艇,13.88,7529373,94730036,202807800,281497.2264
2020-07-31,SZ300593,新雷能,18.53,5791628,117863263,165580800,306821.2224
2020-07-31,SH603690,至纯科技,44.25,12566565,242026722,260017926,1150579.32255
2020-07-31,SH603039,泛微网络,83.24,947809,206802209,212296414,1767155.350136
2020-07-31,SH603038,华立股份,11.93,1190974,183853625,184165206,219709.090758
2020-07-31,SZ300595,欧普康视,65.39,7407302,431798481,606958020,3968898.49278
2020-07-31,SH603165,荣晟环保,13.22,2964316,248296900,248296900,328248.5018
2020-07-31,SH603668,天马科技,11.06,27618547,338506752,340636002,376743.418212
2020-07-31,SH601858,中国科传,9.49,4778443,790500000,790500000,750184.5
2020-07-31,SH603337,杰克科技,20.07,1275886,444488220,444488220,892087.85754
2020-07-31,SZ002842,翔鹭钨业,11.37,5525370,234006138,274486638,312091.307406
2020-07-31,SZ300596,利安隆,32.65,3195138,182250937,205010420,669359.0213
2020-07-31,SZ002841,视源股份,103.91,1888420,389236342,658355832,6840975.450312
2020-07-31,SZ002843,泰嘉股份,8.63,2730800,210000000,210000000,181230
2020-07-31,SZ300592,华凯易佰,25.85,5789699,95150475,122381100,316355.1435
2020-07-31,SH603037,凯众股份,17.76,1242282,85879628,105823700,187942.8912
2020-07-31,SH603638,艾迪精密,59.1,3610474,558990080,598809616,3538964.83056
2020-07-31,SZ300598,诚迈科技,179.6,2802965,104000000,104000000,1867840
2020-07-31,SZ300597,吉大通信,11.34,3428600,140611086,240000000,272160
2020-07-31,SZ300599,雄塑科技,14.85,6258739,136118925,304000000,451440
2020-07-31,SH601881,中国银河,13.07,70477329,6446274124,10137258757,13249397.195399
2020-07-31,SH603429,集友股份,39.56,14454534,372566957,380238957,1504225.313892
2020-07-31,SZ002839,张家港行,6.16,50086933,1328386451,1807576379,1113467.049464
2020-07-31,SH603358,华达科技,17.01,1619316,313600000,313600000,533433.6
2020-07-31,SZ300600,国瑞科技,13.16,5558416,205768980,297052200,390920.6952
2020-07-31,SZ300578,会畅科技,39.5,2933000,119357077,174196955,688077.97225
2020-07-31,SZ002845,同兴达,30.04,11500934,119331584,202787968,609175.055872
2020-07-31,SH603966,法兰泰克,14.71,12336904,144422044,210979600,310350.9916
2020-07-31,SZ300603,立昂技术,19.18,6195425,227615561,421539961,808513.645198
2020-07-31,SH603089,正裕工业,11.04,1156219,208806525,208806525,230522.4036
2020-07-31,SZ300602,飞荣达,30.55,6582947,283309576,506577319,1547593.709545
2020-07-31,SH603360,百傲化学,21.44,5744009,261346400,261346400,560326.6816
2020-07-31,SH603677,奇精机械,12.78,3198231,192128821,192128821,245540.633238
2020-07-31,SH603177,德创环保,9.22,2026156,202000000,202000000,186244
2020-07-31,SZ002846,英联股份,17.31,3632021,134374688,194756318,337123.186458
2020-07-31,SZ300601,康泰生物,224.86,11639716,450427523,672493637,15121691.921582
2020-07-31,SZ300606,金太阳,22.13,2696000,53637287,93457000,206820.341
2020-07-31,SZ002847,盐津铺子,104.62,1635348,111167923,129500000,1354829
2020-07-31,SH603881,数据港,96.27,7973706,210586508,210586508,2027316.312516
2020-07-31,SH603637,镇海股份,10.09,1958074,243028269,243702033,245895.351297
2020-07-31,SZ300605,恒锋信息,14.03,3770504,103280835,165300469,231916.558007
2020-07-31,SH603626,科森科技,15.19,13355466,465572993,474964993,721471.824367
2020-07-31,SH603040,新坐标,31.28,1424543,102865146,103327749,323209.198872
2020-07-31,SZ300607,拓斯达,46.73,6442019,166062164,265894806,1242526.428438
2020-07-31,SH603208,江山欧派,139.57,1441290,105060879,105060879,1466334.688203
2020-07-31,SZ300608,思特奇,17.18,1572438,121698632,157651712,270845.641216
2020-07-31,SH603330,天洋新材,34.8,1847646,79633076,109200000,380016
2020-07-31,SZ300610,晨化股份,14.97,6730453,110629831,150680000,225567.96
2020-07-31,SH603615,茶花股份,9.24,3500000,241820000,244550000,225964.2
2020-07-31,SZ002848,*ST高斯,12.54,7517461,113004900,167150000,209606.1
2020-07-31,SH603839,安正时尚,14.72,8433207,400102220,400102220,588950.46784
2020-07-31,SZ300609,汇纳科技,45.02,2903791,63277315,121795352,548322.674704
2020-07-31,SH601212,白银有色,3.49,217935311,7404774511,7404774511,2584266.304339
2020-07-31,SZ300615,欣天科技,16.06,2518725,87099188,187200000,300643.2
2020-07-31,SZ300612,宣亚国际,42.21,9466450,99599925,162000000,683802
2020-07-31,SH603603,退市博天,8.24,9210245,251761922,417784056,344254.062144
2020-07-31,SZ002849,威星智能,15,2423397,98081763,132515050,198772.575
2020-07-31,SZ300613,富瀚微,117.1,2412258,75411990,80000640,936807.4944
2020-07-31,SH603817,海峡环保,6.64,3064400,450004644,450004644,298803.083616
2020-07-31,SZ300611,美力科技,10.12,3879600,109565725,178950550,181097.9566
2020-07-31,SH600939,重庆建工,3.99,5808415,1814506880,1814506880,723988.24512
2020-07-31,SH603345,安井食品,144.88,1333461,230066649,236376649,3424624.890712
2020-07-31,SH603238,诺邦股份,41.11,2440363,117187500,120000000,493320
2020-07-31,SZ300617,安靠智电,41.8,4938262,66894855,129343605,540656.2689
2020-07-31,SZ300619,金银河,21.83,793100,58396019,74680000,163026.44
2020-07-31,SZ002850,科达利,71.4,4371554,130012344.75,210000000,1499400
2020-07-31,SZ300618,寒锐钴业,71.89,16476069,187530134,269446934,1937054.008526
2020-07-31,SH603138,海量数据,23.22,5923736,252555408,252664524,586687.024728
2020-07-31,SH603578,三星新材,24.51,1496849,90704863,91634863,224597.049213
2020-07-31,SZ002851,麦格米特,29.6,5915868,330366134,469457706,1389594.80976
2020-07-31,SZ300616,尚品宅配,63.1,1924596,128889022,198675000,1253639.25
2020-07-31,SH603908,牧高笛,26.29,614900,66690000,66690000,175328.01
2020-07-31,SH603991,至正股份,42.53,1391500,74534998,74534998,316997.346494
2020-07-31,SH603955,大千生态,17.67,1240631,113100000,135720000,239817.24
2020-07-31,SZ002852,道道全,21.6,15668565,206351570,289000000,624240
2020-07-31,SZ002853,皮阿诺,23.56,3562208,95224313,155341500,365984.574
2020-07-31,SZ300620,光库科技,52.52,1817127,88962100,91647000,481330.044
2020-07-31,SH603630,拉芳家化,20.43,10528590,174592126,226720000,463188.96
2020-07-31,SH603665,康隆达,21.17,6758212,148000000,148000000,313316
2020-07-31,SH603960,克来机电,42.79,3301435,246963547,252931622,1082294.410538
2020-07-31,SZ300623,捷捷微电,28.63,11436774,357313594,488398939,1398286.162357
2020-07-31,SH603903,中持股份,12.52,2697764,201898032,202344912,253335.829824
2020-07-31,SH603811,诚意药业,26.47,4665876,127346100,166992000,442027.824
2020-07-31,SZ300622,博士眼镜,13.41,1284160,104275042,170931597,229219.271577
2020-07-31,SZ300621,维业股份,11.16,2821950,197807010,208108000,232248.528
2020-07-31,SH603179,新泉股份,21.76,2192030,309410476,309410476,673277.195776
2020-07-31,SZ300625,三雄极光,16.56,2077272,138395802,280000000,463680
2020-07-31,SH603517,ST绝味,85.7,4797921,608630695,608630695,5215965.05615
2020-07-31,SZ300628,亿联网络,62.93,5998505,478283940,902758500,5681059.2405
2020-07-31,SH603133,退市碳元,21.38,14224696,208978000,211066000,451259.108
2020-07-31,SZ300626,华瑞股份,9.54,3174000,121105500,180000000,171720
2020-07-31,SZ002856,美芝股份,17.16,3357199,74178720,121608000,208679.328
2020-07-31,SZ300627,华测导航,23.58,24648203,262810752,341432028,805096.722024
2020-07-31,SH603656,泰禾智能,15.03,1738441,84718746,148881600,223769.0448
2020-07-31,SZ002855,捷荣技术,10.97,2260990,243254473,250944762,275286.403914
2020-07-31,SZ300631,久吾高科,19.85,1267200,80357250,105554000,209524.69
2020-07-31,SZ002857,三晖电气,12.71,1165400,92075981,128000000,162688
2020-07-31,SH603388,*ST元成,7.82,3037262,285142060,288627500,225706.705
2020-07-31,SH603768,常青股份,16.31,2155000,204000000,204000000,332724
2020-07-31,SZ002858,力盛体育,15.09,1013700,95473625,126320000,190616.88
2020-07-31,SZ300629,新劲刚,30.8,6368969,65507024,131526341,405101.13028
2020-07-31,SZ002774,快意电梯,7.63,4833201,279861601,339290900,258878.9567
2020-07-31,SH603717,天域生物,9.12,26016144,152008640,241796240,220518.17088
2020-07-31,SH603833,欧派家居,89.59,1337816,588241644,588241644,5270056.888596
2020-07-31,SZ300630,普利退,44.5,10114523,307226169,435088279,1936142.84155
2020-07-31,SH603178,圣龙股份,12.41,17807037,194207450,201841800,250485.6738
2020-07-31,SH601228,广州港,3.37,18184925,6193180000,6193180000,2087101.66
2020-07-31,SH603303,得邦照明,10.91,2529734,484011236,487715366,532097.464306
2020-07-31,SH603041,美思德,16.63,3760619,140364560,140899640,234316.10132
2020-07-31,SZ300635,中达安,24.92,2071043,85714210,136322000,339714.424
2020-07-31,SZ300636,同和药业,36.15,3169968,108955494,128619920,464961.0108
2020-07-31,SH601200,上海环境,13.4,14367349,913471937,913471937,1224052.39558
2020-07-31,SH603385,惠达卫浴,15.22,6058567,290144306,369396444,562221.387768
2020-07-31,SZ300632,光莆股份,16.33,2635906,130990517,237877896,388454.604168
2020-07-31,SH603586,金麒麟,18.9,2238250,200768700,203738700,385066.143
2020-07-31,SZ300633,开立医疗,33.34,3356522,400010000,403835500,1346387.557
2020-07-31,SH603538,美诺华,45.73,13030603,146019200,149682000,684495.786
2020-07-31,SZ002859,洁美科技,28.36,5068006,402908228,411329479,1166530.402444
2020-07-31,SH603078,江化微,45.89,4603848,112767079.1,141960000,651454.44
2020-07-31,SH603906,龙蟠科技,24.82,10423381,300988800,302595840,751042.87488
2020-07-31,SZ002862,实丰文化,18.36,1902392,64335450,120000000,220320
2020-07-31,SZ002860,星帅尔,14.56,2875400,133797274,199126134,289927.651104
2020-07-31,SH601366,利群股份,6.27,4069099,860500460,860500460,539533.78842
2020-07-31,SZ300637,扬帆新材,9.67,2693510,232100390,234750130,227003.37571
2020-07-31,SZ300639,凯普生物,51.59,4591360,211591094,212454284,1096051.651156
2020-07-31,SZ300638,广和通,67.81,6091480,125123400,241557597,1638002.065257
2020-07-31,SH603797,联泰环保,9.2,4687243,447523831,447523831,411721.92452
2020-07-31,SZ002861,瀛通通讯,27.91,2314120,68336213,121804400,339956.0804
2020-07-31,SH603826,坤彩科技,29.05,2329360,468000000,468000000,1359540
2020-07-31,SH603050,科林电气,13.43,6494249,122443042,162224500,217867.5035
2020-07-31,SZ300640,德艺文创,9.03,8327909,108952875,220774000,199358.922
2020-07-31,SZ300604,长川科技,30.21,6242494,220381086,314274791,949424.143611
2020-07-31,SZ002863,今飞凯达,6.12,11739509,376610819,376610819,230485.821228
2020-07-31,SZ300641,正丹股份,5.28,4641918,489600000,489600000,258508.8
2020-07-31,SH603225,新凤鸣,10.61,3019113,1179967337,1399570669,1484944.479809
2020-07-31,SH603803,瑞斯康达,12.64,6652526,421055557,421055557,532214.224048
2020-07-31,SH603081,大丰实业,11.94,1934230,401812737,401812737,479764.407978
2020-07-31,SH603232,格尔软件,37.04,5646428,172200560,172200560,637830.87424
2020-07-31,SZ300645,正元智慧,15.8,1805722,126666667,126666667,200133.33386
2020-07-31,SZ300554,三超新材,20.82,2355602,50309864,93600000,194875.2
2020-07-31,SZ300642,透景生命,55.56,1722980,74019240,90813375,504559.1115
2020-07-31,SH603139,康惠股份,21.7,1753800,94892500,99880000,216739.6
2020-07-31,SH603096,新经典,60.99,811090,135885000,136145000,830348.355
2020-07-31,SZ002865,钧达股份,14.93,4859032,116628709,120901509,180505.952937
2020-07-31,SZ300648,星云股份,28.45,9603124,78881003,135400000,385213
2020-07-31,SH603920,世运电路,23.63,4760500,404712400,409495200,967637.1576
2020-07-31,SZ002866,传艺科技,22.07,20123600,130715020,249400850,550427.67595
2020-07-31,SZ300514,友讯达,11.78,3955700,152912000,200000000,235600
2020-07-31,SZ002867,周大生,30.26,7351798,722991450,730815601,2211448.008626
2020-07-31,SH603787,新日股份,19.26,7890490,119467425,204000000,392904
2020-07-31,SH603320,迪贝电气,13.49,1926487,130006264,130006264,175378.450136
2020-07-31,SZ300647,超频三,9.45,12028352,215995041,356910612,337280.52834
2020-07-31,SZ002868,*ST绿康,15.47,2133181,155415837,155415837,240428.299839
2020-07-31,SZ300650,太龙股份,17.71,1112170,54035500,107351600,190119.6836
2020-07-31,SH603505,金石资源,24.54,7406813,237648000,240000000,588960
2020-07-31,SH603501,豪威集团,205.64,5400536,156378970,863576598,17758589.161272
2020-07-31,SZ300643,万通智控,13.95,2743313,195962669,200000000,279000
2020-07-31,SZ300649,杭州园林,18.81,1433600,106320000,128000000,240768
2020-07-31,SH603985,恒润股份,28.14,14460937,203840000,203840000,573605.76
2020-07-31,SH603229,奥翔药业,43.2,4597250,224000000,224000000,967680
2020-07-31,SZ300651,金陵体育,39.34,1191760,68642963,128746780,506489.83252
2020-07-31,SH603728,鸣志电器,14.14,2386698,416000000,416000000,588224
2020-07-31,SH603926,铁流股份,12.28,1179440,158574000,160227600,196759.4928
2020-07-31,SH603896,寿仙谷,40.33,4034167,142174103,143523384,578829.807672
2020-07-31,SH603113,金能科技,14.7,12832236,675941895,675941895,993634.58565
2020-07-31,SH603086,先达股份,16.09,1546748,117385932,156800000,252291.2
2020-07-31,SZ002871,伟隆股份,17.07,1253250,56113600,116722000,199244.454
2020-07-31,SH603180,金牌家居,52.98,1317420,92765960,94517291,500752.607718
2020-07-31,SZ002870,香山股份,21.42,1183040,48420000,110670000,237055.14
2020-07-31,SH601952,苏垦农发,13.53,75130789,1378000000,1378000000,1864434
2020-07-31,SZ002869,金溢科技,56.73,4361301,135708127,180777241,1025549.288193
2020-07-31,SH603488,展鹏科技,12.07,46583506,291990440,292517400,353068.5018
2020-07-31,SZ300652,雷迪克,20.9,871980,79090000,88000000,183920
2020-07-31,SZ300653,正海生物,74.68,3133951,120000000,120000000,896160
2020-07-31,SH603758,秦安股份,8.64,3535980,222798422,438797049,379120.650336
2020-07-31,SH603269,海鸥股份,13.24,958400,67188750,91470000,121106.28
2020-07-31,SZ002872,ST天圣,5.67,3620819,215038268,318000000,180306
2020-07-31,SZ300656,民德电子,23.89,1624861,73614201,108900000,260162.1
2020-07-31,SZ002873,新天药业,22.18,5057237,116943000,117096000,259718.928
2020-07-31,SH603197,保隆科技,30.81,2474655,117679506,166077947,511686.154707
2020-07-31,SH603383,顶点软件,48.42,2959388,167293252,168259336,814711.704912
2020-07-31,SZ300657,弘信电子,23.79,8139724,283966246,341737156,812992.694124
2020-07-31,SZ300655,晶瑞电材,37.67,6531956,144743793,188106247,708596.232449
2020-07-31,SH603855,华荣股份,18.22,4722200,331070000,337190000,614360.18
2020-07-31,SZ002876,三利谱,46.52,1877593,77584602,124800000,580569.6
2020-07-31,SH603580,*ST艾艾,13.1,990970,130673200,130673200,171181.892
2020-07-31,SZ300659,中孚信息,59.95,2926491,127992014,214718848,1287239.49376
2020-07-31,SH603196,日播时尚,8.03,3343700,240000000,240000000,192720
2020-07-31,SZ002875,安奈儿,11.59,4723872,75808237,170946389,198126.864851
2020-07-31,SH603200,上海洗霸,39.65,2613284,65542450,101302785,401665.542525
2020-07-31,SZ300658,延江股份,33.01,3252399,88575000,151785000,501042.285
2020-07-31,SH603042,华脉科技,17.63,3657217,136000000,136000000,239768
2020-07-31,SZ300660,江苏雷利,19,3677954,122697008,259372220,492807.218
2020-07-31,SZ002877,智能自控,8,3665150,204337426,332510045,266008.036
2020-07-31,SZ300661,圣邦股份,363,2373083,153724680,155427967,5642035.2021
2020-07-31,SZ002878,元隆雅图,21.1,4108803,185705487,221528252,467424.61172
2020-07-31,SH600732,爱旭股份,16.31,28966552,446383080,1829888230,2984547.70313
2020-07-31,SH603496,恒为科技,21.87,2567245,198867502,200985205,439554.643335
2020-07-31,SZ300662,科锐国际,59.57,1959541,180000000,182287000,1085883.659
2020-07-31,SZ300663,科蓝软件,32.28,9630613,227007073,300425156,969772.403568
2020-07-31,SH603536,惠发食品,14.16,3083620,168000000,168000000,237888
2020-07-31,SH603767,中马传动,7.88,2222726,298648000,306098000,241205.224
2020-07-31,SZ300665,飞鹿股份,10.93,2307020,87792494,121600000,132908.8
2020-07-31,SH603879,永悦科技,9.3,7013769,279388800,279388800,259831.584
2020-07-31,SZ300666,江丰电子,63.35,7891848,169068013,222133347,1407214.753245
2020-07-31,SH603980,吉华集团,7.29,3821731,700000000,700000000,510300
2020-07-31,SH603226,菲林格尔,11.39,3947556,207674064,210350160,239588.83224
2020-07-31,SZ002880,卫光生物,69,3486419,161413650,162000000,1117800
2020-07-31,SH603326,我乐家居,16.57,6225384,313600000,316638000,524669.166
2020-07-31,SH603316,诚邦股份,8.86,3582600,203280000,203280000,180106.08
2020-07-31,SZ300667,必创科技,21.4,2993675,95695938,190578819,407838.67266
2020-07-31,SZ300668,杰恩设计,16.75,1066650,56872707,106352500,178140.4375
2020-07-31,SH603335,迪生力,5.03,5773447,428144600,428144600,215356.7338
2020-07-31,SZ002883,中设股份,19.5,1854750,89148882,130359018,254200.0851
2020-07-31,SH603679,华体科技,27.44,1663953,140962500,142893100,392098.6664
2020-07-31,SH603380,易德龙,19.18,2523888,160000000,160000000,306880
2020-07-31,SZ002881,美格智能,23.08,2873830,107491000,181339000,418530.412
2020-07-31,SH601878,浙商证券,16.52,114956260,3393652665,3393652665,5606314.20258
2020-07-31,SZ002885,京泉华,18.05,10350497,101442555,180000000,324900
2020-07-31,SH603043,广州酒家,39.61,9307494,403996184,403996184,1600228.884824
2020-07-31,SZ002886,沃特股份,30.57,3357223,84782778,118837250,363285.47325
2020-07-31,SH603286,日盈电子,18.05,1221489,88076000,88076000,158977.18
2020-07-31,SH603938,三孚股份,25.98,1068900,150166600,150166600,390132.8268
2020-07-31,SZ300669,沪宁股份,34.01,1716616,97618069,111051892,377687.484692
2020-07-31,SH603801,志邦家居,29.2,4029907,217294360,223333360,652133.4112
2020-07-31,SH603617,君禾股份,11.96,3250192,198084460,199461164,238555.552144
2020-07-31,SZ300670,大烨智能,7.36,6933200,205112250,315890479,232495.392544
2020-07-31,SH603331,百达精工,11.75,1335586,178154620,178950520,210266.861
2020-07-31,SZ300671,富满微,35.99,8165080,140858181,157655765,567403.098235
2020-07-31,SH603933,睿能科技,14.25,3711180,201233200,201233200,286757.31
2020-07-31,SZ002879,长缆科技,17.4,5157034,129626966,193107640,336007.2936
2020-07-31,SH603305,旭升集团,44.67,5958727,414702796,447038482,1996920.899094
2020-07-31,SH603757,大元泵业,17.23,1222540,164248000,164248000,282999.304
2020-07-31,SZ002884,凌霄泵业,17.32,3148527,208856962,252457018,437255.555176
2020-07-31,SZ300673,佩蒂股份,43.32,2515761,84832920,169766700,735429.3444
2020-07-31,SZ300672,国科微,56.11,3520567,172582464,180423140,1012354.23854
2020-07-31,SH603595,ST东尼,31.6,1748220,147159817,212925243,672843.76788
2020-07-31,SZ300676,华大基因,164.15,11576795,249281007,400100000,6567641.5
2020-07-31,SH603387,基蛋生物,40.61,4861843,259702557,260340871,1057244.277131
2020-07-31,SZ002882,金龙羽,9.71,1868700,428625000,432900000,420345.9
2020-07-31,SH603612,索通发展,14.96,19039869,337006811,344543311,515436.793256
2020-07-31,SZ300675,建科院,17.83,8329400,146666700,146666700,261506.7261
2020-07-31,SH603707,健友股份,47.22,7959730,932677147,934156142,4411085.302524
2020-07-31,SH601619,嘉泽新能,3.75,105488157,1933000000,2074100000,777787.5
2020-07-31,SH603676,卫信康,13,12068378,423000000,423000000,549900
2020-07-31,SZ300677,英科医疗,171.7,6455322,154031319,221859289,3809323.99213
2020-07-31,SZ002888,惠威科技,22.18,2496192,62659938,124676400,276532.2552
2020-07-31,SZ300680,隆盛科技,24.09,12021560,87399761,133762897,322234.818873
2020-07-31,SZ300681,英搏尔,36.03,569000,40837500,75600000,272386.8
2020-07-31,SH603063,禾望电气,8.12,7297971,424232000,430580000,349630.96
2020-07-31,SZ300678,中科信息,23.27,4140280,180000000,180000000,418860
2020-07-31,SH603730,岱美股份,33.8,2511924,399677520,400594520,1354009.4776
2020-07-31,SZ002889,东方嘉盛,23.99,1053700,90221804,138101429,331305.328171
2020-07-31,SH603233,大参林,76.5,6451279,656340654,656340654,5021006.0031
2020-07-31,SH600710,苏美达,5.32,22891542,1306749434,1306749434,695190.698888
2020-07-31,SZ300679,电连技术,31.58,3663716,204689599,280800000,886766.4
2020-07-31,SH603357,设计总院,10.63,5231798,222142698,454542698,483178.887974
2020-07-31,SZ300682,朗新科技,17.51,5221000,328767304,1020556576,1786994.564576
2020-07-31,SZ002887,绿茵生态,14.35,8922775,100111245,312000000,447720
2020-07-31,SH603860,中公高科,29.05,344600,22941250,66680000,193705.4
2020-07-31,SH603825,ST华扬,27.3,10204019,94785053,230939802,630465.65946
2020-07-31,SZ300685,艾德生物,78.5,5989514,138420000,221942250,1742246.6625
2020-07-31,SZ002890,弘宇股份,41.33,697680,42784542,66670000,275547.11
2020-07-31,SZ300687,赛意信息,21.2,3478617,94432118,217611750,461336.91
2020-07-31,SZ300686,智动力,22.12,10050486,89831442,204464000,452274.368
2020-07-31,SH603880,南卫股份,17.58,8642720,107158675,219700000,386232.6
2020-07-31,SH603978,深圳新星,23.57,2904270,76121680,160000000,377120
2020-07-31,SH603535,嘉诚国际,26.5,7326766,65112500,150400000,398560
2020-07-31,SZ300683,海特生物,65.81,2748418,46910040,103355040,680179.51824
2020-07-31,SZ300690,双一科技,40.41,8247077,53578062,110928979,448264.004139
2020-07-31,SZ300689,澄天伟业,43.99,1136571,19040000,68000000,299132
2020-07-31,SH603458,勘设股份,15.86,3441745,161576483,241657815,383269.29459
2020-07-31,SZ300688,创业黑马,23.33,1636480,51154131,95200000,222101.6
2020-07-31,SH603602,纵横通信,15.63,2572583,120793954,203840000,318601.92
2020-07-31,SZ300691,联合光电,16.83,2263844,99178560,222952128,375228.431424
2020-07-31,SH603721,*ST天择,22.1,4738305,61549927,130000000,287300
2020-07-31,SH601326,秦港股份,2.81,7497417,1653244796,5587412000,1570062.772
2020-07-31,SH603776,永安行,23,7757390,120011737,187580000,431434
2020-07-31,SZ002892,科力尔,24.04,1402291,44771200,142120000,341656.48
2020-07-31,SH603129,春风动力,97.2,1944699,65910054,134378200,1306156.104
2020-07-31,SH603557,ST起步,10.18,27804083,218902458,471960658,480455.949844
2020-07-31,SH601949,中国出版,6.3,30115100,401005541,1822500000,1148175
2020-07-31,SZ002891,中宠股份,44.91,2888431,98824242,177270490,796121.77059
2020-07-31,SZ300692,中赋科技,16.08,7490766,101716863,164716863,264864.715704
2020-07-31,SH603976,正川股份,92.88,14934193,38299938,151200000,1404345.6
2020-07-31,SZ300693,盛弘股份,26.2,7674721,70420469,136850329,358547.86198
2020-07-31,SZ300696,爱乐达,51.47,2207035,74948483,178800000,920283.6
2020-07-31,SH603079,圣达生物,32.12,4163094,65505142,171188958,549858.933096
2020-07-31,SH603181,皇马科技,25.03,3687473,138600000,280000000,700840
2020-07-31,SH603127,昭衍新药,97.61,3085175,110846075,226681929,2212642.308969
2020-07-31,SZ002895,川恒股份,13.53,11101108,89042000,407626000,551517.978
2020-07-31,SZ002896,中大力德,28.45,1621980,34250000,80000000,227600
2020-07-31,SZ300698,万马科技,17.27,1718713,58461096,134000000,231418
2020-07-31,SH603359,东珠生态,18.63,3050610,152950280,318640000,593626.32
2020-07-31,SZ300699,光威复材,77.55,5865062,322598060,518350000,4019804.25
2020-07-31,SH603500,祥和实业,14.9,7972492,50400000,176400000,262836
2020-07-31,SH603183,建研院,7.82,5951944,146626355,298280075,233255.01865
2020-07-31,SH603725,天安新材,8.23,1434260,131562654,205352000,169004.696
2020-07-31,SZ300697,电工合金,18.2,2014450,52000000,208000000,378560
2020-07-31,SH603527,众源新材,11.16,7574474,150537453,243824000,272107.584
2020-07-31,SZ002897,意华股份,37,6098514,67563713,170672000,631486.4
2020-07-31,SH603882,金域医学,96.42,5712586,279639368,457884577,4414923.091434
2020-07-31,SZ300695,兆丰股份,68.4,641486,16677700,66677700,456075.468
2020-07-31,SH603277,银都股份,11.07,6052700,160971000,410055000,453930.885
2020-07-31,SZ300700,岱勒新材,19.47,7119400,44851330,82405236,160442.994492
2020-07-31,SZ002898,*ST赛隆,13.51,2312425,65822655,176000000,237776
2020-07-31,SH603386,骏亚科技,14.64,1191978,56675000,224953008,329331.203712
2020-07-31,SH603648,畅联股份,10.37,15437283,273187206,368666700,382307.3679
2020-07-31,SZ300701,森霸传感,40.77,4056694,38014500,120000000,489240
2020-07-31,SZ002899,英派斯,16,11488749,79336500,120000000,192000
2020-07-31,SH603321,梅轮电梯,7.91,8409800,99626250,307000000,242837
2020-07-31,SZ002893,京能热力,11.11,8337073,110546423,205057320,227818.68252
2020-07-31,SH603813,*ST原尚,18.36,967985,47322000,88782000,163003.752
2020-07-31,SZ300703,创源股份,14.17,11737050,102304500,182511600,258618.9372
2020-07-31,SZ300702,天宇股份,104.4,2099784,54908209,182223560,1902413.9664
2020-07-31,SH603106,恒银科技,10.2,17153297,169455000,400400000,408408
2020-07-31,SH603055,台华新材,9.49,13121753,141089883,766644071,727545.223379
2020-07-31,SH603533,掌阅科技,33.75,5395523,163151535,401000000,1353375
2020-07-31,SZ002901,大博医疗,104.74,1476904,40587225,402235800,4213017.7692
2020-07-31,SZ002900,哈三联,12.48,5493840,119426550,316600050,395116.8624
2020-07-31,SH603963,*ST大药,9.66,6728847,129073750,219700000,212230.2
2020-07-31,SH603157,退市拉夏,2.57,3528600,145803027,547671642,140751.611994
2020-07-31,SZ300706,阿石创,31.15,2871508,61778574,141120000,439588.8
2020-07-31,SZ300654,世纪天鸿,9.81,2654650,85203937,182032500,178573.8825
2020-07-31,SH603363,傲农生物,23.66,11855805,183992944,517829056,1225183.546496
2020-07-31,SH603136,天目湖,28.22,792977,29000000,116000000,327352
2020-07-31,SH603378,亚士创能,72.31,2054375,68980000,194800000,1408598.8
2020-07-31,SH603367,辰欣药业,17.99,15399579,287679800,453353000,815582.047
2020-07-31,SH601086,国芳集团,5.28,11205500,166000000,666000000,351648
2020-07-31,SZ002902,铭普光磁,20.2,3904552,108412500,210000000,424200
2020-07-31,SZ300705,九典制药,19.2,5741346,99059240,234680000,450585.6
2020-07-31,SZ300707,威唐工业,16.97,2563280,76630182,157200000,266768.4
2020-07-31,SH603103,横店影视,19.28,7553892,74200000,634200000,1222737.6
2020-07-31,SH603110,东方材料,16.77,5055926,54300540,143733380,241040.87826
2020-07-31,SZ002903,宇环数控,14.01,2619650,66000000,152035000,213001.035
2020-07-31,SZ002906,华阳集团,20.66,5094545,199268221,473100000,977424.6
2020-07-31,SH603499,翔港科技,12.54,4096760,49738175,198571324,249008.440296
2020-07-31,SZ300708,聚灿光电,15.15,4938700,91437573,260268000,394306.02
2020-07-31,SZ002905,金逸影视,11.59,9548316,94080000,376320000,436154.88
2020-07-31,SH603829,洛凯股份,12.28,4623494,72400000,160000000,196480
2020-07-31,SH603396,金辰股份,29.65,3969128,44196842,105779334,313635.72531
2020-07-31,SZ300709,精研科技,95.51,3412154,73936324,115347310,1101682.15781
2020-07-31,SZ300710,万隆光电,27.42,1039200,33524000,68614000,188139.588
2020-07-31,SZ002908,德生科技,14.1,5382278,119147611,200862150,283215.6315
2020-07-31,SH603466,风语筑,19.17,5239321,90158200,291550400,558902.1168
2020-07-31,SZ002907,华森制药,19.39,7495497,65401980,401737329,778968.680931
2020-07-31,SH603683,晶华新材,13.48,2441300,50438000,126670000,170751.16
2020-07-31,SH603922,金鸿顺,18.2,4213615,32000000,128000000,232960
2020-07-31,SH601108,财通证券,16.74,387362352,2406692646,3589000000,6007986
2020-07-31,SH603607,京华激光,16.44,2394882,68200082,178516800,293481.6192
2020-07-31,SH603722,阿科力,51.92,10245098,40730000,87937500,456571.5
2020-07-31,SZ002909,集泰股份,11.81,7355648,103845872,233802773,276121.074913
2020-07-31,SZ300715,凯伦股份,43.15,1662082,78360400,170907500,737465.8625
2020-07-31,SH603260,合盛硅业,31.5,6188670,365178527,938000000,2954700
2020-07-31,SZ002910,庄园牧场,11.59,12092207,74117900,190680600,220998.8154
2020-07-31,SZ300712,永福股份,15.64,13346943,78499244,182104000,284810.656
2020-07-31,SH603289,泰瑞机器,10.15,2505310,136294782,266800000,270802
2020-07-31,SZ300713,英可瑞,13.86,3648000,64223749.5,143437500,198804.375
2020-07-31,SZ300711,广哈通信,12.9,1816192,65737440,207642172,267858.40188
2020-07-31,SH603912,佳力图,20.8,2997955,112765000,216951400,451258.912
2020-07-31,SH603937,丽岛新材,12.19,2411548,75858268,208880000,254624.72
2020-07-31,SH603659,璞泰来,106.39,4884720,193530088,435218821,4630293.036619
2020-07-31,SH603856,东宏股份,16.26,11372194,91429000,256414600,416930.1396
2020-07-31,SH603507,振江股份,30.56,4227198,80377060,128071400,391386.1984
2020-07-31,SZ300717,华信新材,17.55,2236500,42496000,102400000,179712
2020-07-31,SZ300720,海川智能,16.89,910900,41644800,108000000,182412
2020-07-31,SZ300718,长盛轴承,17.95,2723034,49500000,198000000,355410
2020-07-31,SH600903,贵州燃气,11.13,6920394,631723187,1138185027,1266799.935051
2020-07-31,SZ300719,安达维尔,14.64,8424350,132770518,254245250,372215.046
2020-07-31,SZ300716,ST泉为,10.04,3460818,94770000,160020000,160660.08
2020-07-31,SH603916,苏博特,28.8,3865662,131727000,310550000,894384
2020-07-31,SH603083,剑桥科技,35.28,3312522,113534548,194015820,684487.81296
2020-07-31,SZ300722,新余国科,20.86,9234867,36400000,145600000,303721.6
2020-07-31,SZ300725,药石科技,127.85,1816470,96948008,144789501,1851133.770285
2020-07-31,SH603076,乐惠国际,34.48,988600,26849199,74500000,256876
2020-07-31,SH603278,大业股份,8.54,2970683,119879434,289932954,247602.742716
2020-07-31,SZ300721,怡达股份,22.37,3062910,41993956,80571000,180237.327
2020-07-31,SH603605,珀莱雅,187.51,2691377,62461300,201269560,3774005.51956
2020-07-31,SZ300723,一品红,49.57,3057219,45129743,161142800,798784.8596
2020-07-31,SZ002864,盘龙药业,30.68,4788678,44932250,86670000,265903.56
2020-07-31,SH603970,中农立华,16.7,7907938,95520096,192000096,320640.16032
2020-07-31,SH603619,中曼石油,12.97,6240853,143321614,400000100,518800.1297
2020-07-31,SH600933,爱柯迪,13.13,3461532,271118895,858933700,1127779.9481
2020-07-31,SH603365,水星家纺,15.62,2627340,88584000,266670000,416538.54
2020-07-31,SZ300726,宏达电子,36.64,10851310,110228750,400100000,1465966.4
2020-07-31,SZ002912,中新赛克,83.42,3723581,82912000,174471040,1455437.41568
2020-07-31,SH603661,恒林股份,62.73,1334088,28750000,100000000,627300
2020-07-31,SZ002911,佛燃能源,16.14,1943700,270789850,556000000,897384
2020-07-31,SH601019,山东出版,6.78,5147044,426900000,2086900000,1414918.2
2020-07-31,SH603685,晨丰科技,15.44,1429415,57460000,169000000,260936
2020-07-31,SZ300727,润禾材料,16.5,2182263,38935000,126880000,209352
2020-07-31,SH603809,豪能股份,18.78,4919256,115071600,209073200,392639.4696
2020-07-31,SH603711,香飘飘,28.02,1379510,48381485,418171100,1171715.4222
2020-07-31,SZ002913,奥士康,57.64,1184131,37272806,147868152,852312.028128
2020-07-31,SH603848,好太太,13.61,1253177,71105000,401000000,545761
2020-07-31,SZ300729,乐歌股份,50.53,3031935,25155948,87230830,440777.38399
2020-07-31,SH603917,合力科技,11.78,3005467,80257912,156800000,184710.4
2020-07-31,SZ002915,中欣氟材,19.69,3327274,50823750,204020455,401716.275895
2020-07-31,SZ300730,科创信息,14.68,5633814,84369589,159413198,234018.574664
2020-07-31,SZ300731,科创新源,29.23,1268648,83013420,124866547,364984.916881
2020-07-31,SZ002917,金奥博,11.21,5099970,81264000,271344000,304176.624
2020-07-31,SH603890,春秋电子,16.42,18797196,189692720,385154000,632422.868
2020-07-31,SZ300732,设研院,14.22,2497789,147055274,229615180,326512.78596
2020-07-31,SZ002916,深南电路,154.14,6570386,140892641,477138793,7354617.355302
2020-07-31,SH600025,华能水电,3.82,35368636,8928000000,18000000000,6876000
2020-07-31,SZ002919,名臣健康,19.08,7468191,42280995,122135745,233035.00146
2020-07-31,SH603477,巨星农牧,15.25,6904200,113500000,467911629,713565.234225
2020-07-31,SZ000155,川能动力,5.51,40803924,1270000000,1270000000,699770
2020-07-31,SZ002918,蒙娜丽莎,40.88,4136195,136431264,403301514,1648696.589232
2020-07-31,SH603283,赛腾股份,53.86,4137558,49028699,176058917,948253.326962
2020-07-31,SZ001965,招商公路,7.16,3366860,554843655,6178222288,4423607.158208
2020-07-31,SZ002920,德赛西威,70.89,3917373,122350000,550000000,3898950
2020-07-31,SZ300684,中石科技,35.58,3483560,103856238,280951707,999626.173506
2020-07-31,SZ002921,联诚精密,22.01,2229300,48275000,81600000,179601.6
2020-07-31,SZ300735,光弘科技,19.8,11351483,230461749,774621120,1533749.8176
2020-07-31,SZ002922,伊戈尔,14.35,2309941,64984029,135151475,193942.366625
2020-07-31,SH603655,朗博科技,28.42,2084766,34000000,106000000,301252
2020-07-31,SH603329,上海雅仕,13.89,1894860,64680000,132000000,183348
2020-07-31,SH603080,新疆火炬,14.42,2640632,87235000,141500000,204043
2020-07-31,SH603161,科华控股,12.95,1701941,69400000,133400000,172753
2020-07-31,SZ300664,鹏鹞环保,10.79,123116268,481800150,714844800,771317.5392
2020-07-31,SZ002923,润都股份,23.16,3865760,61933875,185938500,430633.566
2020-07-31,SZ300736,百邦科技,10.77,3525771,79977421,130572240,140626.30248
2020-07-31,SZ002925,盈趣科技,59.6,4507267,165925400,458090000,2730216.4
2020-07-31,SZ300733,西菱动力,11.49,4939455,67837508,160000000,183840
2020-07-31,SH603056,德邦股份,12.85,4545635,217658855,960000000,1233600
2020-07-31,SH601828,美凯龙,9.83,6529282,435367017,3905000000,3838615
2020-07-31,SZ300624,万兴科技,67.48,6519514,79880656,130055200,877612.4896
2020-07-31,SZ300738,奥飞数据,53.5,6200843,102436560,199713960,1068469.686
2020-07-31,SH603895,天永智能,20.7,1495725,32767140,108080000,223725.6
2020-07-31,SH603356,华菱精工,13.16,2775275,90240000,133340000,175475.44
2020-07-31,SZ300737,科顺股份,26.4,8186141,297284879,608598600,1606700.304
2020-07-31,SH601838,成都银行,8.31,16485609,1894202768,3612251334,3001780.858554
2020-07-31,SH603506,南都物业,26.99,1441500,33531746.1,134126985,362008.732515
2020-07-31,SZ300739,明阳电路,21.39,5074027,70200000,279312900,597450.2931
2020-07-31,SH603516,淳中科技,36.29,1371178,88276580,133300380,483747.07902
2020-07-31,SZ002926,华西证券,12.75,57190372,1778147433,2625000000,3346875
2020-07-31,SZ300644,南京聚隆,32.42,1542071,40219382,64000000,207488
2020-07-31,SH603871,嘉友国际,25.05,3395177,54880000,219520000,549897.6
2020-07-31,SZ300740,水羊股份,22.6,15520065,221735727,412086951,931316.50926
2020-07-31,SH603709,中源家居,24.35,692000,20000000,80000000,194800
2020-07-31,SH603156,养元饮品,25.19,4741264,767334390,1265493600,3187778.3784
2020-07-31,SZ002927,泰永长征,13.8,9880968,93504320,223689700,308691.786
2020-07-31,SH603712,七一二,44.25,13162304,366436800,772000000,3416100
2020-07-31,SH603680,今创集团,11.89,1688364,246411896,790872420,940347.30738
2020-07-31,SH601360,三六零,19.42,26548290,1789231774,6764055167,13135795.134314
2020-07-31,SZ002929,润建股份,29.72,2436666,76601373,220746347,656058.143284
2020-07-31,SH600901,江苏金租,6.06,20892553,1791290012,2986649968,1809909.880608
2020-07-31,SZ300741,华宝股份,55.38,6445890,115877150,615880000,3410743.44
2020-07-31,SH603059,倍加洁,34.55,1295175,25000000,100000000,345500
2020-07-31,SZ002928,华夏航空,10.81,21561193,411914953,1006758298,1088305.720138
2020-07-31,SZ300634,彩讯股份,27.8,14792034,200885000,400010000,1112027.8
2020-07-31,SH600929,雪天盐业,7.04,11286915,337345234,917751148,646096.808192
2020-07-31,SZ002930,宏川智慧,21.5,11306263,179263916,443712760,953982.434
2020-07-31,SZ300504,天邑股份,25.15,3564418,104760000,267408000,672531.12
2020-07-31,SH603214,爱婴室,34.75,1493994,77715200,142882600,496517.035
2020-07-31,SZ002931,锋龙股份,17.45,1938320,43406336,142208000,248152.96
2020-07-31,SH603897,长城科技,20.16,1844587,55540097,178403397,359661.248352
2020-07-31,SH603301,振德医疗,90.2,13841193,79172133,198864433,1793757.18566
2020-07-31,SH603773,沃格光电,32.88,1191064,64327305,94595556,311030.188128
2020-07-31,SH603876,鼎胜新材,16.39,6305914,239253240,433628040,710716.35756
2020-07-31,SH603733,仙鹤股份,23.11,24967475,62007452,612007452,1414349.221572
2020-07-31,SH603348,文灿股份,19.25,2845247,81599621,231599621,445829.270425
2020-07-31,SH603596,伯特利,38.02,3199266,171393500,408561000,1553348.922
2020-07-31,SZ300743,天地数码,17.05,1484150,54474432,98887900,168603.8695
2020-07-31,SZ300742,越博退,25.74,4495930,42941470,78498570,202055.31918
2020-07-31,SH603259,药明康德,113,14652283,1413139634,2311577143,26120821.7159
2020-07-31,SH603013,亚普股份,15.89,1811900,60000000,514230500,817112.2645
2020-07-31,SZ300454,深信服,213.87,1561904,210303440,408927140,8745724.74318
2020-07-31,SH603045,福达合金,14.42,8627750,94932694,137620000,198448.04
2020-07-31,SZ300745,欣锐科技,19.93,1943757,64218515,114512352,228223.117536
2020-07-31,SZ300746,汉嘉数智,13.85,10731967,67712500,225738328,312647.58428
2020-07-31,SH603486,科沃斯,31.6,4417015,179648728,563223175,1779785.233
2020-07-31,SH601138,工业富联,14.59,54065275,1868082018,19872102687,28993397.820333
2020-07-31,SH601330,绿色动力,10.24,11844561,255650590,1161200000,1189068.8
2020-07-31,SZ300750,宁德时代,212.17,20704980,1225589086,2207113780,46828333.07026
2020-07-31,SH603666,亿嘉和,112.66,1436241,39543938,138638738,1561904.022308
2020-07-31,SH601990,南京证券,15.67,79984707,2060988373,3298823404,5169256.274068
2020-07-31,SH601066,中信建投,48.63,51060639,1164375185,7646385238,37184371.412394
2020-07-31,SH603587,地素时尚,18.81,2513352,114000000,481200000,905137.2
2020-07-31,SZ300747,锐科激光,105.96,1448733,98274464,192000000,2034432
2020-07-31,SH603650,彤程新材,34.2,11077277,131417500,585987500,2004077.25
2020-07-31,SH603693,江苏新能,13.81,25211498,193000000,618000000,853458
2020-07-31,SH603706,东方环宇,19.66,1991200,58339615,160000000,314560
2020-07-31,SH603105,芯能科技,10.15,28033527,308300000,500000000,507500
2020-07-31,SZ002932,明德生物,99.72,3537500,30022197,66585147,663987.085884
2020-07-31,SH603713,密尔克卫,125.19,1261191,68024094,154736984,1937152.302696
2020-07-31,SH601869,长飞光纤,31.25,1837886,106573510,757905108,2368453.4625
2020-07-31,SH603657,春光科技,18.22,1359220,40075000,134400000,244876.8
2020-07-31,SH601606,长城军工,14.24,24624224,297726841,724228400,1031301.2416
2020-07-31,SZ300724,捷佳伟创,96.59,2209311,170001888,321220000,3102663.98
2020-07-31,SZ000629,钒钛股份,2.2,52847439,7464400497,8589746202,1889744.16444
2020-07-31,SH603590,康辰药业,53.5,4069904,83367640,160000000,856000
2020-07-31,SH603192,汇得科技,27.6,977732,26666667,106666667,294400.00092
2020-07-31,SZ002933,新兴装备,39.51,2641932,47947652,117350000,463649.85
2020-07-31,SZ000950,重药控股,6.55,118523831,868132776,1728184696,1131960.97588
2020-07-31,SH601068,中铝国际,4.39,13722308,295906667,2959066667,1299030.266813
2020-07-31,SZ002935,天奥电子,27.13,9309753,105034554,208006500,564321.6345
2020-07-31,SH603297,永新光学,43.2,729730,51081173,110545000,477554.4
2020-07-31,SH603790,雅运股份,13.74,2544840,61582040,191360000,262928.64
2020-07-31,SH603810,丰山集团,38.3,1476440,55316533,116151000,444858.33
2020-07-31,SZ002938,鹏鼎控股,51,27051469,480169744,2311430816,11788297.1616
2020-07-31,SZ002936,郑州银行,3.68,21116004,1656416558,6514125090,2397198.03312
2020-07-31,SZ300748,金力永磁,37.3,15883080,258088624,413424624,1542073.84752
2020-07-31,SH603583,捷昌驱动,58.63,2263776,147759640,248428531,1456536.477253
2020-07-31,SZ300749,顶固集创,12.87,5120794,86267700,205169400,264053.0178
2020-07-31,SZ002937,兴瑞科技,16.01,7521683,95929504,294400000,471334.4
2020-07-31,SH601577,长沙银行,8.54,12482608,995332714,3421553754,2922006.905916
2020-07-31,SZ300694,蠡湖股份,13.09,3973376,129039150,215316977,281849.922893
2020-07-31,SZ300760,迈瑞医疗,346.99,5860785,499134264,1215691266,42183271.238934
2020-07-31,SH601162,天风证券,7.18,179603265,3838479938,6665967280,4786164.50704
2020-07-31,SZ002940,昂利康,62.3,2941109,43500600,90000000,560700
2020-07-31,SZ002939,长城证券,14.39,47460382,1664180931,3103405351,4465800.300089
2020-07-31,SZ300674,宇信科技,50.65,5451676,276093440,411989200,2086725.298
2020-07-31,SZ300751,迈为股份,359.37,730960,28918888,52000000,1868724
2020-07-31,SH603220,中贝通信,17.4,2779074,185645200,337760000,587702.4
2020-07-31,SH601319,中国人保,7.14,56849034,5601567019,44223990583,31575929.276262
2020-07-31,SZ002941,新疆交建,16.16,13872570,172750000,645000000,1042320
2020-07-31,SH603187,海容冷链,56.54,9632055,118282782,158480000,896045.92
2020-07-31,SZ002943,宇晶股份,30.41,8318058,51844875,100000000,304100
2020-07-31,SZ300752,隆利科技,25.72,873480,33064560,119752220,308002.70984
2020-07-31,SZ002942,新农股份,38.45,2226300,39112500,120000000,461400
2020-07-31,SZ300753,爱朋医疗,36.58,1439564,46705129.9,105040000,384236.32
2020-07-31,SH603629,利通电子,24.84,1308100,30000000,100000000,248400
2020-07-31,SZ001872,招商港口,16.85,5950442,464858324,1922365124,3239185.23394
2020-07-31,SH603185,弘元绿能,65.18,3264342,58203600,231874500,1511357.991
2020-07-31,SZ300756,金马游乐,21.77,505528,33011798.4,101966200,221980.4174
2020-07-31,SH601860,紫金银行,4.38,43622781,1735691709,3660888889,1603469.333382
2020-07-31,SZ300757,罗博特科,45.3,938381,38624690,104000000,471120
2020-07-31,SH601975,招商南油,2.67,62652239,3584690582,4942116343,1319545.063581
2020-07-31,SH603121,华培动力,15.39,9667741,118887120,259200000,398908.8
2020-07-31,SH603739,蔚蓝生物,30.82,8750699,62903250,154667000,476683.694
2020-07-31,SZ002948,青岛银行,5.08,9963234,605052226,4509690000,2290922.52
2020-07-31,SH603332,苏州龙杰,24.27,627600,29735000,118938000,288662.526
2020-07-31,SZ002945,华林证券,17.02,26667496,754789089,2700000000,4595400
2020-07-31,SH601598,中国外运,3.39,16188994,1351637231,7400803875,2508872.513625
2020-07-31,SH601298,青岛港,6.52,10983328,1869896000,6491100000,4232197.2
2020-07-31,SH603700,宁水集团,29.05,4371858,103323308,203242000,590418.01
2020-07-31,SH601615,明阳智能,15.98,34805948,924750406,1403070861,2242107.235878
2020-07-31,SZ002946,新乳业,23.56,18354902,159316720,853710666,2011342.329096
2020-07-31,SZ300759,康龙化成,104.93,8873823,283233349,794387462,8335507.638766
2020-07-31,SZ300755,华致酒行,29.55,5605898,119115352,416798400,1231639.272
2020-07-31,SH603351,威尔药业,34.56,11231505,59665803,130666732,451584.225792
2020-07-31,SZ002947,恒铭达,64.95,2249128,48688066,121512010,789220.50495
2020-07-31,SH601865,福莱特,22.79,20868668,206160000,1950000000,4444050
2020-07-31,SZ300761,立华股份,41.6,1802576,119461250,403880000,1680140.8
2020-07-31,SZ300758,七彩化学,35.15,24135991,119903310,192024000,674964.36
2020-07-31,SH603956,威派格,18.39,14145511,87860100,425960100,783340.6239
2020-07-31,SZ002949,华阳国际,31.03,9026286,86347000,196030000,608281.09
2020-07-31,SH600928,西安银行,5.63,13095438,1155635387,4444444445,2502222.222535
2020-07-31,SZ002950,奥美医疗,29.84,14832100,223523212,633265407,1889663.974488
2020-07-31,SZ300762,上海瀚讯,42.13,2979727,108021976,213376000,898953.088
2020-07-31,SZ002951,金时科技,15.54,1900100,71666666,405000000,629370
2020-07-31,SZ300763,锦浪科技,88.28,3116854,55059736,138216598,1220176.127144
2020-07-31,SZ300765,新诺威,22.74,5356142,105000000,420000000,955080
2020-07-31,SZ300766,每日互动,35.14,5888249,309503134,400100000,1405951.4
2020-07-31,SH603681,永冠新材,20.56,3360558,60832184,166591604,342512.337824
2020-07-31,SZ002958,青农商行,5.63,126533258,2692189592,5555555556,3127777.778028
2020-07-31,SZ002952,亚世光电,17.97,1353597,104116500,164340000,295318.98
2020-07-31,SZ300767,震安科技,82.26,2604360,85767120,144000000,1184544
2020-07-31,SH603379,三美股份,22.55,1949885,155725514,610479037,1376630.228435
2020-07-31,SZ300768,迪普科技,46.88,3249898,138597011,400010000,1875246.88
2020-07-31,SH603068,博通集成,75.83,1912756,93478431,138713534,1051864.728322
2020-07-31,SZ300769,德方纳米,97.3,894600,42774717,77859993,757577.73189
2020-07-31,SH603317,天味食品,58.3,2865569,125214750,600984750,3503741.0925
2020-07-31,SZ300770,新媒股份,118.14,1740230,141532002,231058146,2729720.936844
2020-07-31,SZ300771,智莱科技,38.49,1866288,73894000,160000000,615840
2020-07-31,SZ300773,拉卡拉,36.29,11742687,383007612,800020000,2903272.58
2020-07-31,SZ300772,运达股份,15.5,12448554,127554375,293960000,455638
2020-07-31,SH603967,中创物流,15.27,2521900,66666700,266666700,407200.0509
2020-07-31,SH603697,有友食品,18.81,9114738,89902922,304545000,572849.145
2020-07-31,SZ002953,日丰股份,25.12,2362052,52699447,172079292,432263.181504
2020-07-31,SZ300778,新城市,43.3,2405025,46098100,100000000,433000
2020-07-31,SH603267,鸿远电子,54.4,5766963,157512356,231476000,1259229.44
2020-07-31,SH600989,宝丰能源,10.32,43097870,733360000,7333360000,7568027.52
2020-07-31,SZ300777,中简科技,49.5,4496325,262258728,400010000,1980049.5
2020-07-31,SZ300776,帝尔激光,88.73,1080720,45453467,105800240,938765.52952
2020-07-31,SZ300775,三角防务,32.16,21886204,264000000,495500000,1593528
2020-07-31,SH603982,泉峰汽车,18.09,3334326,81440000,201532400,364572.1116
2020-07-31,SZ300779,惠城环保,21.81,3684641,69148187,100000000,218100
2020-07-31,SH603327,福蓉科技,29.05,6045372,102470650,401000000,1164905
2020-07-31,SZ002955,鸿合科技,29.01,1652600,91601249,236454451,685954.362351
2020-07-31,SZ300780,德恩精工,19.31,2777351,60851000,146670000,283219.77
2020-07-31,SZ300781,因赛集团,32.32,2899498,27546600,84541420,273237.86944
2020-07-31,SH603915,国茂股份,21.51,5254996,124927400,463327400,996617.2374
2020-07-31,SZ300782,卓胜微,438.8,3198986,105786176,180000000,7898400
2020-07-31,SZ002956,西麦食品,51.28,2269559,69825880,160000000,820480
2020-07-31,SH603217,元利科技,31.11,2568612,41362825,127456000,396515.616
2020-07-31,SH603863,松炀资源,13.18,4592806,108644000,205894000,271368.292
2020-07-31,SZ300594,朗进科技,26.28,1043504,67612950,88906700,233646.8076
2020-07-31,SH600968,海油发展,2.54,52677249,1865104199,10165104199,2581936.466546
2020-07-31,SH603867,新化股份,26.77,5135059,84703624,140000000,374780
2020-07-31,SH601698,中国卫通,23.07,49304478,407637548,4000000000,9228000
2020-07-31,SZ300788,中信出版,44.82,814165,50390151,190151515,852259.09023
2020-07-31,SH601236,红塔证券,21.4,26481941,1474920119,3633405396,7775487.54744
2020-07-31,SZ300783,三只松鼠,67,2146200,226976000,401000000,2686700
2020-07-31,SZ300785,值得买,121.87,1035407,22893003,80584298,982080.839726
2020-07-31,SH603236,移远通信,196.36,2169808,71016000,107016000,2101366.176
2020-07-31,SH603256,宏和科技,13.72,7524386,135973021,877800000,1204341.6
2020-07-31,SH688122,西部超导,35.03,6507445,310388000,441272000,1545775.816
2020-07-31,SH688088,虹软科技,69.72,3171540,264026180,406000000,2830632
2020-07-31,SH688333,铂力特,101.27,6235407,42320346,80000000,810160
2020-07-31,SH688001,华兴源创,42.97,1801653,38451196,429086418,1843784.338146
2020-07-31,SH688388,嘉元科技,49.28,3549609,150540883,230876000,1137756.928
2020-07-31,SH688012,中微公司,220.39,8939994,245402535,534862237,11787828.841243
2020-07-31,SH688019,安集科技,436.93,1857163,29884197,53108380,2320464.44734
2020-07-31,SH688022,瀚川智能,38.53,878982,55976521,108000000,416124
2020-07-31,SH688003,天准科技,27.79,2237872,71366000,193600000,538014.4
2020-07-31,SH688005,容百科技,28.75,3550805,274010300,443285700,1274446.3875
2020-07-31,SH688006,杭可科技,54.2,3858098,95278424,401000000,2173420
2020-07-31,SH688007,光峰科技,23.75,2505667,282097645,451554411,1072441.726125
2020-07-31,SH688008,澜起科技,88.39,6117952,420201823,1129813889,9986424.964871
2020-07-31,SH688009,中国通号,6.31,33421410,1980591576,10589819000,6682175.789
2020-07-31,SH688018,乐鑫科技,177.1,968538,44340000,80000000,1416800
2020-07-31,SH688033,天宜新材,20.9,5847900,288593936,448737188,937860.72292
2020-07-31,SH688016,心脉医疗,305.49,889850,36894736,71978147,2198860.412703
2020-07-31,SH688002,睿创微纳,79.1,10721295,228728570,445000000,3519950
2020-07-31,SH688029,南微医学,243.19,691776,42099554,133340000,3242695.46
2020-07-31,SH688010,福光股份,38.65,1985666,60995901,153581943,593594.209695
2020-07-31,SH688015,交控科技,41.8,1643895,90669718,160000000,668800
2020-07-31,SH688020,方邦股份,115.77,1184985,36662518,80000000,926160
2020-07-31,SH688011,新光光电,41.33,1042522,40781399,100000000,413300
2020-07-31,SH688028,沃尔德,48.3,1447408,36463923,80000000,386400
2020-07-31,SH688066,航天宏图,48.58,3760880,96364115,165983333,806347.031714
2020-07-31,SZ300786,国林科技,25.22,1730720,51593200,85440000,215479.68
2020-07-31,SH603983,丸美生物,76.96,2817120,77000000,401000000,3086096
2020-07-31,SH603687,大胜达,13.47,2628399,141788032,410830732,553388.996004
2020-07-31,SZ002957,科瑞技术,25.32,1338600,153887203,410000000,1038120
2020-07-31,SH603279,景津装备,20.61,5566089,190310651,400035000,824472.135
2020-07-31,SH603613,国联股份,85.46,4711211,120204094,204181750,1744937.2355
2020-07-31,SZ002966,苏州银行,8.56,17072549,333333334,3333333334,2853333.333904
2020-07-31,SH603530,神马电力,26.39,2689900,40044490,400044490,1055717.40911
2020-07-31,SH603662,柯力传感,30.08,1324017,41790159,167160635,502819.19008
2020-07-31,SH688099,晶晨股份,53.37,1237504,39561559,411120000,2194147.44
2020-07-31,SH688188,柏楚电子,191.87,848492,24125110,100000000,1918700
2020-07-31,SZ002960,青鸟消防,42.37,8036376,60000000,246210000,1043191.77
2020-07-31,SH603115,海星股份,19.19,3634270,52000000,208000000,399152
2020-07-31,SH688321,微芯生物,66.8,2468280,43000000,410000000,2738800
2020-07-31,SZ300787,海能实业,42.49,2987662,31830000,127320000,540982.68
2020-07-31,SZ002959,小熊电器,151.1,2197357,39000000,156000000,2357160
2020-07-31,SH603992,松霖科技,18.26,4304468,41000000,401009858,732244.000708
2020-07-31,SZ003816,中国广核,3.05,36956362,2524931100,50498611100,15402076.3855
2020-07-31,SZ300789,唐源电气,60.19,253300,11500000,45982759,276770.226421
2020-07-31,SH603755,日辰股份,73.82,350280,24660000,98613681,727966.193142
2020-07-31,SH603093,南华期货,24.18,8333409,70000000,580000000,1402440
2020-07-31,SZ002961,瑞达期货,30.14,2039107,45000000,445000000,1341230
2020-07-31,SH688168,安博通,92.62,397178,12155250,51180000,474029.16
2020-07-31,SH603927,中科软,61.72,1395558,42400000,424000000,2616928
2020-07-31,SZ002962,五方光电,23.99,1591219,60480000,241920000,580366.08
2020-07-31,SZ300790,宇瞳光学,24.27,2767639,51444000,210119144,509959.162488
2020-07-31,SH688116,天奈科技,52.36,2105798,55464529,231858116,1214009.095376
2020-07-31,SZ300791,仙乐健康,99.9,2319499,30000000,120000000,1198800
2020-07-31,SZ300792,壹网壹创,163.16,2347960,36000000,144250200,2353586.2632
2020-07-31,SH688036,传音控股,100.1,2404653,75966114,800000000,8008000
2020-07-31,SH688068,热景生物,70.84,1932050,14772500,62196341,440598.879644
2020-07-31,SH688030,山石网科,42.84,1368260,38651065,180223454,772077.276936
2020-07-31,SH688368,晶丰明源,117.12,1065931,14694307,61600000,721459.2
2020-07-31,SH603786,科博达,82.4,957894,40100000,400100000,3296824
2020-07-31,SZ300793,佳禾智能,28.99,11922340,66688000,266688000,773128.512
2020-07-31,SH603815,交建股份,20.95,3143251,49900000,499000000,1045405
2020-07-31,SZ300795,米奥会展,21.81,1819883,25041000,100164000,218457.684
2020-07-31,SH688139,海尔生物,82.95,7875945,76097222,317071758,2630110.23261
2020-07-31,SZ002965,祥鑫科技,37.63,4257536,37680000,150700000,567084.1
2020-07-31,SH688098,申联生物,28.34,7350267,47500000,409700000,1161089.8
2020-07-31,SZ002963,豪尔赛,25.44,971646,37590000,150359930,382515.66192
2020-07-31,SH603610,麒盛科技,32.41,2558248,51864816,207459057,672374.803737
2020-07-31,SZ300799,左江退,91.41,586762,17000000,68000000,621588
2020-07-31,SH601077,渝农商行,5.15,27706009,1357000000,11357000000,5848855
2020-07-31,SH688108,赛诺医疗,33.47,6327365,47500000,410000000,1372270
2020-07-31,SH688366,昊海生科,134.14,1357005,15347581,177206600,2377049.3324
2020-07-31,SH688369,致远互联,71.23,624548,18440120,76989583,548396.799709
2020-07-31,SH688025,杰普特,70.97,894416,22303859,92368576,655539.783872
2020-07-31,SH688058,宝兰德,142.2,658647,9500000,40000000,568800
2020-07-31,SZ300797,钢研纳克,18.1,5233345,62050000,248200000,449242
2020-07-31,SH688389,普门科技,33.11,2045602,37331000,422200000,1397904.2
2020-07-31,SH688199,久日新材,61.35,1149471,27020980,111226800,682376.418
2020-07-31,SH688128,中国电研,22.85,2618969,47871209,404500000,924282.5
2020-07-31,SH688023,安恒信息,268.53,602933,16196312,74074075,1989111.135975
2020-07-31,SH688202,美迪西,139.6,1201529,13175000,62000000,865520
2020-07-31,SH688021,奥福科技,69.59,1345172,19000000,77283584,537816.461056
2020-07-31,SH688363,华熙生物,144.44,1801385,48075680,480000000,6933120
2020-07-31,SH688299,长阳科技,28.9,2590588,67724622,282568577,816623.18753
2020-07-31,SZ300800,力合科技,35.15,1360200,40000000,160000000,562400
2020-07-31,SH688288,鸿泉技术,50.41,1760037,21250000,100000000,504100
2020-07-31,SZ300564,筑博设计,28.88,2240853,25000000,100000000,288800
2020-07-31,SZ002967,广电计量,27.38,2603913,132272000,529072000,1448599.136
2020-07-31,SH688166,博瑞医药,59.36,1282564,38950000,410000000,2433760
2020-07-31,SH603489,八方股份,159.57,1336896,30000000,120000000,1914840
2020-07-31,SZ300802,矩子科技,31.78,1225760,40000000,162452482,516273.987796
2020-07-31,SZ300796,贝斯美,20.8,1064690,30300000,121150000,251992
2020-07-31,SH688300,联瑞新材,64.9,1213070,20904530,85973400,557967.366
2020-07-31,SH688101,三达膜,22.34,3471860,80184130,333880000,745887.92
2020-07-31,SZ300803,指南针,54.1,7098854,56900000,404999999,2191049.99459
2020-07-31,SH688111,金山办公,392.99,1184204,70700000,461000000,18116839
2020-07-31,SH688138,清溢光电,36.5,8013269,63460000,266800000,973820
2020-07-31,SZ300805,电声股份,22.52,2254916,42330000,423230000,953113.96
2020-07-31,SH688196,卓越新能,46.5,1564742,28800000,120000000,558000
2020-07-31,SZ300798,锦鸡股份,14.95,11472014,41780000,417748945,624534.672775
2020-07-31,SZ300806,斯迪克,52.8,1435569,29210000,118371379,625000.88112
2020-07-31,SH603390,通达电气,14.06,7328282,87921800,351686984,494471.899504
2020-07-31,SH601916,浙商银行,4.12,53984903,2550000000,21268696778,8762703.072536
2020-07-31,SZ300801,泰和科技,23.78,3670836,54000000,216000000,513648
2020-07-31,SZ300808,久量股份,20.3,1016710,40000000,160000000,324800
2020-07-31,SZ002969,嘉美包装,8.44,3657005,95263100,952630735,804020.34034
2020-07-31,SH688358,祥生医疗,78.85,953225,19200000,80000000,630800
2020-07-31,SZ002968,新大正,63.77,610739,26866000,107464000,685297.928
2020-07-31,SH688310,迈得医疗,47.6,3820425,20815000,83600000,397936
2020-07-31,SH688118,普元信息,40.65,828621,22657500,95400000,387801
2020-07-31,SZ300809,华辰装备,20.58,996633,39230000,156920000,322941.36
2020-07-31,SH688357,建龙微纳,53.92,637570,13737000,57820000,311765.44
2020-07-31,SH688399,硕世生物,400,1874142,13927000,58620000,2344800
2020-07-31,SZ300810,中科海讯,57.73,2341750,19700000,78700000,454335.1
2020-07-31,SH688258,卓易信息,94.11,1255060,20652240,86956591,818348.477901
2020-07-31,SH688198,佰仁医疗,102.72,1382542,20400000,96000000,986112
2020-07-31,SH601658,邮储银行,4.64,48282465,3879123200,86978562200,40358052.8608
2020-07-31,SH688218,江苏北人,27.11,1065767,26875365,117340000,318108.74
2020-07-31,SH688039,当虹科技,87.67,635705,17200000,80000000,701360
2020-07-31,SZ001914,招商积余,33.8,9855024,666855166,1060346060,3583969.6828
2020-07-31,SH688037,芯源微,114.41,1653972,19524250,84000000,961044
2020-07-31,SZ002970,锐明技术,64.03,1753200,43200000,172800000,1106438.4
2020-07-31,SH603053,成都燃气,15.08,3397181,88890000,888890000,1340446.12
2020-07-31,SZ300807,天迈科技,42.11,2361120,17000000,67851000,285720.561
2020-07-31,SH688089,嘉必优,50.35,2050400,26756001,120000000,604200
2020-07-31,SH601512,中新集团,11.93,4167600,149890000,1498890000,1788175.77
2020-07-31,SH688123,聚辰股份,75.95,2760318,29002049,120841867,917793.979865
2020-07-31,SH603995,甬金股份,24.55,2556045,57670000,230670000,566294.85
2020-07-31,SH688268,华特气体,95.52,3723382,28500000,120000000,1146240
2020-07-31,SZ002972,科安达,24.09,1433145,44080000,176320000,424754.88
2020-07-31,SZ300811,铂科新材,73.5,1155057,14400000,57600000,423360
2020-07-31,SH688078,龙软科技,40.7,598602,16805500,70750000,287952.5
2020-07-31,SH603109,神驰机电,32.6,2657400,36670000,146670000,478144.2
2020-07-31,SH688181,八亿时空,76.65,2018009,21255332,96473014,739465.65231
2020-07-31,SH688081,兴图新科,46.86,810239,17480030,73600000,344889.6
2020-07-31,SZ002973,侨银股份,26.21,2864180,40890000,408660000,1071097.86
2020-07-31,SZ300812,易天股份,52.1,752500,19380000,77511700,403835.957
2020-07-31,SZ002971,和远气体,25.34,1893231,40000000,160000000,405440
2020-07-31,SZ300813,泰林生物,85.5,4113082,13000000,51970000,444343.5
2020-07-31,SH688178,万德斯,41.26,545059,20186988,84997844,350701.104344
2020-07-31,SH603551,奥普科技,19.14,22117869,40010000,400010000,765619.14
2020-07-31,SH601816,京沪高铁,6.2,63515406,3211859516,49106484611,30446020.45882
2020-07-31,SH688278,特宝生物,66.6,2586529,40175000,406800000,2709288
2020-07-31,SH688158,优刻得,65,2961080,46800000,422532164,2746459.066
2020-07-31,SH688100,威胜信息,25.7,1579935,42500000,500000000,1285000
2020-07-31,SH688026,洁特生物,93.23,2690015,23750000,100000000,932300
2020-07-31,SZ300815,玉禾田,122.61,1381022,34600000,138400000,1696922.4
2020-07-31,SH688159,有方科技,48.82,994067,19482000,91679495,447579.29459
2020-07-31,SH688266,泽璟制药,112.78,2377952,58200000,240000000,2706720
2020-07-31,SH603290,斯达半导,244,3057823,40000000,160000000,3904000
2020-07-31,SH688298,东方生物,238.8,2877092,27262667,120000000,2865600
2020-07-31,SZ002975,博杰股份,87.46,2756810,34733400,138933400,1215111.5164
2020-07-31,SH603195,公牛集团,151.42,1599827,60000000,600613800,9094494.1596
2020-07-31,SH603893,瑞芯微,94.62,4798445,42000000,412280000,3900993.36
2020-07-31,SZ300816,艾可蓝,85.5,1065300,20000000,80000000,684000
2020-07-31,SH688398,赛特新材,65.3,3561957,18201140,80000000,522400
2020-07-31,SH688186,广大特材,46.13,6614234,38019295,164800000,760222.4
2020-07-31,SZ300818,耐普矿机,33.1,547200,17500000,70000000,231700
2020-07-31,SH688080,映翰通,80.38,358125,11926502,52428786,421422.581868
2020-07-31,SH688208,道通科技,57.21,1847076,45350631,450000000,2574450
2020-07-31,SZ300820,英杰电气,54.96,1419700,23760000,95010000,522174.96
2020-07-31,SH688090,瑞松科技,60.4,510489,15324068,67360588,406857.95152
2020-07-31,SH688200,华峰测控,295.55,1247400,13243079,61185186,1808328.17223
2020-07-31,SZ300817,双飞集团,28.45,2257620,25272000,101064000,287527.08
2020-07-31,SH688177,百奥泰,58.69,2035527,54615402,414080000,2430235.52
2020-07-31,SH688169,石头科技,391.4,473973,15533860,66666667,2609333.34638
2020-07-31,SH688233,神工股份,48.34,1881633,36566667,160000000,773440
2020-07-31,SH603719,良品铺子,71.19,1649344,41000000,401000000,2854719
2020-07-31,SH688086,退市紫晶,62.35,2438441,43652048,190381503,1187028.671205
2020-07-31,SH601696,中银证券,30.32,32890028,278000000,2778000000,8422896
2020-07-31,SH688396,华润微,57.31,31912639,237136988,1215925195,6968467.292545
2020-07-31,SH603948,建业股份,25.05,4186760,40000000,160000000,400800
2020-07-31,SZ002976,瑞玛精密,35.42,1938876,25000000,100000000,354200
2020-07-31,SH603949,雪龙集团,27.11,12903513,37470000,149861500,406274.5265
2020-07-31,SZ300821,东岳硅材,11.23,20411527,300000000,1200000000,1347600
2020-07-31,SZ300819,聚杰微纤,25.49,1431494,24870000,99470000,253549.03
2020-07-31,SZ300822,贝仕达克,42.86,1012669,26670000,106670000,457187.62
2020-07-31,SZ002977,天箭科技,125.89,1374800,17900000,71500000,900113.5
2020-07-31,SZ300823,建科智能,29.57,1122906,23400000,93559091,276654.232087
2020-07-31,SH688051,佳华科技,173.6,1478010,17705220,77334000,1342518.24
2020-07-31,SH603221,爱丽家居,15.18,3281597,60000000,240000000,364320
2020-07-31,SH688189,南新制药,57.23,5384425,32049676,140000000,801220
2020-07-31,SZ300825,阿尔特,21.32,8338588,76415000,305658743,651664.440076
2020-07-31,SH688228,开普云,70.3,450065,14513014,67133440,471948.0832
2020-07-31,SZ300826,测绘股份,36.91,720033,20000000,80000000,295280
2020-07-31,SH603353,和顺石油,72.1,1790247,33380000,133380000,961669.8
2020-07-31,SZ002979,雷赛智能,35.64,4675533,52000000,208000000,741312
2020-07-31,SH688096,京源环保,26.68,1186769,24419983,107293500,286259.058
2020-07-31,SH688085,三友医疗,73.56,1999489,42484428,205333500,1510433.226
2020-07-31,SZ300827,上能电气,45.47,805440,18333600,73333600,333447.8792
2020-07-31,SZ002980,华盛昌,74.71,5119902,33333400,133333400,996133.8314
2020-07-31,SH603095,越剑智能,29.42,1346364,33000000,132000000,388344
2020-07-31,SH688222,成都先导,49.59,2828440,34647924,400680000,1986972.12
2020-07-31,SZ002981,朝阳科技,40.81,2358460,24000000,96000000,391776
2020-07-31,SZ002978,安宁股份,41.12,3421613,40600000,401000000,1648912
2020-07-31,SH688126,沪硅产业,51.3,99445300,449819899,2480260000,12723733.8
2020-07-31,SZ300828,锐新科技,29.08,1730500,27570000,110280000,320694.24
2020-07-31,SH603682,锦和商管,11.33,4826505,94500000,472500000,535342.5
2020-07-31,SZ300829,金丹科技,84.98,2560210,28300000,112909092,959501.463816
2020-07-31,SH601609,金田股份,12.49,27565172,242000000,1456969000,1819754.281
2020-07-31,SZ002982,湘佳股份,110,3201932,25630000,101880000,1120680
2020-07-31,SH688318,财富趋势,290.5,2200374,15389695,66670000,1936763.5
2020-07-31,SZ002983,芯瑞达,47.87,3003204,35420000,141680000,678222.16
2020-07-31,SH603439,三力制药,34.97,4361881,40740000,407322216,1424405.789352
2020-07-31,SZ002985,北摩高科,160.2,2331036,37540000,150160000,2405563.2
2020-07-31,SH603392,万泰生物,262.71,7130013,43600000,433600000,11391105.6
2020-07-31,SH688365,光云科技,48.71,2555171,32291804,401000000,1953271
2020-07-31,SH603212,赛伍技术,28.41,5362003,40010000,400010000,1136428.41
2020-07-31,SZ300830,金现代,15.46,4188881,86025000,430125000,664973.25
2020-07-31,SZ300831,派瑞股份,22.05,4688209,80000000,320000000,705600
2020-07-31,SZ002987,京北方,62.1,2927075,40170000,160662382,997713.39222
2020-07-31,SH688466,金科环境,40.75,1058717,23392484,102760000,418747
2020-07-31,SH688588,凌志软件,39.62,2232296,36139330,400010003,1584839.631886
2020-07-31,SZ300832,新产业,175.71,4758704,41200000,411600000,7232223.6
2020-07-31,SH688598,金博股份,93.9,1120223,18284150,80000000,751200
2020-07-31,SZ002988,豪美新材,18.38,2653202,58214142,232770000,427831.26
2020-07-31,SH688566,吉贝尔,42.63,2095393,38462332,186941600,796932.0408
2020-07-31,SH601778,晶科科技,7.87,41881792,594592922,2765501922,2176450.012614
2020-07-31,SZ300833,浩洋股份,66.13,1054534,21082000,84327000,557654.451
2020-07-31,SH688516,奥特维,59.6,2000968,20220359,98670000,588073.2
2020-07-31,SH605001,威奥股份,20.22,2708406,75560000,302220000,611088.84
2020-07-31,SZ002990,盛视科技,105.69,5563333,31560000,126240000,1334230.56
2020-07-31,SZ300835,龙磁科技,70.88,3117503,17670000,70670000,500908.96
2020-07-31,SH603950,长源东谷,24.36,4391442,57880500,231522000,563987.592
2020-07-31,SZ300836,佰奥智能,63.63,581286,12313930,49255720,313414.14636
2020-07-31,SH605168,三人行,263.95,2058308,17266700,69066700,1823015.5465
2020-07-31,SH605288,凯迪股份,129.98,1889964,12500000,50000000,649900
2020-07-31,SH688360,德马科技,49.58,983910,19474533,85676599,424784.577842
2020-07-31,SZ002986,宇新股份,49.74,1075521,28340000,113340000,563753.16
2020-07-31,SH600918,中泰证券,17.15,84119361,696862576,6968625756,11951193.17154
2020-07-31,SH601827,三峰环境,9.74,13617651,378268000,1678268000,1634633.032
2020-07-31,SZ300837,浙矿股份,72.68,2146294,25000000,100000000,726800
2020-07-31,SH601399,国机重装,5.15,17348401,493577712,7268263664,3743155.78696
2020-07-31,SZ300838,浙江力诺,25.76,4366992,34085000,136340000,351211.84
2020-07-31,SH688312,燕麦科技,47.44,2750105,31040608,143478696,680662.933824
2020-07-31,SH688157,松井股份,99.71,1757105,18104694,79600000,793691.6
2020-07-31,SH688599,天合光能,16.96,21968186,285239310,2068026375,3507372.732
2020-07-31,SZ002989,中天精装,49.33,2332512,37850000,151400000,746856.2
2020-07-31,SH688004,博汇科技,81,1003160,12864150,56800000,460080
2020-07-31,SZ300841,康华生物,865,2068056,15000000,60000000,5190000
2020-07-31,SH688106,金宏气体,41.81,9418076,101856290,484333400,2024997.9454
2020-07-31,SH605166,聚合顺,13.17,4716747,78887000,315547000,415575.399
2020-07-31,SZ300842,帝科股份,89.97,7668033,25000000,100000000,899700
2020-07-31,SZ300028,金亚退,0.3,14132651,343975027,343980000,10319.4
2020-07-31,SH688505,复旦张江,31.98,5471396,91059525,1043000000,3335514
2020-07-31,SZ300824,北鼎股份,30,11172061,54350000,217400000,652200
2020-07-31,SH688520,神州细胞,80.42,4106725,45397374,435335714,3500969.811988
2020-07-31,SH688518,联赢激光,24.57,2735517,68025692,299200000,735134.4
2020-07-31,SH688555,退市泽达,63.08,851921,18909800,83110000,524257.88
2020-07-31,SH603087,甘李药业,220.3,4642123,40200000,401100000,8836233
2020-07-31,SH600956,新天绿能,11.73,33080559,134750000,3849910396,4515944.894508
2020-07-31,SH688558,国盛智科,34.25,1348447,31631346,132000000,452100
2020-07-31,SZ300839,博汇股份,30.97,1994921,26000000,104000000,322088
2020-07-31,SH688528,秦川物联,24.98,1383480,38036436,168000000,419664
2020-07-31,SZ300846,首都在线,33.65,26910768,50000000,411316277,1384079.272105
2020-07-31,SZ300843,胜蓝股份,32.06,9800772,37230000,148900000,477373.4
2020-07-31,SZ300845,捷安高科,45.8,4120032,23090000,92356000,422990.48
2020-07-31,SH688600,皖仪科技,27.75,1479083,30343211,133340000,370018.5
2020-07-31,SH688277,天智航,103.99,4184586,34995902,418442648,4351385.096552
2020-07-31,SH688568,中科星图,73.66,6021170,47267836,220000000,1620520
2020-07-31,SH688377,迪威尔,30.7,1786716,44286886,194667000,597627.69
2020-07-31,SZ300840,酷特智能,22.8,21444608,60000000,240000000,547200
2020-07-31,SZ300847,中船汉光,30.05,25905196,49340000,197340000,593006.7
2020-07-31,SH688027,国盾量子,313.09,1997195,16285175,80000000,2504720
2020-07-31,SZ300849,锦盛新材,28.51,5165997,25000000,100000000,285100
2020-07-31,SH605199,ST葫芦娃,31.17,1101602,40100000,400108752,1247138.979984
2020-07-31,SH688060,云涌科技,160.3,1181531,13568744,60000000,961800
2020-07-31,SZ300850,新强联,60.8,12729425,26500000,106000000,644480
2020-07-31,SZ300852,四会富仕,106.12,3267231,14160000,56628200,600938.4584
2020-07-31,SH688309,恒誉环保,53.4,1277521,18198482,80010733,427257.31422
2020-07-31,SH688180,君实生物,132,11144411,68345011,871276500,11500849.8
2020-07-31,SH688165,埃夫特,20.73,12967549,118034804,521780000,1081649.94
2020-07-31,SH688500,慧辰股份,67,1963381,16883754,74274510,497639.217
2020-07-31,SH605108,同庆楼,29.54,11142024,50000000,200000000,590800
2020-07-31,SH688981,中芯国际,82.21,157250773,1040231223,7437935717,61147269.529457
2020-07-31,SH688579,地纬智能,24.47,5785744,36082296,400010000,978824.47
2020-07-31,SH688567,孚能科技,27.2,13258796,145827440,1070669685,2912221.5432
2020-07-31,SZ300851,交大思诺,53.73,4434945,21733400,86933400,467093.1582
2020-07-31,SZ300848,美瑞新材,54.67,3682049,16670000,66670000,364484.89
2020-07-31,SH688488,艾迪药业,41.89,16786898,51489221,420000000,1759380
2020-07-31,SH688256,寒武纪,249.6,5629413,31104785,400100000,9986496
2020-07-31,SH688580,伟思医疗,183,1644124,15675643,68346667,1250744.0061
2020-07-31,SH688336,三生国健,47.3,11737822,56233670,616211413,2914679.98349
2020-07-31,SH688561,奇安信,126,9097075,69236980,679616000,8563161.6
2020-07-31,SZ300856,科思股份,85.77,13520268,28220000,112880000,968171.76
2020-07-31,SH688077,大地熊,68.7,6856484,18201916,80000000,549600
2020-07-31,SH688589,力合微,69.1,7019815,24557439,100000000,691000
2020-07-31,SH688069,德林海,88.3,1933942,13636527,59470000,525120.1
2020-07-31,SH688418,震有科技,49.22,15181966,39434523,193610000,952948.42
2020-07-31,SH688508,芯朋微,156,6847060,25660508,112800000,1759680
2020-07-31,SZ300855,图南股份,26.79,86680,50000000,200000000,535800
2020-07-31,SZ300853,申昊科技,70.53,908580,20407000,81628000,575722.284
2020-07-31,SZ300857,协创数据,19.6,75029,51639446,206557782,404853.25272
2020-07-31,SZ300858,科拓生物,49.96,44519,20630000,82517692,412258.389232
2020-07-31,SH605188,国光连锁,8.92,176778,49580000,495580000,442057.36
2020-07-31,SH688050,爱博医疗,248,4505688,21497309,105139272,2607453.9456
2020-07-31,SH603408,建霖家居,24.6,93314,45000000,446680000,1098832.8
2020-07-31,SH605118,力鼎光电,14.7,32192,41000000,405500000,596085
2020-07-31,SH605222,起帆电缆,26.54,233185,50000000,400580000,1063139.32
2020-07-31,SZ002991,甘源食品,55.81,106998,23304000,93215831,520237.552811
2020-07-31,SH601456,国联民生,6.12,1449255,475719000,2378119000,1455408.828
2020-07-31,SH688586,江航装备,40.36,67269895,88153464,403744467,1629512.668812
2020-07-31,SH688311,盟升电子,136.76,19668717,26331561,114670000,1568226.92
