日期,代码,名称,日收盘价,日交易量,流通股本,总股本,总市值(万)
2021-11-05,SZ000005,ST星源,2.08,7549391,1057946242,1058536842,220175.663136
2021-11-05,SH600652,退市游久,2.17,3324960,832703498,832703498,180696.659066
2021-11-05,SH600654,中安科,1.86,2372801,755043154,1283020992,238641.904512
2021-11-05,SH600651,飞乐音响,2.89,3719164,1148417174,2507028015,724531.096335
2021-11-05,SH600602,云赛智联,5.53,7953735,1074302990,1367673455,756323.420615
2021-11-05,SH600601,方正科技,2.65,15129732,2194891204,2194891204,581646.16906
2021-11-05,SH600653,申华控股,1.83,20020468,1946380317,1946380317,356187.598011
2021-11-05,SZ000004,*ST国华,17.18,2842891,116330763,156003026,268013.198668
2021-11-05,SZ000002,万  科Ａ,17.82,59899261,9717553265,11625383375,20716433.17425
2021-11-05,SZ000001,平安银行,17.64,109603988,19405754475,19405918198,34232039.701272
2021-11-05,SZ000009,中国宝安,18.39,118819954,2551430324,2579213965,4743174.481635
2021-11-05,SH600603,广汇物流,3.67,2390328,1253034847,1257026847,461328.852849
2021-11-05,SZ000012,南  玻Ａ,8.52,35542261,1956891076,3070692107,2616229.675164
2021-11-05,SZ000016,深康佳Ａ,5.84,13377273,1596574300,2407945408,1406240.118272
2021-11-05,SH600605,汇通能源,7.96,584620,206282429,206282429,164200.813484
2021-11-05,SH600608,*ST沪科,5.24,672700,318371441,328861441,172323.395084
2021-11-05,SH600604,市北高新,5.05,3936540,1407454804,1873304804,946018.92602
2021-11-05,SH600606,绿地控股,4.04,23044871,12776562104,12776562104,5161731.090016
2021-11-05,SZ000011,深物业A,10.38,3423315,526475543,595979092,618626.297496
2021-11-05,SZ000017,深中华A,3.29,4037779,302981008,551347947,181393.474563
2021-11-05,SZ000007,全新好,4.97,16061910,308948044.5,346448044,172184.677868
2021-11-05,SZ000006,深振业Ａ,4.09,3577582,1349995046,1349995046,552147.973814
2021-11-05,SZ000020,深华发Ａ,8.6,299500,181165391,283161227,243518.65522
2021-11-05,SZ000008,神州高铁,2.11,12540933,2693782762,2780795346,586747.818006
2021-11-05,SZ000014,沙河股份,6.9,735500,201705187,201705187,139176.57903
2021-11-05,SH600609,金杯汽车,6.81,51044975,1092667132,1311200558,892927.579998
2021-11-05,SH600611,大众交通,3.25,3176726,1563316364,2364122864,768339.9308
2021-11-05,SH600612,老凤祥,45.66,952381,317109630,523117764,2388555.710424
2021-11-05,SH600655,豫园股份,9.52,8690975,1605297914,3883498464,3697090.537728
2021-11-05,SH600616,金枫酒业,6.83,7733560,669004950,669004950,456930.38085
2021-11-05,SZ000019,深粮控股,6.83,8146210,416184832,1152535254,787181.578482
2021-11-05,SH600618,氯碱化工,11.95,30418537,749839976,1156399976,1381897.97132
2021-11-05,SH600619,海立股份,7.49,3658800,582141047,1085072406,812719.232094
2021-11-05,SH600620,天宸股份,9.13,2117469,686677113,686677113,626936.204169
2021-11-05,SZ000501,武商集团,9.94,4105499,768073142,768992731,764378.774614
2021-11-05,SZ000502,绿景退,5.97,639600,183347957,184819607,110337.305379
2021-11-05,SZ000503,国新健康,5.95,4374050,898779932,907215204,539793.04638
2021-11-05,SH600621,华鑫股份,12.8,6437904,1060899292,1060899292,1357951.09376
2021-11-05,SH600622,光大嘉宝,2.51,4528808,1499685402,1499685402,376421.035902
2021-11-05,SH600623,华谊集团,9.47,26129135,1862196763,2130381363,2017471.150761
2021-11-05,SZ000504,*ST生物,16.23,1134500,310673201,311573901,505684.441323
2021-11-05,SZ000505,京粮控股,7.39,18877737,619515864,726950251,537216.235489
2021-11-05,SH600624,ST复华,6.29,3541301,684712010,684712010,430683.85429
2021-11-05,SH600626,申达股份,3.51,3237917,808156847,1107978710,388900.52721
2021-11-05,SH600628,新世界,7.32,1938101,646875384,646875384,473512.781088
2021-11-05,SH600630,龙头股份,4.93,2200601,424861597,424861597,209456.767321
2021-11-05,SH600635,大众公用,3.65,11096747,2418791675,2952434675,1077638.656375
2021-11-05,SH600637,东方明珠,7.66,12733986,3414500201,3414500201,2615507.153966
2021-11-05,SH600636,*ST国化,10.22,4769857,446936885,446936885,456769.49647
2021-11-05,SH600638,新黄浦,4.8,987600,673396786,673396786,323230.45728
2021-11-05,SH600639,浦东金桥,11.11,1061758,850236703,1122412893,1247000.724123
2021-11-05,SZ000507,珠海港,6.1,12776500,830514550,919734895,561038.28595
2021-11-05,SH600641,先导基电,34.1,27504730,957930404,957930404,3266542.67764
2021-11-05,SH600640,国脉文化,13.04,27310149,795695940,795695940,1037587.50576
2021-11-05,SH600642,申能股份,6.15,27359702,4508014316,4912038316,3020903.56434
2021-11-05,SH600644,乐山电力,7.19,31959401,538400659,538400659,387110.073821
2021-11-05,SH600643,爱建集团,6.29,6469738,1619055157,1621922452,1020189.222308
2021-11-05,SZ000023,*ST深天,12.85,2946185,138756240,138756240,178301.7684
2021-11-05,SH600647,退市同达,10.84,413516,139143550,139143550,150831.6082
2021-11-05,SH600648,外高桥,12.78,1643000,934791624,1135349124,1450976.180472
2021-11-05,SH600645,中源协和,22.15,7604899,467147888,467948890,1036506.79135
2021-11-05,SZ000509,华塑控股,2.89,3480900,825479873,1073128052,310134.007028
2021-11-05,SZ000510,新金路,5.18,20967341,563185757,609182254,315556.407572
2021-11-05,SH600649,城投控股,3.88,12454959,2529575634,2529575634,981475.345992
2021-11-05,SH600657,信达地产,3.15,2618860,2055307703,2851878595,898341.757425
2021-11-05,SH600658,电子城,4.35,17575160,1118585045,1118585045,486584.494575
2021-11-05,SZ000026,飞亚达,11.1,3262888,357912579,426051015,472916.62665
2021-11-05,SH600650,锦江在线,8.61,576003,390560075,551610107,474936.302127
2021-11-05,SH600660,福耀玻璃,51,17575880,2002986332,2609743532,13309692.0132
2021-11-05,SH600662,外服控股,7.8,8854651,1053362191,2263279450,1765357.971
2021-11-05,SH600661,昂立教育,10.57,13110397,286548830,286548830,302882.11331
2021-11-05,SZ000025,特  力Ａ,14.38,1854556,392778320,431058320,619861.86416
2021-11-05,SH600663,陆家嘴,10.52,2602592,2933461440,4034197440,4243975.70688
2021-11-05,SH600664,哈药股份,3.13,11125112,2506955076,2518376076,788251.711788
2021-11-05,SH600665,天地源,2.64,4682847,864122521,864122521,228128.345544
2021-11-05,SH600666,奥瑞德,1.59,7236760,803655532,1227326240,195144.87216
2021-11-05,SZ000514,渝 开 发,2.95,1476200,843770965,843770965,248912.434675
2021-11-05,SH600668,尖峰集团,11.06,2044820,344083828,344083828,380556.713768
2021-11-05,SH600667,太极实业,8.27,21437775,2106190178,2106190178,1741819.277206
2021-11-05,SZ000516,国际医学,11.89,29577835,1893655151,2275927350,2706077.61915
2021-11-05,SZ000028,国药一致,33.41,1529881,367733625,428126983,1430372.250203
2021-11-05,SH600671,天目药业,8.33,124400,121720533,121778885,101441.811205
2021-11-05,SH600600,青岛啤酒,97.66,5399569,695913617,1364476795,13325480.37997
2021-11-05,SZ000027,深圳能源,7.7,31372875,4757389916,4757389916,3663190.23532
2021-11-05,SZ000029,深深房Ａ,7.07,1451261,891660000,1011660000,715243.62
2021-11-05,SH600673,东阳光,9.67,81334367,3003949607,3013897259,2914438.649453
2021-11-05,SH600675,中华企业,2.69,4736103,2240471278,6096135252,1639860.382788
2021-11-05,SH600674,川投能源,12.45,13931953,4406152075,4406152075,5485659.333375
2021-11-05,SH600676,交运股份,3.93,1884500,1028492944,1028492944,404197.726992
2021-11-05,SZ000030,富奥股份,6.26,16882311,1759995642,1810552111,1133405.621486
2021-11-05,SZ000031,大悦城,3.36,4348867,1890748427,4286313339,1440201.281904
2021-11-05,SH600678,四川金顶,5.31,4267783,348990000,348990000,185313.69
2021-11-05,SZ000519,中兵红箭,27.25,76235641,1391492468,1392558982,3794723.22595
2021-11-05,SH600679,上海凤凰,11.26,802500,230598947,515294257,580221.333382
2021-11-05,SH600682,南京新百,10.8,16492832,1165060275,1346132221,1453822.79868
2021-11-05,SZ000521,长虹美菱,3.21,8346532,874558379,1044597881,335315.919801
2021-11-05,SH600683,京投发展,6.88,71714607,740777597,740777597,509654.986736
2021-11-05,SH600684,珠江股份,3.03,1893606,853460723,853460723,258598.599069
2021-11-05,SH600685,中船防务,19.91,8715553,821435181,1413506378,2814291.198598
2021-11-05,SZ000513,丽珠集团,35.7,4109826,604691390,937586050,3347182.1985
2021-11-05,SZ000525,红太阳,5.49,9121000,574514828,580772873,318844.307277
2021-11-05,SZ000032,深桑达Ａ,17.64,1460793,411424109,1071231478,1889652.327192
2021-11-05,SZ000526,学大教育,17.81,3260484,111767381,117762709,209735.384729
2021-11-05,SH600688,上海石化,3.63,38220677,7328813500,10823813500,3929044.3005
2021-11-05,SH600686,金龙汽车,5.94,8140580,674575721,717047417,425926.165698
2021-11-05,SH600689,上海三毛,6.38,1304300,152204143,200991343,128232.476834
2021-11-05,SZ000523,红棉股份,3.68,4574129,627388825,627533125,230932.19
2021-11-05,SZ000524,岭南控股,6.55,1802369,670140121,670208597,438986.631035
2021-11-05,SZ000528,柳    工,7.21,7321510,1467378821,1475240876,1063648.671596
2021-11-05,SH600692,亚通股份,5.45,909000,255010517,351764064,191711.41488
2021-11-05,SH600690,海尔智家,26.3,37357688,6308552654,9397520463,24715478.81769
2021-11-05,SH600691,潞化科技,4.01,73672082,1756390906,2375981952,952768.762752
2021-11-05,SH600693,东百集团,3.87,1818100,897247594,898229148,347614.680276
2021-11-05,SH600695,退市绿庭,7.33,5379290,366467152,711132100,521259.8293
2021-11-05,SH600694,大商股份,19.14,1311077,293718653,293718653,562177.501842
2021-11-05,SZ000541,佛山照明,5.45,2564056,1073038507,1399346154,762643.65393
2021-11-05,SZ000539,粤电力Ａ,3.99,19058954,2553910577,5250283986,2094863.310414
2021-11-05,SZ000547,航天发展,16.36,45423489,1231986890,1603685112,2623628.843232
2021-11-05,SZ000550,江铃汽车,16.2,9533450,518463085,863214000,1398406.68
2021-11-05,SZ000553,安道麦A,7.69,3723400,2177067461,2329811766,1791625.248054
2021-11-05,SH600699,均胜电子,19.68,36095631,1368084624,1368084624,2692390.540032
2021-11-05,SH600696,*ST岩石,30.14,5854900,334469431,334469431,1008090.865034
2021-11-05,SH600697,欧亚集团,11.72,328396,155156015,159088075,186451.2239
2021-11-05,SH600800,渤海化学,4.31,4619956,794337361,1185787580,511074.44698
2021-11-05,SZ000544,中原环保,6.04,2067261,974684488,974684488,588709.430752
2021-11-05,SZ000530,冰山冷热,3.51,2036384,598521068,843212507,295967.589957
2021-11-05,SZ000537,绿发电力,15.37,26480961,1731406933,1862520720,2862694.34664
2021-11-05,SZ000554,泰山石油,4.64,10075500,362649713,480793320,223088.10048
2021-11-05,SZ000538,云南白药,89.32,2829700,603900464,1279136824,11425250.111968
2021-11-05,SZ000543,皖能电力,3.89,40051491,1790395978,2266863331,881809.835759
2021-11-05,SZ000548,湖南投资,3.61,1398500,499188811,499215811,180216.907771
2021-11-05,SH600805,悦达投资,4.09,9841710,850275368,850894494,348015.848046
2021-11-05,SZ000533,顺钠股份,2.97,6315800,684902400,690816000,205172.352
2021-11-05,SH600804,退市鹏博,5.73,30408406,1432357859,1432394299,820761.933327
2021-11-05,SH600803,新奥股份,19.38,17372303,1433429823,2845853619,5515264.313622
2021-11-05,SH600802,福建水泥,6.89,3854520,458248400,458248400,315733.1476
2021-11-05,SH600801,华新建材,16.12,18611268,1361879855,2096599855,3379718.96626
2021-11-05,SZ000532,华金资本,11.33,2547028,343549746,344708340,390554.54922
2021-11-05,SH600807,济高发展,3.08,5230803,787018464,884634731,272467.497148
2021-11-05,SZ000551,创元科技,10.67,11926998,400080405,400080405,426885.792135
2021-11-05,SZ000531,穗恒运Ａ,7.3,4233200,685082820,685082820,500110.4586
2021-11-05,SH600808,马钢股份,3.84,59427538,5967751186,7700681186,2957061.575424
2021-11-05,SH600809,山西汾酒,295.28,7240015,1215351572,1220114372,36027537.176416
2021-11-05,SH600810,神马股份,10.92,18000376,720165830,1029213338,1123900.965096
2021-11-05,SH600811,*ST东方,3.01,29067159,3714576124,3714576124,1118087.413324
2021-11-05,SZ000564,供销大集,4.19,19459376,2005952559,5982004024,2506459.686056
2021-11-05,SZ000563,陕国投Ａ,3.08,8013946,3964012846,3964012846,1220915.956568
2021-11-05,SZ000534,万泽股份,12.95,3052581,491507596,494963096,640977.20932
2021-11-05,SZ000559,万向钱潮,6.23,28616778,2753147274,3303791344,2058262.007312
2021-11-05,SH600812,华北制药,9.29,22131581,1630804729,1715730370,1593913.51373
2021-11-05,SH600814,杭州解百,5.73,2322898,715026758,715026758,409710.332334
2021-11-05,SH600816,建元信托,4.29,17826092,5264290520,5469137919,2346260.167251
2021-11-05,SH600815,厦工股份,2.61,4728400,1774094480,1774094480,463038.65928
2021-11-05,SH600820,隧道股份,5.04,12888184,3144096094,3144096094,1584624.431376
2021-11-05,SH600819,耀皮玻璃,4.98,4041200,747416067,934916069,465588.202362
2021-11-05,SH600821,金开新能,10.3,66377218,965717189,1536356503,1582447.19809
2021-11-05,SZ000021,深科技,16.75,83924105,1470685177,1560587588,2613984.2099
2021-11-05,SZ000540,*ST中天,2.53,25286994,6972817758,7005254679,1772329.433787
2021-11-05,SH600825,新华传媒,4.04,7892650,1044887850,1044887850,422134.6914
2021-11-05,SH600824,益民集团,3.42,1261054,1054027073,1054027073,360477.258966
2021-11-05,SH600822,上海物贸,8.42,2487791,396147908,495972914,417609.193588
2021-11-05,SH600823,*ST世茂,3.03,13233387,3751168261,3751168261,1136603.983083
2021-11-05,SH600827,百联股份,14.48,16314970,1604449920,1784168117,2583475.433416
2021-11-05,SH600826,兰生股份,7.9,894639,420642288,535920895,423377.50705
2021-11-05,SH600834,申通地铁,9.3,1596037,477381905,477381905,443965.17165
2021-11-05,SH600829,人民同泰,5.71,1883702,579888597,579888597,331116.388887
2021-11-05,SH600831,广电网络,5.24,5195885,710485636,710485636,372294.473264
2021-11-05,SH600830,香溢融通,4.67,1776258,454322747,454322747,212168.722849
2021-11-05,SH600835,上海机电,15.4,2953458,806504300,1022739308,1575018.53432
2021-11-05,SH600836,*ST易连,6.28,6822100,662753072,662753072,416208.929216
2021-11-05,SH600828,茂业商业,3.41,1116936,1731360181,1731982546,590606.048186
2021-11-05,SH600838,上海九百,5.75,1388441,400881981,400881981,230507.139075
2021-11-05,SH600843,上工申贝,5.61,1283600,304645850,713166480,400086.39528
2021-11-05,SH600846,同济科技,7.71,2359043,624761516,624761516,481691.128836
2021-11-05,SH600841,动力新科,10.44,4017901,521892530,1409066322,1471065.240168
2021-11-05,SH600839,四川长虹,2.81,36182281,4614958631,4616244222,1297164.626382
2021-11-05,SH600848,上海临港,14.27,2540189,1457503689,2522487004,3599588.954708
2021-11-05,SH600850,电科数字,36.91,11842782,426852228,426852228,1575511.573548
2021-11-05,SH600847,万里股份,8.49,473162,153287400,153287400,130141.0026
2021-11-05,SH600851,海欣股份,8.47,2084860,738206110,1207056692,1022377.018124
2021-11-05,SZ000555,神州信息,11.44,5696836,966271729,976966132,1117649.255008
2021-11-05,SZ000039,中集集团,15.73,23880010,1534271428,3595013590,5654956.37707
2021-11-05,SZ000035,中国天楹,4.63,7787068,2453345376,2523777297,1168508.888511
2021-11-05,SZ000565,渝三峡Ａ,5.34,3847293,433592220,433592220,231538.24548
2021-11-05,SH600857,宁波中百,9,1899597,224319919,224319919,201887.9271
2021-11-05,SH600856,退市中天,2.87,55496695,1361654379,1366654379,392229.806773
2021-11-05,SH600859,王府井,29.35,7499155,977488021,977591381,2869230.703235
2021-11-05,SH600860,京城股份,5.96,2752400,322000000,485000000,289060
2021-11-05,SZ000558,天府文旅,3.45,32532451,1288415927,1289223949,444782.262405
2021-11-05,SZ000034,神州数码,15.6,7304721,539221698,660608991,1030550.02596
2021-11-05,SZ000568,泸州老窖,229.7,10397633,1464240555,1464752476,33645364.37372
2021-11-05,SH600861,北京人力,22.08,3927612,316804949,316804949,699505.327392
2021-11-05,SH600863,内蒙华电,3.43,261059789,6513944690,6513944690,2234283.02867
2021-11-05,SZ000566,海南海药,4.02,4494893,1165217077,1297365126,521540.780652
2021-11-05,SZ000567,海德股份,17.9,6016349,639773864,641138926,1147638.67754
2021-11-05,SZ000571,新大洲A,2.25,6169148,814036325,814064000,183164.4
2021-11-05,SZ000036,华联控股,4.44,15234230,1479675252,1483934025,658866.7071
2021-11-05,SZ000570,苏常柴Ａ,5.15,4642600,411374326,705692507,363431.641105
2021-11-05,SZ000037,深南电A,7.07,3922900,338894012,602762596,426153.155372
2021-11-05,SZ000040,*ST旭蓝,3.09,37028268,1060340595,1486873870,459444.02583
2021-11-05,SZ000572,海马汽车,5.62,26911312,1642155224,1644636426,924285.671412
2021-11-05,SH600864,哈投股份,5.57,10493068,2080570520,2080570520,1158877.77964
2021-11-05,SH600865,百大集团,7.97,5402372,376240316,376240316,299863.531852
2021-11-05,SZ000045,深纺织Ａ,9.2,4151581,457016549,506521849,466000.10108
2021-11-05,SZ000573,粤宏远Ａ,2.8,9244752,632930025,638280604,178718.56912
2021-11-05,SH600866,星湖科技,4.23,10271910,739019166,739019166,312605.107218
2021-11-05,SH600867,通化东宝,12.03,15420393,2026998517,2033988517,2446888.185951
2021-11-05,SZ000576,甘化科工,12.15,13852422,424054818,442861324,538076.50866
2021-11-05,SH600868,梅雁吉祥,2.77,18312110,1898148679,1898148679,525787.184083
2021-11-05,SZ000046,*ST泛海,1.74,19272315,5193946456,5196200656,904138.914144
2021-11-05,SZ000042,中洲控股,6.97,1140186,663969764,664831139,463387.303883
2021-11-05,SZ000048,京基智农,17.72,1420070,523157272,523239250,927179.951
2021-11-05,SH600872,中炬高新,37.96,24921348,796637194,796637194,3024034.788424
2021-11-05,SH600869,远东股份,5.8,41794500,2219352746,2219352746,1287224.59268
2021-11-05,SZ000050,深天马Ａ,12.39,12337838,2304831108,2457747661,3045149.351979
2021-11-05,SZ000049,德赛电池,39.86,24610457,298501907,300407720,1197425.17192
2021-11-05,SH600871,石化油服,2.08,73468833,13569378551,18984340033,3948742.726864
2021-11-05,SH600874,创业环保,6.27,3502500,1087228430,1427228430,894872.22561
2021-11-05,SH600875,东方电气,18.5,74416544,1996900368,3119151130,5770429.5905
2021-11-05,SH600877,电科芯片,16.9,7826900,687282040,822161695,1389453.26455
2021-11-05,SZ000010,美丽生态,3.85,4591500,522171498,819854713,315644.064505
2021-11-05,SH600876,凯盛新能,22.8,8343203,298540432,645674963,1472138.91564
2021-11-05,SZ000582,北部湾港,7.54,2476713,1266818515,1633434454,1231609.578316
2021-11-05,SH600879,航天电子,7.94,78981867,2719271284,2719271284,2159101.399496
2021-11-05,SH600880,博瑞传播,3.69,17966494,1093030175,1093332092,403439.541948
2021-11-05,SH600881,亚泰集团,3.36,21781000,3248913588,3248913588,1091634.965568
2021-11-05,SZ000584,工智退,5.11,4937504,735295203,760937577,388839.101847
2021-11-05,SH600882,妙可蓝多,54.93,10368758,409309045,516210147,2835542.337471
2021-11-05,SH600883,博闻科技,8.43,3976701,236088000,236088000,199022.184
2021-11-05,SZ000586,汇源通信,9.42,12190330,193440000,193440000,182220.48
2021-11-05,SH600886,国投电力,10.01,33202770,6965873347,6965873347,6972839.220347
2021-11-05,SZ000590,古汉医药,7.82,364600,239376227,239471267,187266.530794
2021-11-05,SH600884,杉杉股份,37.1,40447225,1654517172,1654517172,6138258.70812
2021-11-05,SH600885,宏发股份,76.05,5920078,744761552,744761552,5663911.60296
2021-11-05,SZ000591,太阳能,9.48,240554069,2037098929,3007098032,2850728.934336
2021-11-05,SH600888,新疆众和,8.21,47923233,1241380484,1325896855,1088561.317955
2021-11-05,SZ000589,贵州轮胎,5.14,3314371,865146843,956319462,491548.203468
2021-11-05,SH600889,南京化纤,5.49,4028101,366346010,366346010,201123.95949
2021-11-05,SZ000593,德龙汇能,5.64,12468202,358456319,358631009,202267.889076
2021-11-05,SH600887,伊利股份,43.24,78114907,5960286287,6082177633,26299336.085092
2021-11-05,SH600890,退市中房,2.61,2986400,579194925,579194925,151169.875425
2021-11-05,SH600894,广日股份,6.83,2531200,859946895,859946895,587343.729285
2021-11-05,SH600893,航发动力,58.67,24080246,2329032150,2665594238,15639041.394346
2021-11-05,SZ000055,方大集团,4.58,16680255,677413379,1073874227,491834.395966
2021-11-05,SZ000595,*ST宝实,2.47,2894600,1136052586,1138656366,281248.122402
2021-11-05,SH600895,张江高科,15.09,4675786,1548689550,1548689550,2336972.53095
2021-11-05,SZ000587,*ST金洲,1.29,17630300,1213011850,2123749330,273963.66357
2021-11-05,SZ000599,青岛双星,3.71,1454900,816744457,816792487,303030.012677
2021-11-05,SH600896,退市海医,4.18,2730522,945440340,1024805419,428368.665142
2021-11-05,SH600706,曲江文旅,6.17,1207981,213490410,255059785,157371.887345
2021-11-05,SH600707,彩虹股份,6.87,32399317,2474910089,3588389732,2465223.745884
2021-11-05,SZ000597,东北制药,5.23,3760403,1324143800,1347873265,704937.717595
2021-11-05,SH600702,舍得酒业,182.96,7221481,329578939,332070979,6075570.631784
2021-11-05,SZ000598,兴蓉环境,5.77,15012958,2986218602,2986218602,1723048.133354
2021-11-05,SH600711,盛屯矿业,9.2,132916143,2605852667,2747113628,2527344.53776
2021-11-05,SH600897,厦门空港,16.4,2952811,297810000,297810000,488408.4
2021-11-05,SZ000600,建投能源,4.57,15876097,1090044126,1791626376,818773.253832
2021-11-05,SH600704,物产中大,6.04,52046269,5062182040,5196032040,3138403.35216
2021-11-05,SH600714,金瑞矿业,9.18,4713301,288176273,288176273,264545.818614
2021-11-05,SH600708,光明地产,2.11,4252941,2225277771,2228636743,470242.352773
2021-11-05,SZ000401,金隅冀东,11.4,7106093,1413367807,1413651757,1611563.00298
2021-11-05,SH600717,天津港,3.88,7414719,2894001038,2894001038,1122872.402744
2021-11-05,SH600718,东软集团,9.82,20731489,1202616322,1242370295,1220007.62969
2021-11-05,SZ000404,长虹华意,4.3,17291229,694695764,695995979,299278.27097
2021-11-05,SH600712,南宁百货,3.57,2216064,538556211,544655360,194441.96352
2021-11-05,SZ000402,金 融 街,5.92,5280828,2987823736,2988929907,1769446.504944
2021-11-05,SH600722,金牛化工,5.55,15746555,680319676,680319676,377577.42018
2021-11-05,SZ000408,藏格矿业,27.96,17303100,473502660,1993779522,5574607.543512
2021-11-05,SH600713,南京医药,4.31,3181500,1041611244,1041611244,448934.446164
2021-11-05,SH600715,文投控股,2.68,14513902,1854853500,1854853500,497100.738
2021-11-05,SH600726,华电能源,2.92,63141470,1534675151,1966675153,574269.144676
2021-11-05,SH600716,凤凰股份,3.87,1104000,936060590,936060590,362255.44833
2021-11-05,SH600729,重庆百货,23.18,1494179,406426465,406528465,942332.98187
2021-11-05,SH600725,云维股份,3.49,10205420,1232470000,1232470000,430132.03
2021-11-05,SZ000407,胜利股份,4.12,17682072,875743830,880084656,362594.878272
2021-11-05,SZ000056,皇庭国际,4.11,42448989,903728783,1174528720,482731.30392
2021-11-05,SZ000415,渤海租赁,2.64,13153570,3547447229,6184521282,1632713.618448
2021-11-05,SH600720,中交设计,9.44,5924103,776162687,776290282,732818.026208
2021-11-05,SH600728,佳都科技,7.88,9279996,1729732797,1758229097,1385484.528436
2021-11-05,SH600724,宁波富达,3.35,1627400,1444942664,1445241071,484155.758785
2021-11-05,SH600719,大连热电,3.68,13508002,404599600,404599600,148892.6528
2021-11-05,SZ000410,沈阳机床,4.48,2579613,1680915944,1684035944,754448.102912
2021-11-05,SZ000416,*ST民控,4.42,31228376,531641098,531871494,235087.200348
2021-11-05,SH600735,ST新华锦,6.81,19935954,375992296,375992296,256050.753576
2021-11-05,SH600730,中国高科,5.72,27125270,586656002,586656002,335567.233144
2021-11-05,SZ000423,东阿阿胶,40.94,10526545,653867313,654021537,2677564.172478
2021-11-05,SH600737,中粮糖业,10.24,53212344,2111098760,2138848228,2190180.585472
2021-11-05,SH600738,丽尚国潮,6.12,6824966,772795436,773464476,473360.259312
2021-11-05,SH600731,湖南海利,8.08,42899391,461029757,461789508,373125.922464
2021-11-05,SZ000420,吉林化纤,4.38,101684286,2167216137,2168311443,949720.412034
2021-11-05,SZ000421,南京公用,4.48,4338651,572646934,572646934,256545.826432
2021-11-05,SH600740,山西焦化,6.51,73940647,2562121154,2562121154,1667940.871254
2021-11-05,SZ000428,华天酒店,2.79,9570315,1018870000,1018926000,284280.354
2021-11-05,SZ000417,合百集团,4.12,3505296,779027451,779884200,321312.2904
2021-11-05,SZ000422,湖北宜化,24.49,156014040,897812984,897866712,2198875.577688
2021-11-05,SH600736,苏州高新,4.24,4142908,1151292907,1151292907,488148.192568
2021-11-05,SZ000419,通程控股,4.11,957961,543299845,543582655,223412.471205
2021-11-05,SH600733,北汽蓝谷,12.14,77381499,2216601717,4287310130,5204794.49782
2021-11-05,SH600739,辽宁成大,19.03,12473037,1529709816,1529709816,2911037.779848
2021-11-05,SZ000603,盛达资源,11.53,4854773,588809719,689969346,795534.655938
2021-11-05,SH600741,华域汽车,27.09,20248948,3152723984,3152723984,8540729.272656
2021-11-05,SH600742,富维股份,12.91,48552536,669120968,669120968,863835.169688
2021-11-05,SZ000425,徐工机械,6.02,50447951,7820908928,7833668430,4715868.39486
2021-11-05,SZ000426,兴业银锡,7.15,17363891,1475342242,1837192219,1313592.436585
2021-11-05,SZ000430,ST张家界,4.85,2672163,331738800,404817686,196336.57771
2021-11-05,SZ000607,华媒控股,3.95,36847160,884859969,1017698410,401990.87195
2021-11-05,SZ000601,韶能股份,4.76,8316252,1079882262,1080551669,514342.594444
2021-11-05,SH600744,华银电力,5.48,30610381,827634402,1781124274,976056.102152
2021-11-05,SZ000605,渤海股份,4.8,1438920,337193683,352658600,169276.128
2021-11-05,SH600746,江苏索普,13.43,26177755,424156537,1167842884,1568412.993212
2021-11-05,SZ000608,*ST阳光,2.81,2202484,749801859,749913309,210725.639829
2021-11-05,SH600756,浪潮软件,12.42,3287665,324098753,324098753,402530.651226
2021-11-05,SH600750,华润江中,11.58,5484468,630000000,630000000,729540
2021-11-05,SH600748,上实发展,3.8,3132759,1844562892,1844562892,700933.89896
2021-11-05,SZ000413,ST旭电,2.02,23417100,4864166564,5730250118,1157510.523836
2021-11-05,SZ000610,西安旅游,7.76,2172200,235394869,236747901,183716.371176
2021-11-05,SZ000612,焦作万方,6.67,21523033,1190682144,1192199394,795196.995798
2021-11-05,SH600753,*ST海钦,17.25,11214160,215040000,230307175,397279.876875
2021-11-05,SZ000596,古井贡酒,241.46,2954913,383600000,528600000,12763575.6
2021-11-05,SH600757,长江传媒,5.15,4740000,1213497103,1213650273,625029.890595
2021-11-05,SH600755,厦门国贸,6.71,29851412,1977588046,2070269480,1389150.82108
2021-11-05,SZ000606,顺利退,1.91,5678000,707201606,765799353,146267.676423
2021-11-05,SZ000611,天首退,3.32,3019600,319347925,337822022,112156.911304
2021-11-05,SH600761,安徽合力,10.44,2907500,740180802,740180802,772748.757288
2021-11-05,SZ000609,ST中迪,4.91,7769336,292089522,299265522,146939.371302
2021-11-05,SH600760,中航沈飞,75.6,12048667,1957583919,1960544999,14821720.19244
2021-11-05,SH600754,锦江酒店,51.8,6512986,914044063,1070044063,5542828.24634
2021-11-05,SH600749,西藏旅游,9.16,1757300,226965517,226965517,207900.413572
2021-11-05,SZ000615,*ST美谷,12.42,56816709,772609203,781180319,970225.956198
2021-11-05,SZ000617,中油资本,4.95,6719218,12642079079,12642079079,6257829.144105
2021-11-05,SZ000619,海螺新材,4.83,1001449,360000000,360000000,173880
2021-11-05,SH600766,退市园城,4.16,2745500,223932072,224226822,93278.357952
2021-11-05,SZ000623,吉林敖东,16.31,8723648,1160116324,1163046001,1896928.027631
2021-11-05,SH600758,辽宁能源,3.75,12627348,1320743394,1322017394,495756.52275
2021-11-05,SH600763,通策医疗,212.93,5864036,320640000,320640000,6827387.52
2021-11-05,SH600769,祥龙电业,5.18,2628847,374977200,374977200,194238.1896
2021-11-05,SH600764,中国海防,30.97,11539838,496061663,710629386,2200819.208442
2021-11-05,SH600771,广誉远,28.06,11009579,491999697,491999697,1380551.149782
2021-11-05,SH600765,中航重机,41.88,14372800,857402199,1051638636,4404262.607568
2021-11-05,SZ000616,*ST海投,1.91,12058753,1430234425,1430234425,273174.775175
2021-11-05,SH600774,汉商集团,18.07,1275350,226757731,295032402,533123.550414
2021-11-05,SH600773,西藏城投,20.25,46383118,819660744,819660744,1659813.0066
2021-11-05,SH600768,宁波富邦,8.23,538700,133747200,133747200,110073.9456
2021-11-05,SZ000627,*ST天茂,3.18,9173600,4552504165,4940629165,1571120.07447
2021-11-05,SZ000633,合金投资,7.15,5279790,385104123,385106373,275351.056695
2021-11-05,SZ000637,茂化实华,3.93,3908300,366494967,519875356,204311.014908
2021-11-05,SH600767,退市运盛,7.85,4661584,340910182,341010182,267692.99287
2021-11-05,SZ000651,格力电器,36.36,44889821,5968434103,6015730878,21873197.472408
2021-11-05,SH600775,南京熊猫,7.71,23989986,671838529,913838529,704569.505859
2021-11-05,SZ000628,高新发展,7.76,715411,192074040,352280000,273369.28
2021-11-05,SZ000630,铜陵有色,3.4,351906729,10526392975,10526533308,3579021.32472
2021-11-05,SZ000635,英 力 特,10.07,7342180,303087602,303087602,305209.215214
2021-11-05,SH600770,综艺股份,5.51,5100426,1300000000,1300000000,716300
2021-11-05,SZ000632,三木集团,3.07,2856700,465481606,465519570,142914.50799
2021-11-05,SH600777,*ST新潮,1.99,220387179,6232078317,6800495825,1353298.669175
2021-11-05,SZ000639,西王食品,5.13,30975717,1079426772,1079428095,553746.612735
2021-11-05,SH600776,东方通信,10.56,5331921,956000064,1256000064,1326336.067584
2021-11-05,SZ000626,远大控股,21.33,1742400,463946400,508940464,1085570.009712
2021-11-05,SZ000652,泰达股份,3.92,7379900,1474353019,1475573852,578424.949984
2021-11-05,SZ000655,金岭矿业,7.72,9346279,595340230,595340230,459602.65756
2021-11-05,SZ000656,*ST金科,4.07,80540686,5257895362,5339715816,2173264.337112
2021-11-05,SZ000636,风华高科,30.27,57725679,895233111,895233111,2709870.626997
2021-11-05,SH600778,友好集团,4.04,1810212,311214882,311491352,125842.506208
2021-11-05,SZ000659,珠海中富,4.08,10289640,1285702520,1285702520,524566.62816
2021-11-05,SH600780,通宝能源,3.49,9810300,1146502523,1146502523,400129.380527
2021-11-05,SZ000667,ST美置,1.56,23957791,2439311281,2466988633,384850.226748
2021-11-05,SZ000663,永安林业,9.82,3571562,306298033,336683929,330623.618278
2021-11-05,SH600779,水井坊,136.6,5216091,488303498,488369548,6671128.02568
2021-11-05,SZ000669,ST金鸿,2.24,11433901,680408797,680408797,152411.570528
2021-11-05,SZ000666,经纬纺机,7.84,3774300,293543593,704130000,552037.92
2021-11-05,SZ000668,*ST荣控,13.95,357800,146688393,146841890,204844.43655
2021-11-05,SZ000665,湖北广电,3.31,5125171,981839961,981894666,325007.134446
2021-11-05,SZ000671,ST阳光城,2.67,110419241,4052047253,4140382950,1105482.24765
2021-11-05,SH600781,退市辅仁,2.98,7678401,374263222,627157512,186892.938576
2021-11-05,SZ000661,长春高新,285.85,7221823,370361250,404720290,11568929.48965
2021-11-05,SZ000676,智度股份,6.6,86180446,1148971897,1276506972,842494.60152
2021-11-05,SH600783,鲁信创投,12.62,7265094,744359294,744359294,939381.429028
2021-11-05,SH600784,鲁银投资,6.19,12202175,568177846,568177846,351702.086674
2021-11-05,SH600782,新钢股份,5.37,78777205,3188722696,3188722696,1712344.087752
2021-11-05,SZ000677,恒天海龙,2.89,11143904,863977948,863977948,249689.626972
2021-11-05,SZ000058,深 赛 格,5.68,3127400,538282117,1235656249,701852.749432
2021-11-05,SH600785,新华百货,12.69,929433,225631280,225631280,286326.09432
2021-11-05,SZ000061,农 产 品,6.98,19671499,1696936756,1696964131,1184480.963438
2021-11-05,SZ000682,东方电子,6.02,23327515,1163870795,1340727007,807117.658214
2021-11-05,SH600787,中储股份,6.3,19431276,2179564270,2199801033,1385874.65079
2021-11-05,SZ000680,山推股份,3.72,11516886,1056963053,1501853212,558689.394864
2021-11-05,SH600792,云煤能源,3.94,18597997,989923600,989923600,390029.8984
2021-11-05,SZ000060,中金岭南,4.64,64910725,3648891565,3650018990,1693608.81136
2021-11-05,SZ000685,中山公用,8.29,6726656,1253229908,1475111351,1222867.309979
2021-11-05,SZ000673,当代退,1.59,23758732,789510358,789604108,125547.053172
2021-11-05,SZ000679,大连友谊,3.84,1464484,356400000,356400000,136857.6
2021-11-05,SZ000690,宝新能源,5.33,26381406,2081803575,2175887862,1159748.230446
2021-11-05,SH600791,京能置业,3.17,3132600,452313696,452880000,143562.96
2021-11-05,SZ000062,深圳华强,16.18,10377603,1044552962,1045909322,1692281.282996
2021-11-05,SZ000059,华锦股份,5.7,19116516,1599398529,1599442537,911682.24609
2021-11-05,SZ000683,博源化工,6.83,144259891,3328221973,3673412560,2508940.77848
2021-11-05,SH600793,宜宾纸业,15.74,17018336,176904002,176904002,278446.899148
2021-11-05,SZ000698,ST沈化,5.38,9635403,785690549,819514395,440898.74451
2021-11-05,SZ000687,华讯退,1.68,50559433,752864376,766199362,128721.492816
2021-11-05,SZ000701,厦门信达,4.75,1297100,406608256,539058376,256052.7286
2021-11-05,SH600789,鲁抗医药,7.02,10187823,880260920,880260920,617943.16584
2021-11-05,SZ000686,东北证券,8.76,12114043,2340452915,2340452915,2050236.75354
2021-11-05,SZ000692,惠天热电,3.5,7397274,532827726,532832976,186491.5416
2021-11-05,SH600790,轻纺城,2.92,3574782,1465790928,1465790928,428010.950976
2021-11-05,SZ000700,模塑科技,5.35,70436485,917069308,917069308,490632.07978
2021-11-05,SZ000691,*ST亚太,4.39,2061600,323270000,323270000,141915.53
2021-11-05,SZ001696,宗申动力,6.6,6651012,879208499,1145026920,755717.7672
2021-11-05,SH600794,保税科技,3.08,2580000,1212152157,1212152157,373342.864356
2021-11-05,SH600795,国电电力,2.5,160009790,17835619082,17835619082,4458904.7705
2021-11-05,SZ000702,正虹科技,4.55,3446543,266634576,266634576,121318.73208
2021-11-05,SZ000697,ST炼石,8.02,3429649,576888733,671616059,538636.079318
2021-11-05,SZ000708,中信特钢,18.07,8438350,1259156149,5047143433,9120188.183431
2021-11-05,SZ000703,恒逸石化,10.49,12552260,3388194054,3666279480,3845927.17452
2021-11-05,SH600796,钱江生化,5.78,12257346,301402144,301402144,174210.439232
2021-11-05,SH600051,宁波联合,6.29,1182121,310880000,310880000,195543.52
2021-11-05,SZ000705,浙江震元,6.94,826705,281972076,334123286,231881.560484
2021-11-05,SZ000711,ST京蓝,2.61,6185780,821865026,1023667816,267177.299976
2021-11-05,SH600052,东望时代,3.98,8202790,844194741,844194741,335989.506918
2021-11-05,SZ000707,双环科技,6.56,11831500,464144265,464145765,304479.62184
2021-11-05,SZ000712,锦龙股份,16.47,10597305,795943097,896000000,1475712
2021-11-05,SZ000758,中色股份,5.04,24878120,1969325694,1969378424,992566.725696
2021-11-05,SZ000709,河钢股份,2.34,62890367,10616892601,10618607852,2484754.237368
2021-11-05,SZ000716,黑芝麻,3.43,29106822,695926611,743999550,255191.84565
2021-11-05,SH600797,浙大网新,6.18,3991554,1027527102,1027527102,635011.749036
2021-11-05,SZ000400,许继电气,17.52,32898213,1008269840,1008327309,1766589.445368
2021-11-05,SZ000713,国投丰乐,8.87,14701405,558947567,614014980,544631.28726
2021-11-05,SZ000710,贝瑞基因,21.37,9543161,297708290,354605865,757792.733505
2021-11-05,SH600060,海信视像,13.06,32364335,1289081222,1308481222,1708876.475932
2021-11-05,SH600798,宁波海运,3.95,6173250,1030850948,1206534201,476581.009395
2021-11-05,SZ000736,*ST中地,4.81,1233695,695433689,695433689,334503.604409
2021-11-05,SZ000737,北方铜业,6.71,7810410,548760000,548760000,368217.96
2021-11-05,SZ000721,西安饮食,3.61,2567076,435952795,499055920,180159.18712
2021-11-05,SZ000766,通化金马,3.71,3718000,706995720,966494707,358569.536297
2021-11-05,SH600054,黄山旅游,8.83,1898200,513300000,729379440,644042.04552
2021-11-05,SH600064,南京高科,9.14,3871119,1235956888,1235956888,1129664.595632
2021-11-05,SZ000717,中南股份,4.06,32494971,2419524410,2419524410,982326.91046
2021-11-05,SZ000715,中兴商业,4.47,1163576,415059494,415718940,185826.36618
2021-11-05,SH600067,冠城新材,3.46,13595820,1492110725,1492110725,516270.31085
2021-11-05,SH600066,宇通客车,11.48,18231652,2213939223,2262931223,2597845.044004
2021-11-05,SZ000739,普洛药业,35,9326624,1178398671,1178523492,4124832.222
2021-11-05,SZ000720,新能泰山,4.88,5597200,1289650962,1289650962,629349.669456
2021-11-05,SH600056,中国医药,10.94,2311174,1068108198,1068485534,1168923.174196
2021-11-05,SZ000723,美锦能源,11.73,168155977,3970229000,4270271048,5009027.939304
2021-11-05,SH600059,古越龙山,11.37,16674038,911542413,911542413,1036423.723581
2021-11-05,SZ000759,中百集团,4.64,685889,680612267,681021500,315993.976
2021-11-05,SH600055,万东医疗,18.25,4907526,540816199,540816199,986989.563175
2021-11-05,SH600061,国投资本,8.14,21278618,6425299469,6425299469,5230193.767766
2021-11-05,SH600077,*ST宋都,2.19,3047510,1340122326,1340122326,293486.789394
2021-11-05,SZ000727,冠捷科技,2.47,20557952,3419222152,4529566980,1118803.04406
2021-11-05,SH600062,华润双鹤,11.5,3625070,1043237710,1043237710,1199723.3665
2021-11-05,SH600076,康欣新材,3.5,7445100,1034264129,1344543367,470590.17845
2021-11-05,SH600071,凤凰光学,51.65,18902737,237472456,281573889,1454329.136685
2021-11-05,SH600058,五矿发展,8.04,9204843,1071910711,1071910711,861816.211644
2021-11-05,SZ000779,甘咨询,8.26,889500,175031047,380330518,314153.007868
2021-11-05,SH600063,皖维高新,6.1,172559005,1925894692,1925894692,1174795.76212
2021-11-05,SH600072,中船科技,13.88,25163022,736249883,736249883,1021914.837604
2021-11-05,SH600070,*ST富润,6.77,2493484,506720732,521946118,353357.521886
2021-11-05,SZ000778,新兴铸管,3.68,25818363,3885142256,3990880176,1468643.904768
2021-11-05,SZ000780,ST平能,10.2,8734761,1014306324,1014306324,1034592.45048
2021-11-05,SH600079,ST人福,22.58,15908334,1386490465,1633071908,3687476.368264
2021-11-05,SZ000786,北新建材,26.79,9066276,1689507842,1689507842,4526191.508718
2021-11-05,SZ000767,晋控电力,3.13,30313247,2912242405,3076942219,963082.914547
2021-11-05,SZ000625,长安汽车,20.8,156525779,5849553940,7615428202,15840090.66016
2021-11-05,SZ000735,罗 牛 山,7.07,17757523,1150886809,1151513578,814120.099646
2021-11-05,SZ000776,广发证券,19.8,67987920,5919291464,7621087664,15089753.57472
2021-11-05,SZ000068,华控赛格,2.86,5241300,1006671464,1006671464,287908.038704
2021-11-05,SH600080,金花股份,6.7,2388101,373270285,373270285,250091.09095
2021-11-05,SH600088,中视传媒,9.6,3318998,397706400,397706400,381798.144
2021-11-05,SZ000788,北大医药,6.24,2121900,595987425,595987425,371896.1532
2021-11-05,SZ000728,国元证券,7.37,14903298,4291289205,4363777891,3216104.305667
2021-11-05,SH600090,退市济堂,0.98,151446904,1439662945,1439662945,141086.96861
2021-11-05,SZ000731,四川美丰,8.23,57690618,585723752,585723752,482050.647896
2021-11-05,SH600075,新疆天业,7.4,71483424,1259070275,1697645523,1256257.68702
2021-11-05,SZ000828,东莞控股,10.41,4411560,1039515642,1039516992,1082137.188672
2021-11-05,SH600089,特变电工,23.61,132564251,3786103952,3786103952,8938991.430672
2021-11-05,SZ000800,一汽解放,10.67,16614362,764516311,4650653869,4962247.678223
2021-11-05,SH600106,重庆路桥,2.52,3926246,1329025062,1329025062,334914.315624
2021-11-05,SZ000782,恒申新材,4.87,5841100,528133662,528139623,257203.996401
2021-11-05,SH600097,开创国际,9.82,5506625,240936559,240936559,236599.700938
2021-11-05,SH600082,海泰发展,2.75,3343200,634335412,646115826,177681.85215
2021-11-05,SH600085,同仁堂,33.5,10717527,1371470262,1371470262,4594425.3777
2021-11-05,SZ000819,岳阳兴长,7.1,3638065,299150255,299150255,212396.68105
2021-11-05,SZ000752,ST西发,5.63,1549502,263758491,263758491,148496.030433
2021-11-05,SZ000838,财信发展,2.61,6791750,846108444,1100462170,287220.62637
2021-11-05,SZ000738,航发控制,27.68,24676896,1145642349,1315184001,3640429.314768
2021-11-05,SZ000753,漳州发展,2.78,6752000,991481071,991481071,275631.737738
2021-11-05,SZ000768,中航西飞,32.24,32201602,2768640196,2768645071,8926111.708904
2021-11-05,SH600093,退市易见,2.7,34329885,1122447500,1122447500,303060.825
2021-11-05,SZ000066,中国长城,13.95,50884134,2938046005,2938394515,4099060.348425
2021-11-05,SZ000755,山西高速,3.81,11743183,469264621,1467310196,559045.184676
2021-11-05,SH600100,同方股份,5.55,14452692,2963898951,3350297713,1859415.230715
2021-11-05,SH600101,明星电力,6.23,26102342,421432670,421432670,262552.55341
2021-11-05,SH600078,澄星股份,6.95,34444278,662572861,662572861,460488.138395
2021-11-05,SH600081,东风科技,12.58,4031658,313560000,470418905,591786.98249
2021-11-05,SH600103,青山纸业,2.62,133910775,2305817807,2305817807,604124.265434
2021-11-05,SZ000796,凯撒旅业,7.18,5026000,802583633,803000258,576554.185244
2021-11-05,SZ000733,振华科技,111.06,5070635,514805618,514805618,5717431.193508
2021-11-05,SH600099,林海股份,7.06,1705300,219120000,219120000,154698.72
2021-11-05,SH600073,光明肉业,8.38,26333327,937729472,937729472,785817.297536
2021-11-05,SH600091,退市明科,2.7,3469092,437412524,437412524,118101.38148
2021-11-05,SZ000762,西藏矿业,48.15,41345702,520795518,520819240,2507744.6406
2021-11-05,SH600095,湘财股份,9,9980731,956642527,2854958418,2569462.5762
2021-11-05,SZ000750,国海证券,3.86,18634396,5444525514,5444525514,2101586.848404
2021-11-05,SH600096,云天化,24.73,165208577,1683347067,1837396147,4543880.671531
2021-11-05,SZ000777,中核科技,11.7,4321593,383406551,386597593,452319.18381
2021-11-05,SH600084,中信尼雅,3.87,5501400,1123726830,1123726830,434882.28321
2021-11-05,SZ000785,居然智家,4.96,8078694,760297946,6529036899,3238402.301904
2021-11-05,SZ000797,中国武夷,2.38,11128611,1566823521,1570998213,373897.574694
2021-11-05,SZ000729,燕京啤酒,7.01,13653986,2509560118,2818539341,1975796.078041
2021-11-05,SH600098,广州发展,6.55,15216838,2698936572,2726196558,1785658.74549
2021-11-05,SZ000799,酒鬼酒,213.18,6053064,324928980,324928980,6926835.99564
2021-11-05,SZ000868,安凯客车,3.75,18972980,733329168,733329168,274998.438
2021-11-05,SZ000088,盐 田 港,5.11,2868713,2249161747,2249161747,1149321.652717
2021-11-05,SZ000793,*ST华闻,2.42,51249987,1961008390,1997245457,483333.400594
2021-11-05,SZ000783,长江证券,7.12,14385316,5529948325,5529948325,3937323.2074
2021-11-05,SH600116,三峡水利,9.24,28074193,1353844295,1912142904,1766820.043296
2021-11-05,SZ000756,新华制药,7.39,1565330,431751495,627367447,463624.543333
2021-11-05,SH600109,国金证券,10.4,20494287,3024359310,3024359310,3145333.6824
2021-11-05,SZ000795,英洛华,5.43,23483101,1131407846,1133684103,615590.467929
2021-11-05,SZ000816,智慧农业,3.42,52601003,1337777472,1424503318,487180.134756
2021-11-05,SH600108,亚盛集团,3.83,155372521,1946915121,1946915121,745668.491343
2021-11-05,SH600128,苏豪弘业,6.45,4525775,246767500,246767500,159165.0375
2021-11-05,SH600118,中国卫星,25.71,7009444,1182489135,1182489135,3040179.566085
2021-11-05,SZ000069,华侨城Ａ,5.92,29589316,7055665245,8201793915,4855461.99768
2021-11-05,SZ000789,万年青,11.15,9714160,797382551,797401458,889102.62567
2021-11-05,SH600111,北方稀土,46.49,141220406,3633066000,3633066000,16890123.834
2021-11-05,SZ000836,ST富通,2.67,52640035,1208315049,1208455224,322657.544808
2021-11-05,SH600105,永鼎股份,4.56,90098682,1380881512,1380881512,629681.969472
2021-11-05,SH600110,诺德股份,18.59,96836922,1323181658,1397268615,2597522.355285
2021-11-05,SZ000823,超声电子,13.14,33901867,536935622,536981110,705593.17854
2021-11-05,SZ000791,甘肃能源,5.57,65221120,1359550430,1359576680,757284.21076
2021-11-05,SH600117,西宁特钢,3.57,8150534,1045118252,1045118252,373107.215964
2021-11-05,SZ000818,航锦科技,34.43,18574738,676449205,682614000,2350240.002
2021-11-05,SZ000888,峨眉山Ａ,5.95,3640982,526913102,526913102,313513.29569
2021-11-05,SH600113,浙江东日,5.72,1594236,411431160,411431160,235338.62352
2021-11-05,SH600132,重庆啤酒,159.21,2750486,483971198,483971198,7705305.443358
2021-11-05,SZ000839,国安股份,2.18,20417923,3919826352,3919826352,854522.144736
2021-11-05,SH600115,中国东航,4.78,19900022,9808485682,16379509203,7829405.399034
2021-11-05,SH600107,ST尔雅,5.46,2411105,360000000,360000000,196560
2021-11-05,SZ000848,承德露露,11.02,31907784,1076392496,1076419000,1186213.738
2021-11-05,SH600129,太极集团,15.39,4825700,556890744,556890744,857054.855016
2021-11-05,SZ000063,中兴通讯,31.3,40361729,3886401505,4642469460,14530929.4098
2021-11-05,SH600104,上汽集团,22.73,170185428,11683461365,11683461365,26556507.682645
2021-11-05,SZ000899,赣能股份,5.05,21096501,975674945,975677760,492717.2688
2021-11-05,SH600112,*ST天成,3.57,21545402,509204846,509204846,181786.130022
2021-11-05,SH600120,浙江东方,3.89,11185152,2896323121,2896323121,1126669.694069
2021-11-05,SZ000829,天音控股,22.6,45206447,1023765049,1025100438,2316726.98988
2021-11-05,SH600138,中青旅,9.7,8799487,723840000,723840000,702124.8
2021-11-05,SZ000889,中嘉博创,3.13,15084215,869849677,936291116,293059.119308
2021-11-05,SZ000898,鞍钢股份,3.76,74693719,7941252719,9405250201,3536374.075576
2021-11-05,SH600121,郑州煤电,4.84,22887100,1218412038,1218412038,589711.426392
2021-11-05,SZ000802,北京文化,4.83,3807185,711209005,715900255,345779.823165
2021-11-05,SZ000761,本钢板材,4.1,37944780,3708157357,4108157357,1684344.51637
2021-11-05,SH600119,长江投资,7.17,681965,307400000,365270370,261898.85529
2021-11-05,SZ001896,豫能控股,6.71,40635216,1150587847,1150587847,772044.445337
2021-11-05,SH600135,乐凯胶片,6.73,4903690,427764817,553307099,372375.677627
2021-11-05,SZ000886,海南高速,3.87,3756358,973958198,988828300,382676.5521
2021-11-05,SH600133,东湖高新,5.14,7821300,795469152,795469152,408871.144128
2021-11-05,SZ000798,中水渔业,7.23,5896800,319417500,319455000,230965.965
2021-11-05,SH600009,上海机场,49.03,9055853,1093476397,1926958448,9447877.270544
2021-11-05,SZ000429,粤高速Ａ,7,3110875,1302902734,2090806126,1463564.2882
2021-11-05,SH600139,*ST西源,2.09,11857900,661890508,661890508,138335.116172
2021-11-05,SH600136,ST明诚,6.35,6621358,486882186,584618623,371232.825605
2021-11-05,SZ000803,山高环能,19.95,8073000,147693852,242914361,484614.150195
2021-11-05,SZ000876,新 希 望,15.82,115855780,4325422589,4505211342,7127244.343044
2021-11-05,SH600126,杭钢股份,4.88,17273800,3377189083,3377189083,1648068.272504
2021-11-05,SH600158,中体产业,11.65,11924109,676791584,959513067,1117832.723055
2021-11-05,SZ000790,华神科技,4.92,7499794,616360564,616360564,303249.397488
2021-11-05,SH600131,国网信通,16.15,17686918,540214382,1195394544,1930562.18856
2021-11-05,SZ000807,云铝股份,10.69,155649419,2814103314,3128206556,3344052.808364
2021-11-05,SH600137,浪莎股份,14.25,660700,97217588,97217588,138535.0629
2021-11-05,SZ000806,银河退,2.34,5796000,699304718,1099911762,257379.352308
2021-11-05,SZ000089,深圳机场,7.08,21408580,2050769509,2050769509,1451944.812372
2021-11-05,SH600122,*ST宏图,1.46,10711900,1158258350,1158258350,169105.7191
2021-11-05,SH600168,武汉控股,6.27,961950,709569692,709569692,444900.196884
2021-11-05,SZ000858,五 粮 液,210.31,30142997,3881508186,3881608005,81634097.953155
2021-11-05,SH600127,金健米业,8.99,72275616,641783218,641783218,576963.112982
2021-11-05,SZ000801,四川九洲,7.34,18542907,1022806646,1022806646,750740.078164
2021-11-05,SH600125,铁龙物流,4.79,4145966,1305521874,1305521874,625344.977646
2021-11-05,SH600157,永泰能源,1.66,251850158,22217764145,22217764145,3688148.84807
2021-11-05,SZ000883,湖北能源,4.59,81845790,6505561854,6507449486,2986919.314074
2021-11-05,SZ000813,德展健康,3.58,10742715,2219869572,2241481800,802450.4844
2021-11-05,SH600150,中国船舶,21.88,97837803,2443307764,4472428758,9785674.122504
2021-11-05,SH600148,长春一东,12.2,606101,141516450,141516450,172650.069
2021-11-05,SH600159,大龙地产,2.25,3965000,830003232,830003232,186750.7272
2021-11-05,SH600156,华升股份,3.66,2785037,402110702,402110702,147172.516932
2021-11-05,SZ000811,冰轮环境,12.46,18497398,745821393,745837804,929313.903784
2021-11-05,SH600165,ST宁科,7.92,22870845,684883775,684883775,542427.9498
2021-11-05,SZ000810,创维数字,8.06,21193064,1024868296,1063236487,856968.608522
2021-11-05,SZ000878,云南铜业,13.06,24510761,1641874705,1699678560,2219780.19936
2021-11-05,SH600163,中闽能源,7.95,98602863,1154161335,1902996143,1512881.933685
2021-11-05,SH600166,福田汽车,3.4,67314651,6575192047,6575192047,2235565.29598
2021-11-05,SZ000065,北方国际,7.47,4038489,678058074,774481660,578537.80002
2021-11-05,SH600151,航天机电,12,19672790,1434252287,1434252287,1721102.7444
2021-11-05,SZ000815,美利云,5.53,14540725,695263035,695263035,384480.458355
2021-11-05,SH600152,维科技术,6.87,3491708,411288032,525480527,361005.122049
2021-11-05,SH600162,香江控股,1.95,7884300,3395781424,3395781424,662177.37768
2021-11-05,SH600161,天坛生物,29.36,8326309,1373174615,1373174615,4031640.66964
2021-11-05,SZ000809,和展能源,3.1,13198465,824791293,824791293,255685.30083
2021-11-05,SZ000882,华联股份,1.7,12442157,2737348016,2737351947,465349.83099
2021-11-05,SH600153,建发股份,7.65,11012555,2835200530,2863422530,2190518.23545
2021-11-05,SH600170,上海建工,3.21,79863600,8904397728,8904397728,2858311.670688
2021-11-05,SZ000812,陕西金叶,3.22,5061919,767858107,768692614,247519.021708
2021-11-05,SZ000821,ST京机,13.77,23323843,476361775,622874778,857698.569306
2021-11-05,SH600160,巨化股份,12.65,73010760,2699746081,2699746081,3415178.792465
2021-11-05,SH600188,兖矿能源,23.08,37114298,2974184060,4874184060,11249616.81048
2021-11-05,SH600180,瑞茂通,6.42,12599866,1016477464,1016477464,652578.531888
2021-11-05,SZ000822,山东海化,7.29,37739141,895091926,895091926,652522.014054
2021-11-05,SH600196,复星医药,49.9,35520350,2010958045,2562898545,12788863.73955
2021-11-05,SZ000830,鲁西化工,15.15,49630183,1464079243,1904319011,2885043.301665
2021-11-05,SH600199,金种子酒,16.9,49783093,606469391,657796824,1111676.63256
2021-11-05,SZ000856,冀东装备,6.43,1611100,227000000,227000000,145961
2021-11-05,SH600186,莲花控股,3.1,16824566,1379923955,1793901141,556109.35371
2021-11-05,SZ000881,中广核技,9,3396624,771187609,945425815,850883.2335
2021-11-05,SH600169,ST太重,2.8,29353705,2563955000,3333141500,933279.62
2021-11-05,SZ000862,银星能源,8.4,80432800,501352890,706118997,593139.95748
2021-11-05,SH600155,华创云信,9.16,5163245,1739556648,1739556648,1593433.889568
2021-11-05,SH600171,上海贝岭,30.09,34972303,700862144,712815314,2144861.279826
2021-11-05,SZ000581,威孚高科,23.39,78594432,816945681,1008950570,2359935.38323
2021-11-05,SZ000837,秦川机床,9.77,15807383,693099024,899370910,878685.37907
2021-11-05,SZ000850,华茂股份,4.04,8731751,943382489,943665009,381240.663636
2021-11-05,SH600189,泉阳泉,7.78,11116763,688282134,715197812,556423.897736
2021-11-05,SH600178,东安动力,7.41,5097008,462080000,462080000,342401.28
2021-11-05,SZ000825,太钢不锈,7.09,106756517,5696176066,5696247796,4038639.687364
2021-11-05,SH600198,大唐电信,7.99,6163079,880454735,882108472,704804.669128
2021-11-05,SH600183,生益科技,23.85,42158519,2309947277,2309947277,5509224.255645
2021-11-05,SZ000861,海印股份,1.99,7695090,2167751186,2325503649,462775.226151
2021-11-05,SZ000860,顺鑫农业,35.96,38138562,741766989,741766989,2667394.092444
2021-11-05,SH600179,安通控股,3.64,7280761,3564945567,4364286051,1588600.122564
2021-11-05,SZ000833,粤桂股份,6.51,16462400,378085022,668401851,435129.605001
2021-11-05,SZ000859,国风新材,5.68,23931687,840081809,895976271,508914.521928
2021-11-05,SH600177,雅戈尔,6.61,6506912,4502688973,4629002973,3059770.965153
2021-11-05,SZ000852,石化机械,5.8,20605688,777604997,777604997,451010.89826
2021-11-05,SH600172,黄河旋风,10.49,123127986,1224222286,1442184476,1512851.515324
2021-11-05,SH600218,全柴动力,12.76,23988559,368755000,435599919,555825.496644
2021-11-05,SZ000887,中鼎股份,17.81,28875709,1218260743,1220853166,2174339.488646
2021-11-05,SH600191,华资实业,3.66,16983341,484932000,484932000,177485.112
2021-11-05,SZ000895,双汇发展,30.79,38506085,1488824214,3464661213,10667691.874827
2021-11-05,SH600123,兰花科创,9.84,56103957,1142400000,1142400000,1124121.6
2021-11-05,SZ000078,海王生物,3.07,7166424,2621199543,2750833257,844505.809899
2021-11-05,SH600192,长城电工,4.2,2643459,441748000,441748000,185534.16
2021-11-05,SZ000893,亚钾国际,17.29,6747900,403342500,756903272,1308685.757288
2021-11-05,SH600195,中牧股份,11.22,8063540,1015610601,1015610601,1139515.094322
2021-11-05,SZ000877,天山股份,12.93,16241111,880093104,8348805927,10795006.063611
2021-11-05,SZ000892,欢瑞世纪,3.3,27016984,535377741,980980473,323723.55609
2021-11-05,SH600201,生物股份,16.09,20732928,1119961241,1126202241,1812059.405769
2021-11-05,SZ000890,法尔胜,4.53,1739279,379628678,419503968,190035.297504
2021-11-05,SH600228,*ST返利,6.85,3290560,241320000,823267005,563937.898425
2021-11-05,SZ000900,现代投资,4.01,3136710,1517245302,1517828334,608649.161934
2021-11-05,SH600167,联美控股,8.1,7055800,2288119475,2288119475,1853376.77475
2021-11-05,SH600266,城建发展,4.32,8161236,2256537600,2256537600,974824.2432
2021-11-05,SZ000908,*ST景峰,3.69,6651271,757837001,879774351,324636.735519
2021-11-05,SZ000928,中钢国际,6.5,23015296,1280049886,1280081086,832052.7059
2021-11-05,SH600007,中国国贸,13.48,5602995,1007282534,1007282534,1357816.855832
2021-11-05,SH600206,有研新材,13.01,13446841,844078132,846594132,1101418.965732
2021-11-05,SZ000917,电广传媒,5.6,12564598,1417296852,1417556338,793831.54928
2021-11-05,SH600209,退市罗顿,4.9,2106803,439011169,439011169,215115.47281
2021-11-05,SH600200,退市苏吴,6.85,6986601,712388832,712388832,487986.34992
2021-11-05,SZ000901,航天科技,8.56,7030684,798201406,798201406,683260.403536
2021-11-05,SZ000902,新洋丰,17.08,26028888,1186309098,1304529290,2228136.02732
2021-11-05,SH600173,卧龙新能,4.67,2171027,700416244,700506244,327136.415948
2021-11-05,SZ000903,ST云动,3.31,11573875,1970800857,1970800857,652335.083667
2021-11-05,SH600176,中国巨石,17.87,60001499,4003136728,4003136728,7153605.332936
2021-11-05,SZ000897,津滨发展,2.67,82477392,1617244634,1617272234,431811.686478
2021-11-05,SH600359,新农开发,8.69,32575402,381512820,381512820,331534.64058
2021-11-05,SZ000905,厦门港务,6.91,10389413,530998500,625191522,432007.341702
2021-11-05,SZ000909,ST数源,6.29,1038490,387423864,453828600,285458.1894
2021-11-05,SH600203,福日电子,9.21,5408199,456447120,456447120,420387.79752
2021-11-05,SZ000913,钱江摩托,13.98,8588760,453536000,453536000,634043.328
2021-11-05,SH600193,*ST创兴,7.16,1750394,425373000,425373000,304567.068
2021-11-05,SZ000911,广农糖业,11.73,12162901,324080937,324080937,380146.939101
2021-11-05,SZ000912,泸天化,4.83,54418096,1568000000,1568000000,757344
2021-11-05,SH600202,哈空调,4.06,15132001,383340672,383340672,155636.312832
2021-11-05,SH600190,退市锦港,2.66,1360300,1779484530,2002291500,532609.539
2021-11-05,SZ000915,华特达因,25.15,1583619,234151690,234331485,589343.684775
2021-11-05,SH600185,珠免集团,6.14,42113841,1944686896,1944686896,1194037.754144
2021-11-05,SZ000925,众合科技,7.56,6335918,524459336,557471062,421448.122872
2021-11-05,SZ000920,沃顿科技,8.08,5616071,421779600,422000000,340976
2021-11-05,SH600141,兴发集团,40.07,65432342,975597583,1111724663,4454680.724641
2021-11-05,SZ000922,佳电股份,10.45,48622465,582363503,599212053,626176.595385
2021-11-05,SZ000926,福星股份,3.86,4142800,946797682,962462474,371510.514964
2021-11-05,SH600208,衢州发展,2.77,85264569,8598171921,8599343536,2382018.159472
2021-11-05,SZ000929,*ST兰黄,9.13,7826500,185754223,185766000,169604.358
2021-11-05,SZ000835,长动退,2.68,5915349,302895000,326760374,87571.780232
2021-11-05,SZ000910,大亚圣象,11.51,3240373,547127500,547397500,630054.5225
2021-11-05,SH600146,退市环球,2.21,35342839,469970000,469970000,103863.37
2021-11-05,SZ000906,浙商中拓,10.4,2423360,664799578,674200820,701168.8528
2021-11-05,SZ000930,中粮科技,10.98,66289662,964402678,1865717988,2048558.350824
2021-11-05,SZ000931,中 关 村,7.85,51235314,746191907,753126982,591204.68087
2021-11-05,SZ000921,海信家电,11.61,5394113,902131318,1362725370,1582124.15457
2021-11-05,SZ000923,河钢资源,13.21,10328518,627893854,652728961,862254.957481
2021-11-05,SH600207,安彩高科,6.97,4289604,862955974,862955974,601480.313878
2021-11-05,SZ000918,*ST嘉凯,2.44,19144868,1804191500,1804191500,440222.726
2021-11-05,SZ000090,天健集团,5.01,6025500,1868165272,1868545434,936141.262434
2021-11-05,SH600211,西藏药业,46.22,2899443,247937843,247937843,1145968.710346
2021-11-05,SZ000927,中国铁物,3.31,8959600,1959304684,6050353641,2002667.055171
2021-11-05,SH600006,东风股份,7.03,31251822,2000000000,2000000000,1406000
2021-11-05,SZ000932,华菱钢铁,4.96,134550073,5717943441,6908632499,3426681.719504
2021-11-05,SZ000936,华西股份,5.81,5978344,885747139,886012887,514773.487347
2021-11-05,SH600212,绿能慧充,3.37,16638989,511697213,511697213,172441.960781
2021-11-05,SZ000935,四川双马,21.03,12954010,763440333,763440333,1605515.020299
2021-11-05,SH600210,紫江企业,8.75,48580403,1516736158,1516736158,1327144.13825
2021-11-05,SZ000933,神火股份,8.62,145055011,2231460309,2250986609,1940350.456958
2021-11-05,SH600215,派斯林,7.82,4558501,465032880,465032880,363655.71216
2021-11-05,SZ000937,冀中能源,5.85,104576651,2906599842,3533546850,2067124.90725
2021-11-05,SH600197,伊力特,24.9,14852597,471945620,471945620,1175144.5938
2021-11-05,SH600145,退市新亿,1.37,55998208,1491100380,1491100380,204280.75206
2021-11-05,SH600220,ST阳光,2.19,7259517,1783340326,1783340326,390551.531394
2021-11-05,SZ000948,南天信息,13.86,26306171,334501835,381165677,528295.628322
2021-11-05,SH600149,廊坊发展,4.46,2056300,380160000,380160000,169551.36
2021-11-05,SZ000949,新乡化纤,5.89,43700489,1257187175,1466727778,863902.661242
2021-11-05,SH600216,浙江医药,16.05,11867045,965123725,965128000,1549030.44
2021-11-05,SZ000938,紫光股份,27.99,33139957,2860079874,2860079874,8005363.567326
2021-11-05,SH600222,太龙药业,8.9,19832600,573886283,573886283,510758.79187
2021-11-05,SH600000,浦发银行,8.53,22913355,29352165582,29352165582,25037397.241446
2021-11-05,SZ000952,广济药业,6.73,2274800,309443612,346995039,233527.661247
2021-11-05,SH600226,亨通股份,2.29,20218245,3129012583,3129012583,716543.881507
2021-11-05,SZ000919,金陵药业,6.4,1764252,503186224,504000000,322560
2021-11-05,SH600268,国电南自,10.27,53319413,695265184,695265184,714037.343968
2021-11-05,SH600221,海航控股,1.95,177164930,16436002728,16806120330,3277193.46435
2021-11-05,SZ000953,河化股份,4.47,1638275,319921505,366122195,163656.621165
2021-11-05,SH600239,云南城投,2.34,26956881,1605686909,1605686909,375730.736706
2021-11-05,SZ000955,欣龙控股,4.35,4592671,537685425,538395000,234201.825
2021-11-05,SH600217,中再资环,5.05,7134278,1388659782,1388659782,701273.18991
2021-11-05,SZ000959,首钢股份,5.38,47675903,5057103246,6685423610,3596757.90218
2021-11-05,SZ000958,电投产融,4.42,22256619,1102079201,5383418520,2379470.98584
2021-11-05,SH600219,南山铝业,4.23,108889548,11950481520,11950481520,5055053.68296
2021-11-05,SZ000957,中通客车,5.18,18783200,592892704,592903936,307124.238848
2021-11-05,SH600223,福瑞达,12,22550986,1009152199,1009152199,1210982.6388
2021-11-05,SZ000962,东方钽业,10.29,9255626,440831060,440832644,453616.790676
2021-11-05,SH600238,*ST椰岛,17.66,49215316,445001580,448200000,791521.2
2021-11-05,SZ000963,华东医药,35.18,23845714,1749761803,1749809548,6155829.989864
2021-11-05,SZ000960,锡业股份,15.89,40469566,1668776379,1668776379,2651685.666231
2021-11-05,SH600227,赤天化,3.1,7785800,1278179547,1693134201,524871.60231
2021-11-05,SH600500,中化国际,7.5,42644150,2707916472,2765916472,2074437.354
2021-11-05,SZ000961,ST中南,3.72,46580234,3811261542,3826558901,1423479.911172
2021-11-05,SH600229,城市传媒,6.37,8822976,702096010,702096010,447235.15837
2021-11-05,SZ000999,华润三九,23.85,4638404,978395308,978900000,2334676.5
2021-11-05,SZ000966,长源电力,7.06,32849638,1108284080,2549660478,1800060.297468
2021-11-05,SH600236,桂冠电力,5.4,11571291,7882377802,7882377802,4256484.01308
2021-11-05,SZ000967,盈峰环境,6.18,6007325,2023487565,3163086883,1954787.693694
2021-11-05,SH600230,沧州大化,13.88,7518138,411863502,418596302,581011.667176
2021-11-05,SZ000965,天保基建,2.25,3298751,1109830895,1109830895,249711.951375
2021-11-05,SZ000518,*ST四环,3.18,3565978,1029535693,1029556222,327398.878596
2021-11-05,SZ000970,中科三环,11.92,52173695,1065200000,1065200000,1269718.4
2021-11-05,SH600299,安迪苏,12.64,16846104,2681901273,2681901273,3389923.209072
2021-11-05,SH600008,首创环保,3.13,104581885,7340590677,7340590677,2297604.881901
2021-11-05,SZ000971,*ST高升,2.24,4542896,803485516,1048590126,234884.188224
2021-11-05,SZ000070,特发信息,6.18,5481695,804949978,826310653,510659.983554
2021-11-05,SH600231,凌钢股份,2.51,19360953,2852129323,2852129323,715884.460073
2021-11-05,SH600269,赣粤高速,3.25,6105980,2335407014,2335407014,759007.27955
2021-11-05,SZ000978,桂林旅游,4.79,3310700,360053425,360100000,172487.9
2021-11-05,SZ000973,佛塑科技,4.45,14269792,967392234,967423171,430503.311095
2021-11-05,SH600256,广汇能源,6.27,151287822,6565755139,6565755139,4116728.472153
2021-11-05,SZ000301,东方盛虹,21.5,83709176,1731856289,4834903257,10395042.00255
2021-11-05,SZ000969,安泰科技,8.69,19182333,1000626464,1026008097,891601.036293
2021-11-05,SH600258,首旅酒店,22.62,7117794,982080716,987034712,2232672.518544
2021-11-05,SZ000976,*ST华铁,4.47,8357059,1594619972,1595678796,713268.421812
2021-11-05,SH600232,金鹰股份,4.85,1174500,364718544,364718544,176888.49384
2021-11-05,SZ000988,华工科技,29.48,16197687,1004985657,1005502707,2964221.980236
2021-11-05,SH600233,圆通速递,13.77,21939835,3159579446,3159830686,4351086.854622
2021-11-05,SZ000977,浪潮信息,31.81,46174344,1452808551,1453721310,4624287.48711
2021-11-05,SZ000975,山金国际,9.04,21528540,2448450295,2776722265,2510156.92756
2021-11-05,SH600237,铜峰电子,5.48,8915500,564369565,564369565,309274.52162
2021-11-05,SH600257,大湖股份,6.36,37859295,481237188,481237188,306066.851568
2021-11-05,SH600235,民丰特纸,4.97,5077827,351300000,351300000,174596.1
2021-11-05,SH600234,科新发展,8.8,618709,202445880,262520973,231018.45624
2021-11-05,SZ000980,众泰汽车,9.03,55421738,1245944713,2027671288,1830987.173064
2021-11-05,SZ000968,蓝焰控股,8.46,17589643,967502660,967502660,818507.25036
2021-11-05,SZ000989,九芝堂,8.42,3428309,614595840,869354236,731996.266712
2021-11-05,SH600262,北方股份,13.72,595802,170000000,170000000,233240
2021-11-05,SH600300,维维股份,3.49,11927535,1672000000,1672000000,583528
2021-11-05,SH600130,*ST波导,3.52,10233411,768000000,768000000,270336
2021-11-05,SZ000982,中银绒业,2.83,182291268,4261877053,4261877053,1206111.205999
2021-11-05,SZ000990,诚志股份,13.82,9843648,1253011019,1253011919,1731662.472058
2021-11-05,SH600260,*ST凯乐,2.42,35987202,994886058,994886058,240762.426036
2021-11-05,SH600278,东方创业,7.59,1752457,678914260,868459428,659160.705852
2021-11-05,SH600301,华锡有色,9.99,2316100,235148140,235148140,234912.99186
2021-11-05,SZ000996,中期退,8.28,3296461,345000000,345000000,285660
2021-11-05,SZ000987,越秀资本,7.96,7705660,3716014123,3716394417,2958249.955932
2021-11-05,SH600018,上港集团,4.71,45905559,23173674650,23278679750,10964258.16225
2021-11-05,SH600289,ST信通,3.69,9100219,565922684,631052069,232858.213461
2021-11-05,SH600261,阳光照明,3.76,6060575,1452102930,1452102930,545990.70168
2021-11-05,SZ000096,广聚能源,8.21,428552,510848000,528000000,433488
2021-11-05,SZ000158,常山北明,6.69,42882819,1577040918,1598616721,1069474.586349
2021-11-05,SH600267,海正药业,12.47,7173751,965531842,1196204562,1491667.088814
2021-11-05,SH600277,ST亿利,4.48,228374534,3560622194,3560622194,1595158.742912
2021-11-05,SZ000985,大庆华科,11.5,942500,129639500,129639500,149085.425
2021-11-05,SZ000983,山西焦煤,9.21,133267956,4096560000,4096560000,3772931.76
2021-11-05,SZ000099,中信海直,7.2,6068700,606070420,775770137,558554.49864
2021-11-05,SH600291,退市西水,7.34,9469684,1093064378,1093064378,802309.253452
2021-11-05,SZ000993,闽东电力,15.88,61689868,439747572,457951455,727226.91054
2021-11-05,SH600279,重庆港,3.53,1484600,869924190,1186866283,418963.797899
2021-11-05,SZ000150,*ST宜康,3.29,54059234,805990242,877697557,288762.496253
2021-11-05,SZ000997,新 大 陆,15.32,9758675,1025967726,1032062937,1581120.419484
2021-11-05,SH600275,退市昌鱼,2.6,8094401,508837238,508837238,132297.68188
2021-11-05,SH600298,安琪酵母,56.35,9019201,824080943,832860943,4693171.413805
2021-11-05,SH600265,ST景谷,19.53,285805,129800000,129800000,253499.4
2021-11-05,SH600287,苏豪时尚,4.01,710200,436796074,443282774,177756.392374
2021-11-05,SZ000151,中成股份,7.56,4433021,266543967,337370728,255052.270368
2021-11-05,SH600282,南钢股份,3.37,39620286,4460568948,6158732721,2075492.926977
2021-11-05,SH600293,三峡新材,3.22,26388364,1160145046,1160145046,373566.704812
2021-11-05,SZ000153,丰原药业,9.88,5480097,311977230,312141230,308395.53524
2021-11-05,SH600358,ST联合,3.62,2607800,504936660,504936660,182787.07092
2021-11-05,SH600246,万通发展,10.68,10346180,2054009302,2054009302,2193681.934536
2021-11-05,SZ000159,国际实业,5.7,7809199,480685993,480685993,273991.01601
2021-11-05,SH600280,中央商场,2.94,3342600,1138334820,1138334820,334670.43708
2021-11-05,SZ000972,*ST中基,2.59,8365872,771283579,771283579,199762.446961
2021-11-05,SH600308,华泰股份,5.85,41575550,1167561419,1167561419,683023.430115
2021-11-05,SZ000157,中联重科,7.08,60766330,7063148394,8675031447,6141922.264476
2021-11-05,SH600283,钱江水利,10.43,1917292,352995758,352995758,368174.575594
2021-11-05,SH600276,恒瑞医药,51.81,92066228,6379002274,6397477594,33145331.414514
2021-11-05,SH600285,羚锐制药,10.98,8458066,554088392,567758992,623399.373216
2021-11-05,SZ000869,张  裕Ａ,32.29,2735525,453460800,685464000,2213363.256
2021-11-05,SH600366,宁波韵升,11.13,98573182,989113721,989113721,1100883.571473
2021-11-05,SH600292,电投水电,7.2,5180982,780816890,780816890,562188.1608
2021-11-05,SH600290,*ST华仪,3.4,15294771,759903511,759903511,258367.19374
2021-11-05,SH600281,华阳新材,5.24,12477998,514402025,514402025,269546.6611
2021-11-05,SH600297,广汇汽车,2.58,61681741,8111022766,8111022766,2092643.873628
2021-11-05,SH600243,*ST海华,4.39,8342501,438850000,438850000,192655.15
2021-11-05,SZ000488,ST晨鸣,7.27,49713061,1664963401,2984208200,2169519.3614
2021-11-05,SH600255,鑫科材料,2.08,13281425,1769593555,1799543555,374305.05944
2021-11-05,SH600337,美克家居,3.35,14070190,1628327220,1628327220,545489.6187
2021-11-05,SH600241,时代万恒,8.99,2694811,294302115,294302115,264577.601385
2021-11-05,SH600288,大恒科技,11.3,3149372,436800000,436800000,493584
2021-11-05,SH600252,中恒集团,3.03,10329494,3475107147,3475107147,1052957.465541
2021-11-05,SH600422,昆药集团,8.25,3207000,755695746,758255769,625561.009425
2021-11-05,SH600318,新力金融,7.95,16626651,511655849,512727632,407618.46744
2021-11-05,SH600333,长春燃气,6.85,39700362,609030684,609030684,417186.01854
2021-11-05,SZ000998,隆平高科,22.87,32592009,1061871877,1316970298,3011911.071526
2021-11-05,SH600019,宝钢股份,6.41,187138888,22212353437,22268589450,14274165.83745
2021-11-05,SH600302,标准股份,4.01,866500,346009804,346009804,138749.931404
2021-11-05,SH600316,洪都航空,39.99,12993041,717114512,717114512,2867740.933488
2021-11-05,SH600038,中直股份,62.91,5706338,589476716,589476716,3708398.020356
2021-11-05,SH600016,民生银行,3.87,40097758,35462123213,43782418502,16943795.960274
2021-11-05,SH600307,酒钢宏兴,2.16,109179400,6263357424,6263357424,1352885.203584
2021-11-05,SH600368,五洲交通,3.67,14537283,1125632068,1125632068,413106.968956
2021-11-05,SH600320,振华重工,3.48,18010218,3321997661,5268353501,1833387.018348
2021-11-05,SH600328,中盐化工,16.58,44377597,559611620,957664592,1587807.893536
2021-11-05,SH600345,长江通信,14.81,1955636,198000000,198000000,293238
2021-11-05,SH600323,瀚蓝环境,21.16,3061637,815347146,815347146,1725274.560936
2021-11-05,SZ000726,鲁  泰Ａ,6.15,4124617,561279489,882421067,542688.956205
2021-11-05,SH600339,中油工程,2.89,53745276,5583147471,5583147471,1613529.619119
2021-11-05,SH600306,退市商城,15.3,1076016,177472546,178138918,272552.54454
2021-11-05,SH600303,曙光股份,3.65,7785202,675604211,675604211,246595.537015
2021-11-05,SH600338,西藏珠峰,28.69,44945529,914210168,914210168,2622868.971992
2021-11-05,SH600398,海澜之家,6.53,11093568,4319602472,4319602472,2820700.414216
2021-11-05,SH600399,抚顺特钢,21.8,26390482,1972100000,1972100000,4299178
2021-11-05,SH600336,澳柯玛,7.98,56696600,783851569,798263269,637014.088662
2021-11-05,SH600388,龙净环保,7.86,11896429,1069064624,1069064624,840284.794464
2021-11-05,SH600309,万华化学,100.56,27258863,1423756420,3139746626,31573292.071056
2021-11-05,SH600400,红豆股份,3.09,25984142,2291371852,2291371852,708033.902268
2021-11-05,SH600369,西南证券,4.71,17137629,5645109124,6645109124,3129846.397404
2021-11-05,SH600389,江山股份,37.78,10942473,297000000,297000000,1122066
2021-11-05,SH600378,昊华科技,31.31,4514151,356631950,919229657,2878108.056067
2021-11-05,SZ000725,京东方Ａ,5.01,389126095,33537433064,38448775782,19262836.666782
2021-11-05,SH600365,ST通葡,3.66,3727700,400000000,400000000,146400
2021-11-05,SH600390,五矿资本,5.02,16111321,4498065459,4498065459,2258028.860418
2021-11-05,SH600377,宁沪高速,8.24,5385426,3802183001,5037747500,4151103.94
2021-11-05,SH600326,西藏天路,6.25,4236730,918548290,918548290,574092.68125
2021-11-05,SH600382,广东明珠,4.59,6555314,788933815,788933815,362120.621085
2021-11-05,SH600330,天通股份,14.63,122924954,996565730,996565730,1457975.66299
2021-11-05,SH600332,白云山,29.11,5030991,1405890949,1625790949,4732677.452539
2021-11-05,SH600305,恒顺醋业,16.99,35458978,1002956032,1002956032,1704022.298368
2021-11-05,SH600037,歌华有线,7.69,10727922,1391777884,1391777884,1070277.192796
2021-11-05,SH600033,福建高速,2.59,5425100,2744400000,2744400000,710799.6
2021-11-05,SH600466,*ST蓝光,1.69,25831538,3034930435,3034930435,512903.243515
2021-11-05,SH600386,北巴传媒,4.31,26142147,806400000,806400000,347558.4
2021-11-05,SH600312,平高电气,7.71,33243468,1356921309,1356921309,1046186.329239
2021-11-05,SH600558,大西洋,3.18,5232200,897604831,897604831,285438.336258
2021-11-05,SH600272,开开实业,6.53,434900,160000000,243000000,158679
2021-11-05,SH600550,保变电气,4.46,13456269,1841528480,1841528480,821321.70208
2021-11-05,SH600310,广西能源,6.06,151883239,827775000,1221425602,740183.914812
2021-11-05,SH600335,国机汽车,7.34,95295282,1029736837,1456875351,1069346.507634
2021-11-05,SH600250,南京商旅,4.39,806100,270037533,310593879,136350.712881
2021-11-05,SH600010,包钢股份,2.51,896139897,31677211587,45585032648,11441843.194648
2021-11-05,SH600376,首开股份,4.65,5056200,2579565242,2579565242,1199497.83753
2021-11-05,SH600315,上海家化,44.88,2541717,671248461,679634461,3050199.460968
2021-11-05,SH600360,*ST华微,9.49,62086108,960295304,960295304,911320.243496
2021-11-05,SH600393,ST粤泰,1.31,18695400,988205552,2536247870,332248.47097
2021-11-05,SH600518,康美药业,4.24,63517387,4408786966,4973861675,2108917.3502
2021-11-05,SH600367,红星发展,14.47,15375200,291200000,293260400,424347.7988
2021-11-05,SH600319,亚星化学,5.39,608600,315594000,315594000,170105.166
2021-11-05,SH600555,退市海创,1.63,3812501,973500000,1303500000,212470.5
2021-11-05,SH600396,华电辽能,2.39,29280800,1472706817,1472706817,351976.929263
2021-11-05,SH600363,联创光电,30.14,4933720,443476750,455476750,1372806.9245
2021-11-05,SH600383,金地集团,9.69,26807045,4514583572,4514583572,4374631.481268
2021-11-05,SH600356,恒丰纸业,6.99,1918860,298731378,298731378,208813.233222
2021-11-05,SH600295,鄂尔多斯,26.13,34272436,652540540,1427947069,3731225.691297
2021-11-05,SH600381,*ST春天,6.48,10280600,587060741,587060741,380415.360168
2021-11-05,SH600588,用友网络,31.99,10592780,3240957816,3270531450,10462430.10855
2021-11-05,SH600568,ST中珠,1.79,5663200,1564948288,1992869681,356723.672899
2021-11-05,SH600321,正源股份,1.9,6409100,1510550000,1510550000,287004.5
2021-11-05,SH600528,中铁工业,7.81,3904295,2221551588,2221551588,1735031.790228
2021-11-05,SH600395,盘江股份,7.64,18172751,1655051861,1655051861,1264459.621804
2021-11-05,SH600329,达仁堂,24.23,3475170,565868076,773643076,1874537.173148
2021-11-05,SH600380,健康元,11.73,7198068,1905357843,1905357843,2234984.749839
2021-11-05,SH600589,大位科技,2.04,5096029,704033281,704033281,143622.789324
2021-11-05,SH600468,百利电气,5.41,56097991,1121895038,1121895038,606945.215558
2021-11-05,SH600501,航天晨光,9.34,3639537,421283600,421283600,393478.8824
2021-11-05,SH600488,津药药业,4.08,1533656,1091886680,1100346680,448941.44544
2021-11-05,SH600311,*ST荣华,1.87,3495749,665600000,665600000,124467.2
2021-11-05,SH600419,天润乳业,12.66,4513799,268599337,268599337,340046.760642
2021-11-05,SH600530,交大昂立,3.54,9639550,780000000,780000000,276120
2021-11-05,SH600028,中国石化,4.09,133598187,95557771046,121071209646,49518124.745214
2021-11-05,SH600569,安阳钢铁,2.74,28569708,2393684489,2872421386,787043.459764
2021-11-05,SH600346,恒力石化,20.5,43562760,7039099786,7039099786,14430154.5613
2021-11-05,SH600566,济川药业,18.16,7866562,888259075,888259075,1613078.4802
2021-11-05,SH600498,烽火通信,17.57,6302647,1131544183,1131544183,1988123.129531
2021-11-05,SH600418,江淮汽车,15.55,93457141,1893312117,1893312117,2944100.341935
2021-11-05,SH600539,狮头股份,6.38,568600,230000000,230000000,146740
2021-11-05,SH600519,贵州茅台,1819.94,2707723,1256197800,1256197800,228620462.4132
2021-11-05,SH600599,*ST熊猫,8.17,477400,166000000,166000000,135622
2021-11-05,SH600508,上海能源,10.3,13022246,722718000,722718000,744399.54
2021-11-05,SH600448,华纺股份,3.05,2615141,629819662,629819662,192094.99691
2021-11-05,SH600596,新安股份,25.5,53826042,735190386,818390386,2086895.4843
2021-11-05,SH600322,津投城开,1.72,6021396,1105700000,1105700000,190180.4
2021-11-05,SH600361,创新新材,4.89,10075800,665807918,665807918,325580.071902
2021-11-05,SH600011,华能国际,6.45,117162575,10997709919,15698093359,10125270.216555
2021-11-05,SH600391,航发科技,20.66,3433599,330129367,330129367,682047.272222
2021-11-05,SH600567,山鹰国际,3.3,60052608,4616164274,4616164274,1523334.21042
2021-11-05,SH600331,宏达股份,3.38,78523903,2032000000,2032000000,686816
2021-11-05,SH600548,深高速,10.87,22803597,1433270326,2180770326,2370497.344362
2021-11-05,SH600506,统一股份,11.7,1192300,147706873,147706873,172817.04141
2021-11-05,SH600523,贵航股份,16.79,10542640,404044620,404311320,678838.70628
2021-11-05,SH600520,三佳科技,7.76,2134300,158430000,158430000,122941.68
2021-11-05,SH600362,江西铜业,22.66,27012585,2075247405,3462729405,7846544.83173
2021-11-05,SH600379,宝光股份,10.85,12731875,330201564,330201564,358268.69694
2021-11-05,SH600583,海油工程,4.29,36309985,4421354800,4421354800,1896761.2092
2021-11-05,SH600585,海螺水泥,37.82,13268132,3999702579,5299302579,20041962.353778
2021-11-05,SH600509,天富能源,6.03,15668734,1151415017,1151415017,694303.255251
2021-11-05,SH600373,中文传媒,11.08,28567910,1355063719,1355063719,1501410.600652
2021-11-05,SH600350,山东高速,5.04,6830752,4811165857,4811165857,2424827.591928
2021-11-05,SH600533,栖霞建设,2.76,3899400,1050000000,1050000000,289800
2021-11-05,SH600598,北大荒,14.89,21896380,1777679909,1777679909,2646965.384501
2021-11-05,SH600036,招商银行,51.56,36197416,20628944429,25219845601,130033523.918756
2021-11-05,SH600456,宝钛股份,52.79,7518642,477777539,477777539,2522187.628381
2021-11-05,SH600855,航天长峰,12.26,3051900,349943288,449113701,550613.397426
2021-11-05,SH600428,中远海特,4.99,43875055,2146650771,2146650771,1071178.734729
2021-11-05,SH600486,扬农化工,122.61,1187757,309898907,309898907,3799670.498727
2021-11-05,SH600833,第一医药,7.97,370500,223086347,223086347,177799.818559
2021-11-05,SH600837,海通证券,12.36,34874263,8482678055,13064200000,16147351.2
2021-11-05,SH600415,小商品城,4.92,44628352,5443214176,5489914176,2701037.774592
2021-11-05,SH600578,京能电力,2.74,13544705,6677617856,6677617856,1829667.292544
2021-11-05,SH600582,天地科技,3.75,42474521,4138588892,4138588892,1551970.8345
2021-11-05,SH600536,中国软件,57,17919090,494562782,494562782,2819007.8574
2021-11-05,SH600083,*ST博信,5.34,710000,227993326,230000000,122820
2021-11-05,SH600845,宝信软件,72.39,3392800,1091524620,1520141976,11004307.764264
2021-11-05,SH600026,中远海能,5.4,14575934,2864972688,4762691885,2571853.6179
2021-11-05,SH600505,西昌电力,8.31,13969600,364567500,364567500,302955.5925
2021-11-05,SH600529,山东药玻,37.67,24570296,594967747,594967747,2241243.502949
2021-11-05,SH600496,精工钢构,3.91,41232855,2012874349,2012874349,787033.870459
2021-11-05,SH600580,卧龙电驱,14.85,38605649,1315262586,1315262586,1953164.94021
2021-11-05,SH600355,*ST精伦,2.9,9007400,492089200,492089200,142705.868
2021-11-05,SH600510,黑牡丹,7.41,4458292,1017278025,1047095025,775897.413525
2021-11-05,SH600426,华鲁恒升,28.12,30163970,2109171597,2111914669,5938704.049228
2021-11-05,SZ000411,英特集团,12.63,2533777,207331476,248945215,314417.806545
2021-11-05,SH600327,大东方,5.9,13533335,884779518,884779518,522019.91562
2021-11-05,SH600595,中孚实业,3.69,15206377,3922448114,3922448114,1447383.354066
2021-11-05,SZ000536,华映科技,2.15,13731630,2763082516,2766032803,594697.052645
2021-11-05,SH600818,中路股份,8.2,888576,237957910,321447910,263587.2862
2021-11-05,SH600397,江钨装备,2.96,28387400,989959882,989959882,293028.125072
2021-11-05,SH600590,泰豪科技,7.05,11690194,844925860,858782308,605441.52714
2021-11-05,SH600503,华丽家族,3.01,10086600,1602290000,1602290000,482289.29
2021-11-05,SH600721,百花医药,6.81,5372600,375134355,375134355,255466.495755
2021-11-05,SH600593,大连圣亚,12.89,2540520,128800000,128800000,166023.2
2021-11-05,SH600561,江西长运,4.24,2141400,237064000,284476800,120618.1632
2021-11-05,SH600416,湘电股份,15.17,19750679,628631202,1154951900,1752062.0323
2021-11-05,SH600526,菲达环保,5.16,4929900,547404672,547404672,282460.810752
2021-11-05,SH600565,ST迪马,2.28,7985154,2491506284,2551236284,581681.872752
2021-11-05,SH600531,豫光金铅,5.18,16726967,1090242634,1090242634,564745.684412
2021-11-05,SH600592,龙溪股份,8.5,2058700,399553571,399553571,339620.53535
2021-11-05,SH600515,海南机场,8.66,11722960,1658295366,3907592460,3383975.07036
2021-11-05,SZ000546,金圆股份,9.38,29373010,714345129,714644396,670336.443448
2021-11-05,SH600579,中化装备,6.86,2961900,408693024,733409393,503118.843598
2021-11-05,SH600586,金晶科技,9.03,65457296,1428770000,1428770000,1290179.31
2021-11-05,SH600581,八一钢铁,6.31,55497791,1532897870,1532897870,967258.55597
2021-11-05,SH600535,天士力,13.06,8768725,1512666229,1512666229,1975542.095074
2021-11-05,SH600597,光明乳业,14.96,23575973,1224302009,1224487509,1831833.313464
2021-11-05,SH600516,方大炭素,9.49,141897809,3805970368,3805970368,3611865.879232
2021-11-05,SH600743,华远控股,1.78,5208500,2346100874,2346100874,417605.955572
2021-11-05,SH600551,时代出版,6.92,1626228,505825296,505825296,350031.104832
2021-11-05,SH600577,精达股份,8.37,64451428,1989463184,1989463184,1665180.685008
2021-11-05,SH600371,万向德农,11.26,6263092,292578000,292578000,329442.828
2021-11-05,SH600557,康缘药业,9.78,6611103,592881038,592881038,579837.655164
2021-11-05,SH600560,金自天正,8.36,1311100,223645500,223645500,186967.638
2021-11-05,SZ000875,电投绿能,6.86,149764339,2445677467,2790208174,1914082.807364
2021-11-05,SH600351,亚宝药业,5.87,13003741,770000023,770000023,451990.013501
2021-11-05,SH600587,新华医疗,19.79,8823645,403466668,406428091,804321.192089
2021-11-05,SH600853,龙建股份,2.34,3169785,1004901546,1004901546,235146.961764
2021-11-05,SH600050,中国联通,4.05,67712390,30755644212,30991393212,12551514.25086
2021-11-05,SH600499,科达制造,18.22,40379322,1577205702,1888419929,3440701.110638
2021-11-05,SZ000585,东电退,1.75,3943300,609420978,873370000,152839.75
2021-11-05,SZ000613,东海A退,3.46,2664800,266879800,364100000,125978.6
2021-11-05,SH600522,中天科技,15.18,425895697,3066179771,3066179771,4654460.892378
2021-11-05,SH600559,老白干酒,21.52,30557444,897287444,897287444,1930962.579488
2021-11-05,SH600532,退市未来,18.1,2665100,516065720,516065720,934078.9532
2021-11-05,SH600571,信雅达,8.75,17108764,430710823,477021629,417393.925375
2021-11-05,SH600549,厦门钨业,21.75,32276078,1406046200,1418459200,3085148.76
2021-11-05,SH600552,凯盛科技,8.76,30719258,763884003,763884003,669162.386628
2021-11-05,SH600353,旭光电子,5.1,2413500,543720000,543720000,277297.2
2021-11-05,SH600511,国药股份,30.84,6635722,553346424,754502998,2326887.245832
2021-11-05,SH600525,ST长园,6.3,17925672,1305775152,1305775152,822638.34576
2021-11-05,SH600563,法拉电子,213.7,3452233,225000000,225000000,4808250
2021-11-05,SZ000557,西部创业,3.38,4313300,1457916198,1458374735,492930.66043
2021-11-05,SH600458,时代新材,9.71,28341442,802798152,802798152,779517.005592
2021-11-05,SH600512,腾达建设,3.02,18674317,1598902832,1598902832,482868.655264
2021-11-05,SH600030,中信证券,25.36,54523818,9814661700,12926776029,32782304.009544
2021-11-05,SH600759,洲际油气,2.59,105203831,2258184018,2263507518,586248.447162
2021-11-05,SH600012,皖通高速,5.81,4408300,1165600000,1658610000,963652.41
2021-11-05,SH600538,国发股份,9.73,10139728,464401185,524198348,510044.992604
2021-11-05,SH600537,亿晶光电,4.78,28770543,1176359268,1176359268,562299.730104
2021-11-05,SH600562,国睿科技,14.73,8294804,660738434,1241857840,1829256.59832
2021-11-05,SH600408,安泰集团,3.07,33014600,1006800000,1006800000,309087.6
2021-11-05,SH600576,祥源文旅,4.89,3426700,619402409,619402409,302887.778001
2021-11-05,SH600573,惠泉啤酒,9.17,11054200,250000000,250000000,229250
2021-11-05,SH600521,华海药业,20.75,20172412,1454610791,1491755791,3095393.266325
2021-11-05,SH600370,三房巷,2.94,7363000,925940727,3896339676,1145523.864744
2021-11-05,SH600460,士兰微,64.9,52577220,1312061614,1416071845,9190306.27405
2021-11-05,SH600513,联环药业,8.41,2107405,285456270,287990370,242199.90117
2021-11-05,SH600039,四川路桥,10.79,77935796,3610525510,4775430289,5152689.281831
2021-11-05,SH600575,淮河能源,2.14,24690515,3886261065,3886261065,831659.86791
2021-11-05,SH600375,汉马科技,9.08,10419986,555740597,654314844,594117.878352
2021-11-05,SH600343,航天动力,9.66,9634947,638206348,638206348,616507.332168
2021-11-05,SH600502,安徽建工,3.74,8260196,1721160272,1721160272,643713.941728
2021-11-05,SH600481,双良节能,12.9,48992164,1627255808,1627255808,2099159.99232
2021-11-05,SH600004,白云机场,11.18,11281437,2069320514,2366718283,2645991.040394
2021-11-05,SH600459,贵研铂业,23.86,8412672,569020415,569020415,1357682.71019
2021-11-05,SH600392,盛和资源,20.04,61723181,1755167067,1755167067,3517354.802268
2021-11-05,SH600584,长电科技,32.22,60569738,1779553000,1779553000,5733719.766
2021-11-05,SH600251,冠农股份,8.84,21209183,776993583,781571483,690909.190972
2021-11-05,SH600436,片仔癀,419.5,3749555,603317210,603317210,25309156.9595
2021-11-05,SH600409,三友化工,8.6,80571776,2064349448,2064349448,1775340.52528
2021-11-05,SH600433,冠豪高新,4.52,14572502,1464370028,1838857176,831163.443552
2021-11-05,SH600490,鹏欣资源,4.46,67201026,1992621386,2212887079,986947.637234
2021-11-05,SH600273,嘉化能源,9.16,46245684,1420000000,1420000000,1300720
2021-11-05,SH600031,三一重工,23,156798801,8492230534,8492230534,19532130.2282
2021-11-05,SH600435,北方导航,10.48,92792318,1489320000,1489320000,1560807.36
2021-11-05,SH600439,瑞贝卡,2.72,4293720,1131985440,1131985440,307900.03968
2021-11-05,SH600271,航天信息,12.24,8708336,1852884638,1852884638,2267930.796912
2021-11-05,SH600423,柳化股份,3.31,2166900,798695026,798695026,264368.053606
2021-11-05,SH600475,华光环能,10.66,2482270,706554354,726826374,774796.914684
2021-11-05,SH600425,青松建化,3.46,10984160,1378790086,1378790086,477061.369756
2021-11-05,SH600029,南方航空,6.44,25179947,10219841742,16948421048,10914783.154912
2021-11-05,SH600546,山煤国际,8.59,65175362,1982456140,1982456140,1702929.82426
2021-11-05,SH600352,浙江龙盛,12.56,18873153,3253331860,3253331860,4086184.81616
2021-11-05,SH600020,中原高速,3.08,4167703,2247371832,2247371832,692190.524256
2021-11-05,SH600489,中金黄金,8.4,31862799,4362661210,4847312564,4071742.55376
2021-11-05,SH600480,凌云股份,9.25,17954542,763461517,763461517,706201.903225
2021-11-05,SH600348,华阳股份,11.1,60189446,2405000000,2405000000,2669550
2021-11-05,SH600487,亨通光电,15.77,94818060,2281486498,2362193251,3725178.756827
2021-11-05,SH600547,山东黄金,19.95,17397096,3536494526,4473429525,8924491.902375
2021-11-05,SH600449,宁夏建材,10.24,2112700,478181042,478181042,489657.387008
2021-11-05,SH600462,退市九有,2.6,5467300,558815000,583850000,151801
2021-11-05,SH600858,银座股份,4.78,871800,517548029,520066589,248591.829542
2021-11-05,SH600015,华夏银行,5.53,12409805,12822686653,15387223983,8509134.862599
2021-11-05,SH600429,三元股份,5.87,46246879,1497557426,1497557426,879066.209062
2021-11-05,SH600478,科力远,5.89,36395849,1604131503,1653281386,973782.736354
2021-11-05,SH600507,方大特钢,6.75,33753705,2155950223,2155950223,1455266.400525
2021-11-05,SH600403,大有能源,3.76,4109100,2390812402,2390812402,898945.463152
2021-11-05,SH600517,国网英大,6.44,27961978,1899639925,5718435744,3682672.619136
2021-11-05,SH600406,国电南瑞,36.98,20527146,5511827332,5545436888,20507025.611824
2021-11-05,SH600469,风神股份,4.09,1634406,562413222,731137184,299035.108256
2021-11-05,SH600021,上海电力,9.56,73817867,2617164197,2617164197,2502008.972332
2021-11-05,SZ000678,襄阳轴承,4.34,2769400,459611797,459611797,199471.519898
2021-11-05,SH600184,光电股份,11.75,5785001,508760826,508760826,597793.97055
2021-11-05,SZ000826,启迪环境,3.93,10731060,1426874479,1430578784,562217.462112
2021-11-05,SZ000560,我爱我家,2.86,14071907,2249955394,2355500851,673673.243386
2021-11-05,SH600477,杭萧钢构,3.72,47371194,2153592409,2153737411,801190.316892
2021-11-05,SH600900,长江电力,20.66,37251180,22741859230,22741859230,46984681.16918
2021-11-05,SH600527,江南高纤,2.14,8000280,1731760902,1731760902,370596.833028
2021-11-05,SH600545,卓郎智能,2.64,4648300,1895412995,1895412995,500389.03068
2021-11-05,SH600476,湘邮科技,10.25,1146763,161070000,161070000,165096.75
2021-11-05,SH600570,恒生电子,63.41,14390702,1461560480,1461560480,9267755.00368
2021-11-05,SZ000851,*ST高鸿,5.76,6700470,878655946,1140032220,656658.55872
2021-11-05,SH600446,金证股份,13.31,10837724,938460205,941517905,1253160.331555
2021-11-05,SH600340,华夏幸福,3.48,26898584,3893355062,3913720342,1361974.679016
2021-11-05,SH600540,新赛股份,6.07,43442200,470923313,470923313,285850.450991
2021-11-05,SZ000885,城发环境,10.21,7014926,642078255,642078255,655561.898355
2021-11-05,SH600354,敦煌种业,6.24,28038939,527802080,527802080,329348.49792
2021-11-05,SH600249,两面针,4.59,2377403,550000000,550000000,252450
2021-11-05,SZ000100,TCL科技,6.19,118100487,12907022982,14030642421,8684967.658599
2021-11-05,SH600387,退市海越,4.86,1581993,404048492,468144464,227518.209504
2021-11-05,SH600444,国机通用,10.08,1444300,146421932,146421932,147593.307456
2021-11-05,SH600325,华发股份,5.22,12494394,2113999866,2117188116,1105172.196552
2021-11-05,SH600438,通威股份,50.05,83971617,4501548184,4501548184,22530248.66092
2021-11-05,SH600452,涪陵电力,15.81,7997744,614656000,762173440,1204996.20864
2021-11-05,SH600470,六国化工,7.5,49100708,521600000,521600000,391200
2021-11-05,SH600035,楚天高速,2.89,9906125,1610115901,1610115901,465323.495389
2021-11-05,SH600479,千金药业,8.35,3884757,418507117,418507117,349453.442695
2021-11-05,SH600284,浦东建设,5.7,2327305,970256000,970256000,553045.92
2021-11-05,SH600463,空港股份,5.63,1185900,300000000,300000000,168900
2021-11-05,SH600594,益佰制药,5.89,12045771,791927400,791927400,466445.2386
2021-11-05,SH600543,莫高股份,6.49,4412001,321120000,321120000,208406.88
2021-11-05,SH600405,动力源,6.43,20899849,553275448,557143948,358243.558564
2021-11-05,SH600467,好当家,2.87,76666669,1460994304,1460994304,419305.365248
2021-11-05,SH600960,渤海汽车,3.58,6686305,950515518,950515518,340284.555444
2021-11-05,SH600969,郴电国际,7.02,8352014,370050484,370050484,259775.439768
2021-11-05,SH600572,康恩贝,4.08,8360129,2660578347,2667320200,1088266.6416
2021-11-05,SH600988,赤峰黄金,16.34,26145987,1535123500,1663911378,2718831.191652
2021-11-05,SH600976,健民集团,45.55,3455768,152236199,153398600,698730.623
2021-11-05,SH600497,驰宏锌锗,4.67,91533098,5091291568,5091291568,2377633.162256
2021-11-05,SH600493,凤竹纺织,6,19278183,272000000,272000000,163200
2021-11-05,SH600986,浙文互联,4.66,36773252,1322425609,1322425609,616250.333794
2021-11-05,SH600410,华胜天成,6.39,9867800,1098743383,1098743383,702097.021737
2021-11-05,SH600985,淮北矿业,11.35,29409767,958704046,2481035925,2815975.774875
2021-11-05,SH600990,四创电子,49.04,4533043,159179110,159179110,780614.35544
2021-11-05,SH600114,东睦股份,10.18,34475632,616383477,616383477,627478.379586
2021-11-05,SH600980,北矿科技,15.71,0,152209880,173845794,273111.742374
2021-11-05,SH600992,贵绳股份,7.67,3005129,245090000,245090000,187984.03
2021-11-05,SH600993,马应龙,23.4,10561054,430307016,431053891,1008666.10494
2021-11-05,SH600967,内蒙一机,10.51,20972390,1689631817,1704251817,1791168.659667
2021-11-05,SH600491,龙元建设,6.17,27680918,1529757955,1529757955,943860.658235
2021-11-05,SH600963,岳阳林纸,7,49079892,1769518109,1805053109,1263537.1763
2021-11-05,SH600495,晋西车轴,3.44,2630324,1208190886,1208190886,415617.664784
2021-11-05,SH600483,福能股份,16.71,25807907,1708932154,1917473110,3204097.56681
2021-11-05,SH600461,洪城环境,8.08,7499132,915345555,952814300,769873.9544
2021-11-05,SH600997,开滦股份,7.11,27990338,1587799851,1587799851,1128925.694061
2021-11-05,SH600421,*ST华嵘,7.98,505200,195600000,195600000,156088.8
2021-11-05,SH600966,博汇纸业,10.77,23763046,1336844288,1336844288,1439781.298176
2021-11-05,SH600975,新五丰,6.92,29595996,652675584,652675584,451651.504128
2021-11-05,SH600995,南网储能,18.94,93277879,478526400,478526400,906329.0016
2021-11-05,SH600420,国药现代,9.23,2864700,1026964249,1026964249,947888.001827
2021-11-05,SH600962,国投中鲁,8.69,4807699,254020000,262210000,227860.49
2021-11-05,SH600143,金发科技,12.28,44970673,2573622343,2573622343,3160408.237204
2021-11-05,SZ002001,新 和 成,27.9,19656389,2548083674,2578394760,7193721.3804
2021-11-05,SZ002002,ST鸿达,5.01,78729888,3114522291,3118404327,1562320.567827
2021-11-05,SZ002007,华兰生物,31.14,17162143,1570632580,1824366726,5681077.984764
2021-11-05,SZ002005,ST德豪,2.17,26828860,1670987413,1752424858,380276.194186
2021-11-05,SZ002003,伟星股份,10.28,8725168,645197553,775850428,797574.239984
2021-11-05,SZ002008,大族激光,43.29,16426143,994044655,1067072680,4619357.63172
2021-11-05,SZ002004,华邦健康,6.47,65144207,1831392498,1979919191,1281007.716577
2021-11-05,SZ002006,精工科技,18.79,34273033,455160000,455160000,855245.64
2021-11-05,SZ002009,天奇股份,18.9,30914952,369943809,370549434,700338.43026
2021-11-05,SH600022,山东钢铁,1.71,169603480,10946549616,10946549616,1871859.984336
2021-11-05,SZ002010,传化智联,7.69,33043540,2938074814,3071456723,2361950.219987
2021-11-05,SH600981,苏豪汇鸿,2.6,3772400,2242433192,2242433192,583032.62992
2021-11-05,SZ002012,凯恩股份,5.32,7928600,466537641,467625470,248776.75004
2021-11-05,SZ002013,中航机电,15.79,59182573,3884787524,3884824789,6134138.341831
2021-11-05,SZ002011,盾安环境,7.09,18006855,916181102,917212180,650303.43562
2021-11-05,SH600982,宁波能源,3.75,23104300,746930000,1117768211,419163.079125
2021-11-05,SH600984,建设机械,9.09,8554400,900733388,966956865,878963.790285
2021-11-05,SZ002015,协鑫能科,13.93,21634754,512933261,1352461312,1883978.607616
2021-11-05,SZ002016,世荣兆业,4.81,709276,686845632,809095632,389174.998992
2021-11-05,SZ002014,永新股份,8.01,809530,504194512,514016724,411727.395924
2021-11-05,SZ002019,亿帆医药,17.08,5951890,851753222,1234106077,2107853.179516
2021-11-05,SZ002017,东信和平,10.52,10863066,445317851,446486084,469703.360368
2021-11-05,SH600965,福成股份,7.1,12129577,818700955,818700955,581277.67805
2021-11-05,SH600482,中国动力,17.8,5738638,2027432396,2160682115,3846014.1647
2021-11-05,SZ002020,京新药业,8.61,28384806,700690565,905318938,779479.605618
2021-11-05,SZ002021,中捷资源,1.92,5405537,687792540,687815040,132060.48768
2021-11-05,SZ002023,海特高新,12.09,12462102,683658067,756791003,914960.322627
2021-11-05,SZ002022,科华生物,14.16,9983888,514065783,514726832,728853.194112
2021-11-05,SZ002024,ST易购,4.47,23204054,7588683145,9310039655,4161587.725785
2021-11-05,SZ002025,航天电器,73.8,5748222,428898772,452662256,3340647.44928
2021-11-05,SZ002026,山东威达,14.95,32367333,423119119,423226219,632723.197405
2021-11-05,SH600983,惠而浦,8.89,1247600,766439000,766439000,681364.271
2021-11-05,SH600973,宝胜股份,5.33,52459544,1251963263,1371366248,730938.210184
2021-11-05,SZ002027,分众传媒,7.43,251368488,14442199726,14442199726,10730554.396418
2021-11-05,SZ002028,思源电气,41.08,9536832,590494711,763215782,3135290.432456
2021-11-05,SZ002029,七 匹 狼,5.6,2699300,723702668,755670000,423175.2
2021-11-05,SH600987,航民股份,5.34,2935095,921199500,1080818841,577157.261094
2021-11-05,SZ002030,达安基因,19.77,29977275,1371133216,1403446032,2774612.805264
2021-11-05,SZ002031,巨轮智能,1.85,23085800,1861348729,2199395670,406888.19895
2021-11-05,SZ002032,苏 泊 尔,55.31,4640668,599991122,808678476,4472800.650756
2021-11-05,SH600971,恒源煤电,6.53,21129503,1200004884,1200004884,783603.189252
2021-11-05,SZ002033,丽江股份,5.65,1883023,549480181,549490711,310462.251715
2021-11-05,SZ002034,旺能环境,15.6,4100500,425901361,429480149,669989.03244
2021-11-05,SH600961,株冶集团,8.32,24365067,527457914,527457914,438844.984448
2021-11-05,SZ002035,华帝股份,5.83,5808762,761387018,847653618,494182.059294
2021-11-05,SZ002036,联创电子,20.95,68961083,1045938754,1062819286,2226606.40417
2021-11-05,SH600979,广安爱众,3.4,46540729,1232259790,1232259790,418968.3286
2021-11-05,SZ002037,保利联合,6.16,1390800,327368160,487625309,300377.190344
2021-11-05,SZ002038,双鹭药业,9.21,4809829,851400894,1027350000,946189.35
2021-11-05,SZ000695,滨海能源,8.56,6967921,221721339,222147539,190158.293384
2021-11-05,SH600873,梅花生物,6.29,27031076,3098619928,3098619928,1949031.934712
2021-11-05,SZ000951,中国重汽,13.25,14174460,1174775868,1174869360,1556701.902
2021-11-05,SH600862,中航高科,35.43,13746252,1393049107,1393049107,4935572.986101
2021-11-05,SH600182,S佳通,13.44,597900,170000000,340000000,456960
2021-11-05,SH600613,神奇制药,4.98,1557601,479319978,534071628,265967.670744
2021-11-05,SH600615,鑫源智造,7.29,652139,187624508,188020508,137066.950332
2021-11-05,SH600053,九鼎投资,14.77,3037297,433540800,433540800,640339.7616
2021-11-05,SH600027,华电国际,3.75,138012916,8145743053,9869858215,3701196.830625
2021-11-05,SZ002039,黔源电力,17.52,6165062,305395288,305398662,535058.455824
2021-11-05,SZ002040,南 京 港,5.87,1865770,483966800,483966800,284088.5116
2021-11-05,SH600970,中材国际,10.23,19216705,1737646983,2214131539,2265056.564397
2021-11-05,SZ002041,登海种业,22.71,16262014,880000000,880000000,1998480
2021-11-05,SZ002042,华孚时尚,4.43,11621678,1518145368,1793654390,794588.89477
2021-11-05,SZ002043,兔 宝 宝,8.42,8051064,693361311,743921781,626382.139602
2021-11-05,SZ002044,美年健康,7.8,51274381,3838445149,3914253923,3053118.05994
2021-11-05,SZ002045,国光电器,13.17,5253872,467735913,468383913,616861.613421
2021-11-05,SZ002046,国机精工,16.15,32370554,524349078,524349078,846823.76097
2021-11-05,SZ000409,云鼎科技,4.82,1441301,405631244,510931158,246268.818156
2021-11-05,SZ002047,*ST宝鹰,2.58,4997420,1335590099,1341296921,346054.605618
2021-11-05,SZ002048,宁波华翔,23.75,14367088,558480685,626227314,1487289.87075
2021-11-05,SZ002049,紫光国微,216.66,6809418,606817968,606817968,13147318.094688
2021-11-05,SZ002050,三花智控,24.63,28158275,3534748577,3591226678,8845191.307914
2021-11-05,SZ000561,烽火电子,7.17,3985677,601957815,604692321,433564.394157
2021-11-05,SH600751,海航科技,2.61,30570224,2573189052,2899337783,756727.161363
2021-11-05,SH600617,国新能源,4.27,8006651,974914344,1377994126,588403.491802
2021-11-05,SH600892,*ST大晟,3.32,6328404,540359536,559464188,185742.110416
2021-11-05,SZ000718,苏宁环球,4.46,36617091,2289182406,3034636384,1353447.827264
2021-11-05,SH600844,金煤科技,3.14,9030422,822730634,1016524240,319188.61136
2021-11-05,SZ000552,甘肃能化,3,50802971,2283741262,2286971050,686091.315
2021-11-05,SZ002051,中工国际,6.4,3929258,1112363342,1237408937,791941.71968
2021-11-05,SH601001,晋控煤业,9.99,42715050,1673700000,1673700000,1672026.3
2021-11-05,SZ002053,云南能投,8.61,11510750,558329336,760978566,655202.545326
2021-11-05,SZ002052,同洲电子,2.3,3768900,745955475,745959694,171570.72962
2021-11-05,SH601988,中国银行,3.04,58406560,210765514846,294387791241,89493888.537264
2021-11-05,SZ002055,ST得润,10.87,27438823,427281042,468869580,509661.23346
2021-11-05,SZ002054,德美化工,8.73,3393438,364008642,482115452,420886.789596
2021-11-05,SH600048,保利发展,12.24,67089448,11970107583,11970107583,14651411.681592
2021-11-05,SH601006,大秦铁路,6.22,22281701,14866896903,14866896903,9247209.873666
2021-11-05,SZ002056,横店东磁,14.18,22452503,1604134535,1626712074,2306677.720932
2021-11-05,SZ002057,中钢天源,7.78,60353080,746147251,746187776,580534.089728
2021-11-05,SZ002058,*ST威尔,9.29,3222127,143117781,143448332,133263.500428
2021-11-05,SZ002060,广东建工,4.88,88326844,1201914981,1202262058,586703.884304
2021-11-05,SZ002059,云南旅游,4.65,2832302,730792576,1012434813,470782.188045
2021-11-05,SZ002061,浙江交科,5.12,4195600,1375698691,1375698691,704357.729792
2021-11-05,SZ002062,宏润建设,3.82,2416640,968657724,1102500000,421155
2021-11-05,SH601111,中国国航,8.31,16672023,9962131821,14524815185,12070121.418735
2021-11-05,SZ002066,瑞泰科技,9.05,1484211,231000000,231000000,209055
2021-11-05,SZ002063,远光软件,6.98,9427943,1218498708,1322983334,923442.367132
2021-11-05,SZ002064,华峰化学,10.38,55839101,1954371821,4633519221,4809592.951398
2021-11-05,SZ002065,东华软件,7.12,21673729,3115482375,3205482375,2282303.451
2021-11-05,SZ002068,黑猫股份,5.78,11842900,727019159,748119596,432413.126488
2021-11-05,SZ002067,景兴纸业,3.82,47855840,1056298307,1193923307,456078.703274
2021-11-05,SH601699,潞安环能,11.77,50381332,2991409200,2991409200,3520888.6284
2021-11-05,SZ002069,獐子岛,2.95,9624100,688841131,711112194,209778.09723
2021-11-05,SH601588,北辰实业,2.19,8057309,2660000000,3367020000,737377.38
2021-11-05,SH600017,日照港,2.59,5996304,3075653888,3075653888,796594.356992
2021-11-05,SZ002073,软控股份,7.99,103455495,933932074,933986674,746255.352526
2021-11-05,SZ002072,凯瑞德,5.52,862602,169404050,176000000,97152
2021-11-05,SZ002074,国轩高科,58.6,46528592,1178510531,1280544489,7503990.70554
2021-11-05,SZ002076,*ST星光,1.82,14525900,745089261,769571569,140062.025558
2021-11-05,SH601398,工商银行,4.66,111301684,269612212539,356406257089,166085315.803474
2021-11-05,SZ002078,太阳纸业,11.95,55639932,2612705815,2686996565,3210960.895175
2021-11-05,SZ002079,苏州固锝,15.99,36918210,726865098,807886616,1291810.698984
2021-11-05,SZ002077,大港股份,6.86,12462500,544361725,580348513,398119.079918
2021-11-05,SZ002081,金 螳 螂,5.62,13451334,2638167684,2671343689,1501295.153218
2021-11-05,SZ002082,万邦德,10.01,1060596,238000000,618222829,618841.051829
2021-11-05,SZ002080,中材科技,34.81,58010025,1678123584,1678123584,5841548.195904
2021-11-05,SH601666,平煤股份,8.2,60158706,2327704469,2348676469,1925914.70458
2021-11-05,SZ002084,海鸥住工,4.56,4510725,602138019,607808495,277160.67372
2021-11-05,SZ002083,孚日股份,4.15,11610382,905369444,908044645,376838.527675
2021-11-05,SZ002086,东方海洋,1.86,18696902,629406688,756350000,140681.1
2021-11-05,SZ002085,万丰奥威,5.43,16740495,2186879678,2186879678,1187475.665154
2021-11-05,SZ002089,新海退,2.14,6400000,1182564354,1374669616,294179.297824
2021-11-05,SZ002087,新纺退,3.37,7863289,815638642,816794335,275259.690895
2021-11-05,SZ002088,鲁阳节能,23.99,5783027,449020597,506332586,1214691.873814
2021-11-05,SH601872,招商轮船,4.14,44237063,6724401529,8092748177,3350397.745278
2021-11-05,SZ002092,中泰化学,9.57,96130734,2146449598,2575739517,2464982.717769
2021-11-05,SZ002091,江苏国泰,12.17,36723322,1513016522,1563536598,1902824.039766
2021-11-05,SZ002090,金智科技,11.31,31117031,399396987,404264936,457223.642616
2021-11-05,SZ002095,生 意 宝,13.44,8114658,251681731,252720000,339655.68
2021-11-05,SZ002093,国脉科技,5.9,12150159,1003775125,1007500000,594425
2021-11-05,SZ002094,青岛金王,3.92,5903840,690453549,690897549,270831.839208
2021-11-05,SH601991,大唐发电,2.53,82861082,12396089106,18506710504,4682197.757512
2021-11-05,SZ002096,易普力,14.07,2530800,370849975,371287000,522400.809
2021-11-05,SZ002097,山河智能,7.92,13777963,974322088,1087212465,861072.27228
2021-11-05,SZ002098,浔兴股份,6.15,1480366,358000000,358000000,220170
2021-11-05,SH601333,广深铁路,2.08,17519509,5652237000,7083537000,1473375.696
2021-11-05,SZ002100,天康生物,9.77,43770276,1076334342,1076334342,1051578.652134
2021-11-05,SZ002099,海翔药业,8.09,9680768,1608957041,1618715253,1309540.639677
2021-11-05,SZ002102,能特科技,3.8,28223630,1971792414,2633836290,1000857.7902
2021-11-05,SZ002101,广东鸿图,7.44,4838104,528866866,528878866,393485.876304
2021-11-05,SH601628,中国人寿,28.84,8423505,20823530000,28264705000,81515409.22
2021-11-05,SZ002103,广博股份,4.36,13017443,421476412,534272953,232943.007508
2021-11-05,SZ002104,恒宝股份,5.78,12759436,588116729,696921354,402820.542612
2021-11-05,SZ002105,信隆健康,9.14,4468003,368500000,368500000,336809
2021-11-05,SZ002106,莱宝高科,10.57,12530301,704139158,705816160,746047.68112
2021-11-05,SZ002108,沧州明珠,8.82,103748293,1417924199,1417924199,1250609.143518
2021-11-05,SZ002107,沃华医药,6.18,1348160,563503829,577209600,356715.5328
2021-11-05,SZ002110,三钢闽光,6.39,40620207,2451576238,2451576238,1566557.216082
2021-11-05,SZ002111,威海广泰,11.73,3930334,471598363,534558505,627037.126365
2021-11-05,SH601002,晋亿实业,4.92,5159832,849513780,959282000,471966.744
2021-11-05,SZ002109,兴化股份,5,14589271,1052944789,1052944789,526472.3945
2021-11-05,SH601166,兴业银行,18.14,72989709,19615250551,20774190751,37684382.022314
2021-11-05,SZ002112,三变科技,6.84,2572000,198802893,201600000,137894.4
2021-11-05,SZ002113,*ST天润,1.52,15100971,963673247,1510547023,229603.147496
2021-11-05,SZ002116,中国海诚,6.03,1315500,416404414,417628938,251830.249614
2021-11-05,SZ002115,三维通信,5.55,11983622,577154166,716962919,397914.420045
2021-11-05,SZ002114,罗平锌电,7.35,16970000,323390823,323395267,237695.521245
2021-11-05,SH601003,柳钢股份,5.1,9048258,2562793200,2562793200,1307024.532
2021-11-05,SH601005,重庆钢铁,2,120331700,8380475067,8918602267,1783720.4534
2021-11-05,SH601318,中国平安,49.93,41665467,10832664498,18280241410,91273245.36013
2021-11-05,SZ002117,东港股份,7.69,5833954,545491147,545666421,419617.477749
2021-11-05,SZ002119,康强电子,14.95,18344012,367503500,375284000,561049.58
2021-11-05,SZ002118,*ST紫鑫,2.56,28070190,1280678780,1280759826,327874.515456
2021-11-05,SZ002120,韵达股份,17.14,27275523,2810012215,2902766028,4975340.971992
2021-11-05,SZ002121,科陆电子,5.64,11686203,988874857,1408349147,794308.918908
2021-11-05,SZ002122,ST汇洲,2.84,7505200,1188000000,1201736500,341293.166
2021-11-05,SZ002123,梦网科技,20.37,24284611,666569683,801768900,1633203.2493
2021-11-05,SZ000650,仁和药业,9.09,22814541,1341991303,1399938234,1272543.854706
2021-11-05,SZ002124,天邦食品,6.96,76142827,1537801553,1839192626,1280078.067696
2021-11-05,SZ002125,湘潭电化,11.92,52665049,593249830,629481713,750342.201896
2021-11-05,SH601007,金陵饭店,5.27,1897376,390000000,390000000,205530
2021-11-05,SZ002127,南极电商,7.42,73769547,1964259843,2454870403,1821513.839026
2021-11-05,SZ002128,电投能源,11.79,35308308,1767411329,1921573493,2265535.148247
2021-11-05,SZ002126,银轮股份,12.78,34180506,762277723,792095104,1012297.542912
2021-11-05,SZ002130,沃尔核材,7.8,35055647,1247815217,1259898562,982720.87836
2021-11-05,SZ002129,TCL中环,48.15,54249899,3032926542,3231733699,15560797.760685
2021-11-05,SH601008,连云港,3.48,6502700,1004298189,1240638006,431742.026088
2021-11-05,SZ002132,恒星科技,4.92,33409700,1253545953,1256498403,618197.214276
2021-11-05,SZ002131,利欧股份,2.29,86184863,5802720200,6754804205,1546850.162945
2021-11-05,SZ002133,广宇集团,2.68,6747520,769870201,774144175,207470.6389
2021-11-05,SH601998,中信银行,4.5,12312618,34052678750,48934841727,22020678.77715
2021-11-05,SZ000880,潍柴重机,7.83,4524482,162162000,331320600,259424.0298
2021-11-05,SZ000338,潍柴动力,15.03,39903181,4241439532,8726556821,13116014.901963
2021-11-05,SH601600,中国铝业,5.49,402749065,13078706983,17022672951,9345447.450099
2021-11-05,SH601328,交通银行,4.62,75514141,39250864015,74262726645,34309379.70999
2021-11-05,SZ002134,天津普林,9.1,3435100,245849768,245849768,223723.28888
2021-11-05,SZ002135,东南网架,10.67,71542803,962751782,1034402200,1103707.1474
2021-11-05,SZ002136,安 纳 达,18.07,23313429,214266160,215020000,388541.14
2021-11-05,SZ002137,实益达,5.44,8990911,390564740,577504854,314162.640576
2021-11-05,SZ002138,顺络电子,36.29,8085028,710828830,806318354,2926129.306666
2021-11-05,SH601919,中远海控,15.81,173189384,11330917797,16013813463,25317839.085003
2021-11-05,SZ002139,拓邦股份,14.79,23793607,951080112,1238254672,1831378.659888
2021-11-05,SH600213,*ST亚星,7.25,9698875,220000000,220000000,159500
2021-11-05,SZ002140,东华科技,11.41,22705710,533220775,545311440,622200.35304
2021-11-05,SH601168,西部矿业,12.19,38159322,2383000000,2383000000,2904877
2021-11-05,SZ002142,宁波银行,37.3,19747044,5928257444,6008016286,22409900.74678
2021-11-05,SH601009,南京银行,9.44,22769764,8482207924,10007016973,9446624.022512
2021-11-05,SZ002141,贤丰控股,8.3,26954679,1134656519,1134656519,941764.91077
2021-11-05,SZ002144,宏达高科,9.11,1314732,138757836,176762528,161030.663008
2021-11-05,SZ002145,钛能化学,12.35,55774484,1591066401,2053673321,2536286.551435
2021-11-05,SZ002146,荣盛发展,4.08,29444605,3893228983,4348163851,1774050.851208
2021-11-05,SZ002147,新光退,5.03,17692958,535573153,1828076415,919522.436745
2021-11-05,SZ002150,正泰电源,5.83,2059510,355149728,356517053,207849.441899
2021-11-05,SZ002148,北纬科技,5.15,34510847,460012183,571374727,294257.984405
2021-11-05,SZ002149,西部材料,17.37,13217073,488139274,488214274,848028.193938
2021-11-05,SZ002151,北斗星通,41.07,9889156,407604239,512199997,2103605.387679
2021-11-05,SZ002153,石基信息,24.21,12535150,878776816,1499557056,3630427.632576
2021-11-05,SZ002152,广电运通,10.63,27405666,2407744766,2483382898,2639836.020574
2021-11-05,SZ002156,通富微电,20.43,36321768,1328825288,1329036928,2715222.443904
2021-11-05,SZ002155,湖南黄金,10.03,37018255,1201844192,1202039474,1205645.592422
2021-11-05,SZ002154,报 喜 鸟,4.54,14705640,1112464677,1217611874,552795.790796
2021-11-05,SZ002157,正邦科技,10.71,73068613,2308255509,3146421734,3369817.677114
2021-11-05,SZ002159,三特索道,10.26,698700,138028985,177301325,181911.15945
2021-11-05,SZ002158,汉钟精机,25.43,6182651,531450387,534881805,1360204.430115
2021-11-05,SZ002160,常铝股份,4.13,23710204,728699061,795581976,328575.356088
2021-11-05,SZ002161,远 望 谷,4.53,8297085,712634283,739757400,335110.1022
2021-11-05,SZ002164,宁波东力,5.18,31812559,473931456,532173689,275665.970902
2021-11-05,SZ002163,海南发展,13.59,8963471,803550000,803550000,1092024.45
2021-11-05,SZ002162,悦心健康,4.33,9339300,853443500,926500000,401174.5
2021-11-05,SZ002167,东方锆业,7.55,16075280,567937713,771399000,582406.245
2021-11-05,SZ002166,莱茵生物,8.53,14050217,460002515,565214740,482128.17322
2021-11-05,SZ002165,红 宝 丽,6.7,78620400,594089719,735269837,492630.79079
2021-11-05,SZ002168,*ST惠程,3.54,10148120,792937068,801929568,283883.067072
2021-11-05,SZ002170,芭田股份,6.86,74991413,693220702,886862627,608387.762122
2021-11-05,SZ002169,智光电气,12.4,109512548,763482417,787791994,976862.07256
2021-11-05,SH601169,北京银行,4.4,45676923,21142984272,21142984272,9302913.07968
2021-11-05,SZ002172,澳洋健康,3.72,11310291,773059321,776481362,288851.066664
2021-11-05,SZ002171,楚江新材,11.08,27249734,1244682198,1334526917,1478655.824036
2021-11-05,SZ002174,游族网络,13.66,36817953,914113437,915858662,1251062.932292
2021-11-05,SZ002173,创新医疗,6.13,1561500,371234868,453609630,278062.70319
2021-11-05,SH601939,建设银行,5.8,62008120,9593657606,250010977486,145006366.94188
2021-11-05,SH601808,中海油服,14.69,9788084,2960468000,4771592000,7009468.648
2021-11-05,SH601088,中国神华,19.5,32836818,16491037955,19868519955,38743613.91225
2021-11-05,SZ002176,江特电机,20.55,118456729,1705573553,1706325581,3506499.068955
2021-11-05,SZ002175,东方智造,2.61,10683227,753740682,753778212,196736.113332
2021-11-05,SH600629,华建集团,5.65,935700,628311919,634228669,358339.197985
2021-11-05,SZ002179,中航光电,92.93,5119453,1067986559,1099945053,10221789.377529
2021-11-05,SZ002177,御银股份,5.57,41332394,761191294,761191294,423983.550758
2021-11-05,SZ002178,延华智能,3.35,6934499,711256616,712153001,238571.255335
2021-11-05,SH601857,中国石油,4.9,189981593,161922077818,183020977818,89680279.13082
2021-11-05,SZ002182,宝武镁业,16.09,44142954,557191886,646422538,1040093.863642
2021-11-05,SZ002183,怡 亚 通,5.85,36570080,2122000282,2597009091,1519250.318235
2021-11-05,SZ002180,纳思达,38.76,5265475,1008848603,1254601990,4862837.31324
2021-11-05,SZ002184,海得控制,13.34,13495072,229720910,351908370,469445.76558
2021-11-05,SZ002181,粤 传 媒,3.99,4070416,1134432577,1161058174,463262.211426
2021-11-05,SZ002185,华天科技,13.91,284803918,2739193393,2740003774,3811345.249634
2021-11-05,SZ002186,全 聚 德,8.86,1749300,308053705,308463955,273299.06413
2021-11-05,SZ002188,中天服务,3.4,634095,240883257,292538575,99463.1155
2021-11-05,SZ002187,广百股份,8.14,2828923,342422568,617619179,502742.011706
2021-11-05,SZ002190,成飞集成,27.73,4382325,358729343,358729343,994756.468139
2021-11-05,SZ002189,中光学,20.34,16620335,222615765,262406166,533734.141644
2021-11-05,SH601390,中国中铁,5.11,58633104,20363539283,24570929283,12555744.863613
2021-11-05,SZ002191,劲嘉股份,11.61,25817202,1443100971,1464870450,1700714.59245
2021-11-05,SZ002192,融捷股份,104,12563152,259120228,259655203,2700414.1112
2021-11-05,SZ002193,如意集团,5.2,908000,260930713,261715550,136092.086
2021-11-05,SZ002194,武汉凡谷,10.33,6396100,635801537,681080306,703555.956098
2021-11-05,SZ002196,方正电机,8.11,8644600,468367818,499444930,405049.83823
2021-11-05,SZ002195,岩山科技,2.04,142623381,5634402124,5724847663,1167868.923252
2021-11-05,SH601866,中远海发,3.16,72119673,7932125000,11608125000,3668167.5
2021-11-05,SZ002198,嘉应制药,8.01,10605867,507509848,507509848,406515.388248
2021-11-05,SZ002197,证通电子,6.95,4626963,435069582,515156948,358034.07886
2021-11-05,SH601918,新集能源,4.43,80783291,2590541800,2590541800,1147610.0174
2021-11-05,SZ002199,*ST东晶,7.73,5493800,243442363,243442363,188180.946599
2021-11-05,SZ002200,*ST交投,7.15,1565315,184132890,184132890,131655.01635
2021-11-05,SH601999,出版传媒,5.81,6803200,550914700,550914700,320081.4407
2021-11-05,SH601601,中国太保,28.08,18812969,6845041455,9620341455,27013918.80564
2021-11-05,SZ002202,金风科技,20.1,297398770,3393595067,4225067647,8492385.97047
2021-11-05,SZ002201,九鼎新材,21.54,9963032,464289454,465454458,1002588.902532
2021-11-05,SH601099,太平洋,3.16,36470112,6816316370,6816316370,2153955.97292
2021-11-05,SZ002203,海亮股份,12.22,28775984,1862073476,1966849140,2403489.64908
2021-11-05,SZ002204,大连重工,4.26,47207251,1931370032,1931370032,822763.633632
2021-11-05,SZ002205,国统股份,6.69,2117660,185843228,185843228,124329.119532
2021-11-05,SZ002206,海 利 得,6.68,40712298,953910213,1223028645,816983.13486
2021-11-05,SZ002207,准油股份,5.3,3198018,237664850,262055378,138889.35034
2021-11-05,SZ002208,合肥城建,7.03,4367722,622257180,803291894,564714.201482
2021-11-05,SZ002209,达 意 隆,5.87,1058283,154524582,195244050,114608.25735
2021-11-05,SZ002210,飞马国际,2.75,16155906,2659460079,2661232774,731839.01285
2021-11-05,SZ002212,天融信,18.48,6392304,1153781837,1186040198,2191802.285904
2021-11-05,SH601898,中煤能源,6.49,42746274,9152000400,13258663400,8604872.5466
2021-11-05,SZ002211,ST宏达,3.78,4031901,397848279,432475779,163475.844462
2021-11-05,SZ002213,大为股份,14.05,2660800,206000000,206000000,289430
2021-11-05,SZ002214,*ST大立,19.76,6378891,477861127,599237935,1184094.15956
2021-11-05,SZ002215,诺 普 信,5.61,11954292,713591172,913756384,512617.331424
2021-11-05,SZ002217,合力泰,3.3,15597199,3112013712,3116416220,1028417.3526
2021-11-05,SZ002216,三全食品,20.38,20606312,630172429,879184048,1791777.089824
2021-11-05,SZ002218,拓日新能,6.89,46841400,1215719804,1413020549,973571.158261
2021-11-05,SZ002219,新里程,3.44,4030565,1844106257,1865236430,641641.33192
2021-11-05,SZ002221,东华能源,10.86,10677340,1531481294,1649022824,1790838.786864
2021-11-05,SH601186,中国铁建,7.21,31370772,11503245500,13579541500,9790849.4215
2021-11-05,SZ002222,福晶科技,17.19,29215479,423518549,427500000,734872.5
2021-11-05,SZ000592,平潭发展,2.86,30279926,1913936915,1931780892,552489.335112
2021-11-05,SH601958,金钼股份,7.16,30761710,3226604400,3226604400,2310248.7504
2021-11-05,SZ002223,鱼跃医疗,35.05,9512303,944430874,1002476929,3513681.636145
2021-11-05,SZ002225,濮耐股份,4.15,7433800,812905730,1010320936,419283.18844
2021-11-05,SZ002224,三 力 士,4.83,2806832,542734832,729580412,352387.338996
2021-11-05,SH601899,紫金矿业,10.18,150868038,20494681640,26327602240,26801499.08032
2021-11-05,SZ002227,奥 特 迅,15.8,3037200,220325338,220597400,348543.892
2021-11-05,SZ002226,江南化工,5.15,22833226,1341573898,2648922855,1364195.270325
2021-11-05,SZ002228,合兴包装,3.49,5159828,1234566858,1238630778,432282.141522
2021-11-05,SZ002229,鸿博股份,5.78,3522400,498270902,498344263,288042.984014
2021-11-05,SZ002232,启明信息,9.98,5897410,408548455,408548455,407731.35809
2021-11-05,SZ002230,科大讯飞,57.95,20942653,2079071317,2300525345,13331544.374275
2021-11-05,SZ002231,*ST奥维,5.36,3052600,294818767,346850017,185911.609112
2021-11-05,SZ002235,安妮股份,4.5,22169973,548275426,579572284,260807.5278
2021-11-05,SZ002234,民和股份,16.9,24745961,253066864,348960212,589742.75828
2021-11-05,SZ002233,塔牌集团,9.87,22481674,1191860360,1192275016,1176775.440792
2021-11-05,SZ002236,大华股份,24.47,67359697,1959605022,2995579590,7330183.25673
2021-11-05,SZ002237,恒邦股份,11.7,11408622,910396625,1148014400,1343176.848
2021-11-05,SZ002241,歌尔股份,47.64,139659756,2977227161,3416321036,16275353.415504
2021-11-05,SZ002239,奥特佳,3.69,187053493,3243220419,3243258144,1196762.255136
2021-11-05,SZ002240,盛新锂能,52.8,42215709,696377917,865349955,4569047.7624
2021-11-05,SZ002238,天威视讯,5.49,5474257,802559160,802559160,440604.97884
2021-11-05,SZ002243,力合科创,9.7,8843036,548410794,1210604219,1174286.09243
2021-11-05,SZ002242,九阳股份,23.57,7293488,766008500,767033000,1807896.781
2021-11-05,SZ002244,滨江集团,4,11141135,2686231015,3111443890,1244577.556
2021-11-05,SZ002245,蔚蓝锂芯,24.17,30374949,968986027,1035821526,2503580.628342
2021-11-05,SZ002246,北化股份,6.63,2838801,549034794,549034794,364010.068422
2021-11-05,SZ002247,聚力文化,2.57,10096902,643788247,850870049,218673.602593
2021-11-05,SZ002248,华东数控,9.35,18523101,297683968,307495600,287508.386
2021-11-05,SZ002249,大洋电机,7.68,142104711,1720069385,2365530164,1816727.165952
2021-11-05,SZ002250,联化科技,19.5,2772673,919132645,923246256,1800330.1992
2021-11-05,SZ002251,步步高,6.71,4327212,863903951,863903951,579679.551121
2021-11-05,SZ002252,上海莱士,6.71,14752106,4972279699,6740787907,4523068.685597
2021-11-05,SZ002253,*ST智胜,13.27,3844776,207222400,225626095,299405.828065
2021-11-05,SZ002254,泰和新材,17.91,9672749,426696066,684394502,1225750.553082
2021-11-05,SZ002256,兆新股份,3.55,112147908,1391196397,1882411872,668256.21456
2021-11-05,SZ002255,海陆重工,5.82,44371500,644149083,842271055,490201.75401
2021-11-05,SH600703,三安光电,34.99,84162019,4078424928,4479341308,15673215.236692
2021-11-05,SH600745,闻泰科技,116.8,13107457,935457110,1245059542,14542295.45056
2021-11-05,SZ002258,利尔化学,23.66,10239826,524183202,526767092,1246330.939672
2021-11-05,SZ002259,升达林业,3.64,5127100,752328267,752328267,273847.489188
2021-11-05,SZ002262,恩华药业,15.14,5284018,881972775,1007588092,1525488.371288
2021-11-05,SZ002261,拓维信息,8.37,42879944,950964488,1248017674,1044590.793138
2021-11-05,SZ002263,大东南,2.89,16458916,1878342100,1878360100,542846.0689
2021-11-05,SZ002264,新 华 都,3.92,1649206,669076780,684563880,268349.04096
2021-11-05,SZ002266,浙富控股,6.33,69081508,2807425437,5369795962,3399080.843946
2021-11-05,SZ002265,建设工业,8.12,3621725,305230873,318566172,258675.731664
2021-11-05,SZ002268,电科网安,48.26,18232583,837105669,846294603,4084217.754078
2021-11-05,SZ002267,陕天然气,7.23,15248977,1112075445,1112075445,804030.546735
2021-11-05,SH601766,中国中车,6,60675504,24327798048,28698864088,17219318.4528
2021-11-05,SZ002269,美邦服饰,2.23,28320800,2512500000,2512500000,560287.5
2021-11-05,SZ002270,华明装备,8.74,81289965,759224768,759239130,663574.99962
2021-11-05,SZ002271,东方雨虹,39.79,33151534,1945437380,2523561412,10041250.858348
2021-11-05,SZ002273,水晶光电,17.26,214071398,1180327693,1390632221,2400231.213446
2021-11-05,SZ002272,川润股份,6.93,67659577,330024063,436480000,302480.64
2021-11-05,SZ002274,华昌化工,10.43,49879033,937999130,952364646,993316.325778
2021-11-05,SH601727,上海电气,5.03,126946862,12655327092,15705971092,7900103.459276
2021-11-05,SH600248,陕建股份,4.24,28596603,1256540960,3747838808,1589083.654592
2021-11-05,SH600734,实达集团,2.48,7705800,534943811,622372316,154348.334368
2021-11-05,SH600242,退市中昌,2.18,4908800,451294545,456665122,99552.996596
2021-11-05,SH600259,中稀有色,48.66,14145727,301802291,301802291,1468569.948006
2021-11-05,SH600187,国中水务,2.27,9361901,1653935128,1653935128,375443.274056
2021-11-05,SZ000506,招金黄金,3.1,10539440,928594461,929017761,287995.50591
2021-11-05,SZ000638,*ST万方,4.7,1873400,309400000,309400000,145418
2021-11-05,SZ000631,顺发恒能,3.55,7946236,2432519168,2432519168,863544.30464
2021-11-05,SZ002276,万马股份,8.49,68158846,1035275348,1035489098,879130.244202
2021-11-05,SZ002275,桂林三金,13.14,1624600,538698425,590200000,775522.8
2021-11-05,SZ002277,友阿股份,2.98,6401562,1394172800,1394172800,415463.4944
2021-11-05,SH601107,四川成渝,3.38,5890278,2162740000,3058060000,1033624.28
2021-11-05,SH601668,中国建筑,4.6,159922298,40644582844,41948167844,19296157.20824
2021-11-05,SZ002278,神开股份,5.33,2823130,337115131,363909648,193963.842384
2021-11-05,SZ002279,久其软件,4.22,5170845,641486860,710547603,299851.088466
2021-11-05,SH601788,光大证券,14.54,21184956,3906698839,4610787639,6704085.227106
2021-11-05,SZ002282,博深股份,8.47,2595211,397896853,543944364,460720.876308
2021-11-05,SZ002283,天润工业,11.33,48445068,991748676,1135633878,1286673.183774
2021-11-05,SZ002280,ST联络,4.51,36172602,1768987543,2177149675,981894.503425
2021-11-05,SZ002281,光迅科技,22.5,6382694,663862785,699824918,1574606.0655
2021-11-05,SZ002286,保龄宝,14.26,22622578,369253488,369256000,526559.056
2021-11-05,SZ002287,奇正藏药,25.12,2950334,528579438,530357065,1332256.94728
2021-11-05,SZ002285,世联行,3.59,17368440,2014444186,2033579072,730054.886848
2021-11-05,SZ002284,亚太股份,6.87,9445943,686058271,737682304,506787.742848
2021-11-05,SZ002290,禾盛新材,7.26,1465500,216474046,247812330,179911.75158
2021-11-05,SZ002288,*ST超华,8.18,28597224,800339013,931643744,762084.582592
2021-11-05,SZ002291,遥望科技,21.05,10140628,614669879,909841215,1915215.757575
2021-11-05,SZ002289,*ST宇顺,7.79,3030500,264424233,280253733,218317.658007
2021-11-05,SZ002292,奥飞娱乐,5.45,36530838,853756468,1478699697,805891.334865
2021-11-05,SZ002294,信立泰,30.14,2757522,1045701597,1114816535,3360057.03649
2021-11-05,SZ002293,罗莱生活,13.75,8501535,821771994,838997881,1153622.086375
2021-11-05,SZ000517,荣安地产,2.26,5879300,2496982316,3183922485,719566.48161
2021-11-05,SZ000529,广弘控股,5.96,7590578,569884377,583790330,347939.03668
2021-11-05,SH601618,中国中冶,3.71,135667565,17852619170,20723619170,7688462.71207
2021-11-05,SZ002297,博云新材,9.6,34704955,471315045,573104819,550180.62624
2021-11-05,SZ002295,精艺股份,6.18,1709072,250152688,250616000,154880.688
2021-11-05,SZ002296,辉煌科技,6.65,2676700,341424130,389616420,259094.9193
2021-11-05,SZ002298,中电鑫龙,6.75,8337312,563477418,740110901,499574.858175
2021-11-05,SH601888,中国中免,230.78,7807141,1952475544,1952475544,45059230.604432
2021-11-05,SZ002300,太阳电缆,6.47,15638652,656616553,656667000,424863.549
2021-11-05,SZ002299,圣农发展,22.93,15893931,1239934178,1244405750,2853422.38475
2021-11-05,SZ002301,齐心集团,6.85,9076630,732735712,734020099,502803.767815
2021-11-05,SH600225,退市卓朗,2.79,3233900,932923667,935492615,261002.439585
2021-11-05,SZ300002,神州泰岳,5.92,126008768,1680730004,1961091984,1160966.454528
2021-11-05,SZ300001,特锐德,27.47,22594146,948323454,1040710713,2858832.328611
2021-11-05,SZ300027,华谊兄弟,3.5,42809078,2244567944,2779254919,972739.22165
2021-11-05,SZ300026,红日药业,4.11,19989700,2682015067,3004154837,1234707.638007
2021-11-05,SZ300025,华星创业,3.86,11540465,428462725,428530562,165412.796932
2021-11-05,SZ300024,机器人,9.71,16465573,1517118903,1560239617,1514992.668107
2021-11-05,SZ300023,宝德退,6.33,7640212,258204188,316106775,200095.588575
2021-11-05,SZ300022,吉峰科技,4.09,6760301,345244434,380240380,155518.31542
2021-11-05,SZ300021,大禹节水,5.12,15344205,639327773,801071451,410148.582912
2021-11-05,SZ300020,ST银江,7.28,23645737,627288765,655789086,477414.454608
2021-11-05,SZ300019,硅宝科技,18.81,13062577,333565636,391130200,735715.9062
2021-11-05,SZ300018,中元股份,6.63,18458923,405091589,480831536,318791.308368
2021-11-05,SZ300017,网宿科技,5.69,39351873,2272228118,2447261404,1392491.738876
2021-11-05,SZ300016,北陆药业,7.32,2963000,406758430,492856805,360771.18126
2021-11-05,SZ300015,爱尔眼科,48.49,35286493,4458723736,5406107855,26214216.988895
2021-11-05,SZ300014,亿纬锂能,113.49,26677817,1835856794,1895752583,21514896.064467
2021-11-05,SZ300013,新宁物流,4.05,6872001,445787115,446687115,180908.281575
2021-11-05,SZ300012,华测检测,27.57,9759347,1515745026,1672409214,4610832.202998
2021-11-05,SZ300011,鼎汉技术,7.1,24020904,500792001,558650387,396641.77477
2021-11-05,SZ300010,豆神教育,3.72,31534916,742952308,868324647,323016.768684
2021-11-05,SZ300009,安科生物,12.9,23325073,1159089300,1638465558,2113620.56982
2021-11-05,SZ300008,天海防务,4.98,52594767,1286748618,1728029133,860558.508234
2021-11-05,SZ300007,汉威科技,23.28,18250544,249124953,324387155,755173.29684
2021-11-05,SZ300006,莱美药业,5.3,19028217,812152773,1055911205,559632.93865
2021-11-05,SZ300005,探路者,8.34,11003369,700726764,883702186,737007.623124
2021-11-05,SZ300004,南风股份,5.8,5859302,477553715,479993598,278396.28684
2021-11-05,SZ300003,乐普医疗,21.5,16985767,1538838079,1804581117,3879849.40155
2021-11-05,SZ002302,西部建设,7.28,4871890,1262354304,1262354304,918993.933312
2021-11-05,SZ002303,美盈森,3.28,6527100,952116755,1531323685,502274.16868
2021-11-05,SZ002305,*ST南置,1.74,11529837,1733037250,1734215770,301753.54398
2021-11-05,SZ002304,洋河股份,185.5,8843291,1248941523,1506988000,27954627.4
2021-11-05,SZ002307,北新路桥,4.27,3569205,474881906,1208921927,516209.662829
2021-11-05,SZ002306,*ST云网,2.64,16293002,802906062,840000000,221760
2021-11-05,SH600854,春兰股份,3.61,6371642,519458538,519458538,187524.532218
2021-11-05,SH600999,招商证券,16.77,18966276,7422005272,8696526806,14584075.453662
2021-11-05,SZ002310,东方新能,2.76,7737900,2561504568,2685462004,741187.513104
2021-11-05,SZ002311,海大集团,67.31,5823842,1657637714,1661161061,11181275.101591
2021-11-05,SZ002308,*ST威创,3.85,4807574,906214651,906214651,348892.640635
2021-11-05,SZ002309,中利集团,5.83,16708200,698276564,871787068,508251.860644
2021-11-05,SZ002312,川发龙蟒,15.16,66861335,1324375324,1763196292,2673005.578672
2021-11-05,SZ002313,日海智能,10.61,2049117,373692043,374400000,397238.4
2021-11-05,SZ002314,南山控股,2.75,4616400,1338149289,2707782513,744640.191075
2021-11-05,SZ002315,焦点科技,15.63,4826117,185131772,305500000,477496.5
2021-11-05,SZ002316,亚联发展,3.72,5240416,293413643,393120000,146240.64
2021-11-05,SZ002319,乐通股份,12.82,664201,200000000,200000000,256400
2021-11-05,SZ002317,众生药业,8.23,5755241,712995405,814461076,670301.465548
2021-11-05,SZ002318,久立特材,14.15,24314682,953348140,977170720,1382696.5688
2021-11-05,SZ002321,华英农业,3.08,7647100,531062039,534291100,164561.6588
2021-11-05,SZ002320,海峡股份,5.53,14983756,2228933187,2228933187,1232600.052411
2021-11-05,SH601989,中国重工,4.13,114099966,22083803282,22802035324,9417240.588812
2021-11-05,SZ002324,普利特,10.73,3570600,632549543,1014062317,1088088.866141
2021-11-05,SZ002323,雅博股份,5.2,8275306,322399800,745729656,387779.42112
2021-11-05,SZ002322,理工能科,9.11,2234000,363918258,384496549,350276.356139
2021-11-05,SZ002325,*ST洪涛,2.39,6356370,966278130,1272439069,304112.937491
2021-11-05,SZ002326,永太科技,61.23,50177504,674050474,876566295,5367215.424285
2021-11-05,SH601139,深圳燃气,9.02,23050057,2876730494,2876767544,2594844.324688
2021-11-05,SZ300029,*ST天龙,6.15,4046705,200000000,200000000,123000
2021-11-05,SZ300030,阳普医疗,8.28,4121100,254443834,308795815,255682.93482
2021-11-05,SZ300031,宝通科技,23.83,64786077,324537014,396789292,945548.882836
2021-11-05,SZ300036,超图软件,26.73,36585895,394384690,489550063,1308567.318399
2021-11-05,SZ300035,中科电气,36.09,24437293,528031329,642365824,2318298.258816
2021-11-05,SZ300034,钢研高纳,43.5,7421412,433833763,486068671,2114398.71885
2021-11-05,SZ300033,同花顺,112.95,4375499,271950581,537600000,6072192
2021-11-05,SZ300032,金龙机电,6.41,53867475,803168108,803169608,514831.718728
2021-11-05,SZ002328,新朋股份,5.74,19430660,562972896,771770000,442995.98
2021-11-05,SZ002327,富安娜,8.3,3416157,486913403,829459027,688450.99241
2021-11-05,SZ002331,皖通科技,8.28,2299361,382874761,410245949,339683.645772
2021-11-05,SZ002329,皇氏集团,4.34,5733905,533125328,837640035,363535.77519
2021-11-05,SZ002330,得利斯,6.84,16455200,501868900,504293500,344936.754
2021-11-05,SH601117,中国化学,10.05,77365600,4933000000,6109470588,6140017.94094
2021-11-05,SZ300041,回天新材,17.4,9816257,348706101,430888395,749745.8073
2021-11-05,SZ300037,新宙邦,132.1,7029057,295700524,410792913,5426574.38073
2021-11-05,SZ300040,九洲集团,9.82,44749652,455280374,587623000,577045.786
2021-11-05,SZ300039,上海凯宝,4.42,2688834,916715119,1046000000,462332
2021-11-05,SZ300038,数知退,1.82,26202180,1163652138,1171827123,213272.536386
2021-11-05,SZ300042,朗科科技,13.73,4018854,174373818,200400000,275149.2
2021-11-05,SZ002332,仙琚制药,12.23,26826996,962452487,989204866,1209797.551118
2021-11-05,SZ002333,罗普斯金,4.9,1919800,427513600,652603600,319775.764
2021-11-05,SZ002334,英威腾,7.55,49888050,650283970,753465210,568866.23355
2021-11-05,SZ002335,科华数据,43.53,41803374,396849620,461567391,2009202.853023
2021-11-05,SZ002336,人乐退,4.22,704221,373175000,440000000,185680
2021-11-05,SZ002338,奥普光电,20.02,4132400,239994000,240000000,480480
2021-11-05,SZ002337,赛象科技,3.79,11470901,587642157,588615750,223085.36925
2021-11-05,SH601801,皖新传媒,4.69,3955124,1989204737,1989204737,932937.021653
2021-11-05,SZ300049,福瑞医科,11.15,8041800,230444284,263053100,293304.2065
2021-11-05,SZ300050,世纪鼎利,4.28,5887502,498082741,560036718,239695.715304
2021-11-05,SZ300048,合康新能,7.18,111071674,1090059982,1102201357,791380.574326
2021-11-05,SZ300047,天源迪科,7.7,56210056,530817184,637744672,491063.39744
2021-11-05,SZ300043,星辉娱乐,3.31,69356905,937763301,1244198401,411829.670731
2021-11-05,SZ300044,ST赛为,2.7,16458904,668446839,776711228,209712.03156
2021-11-05,SZ300045,华力创通,9.02,10631635,440637852,614217087,554023.812474
2021-11-05,SZ300046,台基股份,24.27,18671150,236531371,236531371,574061.637417
2021-11-05,SH601877,正泰电器,55.58,33035239,2149973551,2149973551,11949552.996458
2021-11-05,SZ002340,格林美,10.32,134595857,4761701956,4783522257,4936594.969224
2021-11-05,SZ002341,ST新纶,5.18,18656588,891556101,1152214592,596847.158656
2021-11-05,SZ002339,积成电子,7.14,22966115,481494255,511804800,365428.6272
2021-11-05,SZ002342,巨力索具,3.98,9750600,881085000,960000000,382080
2021-11-05,SZ002343,慈文传媒,4.76,7304159,473693052,474949686,226076.050536
2021-11-05,SZ002344,海宁皮城,4.42,12964085,1281593178,1282745046,566973.310332
2021-11-05,SZ002346,柘中股份,18.51,5284900,394632807,441575416,817356.095016
2021-11-05,SZ002345,潮宏基,4.81,8001491,884729365,905412707,435503.512067
2021-11-05,SH601179,中国西电,4.92,74179300,5125882352,5125882352,2521934.117184
2021-11-05,SZ002347,泰尔股份,4.02,4552600,316774985,447019662,179701.904124
2021-11-05,SZ002349,精华制药,5.61,10459900,831992151,835724374,468841.373814
2021-11-05,SZ002348,高乐股份,2,19437804,854238289,947200000,189440
2021-11-05,SZ002350,北京科锐,7.18,35912413,524334096,542369011,389420.949898
2021-11-05,SZ002351,漫步者,12.36,18180419,478039870,889107000,1098936.252
2021-11-05,SZ002352,顺丰控股,62.88,20833137,4503517459,4556440455,28650897.58104
2021-11-05,SZ002353,杰瑞股份,39.67,8156314,619288480,957853992,3799806.786264
2021-11-05,SZ002354,天娱数科,3.21,14997638,1461028147,1663013961,533827.481481
2021-11-05,SZ002355,兴民智通,5.14,2349157,617166650,620570400,318973.1856
2021-11-05,SZ002356,赫美集团,3.84,13236690,526827157,527806548,202677.714432
2021-11-05,SH601106,中国一重,3.53,48258326,6857782927,6857782927,2420797.373231
2021-11-05,SZ002357,富临运业,4.69,1886660,313418349,313489036,147026.357884
2021-11-05,SZ002358,森源电气,2.67,6831864,910425280,929756977,248245.112859
2021-11-05,SZ300053,航宇微,9.01,10113126,637402400,702158212,632644.549012
2021-11-05,SZ300051,琏升科技,4.3,6082878,365646340,365698690,157250.4367
2021-11-05,SZ300054,鼎龙股份,22.21,17843520,715751571,939011157,2085543.779697
2021-11-05,SZ300052,ST中青宝,32.88,120123367,261195753,263269300,865629.4584
2021-11-05,SH601678,滨化股份,7.34,85409526,1957777063,1957777063,1437008.364242
2021-11-05,SZ300056,中创环保,5.06,2810271,385490443,385490443,195058.164158
2021-11-05,SZ300058,蓝色光标,6.07,183694800,2381485290,2491037834,1512059.965238
2021-11-05,SZ300057,万顺新材,7.82,16316826,502519108,680202861,531918.637302
2021-11-05,SH601688,华泰证券,15.49,47005477,7312116320,9076650000,14059730.85
2021-11-05,SZ300055,万邦达,10.86,19393723,863099140,865184815,939590.70909
2021-11-05,SZ002362,汉王科技,15.76,3878122,206230474,244454646,385260.522096
2021-11-05,SZ002361,神剑股份,4.92,11475200,668579631,837574116,412086.465072
2021-11-05,SZ002360,同德化工,8.14,6915540,309406470,399504578,325196.726492
2021-11-05,SZ002365,永安药业,9.01,1507350,243392518,294682500,265508.9325
2021-11-05,SZ002363,隆基机械,5.05,4314880,415758242,416100301,210130.652005
2021-11-05,SZ002364,中恒电气,9.11,8791700,530587745,563564960,513407.67856
2021-11-05,SH601607,上海医药,18.19,5882629,1922935018,2842089322,5169760.476718
2021-11-05,SZ002366,融发核电,4.2,45370100,604555163,867057350,364164.087
2021-11-05,SZ002367,康力电梯,7.47,2095200,524474108,797652687,595846.557189
2021-11-05,SZ002368,太极股份,28.13,12641303,576166298,579653456,1630565.171728
2021-11-05,SZ002369,卓翼科技,7.11,9191701,575914579,576769204,410082.904044
2021-11-05,SZ002371,北方华创,378,4571392,460559467,525607394,19867959.4932
2021-11-05,SZ002370,亚太药业,4.35,10220634,500713204,536613986,233427.08391
2021-11-05,SZ002374,中锐股份,2.6,10199625,978274682,1087953783,282867.98358
2021-11-05,SZ002372,伟星新材,18.63,5786832,1436492977,1592112988,2966106.496644
2021-11-05,SZ002373,千方科技,13.56,13087094,1364836251,1580874765,2143666.18134
2021-11-05,SH601188,龙江交通,3.18,1318330,1315878571,1315878571,418449.385578
2021-11-05,SZ300062,中能电气,12.22,21659600,193962425,308000000,376376
2021-11-05,SH601518,吉林高速,2.31,3862955,1350395121,1350395121,311941.272951
2021-11-05,SZ300061,旗天科技,6.73,54791050,544123755,660944225,444815.463425
2021-11-05,SZ300059,东方财富,32.73,96914201,8533561416,10335763789,33828954.881397
2021-11-05,SZ002377,国创高新,3.06,7526300,915996256,916325201,280395.511506
2021-11-05,SZ002376,新北洋,8.12,3019011,640375836,665722022,540566.281864
2021-11-05,SZ002375,亚厦股份,7.65,5773411,1330992524,1339996498,1025097.32097
2021-11-05,SZ300063,天龙集团,4.32,38650736,609333250,750201950,324087.2424
2021-11-05,SZ300064,金刚退,1.75,24549168,696229777,1205476595,210958.404125
2021-11-05,SZ300066,三川智慧,4.4,5258907,1003428138,1040033262,457614.63528
2021-11-05,SZ300065,海兰信,10.95,47586634,522677290,612538773,670729.956435
2021-11-05,SH601158,重庆水务,6.08,12816437,4800000000,4800000000,2918400
2021-11-05,SZ002378,章源钨业,8.02,12825871,915321462,924167436,741182.283672
2021-11-05,SZ002380,科远智慧,13.14,2008990,141504390,239991649,315349.026786
2021-11-05,SH601101,昊华能源,8.93,39815114,1199998272,1199998272,1071598.456896
2021-11-05,SZ002379,宏桥控股,3.04,7246303,926400000,926400000,281625.6
2021-11-05,SZ002381,双箭股份,7.23,1489350,322005844,411572264,297566.746872
2021-11-05,SZ002383,合众思壮,6.36,6639661,599374772,744334534,473396.763624
2021-11-05,SZ002382,蓝帆医疗,14.89,14016086,1001989295,1007046047,1499491.563983
2021-11-05,SZ002385,大北农,9.62,149752936,3179806564,4141281853,3983913.142586
2021-11-05,SZ002386,天原股份,10.49,54901851,780573537,780857017,819119.010833
2021-11-05,SZ002384,东山精密,24.89,207119475,1390275340,1709867327,4255859.776903
2021-11-05,SZ002387,维信诺,8.12,4435500,1367213346,1367663046,1110542.393352
2021-11-05,SZ002389,航天彩虹,22.37,16262713,894867800,946062685,2116342.226345
2021-11-05,SZ002388,新亚制程,4.93,5528010,483305680,510464100,251658.8013
2021-11-05,SZ002391,长青股份,7.09,6115598,462347311,653904550,463618.32595
2021-11-05,SZ002390,信邦制药,6.25,25804467,1567874603,2027228611,1267017.881875
2021-11-05,SZ300070,碧水源,7.03,15780642,2461890085,3164596594,2224711.405582
2021-11-05,SZ300071,福石控股,2.41,11242046,638890465,671386420,161804.12722
2021-11-05,SZ300067,安诺其,3.94,11473170,777417961,1052856214,414825.348316
2021-11-05,SZ300068,南都电源,12.18,27555170,826532400,857098972,1043946.547896
2021-11-05,SZ300069,金利华电,20.33,2784631,117000000,117000000,237861
2021-11-05,SZ002393,力生制药,18.36,543088,182454992,182454992,334987.365312
2021-11-05,SZ002394,联发股份,7.47,983905,322963298,328879200,245672.7624
2021-11-05,SZ002392,北京利尔,4.33,17596900,851007469,1190490839,515482.533287
2021-11-05,SZ300073,当升科技,90.8,15832380,435585784,453620538,4118874.48504
2021-11-05,SZ300072,海新能科,6.5,13847910,2329596431,2349720302,1527318.1963
2021-11-05,SZ300075,数字政通,13.06,17045567,385444073,483968242,632062.524052
2021-11-05,SZ300074,华平股份,3.54,7714356,530907925,533892900,188998.0866
2021-11-05,SH601369,陕鼓动力,12.44,11305313,1650801389,1726773189,2148105.847116
2021-11-05,SZ002395,双象股份,9.05,746700,268209000,268209000,242729.145
2021-11-05,SZ002397,梦洁股份,3.89,8435197,483250568,756581443,294310.181327
2021-11-05,SZ300078,思创智联,6.34,8284203,836318507,866129866,549126.335044
2021-11-05,SZ300079,数码视讯,8.95,229317570,1266852372,1429008862,1278962.93149
2021-11-05,SZ300076,GQY视讯,5.1,43968870,392188950,424000000,216240
2021-11-05,SZ300077,国民技术,25.37,27914359,545048925,592664000,1503588.568
2021-11-05,SZ002398,垒知集团,6.19,3819701,560931487,720490406,445983.561314
2021-11-05,SZ002401,中远海科,9.24,1641260,362837468,372098880,343819.36512
2021-11-05,SZ002400,省广集团,4.85,187087767,1687189081,1743337128,845518.50708
2021-11-05,SZ002399,海普瑞,15.11,1706160,1247201704,1467296204,2217084.564244
2021-11-05,SZ002404,嘉欣丝绸,5.32,2287010,458948777,577673641,307322.377012
2021-11-05,SZ002402,和而泰,23.93,14125502,801749054,914016928,2187242.508704
2021-11-05,SZ002403,爱仕达,6.32,500500,315618676,350320801,221402.746232
2021-11-05,SH600870,退市厦华,4.85,3284200,523199665,523199665,253751.837525
2021-11-05,SZ002406,远东传动,5.71,2228400,496147030,624156627,356393.434017
2021-11-05,SZ002405,四维图新,12.3,40558338,2257484597,2374547114,2920692.95022
2021-11-05,SZ002407,多氟多,54.7,42791519,612441722,766087589,4190499.11183
2021-11-05,SZ002408,齐翔腾达,9.41,78866446,2738941336,2808787944,2643069.455304
2021-11-05,SZ300084,海默科技,5.25,22129869,329752181,384765738,202002.01245
2021-11-05,SZ300082,奥克股份,17.4,44491725,677676401,680098200,1183370.868
2021-11-05,SZ300081,恒信东方,9.56,69671404,377911646,529157876,505874.929456
2021-11-05,SZ300083,创世纪,13.55,40668400,1308086889,1526380379,2068245.413545
2021-11-05,SZ002409,雅克科技,80.12,4834112,295359723,475927678,3813132.556136
2021-11-05,SZ002411,必康退,13.43,66854006,1532283909,1532283909,2057857.289787
2021-11-05,SZ002412,汉森制药,5.06,2874793,493637500,503200000,254619.2
2021-11-05,SZ002410,广联达,68.6,3999108,986483324,1187819098,8148439.01228
2021-11-05,SZ300085,银之杰,13.38,6248587,522474207,706640535,945485.03583
2021-11-05,SZ300086,康芝药业,4.92,3414750,435663111,450000000,221400
2021-11-05,SZ300087,荃银高科,30.48,13511057,399143753,454098437,1384092.035976
2021-11-05,SZ300088,长信科技,11.61,309318548,2442630224,2454857456,2850089.506416
2021-11-05,SZ002416,爱施德,11.2,16106472,1222705335,1239281806,1387995.62272
2021-11-05,SZ002413,雷科防务,6.08,17916851,1206986619,1340507796,815028.739968
2021-11-05,SZ002415,海康威视,51.48,24918323,8142919323,9335806114,48060729.874872
2021-11-05,SZ002418,康盛股份,3.12,7829655,1135929750,1136400000,354556.8
2021-11-05,SZ002419,天虹股份,6.33,7809908,1199963861,1200300000,759789.9
2021-11-05,SZ002420,毅昌科技,6.11,6498701,390192821,401000000,245011
2021-11-05,SZ002417,深南退,4.35,3450478,224135971,270000000,117450
2021-11-05,SZ002421,达实智能,3.45,9689675,1781235430,1923488229,663603.439005
2021-11-05,SZ002424,ST百灵,5.93,6496900,935963704,1411200000,836841.6
2021-11-05,SZ002423,中粮资本,8.08,1946792,1196677282,2304105575,1861717.3046
2021-11-05,SZ002422,科伦药业,18.37,8725314,1081531479,1425422862,2618501.797494
2021-11-05,SZ002425,凯撒文化,8.57,102173884,955985898,956665066,819861.961562
2021-11-05,SZ002426,胜利精密,2.44,32856150,3025884169,3441517719,839730.323436
2021-11-05,SZ002427,尤夫股份,5.52,3426875,437029865,437970123,241759.507896
2021-11-05,SZ002428,云南锗业,10.25,8651699,644314718,653120000,669448
2021-11-05,SZ002429,兆驰股份,5.17,54658815,4496301410,4526940607,2340428.293819
2021-11-05,SZ002430,杭氧股份,24.54,27432239,963859280,964603777,2367137.668758
2021-11-05,SZ002431,棕榈股份,2.78,14095636,1458331768,1486985450,413381.9551
2021-11-05,SZ002432,九安医疗,6,2847700,478603022,478603022,287161.8132
2021-11-05,SZ002435,ST长康,4.78,6453265,1199594549,1235983020,590799.88356
2021-11-05,SZ002436,兴森科技,13.78,53895664,1272658141,1487917558,2050350.394924
2021-11-05,SZ002433,太安退,5.19,21218800,744385700,766773200,397955.2908
2021-11-05,SZ002434,万里扬,14.67,26367165,1339064300,1340000000,1965780
2021-11-05,SZ002437,誉衡药业,2.29,14588000,2183286217,2198122950,503370.15555
2021-11-05,SZ002438,江苏神通,15.82,19851545,447145712,485756156,768466.238792
2021-11-05,SZ002396,星网锐捷,23.77,15625754,583280278,583280278,1386457.220806
2021-11-05,SZ002439,启明星辰,28.02,11654787,723546748,933583742,2615901.645084
2021-11-05,SZ300089,文化退,4.04,4059603,244126132,481056870,194346.97548
2021-11-05,SZ300080,易成新能,5.46,16474700,1091910760,2161880058,1180386.511668
2021-11-05,SZ300091,*ST金灵,5.23,78581206,1070307285,1489164214,778832.883922
2021-11-05,SH601000,唐山港,2.61,31913923,5925928614,5925928614,1546667.368254
2021-11-05,SZ002442,龙星科技,5.75,17447552,478780950,489680000,281566
2021-11-05,SZ002440,闰土股份,9.11,5114422,958753637,1150500000,1048105.5
2021-11-05,SZ002443,金洲管道,5.65,4170500,519129277,520535520,294102.5688
2021-11-05,SZ002441,众业达,8.5,7884650,398846029,544543609,462862.06765
2021-11-05,SZ300092,科新机电,11.72,17115773,167459485,231599000,271434.028
2021-11-05,SZ300093,*ST金刚,20.91,2694800,197152725,216000000,451656
2021-11-05,SZ300094,国联水产,4.25,85729632,883990961,912292315,387724.233875
2021-11-05,SZ002446,盛路通信,5.29,7406152,832649713,909378141,481061.036589
2021-11-05,SZ002444,巨星科技,33.1,5440934,1082098706,1143438492,3784781.40852
2021-11-05,SZ002447,晨鑫退,1.85,13937413,1427077800,1427193000,264030.705
2021-11-05,SZ002445,中南文化,2.46,11099140,2315821478,2391668331,588350.409426
2021-11-05,SH601288,农业银行,2.92,140045753,299284538234,349983033873,102195045.890916
2021-11-05,SZ002414,高德红外,23.27,21493803,1867051683,2346558302,5460441.168754
2021-11-05,SZ002448,中原内配,7.58,31797737,476760308,603144105,457183.23159
2021-11-05,SZ002449,国星光电,10.51,15623015,610923909,618477169,650019.504619
2021-11-05,SZ002453,华软科技,14.99,43069990,571300000,944217225,1415381.620275
2021-11-05,SZ002454,松芝股份,9.53,60531307,625426428,628581600,599038.2648
2021-11-05,SZ002452,长高电新,7.99,24847075,420158390,614546785,491022.881215
2021-11-05,SZ002451,摩恩电气,7.73,12255003,439149000,439200000,339501.6
2021-11-05,SZ300097,ST智云,9.14,5999644,270018948,288549669,263734.397466
2021-11-05,SZ300096,ST易联众,7.5,10562444,376510755,430000000,322500
2021-11-05,SZ300095,华伍股份,15.42,54624387,291611207,378710854,583972.136868
2021-11-05,SZ300098,高新兴,5.09,166857621,1457557381,1737782275,884531.177975
2021-11-05,SZ002457,青龙管业,7.44,2638800,334838099,334992000,249234.048
2021-11-05,SZ002456,欧菲光,8.16,40620990,2691579105,3262263437,2662006.964592
2021-11-05,SZ002455,百川股份,15.71,44130187,450572850,565857827,888962.646217
2021-11-05,SH601717,中创智领,10.42,28198911,1489237170,1774771370,1849311.76754
2021-11-05,SZ300101,振芯科技,26.03,15193076,556177296,558492000,1453754.676
2021-11-05,SZ300100,双林股份,9.55,10332856,381197866,402149793,384053.052315
2021-11-05,SZ300099,尤洛卡,8.75,19058502,508800495,667335255,583918.348125
2021-11-05,SZ002458,益生股份,11.92,38478587,676450783,992909980,1183548.69616
2021-11-05,SZ002460,赣锋锂业,162.4,35753847,859452531,1437478880,23344657.0112
2021-11-05,SZ002459,晶澳科技,91.97,17765621,638041066,1598229690,14698918.45893
2021-11-05,SZ300102,乾照光电,8.17,39059800,707105961,707390811,577938.292587
2021-11-05,SZ300103,达刚控股,9.28,883751,243357634,317601000,294733.728
2021-11-05,SH601718,际华集团,2.62,29260281,4391629404,4391629404,1150606.903848
2021-11-05,SH601818,光大银行,3.33,44984536,41353181852,54031917352,17992628.478216
2021-11-05,SZ002463,沪电股份,11.88,65522634,1895664870,1896658773,2253230.622324
2021-11-05,SZ002462,嘉事堂,11.95,1360207,249718432,291707120,348590.0084
2021-11-05,SZ002461,珠江啤酒,9.89,8230474,2213328480,2213328480,2188981.86672
2021-11-05,SZ300107,建新股份,5.3,4652949,336974275,551251422,292163.25366
2021-11-05,SZ300105,龙源技术,6.88,35070945,513213525,522580000,359535.04
2021-11-05,SZ300106,西部牧业,11.65,11502229,211332310,211332310,246202.14115
2021-11-05,SZ300108,*ST吉药,3.29,6597850,444316089,666014674,219118.827746
2021-11-05,SZ300109,新开源,22.08,35000326,301702622,343618983,758710.714464
2021-11-05,SZ300110,华仁药业,4.08,6728187,1180783482,1182212982,482342.896656
2021-11-05,SZ300113,顺网科技,14.93,59699296,483847439,694287240,1036570.84932
2021-11-05,SZ300114,中航电测,15.58,11180303,590760499,590760499,920404.857442
2021-11-05,SZ300111,向日葵,2.68,8234500,1117239595,1119800000,300106.4
2021-11-05,SZ300112,万讯自控,11.21,12720918,201309133,285747886,320323.380206
2021-11-05,SZ002466,天齐锂业,94.98,96145021,1473762237,1477099383,14029489.939734
2021-11-05,SZ002465,海格通信,9.5,19954270,2265058769,2304448671,2189226.23745
2021-11-05,SZ002464,众应退,3.99,27740963,521729888,521794388,208195.960812
2021-11-05,SZ300115,长盈精密,15.75,23253183,1196351844,1201027716,1891618.6527
2021-11-05,SZ300116,*ST保力,2.4,56791315,3999802407,4281082697,1027459.84728
2021-11-05,SZ300118,东方日升,25.18,53459012,899445941,901359941,2269624.331438
2021-11-05,SZ300117,*ST嘉寓,4.14,17378157,716760000,716760000,296738.64
2021-11-05,SZ002470,金正大,2.42,49579312,2994802210,3286027742,795218.713564
2021-11-05,SZ002467,二六三,3.82,8302600,1175162979,1367435873,522360.503486
2021-11-05,SZ002469,三维化学,5.71,11892175,518372665,648862630,370500.56173
2021-11-05,SZ002468,申通快递,7.92,11295900,1492045657,1530802166,1212395.315472
2021-11-05,SZ002472,双环传动,26.46,14556826,655837629,777691625,2057772.03975
2021-11-05,SZ002471,中超控股,2.68,18528700,1265061719,1268000000,339824
2021-11-05,SZ002473,圣莱退,10.26,3017104,160000000,160000000,164160
2021-11-05,SZ002475,立讯精密,41.2,61838355,7037494534,7048406277,29039433.86124
2021-11-05,SZ002474,榕基软件,6.09,7101457,491812020,622200000,378919.8
2021-11-05,SZ002476,宝莫股份,4.55,6571100,611948625,612000000,278460
2021-11-05,SZ300121,阳谷华泰,9.92,4660830,360275855,375131706,372130.652352
2021-11-05,SZ300120,经纬辉开,7.96,5571919,382244914,464478294,369724.722024
2021-11-05,SZ300119,瑞普生物,21.74,3329006,252319731,404359363,879077.255162
2021-11-05,SH600372,中航机载,18.63,14888545,1928214265,1928214265,3592263.175695
2021-11-05,SZ002479,富春环保,5.36,7789487,861306351,865000000,463640
2021-11-05,SZ002478,常宝股份,4.01,1617100,587128530,919830686,368852.105086
2021-11-05,SZ002480,新筑股份,4.38,6673700,644534296,769168670,336895.87746
2021-11-05,SZ002481,双塔食品,9.37,13650115,1099495600,1243390000,1165056.43
2021-11-05,SZ300124,汇川技术,68.12,23036516,2075536873,2621013511,17854344.036932
2021-11-05,SH601018,宁波港,3.7,6906001,13172847809,15807417370,5848744.4269
2021-11-05,SZ300122,智飞生物,132.82,8389010,921909025,1600000000,21251200
2021-11-05,SZ300123,亚光科技,8.94,21373895,987676743,1007630823,900821.955762
2021-11-05,SZ002483,润邦股份,7.04,102736667,863340184,942288735,663371.26944
2021-11-05,SZ002484,江海股份,24.28,14853273,774608901,825020641,2003150.116348
2021-11-05,SZ002482,广田集团,2.21,5738949,1529299596,1537279657,339738.804197
2021-11-05,SZ000732,ST泰禾,1.89,20181400,2485671946,2488901440,470402.37216
2021-11-05,SH601177,杭齿前进,8.96,7408102,400060000,400060000,358453.76
2021-11-05,SZ300125,*ST聆达,13.6,4991192,263218053,265499995,361079.9932
2021-11-05,SZ300128,锦富技术,3.67,23407888,1093066762,1094115412,401540.356204
2021-11-05,SZ300127,银河磁体,20.6,10560832,227666140,323146360,665681.5016
2021-11-05,SZ300126,锐奇股份,6.21,3451350,210662529,303957600,188757.6696
2021-11-05,SH601377,兴业证券,8.4,101730354,6696671674,6696671674,5625204.20616
2021-11-05,SZ002487,大金重工,45.72,47112618,545647773,555664000,2540495.808
2021-11-05,SZ002485,ST雪发,4.28,580107,544000000,544000000,232832
2021-11-05,SZ002486,嘉麟杰,2.46,3398500,832000000,832000000,204672
2021-11-05,SZ300131,英唐智控,6.76,41341703,933508335,1069526426,722999.863976
2021-11-05,SZ300130,新国都,9.72,6372647,355362224,489197278,475499.754216
2021-11-05,SZ300129,泰胜风能,10.95,92634187,577378158,719153256,787472.81532
2021-11-05,SZ002489,浙江永强,3.37,6369695,1881461876,2175736503,733223.201511
2021-11-05,SZ002488,金固股份,6.92,25224147,911186898,1001914821,693325.056132
2021-11-05,SZ002491,通鼎互联,5.02,77597475,1187126521,1250463090,627732.47118
2021-11-05,SZ002490,山东墨龙,4.04,6576406,541615500,797848400,322330.7536
2021-11-05,SZ300133,华策影视,5.72,23031905,1448099246,1901073701,1087414.156972
2021-11-05,SZ300132,青松股份,9.9,12749300,473902511,516580886,511415.07714
2021-11-05,SZ300135,宝利国际,2.37,11906352,709769304,921600000,218419.2
2021-11-05,SZ300134,大富科技,9.81,23471634,712418006,767498006,752915.543886
2021-11-05,SH601098,中南传媒,8.23,6392150,1796000000,1796000000,1478108
2021-11-05,SZ002495,佳隆股份,2.42,15900558,713934903,935625600,226421.3952
2021-11-05,SZ002492,恒基达鑫,5.12,1412030,398131742,405000000,207360
2021-11-05,SZ002493,荣盛石化,15.62,62739276,9498281250,10125525000,15816070.05
2021-11-05,SH600998,九州通,13.61,6998016,1873801453,1873801453,2550243.777533
2021-11-05,SZ002494,华斯股份,3.77,4363600,295020537,385560818,145356.428386
2021-11-05,SZ300137,先河环保,6.43,4776877,470491099,545374010,350675.48843
2021-11-05,SZ300138,晨光生物,15.3,3990665,427443184,532773991,815144.20623
2021-11-05,SZ300136,信维通信,25.3,33570195,823594651,967568638,2447948.65414
2021-11-05,SZ002496,*ST辉丰,2.67,6720800,1024048144,1507589677,402526.443759
2021-11-05,SZ002497,雅化集团,28.29,66975751,1042248327,1152562520,3260599.36908
2021-11-05,SZ002498,汉缆股份,4.49,92731606,3326796000,3326796000,1493731.404
2021-11-05,SZ002499,科林退,4.92,310600,188969900,189000000,92988
2021-11-05,SZ300142,沃森生物,51.53,30203463,1514959946,1566186984,8070561.528552
2021-11-05,SZ300141,和顺电气,15.86,30865057,184758446,253884600,402660.9756
2021-11-05,SZ300140,节能环境,6.17,6347766,385659584,427244052,263609.580084
2021-11-05,SZ300139,晓程科技,13.31,55948427,232587025,274000000,364694
2021-11-05,SZ002500,山西证券,6.25,11233656,3589771547,3589771547,2243607.216875
2021-11-05,SZ002503,*ST搜特,1.45,30666384,2542967569,3092771219,448451.826755
2021-11-05,SZ002501,利源股份,1.9,7915100,3470237556,3550000000,674500
2021-11-05,SZ002502,ST鼎龙,4.62,14450100,832912764,919994639,425037.523218
2021-11-05,SZ002504,*ST弘高,1.6,9072007,414473971,1025800523,164128.08368
2021-11-05,SZ002505,鹏都农牧,3.08,204224432,5485372200,6374261088,1963272.415104
2021-11-05,SZ002507,涪陵榨菜,34.1,16862799,779376887,887630022,3026818.37502
2021-11-05,SZ002508,老板电器,30.45,10899037,934900781,949024050,2889778.23225
2021-11-05,SH601777,千里科技,6.77,26438331,2250450000,4500000000,3046500
2021-11-05,SZ002511,中顺洁柔,18.93,47993378,1278286219,1309927250,2479692.28425
2021-11-05,SZ002510,天汽模,4.24,31393802,931268742,941568193,399224.913832
2021-11-05,SZ002513,蓝丰生化,4.45,1281692,314397369,340086278,151338.39371
2021-11-05,SZ002512,达华智能,3.01,9750501,881913261,1147094532,345275.454132
2021-11-05,SZ002514,宝馨科技,3.93,6450300,397329055,554034264,217735.465752
2021-11-05,SZ002515,金字火腿,5.13,9450380,893817204,978313280,501874.71264
2021-11-05,SH601880,辽港股份,1.67,35658457,17464713454,22623429453,3778112.718651
2021-11-05,SZ002517,恺英网络,5,116335923,1648212114,2152517634,1076258.817
2021-11-05,SZ002516,旷达科技,5.74,23589094,952977539,1470838682,844261.403468
2021-11-05,SZ002518,科士达,31.31,27043165,565356814,582445394,1823636.528614
2021-11-05,SZ002519,银河电子,4.73,32623336,1012191312,1126430898,532801.814754
2021-11-05,SZ300143,盈康生命,15.14,4188621,545854264,642167010,972240.85314
2021-11-05,SZ300144,宋城演艺,13.47,24024788,2287686866,2614694040,3521992.87188
2021-11-05,SZ300145,南方泵业,2.95,17985500,1737550347,1923438236,567414.27962
2021-11-05,SZ002523,天桥起重,2.66,56458230,1392239376,1416640800,376826.4528
2021-11-05,SZ002522,浙江众成,8.17,33375266,856488115,905779387,740021.759179
2021-11-05,SZ002520,日发精机,9.59,40663977,551709638,862899328,827520.455552
2021-11-05,SZ002521,齐峰新材,5.76,5536622,402829782,494685819,284939.031744
2021-11-05,SZ300147,ST香雪,6.12,3798057,653526025,661361435,404753.19822
2021-11-05,SZ300146,汤臣倍健,24.8,6363042,892735833,1700308763,4216765.73224
2021-11-05,SZ300148,天舟文化,4.62,140226341,761941066,844339343,390084.776466
2021-11-05,SH601933,永辉超市,4.15,84255623,9075036993,9075036993,3766140.352095
2021-11-05,SZ002524,光正眼科,9.31,2522092,492345760,516368220,480738.81282
2021-11-05,SZ002526,山东矿机,2.09,25669742,1760906886,1782793836,372603.911724
2021-11-05,SZ300150,世纪瑞尔,4.04,6860600,510670235,585106053,236382.845412
2021-11-05,SZ300151,昌红科技,34.57,5909883,315768300,502500000,1737142.5
2021-11-05,SZ300149,睿智医药,14.19,2388900,457996214,499776892,709183.409748
2021-11-05,SZ002528,ST英飞拓,3.25,1910315,1046439251,1198675082,389569.40165
2021-11-05,SZ002529,*ST海源,31.8,32594768,260000000,260000000,826800
2021-11-05,SZ002527,新时达,7.7,7408543,518365500,659761891,508016.65607
2021-11-05,SH601890,亚星锚链,7.28,63054868,959400000,959400000,698443.2
2021-11-05,SZ300153,科泰电源,11.48,31249600,317347386,320000000,367360
2021-11-05,SZ300154,瑞凌股份,5.94,2111100,321352150,455296000,270445.824
2021-11-05,SZ300152,ST新动力,3.43,10766203,712317825,712800000,244490.4
2021-11-05,SZ002532,天山铝业,7.77,51218591,1209373151,4651885415,3614514.967455
2021-11-05,SZ002531,天顺风能,21.95,94962331,1769006513,1802509062,3956507.39109
2021-11-05,SZ002530,金财互联,5.98,5480137,648558722,779198175,465960.50865
2021-11-05,SZ002533,金杯电工,8.68,46400518,598426615,734049347,637154.833196
2021-11-05,SH601126,四方股份,16,40493909,788187492,813172000,1301075.2
2021-11-05,SZ300157,新锦动力,4.12,10401800,708323276,712113257,293390.661884
2021-11-05,SZ300158,振东制药,6.71,34106600,1014060968,1027494660,689448.91686
2021-11-05,SZ300159,*ST新研,5.86,201823000,1420468655,1490360202,873351.078372
2021-11-05,SH601118,海南橡胶,5.6,70993211,4279427797,4279427797,2396479.56632
2021-11-05,SZ300155,安居宝,6.23,5060700,286202906,561227744,349644.884512
2021-11-05,SZ002534,西子洁能,22.62,9602496,725645705,739201050,1672072.7751
2021-11-05,SZ002537,海联金汇,5.73,35661291,1173952170,1174016745,672711.594885
2021-11-05,SZ002536,飞龙股份,7.13,13811778,471032852,500711814,357007.523382
2021-11-05,SZ002535,林州重机,1.64,9063891,569303753,801683074,131476.024136
2021-11-05,SZ300162,雷曼光电,12.79,40417318,264167739,349510030,447023.32837
2021-11-05,SZ300163,先锋新材,3.38,7427000,473624700,474000000,160212
2021-11-05,SZ300161,华中数控,24.45,6090333,168004991,198696906,485813.93517
2021-11-05,SZ300160,秀强股份,7.69,19828001,592326550,618172423,475374.593287
2021-11-05,SZ300164,通源石油,4.5,46717802,446206355,512847789,230781.50505
2021-11-05,SZ002541,鸿路钢构,44.01,4110999,378349515,530777112,2335950.069912
2021-11-05,SZ002540,亚太科技,6.38,53478057,895050350,1270529500,810597.821
2021-11-05,SZ002539,云图控股,13.35,56039557,658048163,1010100000,1348483.5
2021-11-05,SZ002538,司尔特,10.08,62735574,833958488,853555763,860384.209104
2021-11-05,SH601700,风范股份,4.27,4849474,1133232000,1133232000,483890.064
2021-11-05,SZ300166,东方国信,9.37,29096604,817928092,1152381437,1079781.406469
2021-11-05,SZ300165,ST天瑞,4.25,4095134,349873206,496990870,211221.11975
2021-11-05,SZ300168,万达信息,11.38,8755206,1186101550,1187584762,1351471.459156
2021-11-05,SZ300169,天晟新材,7.06,6392400,300012507,325984340,230144.94404
2021-11-05,SZ300167,ST迪威迅,5.59,5047502,300240000,326230000,182362.57
2021-11-05,SH601137,博威合金,18.1,34845301,720030830,790044972,1429981.39932
2021-11-05,SZ002542,中化岩土,2.69,8458056,1485975856,1805339107,485636.219783
2021-11-05,SZ002544,普天科技,23.98,28196091,661105420,683319825,1638600.94035
2021-11-05,SH601519,大智慧,6.77,7144170,1987700000,2028224000,1373107.648
2021-11-05,SZ002543,万和电气,7,5539941,630839397.5,743600000,520520
2021-11-05,SZ300171,东富龙,45.9,5253759,427877527,628337040,2884067.0136
2021-11-05,SZ300170,汉得信息,7.63,21280947,802619833,884055463,674534.318269
2021-11-05,SH601799,星宇股份,226.7,1488482,285679419,285679419,6476352.42873
2021-11-05,SZ300172,中电环保,4.65,11546345,496018628,676710000,314670.15
2021-11-05,SH601616,广电电气,3.33,17965279,935575000,935575000,311546.475
2021-11-05,SZ300173,ST福能,6.35,13238300,663584106,734725698,466550.81823
2021-11-05,SZ300174,元力股份,16.07,4460400,309522808,312231168,501755.486976
2021-11-05,SZ002546,新联电子,3.66,8438774,788773846,834049096,305261.969136
2021-11-05,SZ002545,东方铁塔,7.83,8945671,1109779065,1244062083,974100.610989
2021-11-05,SZ300179,四方达,10.95,41434589,329381442,487941999,534296.488905
2021-11-05,SZ300176,鸿特科技,5.91,3789030,375189764,387280800,228882.9528
2021-11-05,SZ300175,ST朗源,4.77,10381458,470800000,470800000,224571.6
2021-11-05,SZ300177,中海达,7.99,15951785,589061748,744169066,594591.083734
2021-11-05,SZ300178,腾邦退,2.59,6797000,587513680,616508293,159675.647887
2021-11-05,SZ002549,凯美特气,12.24,7660487,621101175,623700000,763408.8
2021-11-05,SZ002547,春兴精工,4.08,47203600,818561197,1128057168,460247.324544
2021-11-05,SZ002550,千红制药,4.12,5096000,928123034,1279800000,527277.6
2021-11-05,SZ002548,金新农,5.79,16041497,537752985,690730442,399932.925918
2021-11-05,SZ300184,力源信息,6.19,53737276,994213109,1164681922,720938.109718
2021-11-05,SZ300180,华峰超纤,4.5,10032532,1423383341,1761060155,792477.06975
2021-11-05,SZ300183,东软载波,18.21,12696695,297735787,462609137,842411.238477
2021-11-05,SH601216,君正集团,4.85,74246097,8438017390,8438017390,4092438.43415
2021-11-05,SZ300182,捷成股份,4.63,154052294,2092465398,2574960807,1192206.853641
2021-11-05,SZ300181,佐力药业,7.44,6951606,493515464,608624848,452816.886912
2021-11-05,SZ002553,南方精工,10.7,13527160,234294201,348000000,372360
2021-11-05,SZ002552,宝鼎科技,13.88,2480100,231344046,306232338,425050.485144
2021-11-05,SZ002551,尚荣医疗,4.61,2840054,580940135,844622917,389371.164737
2021-11-05,SZ002554,惠博普,3,37666100,857363264,1346857772,404057.3316
2021-11-05,SH601992,金隅集团,2.72,12624493,8334158264,10677771134,2904353.748448
2021-11-05,SH601116,三江购物,8.13,1949343,547678400,547678400,445262.5392
2021-11-05,SZ002557,洽洽食品,56.54,5386651,506997947,507001697,2866587.594838
2021-11-05,SZ002556,辉隆股份,10.12,5865052,824390704,944747520,956084.49024
2021-11-05,SZ002555,三七互娱,25.61,68244033,1540118203,2217864281,5679950.423641
2021-11-05,SZ002558,巨人网络,10.84,24450217,2024379932,2024379932,2194427.846288
2021-11-05,SZ002560,通达股份,5.58,5773700,360402334,526691470,293893.84026
2021-11-05,SZ002561,徐家汇,6.82,479867,412284522,415763000,283550.366
2021-11-05,SZ002559,亚威股份,7.62,12093250,477789315,556723012,424222.935144
2021-11-05,SZ300185,通裕重工,3.43,126708903,3065722463,3896783221,1336596.644803
2021-11-05,SZ300187,永清环保,7.02,6917061,643729792,644500165,452439.11583
2021-11-05,SH601011,宝泰隆,4.52,43904534,1604807397,1604807397,725372.943444
2021-11-05,SZ002564,天沃科技,3.95,21595496,868477204,869375282,343403.23639
2021-11-05,SZ002562,兄弟科技,4.25,17108420,700080832,1062875330,451722.01525
2021-11-05,SZ002563,森马服饰,7.04,19532343,1887021365,2694090160,1896639.47264
2021-11-05,SZ300188,国投智能,16.07,4308909,607667629,806405295,1295893.309065
2021-11-05,SZ300190,维尔利,5.36,4214700,761058177,781587215,418930.74724
2021-11-05,SZ300189,神农种业,4.49,23485471,963049748,1024000000,459776
2021-11-05,SZ300191,潜能恒信,23.22,7013629,207020000,320000000,743040
2021-11-05,SH601199,江南水务,4.08,31734108,935210292,935210292,381565.799136
2021-11-05,SZ002566,益盛药业,7.46,2339711,232275489,330951600,246889.8936
2021-11-05,SZ002565,顺灏股份,3.63,20353448,1055094403,1059988922,384775.978686
2021-11-05,SZ300193,佳士科技,12.24,10099366,429682286,482919541,591093.518184
2021-11-05,SZ300194,福安药业,3.92,6703555,943199510,1189712382,466367.253744
2021-11-05,SZ300192,科德教育,7.23,8721082,215267321,329143329,237970.626867
2021-11-05,SZ002567,唐人神,6.51,24421223,1183903077,1206017542,785117.419842
2021-11-05,SZ002568,百润股份,68.45,3687299,512092160,749785122,5132279.16009
2021-11-05,SZ300196,长海股份,17.35,3163032,245874108,408712399,709116.012265
2021-11-05,SZ300195,长荣股份,6.05,7251999,313439381,423387356,256149.35038
2021-11-05,SZ300197,节能铁汉,2.75,7492902,1806026374,2822871757,776289.733175
2021-11-05,SZ300198,ST纳川,3.35,9862092,869384023,1031548540,345568.7609
2021-11-05,SZ300199,翰宇药业,5.37,5569026,629404372,916927040,492389.82048
2021-11-05,SZ300201,海伦哲,3.32,25919817,945948447,1040921518,345585.943976
2021-11-05,SZ300200,高盟新材,9.09,4329882,414969787,425524433,386801.709597
2021-11-05,SZ002075,沙钢股份,5.56,30482377,2206771772,2206771772,1226965.105232
2021-11-05,SZ002572,索菲亚,17.52,23899594,637530307,912370038,1598472.306576
2021-11-05,SZ002569,*ST步森,7.5,436900,139740425,144010000,108007.5
2021-11-05,SZ002571,德力股份,7.32,10599800,298306188,391950700,286907.9124
2021-11-05,SZ002570,贝因美,4.87,17265900,1022460225,1080043333,525981.103171
2021-11-05,SZ300202,聚龙退,4.2,6685066,452346881,549504000,230791.68
2021-11-05,SZ300204,舒泰神,12.91,8827549,465871199,476034544,614560.596304
2021-11-05,SZ300203,聚光科技,20.75,8882124,452027200,452517400,938973.605
2021-11-05,SZ300206,理邦仪器,11.24,2436416,340438065,581721846,653855.354904
2021-11-05,SZ300205,*ST天喻,12.11,3893689,425988788,430056000,520797.816
2021-11-05,SZ300207,欣旺达,46.66,27616316,1462293340,1626451553,7589022.946298
2021-11-05,SZ002573,清新环境,6.12,10763000,1079165388,1403721079,859077.300348
2021-11-05,SZ002574,明牌珠宝,4.27,5985362,528000000,528000000,225456
2021-11-05,SZ002575,群兴玩具,4.48,349200,588720000,618720000,277186.56
2021-11-05,SZ300208,中程退,10.8,14327003,687394322,749475000,809433
2021-11-05,SZ300210,森远股份,3.34,8236002,414482618,484219953,161729.464302
2021-11-05,SZ300209,行云科技,9.1,40900911,375171173,422107330,384117.6703
2021-11-05,SZ002578,闽发铝业,3.82,12393504,885881674,988093296,377451.639072
2021-11-05,SH601258,*ST庞大,1.66,81024839,10227225070,10227225070,1697719.36162
2021-11-05,SZ002576,通达动力,18.22,22757300,164415254,165100000,300812.2
2021-11-05,SZ002577,雷柏科技,9.63,2418125,282865000,282880000,272413.44
2021-11-05,SZ300212,易华录,30.34,7963768,619237657,665990133,2020614.063522
2021-11-05,SZ300213,佳讯飞鸿,5.88,7341900,550346012,593718564,349106.515632
2021-11-05,SZ300211,*ST亿通,12.81,4832700,296887545,302675973,387727.921413
2021-11-05,SZ002580,圣阳股份,8.71,13638640,311327040,453868993,395319.892903
2021-11-05,SH601218,吉鑫科技,7.98,298528102,977360000,977360000,779933.28
2021-11-05,SZ002579,中京电子,9.72,7287582,561366627,605736071,588775.461012
2021-11-05,SH601113,华鼎股份,3.72,6039002,907682240,1141481073,424630.959156
2021-11-05,SZ300215,电科院,9.78,12465239,560166162,758322487,741639.392286
2021-11-05,SZ300214,日科化学,6.98,1666100,364473836,470812614,328627.204572
2021-11-05,SZ300219,鸿利智汇,14.07,59646015,628046919,707943506,996076.512942
2021-11-05,SZ300218,安利股份,14.83,2906718,216276394,216987000,321791.721
2021-11-05,SZ300217,东方电热,4.4,72603120,896759474,1441216681,634135.33964
2021-11-05,SH601233,桐昆股份,18.9,65096613,2287531037,2411119493,4557015.84177
2021-11-05,SH601208,东材科技,16.23,9081301,862814521,898186112,1457756.059776
2021-11-05,SZ002582,好想你,8.61,3363900,353570834,456977978,393458.039058
2021-11-05,SZ002581,ST未名,14.71,10844800,400791161,659735586,970471.047006
2021-11-05,SZ300222,科大智能,13.06,43512290,556328918,780242234,1018996.357604
2021-11-05,SZ300220,金运激光,16.14,24624793,150534160,151200000,244036.8
2021-11-05,SZ300221,银禧科技,7.2,16267202,438661759,477023654,343457.03088
2021-11-05,SH601599,浙文影业,2.83,2210700,892724964,1160542453,328433.514199
2021-11-05,SZ002583,海能达,5.45,15105190,1087695021,1839573991,1002567.825095
2021-11-05,SH601566,九牧王,13.16,2326610,574637150,574637150,756222.4894
2021-11-05,SZ300225,*ST金泰,14.39,6095043,473183231,489205300,703966.4267
2021-11-05,SZ300223,北京君正,147.87,11850646,324138385,468977393,6934768.710291
2021-11-05,SZ300224,正海磁材,12.2,28093258,812034136,820216556,1000664.19832
2021-11-05,SZ002585,双星新材,23.49,17795296,867153367,1156278085,2716097.221665
2021-11-05,SZ002584,西陇科学,5.83,10808129,393987482,585216422,341181.174026
2021-11-05,SZ002586,ST围海,2.54,4090516,893946962,1144223714,290632.823356
2021-11-05,SH601311,骆驼股份,13.82,42581210,1173146118,1173146118,1621287.935076
2021-11-05,SH601010,文峰股份,2.91,5260903,1848000000,1848000000,537768
2021-11-05,SZ300226,上海钢联,41.55,3520007,183852425,190930620,793316.7261
2021-11-05,SZ300227,光韵达,9.47,8881777,390399574,498421623,472005.276981
2021-11-05,SZ300228,富瑞特装,7.8,35253108,542887849,575406349,448816.95222
2021-11-05,SZ002590,万安科技,7.18,2545900,455553639,479646926,344386.492868
2021-11-05,SZ002587,奥拓电子,4.16,3031394,472921925,652044158,271250.369728
2021-11-05,SZ002589,瑞康医药,3.43,6044430,1146956754,1504710471,516115.691553
2021-11-05,SZ002588,史丹利,5.19,21591240,795587450,1156884000,600422.796
2021-11-05,SZ300231,银信科技,7.85,4601220,366470180,442100220,347048.6727
2021-11-05,SZ300230,永利股份,4.18,4868744,550095264,816206041,341174.125138
2021-11-05,SH601567,三星医疗,13.74,22095553,1386569053,1386569053,1905145.878822
2021-11-05,SZ300229,拓尔思,9.15,15547013,708705635,714756343,654002.053845
2021-11-05,SZ002591,恒大高新,5,3779000,216679971,300199484,150099.742
2021-11-05,SZ300233,金城医药,34.19,7836093,366754614,390289338,1334399.246622
2021-11-05,SZ300232,洲明科技,9,14244391,840815100,1094089477,984680.5293
2021-11-05,SH601798,蓝科高新,5.2,1423832,354528198,354528198,184354.66296
2021-11-05,SZ300234,开尔新材,7.18,14665506,331312763,511424086,367202.493748
2021-11-05,SZ002593,日上集团,3.65,5886381,467583880,808058029,294941.180585
2021-11-05,SZ002595,豪迈科技,28,3672278,533759584,800000000,2240000
2021-11-05,SZ300235,方直科技,9.73,6403040,115086451,167831090,163299.65057
2021-11-05,SZ300237,ST美晨,2.38,23931430,1439747834,1453072510,345831.25738
2021-11-05,SZ300236,上海新阳,41.12,5345801,309674198,313381402,1288624.325024
2021-11-05,SZ002594,比亚迪,314,19418326,1155058235,2861142855,89839885.647
2021-11-05,SH601058,赛轮轮胎,14.97,40992835,2558894450,3063484772,4586036.703684
2021-11-05,SZ300239,东宝生物,5.95,6019600,506913840,593602983,353193.774885
2021-11-05,SZ300240,飞力达,6.84,11269595,361204954,365559750,250042.869
2021-11-05,SZ300238,冠昊生物,16.57,1881562,265134082,265155701,439362.996557
2021-11-05,SZ002596,海南瑞泽,3.59,6817986,1041396268,1147580518,411981.405962
2021-11-05,SZ002598,山东章鼓,12.25,45435696,270107663,312000000,382200
2021-11-05,SZ002597,金禾实业,47.73,12422330,559482657,560909624,2677221.635352
2021-11-05,SZ000620,盈新发展,1.73,4062835,1896624195,1896690420,328127.44266
2021-11-05,SZ300241,瑞丰光电,7.79,22238418,440385656,684351838,533110.081802
2021-11-05,SZ300242,佳云科技,4.16,26101256,606100850,634555224,263974.973184
2021-11-05,SZ300243,瑞丰高材,13.09,2320070,188844832,232322851,304110.611959
2021-11-05,SZ002601,龙佰集团,26.43,18575187,1523377659,2381470256,6294225.886608
2021-11-05,SZ002600,领益智造,6.76,120146190,7003180219,7066491403,4776948.188428
2021-11-05,SZ002599,盛通股份,5.81,26785090,400326424,542266250,315056.69125
2021-11-05,SZ300246,宝莱特,16.64,935419,109491276,146091403,243096.094592
2021-11-05,SZ300245,天玑科技,8.24,2804703,309099557,313457493,258288.974232
2021-11-05,SZ300244,迪安诊断,33.28,5943651,483930293,620458296,2064885.209088
2021-11-05,SH600898,*ST美讯,4.79,904586,252523820,285380986,136697.492294
2021-11-05,SZ002603,以岭药业,16.25,8133584,1375998995,1670705376,2714896.236
2021-11-05,SZ002602,世纪华通,7.61,244832312,4869250597,7452556968,5671395.852648
2021-11-05,SZ300247,融捷健康,3.11,10170282,803027813,804040313,250056.537343
2021-11-05,SZ300248,新开普,7.92,7362353,404765198,481092495,381025.25604
2021-11-05,SZ300251,光线传媒,9.79,35174118,2786836404,2933608432,2872002.654928
2021-11-05,SZ300250,初灵信息,11.9,9773925,159338077,219989902,261787.98338
2021-11-05,SZ300249,依米康,6.53,3923400,319504718,437470194,285668.036682
2021-11-05,SZ002606,大连电瓷,8.36,26028330,407760538,439534220,367450.60792
2021-11-05,SZ002605,姚记科技,17.95,6407230,325473259,404450687,725988.983165
2021-11-05,SH601222,林洋能源,11.26,85698464,2060169156,2060169156,2319750.469656
2021-11-05,SZ002608,江苏国信,6.01,4425000,3778079704,3778079704,2270625.902104
2021-11-05,SH601901,方正证券,7.77,16830335,8232101395,8232101395,6396342.783915
2021-11-05,SZ002607,中公教育,9.59,61535904,1642547503,6167399389,5914536.014051
2021-11-05,SH601636,旗滨集团,14.54,94733286,2686216940,2686216940,3905759.43076
2021-11-05,SZ002610,ST爱康,4.73,759674162,4384866101,4479532523,2118818.883379
2021-11-05,SZ002609,捷顺科技,8.8,2060400,445048666,643999741,566719.77208
2021-11-05,SH601789,宁波建工,3.46,4509073,976091335,976091335,337727.60191
2021-11-05,SZ300253,卫宁健康,13.75,25619734,1806373660,2142429552,2945840.634
2021-11-05,SH601886,江河集团,6.12,5412344,1154050000,1154050000,706278.6
2021-11-05,SZ300252,金信诺,8.93,7488588,411404548,577153834,515398.373762
2021-11-05,SH600727,鲁北化工,9.41,28201359,439618037,528583135,497396.730035
2021-11-05,SZ300257,开山股份,17.22,3404047,818120008,993635018,1711039.500996
2021-11-05,SZ300256,星星科技,3.35,34912857,957818272,957936396,320908.69266
2021-11-05,SZ300254,仟源医药,6.06,1825920,212293955,227970921,138150.378126
2021-11-05,SZ300255,常山药业,6.66,8693660,681477550,934966878,622687.940748
2021-11-05,SZ300258,精锻科技,15.15,10125170,443668265,481770753,729882.690795
2021-11-05,SZ000981,山子高科,2.83,24804000,2574315600,4027989882,1139921.136606
2021-11-05,SH600057,厦门象屿,7.25,27990464,2137466567,2157454085,1564154.211625
2021-11-05,SZ002612,朗姿股份,38.3,26977785,251937727,442445375,1694565.78625
2021-11-05,SZ002613,北玻股份,3.2,4684457,570792785,937170000,299894.4
2021-11-05,SZ002611,东方精工,5.49,18237430,1090762037,1331938167,731234.053683
2021-11-05,SZ300259,新天科技,4.48,9211440,817222139,1175657958,526694.765184
2021-11-05,SZ300261,雅本化学,5.16,10528643,947606372,963309471,497067.687036
2021-11-05,SZ300260,新莱应材,44.72,6216283,150906516,226559307,1013173.220904
2021-11-05,SH601908,京运通,11,159651188,2414602861,2414602861,2656063.1471
2021-11-05,SH600681,百川能源,4.77,8908300,1361295934,1363010801,650156.152077
2021-11-05,SZ002615,哈尔斯,5.57,23415250,230897465,412180490,229584.53293
2021-11-05,SZ002614,奥佳华,11.33,7292489,447981235,630594078,714463.090374
2021-11-05,SZ300265,通光线缆,9.9,9336012,364637227,364971164,361321.45236
2021-11-05,SZ300262,*ST巴安,3.39,8264000,469021988,669766999,227051.012661
2021-11-05,SZ300263,隆华科技,10.7,32189848,767911745,914221304,978216.79528
2021-11-05,SZ300264,佳创视讯,9.34,175634872,337569775,413100000,385835.4
2021-11-05,SH601677,明泰铝业,29.45,22615511,682423960,682570060,2010168.8267
2021-11-05,SZ002618,丹邦退,2.57,20936850,547920000,547920000,140815.44
2021-11-05,SZ002616,长青集团,5.45,3771900,470205996,741942096,404358.44232
2021-11-05,SZ002617,露笑科技,15.69,78696816,1293638417,1603671326,2516160.310494
2021-11-05,SZ300267,尔康制药,3.95,16277674,1420174929,2062604870,814728.92365
2021-11-05,SZ300266,兴源环境,3.21,12452543,1548452440,1570907314,504261.247794
2021-11-05,SZ300268,*ST佳沃,22.78,3918786,133774275,174200000,396827.6
2021-11-05,SH601633,长城汽车,62.85,11385106,6079353682,9236694732,58052626.39062
2021-11-05,SZ002619,*ST艾格,1.57,40872543,1431362991,1844896231,289648.708267
2021-11-05,SZ002621,*ST美吉,3.68,2050800,795133833,826564688,304175.805184
2021-11-05,SH600633,浙数文化,7.68,34558799,1301923953,1301923953,999877.595904
2021-11-05,SZ002620,ST瑞和,5.46,4222805,309807969,378292000,206547.432
2021-11-05,SH601996,丰林集团,3.04,8408430,1145622800,1145622800,348269.3312
2021-11-05,SH600094,大名城,3.63,9016169,2276604962,2475325057,898542.995691
2021-11-05,SZ300270,中威电子,6.1,4024126,205109852,302806028,184711.67708
2021-11-05,SZ300269,联建光电,4.13,33172648,389921202,557509174,230251.288862
2021-11-05,SZ002623,亚玛顿,37.62,7190473,159573625,199062500,748873.125
2021-11-05,SH601669,中国电建,7.24,401034607,11144401540,15299035024,11076501.357376
2021-11-05,SZ002622,皓宸医疗,4.61,23448009,839975250,840000000,387240
2021-11-05,SH600313,农发种业,5.08,35188060,1019397107,1082198663,549756.920804
2021-11-05,SZ300271,华宇软件,11.54,67435322,719141466,829070973,956747.902842
2021-11-05,SZ300273,和佳退,4.47,8727961,627616520,792354216,354182.334552
2021-11-05,SH601100,恒立液压,88.59,8428879,1305360000,1305360000,11564184.24
2021-11-05,SZ002624,完美世界,18.59,116089678,1827288142,1939968404,3606401.263036
2021-11-05,SZ002626,金达威,29.5,2546973,616391927,616481927,1818621.68465
2021-11-05,SZ300275,梅安森,10.46,11744943,145871083,188220755,196878.90973
2021-11-05,SZ300274,阳光电源,155.78,16271440,1096142401,1485215984,23136694.598752
2021-11-05,SZ300272,开能健康,6.35,9331039,410934229,577171949,366504.187615
2021-11-05,SZ002628,成都路桥,3.07,3158500,743905203,758728215,232929.562005
2021-11-05,SZ002627,三峡旅游,5.35,2012811,535014785,738148117,394909.242595
2021-11-05,SZ002629,仁智股份,2.27,3290150,344592783,411948000,93512.196
2021-11-05,SZ002625,光启技术,21.9,38396411,1488294977,2154587862,4718547.41778
2021-11-05,SH601028,玉龙股份,17.09,4063000,783025760,783025760,1338191.02384
2021-11-05,SZ002631,德尔未来,6.87,5784787,654838815,658630244,452478.977628
2021-11-05,SZ002630,ST华西,2.23,19807169,971382252,1180800000,263318.4
2021-11-05,SZ002592,ST八菱,7.19,11765665,261277030,283331157,203715.101883
2021-11-05,SZ300276,三丰智能,3.79,42045255,943085850,1415510616,536478.523464
2021-11-05,SZ002632,道明光学,6.96,3971700,588350538,624599090,434720.96664
2021-11-05,SZ002633,申科股份,7.19,1140712,149418750,150000000,107850
2021-11-05,SZ300277,海联讯,8.18,5579082,334434875,335000000,274030
2021-11-05,SZ002636,金安国纪,13.76,11755492,723107222,728000000,1001728
2021-11-05,SZ002637,赞宇科技,14.6,5603606,395553475,470401000,686785.46
2021-11-05,SZ002638,勤上股份,1.72,12996200,996174723,1506156686,259058.949992
2021-11-05,SZ002635,安洁科技,15.14,27833073,415447658,687172674,1040379.428436
2021-11-05,SH601928,凤凰传媒,6.64,7707851,2544900000,2544900000,1689813.6
2021-11-05,SZ000719,中原传媒,6.96,2581493,667147543,1023203749,712149.809304
2021-11-05,SZ002639,雪人集团,7.85,25380420,558672142,674072767,529147.122095
2021-11-05,SZ002634,棒杰股份,4.56,2132376,370653542,459352513,209464.745928
2021-11-05,SZ002640,跨境通,2.36,41930431,1251354447,1558041330,367697.75388
2021-11-05,SZ002641,公元股份,4.43,3861143,1129730855,1235383866,547275.052638
2021-11-05,SH601555,东吴证券,8.4,25660392,3880518908,3880518908,3259635.88272
2021-11-05,SZ300278,华昌达,4.77,9452207,438939513,575716412,274616.728524
2021-11-05,SH601336,新华保险,38.36,8683393,2085439340,3119546600,11966580.7576
2021-11-05,SZ002642,荣联科技,4.52,7780000,584550517,667530313,301723.701476
2021-11-05,SZ002645,华宏科技,19.21,6901784,458107804,582441698,1118870.501858
2021-11-05,SZ002643,万润股份,21.01,8051195,895754460,930335215,1954634.286715
2021-11-05,SZ002644,佛慈制药,7.02,1027780,510657000,510657000,358481.214
2021-11-05,SZ002646,天佑德酒,19.05,9574764,450000000,472562974,900232.46547
2021-11-05,SZ002648,卫星化学,34.91,18286118,1714690489,1719641729,6003269.275939
2021-11-05,SZ002647,*ST仁东,7.61,31405236,559936650,559936650,426111.79065
2021-11-05,SZ300281,金明精机,5.33,4023300,397325912,418923580,223286.26814
2021-11-05,SZ300280,紫天退,29.89,6281100,160474169,162065744,484414.508816
2021-11-05,SZ300279,和晶科技,6.02,7675340,439614240,448941998,270263.082796
2021-11-05,SZ300282,三盛退,3.89,6057800,373568058,374306455,145605.210995
2021-11-05,SZ002650,ST加加,5.45,68460770,1151962500,1152000000,627840
2021-11-05,SZ002649,博彦科技,11.55,27518752,470453476,534029870,616804.49985
2021-11-05,SZ002651,利君股份,12.24,11523620,555887641,1033460000,1264955.04
2021-11-05,SZ300283,温州宏丰,6.94,15527756,298614485,437085230,303337.14962
2021-11-05,SZ300284,苏交科,5.75,3681868,643772044,1262827774,726125.97005
2021-11-05,SZ300286,安科瑞,24.1,6040213,173442979,214800125,517668.30125
2021-11-05,SZ300285,国瓷材料,44.7,1996785,788296561,1003810338,4487032.21086
2021-11-05,SZ002653,海思科,19,7846597,475962270,1073986220,2040573.818
2021-11-05,SZ002652,扬子新材,3.15,2181860,463727385,512064000,161300.16
2021-11-05,SZ300287,飞利信,4.49,96144208,1191858796,1435273808,644437.939792
2021-11-05,SZ300291,百纳千成,4.88,14592976,763490969,918996518,448470.300784
2021-11-05,SH601515,衢州东峰,6.45,24935074,1334415557,1535735689,990549.519405
2021-11-05,SZ300288,朗玛信息,12.47,22042151,248319391,337941402,421412.928294
2021-11-05,SZ300289,利德曼,6.69,9786400,413947185,544011487,363943.684803
2021-11-05,SZ300290,荣科科技,5.52,19799143,568305716,639237569,352859.138088
2021-11-05,SZ002655,共达电声,13.1,42749468,359854400,360000000,471600
2021-11-05,SZ002654,万润科技,3.45,6515100,764264090,859433963,296504.717235
2021-11-05,SH601231,环旭电子,14.6,16129991,2183702300,2209642272,3226077.71712
2021-11-05,SH601929,吉视传媒,1.85,21983470,3111135131,3111135131,575559.999235
2021-11-05,SZ002656,*ST摩登,2.75,14437708,596307002,712519844,195942.9571
2021-11-05,SZ002657,中科金财,10.03,2139647,284725693,337576686,338589.416058
2021-11-05,SZ300292,吴通控股,3.65,25967300,1049030315,1341764974,489744.21551
2021-11-05,SZ300293,蓝英装备,13.71,8099950,270000000,270000000,370170
2021-11-05,SZ300294,博雅生物,42.66,6614474,433324863,433324863,1848563.865558
2021-11-05,SZ002662,峰璟股份,3.89,53580072,1499981100,1500000000,583500
2021-11-05,SH601800,中国交建,7.03,45596759,11747235425,16165711425,11364495.131775
2021-11-05,SZ002658,雪迪龙,7.57,5162900,332728505,630030995,476933.463215
2021-11-05,SZ002659,凯文教育,3.33,5541900,588291419,598280384,199227.367872
2021-11-05,SZ300296,利亚德,9.74,118790223,1988702066,2542901478,2476786.039572
2021-11-05,SZ300295,三六五网,9.63,4986975,164697524,192287750,185173.10325
2021-11-05,SZ300297,蓝盾退,3.57,43329297,957799590,1249849118,446196.135126
2021-11-05,SZ002660,茂硕电源,7.17,3194900,211292047,274327707,196692.965919
2021-11-05,SZ002664,信质集团,18.5,8706973,392225363,404420000,748177
2021-11-05,SZ002663,普邦股份,1.72,6370648,1301614670,1795890452,308893.157744
2021-11-05,SZ002661,克明食品,12.36,17204820,330650279,337010083,416544.462588
2021-11-05,SZ300299,富春股份,4.99,25260821,647049690,691229485,344923.513015
2021-11-05,SZ300298,三诺生物,24.45,1913060,455079804,564768137,1380858.094965
2021-11-05,SZ300303,聚飞光电,6.04,51040116,1216263866,1342571366,810913.105064
2021-11-05,SZ300300,海峡创新,4.35,17892791,671303460,671396910,292057.65585
2021-11-05,SZ300304,云意电气,6.18,17483800,843869734,866036018,535210.259124
2021-11-05,SZ300302,同有科技,9.33,5224840,351029913,487971230,455277.15759
2021-11-05,SZ300301,ST长方,3.46,33860000,790108769,790108769,273377.634074
2021-11-05,SZ002665,ST航高,3.42,259727970,2453491369,2538720737,868242.492054
2021-11-05,SZ002666,德联集团,5.15,42311839,447666147,754329268,388479.57302
2021-11-05,SH601238,广汽集团,17.73,53932922,7156857116,10357578751,18363987.125523
2021-11-05,SZ300307,慈星股份,7.59,21796167,771764484,780541776,592431.207984
2021-11-05,SZ300305,裕兴股份,16.23,8992250,232595319,288753000,468646.119
2021-11-05,SZ300306,远方信息,8.99,2465800,151863330,268958778,241793.941422
2021-11-05,SZ002667,威领股份,20.71,9885010,231013000,231132000,478674.372
2021-11-05,SZ300308,中际旭创,34.93,5722297,686701671,800096281,2794736.309533
2021-11-05,SZ300309,吉艾退,3,51437523,845847268,886123765,265837.1295
2021-11-05,SH601012,隆基绿能,90,120233589,5412832855,5412952709,48716574.381
2021-11-05,SZ002669,康达新材,15.16,21701144,250850121,252492921,382779.268236
2021-11-05,SZ002668,TCL智家,5.33,3919089,964539516,1084111428,577831.391124
2021-11-05,SZ002670,国盛证券,9.16,8521206,1623350534,1935084653,1772537.542148
2021-11-05,SH601388,怡球资源,4.15,85424275,2016562052,2201514386,913628.47019
2021-11-05,SZ300311,ST任子行,7.16,38577773,534341848,673630150,482319.1874
2021-11-05,SZ300310,宜通世纪,4.65,14944816,691748996,881658531,409971.216915
2021-11-05,SZ300313,*ST天山,9.41,8956700,184179079,312977396,294511.729636
2021-11-05,SH603001,奥康国际,7.12,1528182,400980000,400980000,285497.76
2021-11-05,SZ002671,龙泉股份,3.73,2132300,454769005,566510368,211308.367264
2021-11-05,SZ002672,东江环保,6.87,1754866,679018377,879267102,604056.499074
2021-11-05,SH603000,人民网,13.59,13466101,1105691056,1105691056,1502634.145104
2021-11-05,SH603123,翠微股份,6.44,867125,575138195,798736665,514386.41226
2021-11-05,SZ002673,西部证券,7.74,19541224,4109194608,4469581705,3459456.23967
2021-11-05,SH603333,尚纬股份,7.18,16030400,516765682,516765682,371037.759676
2021-11-05,SZ002674,兴业科技,10.8,2231800,288866652,291862944,315211.97952
2021-11-05,SZ300314,戴维医疗,11.85,1539920,189354648,288000000,341280
2021-11-05,SZ300312,邦讯退,2.99,9652800,239094901,320040000,95691.96
2021-11-05,SZ300316,晶盛机电,79.01,16362066,1207585030,1285563394,10157236.375994
2021-11-05,SZ300317,珈伟新能,9.03,90988870,769108850,824283865,744328.330095
2021-11-05,SZ300315,掌趣科技,4.2,129672965,2632220771,2757484192,1158143.36064
2021-11-05,SH603002,宏昌电子,7.38,19209500,614411700,903875195,667059.89391
2021-11-05,SH603366,日出东方,5.06,42378833,800000000,822900000,416387.4
2021-11-05,SZ300321,同大股份,17.81,484722,83607670,88800000,158152.8
2021-11-05,SZ300319,麦捷科技,14.17,32113995,658437610,853642794,1209611.839098
2021-11-05,SZ300318,博晖创新,8.87,53631228,796481489,816900495,724590.739065
2021-11-05,SZ002677,浙江美大,16.04,3786964,417794594,646051647,1036266.841788
2021-11-05,SZ002676,顺威股份,5,16055065,719964834,720000000,360000
2021-11-05,SZ002675,东诚药业,15.82,27687789,734654125,802214326,1269103.063732
2021-11-05,SH603128,华贸物流,12.58,6284050,1309462971,1309462971,1647304.417518
2021-11-05,SZ002678,珠江钢琴,6.53,1291900,1357301692,1358320323,886983.170919
2021-11-05,SZ300323,华灿光电,11.47,13693996,909196330,1240236453,1422551.211591
2021-11-05,SZ300320,海达股份,11.79,49754271,493833224,601234191,708855.111189
2021-11-05,SZ300325,德威退,2.35,74104213,996533768,1005743085,236349.624975
2021-11-05,SZ002681,奋达科技,3.67,17539478,1135494982,1824667620,669653.01654
2021-11-05,SZ002679,福建金森,13.16,3273679,235756000,235756000,310254.896
2021-11-05,SZ300322,硕贝德,11.24,14762733,441804363,465746427,523498.983948
2021-11-05,SZ300324,旋极信息,3.45,29674371,1258030365,1727590595,596018.755275
2021-11-05,SH601965,中国汽研,18.11,4348192,967047967,989234957,1791504.507127
2021-11-05,SZ002683,广东宏大,29.62,17105899,644527927,749412187,2219758.897894
2021-11-05,SZ002682,龙洲股份,3.35,5289550,555132631,562368594,188393.47899
2021-11-05,SH601339,百隆东方,5.13,31727191,1500000000,1500000000,769500
2021-11-05,SZ002685,华东重机,3.82,5862840,813855134,1007690641,384937.824862
2021-11-05,SZ002684,猛狮退,6.09,8196400,470972525,567374389,345531.002901
2021-11-05,SZ300326,ST凯利,9.92,11278462,716562476,720146333,714385.162336
2021-11-05,SZ300327,中颖电子,64.2,7497659,306945220,310944802,1996265.62884
2021-11-05,SZ000722,湖南发展,7.59,11922226,464158282,464158282,352296.136038
2021-11-05,SZ300328,宜安科技,7.04,6056526,681416100,690423600,486058.2144
2021-11-05,SZ300329,海伦钢琴,11.62,16264815,252189481,252888780,293856.76236
2021-11-05,SZ300330,计通退,9.23,1767069,167954579,171157900,157978.7417
2021-11-05,SZ300332,天壕能源,10.45,101489992,840796896,880223246,919833.29207
2021-11-05,SZ300331,苏大维格,30.3,9093400,165423070,259662286,786776.72658
2021-11-05,SZ300333,兆日科技,7.11,5482765,333122567,336000000,238896
2021-11-05,SH600455,博通股份,20.49,3046634,62458000,62458000,127976.442
2021-11-05,SZ002686,亿利达,5.61,4609174,391727239,566239133,317660.153613
2021-11-05,SZ300334,津膜科技,8.76,5181200,298607235,302065356,264609.251856
2021-11-05,SH601608,中信重工,4.36,50878562,4339419293,4339419293,1891986.811748
2021-11-05,SZ300336,新文退,3.83,128819664,737605287,806230192,308786.163536
2021-11-05,SZ300335,迪森股份,5.39,19146100,282417362,372943350,201016.46565
2021-11-05,SZ002687,乔治白,6.73,13240000,278388000,350000000,235550
2021-11-05,SZ002688,金河生物,5.43,2497750,619363974,780422398,423769.362114
2021-11-05,SZ002689,ST远智,2.94,4173200,1040435508,1043310725,306733.35315
2021-11-05,SH603008,喜临门,26.67,3692043,387417787,387417787,1033243.237929
2021-11-05,SZ300337,银邦股份,4.75,11219264,709988557,821920000,390412
2021-11-05,SZ300339,润和软件,28.82,115791145,771463242,796410841,2295256.043762
2021-11-05,SZ300340,科恒股份,18.72,8643060,180567920,212144720,397134.91584
2021-11-05,SZ300342,天银机电,12.2,4223959,420070394,431778272,526769.49184
2021-11-05,SZ300338,ST开元,5.27,33235244,300881939,341184492,179804.227284
2021-11-05,SZ300341,麦克奥迪,10.13,4664700,509899111,510163336,516795.459368
2021-11-05,SZ002691,冀凯股份,4.07,2149380,339292817,340000000,138380
2021-11-05,SH603077,和邦生物,3.19,318224000,8831250228,8831250228,2817168.822732
2021-11-05,SZ002690,美亚光电,41.53,1006572,332537421,676000000,2807428
2021-11-05,SZ300343,ST联创,21.1,146874117,939001251,1156546046,2440312.15706
2021-11-05,SZ300345,华民股份,4.97,3678400,441295483,441295483,219323.855051
2021-11-05,SZ300344,*ST立方,5.46,12387448,345180673,641706416,350371.703136
2021-11-05,SZ000863,三湘印象,2.69,6833424,1189957094,1225208160,329580.99504
2021-11-05,SZ300346,南大光电,54.18,19825908,382137075,422181441,2287379.047338
2021-11-05,SH601038,一拖股份,13.01,10333605,593910000,1123645275,1461862.502775
2021-11-05,SZ002693,*ST双成,3.87,2121450,403416821,412000000,159444
2021-11-05,SZ002692,远程股份,2.87,3024240,678845400,718146000,206107.902
2021-11-05,SH603766,隆鑫通用,4.73,82219727,2053541850,2053541850,971325.29505
2021-11-05,SZ002694,顾地科技,2.79,4044060,529970011,597196800,166617.9072
2021-11-05,SZ300349,金卡智能,10.68,1483186,380542982,429054325,458230.0191
2021-11-05,SH603003,退市龙宇,6.52,2183520,402443494,402443494,262393.158088
2021-11-05,SZ300347,泰格医药,145.3,6753789,563313308,872466954,12676944.84162
2021-11-05,SZ300348,长亮科技,13.22,5408275,610976307,721000562,953162.742964
2021-11-05,SZ300350,华鹏飞,8.51,10269064,325997931,562012279,478272.449429
2021-11-05,SH603399,永杉锂业,7.02,25721281,508050649,508523649,356983.601598
2021-11-05,SH600705,中航产融,3.84,14524398,8887043152,8919974627,3425270.256768
2021-11-05,SZ002695,煌上煌,14.82,10982963,464357707,512430404,759421.858728
2021-11-05,SZ002696,百洋股份,5.4,5761295,345908986,349386910,188668.9314
2021-11-05,SZ002697,红旗连锁,5.11,18416505,1077660400,1360000000,694960
2021-11-05,SH603167,渤海轮渡,7.62,2352483,469144503,472581603,360107.181486
2021-11-05,SZ002698,博实股份,12.75,2626515,792158353,1022550000,1303751.25
2021-11-05,SZ002699,*ST美盛,4.6,97130011,909572725,909572725,418403.4535
2021-11-05,SZ300352,北信源,6.38,84943920,1209833148,1449824087,924987.767506
2021-11-05,SZ300351,永贵电器,10.12,7134482,253214502,383641857,388245.559284
2021-11-05,SZ300354,东华测试,35.58,3042500,78583182,138320201,492143.275158
2021-11-05,SZ002700,万憬能源,4.02,2589600,315955455,422426880,169815.60576
2021-11-05,SZ300355,蒙草生态,4.03,48936063,1307693448,1604242081,646509.558643
2021-11-05,SZ300353,东土科技,8.91,7047100,402258563,510980897,455283.979227
2021-11-05,SZ300356,光一退,3.31,9509900,388097005,407904620,135016.42922
2021-11-05,SH603993,洛阳钼业,5.49,240896477,17665772583,21599240583,11857983.080067
2021-11-05,SZ002701,奥瑞金,7.13,75463983,2423753337,2425967213,1729714.622869
2021-11-05,SZ002702,海欣食品,5.95,17066990,386155000,480760000,286052.2
2021-11-05,SZ000156,华数传媒,7.4,10047341,1280295337,1852932442,1371170.00708
2021-11-05,SZ002703,浙江世宝,5.65,28891897,553065952,789644637,446149.219905
2021-11-05,SZ000498,山东路桥,6.55,11247192,744852340,1558028003,1020508.341965
2021-11-05,SH600817,宇通重工,13.19,390400,184223317,539373371,711433.476349
2021-11-05,SZ000831,中国稀土,39.82,68840346,980888981,980888981,3905899.922342
2021-11-05,SZ000038,大通退,8.11,1197000,238177966,522777419,423972.486809
2021-11-05,SZ000622,恒立退,3.43,4130902,425226000,425226000,145852.518
2021-11-05,SZ000403,派林生物,32.66,6495001,536252466,732777597,2393251.631802
2021-11-05,SZ000681,视觉中国,14.54,50309936,604618098,700577436,1018639.591944
2021-11-05,SZ000757,浩物股份,4.06,4427800,511167338,664714511,269874.091466
2021-11-05,SH600556,天下秀,13.7,134559482,476080983,1807747642,2476614.26954
2021-11-05,SZ000657,中钨高新,13.26,19382834,947694430,1073863842,1423943.454492
2021-11-05,SZ000672,上峰水泥,17,9194800,813619871,813619871,1383153.7807
2021-11-05,SZ000688,国城矿业,9.2,8434891,1137303255,1137307631,1046323.02052
2021-11-05,SZ000820,*ST节能,3.37,6142600,287656170,637245222,214751.639814
2021-11-05,SH600698,湖南天雁,2.88,4553362,737575229,1064410032,306550.089216
2021-11-05,SZ000545,金浦钛业,3.76,30222267,985403096,986833096,371049.244096
2021-11-05,SZ000333,美的集团,70.75,18630632,6821688617,6981308571,49392758.139825
2021-11-05,SH600023,浙能电力,3.74,42040000,13600689988,13600689988,5086658.055512
2021-11-05,SH603699,纽威股份,9.87,4535879,750000000,750000000,740250
2021-11-05,SZ002708,光洋股份,5.53,2302000,395480560,487411076,269538.325028
2021-11-05,SZ300357,我武生物,53.1,1389047,471031292,523584000,2780231.04
2021-11-05,SZ300360,炬华科技,8.57,10554700,435942632,504387126,432259.766982
2021-11-05,SZ300359,全通教育,4.94,7304565,633183422,633663422,313029.730468
2021-11-05,SZ002706,良信股份,17.8,18462225,782822895,1019123653,1814040.10234
2021-11-05,SZ300358,楚天科技,21.38,17475370,516328493,566234642,1210609.664596
2021-11-05,SZ002705,新宝股份,26.2,17100297,822604310,826727780,2166026.7836
2021-11-05,SH603308,应流股份,21.65,4603380,683146921,683146921,1479013.083965
2021-11-05,SZ002712,思美传媒,4.66,11067680,574252007,581202488,270840.359408
2021-11-05,SZ300368,汇金股份,9.85,7740711,509559738,531943475,523964.322875
2021-11-05,SZ300373,扬杰科技,52.66,20221873,511201815,512400109,2698298.973994
2021-11-05,SZ002707,众信旅游,4.83,7390646,639983104,906329996,437757.388068
2021-11-05,SZ300365,恒华科技,13.86,15775450,348177392,599855469,831399.680034
2021-11-05,SZ002709,天赐材料,147.99,16159779,925585245,952563079,14096981.006121
2021-11-05,SZ300371,汇中股份,12.84,728700,110193402,167681080,215302.50672
2021-11-05,SZ300370,安控科技,2.36,11200158,941456581,957146344,225886.537184
2021-11-05,SH603555,ST贵人,2.75,9396580,1571505358,1571505358,432163.97345
2021-11-05,SZ300378,鼎捷数智,21.5,7099600,265866603,266431353,572827.40895
2021-11-05,SZ300375,鹏翎股份,4.11,4373166,628808508,711123166,292271.621226
2021-11-05,SZ300366,ST创意,16.93,94566179,402592740,607576150,1028626.42195
2021-11-05,SZ002721,金一文化,2.88,10941303,731152057,959925877,276458.652576
2021-11-05,SZ300376,易事特,9.8,74864498,2311445714,2313406476,2267138.34648
2021-11-05,SZ300377,赢时胜,10.09,15810414,600693379,752077080,758845.77372
2021-11-05,SH601225,陕西煤业,11.87,55814912,9695000000,9695000000,11507965
2021-11-05,SZ002722,物产金轮,15.39,3472683,175461023,175477298,270059.561622
2021-11-05,SZ002716,湖南白银,3.34,9822420,2006035815,2210479088,738300.015392
2021-11-05,SZ002718,友邦吊顶,11.53,388610,66356202,131447829,151559.346837
2021-11-05,SZ300379,东通退,34.05,46870915,427716893,455273832,1550207.39796
2021-11-05,SZ300380,安硕信息,15.4,746500,124357207,141009750,217155.015
2021-11-05,SZ300381,溢多利,10,2968100,476612665,490065136,490065.136
2021-11-05,SZ002714,牧原股份,58.21,43929419,3550086604,5263062415,30636286.317715
2021-11-05,SZ002719,麦趣尔,10.08,780301,161872295,174139457,175532.572656
2021-11-05,SZ300382,斯莱克,28.65,7626040,572567139,572624964,1640570.52186
2021-11-05,SZ002725,跃岭股份,6.2,1588580,195394647,256000000,158720
2021-11-05,SZ300363,博腾股份,79,9199129,447645167,544090533,4298315.2107
2021-11-05,SZ002723,小崧股份,14.86,6490520,249485775,269422300,400361.5378
2021-11-05,SZ300383,光环新网,13.9,23099916,1529869974,1543139921,2144964.49019
2021-11-05,SZ300369,绿盟科技,15.37,12895065,734335012,798347873,1227060.680801
2021-11-05,SZ300367,网力退,2.16,14704027,1061560717,1195772516,258286.863456
2021-11-05,SH603005,晶方科技,43.86,10534401,407213716,408077716,1789828.862376
2021-11-05,SH603288,海天味业,123.46,5895316,4212576170,4212576170,52008465.39482
2021-11-05,SZ002713,*ST东易,5.5,1176620,404745519,419536980,230745.339
2021-11-05,SZ002715,登云股份,11.36,402900,138000000,138000000,156768
2021-11-05,SZ002717,ST岭南,2.97,72994036,1125468988,1684406754,500268.805938
2021-11-05,SZ300386,飞天诚信,13.4,6153478,242205850,418044000,560178.96
2021-11-05,SZ002726,龙大美食,10.12,15832128,990657186,1078434291,1091375.502492
2021-11-05,SZ300385,雪浪环境,7.68,2406132,278188108,333145932,255856.075776
2021-11-05,SH603006,联明股份,9.95,5943302,191078186,254254250,252982.97875
2021-11-05,SH603328,依顿电子,6.96,3814500,998442611,998442611,694916.057256
2021-11-05,SH603168,莎普爱思,8.84,2415263,322592499,322592499,285171.769116
2021-11-05,SZ002727,一心堂,35.7,14884112,397163933,596180525,2128364.47425
2021-11-05,SZ300387,富邦科技,5.84,2056380,289057018,289789018,169236.786512
2021-11-05,SH603369,今世缘,55.11,16930431,1254500000,1254500000,6913549.5
2021-11-05,SH603009,北特科技,6.12,9439403,338408970,358730089,219542.814468
2021-11-05,SZ002728,特一药业,12.12,1834600,127172926,203590426,246751.596312
2021-11-05,SH603126,中材节能,8.01,13832504,610500000,610500000,489010.5
2021-11-05,SZ300390,天华新能,88.69,21165833,420673232,582880538,5169567.491522
2021-11-05,SZ300384,三联虹普,19.96,3564479,216837608,316631767,631997.006932
2021-11-05,SZ300388,节能国祯,7.14,1798680,697324714,698961785,499058.71449
2021-11-05,SZ300389,艾比森,8.49,5436702,163885245,318994173,270826.052877
2021-11-05,SZ300391,*ST长药,17.02,11335488,350336112,350336112,596272.062624
2021-11-05,SH603111,康尼机电,4.97,3544150,835983250,993275484,493657.915548
2021-11-05,SH603100,川仪股份,16.89,4949616,395000000,395000000,667155
2021-11-05,SH600385,退市金泰,6.13,606400,142773814,148107148,90789.681724
2021-11-05,SZ000751,锌业股份,3.61,28280261,1409868779,1409869279,508962.809719
2021-11-05,SH603609,禾丰股份,9.47,3611520,908562905,921960196,873096.305612
2021-11-05,SH603099,长白山,9.87,4014800,266670000,266670000,263203.29
2021-11-05,SH601579,会稽山,10.7,7819277,497360000,497360000,532175.2
2021-11-05,SH603806,福斯特,124.94,7072975,951103748,951103748,11883090.227512
2021-11-05,SH603188,亚邦股份,5.08,2318100,576000000,576000000,292608
2021-11-05,SZ300396,迪瑞医疗,16.36,441480,249541830,276030000,451585.08
2021-11-05,SZ300395,菲利华,58.85,2517503,314352732,337948844,1988828.94694
2021-11-05,SZ300392,腾信退,6.92,3572300,295520000,384000000,265728
2021-11-05,SZ300397,天和防务,14.81,7470320,432000000,517636745,766620.019345
2021-11-05,SZ002729,好利科技,44,1293320,89522301,93352000,410748.8
2021-11-05,SZ300393,中来股份,14.38,61312072,915617727,1089627358,1566884.140804
2021-11-05,SH603306,华懋科技,35.18,5094967,307019706,307019706,1080095.325708
2021-11-05,SH601016,节能风电,6.54,379768393,4480441681,5013052000,3278536.008
2021-11-05,SH600917,重庆燃气,8.21,7507200,1556000000,1571340000,1290070.14
2021-11-05,SZ300398,飞凯材料,19.15,12480813,509837402,516096282,988324.38003
2021-11-05,SZ300399,天利科技,10.25,1904917,194655168,197600000,202540
2021-11-05,SH603169,兰石重装,5.1,9804956,1051502526,1051502526,536266.28826
2021-11-05,SZ002730,电光科技,11.4,4857401,306624000,322674000,367848.36
2021-11-05,SZ300401,花园生物,13.04,8420536,526292058,551007557,718513.854328
2021-11-05,SH603010,万盛股份,22.3,23603604,483520414,485272654,1082158.01842
2021-11-05,SZ300402,宝色股份,33.67,27987200,202000000,202000000,680134
2021-11-05,SZ300400,劲拓股份,24.36,5771140,162337657,242625800,591036.4488
2021-11-05,SH603456,九洲药业,45.95,7599911,830229130,832596130,3825779.21735
2021-11-05,SH603018,华设集团,6.94,1435032,668620952,668620952,464022.940688
2021-11-05,SH603606,东方电缆,49.96,27525288,654111982,654111982,3267943.462072
2021-11-05,SZ300403,汉宇集团,5.96,4610424,402838733,603000000,359388
2021-11-05,SZ300405,科隆股份,10.6,11159654,151126198,222469156,235817.30536
2021-11-05,SZ300406,九强生物,14.92,3174573,333048406,588984300,878764.5756
2021-11-05,SH603688,石英股份,63.89,8747907,352978538,352978538,2255179.879282
2021-11-05,SH603988,中电电机,18.9,19115679,235200000,235200000,444528
2021-11-05,SZ002724,海洋王,16.33,4038424,364387158,779829726,1273461.942558
2021-11-05,SZ002731,ST萃华,6.44,0,239220940,256156000,164964.464
2021-11-05,SH601015,陕西黑猫,6.76,37935933,2042497639,2042497639,1380728.403964
2021-11-05,SH603019,中科曙光,28.84,22839610,1450728974,1463168974,4219779.321016
2021-11-05,SH603011,合锻智能,5.07,2618000,448949194,450708094,228509.003658
2021-11-05,SH603088,宁波精达,11.52,35241302,307328000,307328000,354041.856
2021-11-05,SH603166,福达股份,8.5,14501400,592018710,646208651,549277.35335
2021-11-05,SZ300407,凯发电气,7.89,2619104,210891547,305096381,240721.044609
2021-11-05,SZ002733,雄韬股份,17.64,10834344,365289279,384214913,677755.106532
2021-11-05,SZ300408,三环集团,41.18,9552702,1750801261,1816905952,7482018.710336
2021-11-05,SZ300409,道氏技术,25.77,22397311,436267761,578287181,1490246.065437
2021-11-05,SH603518,锦泓集团,11.89,3590660,296583303,296583303,352637.547267
2021-11-05,SZ002735,王子新材,17.07,394448,132181489,213486406,364421.295042
2021-11-05,SH603368,柳药集团,15.48,1469148,361466215,362359803,560932.975044
2021-11-05,SH603998,方盛制药,5.23,875600,429429720,429429720,224591.74356
2021-11-05,SZ002732,燕塘乳业,27.11,3252341,155912490,157350000,426575.85
2021-11-05,SH601969,海南矿业,12.85,25783115,1954720314,2021701729,2597886.721765
2021-11-05,SH601226,华电科工,5.32,60730892,1155000000,1167010000,620849.32
2021-11-05,SH603588,高能环境,15.35,6238990,1018812408,1062260625,1630570.059375
2021-11-05,SZ002736,国信证券,10.99,10768919,8827118644,9612429377,10564059.885323
2021-11-05,SH603636,南威软件,8.08,2183586,590793578,590793578,477361.211024
2021-11-05,SZ002738,中矿资源,55.58,10047934,292986702,322803345,1794140.99151
2021-11-05,SZ002737,葵花药业,14.15,2207900,584000000,584000000,826360
2021-11-05,SZ300412,迦南科技,8.16,2190500,222465494,257224900,209895.5184
2021-11-05,SZ300411,金盾股份,7.39,6614347,171678252,406520007,300418.285173
2021-11-05,SZ300410,正业科技,12.76,12939686,364396226,369172062,471063.551112
2021-11-05,SH603017,中衡设计,8.52,2531400,276505234,278514728,237294.548256
2021-11-05,SH603889,新澳股份,5.86,4355446,511746388,511746388,299883.383368
2021-11-05,SH603788,宁波高发,12.83,2798480,223065068,223065068,286192.482244
2021-11-05,SZ300413,芒果超媒,45.8,29287672,931356654,1870720815,8567901.3327
2021-11-05,SH601021,春秋航空,56.03,2139161,916462713,916462713,5134940.580939
2021-11-05,SZ300364,中文在线,7.4,74302970,632330968,727295310,538198.5294
2021-11-05,SZ300418,昆仑万维,21.89,77722438,1052081485,1196925810,2620070.59809
2021-11-05,SZ300419,ST浩丰,6.47,8062900,367753770,367753770,237936.68919
2021-11-05,SH601069,西部黄金,12.05,4305700,636000000,642663100,774409.0355
2021-11-05,SH603601,再升科技,11.55,2366439,724921324,724921324,837284.12922
2021-11-05,SZ300416,苏试试验,25.66,4922723,261781524,263741274,676760.109084
2021-11-05,SZ002739,万达电影,13.69,19464903,2148680953,2230725120,3053862.68928
2021-11-05,SZ002740,*ST爱迪,3.84,5708200,244979877,454061077,174359.453568
2021-11-05,SZ300417,南华仪器,11.26,2148910,82378151,137008376,154271.431376
2021-11-05,SH603600,永艺股份,10.2,660600,302512640,302512640,308562.8928
2021-11-05,SZ300415,伊之密,18,6716578,418266240,469626084,845326.9512
2021-11-05,SZ000166,申万宏源,5.35,127043127,22535507316,25039944560,13396370.3396
2021-11-05,SH603686,福龙马,12.4,2649100,415655737,415655737,515413.11388
2021-11-05,SH603678,火炬电子,74.3,7696876,459030092,459856892,3416736.70756
2021-11-05,SH603899,晨光股份,65.58,3655658,922010380,927745590,6084155.57922
2021-11-05,SZ002734,利民股份,10.02,887900,323888688,372519550,373264.5891
2021-11-05,SH603558,健盛集团,10.77,3318644,392942649,392942649,423199.232973
2021-11-05,SH603698,航天工程,14.74,2556487,535990000,535990000,790049.26
2021-11-05,SH603611,诺力股份,17.84,7203553,267184734,267184734,476657.565456
2021-11-05,SH603799,华友钴业,111.22,55240248,1210761526,1219734283,13565884.695526
2021-11-05,SZ002741,光华科技,22.4,5391105,338110223,393360743,881128.06432
2021-11-05,SZ300425,中建环能,4.67,13361649,671216941,675708786,315556.003062
2021-11-05,SZ002746,仙坛股份,7.36,19840728,709676227,860538727,633356.503072
2021-11-05,SZ300423,昇辉科技,12.39,6109209,310864742,498424190,617547.57141
2021-11-05,SZ002745,木林森,14.48,21070370,962758149,1484166399,2149072.945752
2021-11-05,SH603898,好莱客,10.86,998000,311277023,311277023,338046.846978
2021-11-05,SZ300420,五洋自控,3.67,22993940,1036894394,1116383561,409712.766887
2021-11-05,SZ300421,力星股份,24.18,11274334,185752026,247635404,598782.406872
2021-11-05,SZ002743,富煌钢构,6.55,9399095,417864664,435268478,285100.85309
2021-11-05,SZ300426,华智数媒,6.59,2657000,396913168,414771500,273334.4185
2021-11-05,SH603939,益丰药房,50,3312170,699118891,718765340,3593826.7
2021-11-05,SZ300422,博世科,8.19,2222614,381075267,504872458,413490.543102
2021-11-05,SZ300427,红相股份,13.16,5883022,319926264,360224062,474054.865592
2021-11-05,SZ300394,天孚通信,26.77,3913172,353095322,390511193,1045398.463661
2021-11-05,SH603618,杭电股份,7.94,55561054,691045431,691045431,548690.072214
2021-11-05,SH603222,济民健康,13.91,4220500,340743468,340743468,473974.163988
2021-11-05,SZ002742,*ST三圣,6.24,2387300,409725000,432000000,269568
2021-11-05,SH603118,共进股份,8.54,4705259,775733332,792133332,676481.865528
2021-11-05,SH601198,东兴证券,11.11,17004091,2757960657,3232445520,3591246.97272
2021-11-05,SH603828,ST柯利达,3.79,1248551,595939625,610460158,231364.399882
2021-11-05,SH603969,银龙股份,3.91,7904000,841000000,841000000,328831
2021-11-05,SH603997,继峰股份,11.05,23741996,860355769,1098661723,1214021.203915
2021-11-05,SH603309,维力医疗,13.02,8071264,260000000,260000000,338520
2021-11-05,SH603015,弘讯科技,7.13,5545500,404219000,404219000,288208.147
2021-11-05,SZ300433,蓝思科技,21.97,42107811,4960384394,4973479998,10926735.555606
2021-11-05,SH601689,拓普集团,53.89,11438892,1102046572,1102046572,5938928.976508
2021-11-05,SH603519,立霸股份,13.36,2089183,266327839,266327839,355813.992904
2021-11-05,SZ300430,诚益通,9.3,2272200,257193309,272008896,252968.27328
2021-11-05,SZ300374,中铁装配,11.15,1129040,189240974,245912337,274192.255755
2021-11-05,SZ002748,世龙实业,10.49,12811601,240000000,240000000,251760
2021-11-05,SZ300432,富临精工,41.01,36036196,725457267,743382248,3048610.599048
2021-11-05,SH603268,*ST松发,15.29,339640,124168800,124168800,189854.0952
2021-11-05,SZ300428,立中集团,17.08,11486219,197565043,616956965,1053762.49622
2021-11-05,SZ002747,埃斯顿,27.02,10628292,740496641,868638373,2347060.883846
2021-11-05,SZ002749,国光股份,8.28,611769,276958830,435634280,360705.18384
2021-11-05,SH603030,全筑股份,3.22,3226011,538136702,580052866,186777.022852
2021-11-05,SH603158,腾龙股份,14.55,7609530,302015680,350570933,510080.707515
2021-11-05,SH603012,创力集团,5.8,4564262,636560000,636560000,369204.8
2021-11-05,SH600958,东方证券,12.71,89148069,5736575803,6993655803,8888936.525613
2021-11-05,SZ300429,强力新材,12,6067955,366147582,515260201,618312.2412
2021-11-05,SZ002750,龙津退,7.22,2797897,398173701,400500000,289161
2021-11-05,SH603729,龙韵股份,10.42,1409440,93338000,93338000,97258.196
2021-11-05,SH603020,爱普股份,13,5656600,320000000,320000000,416000
2021-11-05,SH603338,浙江鼎力,72,5157256,485485571,485485571,3495496.1112
2021-11-05,SH603199,九华旅游,19.58,613999,110680000,110680000,216711.44
2021-11-05,SZ300435,中泰股份,16.78,13650799,291459995,378190300,634603.3234
2021-11-05,SH603869,ST智知,8.92,2766525,504500508,504500508,450014.453136
2021-11-05,SZ002752,昇兴股份,5.37,3598695,974975666,976918468,524605.217316
2021-11-05,SZ300449,汉邦高科,6.66,5581920,251097849,298258899,198640.426734
2021-11-05,SZ300436,广生堂,28.78,339500,114011326,158777000,456960.206
2021-11-05,SZ300424,航新科技,14.08,3799644,200529540,239888546,337763.072768
2021-11-05,SZ300447,全信股份,20.45,4751880,173906443,312388375,638834.226875
2021-11-05,SH603808,歌力思,15.14,6817909,332515611,369092878,558806.617292
2021-11-05,SZ300443,金雷股份,73.8,17762347,182772843,261753484,1931740.71192
2021-11-05,SZ300439,美康生物,18.88,1848300,277352933,382999815,723103.65072
2021-11-05,SH603025,大豪科技,27.24,5027699,921890711,926101711,2522701.060764
2021-11-05,SH603818,曲美家居,8.3,994035,580395546,580395546,481728.30318
2021-11-05,SZ300444,双杰电气,7.47,68710447,516981798,725255525,541765.877175
2021-11-05,SZ300440,运达科技,10.28,19972215,441913715,447900000,460441.2
2021-11-05,SZ300437,清水源,42.77,49141229,152772246,234024746,1000923.838642
2021-11-05,SH603883,老百姓,46.8,2334307,407985259,408673661,1912592.73348
2021-11-05,SZ300446,航天智造,8.1,1317817,197728816,202620000,164122.2
2021-11-05,SH603703,盛洋科技,15.77,0,298610000,298610000,470907.97
2021-11-05,SZ300441,鲍斯股份,9.42,13527934,627587041,657189708,619072.704936
2021-11-05,SH603021,ST华鹏,4.28,1562899,319948070,319948070,136937.77396
2021-11-05,SZ300404,博济医药,12.67,7844400,151571588,261322325,331095.385775
2021-11-05,SZ300448,浩云科技,6.34,7230327,459826041,684095079,433716.280086
2021-11-05,SZ002751,易尚退,23.72,22160006,126171931,154529613,366544.242036
2021-11-05,SZ300438,鹏辉能源,37.18,20744319,322161083,426018921,1583938.348278
2021-11-05,SH603567,珍宝岛,15.61,1360100,849160000,849160000,1325538.76
2021-11-05,SZ300434,金石亚药,8.69,955500,321997684,401743872,349115.424768
2021-11-05,SH603318,水发燃气,7.29,11527528,378011155,378011155,275570.131995
2021-11-05,SZ300442,润泽科技,39.45,187800,99195625,100000000,394500
2021-11-05,SH603315,福鞍股份,24.6,5821810,219950901,307026264,755284.60944
2021-11-05,SZ300445,康斯特,12.97,629840,135508783,212430013,275521.726861
2021-11-05,SH603789,*ST星农,12.74,9601130,260000000,260000000,331240
2021-11-05,SH600959,江苏有线,2.96,16521258,4527241146,5000717686,1480212.435056
2021-11-05,SZ300414,中光防雷,11.09,10098611,307896067,325197466,360643.989794
2021-11-05,SH603355,莱克电气,23.89,1055432,563992100,575025500,1373735.9195
2021-11-05,SH603599,广信股份,35.98,5235273,461505858,464649135,1671807.58773
2021-11-05,SZ300457,赢合科技,33.99,23093806,468474274,649537963,2207779.536237
2021-11-05,SZ300456,赛微电子,23.78,10696603,366130355,729979072,1735890.233216
2021-11-05,SZ300451,创业慧康,8.48,26050618,1310767030,1549787692,1314219.962816
2021-11-05,SH603718,海利生物,13.3,3871201,644000000,644000000,856520
2021-11-05,SH603227,雪峰科技,5.31,5001500,658700000,724570000,384746.67
2021-11-05,SZ300452,山河药辅,14.76,2625100,141182855,180467070,266369.39532
2021-11-05,SZ300459,汤姆猫,4.92,692420450,2852779712,3515810939,1729778.981988
2021-11-05,SZ300453,三鑫医疗,12.15,3271350,269009582,394027500,478743.4125
2021-11-05,SZ300455,航天智装,9.82,3032817,555906626,717767936,704848.113152
2021-11-05,SZ300458,全志科技,66.34,21929455,260457671,331000757,2195859.021938
2021-11-05,SZ002755,奥赛康,10.83,1402298,353684139,928160351,1005197.660133
2021-11-05,SH603989,艾华集团,41,8236277,399514386,399514386,1638008.9826
2021-11-05,SZ002756,永兴材料,95.33,11575614,264723810,405950150,3869922.77995
2021-11-05,SZ300460,ST惠伦,20.2,12254127,235583880,276004251,557528.58702
2021-11-05,SH603968,醋化股份,14.73,3105700,204480000,204480000,301199.04
2021-11-05,SH603311,金海高科,9.55,610100,210000000,210000000,200550
2021-11-05,SZ300450,先导智能,84.42,12452109,1450810383,1565141016,13212920.457072
2021-11-05,SH603022,新通联,11.04,304384,200000000,200000000,220800
2021-11-05,SH603566,普莱柯,18.3,2775123,321496000,321496000,588337.68
2021-11-05,SZ002753,永东股份,7.92,5728437,242549036,375439660,297348.21072
2021-11-05,SZ300461,田中精机,19.27,1656300,70578117,130404000,251288.508
2021-11-05,SZ002758,浙农股份,10.12,1904400,195027502,487992939,493848.854268
2021-11-05,SZ002757,南兴股份,14.13,2585421,277881194,295455913,417479.205069
2021-11-05,SH603108,润达医疗,10.13,3936264,579538095,579538095,587072.090235
2021-11-05,SH603885,吉祥航空,15.5,4506341,1797013477,1966144157,3047523.44335
2021-11-05,SZ300468,四方精创,16.44,6044206,282390614,283291058,465730.499352
2021-11-05,SH603023,威帝股份,3.64,1368028,562079807,562079807,204597.049748
2021-11-05,SH603598,引力传媒,8.7,5593854,267862900,267862900,233040.723
2021-11-05,SZ300462,ST华铭,11.16,2174700,136475741,188265025,210103.7679
2021-11-05,SZ300467,迅游科技,13.99,8748764,147938412,203204897,284283.650903
2021-11-05,SZ002759,天际股份,33.08,22549095,402109817,402152567,1330320.691636
2021-11-05,SH603568,伟明环保,26.86,1288976,1256542551,1256542551,3375073.291986
2021-11-05,SZ300466,赛摩智能,5.48,10014640,419986257,535529908,293470.389584
2021-11-05,SZ300465,高伟达,10.11,11903633,446762257,446762257,451676.641827
2021-11-05,SH603669,灵康药业,8.02,896032,721166988,721166988,578375.924376
2021-11-05,SH603918,金桥信息,6.8,2938692,363642978,366746078,249387.33304
2021-11-05,SH603198,迎驾贡酒,58.7,10498323,800000000,800000000,4696000
2021-11-05,SZ300463,迈克生物,28.66,4946191,403031513,556828910,1595871.65606
2021-11-05,SH603300,海南华铁,9.31,9724240,879824877,902706505,840419.756155
2021-11-05,SH603901,永创智能,14.59,3448900,479852557,488500811,712722.683249
2021-11-05,SH603026,石大胜华,178.78,16057925,202680000,202680000,3623513.04
2021-11-05,SZ300464,星徽股份,7.78,6277671,300907726,353122175,274729.05215
2021-11-05,SZ300475,香农芯创,22.45,2014770,420000000,420000000,942900
2021-11-05,SZ300478,杭州高新,9.46,8754889,126673000,128748000,121795.608
2021-11-05,SZ300477,ST合纵,8.77,49490522,603003933,1077127567,944640.876259
2021-11-05,SH601985,中国核电,6.66,270433821,17069011700,17516772893,11666170.746738
2021-11-05,SZ002762,*ST金比,12.68,53624049,195794313,354025000,448903.7
2021-11-05,SZ002761,浙江建投,7.15,1039084,243338000,1081340098,773158.17007
2021-11-05,SZ002763,汇洁股份,8.37,4166389,197791700,410025000,343190.925
2021-11-05,SZ002766,索菱股份,4.53,1830200,295476352,421754014,191054.568342
2021-11-05,SZ300471,厚普股份,25.68,34394795,337214725,364720000,936600.96
2021-11-05,SZ300472,*ST新元,21.88,52670745,229070450,266621121,583367.012748
2021-11-05,SZ002760,凤形股份,25.22,3928162,87980930,107988706,272347.516532
2021-11-05,SZ300469,信息发展,14.17,14370892,184850857,205135376,290676.827792
2021-11-05,SH603066,音飞储存,7.42,1213920,300702900,300702900,223121.5518
2021-11-05,SH601968,宝钢包装,9.52,3158700,837523300,1132807440,1078432.68288
2021-11-05,SZ300476,胜宏科技,27.53,14528036,766333444,777561455,2140626.685615
2021-11-05,SH603616,韩建河山,5.17,2437029,293360000,381368000,197167.256
2021-11-05,SZ300479,神思电子,14.2,10626113,169555237,169555237,240768.43654
2021-11-05,SH601368,绿城水务,4.81,1366857,860284977,882973077,424710.050037
2021-11-05,SZ002767,先锋电子,13.05,707550,125059106,150000000,195750
2021-11-05,SZ300473,德尔股份,20.15,1529949,111823164,134917527,271858.816905
2021-11-05,SZ300470,中密控股,41.92,5175444,195237025,208171277,872653.993184
2021-11-05,SZ002765,蓝黛科技,8.34,51473032,405756342,575175290,479696.19186
2021-11-05,SZ300485,赛升药业,11.66,3920069,262986132,481666400,561623.0224
2021-11-05,SZ002773,康弘药业,18.8,7580586,690923044,919463954,1728592.23352
2021-11-05,SH601211,国泰海通,16.92,22413062,7427622353,8908449523,15073096.592916
2021-11-05,SZ002776,*ST柏龙,3.86,55824547,537989106,537989106,207663.794916
2021-11-05,SZ002772,众兴菌业,7.88,17762000,266196224,412644082,325163.536616
2021-11-05,SZ002771,真视通,9.52,1003217,202875302,209764100,199695.4232
2021-11-05,SZ002769,普路通,5.67,2157599,263742522,373318054,211671.336618
2021-11-05,SH603116,红蜻蜓,5.4,2082820,576200800,576200800,311148.432
2021-11-05,SZ002775,文科股份,3.45,1817924,446111778,512767053,176904.633285
2021-11-05,SH603117,万林物流,3.41,2980020,633144502,633144502,215902.275182
2021-11-05,SH603589,口子窖,65.46,20161051,600000000,600000000,3927600
2021-11-05,SZ300482,万孚生物,35.09,3827204,320418148,444952207,1561337.294363
2021-11-05,SZ300483,首华燃气,19.53,10043001,215346700,268531716,524442.441348
2021-11-05,SH603223,恒通股份,29.58,1462800,282240000,282240000,834865.92
2021-11-05,SH603979,金诚信,18.67,7384006,593964099,593964099,1108930.972833
2021-11-05,SZ002768,国恩股份,24.16,1203072,176748125,271250000,655340
2021-11-05,SH603085,天成自控,6.34,3163070,370225434,370225434,234722.925156
2021-11-05,SZ300486,东杰智能,10.65,994300,377923206,406509381,432932.490765
2021-11-05,SZ300481,濮阳惠成,21.12,1399900,257059500,294303447,621568.880064
2021-11-05,SZ002770,科迪退,2.24,68098172,604841622,1094867797,245250.386528
2021-11-05,SZ300488,恒锋工具,33.82,7300737,136696623,165679281,560327.328342
2021-11-05,SZ300489,光智科技,21.98,1744780,135427500,136125000,299202.75
2021-11-05,SH603838,*ST四通,7.16,1965230,284816000,320016000,229131.456
2021-11-05,SZ300487,蓝晓科技,74.69,1894933,128223593,219784718,1641572.058742
2021-11-05,SZ300480,光力科技,28.23,4344893,167663540,269639012,761190.930876
2021-11-05,SZ002506,协鑫集成,4.04,72623976,5847813427,5855502667,2365623.077468
2021-11-05,SZ000520,凤凰航运,3.24,9786500,1012083455,1012083455,327915.03942
2021-11-05,SZ300498,温氏股份,16.77,64144300,4829233636,6351792072,10651955.304744
2021-11-05,SH601155,新城控股,29.6,27932788,2254389786,2260597986,6691370.03856
2021-11-05,SZ002779,中坚科技,13.48,1367850,118434525,132000000,177936
2021-11-05,SZ002780,三夫户外,16.16,956055,115117346,157587486,254661.377376
2021-11-05,SH603398,*ST沐邦,15.87,23737420,296382800,342634507,543760.962609
2021-11-05,SH603936,博敏电子,13.73,16543195,505012097,511012097,701619.609181
2021-11-05,SZ002783,凯龙股份,8.75,4326029,327168573,381730334,334014.04225
2021-11-05,SH603696,安记食品,9.67,4627182,235200000,235200000,227438.4
2021-11-05,SH603999,读者传媒,4.89,2846240,576000000,576000000,281664
2021-11-05,SZ300496,中科创达,142.8,6367673,319950211,425051882,6069740.87496
2021-11-05,SZ300493,润欣科技,7,7441506,477068962,486568962,340598.2734
2021-11-05,SH603800,洪田股份,18.96,2122100,208000000,208000000,394368
2021-11-05,SZ300497,富祥药业,16.29,73392008,445443682,550004834,895957.874586
2021-11-05,SZ002781,奇信退,5.85,1619800,223926796,225000000,131625
2021-11-05,SH603866,桃李面包,32.43,6064841,952213783,952213783,3088029.298269
2021-11-05,SH603996,退市中新,3.4,5577500,300150000,300150000,102051
2021-11-05,SZ002782,可立克,14.45,20113521,468734227,476901227,689122.273015
2021-11-05,SZ300495,*ST美尚,2.59,9683168,505466572,674279488,174638.387392
2021-11-05,SZ300492,华图山鼎,49.18,311840,109619324,141047370,693670.96566
2021-11-05,SZ002786,银宝山新,6.15,3948519,494112000,495612000,304801.38
2021-11-05,SZ002785,万里石,29.25,7101900,162832866,200000000,585000
2021-11-05,SH603508,思维列控,20.12,1134832,227671630,272452629,548174.689548
2021-11-05,SZ001979,招商蛇口,9.51,38332668,7921720146,7923242592,7535003.704992
2021-11-05,SZ002777,久远银海,18.31,2023000,307298356,314023876,574977.716956
2021-11-05,SH603299,苏盐井神,8.64,24348937,559440000,774379748,669064.102272
2021-11-05,SZ002787,华源控股,5.35,1640588,178873047,315975411,169046.844885
2021-11-05,SH603778,国晟科技,4.22,10601125,642857142,642857142,271285.713924
2021-11-05,SZ300494,盛天网络,17.53,36657433,172640746,240000000,420720
2021-11-05,SZ300491,通合科技,19.2,11702040,124369807,159312928,305880.82176
2021-11-05,SZ300490,华自科技,21.29,28531132,302957802,309570947,659076.546163
2021-11-05,SZ002778,中晟高科,17.78,1395715,124753300,124753300,221811.3674
2021-11-05,SZ300499,高澜股份,17.25,47970904,239149148,279308845,481807.757625
2021-11-05,SZ300501,海顺新材,17.44,1189808,86732556,193711505,337832.86472
2021-11-05,SZ300500,启迪设计,18.49,5342350,155490918,174139024,321983.055376
2021-11-05,SH603377,ST东时,8.09,9628728,727836901,727836901,588820.052909
2021-11-05,SH601900,南方传媒,7.42,1947640,895876566,895876566,664740.411972
2021-11-05,SZ002788,鹭燕医药,7.02,1556508,378664774,388516736,272738.748672
2021-11-05,SH603608,天创时尚,5.4,1468360,428924090,428924090,231619.0086
2021-11-05,SZ300502,新易盛,29.65,8618778,439115229,507086219,1503510.639335
2021-11-05,SH603027,千禾味业,26.13,21209082,794566246,798782158,2087217.778854
2021-11-05,SZ002790,瑞尔特,7.35,9154350,255510400,418329000,307471.815
2021-11-05,SZ300503,昊志机电,13.74,9349670,217663020,306072836,420544.076664
2021-11-05,SH603520,司太立,58.6,4377110,244426421,245016871,1435798.86406
2021-11-05,SH603919,金徽酒,33.67,5250694,491307141,507259997,1707944.409899
2021-11-05,SZ002789,*ST建艺,10.7,1332400,87011734,159623514,170797.15998
2021-11-05,SZ300505,川金诺,36.29,13620446,101358423,142965158,518820.558382
2021-11-05,SH601020,华钰矿业,13.87,17937100,555223582,555223582,770095.108234
2021-11-05,SH603861,白云电器,8.98,4251920,420683628,446958262,401368.519276
2021-11-05,SZ300484,蓝海华腾,15.69,11263700,153044978,208000000,326352
2021-11-05,SZ300506,ST名家汇,8.77,58152822,487907496,655045776,574475.145552
2021-11-05,SZ002792,通宇通讯,15.39,1461932,177403005,337840200,519936.0678
2021-11-05,SZ002791,坚朗五金,140.09,1500026,160789659,321540000,4504453.86
2021-11-05,SH603028,赛福天,10.57,5074377,287040000,287040000,303401.28
2021-11-05,SZ300474,景嘉微,154.18,8605297,159348581,301237772,4644483.968696
2021-11-05,SH603798,康普顿,9.87,2206900,200000000,200000000,197400
2021-11-05,SH603701,德宏股份,7.93,2967746,261361901,261361901,207259.987493
2021-11-05,SZ002793,罗欣药业,9.54,2284854,382308760,1463955920,1396613.94768
2021-11-05,SH603868,飞科电器,42.41,1023764,435600000,435600000,1847379.6
2021-11-05,SZ300508,维宏股份,43.51,2481444,45291328,90912000,395558.112
2021-11-05,SH603726,朗迪集团,13.15,952512,185651200,185651200,244131.328
2021-11-05,SZ300509,新美星,5.69,2774398,168124267,296400000,168651.6
2021-11-05,SH603029,天鹅股份,12.32,326492,93340000,93340000,114994.88
2021-11-05,SH603822,ST嘉澳,43.9,3713034,73362532,73362532,322061.51548
2021-11-05,SZ002795,永和智控,11.11,5253600,141524563,200000000,222200
2021-11-05,SZ300507,苏奥传感,8.27,6701488,270630492,494705567,409121.503909
2021-11-05,SH603528,多伦科技,6.37,2182800,624111819,626529819,399099.494703
2021-11-05,SZ300511,雪榕生物,7.96,21849480,315980087,441918607,351767.211172
2021-11-05,SZ300510,金冠股份,7.5,40162819,822226755,828623861,621467.89575
2021-11-05,SH603101,汇嘉时代,6.36,8942408,470400000,470400000,299174.4
2021-11-05,SZ002796,世嘉科技,9.06,6016233,221067737,252426948,228698.814888
2021-11-05,SZ002797,第一创业,7.04,52695645,4132400000,4202400000,2958489.6
2021-11-05,SH603779,威龙股份,7.36,3477080,305450232,332749154,244903.377344
2021-11-05,SH603959,百利科技,16.13,12018446,490298992,490298992,790852.274096
2021-11-05,SH603339,四方科技,10.92,1733208,309441175,309441175,337909.7631
2021-11-05,SZ002798,帝欧水华,13.79,8051164,226196545,386893064,533525.535256
2021-11-05,SZ300512,中亚股份,14.65,666712,216715647,273540000,400736.1
2021-11-05,SZ002800,天顺股份,13.15,890418,100264063,108752191,143009.131165
2021-11-05,SZ300513,恒实科技,11.93,17605152,245109723,313691155,374233.547915
2021-11-05,SZ300516,久之洋,31.36,2021130,180000000,180000000,564480
2021-11-05,SH603737,三棵树,133.85,3239056,364973822,376437486,5038615.75011
2021-11-05,SH601611,中国核建,8.96,38049250,2625028118,2648934418,2373445.238528
2021-11-05,SH603131,上海沪工,23.63,3621378,297367914,317981408,751390.067104
2021-11-05,SZ002799,环球印务,10.46,1953220,251995800,252000000,263592
2021-11-05,SZ300515,三德科技,10.59,2204306,178336775,205869500,218015.8005
2021-11-05,SH601127,赛力斯,67.4,9644911,976171025,1359920890,9165866.7986
2021-11-05,SZ002801,微光股份,18.19,2828850,113380800,229632000,417700.608
2021-11-05,SZ300518,新迅达,43.3,2299000,93311853,101740600,440536.798
2021-11-05,SZ300519,新光药业,15.07,684600,114100000,160000000,241120
2021-11-05,SH603909,建发合诚,13.58,1146920,200517800,200517800,272303.1724
2021-11-05,SH603958,哈森股份,6.19,1246300,217360000,217360000,134545.84
2021-11-05,SZ002802,洪汇新材,19.58,417900,106366594,107871000,211211.418
2021-11-05,SH603016,新宏泰,21.65,1968916,148160000,148160000,320766.4
2021-11-05,SZ300521,爱司凯,12.55,1209700,143999055,144000000,180720
2021-11-05,SZ300522,世名科技,16.7,1766698,182347779,270160605,451168.21035
2021-11-05,SH601966,玲珑轮胎,41.67,15054828,1356490012,1373512412,5723426.220804
2021-11-05,SZ002805,丰元股份,38.82,15671150,97209675,177932205,690732.81981
2021-11-05,SZ300520,科大国创,19.08,5932300,214256566,243885860,465334.22088
2021-11-05,SH603069,海汽集团,14.62,2388600,316000000,316000000,461992
2021-11-05,SZ002803,吉宏股份,16.28,11261330,283557403,387480088,630817.583264
2021-11-05,SZ300517,海波重科,12.93,1858068,112550613,192168933,248474.430369
2021-11-05,SZ300525,博思软件,20.48,4071984,303924625,395405087,809789.618176
2021-11-05,SZ002806,华锋股份,14.22,13656103,126094015,190204800,270471.2256
2021-11-05,SZ300523,辰安科技,21.07,660700,230399407,232637638,490167.503266
2021-11-05,SH603322,超讯通信,11.78,831720,156520000,160150000,188656.7
2021-11-05,SH603663,三祥新材,19,1883036,203218244,214952162,408409.1078
2021-11-05,SH600919,江苏银行,6.32,79718961,14679864601,14769626434,9334403.906288
2021-11-05,SZ300529,健帆生物,50.94,5428374,514238283,805465802,4103042.795388
2021-11-05,SZ300526,中潜退,20.55,5000622,204232759,204248968,419731.62924
2021-11-05,SZ300527,ST应急,10.33,54316103,963200478,963204828,994990.587324
2021-11-05,SZ300528,幸福蓝海,5.32,1796820,372608054,372608054,198227.484728
2021-11-05,SH601811,新华文轩,8.23,689761,791903900,1233841000,1015451.143
2021-11-05,SH600977,中国电影,11.74,8854540,1867000000,1867000000,2191858
2021-11-05,SZ300530,领湃科技,37.68,835300,118008683,158139450,595869.4476
2021-11-05,SZ300531,优博讯,19.5,10775800,304133029,331047670,645542.9565
2021-11-05,SH603569,长久物流,6.28,627160,560277716,560277716,351854.405648
2021-11-05,SZ300535,达威股份,13.92,713635,83990408,103861093,144574.641456
2021-11-05,SH603159,上海亚虹,15.95,1823729,140000000,140000000,223300
2021-11-05,SZ002808,*ST恒久,7.08,2903283,171372446,268800000,190310.4
2021-11-05,SH600936,北投科技,2.57,2607859,1671026239,1671026239,429453.743423
2021-11-05,SH601997,贵阳银行,6.5,9865034,3560309914,3656198076,2376528.7494
2021-11-05,SH601595,上海电影,9.71,1640956,448200000,448200000,435202.2
2021-11-05,SH603986,兆易创新,167.31,13672547,615911135,665732049,11138362.911819
2021-11-05,SZ300532,今天国际,9.99,14973396,176273129,285889967,285604.077033
2021-11-05,SZ300533,冰川网络,16.74,2492272,100420154,150833400,252495.1116
2021-11-05,SH603515,欧普照明,19.3,2306688,753758682,754210692,1455626.63556
2021-11-05,SH603031,安孚科技,34.63,414460,112000000,112000000,387856
2021-11-05,SZ300540,蜀道装备,27.86,5594358,91966876,124691993,347391.892498
2021-11-05,SZ002809,红墙股份,9.33,886655,134047836,206729412,192878.541396
2021-11-05,SZ002810,山东赫达,54.17,1929957,314292681,341381040,1849261.09368
2021-11-05,SH603007,*ST花王,3.06,2703200,333389561,335732761,102734.224866
2021-11-05,SZ300538,同益股份,25.17,1438880,79885422,151598811,381574.207287
2021-11-05,SZ300537,广信材料,17.17,11475559,132954832,193027584,331428.361728
2021-11-05,SZ300539,横河精密,6.99,2245034,113697114,222139421,155275.455279
2021-11-05,SH603090,宏盛股份,20.59,4346894,100000000,100000000,205900
2021-11-05,SH603658,安图生物,57.48,5659743,586272256,586272256,3369892.927488
2021-11-05,SZ002807,江阴银行,3.73,8276560,2169436191,2172009274,810159.459202
2021-11-05,SH603843,*ST正平,3.72,4930880,560004200,699623237,260259.844164
2021-11-05,SZ002811,郑中设计,7.91,759700,239078674,270023367,213588.483297
2021-11-05,SZ300543,朗科智能,14.45,11846777,207852599,268172388,387509.10066
2021-11-05,SH601163,三角轮胎,12.99,1568671,800000000,800000000,1039200
2021-11-05,SH603393,新天然气,27.02,21121499,376127962,423921327,1145435.425554
2021-11-05,SH603067,振华股份,13.2,13130295,431200000,508416166,671109.33912
2021-11-05,SZ300541,先进数通,11.98,5966585,249802911,307458298,368335.041004
2021-11-05,SZ300534,陇神戎发,5.48,1840500,300930371,303345000,166233.06
2021-11-05,SZ002812,恩捷股份,268.32,11924357,742446181,892405996,23945037.684672
2021-11-05,SH603189,网达软件,18.38,9147311,220800000,269548349,495429.865462
2021-11-05,SH601500,通用股份,5.23,1888400,872290090,1074796667,562118.656841
2021-11-05,SZ300542,新晨科技,13.14,16519578,240440513,300083479,394309.691406
2021-11-05,SZ300536,农尚环境,20.68,2905240,237649083,293288133,606519.859044
2021-11-05,SH600908,无锡银行,5.63,20316593,1763698917,1861674454,1048122.717602
2021-11-05,SZ300546,雄帝科技,15.86,4142550,86564110,136577750,216612.3115
2021-11-05,SH603738,泰晶科技,59,8302038,170193798,198667067,1172135.6953
2021-11-05,SZ300545,联得装备,24.95,8595578,110256342,177741208,443464.31396
2021-11-05,SZ300547,川环科技,10.94,5992380,176633031,216906174,237295.354356
2021-11-05,SZ300549,优德精密,17.7,1892700,99567500,133340000,236011.8
2021-11-05,SH601128,常熟银行,6.92,39980174,2633592913,2740855925,1896672.3001
2021-11-05,SH603887,城地香江,7.21,3290521,353949157,450706498,324959.385058
2021-11-05,SH603421,鼎信通讯,6.87,1093140,652190511,653192211,448743.048957
2021-11-05,SZ002813,路畅科技,22.91,2567410,56167031,120000000,274920
2021-11-05,SZ300548,长芯博创,31.94,4516123,141657907,173670424,554703.334256
2021-11-05,SZ002815,崇达技术,16.51,34422254,429696050,875638601,1445679.330251
2021-11-05,SH603777,来伊份,12.85,9243536,336559908,336796988,432784.12958
2021-11-05,SH603313,梦百合,17.38,19425671,485299039,486548339,845621.013182
2021-11-05,SH603816,顾家家居,64.88,4809971,630865125,632256725,4102081.6318
2021-11-05,SH603160,汇顶科技,112.16,6140104,457104392,458366518,5141038.865888
2021-11-05,SZ300550,和仁科技,10.53,866307,261291752,264995441,279040.199373
2021-11-05,SZ300555,ST路通,8.13,2298750,176797041,200000000,162600
2021-11-05,SZ300551,古鳌科技,15.79,3501740,235975310,304047000,480090.213
2021-11-05,SH603859,能科科技,36.3,3296161,132230632,166568333,604643.04879
2021-11-05,SZ300552,万集科技,23.88,862270,110665911,197928720,472653.78336
2021-11-05,SZ300553,集智股份,30.69,261000,29557816,48000000,147312
2021-11-05,SZ002816,*ST和科,19.23,896729,98039306,100000000,192300
2021-11-05,SZ002817,黄山胶囊,9.35,4052682,121949205,213641550,199754.84925
2021-11-05,SH603667,五洲新春,18.09,39100003,263836682,299943970,542598.64173
2021-11-05,SH603258,电魂网络,24.93,5684940,242060700,246722900,615080.1897
2021-11-05,SH600926,杭州银行,14.3,16904493,5060397440,5930200432,8480186.61776
2021-11-05,SH603888,新华网,19.51,17125753,519029360,519029360,1012626.28136
2021-11-05,SH603716,塞力医疗,13.22,2082700,201323345,205018993,271035.108746
2021-11-05,SZ300559,佳发教育,7.83,2984235,298696618,399514567,312819.905961
2021-11-05,SZ300557,理工光科,25.98,252200,55381665,55668540,144626.86692
2021-11-05,SZ300560,中富通,12.67,1280260,189324000,226269812,286683.851804
2021-11-05,SZ300556,丝路视觉,26.45,20510019,88930463,117965576,312018.94852
2021-11-05,SZ300558,贝达药业,76.4,3073811,413686323,414985201,3170486.93564
2021-11-05,SH601882,海天精工,26.15,8167861,522000000,522000000,1365030
2021-11-05,SH603203,快克智能,35.15,2618456,187840544.4,187840544.4,660259.513566
2021-11-05,SH603060,国检集团,19.4,7683667,603680000,603680000,1171139.2
2021-11-05,SZ002818,富森美,12.68,3036486,298412381,748458940,949045.93592
2021-11-05,SH603556,海兴电力,12.42,2717986,488684040,488684040,606945.57768
2021-11-05,SZ002819,东方中科,37.8,737151,139550397,159633456,603414.46368
2021-11-05,SH603977,国泰集团,8.43,3647568,579388355,583242360,491673.30948
2021-11-05,SZ300563,神宇股份,13.52,2058830,122378680,178742666,241660.084432
2021-11-05,SZ300566,激智科技,23.36,3514602,175373736,234167850,547016.0976
2021-11-05,SZ300562,乐心医疗,11.98,2072300,146395915,214477702,256944.286996
2021-11-05,SH601229,上海银行,7.25,8319238,13703943590,14206617258,10299797.51205
2021-11-05,SH603633,徕木股份,12.73,6939160,263501200,263501200,335437.0276
2021-11-05,SZ300561,*ST汇科,10.1,2734903,174773381,328107975,331389.05475
2021-11-05,SH603858,步长制药,17.67,1849325,1141580610,1141580610,2017172.93787
2021-11-05,SZ002821,凯莱英,372.5,2511326,233141420,244661118,9113626.6455
2021-11-05,SZ002820,桂发祥,9.95,1998894,202735721,204800000,203776
2021-11-05,SH603987,康德莱,19.29,5057350,437964000,441569000,851786.601
2021-11-05,SH603727,博迈科,19.06,4686260,235805002,288315186,549528.744516
2021-11-05,SZ300565,科信技术,11.85,3203630,161776237,208000000,246480
2021-11-05,SZ300567,精测电子,54.37,4157313,170073835,278143181,1512264.475097
2021-11-05,SH603900,莱绅通灵,6.66,1036800,340473840,340473840,226755.57744
2021-11-05,SZ002823,凯中精密,9.25,1131890,155877610,287088777,265557.118725
2021-11-05,SH603336,宏辉果蔬,8.63,35367099,438674829,438674829,378576.377427
2021-11-05,SZ300569,天能重工,12.58,66275892,568510989,793693851,998466.864558
2021-11-05,SH603819,神力股份,12.48,7019596,217347987,217730187,271727.273376
2021-11-05,SH603323,苏农银行,4.82,50817303,1439992019,1803070253,869079.861946
2021-11-05,SZ002825,纳尔股份,14.05,2727980,113410599,171221847,240566.695035
2021-11-05,SZ002822,ST中装,5.03,3434061,642994273,720488836,362405.884508
2021-11-05,SH603319,美湖股份,19.71,3271686,160609845,160609845,316562.004495
2021-11-05,SH603660,苏州科达,5.89,2259848,494185456,494185456,291075.233584
2021-11-05,SZ300568,星源材质,46.11,33336448,619071593,718030153,3310837.035483
2021-11-05,SH603559,ST通脉,11.53,1735731,143313207,143313207,165240.127671
2021-11-05,SZ300572,安车检测,19.87,4330644,140821579,228988812,455000.769444
2021-11-05,SH600909,华安证券,5.01,15146135,4697658129,4697658129,2353526.722629
2021-11-05,SZ300570,太辰光,16.67,8614468,193831110,229996800,383404.6656
2021-11-05,SH603033,三维股份,25.56,7159868,348433120,596659565,1525061.84814
2021-11-05,SZ300573,兴齐眼药,128.09,1702517,61452875,82332600,1054598.2734
2021-11-05,SH603990,麦迪科技,19.7,2301540,165463488,165463488,325963.07136
2021-11-05,SZ002828,贝肯能源,7.57,6108028,154115790,200987600,152147.6132
2021-11-05,SZ002826,易明医药,9.11,1937083,133917562,191190375,174174.431625
2021-11-05,SH603036,如通股份,8.91,2707450,204159500,206673000,184145.643
2021-11-05,SZ002827,高争民爆,9.8,1761200,276000000,276000000,270480
2021-11-05,SH603928,兴业股份,10.37,600100,201600000,201600000,209059.2
2021-11-05,SZ002830,名雕股份,9.08,755151,66852500,133340000,121072.72
2021-11-05,SZ002829,星网宇达,34.75,1213800,96198016,154685040,537530.514
2021-11-05,SZ300571,平治信息,43.28,2992850,96367036,124581650,539189.3812
2021-11-05,SH603708,家家悦,15.3,3258259,608401048,608401048,930853.60344
2021-11-05,SH603585,苏利股份,15.39,653074,180000000,180000000,277020
2021-11-05,SH603389,*ST亚振,4.62,687000,262752000,262752000,121391.424
2021-11-05,SZ002831,裕同科技,34.68,6361854,519874947,930513553,3227021.001804
2021-11-05,SH603098,森特股份,49.4,8430983,538799978,538799978,2661671.89132
2021-11-05,SH603878,武进不锈,6.19,1332368,400758848,400758848,248069.726912
2021-11-05,SZ300581,晨曦航空,28.27,9826745,309168000,309168000,874017.936
2021-11-05,SH603823,百合花,14.3,1607480,315000000,317725200,454347.036
2021-11-05,SZ300576,容大感光,38.89,3767743,111110474,188104018,731536.526002
2021-11-05,SZ300575,中旗股份,20.76,1044040,129993098,207015750,429764.697
2021-11-05,SZ300577,开润股份,21.3,1198600,129214044,239789378,510751.37514
2021-11-05,SH603416,信捷电气,46.55,562857,91224840,140560000,654306.8
2021-11-05,SH603577,汇金通,8.21,1110420,245028000,339139100,278433.2011
2021-11-05,SH603058,永吉股份,7.53,3609600,419074400,419074400,315563.0232
2021-11-05,SZ002832,比音勒芬,25.03,2440632,368744872,550034572,1376736.533716
2021-11-05,SZ300579,数字认证,38.43,3194625,174484248,180000000,691740
2021-11-05,SH600996,贵广网络,4.33,2638497,1051702656,1051702656,455387.250048
2021-11-05,SH603298,杭叉集团,17.44,3709785,866395852,866395852,1510994.365888
2021-11-05,SH603218,日月股份,40.33,24782584,965370869,967593089,3902302.927937
2021-11-05,SZ002833,弘亚数控,30.5,5485477,179870810,303020032,924211.0976
2021-11-05,SZ300582,英飞特,26,9735180,205852927,296583279,771116.5254
2021-11-05,SZ002835,同为股份,10.03,5535062,125479159,219555402,220214.068206
2021-11-05,SH603886,元祖股份,21.64,4872800,240000000,240000000,519360
2021-11-05,SZ002837,英维克,41.27,16407965,254098326,334315904,1379721.735808
2021-11-05,SZ002836,新宏泽,8.23,678700,160000000,160000000,131680
2021-11-05,SZ300585,奥联电子,12.29,1283100,160000000,171111111,210295.555419
2021-11-05,SH603929,亚翔集成,10.62,1522000,213360000,213360000,226588.32
2021-11-05,SH603239,浙江仙通,15.91,4407760,270720000,270720000,430715.52
2021-11-05,SH603186,华正新材,38.39,2783492,140132181,142025312,545235.172768
2021-11-05,SH601375,中原证券,4.59,33181887,3447519700,4642884700,2131084.0773
2021-11-05,SZ300586,美联新材,10.67,16031588,288988505,524473547,559613.274649
2021-11-05,SH603444,吉比特,361.6,1849270,71864552,71864552,2598622.20032
2021-11-05,SZ300588,熙菱信息,11.22,13727100,104954975,163178000,183085.716
2021-11-05,SH603035,常熟汽饰,12.58,15219832,360741294,360741294,453812.547852
2021-11-05,SH603032,德新科技,52.34,2924629,160008000,167338000,875847.092
2021-11-05,SZ300587,天铁科技,18.3,9552123,475836056,579160729,1059864.13407
2021-11-05,SZ002838,道恩股份,15.33,1767095,347550477,408165546,625717.782018
2021-11-05,SH603228,景旺电子,29.03,6160998,840633701,852137926,2473756.399178
2021-11-05,SZ300583,赛托生物,20.82,314222,104386942,107252567,223299.844494
2021-11-05,SH603877,太平鸟,37.24,4173332,476727790,476727790,1775334.28996
2021-11-05,SZ002840,华统股份,10.36,7433808,436173392,447635792,463750.680512
2021-11-05,SZ300591,万里马,5.81,3001660,224930285,329724410,191569.88221
2021-11-05,SH603689,皖天然气,11.11,12042024,336000000,336000000,373296
2021-11-05,SH603266,天龙股份,10.4,1758521,197713834,198910550,206866.972
2021-11-05,SH603579,荣泰健康,28.86,481400,140003220,140003220,404049.29292
2021-11-05,SZ300580,贝斯特,21.42,3781870,186520043,200003168,428406.785856
2021-11-05,SZ300590,移为通信,22.7,8613128,210171826,304526999,691276.28773
2021-11-05,SZ300584,海辰药业,15.98,171600,64045251,120000000,191760
2021-11-05,SH603628,清源股份,11.79,5704300,273800000,273800000,322810.2
2021-11-05,SH603639,海利尔,20.26,4286831,332259906,340008066,688856.341716
2021-11-05,SZ002824,和胜股份,45.37,10447463,113627724,184744770,838187.02149
2021-11-05,SZ300589,江龙船艇,24.1,6430466,102386894,202807800,488766.798
2021-11-05,SZ300593,新雷能,50.26,2689019,211924930,264863040,1331201.63904
2021-11-05,SH603690,至纯科技,50.2,18652508,307746239,318500474,1598872.37948
2021-11-05,SH603039,泛微网络,64.26,1046340,260603073,260603073,1674635.347098
2021-11-05,SH603038,华立股份,14.96,6805540,184131867,206674697,309185.346712
2021-11-05,SZ300595,欧普康视,63.4,6526328,612658753,850508170,5392221.7978
2021-11-05,SH603165,荣晟环保,14.66,9201266,263169621,263169621,385806.664386
2021-11-05,SH603668,天马科技,8.37,26329938,339042752,436164726,365069.875662
2021-11-05,SH601858,中国科传,7.88,2726133,790500000,790500000,622914
2021-11-05,SH603337,杰克科技,22.43,1568660,444488220,445868520,1000083.09036
2021-11-05,SZ002842,翔鹭钨业,8.97,3239281,212201439,273001652,244882.481844
2021-11-05,SZ300596,利安隆,39.64,1108070,185627344,205010420,812661.30488
2021-11-05,SZ002841,视源股份,80.25,3018586,451156544,666549706,5349061.39065
2021-11-05,SZ002843,泰嘉股份,9.48,2179200,209996625,210000000,199080
2021-11-05,SZ300592,华凯易佰,18.65,1153300,95403825,289175621,539312.533165
2021-11-05,SH603037,凯众股份,20.8,12668681,104901350,104901350,218194.808
2021-11-05,SH603638,艾迪精密,35.08,1285340,782586112,841558502,2952187.225016
2021-11-05,SZ300598,诚迈科技,89.97,21350073,158343282,158360831,1424772.396507
2021-11-05,SZ300597,吉大通信,8.55,2901143,221018840,240000000,205200
2021-11-05,SZ300599,雄塑科技,11.24,8312428,152825725,358131567,402539.881308
2021-11-05,SH601881,中国银河,10.87,55703708,6446274124,10137258757,11019200.268859
2021-11-05,SH603429,集友股份,23.19,876400,372566957,380238957,881774.141283
2021-11-05,SZ002839,张家港行,5.71,33559505,1521758107,1807958723,1032344.430833
2021-11-05,SH603358,华达科技,20.35,4086547,439040000,439040000,893446.4
2021-11-05,SZ300600,国瑞科技,10.12,7574901,227722905,294234480,297765.29376
2021-11-05,SZ300578,会畅科技,26,13568439,161354812,199841440,519587.744
2021-11-05,SZ002845,同兴达,26.56,4219929,160685051,234314304,622338.791424
2021-11-05,SH603966,法兰泰克,8.85,7259684,300319646,300319646,265782.88671
2021-11-05,SZ300603,立昂技术,8.11,2486265,240845076,370098349,300149.761039
2021-11-05,SH603089,正裕工业,8.08,1779089,222497820,222497820,179778.23856
2021-11-05,SZ300602,飞荣达,21.17,4101498,311188109,506361948,1071968.243916
2021-11-05,SH603360,百傲化学,12.18,1039778,255885400,261346400,318319.9152
2021-11-05,SH603677,奇精机械,11.02,998368,192138626,192138626,211736.765852
2021-11-05,SH603177,德创环保,14.45,777700,202000000,202000000,291890
2021-11-05,SZ002846,英联股份,7.15,1198060,222713963,318393413,227651.290295
2021-11-05,SZ300601,康泰生物,108.85,4577938,534349745,686956621,7477522.819585
2021-11-05,SZ300606,金太阳,19.37,2302400,55462218,93434000,180981.658
2021-11-05,SZ002847,盐津铺子,89.9,7897348,113295042,129360000,1162946.4
2021-11-05,SH603881,数据港,31.42,4859725,328927197,328927197,1033489.252974
2021-11-05,SH603637,镇海股份,6.91,1228305,243678373,243702033,168398.104803
2021-11-05,SZ300605,恒锋信息,15.4,17285321,102851539,164564624,253429.52096
2021-11-05,SH603626,科森科技,10.52,14407680,485293560,557993890,587009.57228
2021-11-05,SH603040,新坐标,18.15,1154908,133989109,133989109,243190.232835
2021-11-05,SZ300607,拓斯达,15.46,4643310,278175413,426500964,659370.490344
2021-11-05,SH603208,江山欧派,51.73,475815,105060879,105060879,543479.927067
2021-11-05,SZ300608,思特奇,11.9,10463851,163158720,209897723,249778.29037
2021-11-05,SH603330,天洋新材,18.91,8412682,237732774,237732774,449552.675634
2021-11-05,SZ300610,晨化股份,13.93,9690770,159290085,212877000,296537.661
2021-11-05,SH603615,茶花股份,7.93,917400,241820000,243140000,192810.02
2021-11-05,SZ002848,*ST高斯,8.29,1378270,160759944,167150000,138567.35
2021-11-05,SH603839,安正时尚,7.98,847527,400102220,400102220,319281.57156
2021-11-05,SZ300609,汇纳科技,16.7,7234199,90793700,121922390,203610.3913
2021-11-05,SH601212,白银有色,2.65,34652850,7404774511,7404774511,1962265.245415
2021-11-05,SZ300615,欣天科技,13.38,4799296,102652326,188500000,252213
2021-11-05,SZ300612,宣亚国际,13.48,3701600,160762444,162000000,218376
2021-11-05,SH603603,退市博天,5.63,8368500,256265738,417784056,235212.423528
2021-11-05,SZ002849,威星智能,11.62,462044,100626589,132356050,153797.7301
2021-11-05,SZ300613,富瀚微,151.4,2454531,113260442,120141045,1818935.4213
2021-11-05,SH603817,海峡环保,5.53,1690900,450167579,450167579,248942.671187
2021-11-05,SZ300611,美力科技,9.01,1709159,121735302,178958052,161241.204852
2021-11-05,SH600939,重庆建工,3.3,1365100,1814540677,1814540677,598798.42341
2021-11-05,SH603345,安井食品,195.82,2045277,240489360,244424360,4786317.81752
2021-11-05,SH603238,诺邦股份,11.97,953600,176030000,179075000,214352.775
2021-11-05,SZ300617,安靠智电,66.49,3815532,64737855,167996636,1117009.632764
2021-11-05,SZ300619,金银河,66.62,10729398,57386129,75450951,502654.235562
2021-11-05,SZ002850,科达利,176,5046957,153977312,232920451,4099399.9376
2021-11-05,SZ300618,寒锐钴业,77.78,9384302,221763961,309617139,2408202.107142
2021-11-05,SH603138,海量数据,17.7,11817749,252664524,257528900,455826.153
2021-11-05,SH603578,三星新材,17.1,1522514,128000192,128394992,219555.43632
2021-11-05,SZ002851,麦格米特,33.97,2473774,405498102,497569343,1690243.058171
2021-11-05,SZ300616,尚品宅配,45.88,3527065,130125262,198675000,911520.9
2021-11-05,SH603908,牧高笛,30.71,780400,66690000,66690000,204804.99
2021-11-05,SH603991,至正股份,43.6,263200,74534998,74534998,324972.59128
2021-11-05,SH603955,大千生态,11.96,262520,135720000,135720000,162321.12
2021-11-05,SZ002852,道道全,13.86,3674106,215620134,289000000,400554
2021-11-05,SZ002853,皮阿诺,14.97,1008600,114438885,186542748,279254.493756
2021-11-05,SZ300620,光库科技,48.39,7689650,159600948,164062015,793896.090585
2021-11-05,SH603630,拉芳家化,20.49,4002390,225532000,226681000,464469.369
2021-11-05,SH603665,康隆达,26.87,4383754,158245409,158245409,425205.413983
2021-11-05,SH603960,克来机电,33.93,4842474,260169835,260944500,885384.6885
2021-11-05,SZ300623,捷捷微电,31.21,20322634,640683322,736711048,2299275.180808
2021-11-05,SH603903,中持股份,9.55,818440,202303752,202303752,193200.08316
2021-11-05,SH603811,诚意药业,12.43,2427961,233788800,233788800,290599.4784
2021-11-05,SZ300622,博士眼镜,20.42,1437920,106436784,172268571,351772.421982
2021-11-05,SZ300621,维业股份,8.87,1305950,193788623,208056700,184546.2929
2021-11-05,SH603179,新泉股份,39.4,3966899,374847670,374847670,1476899.8198
2021-11-05,SZ300625,三雄极光,14.07,827500,138395802,280000000,393960
2021-11-05,SH603517,ST绝味,70.55,7765417,608630695,614224695,4333355.223225
2021-11-05,SZ300628,亿联网络,78.65,2555928,482208953,902311410,7096679.23965
2021-11-05,SH603133,退市碳元,10.18,2462873,209185200,209185200,212950.5336
2021-11-05,SZ300626,华瑞股份,11.02,12904220,135151519,180000000,198360
2021-11-05,SZ002856,美芝股份,10.19,505900,97573033,135312808,137883.751352
2021-11-05,SZ300627,华测导航,43.21,4729779,270412481,377083348,1629377.146708
2021-11-05,SH603656,泰禾智能,11.21,856578,150471600,153456600,172024.8486
2021-11-05,SZ002855,捷荣技术,8.31,1414261,245989232,250612402,208258.906062
2021-11-05,SZ300631,久吾高科,37.11,6195599,110797822,113178697,420006.144567
2021-11-05,SZ002857,三晖电气,17.91,2040740,91057501,128000000,229248
2021-11-05,SH603388,*ST元成,7.32,1661420,285142060,285142060,208723.98792
2021-11-05,SH603768,常青股份,16.01,468900,204000000,204000000,326604
2021-11-05,SZ002858,力盛体育,14,1556300,97233444,159925838,223896.1732
2021-11-05,SZ300629,新劲刚,34.37,16973410,93046834,139562893,479677.663241
2021-11-05,SZ002774,快意电梯,7.69,4485875,281808185,336687900,258912.9951
2021-11-05,SH603717,天域生物,13.56,3096500,241796240,290146240,393438.30144
2021-11-05,SH603833,欧派家居,122.22,1062059,609151948,609151948,7445055.108456
2021-11-05,SZ300630,普利退,49.65,2205446,322137293,437029897,2169853.438605
2021-11-05,SH603178,圣龙股份,13.4,9100136,200963000,200963000,269290.42
2021-11-05,SH601228,广州港,3.15,6816157,6193180000,6193180000,1950851.7
2021-11-05,SH603303,得邦照明,16.65,2909968,476944575,476944575,794112.717375
2021-11-05,SH603041,美思德,11.28,462683,140882840,140882840,158915.84352
2021-11-05,SZ300635,中达安,15.08,801900,95925269,136322000,205573.576
2021-11-05,SZ300636,同和药业,15.78,2158108,170801259,205864225,324853.74705
2021-11-05,SH601200,上海环境,11.35,4680937,1121858543,1121858543,1273309.446305
2021-11-05,SH603385,惠达卫浴,8.98,2766242,369396444,384722298,345480.623604
2021-11-05,SZ300632,光莆股份,13.92,2829645,200300396,306169356,426187.743552
2021-11-05,SH603586,金麒麟,10.82,601482,202113700,203458700,220142.3134
2021-11-05,SZ300633,开立医疗,29.1,4176782,400010000,401920000,1169587.2
2021-11-05,SH603538,美诺华,28.9,2070399,149575492,149588792,432311.60888
2021-11-05,SZ002859,洁美科技,29.85,3709189,402853457,410020559,1223911.368615
2021-11-05,SH603078,江化微,26.09,8333168,195972241,195972241,511291.576769
2021-11-05,SH603906,龙蟠科技,54.6,23878555,482091352,482091352,2632218.78192
2021-11-05,SZ002862,实丰文化,16.76,4942499,83427083,120000000,201120
2021-11-05,SZ002860,星帅尔,19.28,5837410,146446212,203507210,392361.90088
2021-11-05,SH601366,利群股份,6.02,508000,834038468,860518810,518032.32362
2021-11-05,SZ300637,扬帆新材,8,3074181,234179370,234750130,187800.104
2021-11-05,SZ300639,凯普生物,27.92,3374138,288667699,293893744,820551.333248
2021-11-05,SZ300638,广和通,50.66,7940661,257384134,413350127,2094031.743382
2021-11-05,SH603797,联泰环保,6.68,1444888,449807681,584061318,390152.960424
2021-11-05,SZ002861,瀛通通讯,11.49,721528,107981128,156762620,180120.25038
2021-11-05,SH603826,坤彩科技,37.69,665400,468000000,468000000,1763892
2021-11-05,SH603050,科林电气,17.53,10301002,162210100,162210100,284354.3053
2021-11-05,SZ300640,德艺文创,5.28,2513510,187915100,286850254,151456.934112
2021-11-05,SZ300604,长川科技,49.57,12052976,427456973,604328728,2995657.504696
2021-11-05,SZ002863,今飞凯达,5.12,4661757,498814864,498814864,255393.210368
2021-11-05,SZ300641,正丹股份,6.26,4618010,489600665,489600665,306490.01629
2021-11-05,SH603225,新凤鸣,13.53,18367533,1504522907,1529567440,2069504.74632
2021-11-05,SH603803,瑞斯康达,6.27,2597104,421055557,421055557,264001.834239
2021-11-05,SH603081,大丰实业,10.27,1555798,401813457,401813457,412662.420339
2021-11-05,SH603232,格尔软件,13.67,3293816,231722033,231722033,316764.019111
2021-11-05,SZ300645,正元智慧,19.46,1562270,127647515,127647515,248402.06419
2021-11-05,SZ300554,三超新材,15.18,878300,52836935,93613367,142105.091106
2021-11-05,SZ300642,透景生命,28.31,2160830,138672864,163922139,464063.575509
2021-11-05,SH603139,康惠股份,18.55,943800,99880000,99880000,185277.4
2021-11-05,SH603096,新经典,26.88,658060,162503585,162503585,436809.63648
2021-11-05,SZ002865,钧达股份,42.9,7248696,131008540,134816890,578364.4581
2021-11-05,SZ300648,星云股份,69.63,9539583,92276121,147783896,1029019.267848
2021-11-05,SH603920,世运电路,21.64,16378378,529449266,532241276,1151770.121264
2021-11-05,SZ002866,传艺科技,12.15,915150,171298806,287655011,349500.838365
2021-11-05,SZ300514,友讯达,13.92,21779310,152912000,200000000,278400
2021-11-05,SZ002867,周大生,18.48,6738829,1078235755,1096223401,2025820.845048
2021-11-05,SH603787,新日股份,17.23,2856459,204000000,204000000,351492
2021-11-05,SH603320,迪贝电气,11.54,1357840,130009525,130009525,150030.99185
2021-11-05,SZ300647,超频三,8.17,6950528,416872550,430618755,351815.522835
2021-11-05,SZ002868,*ST绿康,9.4,522340,155415837,155415837,146090.88678
2021-11-05,SZ300650,太龙股份,22.54,1806680,56809490,128574439,289806.785506
2021-11-05,SH603505,金石资源,42.89,12318644,309420968,311603408,1336467.016912
2021-11-05,SH603501,豪威集团,283.87,6631831,786890399,869104488,24671269.100856
2021-11-05,SZ300643,万通智控,13.8,15516263,200000000,230000000,317400
2021-11-05,SZ300649,杭州园林,15.08,698000,103271450,132416609,199684.246372
2021-11-05,SH603985,恒润股份,54.41,15482878,264992000,339121541,1845160.304581
2021-11-05,SH603229,奥翔药业,27.86,5601331,283571904,287047646,799714.741756
2021-11-05,SZ300651,金陵体育,25.89,728010,72705239,128747077,333326.182353
2021-11-05,SH603728,鸣志电器,16.78,1876950,416000000,420165000,705036.87
2021-11-05,SH603926,铁流股份,14.42,687660,160201600,176563485,254604.54537
2021-11-05,SH603896,寿仙谷,44.1,1037142,152319370,152319370,671728.4217
2021-11-05,SH603113,金能科技,13.62,10453280,723663026,855069070,1164604.07334
2021-11-05,SH603086,先达股份,8.79,2024904,220059700,221886000,195037.794
2021-11-05,SZ002871,伟隆股份,9.44,362983,88258372,169186000,159711.584
2021-11-05,SH603180,金牌家居,30.83,1060378,143212943,154382664,475961.753112
2021-11-05,SZ002870,香山股份,43.54,9563085,56717925,110670000,481857.18
2021-11-05,SH601952,苏垦农发,11.6,36198991,1378000000,1378000000,1598480
2021-11-05,SZ002869,金溢科技,14.59,4976557,155219292,180148557,262836.744663
2021-11-05,SH603488,展鹏科技,8.29,10819094,291990440,291990440,242060.07476
2021-11-05,SZ300652,雷迪克,20.66,5912289,83506630,94080674,194370.672484
2021-11-05,SZ300653,正海生物,61.76,1655689,120000000,120000000,741120
2021-11-05,SH603758,秦安股份,8.42,1279000,438797049,438797049,369467.115258
2021-11-05,SH603269,海鸥股份,11.33,756947,112518866,112518866,127483.875178
2021-11-05,SZ002872,ST天圣,4.45,1172450,215038268,318000000,141510
2021-11-05,SZ300656,民德电子,48.05,2889356,82715623,119790000,575590.95
2021-11-05,SZ002873,新天药业,18.58,3386772,110780714,117160748,217684.669784
2021-11-05,SH603197,保隆科技,32.87,3332497,201859610,205479518,675411.175666
2021-11-05,SH603383,顶点软件,35.47,1958580,168250516,168250516,596784.580252
2021-11-05,SZ300657,弘信电子,17.85,21600849,422869854,445053082,794419.75137
2021-11-05,SZ300655,晶瑞电材,39.21,19834659,287139077,340623385,1335584.292585
2021-11-05,SH603855,华荣股份,23.27,2487039,333502000,337598000,785590.546
2021-11-05,SZ002876,三利谱,51.96,3761824,143390515,173884932,903506.106672
2021-11-05,SH603580,*ST艾艾,10.82,2467556,130673200,130673200,141388.4024
2021-11-05,SZ300659,中孚信息,36.37,2913438,148628277,226618285,824210.702545
2021-11-05,SH603196,日播时尚,7.08,1614800,236716000,240000000,169920
2021-11-05,SZ002875,安奈儿,8.62,2215998,79336370,170315462,146811.928244
2021-11-05,SH603200,上海洗霸,19.3,697829,125296539,125296539,241822.32027
2021-11-05,SZ300658,延江股份,10.2,1633750,135542159,227655000,232208.1
2021-11-05,SH603042,华脉科技,11.65,734593,136000000,160589840,187087.1636
2021-11-05,SZ300660,江苏雷利,35.5,10953711,124103897,259340468,920658.6614
2021-11-05,SZ002877,智能自控,6.29,1269708,205864311,332524102,209157.660158
2021-11-05,SZ300661,圣邦股份,346.86,2258692,218090139,235106287,8154896.670882
2021-11-05,SZ002878,元隆雅图,15.2,2119279,188317565,221414107,336549.44264
2021-11-05,SH600732,爱旭股份,20.43,30149201,652824037,2036329187,4160220.529041
2021-11-05,SH603496,恒为科技,14.18,3065761,198867502,227978929,323274.121322
2021-11-05,SZ300662,科锐国际,62.34,1211657,180867840,196887795,1227398.51403
2021-11-05,SZ300663,科蓝软件,17.32,21414041,340510611,466488417,807957.938244
2021-11-05,SH603536,惠发食品,10.38,4910172,168000000,171873000,178404.174
2021-11-05,SH603767,中马传动,6.81,1174680,301628000,305981000,208373.061
2021-11-05,SZ300665,飞鹿股份,8.65,2653415,128954235,173397555,149988.885075
2021-11-05,SH603879,永悦科技,6.31,2695071,362314440,362314440,228620.41164
2021-11-05,SZ300666,江丰电子,42.61,2411163,151937005,225164358,959425.329438
2021-11-05,SH603980,吉华集团,5.94,3271700,700000000,700000000,415800
2021-11-05,SH603226,菲林格尔,6.72,604225,273455208,273455208,183761.899776
2021-11-05,SZ002880,卫光生物,29.6,596560,226800000,226800000,671328
2021-11-05,SH603326,我乐家居,8.9,167100,315417970,322069200,286641.588
2021-11-05,SH603316,诚邦股份,4.72,1470820,264264000,264264000,124732.608
2021-11-05,SZ300667,必创科技,23.08,1021132,144416238,198786299,458798.778092
2021-11-05,SZ300668,杰恩设计,13.18,2156350,56072201,105400000,138917.2
2021-11-05,SH603335,迪生力,4.56,21320403,428144600,428144600,195233.9376
2021-11-05,SZ002883,中设股份,10.01,602040,89326002,130257852,130388.109852
2021-11-05,SH603679,华体科技,12.61,1779720,141570657,142011657,179076.699477
2021-11-05,SH603380,易德龙,35.89,3062713,160000000,161289000,578866.221
2021-11-05,SZ002881,美格智能,41.42,4234039,103477150,184490000,764157.58
2021-11-05,SH601878,浙商证券,12.21,28223725,3614044514,3878168795,4735244.098695
2021-11-05,SZ002885,京泉华,18.82,18525131,118413013,180000000,338760
2021-11-05,SH603043,广州酒家,24.22,4777254,565594658,565594658,1369870.261676
2021-11-05,SZ002886,沃特股份,22.91,4296281,172112803,226573529,519079.954939
2021-11-05,SH603286,日盈电子,14.95,1391400,88076000,89126000,133243.37
2021-11-05,SH603938,三孚股份,43,5270050,195216580,195216580,839431.294
2021-11-05,SZ300669,沪宁股份,17.37,1036700,100679946,111051892,192897.136404
2021-11-05,SH603801,志邦家居,20.26,2216628,308529458,312308758,632737.543708
2021-11-05,SH603617,君禾股份,9.96,712556,199460557,199460557,198662.714772
2021-11-05,SZ300670,大烨智能,10.19,21494340,210789517,315890479,321892.398101
2021-11-05,SH603331,百达精工,10.64,1065860,178159037,178159037,189561.215368
2021-11-05,SZ300671,富满微,79.91,10254096,203946447,204952494,1637775.379554
2021-11-05,SH603933,睿能科技,13.05,1307112,201233200,210077200,274150.746
2021-11-05,SZ002879,长缆科技,20.33,7828253,133941071,193107640,392587.83212
2021-11-05,SH603305,旭升集团,45.23,7535181,447038482,447038482,2021955.054086
2021-11-05,SH603757,大元泵业,15.53,925200,164248000,168306000,261379.218
2021-11-05,SZ002884,凌霄泵业,22.28,769723,270996640,355597743,792271.771404
2021-11-05,SZ300673,佩蒂股份,17.42,2311470,162384480,253411200,441442.3104
2021-11-05,SZ300672,国科微,180.2,8113219,173072403,180107101,3245529.96002
2021-11-05,SH603595,ST东尼,30.26,3358856,161319108,212925243,644311.785318
2021-11-05,SZ300676,华大基因,91.7,3234057,261729357,413914325,3795594.36025
2021-11-05,SH603387,基蛋生物,17.89,1482780,363813302,363813302,650861.997278
2021-11-05,SZ002882,金龙羽,12.52,25346232,431137500,432900000,541990.8
2021-11-05,SH603612,索通发展,18.8,22818435,430491299,459950434,864706.81592
2021-11-05,SZ300675,建科院,14.02,898800,146666700,146666700,205626.7134
2021-11-05,SH603707,健友股份,39.13,4256595,1214111271,1216856936,4761561.190568
2021-11-05,SH601619,嘉泽新能,5.61,106423031,2349523612,2418393612,1356718.816332
2021-11-05,SH603676,卫信康,8.02,1000300,423000000,434459000,348436.118
2021-11-05,SZ300677,英科医疗,55.6,21359373,378262595,549563392,3055572.45952
2021-11-05,SZ002888,惠威科技,11.72,1541460,75191926,149611680,175344.88896
2021-11-05,SZ300680,隆盛科技,33.8,7061804,139867756,201851388,682257.69144
2021-11-05,SZ300681,英搏尔,92.9,3957200,43335000,75600000,702324
2021-11-05,SH603063,禾望电气,31.33,26639279,433411900,436405900,1367259.6847
2021-11-05,SZ300678,中科信息,16.63,1642880,180000000,180000000,299340
2021-11-05,SH603730,岱美股份,18.96,3357482,724415505,724415505,1373491.79748
2021-11-05,SZ002889,东方嘉盛,23.51,540000,89788004,138101429,324676.459579
2021-11-05,SH603233,大参林,39.58,2350385,787609979,790346579,3128191.759682
2021-11-05,SH600710,苏美达,6.37,16281599,1306749434,1306749434,832399.389458
2021-11-05,SZ300679,电连技术,50.43,12268294,310249661,421200000,2124111.6
2021-11-05,SH603357,设计总院,8.28,1949611,454542698,454542698,376361.353944
2021-11-05,SZ300682,朗新科技,30.84,12670482,717930617,1031953050,3182543.2062
2021-11-05,SZ002887,绿茵生态,9.07,739985,160263480,312000000,282984
2021-11-05,SH603860,中公高科,19.4,171700,66680000,66680000,129359.2
2021-11-05,SH603825,ST华扬,17.06,4843380,226399672,253336552,432192.157712
2021-11-05,SZ300685,艾德生物,77.89,929307,219598800,221722500,1726996.5525
2021-11-05,SZ002890,弘宇股份,14.96,306920,67037686,93338000,139633.648
2021-11-05,SZ300687,赛意信息,26.31,4648875,270923808,369695780,972669.59718
2021-11-05,SZ300686,智动力,14.38,10299056,198366085,265624240,381967.65712
2021-11-05,SH603880,南卫股份,6.18,5868990,285610000,292734000,180909.612
2021-11-05,SH603978,深圳新星,32,9255960,160006753,160006753,512021.6096
2021-11-05,SH603535,嘉诚国际,31.58,814000,150400000,160860576,507997.699008
2021-11-05,SZ300683,海特生物,42.96,583463,95057790,122104165,524559.49284
2021-11-05,SZ300690,双一科技,32.02,31056443,108722198,166317757,532549.457914
2021-11-05,SZ300689,澄天伟业,21.69,2147430,97271861,115600000,250736.4
2021-11-05,SH603458,勘设股份,10.48,1222693,307574807,313869212,328934.934176
2021-11-05,SZ300688,创业黑马,53.18,34475734,88126383,109208976,580773.334368
2021-11-05,SH603602,纵横通信,8.97,1271407,203848713,203848713,182852.295561
2021-11-05,SZ300691,联合光电,18.28,10939531,183058148,224689616,410732.618048
2021-11-05,SH603721,*ST天择,14.95,10501270,130000000,130000000,194350
2021-11-05,SH601326,秦港股份,2.59,4853700,4757559000,5587412000,1447139.708
2021-11-05,SH603776,永安行,16.13,3345717,232743867,233444067,376545.280071
2021-11-05,SZ002892,科力尔,24.23,2175687,116144945,225009666,545198.420718
2021-11-05,SH603129,春风动力,176.98,679227,134377300,150077374,2656069.365052
2021-11-05,SH603557,ST起步,5.27,19034731,494031909,496012909,261398.803043
2021-11-05,SH601949,中国出版,5.45,6784498,1822500000,1822500000,993262.5
2021-11-05,SZ002891,中宠股份,30.61,2813879,294105948,294112698,900278.968578
2021-11-05,SZ300692,中赋科技,7.11,7859620,374573514,423750439,301286.562129
2021-11-05,SH603976,正川股份,33.62,2655754,151200000,151200000,508334.4
2021-11-05,SZ300693,盛弘股份,49.55,20595275,140687778,205275493,1017140.067815
2021-11-05,SZ300696,爱乐达,51.41,3038871,142737177,244297078,1255931.277998
2021-11-05,SH603079,圣达生物,15.9,1032640,171188958,171188958,272190.44322
2021-11-05,SH603181,皇马科技,15.16,5284210,588700000,588700000,892469.2
2021-11-05,SH603127,昭衍新药,128,5615548,319635099,380613356,4871850.9568
2021-11-05,SZ002895,川恒股份,31.76,15713965,483820000,488423000,1551231.448
2021-11-05,SZ002896,中大力德,20.56,655830,104000000,104000000,213824
2021-11-05,SZ300698,万马科技,23.41,2913441,99571277,134000000,313694
2021-11-05,SH603359,东珠生态,12.83,27618253,446096000,446096000,572341.168
2021-11-05,SZ300699,光威复材,74.43,9825157,508116843,518350000,3858079.05
2021-11-05,SH603500,祥和实业,8.59,838052,245548776,245548776,210926.398584
2021-11-05,SH603183,建研院,5.24,3394443,394088495,417369292,218701.509008
2021-11-05,SH603725,天安新材,6.82,3486200,205352000,209442000,142839.444
2021-11-05,SZ300697,电工合金,11.61,2596060,220455040,332800000,386380.8
2021-11-05,SH603527,众源新材,9.75,4698060,243824000,243824000,237728.4
2021-11-05,SZ002897,意华股份,42.69,4342473,157788283,170672000,728598.768
2021-11-05,SH603882,金域医学,114.44,2836143,460835077,463958775,5309544.2211
2021-11-05,SZ300695,兆丰股份,52.68,470286,66677700,66677700,351258.1236
2021-11-05,SH603277,银都股份,18.06,1093700,408172500,420220000,758917.32
2021-11-05,SZ300700,岱勒新材,12.55,1602040,77228202,107137593,134457.679215
2021-11-05,SZ002898,*ST赛隆,9.12,326550,100985061,176000000,160512
2021-11-05,SH603386,骏亚科技,21.32,2115600,221957568,234411783,499765.921356
2021-11-05,SH603648,畅联股份,7.99,1002300,368666700,368666700,294564.6933
2021-11-05,SZ300701,森霸传感,16.82,3192452,180000000,180000000,302760
2021-11-05,SZ002899,英派斯,13.37,997412,119998875,120000000,160440
2021-11-05,SH603321,梅轮电梯,6.5,566500,307000000,307000000,199550
2021-11-05,SZ002893,京能热力,8.88,13872558,201769119,202800000,180086.4
2021-11-05,SH603813,*ST原尚,12.92,455300,88782000,88782000,114706.344
2021-11-05,SZ300703,创源股份,8.75,3048348,172053470,183775140,160803.2475
2021-11-05,SZ300702,天宇股份,41.89,10379623,211843333,347977159,1457676.319051
2021-11-05,SH603106,恒银科技,4.94,1690535,520520000,520520000,257136.88
2021-11-05,SH603055,台华新材,17.43,9073478,800687920,864890388,1507503.946284
2021-11-05,SH603533,掌阅科技,20.5,10831087,438896835,438896835,899738.51175
2021-11-05,SZ002901,大博医疗,47.01,709231,340608624,405139820,1904562.29382
2021-11-05,SZ002900,哈三联,20.07,8648200,170473425,316600050,635416.30035
2021-11-05,SH603963,*ST大药,6.78,442330,219700000,219700000,148956.6
2021-11-05,SH603157,退市拉夏,2.32,1764700,332603027,547671642,127059.820944
2021-11-05,SZ300706,阿石创,26.95,3814675,81613930,152852499,411937.484805
2021-11-05,SZ300654,世纪天鸿,7.46,1901660,173606599,182032500,135796.245
2021-11-05,SH603363,傲农生物,11.95,34833686,636349090,685262185,818888.311075
2021-11-05,SH603136,天目湖,14.5,1312500,186294283,186294283,270126.71035
2021-11-05,SH603378,亚士创能,23.53,1577318,279092565,298951327,703432.472431
2021-11-05,SH603367,辰欣药业,11.98,914500,448278000,453353000,543116.894
2021-11-05,SH601086,国芳集团,3.37,1596600,666000000,666000000,224442
2021-11-05,SZ002902,铭普光磁,14.46,14089598,132249535,210000000,303660
2021-11-05,SZ300705,九典制药,22.27,2828092,141612758,234680000,522632.36
2021-11-05,SZ300707,威唐工业,16.65,10903492,111281637,157069811,261521.235315
2021-11-05,SH603103,横店影视,11.88,1568980,634200000,634200000,753429.6
2021-11-05,SH603110,东方材料,30.45,554332,201226732,201226732,612735.39894
2021-11-05,SZ002903,宇环数控,15.69,2648000,91290801,152350000,239037.15
2021-11-05,SZ002906,华阳集团,48.21,2621957,472050931,474170910,2285977.95711
2021-11-05,SH603499,翔港科技,7.38,555208,201089029,201239949,148515.082362
2021-11-05,SZ300708,聚灿光电,17.92,14694110,349878475,543631746,974188.088832
2021-11-05,SZ002905,金逸影视,6.17,1729384,349440000,376320000,232189.44
2021-11-05,SH603829,洛凯股份,10.37,735100,160000000,160000000,165920
2021-11-05,SH603396,金辰股份,114.1,5295769,105779334,115999882,1323558.65362
2021-11-05,SZ300709,精研科技,54.1,12339941,106829865,138632955,750004.28655
2021-11-05,SZ300710,万隆光电,58.39,1669900,44128920,68614000,400637.146
2021-11-05,SZ002908,德生科技,14.28,5535650,147876228,200831050,286786.7394
2021-11-05,SH603466,风语筑,18.63,33592261,419786665,421966015,786122.685945
2021-11-05,SZ002907,华森制药,11.27,379000,284289871,401688625,452703.080375
2021-11-05,SH603683,晶华新材,14.05,17080109,177338000,183129000,257296.245
2021-11-05,SH603922,金鸿顺,24.3,8254800,128000000,128000000,311040
2021-11-05,SH601108,财通证券,10.02,18438100,3589013157,3589013157,3596191.183314
2021-11-05,SH603607,京华激光,14.56,942072,178516800,178516800,259920.4608
2021-11-05,SH603722,阿科力,47.11,1234149,87021750,87937500,414273.5625
2021-11-05,SZ002909,集泰股份,6.19,2966687,348155344,372752452,230733.767788
2021-11-05,SZ300715,凯伦股份,18.6,2321650,276992033,390156028,725690.21208
2021-11-05,SH603260,合盛硅业,152.3,9737161,938000000,1074165577,16359541.73771
2021-11-05,SZ002910,庄园牧场,11.85,10857745,171061950,232381032,275371.52292
2021-11-05,SZ300712,永福股份,63.65,7251052,182104000,182104000,1159091.96
2021-11-05,SH603289,泰瑞机器,8.71,1407659,265721200,295721200,257573.1652
2021-11-05,SZ300713,英可瑞,20.28,7346644,90487702.8,157781250,319980.375
2021-11-05,SZ300711,广哈通信,13.87,2382284,206488513,207642172,287999.692564
2021-11-05,SH603912,佳力图,13.31,1274840,216890218,216917758,288717.535898
2021-11-05,SH603937,丽岛新材,9.86,1411600,208880000,208880000,205955.68
2021-11-05,SH603659,璞泰来,177.18,6129831,692362915,694439710,12304082.78178
2021-11-05,SH603856,东宏股份,12.37,2035601,256414600,258034600,319188.8002
2021-11-05,SH603507,振江股份,46.78,9099400,124406400,125631400,587703.6892
2021-11-05,SZ300717,华信新材,14.17,1345620,101478400,102400000,145100.8
2021-11-05,SZ300720,海川智能,14.98,5979480,99644580,194400000,291211.2
2021-11-05,SZ300718,长盛轴承,16.66,7433586,168301610,297222000,495171.852
2021-11-05,SH600903,贵州燃气,10.18,10176269,1138185027,1138185027,1158672.357486
2021-11-05,SZ300719,安达维尔,13.22,5100600,181126132,254029250,335826.6685
2021-11-05,SZ300716,ST泉为,9.26,12653300,160020000,160020000,148178.52
2021-11-05,SH603916,苏博特,17.08,2434964,418544798,420308798,717887.426984
2021-11-05,SH603083,剑桥科技,12.49,3015095,252220566,252220566,315023.486934
2021-11-05,SZ300722,新余国科,43.89,4303743,174720000,174720000,766846.08
2021-11-05,SZ300725,药石科技,131.02,5341090,163487447,199699696,2616465.416992
2021-11-05,SH603076,乐惠国际,37.95,4756552,120701344,120701344,458061.60048
2021-11-05,SH603278,大业股份,8.18,1291800,286792160,289956660,237184.54788
2021-11-05,SZ300721,怡达股份,50.25,917200,79350000,85761967,430953.884175
2021-11-05,SH603605,珀莱雅,205.49,1110756,200662765,201116925,4132751.691825
2021-11-05,SZ300723,一品红,31.45,961374,124341073,288033713,905866.027385
2021-11-05,SZ002864,盘龙药业,22.49,385700,55299863,86670000,194920.83
2021-11-05,SH603970,中农立华,20.98,1998208,95520096,192000096,402816.201408
2021-11-05,SH603619,中曼石油,13.7,21053023,400000100,400000100,548000.137
2021-11-05,SH600933,爱柯迪,15.33,12236430,858626950,860984000,1319888.472
2021-11-05,SH603365,水星家纺,15.66,1435100,266670000,266670000,417605.22
2021-11-05,SZ300726,宏达电子,86.01,6020037,183232906,400100000,3441260.1
2021-11-05,SZ002912,中新赛克,30.82,1083315,117004960,175071680,539570.91776
2021-11-05,SH603661,恒林股份,37.51,589752,100000000,100000000,375100
2021-11-05,SZ002911,佛燃能源,9.46,3140310,944695866,945200000,894159.2
2021-11-05,SH601019,山东出版,5.5,5064400,2086900000,2086900000,1147795
2021-11-05,SH603685,晨丰科技,11.32,659443,169000000,169000000,191308
2021-11-05,SZ300727,润禾材料,28.04,3677800,112628815,126880000,355771.52
2021-11-05,SH603809,豪能股份,18.87,7781198,296461480,302887480,571548.67476
2021-11-05,SH603711,香飘飘,16.8,2436700,406526600,416450600,699637.008
2021-11-05,SZ002913,奥士康,74.04,1776975,128831662,158774182,1175564.043528
2021-11-05,SH603848,好太太,13.21,1274500,401000000,401000000,529721
2021-11-05,SZ300729,乐歌股份,26.56,4476980,173871957,220320049,585170.050144
2021-11-05,SH603917,合力科技,13.58,14517596,156800000,156800000,212934.4
2021-11-05,SZ002915,中欣氟材,26.18,5797190,147783714,233755411,611971.665998
2021-11-05,SZ300730,科创信息,14.81,2614100,117716352,159656898,236451.865938
2021-11-05,SZ300731,科创新源,33.88,2742365,117703792,125088307,423799.184116
2021-11-05,SZ002917,金奥博,7.73,626260,185806500,271344000,209748.912
2021-11-05,SH603890,春秋电子,11.37,3268536,387090806,439158125,499322.788125
2021-11-05,SZ300732,设研院,10.67,1676273,267806970,275296402,293741.260934
2021-11-05,SZ002916,深南电路,112.85,7678606,483408660,489315846,5521929.32211
2021-11-05,SH600025,华能水电,6.36,73395623,18000000000,18000000000,11448000
2021-11-05,SZ002919,名臣健康,43.6,2178250,67857620,122135745,532511.8482
2021-11-05,SH603477,巨星农牧,14.83,16107103,443547506,506093443,750536.575969
2021-11-05,SZ000155,川能动力,26.14,67092206,1270000000,1270000000,3319780
2021-11-05,SZ002918,蒙娜丽莎,19.41,2726529,214174491,414311940,804179.47554
2021-11-05,SH603283,赛腾股份,28.9,9309124,178875208,181931098,525780.87322
2021-11-05,SZ001965,招商公路,6.69,5063794,1932804493,6178230373,4133236.119537
2021-11-05,SZ002920,德赛西威,111.9,2257279,549850000,550000000,6154500
2021-11-05,SZ300684,中石科技,17.52,4071627,171907422,280929920,492189.21984
2021-11-05,SZ002921,联诚精密,14.53,810520,81816267,106080762,154135.347186
2021-11-05,SZ300735,光弘科技,14.98,20041782,750391959,774621120,1160382.43776
2021-11-05,SZ002922,伊戈尔,24.9,43047303,276807771,296320455,737837.93295
2021-11-05,SH603655,朗博科技,25.6,1447368,106000000,106000000,271360
2021-11-05,SH603329,上海雅仕,12.31,2396948,154623964,158756195,195428.876045
2021-11-05,SH603080,新疆火炬,14.82,6949547,141500000,141500000,209703
2021-11-05,SH603161,科华控股,12.9,2250040,133400000,133400000,172086
2021-11-05,SZ300664,鹏鹞环保,6.16,5518150,704473050,714244800,439974.7968
2021-11-05,SZ002923,润都股份,28.14,1558820,141542545,185709650,522586.9551
2021-11-05,SZ300736,百邦科技,12.86,7090620,104444449,130273360,167531.54096
2021-11-05,SZ002925,盈趣科技,31.73,2500137,730854236,781706749,2480355.514577
2021-11-05,SZ300733,西菱动力,21.22,2380500,118864115,171399371,363709.465262
2021-11-05,SH603056,德邦股份,10.86,3375792,960000000,1026957470,1115275.81242
2021-11-05,SH601828,美凯龙,8.6,5319611,3163714366,4354732673,3745070.09878
2021-11-05,SZ300624,万兴科技,46.94,6333532,110673130,129947040,609971.40576
2021-11-05,SZ300738,奥飞数据,21.82,4945755,378339854,381644654,832748.635028
2021-11-05,SH603895,天永智能,16.35,498500,108080000,108080000,176710.8
2021-11-05,SH603356,华菱精工,13.83,1521598,133340000,133340000,184409.22
2021-11-05,SZ300737,科顺股份,12.62,9563187,845816077,1145867580,1446084.88596
2021-11-05,SH601838,成都银行,12.1,19676729,3599710164,3612251334,4370824.11414
2021-11-05,SH603506,南都物业,14.65,737968,187777779,187777779,275094.446235
2021-11-05,SZ300739,明阳电路,18.85,13518241,288238762,294784762,555669.27637
2021-11-05,SH603516,淳中科技,16.98,1495815,184315176,186554476,316769.500248
2021-11-05,SZ002926,华西证券,9.1,8512994,2625000000,2625000000,2388750
2021-11-05,SZ300644,南京聚隆,18.9,2317203,94988965,108728000,205495.92
2021-11-05,SH603871,嘉友国际,19.02,2886431,285384660,285384660,542801.62332
2021-11-05,SZ300740,水羊股份,17.83,6419514,376998630,411060477,732920.830491
2021-11-05,SH603709,中源家居,15.2,199900,80000000,80000000,121600
2021-11-05,SH603156,养元饮品,31.29,4185896,1265493600,1265493600,3959729.4744
2021-11-05,SZ002927,泰永长征,12.81,8636608,222358240,223355600,286118.5236
2021-11-05,SH603712,七一二,37.97,2612402,772000000,772000000,2931284
2021-11-05,SH603680,今创集团,8.25,2180000,783718767,789964721,651720.894825
2021-11-05,SH601360,三六零,12.26,54098724,7145363197,7145363197,8760215.279522
2021-11-05,SZ002929,润建股份,33.2,3284008,161940825,220752574,732898.54568
2021-11-05,SH600901,江苏金租,5.41,11025099,2957490012,2986649968,1615777.632688
2021-11-05,SZ300741,华宝股份,43.13,554781,615877150,615880000,2656290.44
2021-11-05,SH603059,倍加洁,20.81,566168,100000000,100000000,208100
2021-11-05,SZ002928,华夏航空,12.06,8427300,1013567644,1013567644,1222362.578664
2021-11-05,SZ300634,彩讯股份,16.32,5817189,375623750,444011100,724626.1152
2021-11-05,SH600929,雪天盐业,6.8,15145710,917777376,931897376,633690.21568
2021-11-05,SZ002930,宏川智慧,23,4058088,421619410,446639977,1027271.9471
2021-11-05,SZ300504,天邑股份,17.77,6725200,208739295,271900000,483166.3
2021-11-05,SH603214,爱婴室,19.9,1720722,140516936,141549576,281683.65624
2021-11-05,SZ002931,锋龙股份,14.2,3710112,178662112,199139126,282777.55892
2021-11-05,SH603897,长城科技,44.1,4311301,183413673,183413673,808854.29793
2021-11-05,SH603301,振德医疗,36.64,3294569,227204736,227204736,832478.152704
2021-11-05,SH603773,沃格光电,17.19,549520,122355713,122355713,210329.470647
2021-11-05,SH603876,鼎胜新材,35.89,14790302,483660730,483660730,1735858.35997
2021-11-05,SH603733,仙鹤股份,36.42,2547137,705972266,705972266,2571150.992772
2021-11-05,SH603348,文灿股份,41.95,7326152,257427641,262167641,1099793.253995
2021-11-05,SH603596,伯特利,61.7,2131711,406626000,408446000,2520111.82
2021-11-05,SZ300743,天地数码,10.03,1151965,98171506,138535260,138950.86578
2021-11-05,SZ300742,越博退,31.15,4446100,43332166,78498570,244523.04555
2021-11-05,SH603259,药明康德,126.4,25100847,2546640944,2955534494,37357956.00416
2021-11-05,SH603013,亚普股份,14.35,4166500,510000000,514104833,737740.435355
2021-11-05,SZ300454,深信服,202.52,2086121,266326628,413831888,8380923.395776
2021-11-05,SH603045,福达合金,17.3,12742991,137620000,137620000,238082.6
2021-11-05,SZ300745,欣锐科技,56.58,19337133,86398638,123306878,697670.315724
2021-11-05,SZ300746,汉嘉数智,13.4,6157961,212514261,225738328,302489.35952
2021-11-05,SH603486,科沃斯,188.65,2168698,561019625,572023875,10791230.401875
2021-11-05,SH601138,工业富联,11.69,35390301,3040695505,19867281116,23224851.624604
2021-11-05,SH601330,绿色动力,9.14,17942087,896184208,1393440000,1273604.16
2021-11-05,SZ300750,宁德时代,634.09,8555085,2036813112,2329007802,147680055.717018
2021-11-05,SH603666,亿嘉和,59.2,1955504,205344804,206728564,1223833.09888
2021-11-05,SH601990,南京证券,9.54,14778626,3619930567,3686361034,3516788.426436
2021-11-05,SH601066,中信建投,27.98,14427629,3811362018,7756694797,21703232.042006
2021-11-05,SH603587,地素时尚,18.26,1640269,157606296,481200000,878671.2
2021-11-05,SZ300747,锐科激光,59.14,2615614,376087080,436023500,2578642.979
2021-11-05,SH603650,彤程新材,59.66,7642253,594048710,594048710,3544094.60386
2021-11-05,SH603693,江苏新能,26.7,14057380,618000000,618000000,1650060
2021-11-05,SH603706,东方环宇,13.19,1179300,160000000,189382714,249795.799766
2021-11-05,SH603105,芯能科技,17.98,36517100,500000000,500000000,899000
2021-11-05,SZ002932,明德生物,71.21,3518220,60114990,96618085,688017.383285
2021-11-05,SH603713,密尔克卫,110.6,524213,162787186,164484436,1819197.86216
2021-11-05,SH601869,长飞光纤,31.01,8780271,406338314,757905108,2350263.739908
2021-11-05,SH603657,春光科技,18.37,635820,134400000,134400000,246892.8
2021-11-05,SH601606,长城军工,12.18,18976355,724228400,724228400,882110.1912
2021-11-05,SZ300724,捷佳伟创,130.1,9683182,255741449,347688595,4523428.62095
2021-11-05,SZ000629,钒钛股份,3.83,85328980,8589393822,8589746202,3289872.795366
2021-11-05,SH603590,康辰药业,31.08,323800,160000000,160000000,497280
2021-11-05,SH603192,汇得科技,28.65,4934169,106666667,106666667,305600.000955
2021-11-05,SZ002933,新兴装备,34.66,2320658,71432302,117350000,406735.1
2021-11-05,SZ000950,重药控股,4.76,3283184,1728184696,1743367337,829842.852412
2021-11-05,SH601068,中铝国际,3.8,14089440,2559590667,2959066667,1124445.33346
2021-11-05,SZ002935,天奥电子,26.31,6138850,199322270,208006500,547265.1015
2021-11-05,SH603297,永新光学,68.06,1865100,109588500,110495000,752028.97
2021-11-05,SH603790,雅运股份,9.34,576970,191360000,191360000,178730.24
2021-11-05,SH603810,丰山集团,12.22,861636,159087712,162401680,198454.85296
2021-11-05,SZ002938,鹏鼎控股,40.22,17223724,2200382587,2321475816,9336975.731952
2021-11-05,SZ002936,郑州银行,3.35,9108693,5341122250,7514125090,2517231.90515
2021-11-05,SZ300748,金力永磁,39.48,29619256,699851470,707600790,2793607.91892
2021-11-05,SH603583,捷昌驱动,49.93,2805803,377923597,381915845,1906905.814085
2021-11-05,SZ300749,顶固集创,8.96,2026880,155720850,206896400,185379.1744
2021-11-05,SZ002937,兴瑞科技,15.75,22968617,97561988,297526500,468604.2375
2021-11-05,SH601577,长沙银行,7.73,13937379,2067345449,4021553754,3108661.051842
2021-11-05,SZ300694,蠡湖股份,11.75,8215446,208390318,215316977,252997.447975
2021-11-05,SZ300760,迈瑞医疗,398.89,5978103,1215691266,1215691266,48492708.909474
2021-11-05,SH601162,天风证券,3.9,104293574,8665757464,8665757464,3379645.41096
2021-11-05,SZ002940,昂利康,32.4,1182000,88121508,95946819,310867.69356
2021-11-05,SZ002939,长城证券,10.62,33149736,3103405351,3103405351,3295816.482762
2021-11-05,SZ300674,宇信科技,18.72,11179440,448579058,661173649,1237717.070928
2021-11-05,SZ300751,迈为股份,710.23,831828,52472164,103101705,7322592.394215
2021-11-05,SH603220,中贝通信,12.78,9585567,181907119,337760000,431657.28
2021-11-05,SH601319,中国人保,4.82,27010247,5601567019,44223990583,21315963.461006
2021-11-05,SZ002941,新疆交建,10.48,4870158,197747629,645031129,675992.623192
2021-11-05,SH603187,海容冷链,42.44,2378056,185397219,244377515,1037138.17366
2021-11-05,SZ002943,宇晶股份,18.28,1878872,52852950,100000000,182800
2021-11-05,SZ300752,隆利科技,27.87,18616684,64108049,202237114,563634.836718
2021-11-05,SZ002942,新农股份,15.18,775310,53040000,156000000,236808
2021-11-05,SZ300753,爱朋医疗,16.74,543688,59073236,126048000,211004.352
2021-11-05,SH603629,利通电子,18.95,2085300,30000000,100000000,189500
2021-11-05,SZ001872,招商港口,15.34,1796211,593820070,1922365124,2948908.100216
2021-11-05,SH603185,弘元绿能,241.2,3376322,102247514,275225954,6638450.01048
2021-11-05,SZ300756,金马游乐,23.66,2239538,33352838,101604244,240395.641304
2021-11-05,SH601860,紫金银行,3.17,12432203,1756273101,3660955106,1160522.768602
2021-11-05,SZ300757,罗博特科,42.94,1043849,54867800,104000000,446576
2021-11-05,SH601975,招商南油,1.91,17077035,3495358087,4852783848,926881.714968
2021-11-05,SH603121,华培动力,10.04,1839571,118887120,264753000,265812.012
2021-11-05,SH603739,蔚蓝生物,17.32,1732418,104126400,252084840,436610.94288
2021-11-05,SZ002948,青岛银行,4.62,5643117,605052601,4509690000,2083476.78
2021-11-05,SH603332,苏州龙杰,15.27,641200,29735000,118938000,181618.326
2021-11-05,SZ002945,华林证券,10.28,4629212,754789089,2700000000,2775600
2021-11-05,SH601598,中国外运,4.24,34031301,1351637231,7400803875,3137940.843
2021-11-05,SH601298,青岛港,5.46,3635600,1869896000,6491100000,3544140.6
2021-11-05,SH603700,宁水集团,18.35,743370,103323308,203242000,372949.07
2021-11-05,SH601615,明阳智能,34.03,141374011,1478418357,1956326712,6657379.800936
2021-11-05,SZ002946,新乳业,16.3,8693199,146254573,867271111,1413651.91093
2021-11-05,SZ300759,康龙化成,170.5,2925811,284742686,794177098,13540719.5209
2021-11-05,SZ300755,华致酒行,42.86,9939091,119606430,416798400,1786397.9424
2021-11-05,SH603351,威尔药业,22.84,2201526,59665803,135478432,309432.738688
2021-11-05,SZ002947,恒铭达,32.3,6858857,63728953,180078542,581653.69066
2021-11-05,SH601865,福莱特,47.65,15821862,533493254,2146893254,10229946.35531
2021-11-05,SZ300761,立华股份,31.64,2967472,119761175,403880000,1277876.32
2021-11-05,SZ300758,七彩化学,13.5,3281635,197073620.5,410322870,553935.8745
2021-11-05,SH603956,威派格,15.94,499275,87860669,425960669,678981.306386
2021-11-05,SZ002949,华阳国际,13.7,756500,93502111,196035111,268568.10207
2021-11-05,SH600928,西安银行,4.26,5383685,1155635387,4444444445,1893333.33357
2021-11-05,SZ002950,奥美医疗,13.35,2469290,232283579,633265407,845409.318345
2021-11-05,SZ300762,上海瀚讯,25.34,4582809,172835162,391949968,993201.218912
2021-11-05,SZ002951,金时科技,9.13,479506,71666666,405000000,369765
2021-11-05,SZ300763,锦浪科技,248.98,3482330,107353121,247580246,6164252.964908
2021-11-05,SZ300765,新诺威,12.49,1532794,136500000,546000000,681954
2021-11-05,SZ300766,每日互动,14.31,15385864,309503134,400100000,572543.1
2021-11-05,SH603681,永冠新材,35.48,2073012,86195451,191129871,678128.782308
2021-11-05,SZ002958,青农商行,3.81,9729374,2705600735,5555598049,2116682.856669
2021-11-05,SZ002952,亚世光电,12.29,328407,69926132,164340000,201973.86
2021-11-05,SZ300767,震安科技,95,1933038,117965456,201853549,1917608.7155
2021-11-05,SH603379,三美股份,22.52,18540122,193060783,610479037,1374798.791324
2021-11-05,SZ300768,迪普科技,44.25,2744974,139761477,429252293,1899441.396525
2021-11-05,SH603068,博通集成,56.77,2252376,105864863,150424966,853962.531982
2021-11-05,SZ300769,德方纳米,555.36,3402120,54455150,89226682,4955293.011552
2021-11-05,SH603317,天味食品,28.48,27226802,185549650,756185690,2153616.84512
2021-11-05,SZ300770,新媒股份,49.84,5826594,141532002,231058146,1151593.799664
2021-11-05,SZ300771,智莱科技,16.57,719680,76119696,160000000,265120
2021-11-05,SZ300773,拉卡拉,24.36,7731953,383278662,800020000,1948848.72
2021-11-05,SZ300772,运达股份,67.1,18010607,192176171,338990171,2274624.04741
2021-11-05,SH603967,中创物流,13.33,3988054,93306700,266666700,355466.7111
2021-11-05,SH603697,有友食品,17.23,2670084,89902922,308125000,530899.375
2021-11-05,SZ002953,日丰股份,17.48,9096287,74536319,243362160,425397.05568
2021-11-05,SZ300778,新城市,18.12,481925,57622625,125000000,226500
2021-11-05,SH603267,鸿远电子,151,6644043,157512356,232404000,3509300.4
2021-11-05,SH600989,宝丰能源,14.2,22666414,1994270000,7333360000,10413371.2
2021-11-05,SZ300777,中简科技,59.08,5763054,262258728,400010000,2363259.08
2021-11-05,SZ300776,帝尔激光,160.06,1761301,47040032,105800240,1693438.64144
2021-11-05,SZ300775,三角防务,50.06,6097992,264000000,495500000,2480473
2021-11-05,SH603982,泉峰汽车,34.61,11131237,81723140,201415700,697099.7377
2021-11-05,SZ300779,惠城环保,15.6,798205,69884304,100000000,156000
2021-11-05,SH603327,福蓉科技,13.79,1010102,102470650,401000000,552979
2021-11-05,SZ002955,鸿合科技,18.93,2643695,97248383,234985690,444827.91117
2021-11-05,SZ300780,德恩精工,17.65,4852400,65125100,146670000,258872.55
2021-11-05,SZ300781,因赛集团,25.45,8817550,35810580,109903846,279705.28807
2021-11-05,SH603915,国茂股份,43.7,2373900,126757400,473232400,2068025.588
2021-11-05,SZ300782,卓胜微,313.91,3668917,200665341,333560779,10470806.413589
2021-11-05,SZ002956,西麦食品,18.99,5981360,95712232,224000000,425376
2021-11-05,SH603217,元利科技,39.07,1580640,45699380,127456000,497970.592
2021-11-05,SH603863,松炀资源,8.15,4631104,108644000,205894000,167803.61
2021-11-05,SZ300594,朗进科技,20.03,12843129,67629200,89981700,180233.3451
2021-11-05,SH600968,海油发展,2.64,61782200,1865104199,10165104199,2683587.508536
2021-11-05,SH603867,新化股份,30.1,4473361,84703624,140900000,424109
2021-11-05,SH601698,中国卫通,14.1,6584005,407637548,4000000000,5640000
2021-11-05,SZ300788,中信出版,26.61,1928553,50390151,190151515,505993.181415
2021-11-05,SH601236,红塔证券,11.19,4941320,2558302465,4716787742,5278085.483298
2021-11-05,SZ300783,三只松鼠,42.58,8465201,226976000,401000000,1707458
2021-11-05,SZ300785,值得买,76.92,831937,31315974,88833256,683305.405152
2021-11-05,SH603236,移远通信,186.65,1440894,98570828,145370828,2713346.50462
2021-11-05,SH603256,宏和科技,8.54,1657200,135973021,877800000,749641.2
2021-11-05,SH688122,西部超导,77.99,3897161,312598000,441272000,3441480.328
2021-11-05,SH688088,虹软科技,40.26,4249790,269786280,406000000,1634556
2021-11-05,SH688333,铂力特,226.28,168751,46306751,80000000,1810240
2021-11-05,SH688001,华兴源创,37.8,2349756,51710105,439386523,1660881.05694
2021-11-05,SH688388,嘉元科技,140,10917685,170867246,234191646,3278683.044
2021-11-05,SH688012,中微公司,157.19,5552208,248623695,616244480,9686746.98112
2021-11-05,SH688019,安集科技,231.5,1252355,30660252,53220580,1232056.427
2021-11-05,SH688022,瀚川智能,33.18,4498752,59625419,108286500,359294.607
2021-11-05,SH688003,天准科技,36.89,747990,73302000,193600000,714190.4
2021-11-05,SH688005,容百科技,129.09,12184181,275810300,448095810,5784468.81129
2021-11-05,SH688006,杭可科技,106.01,1591557,112781099,403090000,4273157.09
2021-11-05,SH688007,光峰科技,35.87,4368999,286020135,452756901,1624039.003887
2021-11-05,SH688008,澜起科技,74.33,11286832,424807716,1131030341,8406948.524653
2021-11-05,SH688009,中国通号,4.89,7481924,2016591576,10589819000,5178421.491
2021-11-05,SH688018,乐鑫科技,173.37,1196331,45252969,80112969,1388918.543553
2021-11-05,SH688033,天宜新材,30.12,10572368,307656808,448737188,1351596.410256
2021-11-05,SH688016,心脉医疗,247.01,1111178,38625214,71978147,1777932.209047
2021-11-05,SH688002,睿创微纳,69.89,3823405,232771670,445000000,3110105
2021-11-05,SH688029,南微医学,246.46,762597,43993500,133340000,3286297.64
2021-11-05,SH688010,福光股份,27.08,609242,96581943,153581943,415899.901644
2021-11-05,SH688015,交控科技,31.27,744198,93132498,187054802,584920.365854
2021-11-05,SH688020,方邦股份,97.5,415788,37462518,80000000,780000
2021-11-05,SH688011,新光光电,32.04,539068,42050243,100000000,320400
2021-11-05,SH688028,沃尔德,46.81,1948942,38560998,80000000,374480
2021-11-05,SH688066,航天宏图,57.51,1803633,98774715,183967281,1057995.833031
2021-11-05,SZ300786,国林科技,32.56,2676586,52039900,102231044,332864.279264
2021-11-05,SH603983,丸美生物,29.68,1518200,77000000,401819600,1192600.5728
2021-11-05,SH603687,大胜达,10.65,6632218,141817129,410859829,437565.717885
2021-11-05,SZ002957,科瑞技术,24.27,4715300,153887203,411819100,999484.9557
2021-11-05,SH603279,景津装备,35.58,2051342,190310651,411949500,1465716.321
2021-11-05,SH603613,国联股份,104.15,2995796,222132681,343900282,3581721.43703
2021-11-05,SZ002966,苏州银行,6.78,9193784,1624836520,3333333334,2260000.000452
2021-11-05,SH603530,神马电力,18.43,2923800,40044490,432263327,796661.311661
2021-11-05,SH603662,柯力传感,21.81,3734128,106659014,234024890,510408.28509
2021-11-05,SH688099,晶晨股份,111.99,2443963,213092855,411120000,4604132.88
2021-11-05,SH688188,柏楚电子,366,648223,26872785,100297785,3670898.931
2021-11-05,SZ002960,青鸟消防,35.15,5983459,174401415,347967885,1223107.115775
2021-11-05,SH603115,海星股份,26.9,23568920,52000000,208000000,559520
2021-11-05,SH688321,微芯生物,36.37,1276797,255092822,410720500,1493790.4585
2021-11-05,SZ300787,海能实业,26.72,2300560,52073600,152784000,408238.848
2021-11-05,SZ002959,小熊电器,61.17,4525790,76221075,156444000,956967.948
2021-11-05,SH603992,松霖科技,18.82,716700,44800000,401009858,754700.552756
2021-11-05,SZ003816,中国广核,2.85,113391700,9754355725,50498611100,14392104.1635
2021-11-05,SZ300789,唐源电气,28.88,1682149,30813946,82768966,239036.773808
2021-11-05,SH603755,日辰股份,49.39,1292713,34200024,98613681,487052.970459
2021-11-05,SH603093,南华期货,12.08,2023593,140464993,610065893,736959.598744
2021-11-05,SZ002961,瑞达期货,23.14,3094400,108702861,445023986,1029785.503604
2021-11-05,SH688168,安博通,54.88,647164,28581300,51180000,280875.84
2021-11-05,SH603927,中科软,27.4,10840069,454423424,593600000,1626464
2021-11-05,SZ002962,五方光电,11.74,1363164,165193128,294053760,345219.11424
2021-11-05,SZ300790,宇瞳光学,38.2,6157149,108018197,219119144,837035.13008
2021-11-05,SH688116,天奈科技,148.54,1407729,179047919,231858116,3444020.455064
2021-11-05,SZ300791,仙乐健康,44.95,1967385,51581107,180169620,809862.4419
2021-11-05,SZ300792,壹网壹创,55.75,2872727,91996781,238702427,1330766.030525
2021-11-05,SH688036,传音控股,148.67,1489990,393265674,801690950,11918739.35365
2021-11-05,SH688068,热景生物,95.15,1769129,43805771,62196341,591798.184615
2021-11-05,SH688030,山石网科,27.83,1750886,95520705,180223454,501561.872482
2021-11-05,SH688368,晶丰明源,322.49,601677,16359480,62030080,2000408.04992
2021-11-05,SH603786,科博达,73.3,2099738,40100000,400100000,2932733
2021-11-05,SZ300793,佳禾智能,18,8190820,101888000,266688000,480038.4
2021-11-05,SH603815,交建股份,7.73,1261500,163287540,618924235,478428.433655
2021-11-05,SZ300795,米奥会展,19.6,279250,36844519,100164000,196321.44
2021-11-05,SH688139,海尔生物,87.12,3406921,184376636,317071758,2762329.155696
2021-11-05,SZ002965,祥鑫科技,23.33,923953,74945899,150700999,351585.430667
2021-11-05,SH688098,申联生物,11.14,1399920,264398983,410644000,457457.416
2021-11-05,SZ002963,豪尔赛,15.22,447240,68994530,150359930,228847.81346
2021-11-05,SH603610,麒盛科技,29.82,2661349,162662318,280069727,835167.925914
2021-11-05,SZ300799,左江退,47.86,767720,32633625,102080000,488554.88
2021-11-05,SH601077,渝农商行,3.79,25193200,5874465018,11357000000,4304303
2021-11-05,SH688108,赛诺医疗,7.98,4287137,289880545,410000000,327180
2021-11-05,SH688366,昊海生科,141.04,1048628,42779000,175822100,2479794.8984
2021-11-05,SH688369,致远互联,59.87,272485,59179583,76989583,460936.633421
2021-11-05,SH688025,杰普特,52.39,3176779,55021696,92843576,486407.494664
2021-11-05,SH688058,宝兰德,80.33,140864,22342000,40000000,321320
2021-11-05,SZ300797,钢研纳克,14.62,891582,76366983,248200000,362868.4
2021-11-05,SH688389,普门科技,21.47,3003848,157831320,422200000,906463.4
2021-11-05,SH688199,久日新材,40.67,1071649,86675104,111226800,452359.3956
2021-11-05,SH688128,中国电研,30.9,5046994,96460000,404500000,1249905
2021-11-05,SH688023,安恒信息,302.21,757634,52389055,78186346,2362869.562466
2021-11-05,SH688202,美迪西,540.75,727515,26998854,62000000,3352650
2021-11-05,SH688021,奥福科技,44.6,783916,45957111,77283584,344684.78464
2021-11-05,SH688363,华熙生物,168.22,2167013,93341956,480000000,8074560
2021-11-05,SH688299,长阳科技,27.11,2947109,222632850,282568577,766043.412247
2021-11-05,SZ300800,力合科技,23.29,4659343,144800000,238400000,555233.6
2021-11-05,SH688288,鸿泉技术,31.45,656621,51670226,100343920,315581.6284
2021-11-05,SZ300564,筑博设计,19.74,351305,33750000,102930000,203183.82
2021-11-05,SZ002967,广电计量,24.9,3787370,189480945,575225846,1432312.35654
2021-11-05,SH688166,博瑞医药,33.03,2743347,180478161,410000000,1354230
2021-11-05,SH603489,八方股份,240.64,518866,71400000,120314955,2895259.07712
2021-11-05,SZ300802,矩子科技,37.79,2116507,83772465,162452482,613907.929478
2021-11-05,SZ300796,贝斯美,16.35,694585,61852778,121150000,198080.25
2021-11-05,SH688300,联瑞新材,77.73,1053758,52935530,85973400,668271.2382
2021-11-05,SH688101,三达膜,17.56,3782296,179550680,333880000,586293.28
2021-11-05,SZ300803,指南针,32.01,2294813,220597424,404999999,1296404.996799
2021-11-05,SH688111,金山办公,280.56,1495650,215819451,461000000,12933816
2021-11-05,SH688138,清溢光电,16.52,1911297,78210000,266800000,440753.6
2021-11-05,SZ300805,电声股份,11.69,9572611,128030000,423230000,494755.87
2021-11-05,SH688196,卓越新能,55.61,655006,29085200,120000000,667320
2021-11-05,SZ300798,锦鸡股份,9.07,3159471,210221808,417748945,378898.293115
2021-11-05,SZ300806,斯迪克,49.17,2430683,104206905,189925406,933863.221302
2021-11-05,SH603390,通达电气,8.29,989800,128526384,351686984,291548.509736
2021-11-05,SH601916,浙商银行,3.42,10809323,7010646184,21268696778,7273894.298076
2021-11-05,SZ300801,泰和科技,19.2,2634100,83482760,216000000,414720
2021-11-05,SZ300808,久量股份,12.94,594983,49600000,160000000,207040
2021-11-05,SZ002969,嘉美包装,5.58,12881800,444176962,960333535,535866.11253
2021-11-05,SH688358,祥生医疗,42.97,135531,19200000,80000000,343760
2021-11-05,SZ002968,新大正,36.24,1004335,69683910,162718500,589691.844
2021-11-05,SH688310,迈得医疗,39.12,575796,37090500,83600000,327043.2
2021-11-05,SH688118,普元信息,23.75,1267349,66504659,95400000,226575
2021-11-05,SZ300809,华辰装备,58.08,17558796,45495000,156920000,911391.36
2021-11-05,SH688357,建龙微纳,202.44,773380,26267000,57820000,1170508.08
2021-11-05,SH688399,硕世生物,126.33,679853,34427400,58620000,740546.46
2021-11-05,SZ300810,中科海讯,25.48,8732137,78109143,118050000,300791.4
2021-11-05,SH688258,卓易信息,35.76,780355,42366935,86956591,310956.769416
2021-11-05,SH688198,佰仁医疗,229.99,168402,23238308,96438308,2217984.645692
2021-11-05,SH601658,邮储银行,5.39,117016704,11274461418,92383967605,49794958.539095
2021-11-05,SH688218,江苏北人,14.04,971629,82422671,117340000,164745.36
2021-11-05,SH688039,当虹科技,57.01,7942731,48316260,80000000,456080
2021-11-05,SZ001914,招商积余,12.13,13590134,666832366,1060346060,1286199.77078
2021-11-05,SH688037,芯源微,190.91,1621155,44491650,84156000,1606622.196
2021-11-05,SZ002970,锐明技术,35.84,1097000,84681787,173120000,620462.08
2021-11-05,SH603053,成都燃气,10.05,2775188,560890000,888890000,893334.45
2021-11-05,SZ300807,天迈科技,23.03,1421300,29568957,67851000,156260.853
2021-11-05,SH688089,嘉必优,49.13,993725,66740000,120000000,589560
2021-11-05,SH601512,中新集团,8.7,1139500,797410000,1498890000,1304034.3
2021-11-05,SH688123,聚辰股份,43.3,1476434,82607063,120841867,523245.28411
2021-11-05,SH603995,甬金股份,46.37,3719229,111824211,233120400,1080979.2948
2021-11-05,SH688268,华特气体,74.3,1131922,33654800,120000000,891600
2021-11-05,SZ002972,科安达,17.36,371951,58538049,176320000,306091.52
2021-11-05,SZ300811,铂科新材,89.15,992408,50477976,103680000,924307.2
2021-11-05,SH688078,龙软科技,58.18,432192,27586957,70750000,411623.5
2021-11-05,SH603109,神驰机电,30.28,2502216,46670000,149701100,453294.9308
2021-11-05,SH688181,八亿时空,47.18,643444,76815331,96473014,455159.680052
2021-11-05,SH688081,兴图新科,23.63,422162,31642900,73600000,173916.8
2021-11-05,SZ002973,侨银股份,14.8,570783,106474307,408663285,604821.6618
2021-11-05,SZ300812,易天股份,24.54,6943317,60546029,139521029,342384.605166
2021-11-05,SZ002971,和远气体,17.33,612355,105522044,160000000,277280
2021-11-05,SZ300813,泰林生物,60.61,703600,16277000,51970000,314990.17
2021-11-05,SH688178,万德斯,22.62,241343,37002615,84997844,192265.123128
2021-11-05,SH603551,奥普科技,9.69,509193,133736339,405505000,392934.345
2021-11-05,SH601816,京沪高铁,4.44,23249489,27328695141,49106484611,21803279.167284
2021-11-05,SH688278,特宝生物,29.08,1388779,220325444,406800000,1182974.4
2021-11-05,SH688158,优刻得,28.84,2774671,320145825,422805164,1219370.092976
2021-11-05,SH688100,威胜信息,21.9,1188025,165306967,500000000,1095000
2021-11-05,SH688026,洁特生物,71.51,379574,47744987,100000000,715100
2021-11-05,SZ300815,玉禾田,29.42,1416702,116569816,276800000,814345.6
2021-11-05,SH688159,有方科技,22.95,640228,62606441,91679495,210404.441025
2021-11-05,SH688266,泽璟制药,62.34,717955,134232500,240000000,1496160
2021-11-05,SH603290,斯达半导,451.37,2325329,78957232,160000000,7221920
2021-11-05,SH688298,东方生物,142.87,1913025,60478120,120000000,1714440
2021-11-05,SZ002975,博杰股份,57.02,1422200,38933400,139688000,796500.976
2021-11-05,SH603195,公牛集团,157.6,1383196,75601014,601213300,9475121.608
2021-11-05,SH603893,瑞芯微,120.91,6739467,188000000,416807000,5039613.437
2021-11-05,SZ300816,艾可蓝,48.59,636348,36975665,80367500,390505.6825
2021-11-05,SH688398,赛特新材,43.79,913594,36147300,80000000,350320
2021-11-05,SH688186,广大特材,60.88,6301509,99060000,214240000,1304293.12
2021-11-05,SZ300818,耐普矿机,35.67,1760900,31453000,70000000,249690
2021-11-05,SH688080,映翰通,56.86,998049,37337626,52428786,298110.077196
2021-11-05,SH688208,道通科技,65.76,2629172,270905000,450000000,2959200
2021-11-05,SZ300820,英杰电气,102.86,3539732,29799982,95327000,980533.522
2021-11-05,SH688090,瑞松科技,30.05,680527,45428893,67360588,202418.56694
2021-11-05,SH688200,华峰测控,597.58,478146,36226593,61328754,3664883.681532
2021-11-05,SZ300817,双飞集团,22.22,1480620,41932800,121276800,269477.0496
2021-11-05,SH688177,百奥泰,25.52,677323,95911922,414080000,1056732.16
2021-11-05,SH688169,石头科技,938,324324,45253900,66790425,6264941.865
2021-11-05,SH688233,神工股份,69.92,2701392,81512284,160000000,1118720
2021-11-05,SH603719,良品铺子,43.01,4813329,223696635,401000000,1724701
2021-11-05,SH688086,退市紫晶,23.46,1615345,110544281,190381503,446635.006038
2021-11-05,SH601696,中银证券,12.91,9245757,1451684209,2778000000,3586398
2021-11-05,SH688396,华润微,66.94,14027679,433297215,1320091861,8836694.917534
2021-11-05,SH603948,建业股份,31.76,5273300,75052847,160000000,508160
2021-11-05,SZ002976,瑞玛精密,18.98,512120,35265000,120000000,227760
2021-11-05,SH603949,雪龙集团,19.78,3319220,52458000,209806100,414996.4658
2021-11-05,SZ300821,东岳硅材,19.2,35049089,417000000,1200000000,2304000
2021-11-05,SZ300819,聚杰微纤,26.8,3920002,29470000,99470000,266579.6
2021-11-05,SZ300822,贝仕达克,22.31,745150,41505000,160005000,356971.155
2021-11-05,SZ002977,天箭科技,80.9,820216,32062500,71500000,578435
2021-11-05,SZ300823,建科智能,22.6,659073,38174531,93559091,211443.54566
2021-11-05,SH688051,佳华科技,44.53,318559,23370296,77334000,344368.302
2021-11-05,SH603221,爱丽家居,8.4,554800,60720000,240000000,201600
2021-11-05,SH688189,南新制药,27.3,311068,98763400,140000000,382200
2021-11-05,SZ300825,阿尔特,32.15,5996815,244650973,329649472,1059823.05248
2021-11-05,SH688228,开普云,33.11,241275,28897649,67133440,222278.81984
2021-11-05,SZ300826,测绘股份,18.71,667640,50852336,112000000,209552
2021-11-05,SH603353,和顺石油,21.99,817780,61802000,173394000,381293.406
2021-11-05,SZ002979,雷赛智能,26.99,3929968,157408617,301600000,814018.4
2021-11-05,SH688096,京源环保,13.3,404588,74244500,107293500,142700.355
2021-11-05,SH688085,三友医疗,28.78,987883,84210060,205333500,590949.813
2021-11-05,SZ300827,上能电气,117,7746500,53925480,132000480,1544405.616
2021-11-05,SZ002980,华盛昌,28.8,981007,33333400,133333400,384000.192
2021-11-05,SH603095,越剑智能,23.9,599800,37399900,132000000,315480
2021-11-05,SH688222,成都先导,23.91,1402220,279090072,400680000,958025.88
2021-11-05,SZ002981,朝阳科技,22.71,1363900,24000000,96000000,218016
2021-11-05,SZ002978,安宁股份,41.02,2106200,95000000,401000000,1644902
2021-11-05,SH688126,沪硅产业,28.54,12344218,1099925754,2480260000,7078662.04
2021-11-05,SZ300828,锐新科技,25.11,5290192,55574625,110280000,276913.08
2021-11-05,SH603682,锦和商管,5.37,1038300,179550000,472500000,253732.5
2021-11-05,SZ300829,金丹科技,39.98,1636140,99325747,180654547,722256.878906
2021-11-05,SH601609,金田股份,7.96,6422100,597452290,1480474290,1178457.53484
2021-11-05,SZ002982,湘佳股份,42.44,2781308,47187500,101880000,432378.72
2021-11-05,SH688318,财富趋势,140.1,291420,20024754,66670000,934046.7
2021-11-05,SZ002983,芯瑞达,21.08,1515998,51589572,184184000,388259.872
2021-11-05,SH603439,三力制药,12.84,1915199,162283576,407322216,523001.725344
2021-11-05,SZ002985,北摩高科,114.41,2735061,131122955,255272000,2920566.952
2021-11-05,SH603392,万泰生物,222,1389564,150814275,607040000,13476288
2021-11-05,SH688365,光云科技,13.3,1813451,169099820,401000000,533330
2021-11-05,SH603212,赛伍技术,30,5342200,255241976,400010000,1200030
2021-11-05,SZ300830,金现代,12.64,31295445,192860400,430125000,543678
2021-11-05,SZ300831,派瑞股份,15.1,13172583,184484240,320000000,483200
2021-11-05,SZ002987,京北方,28.12,3438154,92980716,224927335,632495.66602
2021-11-05,SH688466,金科环境,20.69,630655,27659900,102760000,212610.44
2021-11-05,SH688588,凌志软件,14.43,2015121,251900760,400010003,577214.434329
2021-11-05,SZ300832,新产业,44.62,1504800,271527960,786659285,3510073.72967
2021-11-05,SH688598,金博股份,343.73,1800406,64780293,80200000,2756714.6
2021-11-05,SZ002988,豪美新材,17.85,1283093,84219359,232770000,415494.45
2021-11-05,SH688566,吉贝尔,20.19,198565,65605984,186941600,377435.0904
2021-11-05,SH601778,晶科科技,8.04,110318150,1741192922,2765501922,2223463.545288
2021-11-05,SZ300833,浩洋股份,83.9,706920,21082000,84327000,707503.53
2021-11-05,SH688516,奥特维,208.13,1226619,51003849,98670000,2053618.71
2021-11-05,SH605001,威奥股份,7.97,481100,239338667,392886000,313130.142
2021-11-05,SZ002990,盛视科技,26.34,577806,63120000,256979000,676882.686
2021-11-05,SZ300835,龙磁科技,64.25,6303726,40301000,70670000,454054.75
2021-11-05,SH603950,长源东谷,16.2,723800,88060895,231522000,375065.64
2021-11-05,SZ300836,佰奥智能,32.96,601600,31773220,49255720,162346.85312
2021-11-05,SH605168,三人行,112.99,552737,30326388,69677800,787289.4622
2021-11-05,SH605288,凯迪股份,65.61,1028202,17500000,70689360,463792.89096
2021-11-05,SH688360,德马科技,31.07,1386835,41509665,85676599,266197.193093
2021-11-05,SZ002986,宇新股份,38.42,2730620,106613500,158676000,609633.192
2021-11-05,SH600918,中泰证券,9.16,15449658,2609069526,6968625756,6383261.192496
2021-11-05,SH601827,三峰环境,8.36,12956300,799741000,1678268000,1403032.048
2021-11-05,SZ300837,浙矿股份,43.35,421407,33250000,100000000,433500
2021-11-05,SH601399,国机重装,3.75,54972525,2377412281,7268263664,2725598.874
2021-11-05,SZ300838,浙江力诺,16.5,1040500,52684000,136340000,224961
2021-11-05,SH688312,燕麦科技,26.44,397725,66333283,143478696,379357.672224
2021-11-05,SH688157,松井股份,90.12,186798,34862200,79600000,717355.2
2021-11-05,SH688599,天合光能,69.6,18368592,1215236453,2068026375,14393463.57
2021-11-05,SZ002989,中天精装,20.16,472100,76340000,151400000,305222.4
2021-11-05,SH688004,博汇科技,30.97,264357,39519020,56800000,175909.6
2021-11-05,SZ300841,康华生物,167.33,1380273,63126563,90000000,1505970
2021-11-05,SH688106,金宏气体,24.03,2876525,259154232,484333400,1163853.1602
2021-11-05,SH605166,聚合顺,10.12,4982483,187605112,315547000,319333.564
2021-11-05,SZ300842,帝科股份,76.82,2986460,69511174,100000000,768200
2021-11-05,SH688505,复旦张江,13.92,972969,263842098,1043000000,1451856
2021-11-05,SZ300824,北鼎股份,19.9,2240977,96147250,217400000,432626
2021-11-05,SH688520,神州细胞,52.11,2158291,70832540,435335714,2268534.405654
2021-11-05,SH688518,联赢激光,42.9,5796937,248969985,299200000,1283568
2021-11-05,SH688555,退市泽达,25.2,266235,40871400,83110000,209437.2
2021-11-05,SH603087,甘李药业,67.93,4742104,288286046,561540000,3814541.22
2021-11-05,SH600956,新天绿能,16.42,18819926,134750000,3849910396,6321552.870232
2021-11-05,SH688558,国盛智科,47.2,2230766,38236868,132000000,623040
2021-11-05,SZ300839,博汇股份,19.6,3461033,60196110,135200000,264992
2021-11-05,SH688528,秦川物联,12.17,302634,49827000,168000000,204456
2021-11-05,SZ300846,首都在线,12.52,27099337,265458267,411316277,514967.978804
2021-11-05,SZ300843,胜蓝股份,27.39,7343791,48480000,148900000,407837.1
2021-11-05,SZ300845,捷安高科,19.79,3700204,63243024,92356000,182772.524
2021-11-05,SH688600,皖仪科技,16.02,383326,66727110,133340000,213610.68
2021-11-05,SH688277,天智航,20.18,2586578,297088088,419846848,847250.939264
2021-11-05,SH688568,中科星图,68,683576,62857319,220000000,1496000
2021-11-05,SH688377,迪威尔,14.69,256403,107483650,194667000,285965.823
2021-11-05,SZ300840,酷特智能,11.36,2012110,154313413,240000000,272640
2021-11-05,SZ300847,中船汉光,14.69,8118620,151026388,296010000,434838.69
2021-11-05,SH688027,国盾量子,175.6,341933,42752250,80000000,1404800
2021-11-05,SZ300849,锦盛新材,12.16,757750,87221146,150000000,182400
2021-11-05,SH605199,ST葫芦娃,20.95,2231492,82740752,400108752,838227.83544
2021-11-05,SH688060,云涌科技,53.72,194210,25500000,60000000,322320
2021-11-05,SZ300850,新强联,243.83,3891925,103615000,193946351,4728993.876433
2021-11-05,SZ300852,四会富仕,54.16,3618138,35595419,101930760,552056.99616
2021-11-05,SH688309,恒誉环保,20.3,185943,43959506,80010733,162421.78799
2021-11-05,SH688180,君实生物,47.31,3321032,427708563,910756700,4308789.9477
2021-11-05,SH688165,埃夫特,10.34,1391425,299135909,521780000,539520.52
2021-11-05,SH688500,慧辰股份,31.76,219496,41617839,74274510,235895.84376
2021-11-05,SH605108,同庆楼,16.36,908395,81654852,260000000,425360
2021-11-05,SH688981,中芯国际,57.27,39494569,1871038200,7903529104,45263511.178608
2021-11-05,SH688579,地纬智能,10.92,1144584,279667100,400010000,436810.92
2021-11-05,SH688567,孚能科技,35.36,5711062,798849393,1070669685,3785888.00616
2021-11-05,SZ300851,交大思诺,28.3,225600,41071400,86933400,246021.522
2021-11-05,SZ300848,美瑞新材,28.02,619000,41838000,133340000,373618.68
2021-11-05,SH688488,艾迪药业,14.67,886111,212881135,420000000,616140
2021-11-05,SH688256,寒武纪,85.1,7834570,240267995,400100000,3404851
2021-11-05,SH688580,伟思医疗,97.61,206333,23806579,68346667,667131.816587
2021-11-05,SH688336,三生国健,18.41,449490,70831378,616211413,1134445.211333
2021-11-05,SH688561,奇安信,90,1033263,456088608,679616000,6116544
2021-11-05,SZ300856,科思股份,51.11,1448001,38820000,112880000,576929.68
2021-11-05,SH688077,大地熊,51.95,2532763,43273000,80000000,415600
2021-11-05,SH688589,力合微,36.49,2124072,55126667,100000000,364900
2021-11-05,SH688069,德林海,47.87,191001,31274762,59470000,284682.89
2021-11-05,SH688418,震有科技,13.65,720411,130187038,193610000,264277.65
2021-11-05,SH688508,芯朋微,133.48,1179203,67339000,112800000,1505654.4
2021-11-05,SZ300855,图南股份,54.37,2905200,110473750,200000000,1087400
2021-11-05,SZ300853,申昊科技,42.88,13479622,92734920,146930400,630037.5552
2021-11-05,SZ300857,协创数据,25.52,1898891,141738782,206557782,527135.459664
2021-11-05,SZ300858,科拓生物,29.36,1194815,53094431,148531845.6,436089.4986816
2021-11-05,SH605188,国光连锁,7.28,542100,60379998,495580000,360782.24
2021-11-05,SH688050,爱博医疗,237.4,721338,68427050,105139272,2496006.31728
2021-11-05,SH603408,建霖家居,13.56,494300,99162131,446680000,605698.08
2021-11-05,SH605118,力鼎光电,13.6,1125300,41000000,407528500,554238.76
2021-11-05,SH605222,起帆电缆,25.46,18197884,100000000,418197000,1064729.562
2021-11-05,SZ002991,甘源食品,58.3,2197038,40788851,93215831,543448.29473
2021-11-05,SH601456,国联民生,12.34,10188362,535320146,2831773168,3494408.089312
2021-11-05,SH688586,江航装备,28.58,3700489,172861229,403744467,1153901.686686
2021-11-05,SH688311,盟升电子,68.34,912757,65978680,114670000,783654.78
2021-11-05,SH605318,法狮龙,13.78,484100,32292788,129171152,177997.847456
2021-11-05,SZ002992,宝明科技,12.56,1123220,74049235,179349235,225262.63916
2021-11-05,SH605399,晨光新材,44.02,8369201,65077840,184000000,809968
2021-11-05,SZ002995,天地在线,26.12,1925500,40572973,91371000,238661.052
2021-11-05,SH605158,华达新材,7.08,881420,144313000,511420000,362085.36
2021-11-05,SZ300859,西域旅游,17.66,1431700,95712500,155000000,273730
2021-11-05,SH688338,赛科希德,43.3,298710,26553250,81648000,353535.84
2021-11-05,SH605066,天正电气,11.09,10172300,228261500,404038000,448078.142
2021-11-05,SH688556,高测股份,68,5232915,118342305,161851400,1100589.52
2021-11-05,SH688339,亿华通,264,633263,50217846,71350991,1883666.1624
2021-11-05,SH688286,敏芯股份,84.34,435094,32396172,53200000,448688.8
2021-11-05,SH688155,先惠技术,100.45,858705,30453814,75630036,759703.71162
2021-11-05,SH605100,华丰股份,23.56,513220,54880000,121380000,285971.28
2021-11-05,SH688313,仕佳光子,11.97,7100899,322431489,458802328,549186.386616
2021-11-05,SH605366,宏柏新材,12.68,5776107,161773130,332000000,420976
2021-11-05,SH688065,凯赛生物,149,429349,169627583,416681976,6208561.4424
2021-11-05,SH688185,康希诺,265.9,1843141,66816707,247449899,6579692.81441
2021-11-05,SZ002993,奥海科技,37.16,2867008,59930000,235040000,873408.64
2021-11-05,SH605088,冠盛股份,14.53,3042399,68984000,165935000,241103.555
2021-11-05,SH600610,中毅达,18.77,22655936,448675225,1071274605,2010782.433585
2021-11-05,SH688055,龙腾光电,7.02,11122386,1786666730,3333333400,2340000.0468
2021-11-05,SH688335,复洁科技,30.47,120253,47313312,72521508,220973.034876
2021-11-05,SH688229,博睿数据,51.4,317785,16234155,44400000,228216
2021-11-05,SH688521,芯原股份,71.5,8768930,204519344,490785019,3509112.88585
2021-11-05,SH605388,均瑶健康,18.3,3985000,140858283,430000000,786900
2021-11-05,SH605333,沪光股份,13.98,4947027,62570000,401000000,560598
2021-11-05,SH688519,南亚新材,38.18,1805796,83549496,234400000,894939.2
2021-11-05,SH603931,格林达,34.6,2093101,82501810,142541700,493194.282
2021-11-05,SH688379,华光新材,19.68,357106,40067500,88000000,173184
2021-11-05,SH688596,正帆科技,23.82,2825508,169747945,256500000,610983
2021-11-05,SH688393,安必平,28.65,220584,59352100,93340000,267419.1
2021-11-05,SH605178,时空科技,41.89,510940,31399738,99251600,415764.9524
2021-11-05,SH605008,长鸿高科,15.21,2419860,202890320,642380414,977060.609694
2021-11-05,SZ300873,海晨股份,51.22,1663337,67186534,133333334,682933.336748
2021-11-05,SZ300872,天阳科技,29.8,3736968,142373157,224682030,669552.4494
2021-11-05,SZ300871,回盛生物,26.75,926500,78750000,166248527,444714.809725
2021-11-05,SZ300875,捷强装备,62.15,877944,34423368,76795963,477286.910045
2021-11-05,SZ300877,金春股份,23.78,945301,50500000,120000000,285360
2021-11-05,SZ300864,南大环境,45.82,692371,22800000,91200000,417878.4
2021-11-05,SZ300862,蓝盾光电,31.45,884069,85864658,131869930,414730.92985
2021-11-05,SZ300878,维康药业,39.27,253111,20864114,80439068,315884.220036
2021-11-05,SZ300865,大宏立,24.82,382600,28166655,95680000,237477.76
2021-11-05,SZ300866,安克创新,92.4,2120024,150940148,406427207,3755387.39268
2021-11-05,SZ300870,欧陆通,78.75,1910272,39096723,101200000,796950
2021-11-05,SZ300869,康泰医学,33.57,6439723,213607548,401796800,1348831.8576
2021-11-05,SZ300860,锋尚文化,43.5,1893026,41940704,136940708,595692.0798
2021-11-05,SZ300868,杰美特,24.11,678993,50222580,128000000,308608
2021-11-05,SZ300876,蒙泰高新,27.86,501910,28320000,96000000,267456
2021-11-05,SZ300867,圣元环保,26.85,2861321,154617467,271741053,729624.727305
2021-11-05,SZ300863,卡倍亿,75.15,2380517,18720000,55230000,415053.45
2021-11-05,SZ300861,美畅股份,82.21,2938845,175557968,400010000,3288482.21
2021-11-05,SH605255,天普股份,15.26,1657800,33520000,134080000,204606.08
2021-11-05,SH605123,派克新材,101.16,1436470,41450000,108000000,1092528
2021-11-05,SH688356,键凯科技,283.86,686341,35237543,60000000,1703160
2021-11-05,SH688408,中信博,214.01,1372239,71685596,135715480,2904446.98748
2021-11-05,SZ002996,顺博合金,14.26,2550952,126064674,439000000,626014
2021-11-05,SH688017,绿的谐波,152.28,732523,65088986,120416700,1833705.5076
2021-11-05,SH688289,圣湘生物,57.36,2017358,237155160,400000000,2294400
2021-11-05,SH688215,瑞晟智能,32.48,158467,15430982,40040000,130049.92
2021-11-05,SH688569,铁科轨道,17.79,278713,50560032,210666700,374776.0593
2021-11-05,SZ300881,盛德鑫泰,24.46,725956,25000000,100000000,244600
2021-11-05,SZ300880,迦南智能,22.94,2004693,70014000,160032000,367113.408
2021-11-05,SZ300879,大叶股份,18.49,809600,55000000,160000000,295840
2021-11-05,SH603155,新亚强,56.95,4389700,38890000,155560000,885914.2
2021-11-05,SH688550,瑞联新材,90.13,477714,47300004,70181579,632546.571527
2021-11-05,SH688513,苑东生物,44.98,342111,60688300,120090000,540164.82
2021-11-05,SH688056,莱伯泰科,45.63,401445,25355000,67000000,305721
2021-11-05,SH605006,山东玻纤,13.92,9414298,236298639,500000000,696000
2021-11-05,SZ002999,天禾股份,6.21,1286320,217217000,347592000,215854.632
2021-11-05,SZ002997,瑞鹄模具,15.29,2003300,114450000,183600000,280724.4
2021-11-05,SH688378,奥来德,73.5,512766,46102752,73136700,537554.745
2021-11-05,SH688390,固德威,439.98,1019151,49961791,88000000,3871824
2021-11-05,SH601702,华峰铝业,12.4,27101567,277930000,998530600,1238177.944
2021-11-05,SH605003,众望布艺,21,166675,27500000,110000000,231000
2021-11-05,SH688095,福昕软件,141.11,331408,28978800,48140000,679303.54
2021-11-05,SH688559,海目星,64.7,2495904,121762575,200000000,1294000
2021-11-05,SH688551,科威尔,65.9,1669401,25202900,80000000,527200
2021-11-05,SZ300882,万胜智能,19.5,6802893,57606120,204429420,398637.369
2021-11-05,SZ300885,海昌新材,18.6,1860441,55100000,152000000,282720
2021-11-05,SZ300883,龙利得,8.14,7108104,238897100,346000000,281644
2021-11-05,SZ002984,森麒麟,35,8396651,323127863,649668940,2273841.29
2021-11-05,SH605358,立昂微,132.59,9662802,282757888,457329952,6063737.833568
2021-11-05,SH605009,豪悦护理,54.44,1893296,56177172,158938300,865260.1052
2021-11-05,SZ003000,劲仔食品,9.6,4408627,239373392,403200000,387072
2021-11-05,SH605128,上海沿浦,28.18,373300,41710000,80000000,225440
2021-11-05,SH605369,拱东医疗,90.9,208620,28000000,112607620,1023603.2658
2021-11-05,SZ300889,爱克股份,17.73,1593989,78507750,156000000,276588
2021-11-05,SH688577,浙海德曼,55.1,637993,18296720,53971720,297384.1772
2021-11-05,SZ300886,华业香料,24.37,531700,49311600,74555000,181690.535
2021-11-05,SZ300887,谱尼测试,69.25,839900,34180500,137020570,948867.44725
2021-11-05,SH603112,华翔股份,12.7,2687475,153864926,436090490,553834.9223
2021-11-05,SZ300890,翔丰华,63.76,10009388,77939517,100000000,637600
2021-11-05,SZ300891,惠云钛业,15.7,5889685,230720000,400000000,628000
2021-11-05,SZ300888,稳健医疗,81.78,2918350,136053460,426492308,3487854.094824
2021-11-05,SH688301,奕瑞科技,450.31,482212,40750140,72547826,3266901.152606
2021-11-05,SH605198,安德利,18.22,2103653,83746040,367300000,669220.6
2021-11-05,SZ003006,百亚股份,17.9,2529792,215467800,427777800,765722.262
2021-11-05,SZ003003,天元股份,10.89,589300,90055500,176720000,192448.08
2021-11-05,SH605116,奥锐特,12.99,369600,77331200,401000000,520899
2021-11-05,SH688536,思瑞浦,779.77,412703,42774030,80000000,6238160
2021-11-05,SH688127,蓝特光学,16.76,10533370,129216700,402845000,675168.22
2021-11-05,SZ003002,壶化股份,10.83,715148,77419400,200000000,216600
2021-11-05,SH688526,科前生物,26.15,864668,114542878,465133200,1216323.318
2021-11-05,SZ003005,竞业达,28.3,325778,47410000,106000000,299980
2021-11-05,SH688156,路德科技,17.29,509736,69651100,91840000,158791.36
2021-11-05,SZ003008,开普检测,27.16,703436,39445573,80000000,217280
2021-11-05,SZ003007,直真科技,16.86,2377050,63882970,104000000,175344
2021-11-05,SH605050,福然德,10.42,1109131,151500000,435000000,453270
2021-11-05,SZ300893,松原安全,26.09,8406060,37500000,150000000,391350
2021-11-05,SZ300895,铜牛信息,41.23,8918110,53738131,116364180,479769.51414
2021-11-05,SZ300892,品渥食品,40.4,2426118,30625000,100000000,404000
2021-11-05,SZ002998,优彩资源,8.51,1742200,152011400,326398400,277765.0384
2021-11-05,SZ003009,中天火箭,61.51,2681974,44011573,155392313,955818.117263
2021-11-05,SH603565,中谷物流,30.26,3113315,201444753,958757808,2901201.127008
2021-11-05,SZ003010,若羽臣,19.72,917213,73032792,121699840,239992.08448
2021-11-05,SH605218,伟时电子,15.11,7035197,88257078,212833460,321591.35806
2021-11-05,SZ300897,山科智能,32.09,245342,19697413,68000000,218212
2021-11-05,SH688595,芯海科技,100.87,2816690,52629725,100000000,1008700
2021-11-05,SH688585,上纬新材,10.2,1564709,81884678,403200000,411264
2021-11-05,SZ300896,爱美客,564,1769090,104108515,216360000,12202704
2021-11-05,SH605111,新洁能,169.8,5229161,101477600,141680000,2405726.4
2021-11-05,SH688013,天臣医疗,24.24,188954,33799555,80000000,193920
2021-11-05,SH605136,丽人丽妆,26.15,5402937,195652951,402030000,1051308.45
2021-11-05,SH605018,长华集团,12.83,1305286,41680000,416680000,534600.44
2021-11-05,SZ003011,海象新材,31.48,2860710,34186821,102676000,323224.048
2021-11-05,SH688093,世华科技,38.6,632375,41204750,172000000,663920
2021-11-05,SH605099,共创草坪,34.5,2164900,40090000,402241000,1387731.45
2021-11-05,SH605338,巴比食品,34.02,2413472,83792557,248000000,843696
2021-11-05,SZ003001,中岩大地,18.57,527625,43715970,127537903,236837.885871
2021-11-05,SZ300999,金龙鱼,67.13,31115627,542163297,5421591536,36395143.981168
2021-11-05,SH688330,宏力达,96.13,907064,45209180,100000000,961300
2021-11-05,SZ300899,*ST凯鑫,29.7,637716,31817702,63783466,189436.89402
2021-11-05,SH688386,泛亚微透,57.03,400564,46720688,70000000,399210
2021-11-05,SZ300898,熊猫乳品,29.88,3602732,50906750,124000000,370512
2021-11-05,SH605336,帅丰电器,30.39,1587293,44800000,142025000,431613.975
2021-11-05,SZ003012,东鹏控股,11.69,3258297,642619222,1190660000,1391881.54
2021-11-05,SH601568,北元集团,8.02,4107678,2060594445,3611111112,2896111.111824
2021-11-05,SH605058,澳弘电子,24.09,1360532,35731000,142923950,344303.79555
2021-11-05,SZ003015,日久光电,10.92,4648202,196134816,281066667,306924.800364
2021-11-05,SZ003013,地铁设计,18.73,793055,60203146,400010000,749218.73
2021-11-05,SH688788,科思科技,135.4,692456,46315054,75534232,1022733.50128
2021-11-05,SH688129,东来技术,17.2,1904388,40280300,120000000,206400
2021-11-05,SH688179,阿拉丁,64.48,1222749,50787230,100933400,650818.5632
2021-11-05,SZ003017,大洋生物,32.95,209000,38376789,60000000,197700
2021-11-05,SZ003016,欣贺股份,10.02,4142505,145594700,431598700,432461.8974
2021-11-05,SH601187,厦门银行,6.95,7121600,972717875,2639127888,1834193.88216
2021-11-05,SH688221,前沿生物,14.88,1973628,187978671,359760000,535322.88
2021-11-05,SZ300900,广联航空,30.22,4249768,138650000,210240000,635345.28
2021-11-05,SH689009,九号公司,63,1128549,442994827,704688420,4439537.046
2021-11-05,SZ300902,国安达,25.51,1552500,53019000,127980000,326476.98
2021-11-05,SZ300901,中胤时尚,11.91,1976345,121668000,240000000,285840
2021-11-05,SH605169,洪通燃气,17.52,7440396,52000000,208000000,364416
2021-11-05,SH688133,泰坦科技,209,1071982,46204073,76248960,1593603.264
2021-11-05,SH601995,中金公司,46.17,16143144,531121281,4827256868,22287444.959556
2021-11-05,SZ300903,科翔股份,26.46,3903588,91291169,172337694,456005.538324
2021-11-05,SZ300906,日月明,30.7,1839770,31559674,80000000,245600
2021-11-05,SZ300905,宝丽迪,23.76,1253557,47392590,144000000,342144
2021-11-05,SZ003018,金富科技,10.08,689137,65000000,260000000,262080
2021-11-05,SH688529,豪森智能,24.96,988542,30400000,128000000,319488
2021-11-05,SH605007,五洲特纸,17.1,1444888,40010000,400010000,684017.1
2021-11-05,SH688057,金达莱,24.83,341541,68837219,276000000,685308
2021-11-05,SH688135,利扬芯片,46.95,3123017,30690000,136400000,640398
2021-11-05,SH688160,步科股份,34.24,368897,19950000,84000000,287616
2021-11-05,SZ300884,狄耐克,18.5,834460,45000000,180000000,333000
2021-11-05,SZ003019,宸展光电,32.21,8741971,32000000,128000000,412288
2021-11-05,SZ300909,汇创达,41.48,1152621,25226666,100906663,418560.838124
2021-11-05,SZ300907,康平科技,23.57,496506,24000000,96000000,226272
2021-11-05,SH688219,会通股份,12.09,1716442,45240346,459283632,555273.911088
2021-11-05,SZ300908,仲景食品,54.67,3722467,25000000,100000000,546700
2021-11-05,SH605068,明新旭腾,30.71,460982,41500000,166000000,509786
2021-11-05,SH688777,中控技术,88.16,909987,43757139,494084000,4355844.544
2021-11-05,SH605177,东亚药业,25.52,223600,28400000,113600000,289907.2
2021-11-05,SZ003004,*ST声迅,25.16,724724,20460000,81840000,205909.44
2021-11-05,SZ300910,瑞丰新材,76.84,455727,37500000,150000000,1152600
2021-11-05,SH605266,健之佳,76.9,401100,17225000,69525820,534653.5558
2021-11-05,SZ300916,朗特智能,60.12,543282,15975000,63870000,383986.44
2021-11-05,SH688557,兰剑智能,25.45,195963,17261500,72670000,184945.15
2021-11-05,SH688578,艾力斯,34.65,5413083,75143800,450000000,1559250
2021-11-05,SZ300915,海融科技,62.12,1968968,22500000,90000000,559080
2021-11-05,SH605258,协和电子,28.24,470700,22000000,88000000,248512
2021-11-05,SZ300911,亿田智能,65.2,841268,26666700,108093200,704767.664
2021-11-05,SZ003021,兆威机电,70.29,1512161,42672000,171434720,1205014.64688
2021-11-05,SH601686,友发集团,9.23,910800,142000000,1438556600,1327787.7418
2021-11-05,SH605183,确成股份,17.67,2506700,48720375,417587900,737877.8193
2021-11-05,SZ300912,凯龙高科,27.51,2368400,28000000,111968000,308023.968
2021-11-05,SZ300913,兆龙互连,28.43,4917019,30625000,122500000,348267.5
2021-11-05,SH688590,新致软件,17.33,1554456,38679760,182022280,315444.61124
2021-11-05,SH605376,博迁新材,69.52,3147764,65400000,261600000,1818643.2
2021-11-05,SZ003022,联泓新科,45.52,22216060,191568000,1335568000,6079505.536
2021-11-05,SH688308,欧科亿,70.3,1617785,23877200,100000000,703000
2021-11-05,SZ003025,思进智能,28.7,1202353,28140000,112546000,323007.02
2021-11-05,SZ003023,彩虹集团,29.48,2641252,20300000,81032000,238882.336
2021-11-05,SH688571,杭华股份,7.92,1173607,76432700,320000000,253440
2021-11-05,SH688136,科兴制药,26.61,706477,42720758,198700650,528742.42965
2021-11-05,SZ003020,立方制药,39.63,196327,23160000,92640000,367132.32
2021-11-05,SH605299,舒华体育,19.02,2936200,50000000,411499000,782671.098
2021-11-05,SH605151,西上海,17.27,1351892,33340000,133340000,230278.18
2021-11-05,SH688608,恒玄科技,237.1,453347,24000000,120000000,2845200
2021-11-05,SH688510,航亚科技,22.99,1996874,51680000,258382608,594021.615792
2021-11-05,SZ000995,皇台酒业,23.01,7197895,177408000,177408000,408215.808
2021-11-05,SZ003027,同兴科技,23.24,628426,32505000,132068000,306926.032
2021-11-05,SZ003026,中晶科技,75.2,1495404,24947000,99760000,750195.2
2021-11-05,SH688699,明微电子,223.06,1103038,17662400,74368000,1658852.608
2021-11-05,SH688668,鼎通科技,51.8,590477,21290000,85140000,441025.2
2021-11-05,SZ300917,特发服务,22.87,526441,29380000,130000000,297310
2021-11-05,SH605500,森林包装,16.92,1424531,50000000,200000000,338400
2021-11-05,SH605186,健麾信息,38.1,1544955,34000000,136000000,518160
2021-11-05,SZ300921,南凌科技,20.57,1765319,32814000,131687370,270880.92009
2021-11-05,SZ300918,南山智尚,9.46,5343844,90000000,360000000,340560
2021-11-05,SH688678,福立旺,23.72,2801200,36847500,173350000,411186.2
2021-11-05,SZ300919,中伟新材,166.15,4804932,50285900,569650000,9464734.75
2021-11-05,SZ300923,研奥股份,28.46,394161,19650000,78600000,223695.6
2021-11-05,SH688658,悦康药业,21.07,525854,89483700,450000000,948150
2021-11-05,SZ003029,吉大正元,19.94,590831,45100000,185400000,369687.6
2021-11-05,SH688560,明冠新材,28.43,2089400,36196100,164087736,466501.433448
2021-11-05,SZ300922,天秦装备,45.54,7091167,28002000,112008000,510084.432
2021-11-05,SZ300920,润阳科技,27.77,633698,25000000,100000000,277700
2021-11-05,SH688679,通源环境,11.52,322440,31433599,131689675,151706.5056
2021-11-05,SH601956,东贝集团,6.24,2786540,207000000,511320000,319063.68
2021-11-05,SH605179,一鸣食品,15.03,4461674,61000000,401000000,602703
2021-11-05,SZ003028,振邦智能,40.16,1321079,27400000,111002880,445787.56608
2021-11-05,SH605377,华旺科技,16.27,1888520,71353380,287057380,467042.35726
2021-11-05,SH688698,伟创电气,22.76,1353078,38250000,180000000,409680
2021-11-05,SH688618,三旺通信,39.6,251220,11437785,50527495,200088.8802
2021-11-05,SH688063,派能科技,212.05,2128339,38435464,154844533,3283478.322265
2021-11-05,SZ300925,法本信息,27.99,11484304,55029000,220099166,616057.565634
2021-11-05,SZ300894,火星人,48.48,1217299,40500000,405000000,1963440
2021-11-05,SH688686,奥普特,308.14,502276,17793572,82475670,2541405.29538
2021-11-05,SH605155,西大门,19.36,432100,24000000,96000000,185856
2021-11-05,SZ003031,中瓷电子,68.17,1462419,37333333,149333333,1018005.331061
2021-11-05,SZ003030,祖名股份,25.35,1352274,31200000,124780000,316317.3
2021-11-05,SH605277,新亚电子,29.7,7694975,33360000,136424400,405180.468
2021-11-05,SZ300928,华安鑫创,40.75,587400,20000000,80000000,326000
2021-11-05,SZ300926,博俊科技,21.43,4024918,35533400,142133400,304591.8762
2021-11-05,SH688617,惠泰医疗,294.27,268834,14336200,66670000,1961898.09
2021-11-05,SZ300927,江天化学,34.5,2642625,20050000,80200000,276690
2021-11-05,SZ003033,征和工业,25.6,305200,20450000,81750000,209280
2021-11-05,SZ003032,*ST传智,21.67,4134162,40244750,402447500,872103.7325
2021-11-05,SH688656,浩欧博,61.8,294661,13399895,63058328,389700.46704
2021-11-05,SH688819,天能股份,42.85,2236412,106226073,972100000,4165448.5
2021-11-05,SH688317,之江生物,47.98,645183,42738817,194704350,934191.4713
2021-11-05,SZ003035,南网能源,8.1,18019846,757575757,3787878787,3068181.81747
2021-11-05,SH605005,合兴股份,22.16,12297088,40100000,401000000,888616
2021-11-05,SH605228,神通科技,8.37,2001007,80000000,420000000,351540
2021-11-05,SZ300929,华骐环保,26.3,1792920,18944647,82583098,217193.54774
2021-11-05,SZ300935,盈建科,53.32,236999,14130000,56505000,301284.66
2021-11-05,SH605398,新炬网络,36.26,566200,14874552,59498208,215740.502208
2021-11-05,SZ300931,通用电梯,10.99,2617873,60040000,240146000,263920.454
2021-11-05,SZ300930,屹通新材,29.15,2429035,25000000,100000000,291500
2021-11-05,SZ300932,三友联众,37.5,4746864,31500000,125629513,471110.67375
2021-11-05,SZ300933,中辰股份,11.02,6602780,91700000,458500000,505267
2021-11-05,SH688680,海优新材,289,784988,20169600,84020000,2428178
2021-11-05,SH688669,聚石化学,32.89,1427529,19908596,93333334,306973.335526
2021-11-05,SZ300936,中英科技,38.98,816700,18800000,75200000,293129.6
2021-11-05,SZ300937,药易购,40.9,1700185,23916671,95666682,391276.72938
2021-11-05,SH688689,银河微电,37.2,4428878,30495000,128400000,477648
2021-11-05,SZ300938,信测标准,41.36,290800,16275000,65100000,269253.6
2021-11-05,SZ003036,泰坦股份,11.29,1933745,54000000,216000000,243864
2021-11-05,SZ300939,秋田微,50.61,1713010,20000000,80000000,404880
2021-11-05,SH688350,富淼科技,19.18,311241,25967500,122150000,234283.7
2021-11-05,SH605055,迎丰股份,7.14,1223100,80000000,440000000,314160
2021-11-05,SH605368,蓝天燃气,14.09,3167704,65500000,462702000,651947.118
2021-11-05,SH688628,优利德,24.28,279894,26125000,110000000,267080
2021-11-05,SH688607,康众医疗,36.52,1570498,19195298,88129027,321847.206604
2021-11-05,SZ300940,南极光,39.1,5361941,29606423,118425692,463044.45572
2021-11-05,SZ003037,三和管桩,9.85,830800,68000000,503836583,496279.034255
2021-11-05,SH601963,重庆银行,8.57,2678300,347450534,3474505339,2977651.075523
2021-11-05,SH600916,中国黄金,14.08,4906869,180000000,1680000000,2365440
2021-11-05,SH688687,凯因科技,23.05,1004712,40352519,169828422,391454.51271
2021-11-05,SH688059,华锐精密,162.05,324647,9351700,44008000,713149.64
2021-11-05,SH605337,李子园,46.55,8866449,54180000,216720000,1008831.6
2021-11-05,SZ300946,恒而达,76.32,1603425,16670000,66670000,508825.44
2021-11-05,SH605077,华康股份,43.18,1201450,40796000,163184000,704628.512
2021-11-05,SZ300941,创识科技,38.83,1989852,34125000,136500000,530029.5
2021-11-05,SZ300942,易瑞生物,25.91,1030233,40860000,400860000,1038628.26
2021-11-05,SH688665,四方光电,165,724750,15040981,70000000,1155000
2021-11-05,SH605081,*ST太和,31.01,325205,19530000,78101429,242192.531329
2021-11-05,SZ300947,德必集团,31.45,557743,20211000,80843998,254254.37371
2021-11-05,SZ003038,鑫铂股份,56.8,2909210,26610000,106437540,604565.2272
2021-11-05,SZ300943,春晖智控,20.64,1025112,30600000,135880000,280456.32
2021-11-05,SZ300945,曼卡龙,16.93,5147965,51000000,204000000,345372
2021-11-05,SH688070,纵横股份,33.06,526231,18785736,87580000,289539.48
2021-11-05,SH688619,罗普特,19.37,776145,44758535,187288015,362776.885055
2021-11-05,SH605133,嵘泰股份,17.71,759072,40000000,160000000,283360
2021-11-05,SH605268,王力安防,11.4,1079621,67000000,436000000,497040
2021-11-05,SZ300948,冠中生态,21.04,1151468,35010000,140010000,294581.04
2021-11-05,SH688183,生益电子,13.33,3411468,116454800,831821175,1108817.626275
2021-11-05,SH688677,海泰新光,86,224138,18513000,86980000,748028
2021-11-05,SZ300951,博硕科技,95.08,4305715,20000000,80000000,760640
2021-11-05,SZ300949,奥雅股份,42.87,195700,15000000,60000000,257220
2021-11-05,SH605060,联德股份,17.02,2870852,60000000,240000000,408480
2021-11-05,SH605298,必得科技,17.31,436100,27000000,108000000,186948
2021-11-05,SH605303,园林股份,13.77,840940,40309352,161237408,222023.910816
2021-11-05,SH688079,美迪凯,14.14,5801426,73366945,401333334,567485.334276
2021-11-05,SH688696,极米科技,560.04,281663,10801335,50000000,2800200
2021-11-05,SZ300950,德固特,35.73,1107719,25000000,100000000,357300
2021-11-05,SZ003039,顺控发展,30.04,1712162,62000000,617518730,1855026.26492
2021-11-05,SH605208,永茂泰,19.88,1272133,47000000,188000000,373744
2021-11-05,SH688328,深科达,36.16,592822,18217700,81040000,293040.64
2021-11-05,SH688676,金盘科技,22.18,8202029,36184500,425700000,944202.6
2021-11-05,SH605122,四方新材,20.45,438682,43260000,172354000,352463.93
2021-11-05,SH688083,中望软件,332.81,538206,14102692,61943857,2061553.504817
2021-11-05,SZ300952,恒辉安防,21.8,858636,36232000,144927653,315942.28354
2021-11-05,SH688667,菱电电控,136.46,661204,12369637,51600000,704133.6
2021-11-05,SH688316,青云科技,50.85,297942,11400000,47462175,241345.159875
2021-11-05,SH688456,有研粉材,25.47,846999,28500000,103660000,264022.02
2021-11-05,SH688616,西力科技,12.34,820166,35972900,150000000,185100
2021-11-05,SZ300953,震裕科技,143.78,2753984,20943000,93080000,1338304.24
2021-11-05,SH688092,爱科科技,38.04,488791,12805860,59158392,225038.523168
2021-11-05,SH605389,长龄液压,45.05,329008,24333400,97333400,438486.967
2021-11-05,SH605286,同力天启,33.77,13037063,42000000,168000000,567336
2021-11-05,SZ300959,线上线下,47.69,853653,20000000,80000000,381520
2021-11-05,SZ003040,楚天龙,25.08,15732948,78393115,461135972,1156529.017776
2021-11-05,SH688609,九联科技,12.99,8309751,85000000,500000000,649500
2021-11-05,SH688633,星球石墨,68.54,651970,17274168,72733334,498514.271236
2021-11-05,SZ300955,嘉亨家化,33.36,2041417,25200000,100800000,336268.8
2021-11-05,SH688606,奥泰生物,108.35,207224,13051134,53904145,584051.411075
2021-11-05,SZ300957,贝泰妮,223.71,1639169,60960100,423600000,9476355.6
2021-11-05,SZ300956,英力股份,25.67,7698133,33000000,132000000,338844
2021-11-05,SH688195,腾景科技,21.13,2012367,32137800,129350000,273316.55
2021-11-05,SH603759,海天股份,15.91,1575382,78000000,312000000,496392
2021-11-05,SH688329,艾隆科技,36.57,818998,16907600,77200000,282320.4
2021-11-05,SZ300960,通业科技,23.74,1557718,25600000,102385812,243063.917688
2021-11-05,SZ300958,建工修复,25.8,1117542,32097708,142656479,368053.71582
2021-11-05,SH688661,和林微纳,98.3,1183445,17000000,80000000,786400
2021-11-05,SH688109,品茗科技,49.9,231154,12920000,54374000,271326.26
2021-11-05,SZ300961,深水海纳,20.54,1537260,44324480,177280000,364133.12
2021-11-05,SH688626,翔宇医疗,49.79,1903464,38719800,160000000,796640
2021-11-05,SH688659,元琛科技,12.27,1292089,38281600,160000000,196320
2021-11-05,SH688662,富信科技,35.09,511462,21495300,88240000,309634.16
2021-11-05,SH688630,芯碁微装,64.53,3774721,25672082,120800000,779522.4
2021-11-05,SZ300965,恒宇信通,67.18,555709,15000000,60000000,403080
2021-11-05,SZ003041,真爱美家,20.94,607988,25000000,100000000,209400
2021-11-05,SZ003042,中农联合,22.49,374348,27400000,109600000,246490.4
2021-11-05,SH688260,昀冢科技,16.13,930245,28500000,120000000,193560
2021-11-05,SZ003043,华亚智能,79.25,6846733,20000000,80000000,634000
2021-11-05,SH603324,盛剑科技,62.88,1854571,30987004,123920000,779208.96
2021-11-05,SH688191,智洋创新,22.2,5142896,36408136,153046047,339762.22434
2021-11-05,SH688636,智明达,137.32,340156,10625000,50335600,691208.4592
2021-11-05,SZ300966,共同药业,35.47,1764634,29000000,115277000,408887.519
2021-11-05,SZ300963,中洲特材,23.95,1167955,30000000,120000000,287400
2021-11-05,SH688468,科美诊断,16.51,1135578,35952300,401000000,662051
2021-11-05,SZ300962,中金辐照,18.39,1947690,66000500,264001897,485499.488583
2021-11-05,SH688611,杭州柯林,64.75,403683,13276250,55900000,361952.5
2021-11-05,SZ300969,恒帅股份,147.97,3608041,20000000,80000000,1183760
2021-11-05,SH688683,莱尔科技,24.95,1499309,32206200,148560000,370657.2
2021-11-05,SZ300970,华绿生物,26.89,4387406,29180000,116700000,313806.3
2021-11-05,SH605378,野马电池,28.36,1820905,33340000,133340000,378152.24
2021-11-05,SH688315,诺禾致源,42.63,1607582,35028000,400200000,1706052.6
2021-11-05,SZ300967,晓鸣股份,29.15,17294594,47000000,187506000,546579.99
2021-11-05,SH688663,新风光,61,7475742,31491000,139950000,853695
2021-11-05,SZ300971,博亚精工,37.23,1415501,20999500,84000000,312732
2021-11-05,SZ300973,立高食品,142.25,638146,38106000,169340000,2408861.5
2021-11-05,SZ300968,格林精密,12.92,5617585,93042000,413380000,534086.96
2021-11-05,SH601279,英利汽车,7.29,7257673,149425316,1494253157,1089310.551453
2021-11-05,SH605086,龙高股份,21.82,592500,32000000,128000000,279296
2021-11-05,SZ300972,万辰集团,14.55,3486292,38375000,153500000,223342.5
2021-11-05,SH688533,上声电子,27.35,9141633,34505600,160000000,437600
2021-11-05,SZ300976,达瑞电子,84.94,3826075,23496600,93986400,798320.4816
2021-11-05,SH605117,德业股份,300,3803247,42667000,170667000,5120010
2021-11-05,SH688682,霍莱沃,129.98,674207,7862500,37000000,480926
2021-11-05,SZ300983,尤安设计,77.22,205800,20000000,80000000,617760
2021-11-05,SZ300977,深圳瑞捷,49.04,553582,16800000,68378900,335330.1256
2021-11-05,SZ300980,祥源新材,37.5,492101,17974514,71898056,269617.71
2021-11-05,SH605016,百龙创园,28.71,1520554,31800000,126800000,364042.8
2021-11-05,SH688201,信安世纪,46.34,877808,19789650,93127756,431554.021304
2021-11-05,SH605098,行动教育,46.2,1001843,21090000,84341857,389659.37934
2021-11-05,SZ300975,商络电子,16.8,2503187,45664300,420000000,705600
2021-11-05,SH688639,华恒生物,68.92,1417657,24790739,108000000,744336
2021-11-05,SZ300979,华利集团,92.92,1071264,83591100,1167000000,10843764
2021-11-05,SZ300978,东箭科技,17.43,10682963,42500000,422702739,736770.874077
2021-11-05,SH605289,罗曼股份,27.15,3655805,21670000,86670000,235309.05
2021-11-05,SZ300981,中红医疗,74.75,2454898,41670000,166670000,1245858.25
2021-11-05,SZ300982,苏文电能,62.7,1471451,35079567,140318267,879795.53409
2021-11-05,SH605089,味知香,73.2,2647980,25000000,100000000,732000
2021-11-05,SH688383,新益昌,124.53,457609,24449920,102133600,1271869.7208
2021-11-05,SZ001201,东瑞股份,38.19,1721515,44338000,177338000,677253.822
2021-11-05,SH688323,瑞华泰,26.04,851730,38250000,180000000,468720
2021-11-05,SZ001202,炬申股份,16.62,972226,32242000,128800000,214065.6
2021-11-05,SZ300985,致远新能,30.57,3679933,33333400,133333400,407600.2038
2021-11-05,SH688395,正弦电气,26.5,581346,18410000,86000000,227900
2021-11-05,SH605300,佳禾食品,20.7,11451553,40010000,400010000,828020.7
2021-11-05,SH605180,华生科技,34.15,1921816,25000000,100000000,341500
2021-11-05,SZ300986,志特新材,65.07,2152373,29266667,117066667,761752.802169
2021-11-05,SH688113,联测科技,62.16,154418,14558920,63700000,395959.2
2021-11-05,SH605305,中际联合,124.35,1298819,27500000,110000000,1367850
2021-11-05,SH605080,浙江自然,68.5,522816,25280900,101123600,692696.66
2021-11-05,SH600906,财达证券,11.34,18320081,500000000,3245000000,3679830
2021-11-05,SZ300989,蕾奥规划,41.42,233700,15000000,60000000,248520
2021-11-05,SZ001203,大中矿业,14.51,5546221,218940000,1508000000,2188108
2021-11-05,SZ300987,川网传媒,23.79,3052709,29141688,133360000,317263.44
2021-11-05,SH605196,华通线缆,9.9,5879900,76000000,506822098,501753.87702
2021-11-05,SH688655,迅捷兴,17.9,1722159,31959096,133390000,238768.1
2021-11-05,SZ300988,津荣天宇,34.83,967265,18476800,73880000,257324.04
2021-11-05,SH688097,博众精工,43,1635577,37815367,402516500,1730820.95
2021-11-05,SZ300990,同飞股份,117.77,2103398,13000000,52000000,612404
2021-11-05,SH688355,明志科技,23.84,642480,25024014,123077692,293417.217728
2021-11-05,SZ001205,盛航股份,20.12,522259,30066667,120266667,241976.534004
2021-11-05,SH688685,迈信林,26.04,1588093,22750378,111866667,291300.800868
2021-11-05,SH605488,福莱新材,24.83,383500,30000000,120000000,297960
2021-11-05,SH688565,力源科技,14.34,708633,24338236,106950000,153366.3
2021-11-05,SH688217,睿昂基因,57.37,261805,11378597,55577060,318845.59322
2021-11-05,SH688575,亚辉龙,26.53,858329,33132997,405000000,1074465
2021-11-05,SH688314,康拓医疗,63.95,331562,11808428,58027980,371088.9321
2021-11-05,SH605339,南侨食品,35.06,8159797,63529412,423529412,1484894.118472
2021-11-05,SZ001206,依依股份,44.27,1171417,23583400,94333576,417614.740952
2021-11-05,SH688660,电气风电,14.34,63876367,364216788,1333333400,1912000.0956
2021-11-05,SZ300991,创益通,31.89,1073998,21338204,90000000,287010
2021-11-05,SH688076,ST诺泰,39.78,1187907,43196753,213183800,848045.1564
2021-11-05,SH688613,奥精医疗,57.51,675861,27399171,133333334,766800.003834
2021-11-05,SH688359,三孚新科,56.32,579873,22048935,92180000,519157.76
2021-11-05,SZ300993,玉马科技,22.12,1349477,31223318,131680000,291276.16
2021-11-05,SZ300992,泰福泵业,23.82,863117,21529330,90800000,216285.6
2021-11-05,SZ300614,百川畅银,42.03,2004147,38039259,160434469,674306.073207
2021-11-05,SH600032,浙江新能,16.19,47715600,208000000,2080000000,3367520
2021-11-05,SH605090,九丰能源,27.86,4200096,82969866,442969866,1234114.046676
2021-11-05,SZ300995,奇德新材,26.18,670749,19955189,84160000,220330.88
2021-11-05,SH603836,海程邦达,23.01,10913855,51310000,205235237,472246.280337
2021-11-05,SH605499,东鹏饮料,185.82,1201219,40010000,400010000,7432985.82
2021-11-05,SH605296,神农集团,39.51,1395611,40030000,400229012,1581304.826412
2021-11-05,SZ301001,凯淳股份,33.95,3300330,20000000,80000000,271600
2021-11-05,SH605189,富春染织,21.14,850767,31200000,124800000,263827.2
2021-11-05,SZ301000,肇民科技,59.94,705113,13333500,53333500,319680.999
2021-11-05,SH688538,和辉光电,3.01,21177811,2182502798,13809437625,4156640.725125
2021-11-05,SH603511,爱慕股份,21.75,989700,40010000,400010000,870021.75
2021-11-05,SZ301005,超捷股份,56.66,449000,14281726,57126903,323681.032398
2021-11-05,SZ301003,江苏博云,50.25,251525,14566667,58266667,292790.001675
2021-11-05,SZ300998,宁波方正,26.58,3404494,22699400,106400000,282811.2
2021-11-05,SZ300997,欢乐家,16.76,8976191,84507994,450000000,754200
2021-11-05,SH688117,圣诺生物,32.9,352996,19165717,80000000,263200
2021-11-05,SZ300996,普联软件,31.83,2698855,33536264,141010659,448836.927597
2021-11-05,SZ301002,崧盛股份,63.44,854856,22406254,94520000,599634.88
2021-11-05,SH688625,呈和科技,51.35,559622,28800402,133333400,684667.009
2021-11-05,SZ301006,迈拓股份,23.32,1144400,33041584,139280000,324800.96
2021-11-05,SH605319,无锡振华,15.01,5188072,50000000,200000000,300200
2021-11-05,SH688319,欧林生物,29.5,375574,37217326,405265000,1195531.75
2021-11-05,SH688131,皓元医药,285.02,550149,16281151,74342007,2118895.883514
2021-11-05,SH601156,东航物流,19.52,2453090,158755556,1587555556,3098908.445312
2021-11-05,SH688269,凯立新材,101.75,641552,22421411,93360000,949938
2021-11-05,SH600905,三峡能源,7.07,872046464,6949457019,28571000000,20199697
2021-11-05,SH688345,博力威,52.61,1160614,22846018,100000000,526100
2021-11-05,SZ301008,宏昌科技,39.12,469415,16666667,66666667,260800.001304
2021-11-05,SH603529,爱玛科技,37.46,3055310,65000000,403660003,1512110.371238
2021-11-05,SH688700,东威科技,76.55,3092994,33470072,147200000,1126816
2021-11-05,SH605259,绿田机械,28.96,567338,22000000,88000000,254848
2021-11-05,SH688681,科汇股份,18.61,2954154,21391352,104670000,194790.87
2021-11-05,SZ301007,德迈仕,21,11611536,36359728,153340000,322014
2021-11-05,SH688067,爱威科技,25.15,193261,13840371,68000000,171020
2021-11-05,SH688597,煜邦电力,11.09,3914269,35917397,176472980,195708.53482
2021-11-05,SZ301011,华立科技,56.69,4242441,18519044,86800000,492069.2
2021-11-05,SZ301009,可靠股份,18.6,5685768,64806264,271860000,505659.6
2021-11-05,SZ301010,晶雪节能,20.45,1134630,25602586,108000000,220860
2021-11-05,SH688517,金冠电气,12.65,1452333,30963399,136109184,172178.11776
2021-11-05,SZ300984,金沃股份,43,3470341,12000000,48000000,206400
2021-11-05,SH601665,齐鲁银行,5.37,8076856,458083334,4580833334,2459907.500358
2021-11-05,SH688621,阳光诺和,121,980545,17255307,80000000,968000
2021-11-05,SH688425,铁建重工,4.86,11407202,1157693078,5140720000,2498389.92
2021-11-05,SZ301012,扬电科技,41.85,3762905,19912152,84000000,351540
2021-11-05,SH688690,纳微科技,77.39,971391,41888783,400145948,3096729.491572
2021-11-05,SH688216,气派科技,51.5,1025974,21631528,106270000,547290.5
2021-11-05,SZ001207,联科科技,21.92,3534270,45500000,182000000,398944
2021-11-05,SZ001208,华菱线缆,15.8,18693275,133606000,534424000,844389.92
2021-11-05,SZ301004,嘉益股份,19.56,2452726,23711016,100000000,195600
2021-11-05,SH601528,瑞丰银行,10.38,8525398,150935492,1509354919,1566710.405922
2021-11-05,SH688276,百克生物,65.69,927692,33044856,412840698,2711950.545162
2021-11-05,SH688601,力芯微,181.8,945249,13026658,64000000,1163520
2021-11-05,SH688367,工大高科,18.96,609181,20823311,86753000,164483.688
2021-11-05,SZ301019,宁波色母,39.83,482200,20000000,80000000,318640
2021-11-05,SZ301013,利和兴,27.31,6916166,33246306,155828704,425568.190624
2021-11-05,SH688161,威高骨科,64.41,1187744,33952449,400000000,2576400
2021-11-05,SH603171,税友股份,30.34,871315,40590000,405890000,1231470.26
2021-11-05,SZ301016,雷尔伟,24.51,841856,28452437,120000000,294120
2021-11-05,SZ301015,百洋医药,25.62,3094666,44442200,525100000,1345306.2
2021-11-05,SH605011,杭州热电,26.9,9586092,40100000,400100000,1076269
2021-11-05,SH688499,利元亨,284.61,557927,17970980,88000000,2504568
2021-11-05,SZ301022,海泰科,35.19,659100,16000000,64000000,225216
2021-11-05,SZ301017,漱玉平民,28.6,14639309,34255193,405340000,1159272.4
2021-11-05,SH688239,航宇科技,60.47,1985939,28465496,140000000,846580
2021-11-05,SZ301020,密封科技,28.15,2327406,34712856,146400000,412116
2021-11-05,SH605287,德才股份,25.58,396349,25000000,100000000,255800
2021-11-05,SZ301021,英诺激光,40.7,1672421,32427666,151645082,617195.48374
2021-11-05,SH605162,新中港,13.79,23394794,80090200,400451000,552221.929
2021-11-05,SZ301018,申菱环境,33.8,16850239,51214100,240010000,811233.8
2021-11-05,SZ301023,奕帆传动,74.67,998266,9333500,37333500,278769.2445
2021-11-05,SH688226,威腾电气,14.12,2811128,31755028,156000000,220272
2021-11-05,SZ301039,中集车辆,10.82,6305660,172478045,2017600000,2183043.2
2021-11-05,SH688789,宏华数科,268.29,241370,15440365,76000000,2039004
2021-11-05,SH605020,永和股份,30.08,7202439,66670000,266670000,802143.36
2021-11-05,SH688087,英科再生,84.58,1294320,27070190,133032493,1125188.825794
2021-11-05,SH688305,科德数控,117.43,1034685,18465866,90720000,1065324.96
2021-11-05,SH605028,世茂能源,26.22,5889378,40000000,160000000,419520
2021-11-05,SH688038,中科通达,17.5,515601,23666426,116373400,203653.45
2021-11-05,SH688799,华纳药厂,36.29,484451,19128589,93800000,340400.2
2021-11-05,SZ301031,中熔电气,161.32,1632509,16570000,66277427,1069187.452364
2021-11-05,SZ301027,华蓝集团,15.75,1434892,34902700,147000000,231525
2021-11-05,SH688793,倍轻松,93.4,225729,12545413,61640000,575717.6
2021-11-05,SZ301026,浩通科技,61.19,1083870,24178318,113333334,693486.670746
2021-11-05,SH688501,青达环保,15.37,315658,21514113,94670000,145507.79
2021-11-05,SZ301025,读客文化,18.16,13511482,37564892,400010000,726418.16
2021-11-05,SH605056,咸亨国际,18.07,2071438,40010000,400010000,722818.07
2021-11-05,SH605365,立达信,17.53,1245808,50000000,500000000,876500
2021-11-05,SZ301028,鼎熔岩,12.76,3948458,90105692,378912000,483491.712
2021-11-05,SZ301032,新柴股份,12.48,7181523,57176164,241133400,300934.4832
2021-11-05,SH688800,瑞可达,99.74,1841524,21971083,108000000,1077192
2021-11-05,SH688303,大全能源,68.88,15960373,198527692,1925000000,13259400
2021-11-05,SZ301030,仕净科技,32.68,3569862,28447890,133333334,435733.335512
2021-11-05,SH601921,浙版传媒,8.74,4836675,222222223,2222222223,1942222.222902
2021-11-05,SZ001209,洪兴股份,25,1439828,23486500,93944800,234862
2021-11-05,SZ301029,怡合达,95.1,818527,33805479,400010000,3804095.1
2021-11-05,SH688768,容知日新,114.98,259277,11171165,54865491,630843.415518
2021-11-05,SH605167,利柏特,8.38,4047158,112268882,449070000,376320.66
2021-11-05,SZ301033,迈普医学,57.33,255872,14093703,66062951,378738.898083
2021-11-05,SH688296,和达科技,46.52,444186,24412042,107393160,499592.98032
2021-11-05,SZ301035,润丰股份,47,511541,65490600,276180000,1298046
2021-11-05,SZ301024,霍普股份,43.26,349214,10600000,42390000,183379.14
2021-11-05,SH688718,唯赛勃,29.45,858089,35294220,173754389,511706.675605
2021-11-05,SZ301036,双乐股份,30.13,1141819,23710046,100000000,301300
2021-11-05,SH688071,华依科技,39.22,1542305,14830590,72844774,285697.203628
2021-11-05,SZ001210,金房能源,37.09,3656122,22690000,90748077,336584.617593
2021-11-05,SH688511,*ST天微,55.74,680926,16283266,80000000,445920
2021-11-05,SH688509,正元地信,5.79,3661150,153529550,770000000,445830
2021-11-05,SZ301037,保立佳,22.14,924437,21358977,90100000,199481.4
2021-11-05,SH688670,金迪克,80.72,432021,18129291,88000000,710336
2021-11-05,SH605507,国邦医药,26.55,968550,83823500,558823500,1483676.3925
2021-11-05,SZ301040,中环海陆,49,8116011,23708621,100000000,490000
2021-11-05,SZ300774,倍杰特,16.47,4069593,38378581,408763660,673233.74802
2021-11-05,SH688385,复旦微电,46.05,4612274,79739128,814502000,3750781.71
2021-11-05,SZ301038,深水规院,19.21,2081680,28162290,132000000,253572
2021-11-05,SZ301042,安联锐视,45.03,1684243,17200000,68800000,309806.4
2021-11-05,SZ300964,本川智能,43.07,3305925,19324600,77298284,332923.709188
2021-11-05,SH688778,厦钨新能,106.22,4272081,51867513,251572267,2672200.620074
2021-11-05,SZ001211,双枪科技,27.87,1654719,18000000,72000000,200664
2021-11-05,SH688148,芳源股份,34.34,12584330,72258979,508740000,1747013.16
2021-11-05,SH605589,圣泉集团,34.2,13648102,81060000,774776800,2649736.656
2021-11-05,SZ000792,盐湖股份,26.8,71631219,5428890937,5432876672,14560109.48096
2021-11-05,SZ301041,金百泽,27.27,4634778,25305432,106680000,290916.36
2021-11-05,SZ301043,绿岛风,30.28,1382001,17000000,68000000,205904
2021-11-05,SH688779,五矿新能,25.42,43014420,347558911,1929206272,4904042.343424
2021-11-05,SZ300814,中富电路,28.76,21866411,41694699,175796000,505589.296
2021-11-05,SZ300994,久祺股份,41.48,3335094,46055537,194240000,805707.52
2021-11-05,SH605588,冠石科技,39.36,1421300,18275000,73099561,287719.872096
2021-11-05,SH688787,海天瑞声,68.44,1075172,8703102,42800000,292923.2
2021-11-05,SZ301045,天禄科技,28.82,801763,24460606,103154344,297290.819408
2021-11-05,SZ300844,山水比德,59.12,473928,10100000,40400000,238844.8
2021-11-05,SH605069,正和生态,17.87,1545311,40711111,162844444,291003.021428
2021-11-05,SH688798,艾为电子,239,389970,31977586,166000000,3967400
2021-11-05,SZ301047,义翘神州,320.33,563890,17000000,68000000,2178244
2021-11-05,SZ301046,能辉科技,59.08,7761217,35438000,149480000,883127.84
2021-11-05,SH688733,壹石通,73.28,1621427,38546232,182164340,1334900.28352
2021-11-05,SZ301048,金鹰重工,12.72,6228157,87727627,533333400,678400.0848
2021-11-05,SH688728,格科微,31.31,9626853,164684394,2498887173,7824015.738663
2021-11-05,SH601825,沪农商行,6.95,11453694,964444445,9644444445,6702888.889275
2021-11-05,SH605580,恒盛能源,18.8,13682414,50000000,200000000,376000
2021-11-05,SH601728,中国电信,4.24,117217118,4405328291,91507138699,38799026.808376
2021-11-05,SH688766,普冉股份,392,634650,7739251,36228719,1420165.7848
2021-11-05,SZ001212,中旗新材,31.48,1653383,22670000,90670000,285429.16
2021-11-05,SZ301049,超越科技,30.99,1759363,22344200,94253300,292090.9767
2021-11-05,SZ301050,雷电微力,250.8,772975,18413548,96800000,2427744
2021-11-05,SH605577,龙版传媒,12.24,9377502,44444445,444444445,544000.00068
2021-11-05,SH688786,悦安新材,51.04,613180,17387756,85440800,436089.8432
2021-11-05,SZ301051,信濠光电,148.38,1864554,20000000,80000000,1187040
2021-11-05,SZ301052,果麦文化,27.98,2554403,17082013,72039937,201567.743726
2021-11-05,SH688776,国光电气,159,278726,15934346,77416728,1230925.9752
2021-11-05,SH688711,宏微科技,152.25,2635245,20234041,98493334,1499561.01015
2021-11-05,SZ301053,远信工业,28.7,990921,17442347,81752500,234629.675
2021-11-05,SZ301055,张小泉,22,2113424,33281193,156000000,343200
2021-11-05,SH688121,卓然股份,25.71,2651192,41559709,202666667,521056.000857
2021-11-05,SZ001215,千味央厨,71,2995668,21280000,85104136,604239.3656
2021-11-05,SH688187,时代电气,65.38,9648849,158488549,1416236912,9259356.930656
2021-11-05,SZ301056,森赫股份,10.62,3238042,63258453,266786667,283327.440354
2021-11-05,SZ001213,中铁特货,5.21,12365384,444444400,4444444400,2315555.5324
2021-11-05,SH688767,博拓生物,57.1,795931,22210796,106666667,609066.66857
2021-11-05,SZ301058,中粮科工,10.5,7577200,95737209,512274245,537887.95725
2021-11-05,SZ301057,汇隆新材,18.68,1627244,25890054,109200000,203985.6
2021-11-05,SH605599,菜百股份,11.9,3431216,77777800,777777800,925555.582
2021-11-05,SH688091,上海谊众,44.99,1297094,24133916,105800000,475994.2
2021-11-05,SH688103,国力电子,67.7,1091586,19447390,95390000,645790.3
2021-11-05,SZ301059,金三江,19.01,2326377,28858972,121660000,231275.66
2021-11-05,SH688622,禾信仪器,66.72,553490,14246175,69997606,467024.027232
2021-11-05,SZ301060,兰卫医学,21.73,14587949,40609907,400517000,870323.441
2021-11-05,SZ301061,匠心家居,68.19,862940,20000000,80000000,545520
2021-11-05,SZ301062,上海艾录,15.97,6971279,41027339,400391800,639425.7046
2021-11-05,SZ301065,本立科技,43.34,1070525,17680000,70680000,306327.12
2021-11-05,SH688707,振华新材,47.35,6633417,73508605,442934810,2097296.32535
2021-11-05,SH600955,维远股份,42.8,13777016,137500000,550000000,2354000
2021-11-05,SH688701,卓锦股份,11.89,1118433,27322943,134277372,159655.795308
2021-11-05,SH605033,美邦股份,15.29,4231204,33800000,135200000,206720.8
2021-11-05,SZ300854,中兰环保,32.42,9316796,23519651,99094000,321262.748
2021-11-05,SH688697,纽威数控,16.72,9240416,66448696,326666700,546186.7224
2021-11-05,SH605598,上海港湾,13.91,2804350,43193467,172743467,240286.162597
2021-11-05,SZ301066,万事利,25.95,9350894,28703706,134537280,349124.2416
2021-11-05,SZ301067,显盈科技,46.67,1048300,13510000,54020000,252111.34
2021-11-05,SZ301070,开勒股份,34.3,3918712,16180000,64555200,221424.336
2021-11-05,SZ301063,海锅股份,44.3,7438873,19970639,84240000,373183.2
2021-11-05,SZ301071,力量钻石,314.2,2191955,15092995,60371980,1896887.6116
2021-11-05,SZ301069,凯盛新材,47.1,15554955,56334652,420640000,1981214.4
2021-11-05,SH601868,中国能建,2.23,526309069,11670767272,41691163636,9297129.490828
2021-11-05,SZ301068,大地海洋,25.45,2199712,17919706,84000000,213780
2021-11-05,SZ301072,中捷精工,25.12,9082030,24906044,105054800,263897.6576
2021-11-05,SZ301075,多瑞医药,31.8,1905695,20000000,80000000,254400
2021-11-05,SZ001217,华尔泰,20.03,24528619,82970000,331870000,664735.61
2021-11-05,SZ301077,星华新材,55.08,1291786,15000000,60000000,330480
2021-11-05,SZ301073,君亭酒店,26.55,1954198,19066558,80540000,213833.7
2021-11-05,SZ301076,新瀚新材,32.45,1826004,20000000,79600000,258302
2021-11-05,SH605567,春雪食品,16,14487919,50000000,200000000,320000
2021-11-05,SZ301078,孩子王,16.36,13916515,74136266,1088000000,1779968
2021-11-05,SZ001218,丽臣实业,43.54,4443384,22500000,89995500,391840.407
2021-11-05,SH688772,珠海冠宇,49.12,24230860,103685789,1121855747,5510555.429264
2021-11-05,SH688272,富吉瑞,50.17,1880287,15458031,76000000,381292
2021-11-05,SZ301080,百普赛斯,177.8,725580,20000000,80000000,1422400
2021-11-05,SZ301085,亚康股份,30.84,4173473,20000000,80000000,246720
2021-11-05,SH688722,同益中,12.66,6757412,43045892,224666700,284428.0422
2021-11-05,SZ301079,邵阳液压,29.89,3796990,17897385,83893334,250757.175326
2021-11-05,SZ001216,华瓷股份,16.64,17016340,62966700,251866700,419106.1888
2021-11-05,SZ301081,严牌股份,17.18,6751312,37320250,170670000,293211.06
2021-11-05,SZ301086,鸿富瀚,84.16,1511262,15000000,60000000,504960
2021-11-05,SH688285,高铁电气,8.95,5004437,72074457,376289913,336779.472135
2021-11-05,SZ001219,青岛食品,34.19,14130933,22200000,88750000,303436.25
2021-11-05,SZ301083,百胜智能,17.14,10008983,37474843,177866667,304863.467238
2021-11-05,SH605555,德昌股份,42.98,11431321,50000000,189980000,816534.04
2021-11-05,SH688737,中自科技,52.84,1406770,17833405,86034976,454608.813184
2021-11-05,SZ301087,可孚医疗,86.03,5098490,36948960,160000000,1376480
2021-11-05,SH688255,凯尔达,40.11,1974636,16729782,78414611,314521.004721
2021-11-05,SH605566,福莱蒽特,31.13,7031915,33340000,133340000,415087.42
2021-11-05,SH688211,中科微至,75.25,3166958,30608073,131608698,990355.45245
2021-11-05,SH688553,汇宇制药,33.59,4406900,49692954,423600000,1422872.4
2021-11-05,SZ301090,华润材料,12.85,29563382,167401937,1479416553,1901050.270605
2021-11-05,SH605138,盛泰集团,11.9,17854872,55560000,555560000,661116.4
2021-11-05,SZ301089,拓新药业,38.29,9133111,27506432,126000000,482454
2021-11-05,SZ301082,久盛电气,26.35,15233230,33978604,161649410,425946.19535
2021-11-05,SH688257,新锐股份,60.9,4813174,20058893,92800000,565152
2021-11-05,SH688280,精进电动,17.2,23234772,99622268,590221667,1015181.26724
2021-11-05,SZ301088,戎美股份,26.52,8069311,52396674,228000000,604656
2021-11-05,SH688739,成大生物,78.05,3381660,38812784,416450000,3250392.25
2021-11-05,SZ301091,深城交,30.84,4792089,33666880,160000000,493440
2021-11-05,SZ301093,华兰股份,52.49,7822754,30901264,134666667,706865.335083
2021-11-05,SZ001288,运机集团,17.79,14408754,40000000,160000000,284640
2021-11-05,SZ301092,争光股份,38.02,11553000,31614501,133333334,506933.335868
2021-11-05,SZ301129,瑞纳智能,60.68,5078750,18420000,73660000,446968.88
2021-11-05,SZ301169,零点有数,48.99,10551116,18059944,72239774,353902.652826
