日期,代码,名称,日收盘价,日交易量,流通股本,总股本,总市值(万)
2021-11-16,SZ000005,ST星源,2.17,10137007,1057946242,1058536842,229702.494714
2021-11-16,SH600652,退市游久,2.5,23225147,832703498,832703498,208175.8745
2021-11-16,SH600654,中安科,1.87,3981500,755043154,1283020992,239924.925504
2021-11-16,SH600651,飞乐音响,3.14,9359717,1148417174,2507028015,787206.79671
2021-11-16,SH600602,云赛智联,6.01,8618938,1074302990,1367673455,821971.746455
2021-11-16,SH600601,方正科技,2.64,10899301,2194891204,2194891204,579451.277856
2021-11-16,SH600653,申华控股,2.08,87682298,1946380317,1946380317,404847.105936
2021-11-16,SZ000004,*ST国华,19.82,14707967,116330763,156003026,309197.997532
2021-11-16,SZ000002,万  科Ａ,19.24,59398940,9717553265,11625383375,22367237.6135
2021-11-16,SZ000001,平安银行,18.22,60111048,19405754475,19405918198,35357582.956756
2021-11-16,SZ000009,中国宝安,16.93,120655749,2551430324,2579213965,4366609.242745
2021-11-16,SH600603,广汇物流,3.79,1723351,1253034847,1257026847,476413.175013
2021-11-16,SZ000012,南  玻Ａ,9.39,35218844,1956891076,3070692107,2883379.888473
2021-11-16,SZ000016,深康佳Ａ,6.26,12067291,1596574300,2407945408,1507373.825408
2021-11-16,SH600605,汇通能源,8.18,432620,206282429,206282429,168739.026922
2021-11-16,SH600608,*ST沪科,5.32,665487,318371441,328861441,174954.286612
2021-11-16,SH600604,市北高新,5.19,5362300,1407454804,1873304804,972245.193276
2021-11-16,SH600606,绿地控股,4.15,26374704,12776562104,12776562104,5302273.27316
2021-11-16,SZ000011,深物业A,10.86,2498924,526475543,595979092,647233.293912
2021-11-16,SZ000017,深中华A,3.53,3607401,302981008,551347947,194625.825291
2021-11-16,SZ000007,全新好,5.93,3643927,308948044.5,346448044,205443.690092
2021-11-16,SZ000006,深振业Ａ,4.16,4130643,1349995046,1349995046,561597.939136
2021-11-16,SZ000020,深华发Ａ,8.89,491900,181165391,283161227,251730.330803
2021-11-16,SZ000008,神州高铁,2.15,11747513,2693782762,2780795346,597870.99939
2021-11-16,SZ000014,沙河股份,7.17,1021879,201705187,201705187,144622.619079
2021-11-16,SH600609,金杯汽车,7.29,19708536,1092667132,1311200558,955865.206782
2021-11-16,SH600611,大众交通,3.27,6522800,1563316364,2364122864,773068.176528
2021-11-16,SH600612,老凤祥,46.72,648348,317109630,523117764,2444006.193408
2021-11-16,SH600655,豫园股份,10.03,15731321,1605297914,3883498464,3895148.959392
2021-11-16,SH600616,金枫酒业,6.9,16423585,669004950,669004950,461613.4155
2021-11-16,SZ000019,深粮控股,6.99,5871007,416184832,1152535254,805622.142546
2021-11-16,SH600618,氯碱化工,11.43,16129346,749839976,1156399976,1321765.172568
2021-11-16,SH600619,海立股份,7.99,5343277,582141047,1085072406,866972.852394
2021-11-16,SH600620,天宸股份,9.33,5891014,686677113,686677113,640669.746429
2021-11-16,SZ000501,武商集团,10.11,5472432,768073142,768992731,777451.651041
2021-11-16,SZ000502,绿景退,6.14,315200,183347957,184819607,113479.238698
2021-11-16,SZ000503,国新健康,6.51,14686999,898779932,907215204,590597.097804
2021-11-16,SH600621,华鑫股份,13.08,8188201,1060899292,1060899292,1387656.273936
2021-11-16,SH600622,光大嘉宝,2.65,4606349,1499685402,1499685402,397416.63153
2021-11-16,SH600623,华谊集团,8.97,18291982,1862196763,2130381363,1910952.082611
2021-11-16,SZ000504,*ST生物,17.12,1474901,310673201,311573901,533414.518512
2021-11-16,SZ000505,京粮控股,7.25,11936700,619515864,726950251,527038.931975
2021-11-16,SH600624,ST复华,6.54,4016077,684712010,684712010,447801.65454
2021-11-16,SH600626,申达股份,3.63,3582414,808156847,1107978710,402196.27173
2021-11-16,SH600628,新世界,7.43,1471436,646875384,646875384,480628.410312
2021-11-16,SH600630,龙头股份,5.1,1882506,424861597,424861597,216679.41447
2021-11-16,SH600635,大众公用,3.75,13545608,2418791675,2952434675,1107163.003125
2021-11-16,SH600637,东方明珠,7.86,25037137,3414500201,3414500201,2683797.157986
2021-11-16,SH600636,*ST国化,9.88,3339752,440449035,446936885,441573.64238
2021-11-16,SH600638,新黄浦,5.1,928780,673396786,673396786,343432.36086
2021-11-16,SH600639,浦东金桥,11.4,1848674,850236703,1122412893,1279550.69802
2021-11-16,SZ000507,珠海港,6.31,12207823,830514550,919734895,580352.718745
2021-11-16,SH600641,先导基电,32.8,33114946,957930404,957930404,3142011.72512
2021-11-16,SH600640,国脉文化,15.43,68472954,795695940,795695940,1227758.83542
2021-11-16,SH600642,申能股份,5.85,16048899,4508014316,4912038316,2873542.41486
2021-11-16,SH600644,乐山电力,6.53,10327978,538400659,538400659,351575.630327
2021-11-16,SH600643,爱建集团,6.46,9626393,1619055157,1621922452,1047761.903992
2021-11-16,SZ000023,*ST深天,12.36,426300,138756240,138756240,171502.71264
2021-11-16,SH600647,退市同达,11.21,579800,139143550,139143550,155979.91955
2021-11-16,SH600648,外高桥,12.74,2017536,934791624,1135349124,1446434.783976
2021-11-16,SH600645,中源协和,23.02,8653795,467147888,467948890,1077218.34478
2021-11-16,SZ000509,华塑控股,3.03,2351800,825479873,1073128052,325157.799756
2021-11-16,SZ000510,新金路,5.01,17682150,563185757,609182254,305200.309254
2021-11-16,SH600649,城投控股,3.91,13547768,2529575634,2529575634,989064.072894
2021-11-16,SH600657,信达地产,3.27,2798606,2055307703,2851878595,932564.300565
2021-11-16,SH600658,电子城,4.04,8864150,1118585045,1118585045,451908.35818
2021-11-16,SZ000026,飞亚达,11.63,5072701,357912579,426051015,495497.330445
2021-11-16,SH600650,锦江在线,8.95,653600,390560075,551610107,493691.045765
2021-11-16,SH600660,福耀玻璃,47.7,17586750,2002986332,2609743532,12448476.64764
2021-11-16,SH600662,外服控股,7.53,5775556,1053362191,2263279450,1704249.42585
2021-11-16,SH600661,昂立教育,9.7,8471653,286548830,286548830,277952.3651
2021-11-16,SZ000025,特  力Ａ,14.54,2123193,392778320,431058320,626758.79728
2021-11-16,SH600663,陆家嘴,10.58,3244712,2933461440,4034197440,4268180.89152
2021-11-16,SH600664,哈药股份,3.24,20557646,2506955076,2518376076,815953.848624
2021-11-16,SH600665,天地源,2.79,2914340,864122521,864122521,241090.183359
2021-11-16,SH600666,奥瑞德,1.63,5272520,803655532,1227326240,200054.17712
2021-11-16,SZ000514,渝 开 发,3.07,2197210,843770965,843770965,259037.686255
2021-11-16,SH600668,尖峰集团,12.58,28704458,344083828,344083828,432857.455624
2021-11-16,SH600667,太极实业,8.31,17688272,2106190178,2106190178,1750244.037918
2021-11-16,SZ000516,国际医学,11.01,27137459,1893655151,2275927350,2505796.01235
2021-11-16,SZ000028,国药一致,33.42,1581641,367733625,428126983,1430800.377186
2021-11-16,SH600671,天目药业,8.39,322165,121720533,121778885,102172.484515
2021-11-16,SH600600,青岛啤酒,97.88,3924929,695913617,1364476795,13355498.86946
2021-11-16,SZ000027,深圳能源,7.78,22909234,4757389916,4757389916,3701249.354648
2021-11-16,SZ000029,深深房Ａ,7.02,1311690,891660000,1011660000,710185.32
2021-11-16,SH600673,东阳光,9.41,52527118,3003949607,3013897259,2836077.320719
2021-11-16,SH600675,中华企业,2.72,4087341,2240471278,6096135252,1658148.788544
2021-11-16,SH600674,川投能源,11.5,11062487,4406152075,4406152075,5067074.88625
2021-11-16,SH600676,交运股份,3.98,2460900,1028492944,1028492944,409340.191712
2021-11-16,SZ000030,富奥股份,6.79,49549512,1759995642,1810552111,1229364.883369
2021-11-16,SZ000031,大悦城,3.43,16156477,1890748427,4286313339,1470205.475277
2021-11-16,SH600678,四川金顶,5.58,6794401,348990000,348990000,194736.42
2021-11-16,SZ000519,中兵红箭,29.07,64639199,1391492468,1392558982,4048168.960674
2021-11-16,SH600679,上海凤凰,11.45,1317787,230598947,515294257,590011.924265
2021-11-16,SH600682,南京新百,10.73,8674851,1165060275,1346132221,1444399.873133
2021-11-16,SZ000521,长虹美菱,3.28,11250769,874558379,1044597881,342628.104968
2021-11-16,SH600683,京投发展,6.13,57916880,740777597,740777597,454096.666961
2021-11-16,SH600684,珠江股份,3.1,3554440,853460723,853460723,264572.82413
2021-11-16,SH600685,中船防务,19.7,10047670,821435181,1413506378,2784607.56466
2021-11-16,SZ000513,丽珠集团,36.99,11259942,604691390,937586050,3468130.79895
2021-11-16,SZ000525,红太阳,5.55,9852000,574514828,580772873,322328.944515
2021-11-16,SZ000032,深桑达Ａ,17.67,1123722,411424109,1071231478,1892866.021626
2021-11-16,SZ000526,学大教育,17.16,3235000,111767381,117762709,202080.808644
2021-11-16,SH600688,上海石化,4.18,98592955,7328813500,10823813500,4524354.043
2021-11-16,SH600686,金龙汽车,6.06,4229000,674575721,717047417,434530.734702
2021-11-16,SH600689,上海三毛,6.54,1280334,152204143,200991343,131448.338322
2021-11-16,SZ000523,红棉股份,3.48,5344600,627388825,627533125,218381.5275
2021-11-16,SZ000524,岭南控股,7.16,2990900,670140121,670208597,479869.355452
2021-11-16,SZ000528,柳    工,7.53,8955470,1467378821,1475240876,1110856.379628
2021-11-16,SH600692,亚通股份,5.57,1072089,255010517,351764064,195932.583648
2021-11-16,SH600690,海尔智家,27.96,36485727,6308552654,9397520463,26275467.214548
2021-11-16,SH600691,潞化科技,3.83,39069017,1756390906,2375981952,910001.087616
2021-11-16,SH600693,东百集团,3.85,1468776,897247594,898229148,345818.22198
2021-11-16,SH600695,退市绿庭,7.79,25832104,366467152,711132100,553971.9059
2021-11-16,SH600694,大商股份,19.11,1433448,293718653,293718653,561296.345883
2021-11-16,SZ000541,佛山照明,5.73,5283786,1073038507,1399346154,801825.346242
2021-11-16,SZ000539,粤电力Ａ,4.18,19745418,2553910577,5250283986,2194618.706148
2021-11-16,SZ000547,航天发展,16.32,49502999,1231986890,1603685112,2617214.102784
2021-11-16,SZ000550,江铃汽车,15.77,5232073,518463085,863214000,1361288.478
2021-11-16,SZ000553,安道麦A,7.75,3471229,2177067461,2329811766,1805604.11865
2021-11-16,SH600699,均胜电子,22.56,64973560,1368084624,1368084624,3086398.911744
2021-11-16,SH600696,*ST岩石,29.43,4744823,334469431,334469431,984343.535433
2021-11-16,SH600697,欧亚集团,12.01,819728,155156015,159088075,191064.778075
2021-11-16,SH600800,渤海化学,4.34,4598700,794337361,1185787580,514631.80972
2021-11-16,SZ000544,中原环保,6.23,2562165,974684488,974684488,607228.436024
2021-11-16,SZ000530,冰山冷热,3.79,5154888,598521068,843212507,319577.540153
2021-11-16,SZ000537,绿发电力,18.09,28131395,1731406933,1862520720,3369299.98248
2021-11-16,SZ000554,泰山石油,4.67,8445173,362649713,480793320,224530.48044
2021-11-16,SZ000538,云南白药,91.37,5872731,603900464,1279136824,11687473.160888
2021-11-16,SZ000543,皖能电力,3.73,16746067,1790395978,2266863331,845540.022463
2021-11-16,SZ000548,湖南投资,3.73,1330400,499188811,499215811,186207.497503
2021-11-16,SH600805,悦达投资,5.09,24369753,850275368,850894494,433105.297446
2021-11-16,SZ000533,顺钠股份,3.27,30115069,684902400,690816000,225896.832
2021-11-16,SH600804,退市鹏博,6.46,91431305,1432357859,1432394299,925326.717154
2021-11-16,SH600803,新奥股份,18.88,10252145,1433429823,2845853619,5372971.632672
2021-11-16,SH600802,福建水泥,7.08,4868694,458248400,458248400,324439.8672
2021-11-16,SH600801,华新建材,17,20792145,1361879855,2096599855,3564219.7535
2021-11-16,SZ000532,华金资本,11.98,2975224,343549746,344708340,412960.59132
2021-11-16,SH600807,济高发展,3.17,4695971,787018464,884634731,280429.209727
2021-11-16,SZ000551,创元科技,10.25,10148557,400080405,400080405,410082.415125
2021-11-16,SZ000531,穗恒运Ａ,7.46,2437800,685082820,685082820,511071.78372
2021-11-16,SH600808,马钢股份,3.65,65463483,5967751186,7700681186,2810748.63289
2021-11-16,SH600809,山西汾酒,310.7,8944909,1215351572,1220114372,37908953.53804
2021-11-16,SH600810,神马股份,11.12,15273178,720165830,1029213338,1144485.231856
2021-11-16,SH600811,*ST东方,2.98,15130564,3714576124,3714576124,1106943.684952
2021-11-16,SZ000564,供销大集,4.24,32309924,2005952559,5982004024,2536369.706176
2021-11-16,SZ000563,陕国投Ａ,3.12,8547421,3964012846,3964012846,1236772.007952
2021-11-16,SZ000534,万泽股份,13.8,2834802,491507596,494963096,683049.07248
2021-11-16,SZ000559,万向钱潮,6.15,41204312,2753147274,3303791344,2031831.67656
2021-11-16,SH600812,华北制药,9.3,12735801,1630804729,1715730370,1595629.2441
2021-11-16,SH600814,杭州解百,5.86,1577100,715026758,715026758,419005.680188
2021-11-16,SH600816,建元信托,4.53,17905131,5264290520,5469137919,2477519.477307
2021-11-16,SH600815,厦工股份,2.97,16959891,1774094480,1774094480,526906.06056
2021-11-16,SH600820,隧道股份,5.08,12607046,3144096094,3144096094,1597200.815752
2021-11-16,SH600819,耀皮玻璃,5.06,4953600,747416067,934916069,473067.530914
2021-11-16,SH600821,金开新能,9.62,58595249,965717189,1536356503,1477974.955886
2021-11-16,SZ000021,深科技,15.42,22143056,1470685177,1560587588,2406426.060696
2021-11-16,SZ000540,*ST中天,2.74,52145368,6972817758,7005254679,1919439.782046
2021-11-16,SH600825,新华传媒,4.11,5545535,1044887850,1044887850,429448.90635
2021-11-16,SH600824,益民集团,3.47,1013460,1054027073,1054027073,365747.394331
2021-11-16,SH600822,上海物贸,8.39,1524345,396147908,495972914,416121.274846
2021-11-16,SH600823,*ST世茂,3.13,13753296,3751168261,3751168261,1174115.665693
2021-11-16,SH600827,百联股份,13.86,8693218,1604449920,1784168117,2472857.010162
2021-11-16,SH600826,兰生股份,8.02,1345709,420642288,535920895,429808.55779
2021-11-16,SH600834,申通地铁,9.42,2029885,477381905,477381905,449693.75451
2021-11-16,SH600829,人民同泰,5.78,2088502,579888597,579888597,335175.609066
2021-11-16,SH600831,广电网络,5.51,17395527,710485636,710485636,391477.585436
2021-11-16,SH600830,香溢融通,4.87,2896602,454322747,454322747,221255.177789
2021-11-16,SH600835,上海机电,15.42,3418038,806504300,1022739308,1577064.012936
2021-11-16,SH600836,*ST易连,6.1,5058300,662753072,662753072,404279.37392
2021-11-16,SH600828,茂业商业,3.45,3366896,1731360181,1731982546,597533.97837
2021-11-16,SH600838,上海九百,5.88,1859990,400881981,400881981,235718.604828
2021-11-16,SH600843,上工申贝,5.78,1330800,304645850,713166480,412210.22544
2021-11-16,SH600846,同济科技,7.81,2589900,624761516,624761516,487938.743996
2021-11-16,SH600841,动力新科,11.22,4714380,521892530,1631535732,1830583.091304
2021-11-16,SH600839,四川长虹,2.93,51414776,4614958631,4616244222,1352559.557046
2021-11-16,SH600848,上海临港,14.4,1934100,1457503689,2522487004,3632381.28576
2021-11-16,SH600850,电科数字,38.85,9140394,426852228,426852228,1658320.90578
2021-11-16,SH600847,万里股份,8.93,1163100,153287400,153287400,136885.6482
2021-11-16,SH600851,海欣股份,8.94,1438500,738206110,1207056692,1079108.682648
2021-11-16,SZ000555,神州信息,11.61,4479334,970368775,979744428,1137483.280908
2021-11-16,SZ000039,中集集团,16.15,13049017,1534271428,3595013590,5805946.94785
2021-11-16,SZ000035,中国天楹,5.66,52188768,2453345376,2523777297,1428457.950102
2021-11-16,SZ000565,渝三峡Ａ,5.51,2510289,433592220,433592220,238909.31322
2021-11-16,SH600857,宁波中百,9.27,2378218,224319919,224319919,207944.564913
2021-11-16,SH600856,退市中天,2.87,93136799,1361654379,1366654379,392229.806773
2021-11-16,SH600859,王府井,30,12036607,977488021,977591381,2932774.143
2021-11-16,SH600860,京城股份,6.16,2495734,322000000,485000000,298760
2021-11-16,SZ000558,天府文旅,3.75,45648876,1288415927,1289223949,483458.980875
2021-11-16,SZ000034,神州数码,15.97,7160002,539221698,660608991,1054992.558627
2021-11-16,SZ000568,泸州老窖,221.8,14156038,1464240555,1464752476,32488209.91768
2021-11-16,SH600861,北京人力,23.58,6225935,316804949,316804949,747026.069742
2021-11-16,SH600863,内蒙华电,3.07,110475848,6526887811,6526887811,2003754.557977
2021-11-16,SZ000566,海南海药,4.68,24362009,1165217077,1297365126,607166.878968
2021-11-16,SZ000567,海德股份,19.6,5625831,639773864,641138926,1256632.29496
2021-11-16,SZ000571,新大洲A,2.5,11943101,814036325,814064000,203516
2021-11-16,SZ000036,华联控股,4.65,9554327,1479675252,1483934025,690029.321625
2021-11-16,SZ000570,苏常柴Ａ,5.82,4853118,411374326,705692507,410713.039074
2021-11-16,SZ000037,深南电A,7.29,2837000,338894012,602762596,439413.932484
2021-11-16,SZ000040,*ST旭蓝,3.28,34454730,1060340595,1486873870,487694.62936
2021-11-16,SZ000572,海马汽车,5.33,18945300,1642155224,1644636426,876591.215058
2021-11-16,SH600864,哈投股份,5.71,10205067,2080570520,2080570520,1188005.76692
2021-11-16,SH600865,百大集团,8.43,4648562,376240316,376240316,317170.586388
2021-11-16,SZ000045,深纺织Ａ,10.18,13756735,457016549,506521849,515639.242282
2021-11-16,SZ000573,粤宏远Ａ,2.9,6472826,632930025,638280604,185101.37516
2021-11-16,SH600866,星湖科技,4.57,20154830,739019166,739019166,337731.758862
2021-11-16,SH600867,通化东宝,12.07,20376665,2026998517,2033988517,2455024.140019
2021-11-16,SZ000576,甘化科工,12.46,13763560,424054818,442861324,551805.209704
2021-11-16,SH600868,梅雁吉祥,2.78,12671150,1898148679,1898148679,527685.332762
2021-11-16,SZ000046,*ST泛海,1.79,31686203,5193946456,5196200656,930119.917424
2021-11-16,SZ000042,中洲控股,6.98,1352800,663969764,664831139,464052.135022
2021-11-16,SZ000048,京基智农,17.52,2104094,523157272,523239250,916715.166
2021-11-16,SH600872,中炬高新,37.07,19034966,796637194,796637194,2953134.078158
2021-11-16,SH600869,远东股份,6.07,41732689,2219352746,2219352746,1347147.116822
2021-11-16,SZ000050,深天马Ａ,12.51,10802509,2304831108,2457747661,3074642.323911
2021-11-16,SZ000049,德赛电池,42.36,19764977,298483784,300298970,1272066.43692
2021-11-16,SH600871,石化油服,2.1,65270103,13569378551,18984340033,3986711.40693
2021-11-16,SH600874,创业环保,6.54,6266090,1087228430,1427228430,933407.39322
2021-11-16,SH600875,东方电气,17.18,53257213,1996900368,3119151130,5358701.64134
2021-11-16,SH600877,电科芯片,18.23,19485376,687282040,822161695,1498800.769985
2021-11-16,SZ000010,美丽生态,4.03,10918582,522171498,819854713,330401.449339
2021-11-16,SH600876,凯盛新能,24.14,7040922,298540432,645674963,1558659.360682
2021-11-16,SZ000582,北部湾港,7.73,2503247,1266818515,1633434454,1262644.832942
2021-11-16,SH600879,航天电子,7.9,81950856,2719271284,2719271284,2148224.31436
2021-11-16,SH600880,博瑞传播,3.92,13381076,1093030175,1093332092,428586.180064
2021-11-16,SH600881,亚泰集团,3.4,14801208,3248913588,3248913588,1104630.61992
2021-11-16,SZ000584,工智退,5.18,5954200,735295203,760937577,394165.664886
2021-11-16,SH600882,妙可蓝多,56.05,8686538,409309045,516210147,2893357.873935
2021-11-16,SH600883,博闻科技,8.63,1846100,236088000,236088000,203743.944
2021-11-16,SZ000586,汇源通信,9.58,7837010,193440000,193440000,185315.52
2021-11-16,SH600886,国投电力,9.52,16275600,6965873347,6965873347,6631511.426344
2021-11-16,SZ000590,古汉医药,8.03,1178170,239376227,239471267,192295.427401
2021-11-16,SH600884,杉杉股份,35.08,39175331,1654517172,1654517172,5804046.239376
2021-11-16,SH600885,宏发股份,76.6,6592242,744761552,744761552,5704873.48832
2021-11-16,SZ000591,太阳能,9.04,143028025,2037098929,3007098032,2718416.620928
2021-11-16,SH600888,新疆众和,8.79,33979748,1241380484,1325896855,1165463.335545
2021-11-16,SZ000589,贵州轮胎,5.49,3815209,865146843,956319462,525019.384638
2021-11-16,SH600889,南京化纤,5.79,4485001,366346010,366346010,212114.33979
2021-11-16,SZ000593,德龙汇能,5.53,5902468,358456319,358631009,198322.947977
2021-11-16,SH600887,伊利股份,42.28,42033594,5960286287,6082177633,25715447.032324
2021-11-16,SH600890,退市中房,2.91,3293896,579194925,579194925,168545.723175
2021-11-16,SH600894,广日股份,7.04,3152100,859946895,859946895,605402.61408
2021-11-16,SH600893,航发动力,60.15,47405266,2329032150,2665594238,16033549.34157
2021-11-16,SZ000055,方大集团,4.92,17923354,677413379,1073874227,528346.119684
2021-11-16,SZ000595,*ST宝实,2.56,3274300,1136052586,1138656366,291496.029696
2021-11-16,SH600895,张江高科,15.09,4906366,1548689550,1548689550,2336972.53095
2021-11-16,SZ000587,*ST金洲,1.28,22980302,1213011850,2123749330,271839.91424
2021-11-16,SZ000599,青岛双星,4.06,4830176,816744457,816792487,331617.749722
2021-11-16,SH600896,退市海医,4.62,13943751,945440340,1024805419,473460.103578
2021-11-16,SH600706,曲江文旅,7,18035660,213490410,255059785,178541.8495
2021-11-16,SH600707,彩虹股份,7.1,30302211,2474910089,3588389732,2547756.70972
2021-11-16,SZ000597,东北制药,5.25,4631940,1324143800,1347873265,707633.464125
2021-11-16,SH600702,舍得酒业,189.33,11879693,329578939,332070979,6287099.845407
2021-11-16,SZ000598,兴蓉环境,5.96,35250545,2986218602,2986218602,1779786.286792
2021-11-16,SH600711,盛屯矿业,9.35,81201545,2605852667,2747113628,2568551.24218
2021-11-16,SH600897,厦门空港,17.67,4115785,297810000,297810000,526230.27
2021-11-16,SZ000600,建投能源,4.45,7926035,1090044126,1791626376,797273.73732
2021-11-16,SH600704,物产中大,6.38,187694368,5062182040,5196032040,3315068.44152
2021-11-16,SH600714,金瑞矿业,9.26,4553210,288176273,288176273,266851.228798
2021-11-16,SH600708,光明地产,2.25,9813460,2225277771,2228636743,501443.267175
2021-11-16,SZ000401,金隅冀东,11.63,5700255,1413367807,1413651757,1644076.993391
2021-11-16,SH600717,天津港,3.9,8129882,2894001038,2894001038,1128660.40482
2021-11-16,SH600718,东软集团,10.63,15227143,1202616322,1242370295,1320639.623585
2021-11-16,SZ000404,长虹华意,4.52,17154875,694695764,695995979,314590.182508
2021-11-16,SH600712,南宁百货,3.54,2603043,538556211,544655360,192807.99744
2021-11-16,SZ000402,金 融 街,5.77,10788361,2987823736,2988929907,1724612.556339
2021-11-16,SH600722,金牛化工,5.67,12491181,680319676,680319676,385741.256292
2021-11-16,SZ000408,藏格矿业,25.15,15796900,473502660,1993779522,5014355.49783
2021-11-16,SH600713,南京医药,4.39,3851000,1041611244,1041611244,457267.336116
2021-11-16,SH600715,文投控股,2.82,15356000,1854853500,1854853500,523068.687
2021-11-16,SH600726,华电能源,2.73,43442000,1534675151,1966675153,536902.316769
2021-11-16,SH600716,凤凰股份,3.93,1191766,936060590,936060590,367871.81187
2021-11-16,SH600729,重庆百货,22.95,1486959,406426465,406528465,932982.827175
2021-11-16,SH600725,云维股份,3.38,9249950,1232470000,1232470000,416574.86
2021-11-16,SZ000407,胜利股份,4.24,13128100,875743830,880084656,373155.894144
2021-11-16,SZ000056,皇庭国际,4.3,40974244,903728783,1174528720,505047.3496
2021-11-16,SZ000415,渤海租赁,2.9,20195151,3547447229,6184521282,1793511.17178
2021-11-16,SH600720,中交设计,9.86,5136352,776162687,776290282,765422.218052
2021-11-16,SH600728,佳都科技,8.09,12799710,1729732797,1758229097,1422407.339473
2021-11-16,SH600724,宁波富达,3.5,1545046,1444942664,1445241071,505834.37485
2021-11-16,SH600719,大连热电,3.96,7614300,404599600,404599600,160221.4416
2021-11-16,SZ000410,沈阳机床,4.57,2538700,1680915944,1684035944,769604.426408
2021-11-16,SZ000416,*ST民控,5.02,38265351,531641098,531871494,266999.489988
2021-11-16,SH600735,ST新华锦,7.04,22586237,375992296,375992296,264698.576384
2021-11-16,SH600730,中国高科,5.73,8739713,586656002,586656002,336153.889146
2021-11-16,SZ000423,东阿阿胶,41.18,10122016,653867313,654021537,2693260.689366
2021-11-16,SH600737,中粮糖业,10.24,60125303,2111098760,2138848228,2190180.585472
2021-11-16,SH600738,丽尚国潮,6,6086984,772795436,773464476,464078.6856
2021-11-16,SH600731,湖南海利,8.67,23405792,461029757,461789508,400371.503436
2021-11-16,SZ000420,吉林化纤,5.55,194483299,2167216137,2168311443,1203412.850865
2021-11-16,SZ000421,南京公用,4.51,1457400,572646934,572646934,258263.767234
2021-11-16,SH600740,山西焦化,6.18,47346008,2562121154,2562121154,1583390.873172
2021-11-16,SZ000428,华天酒店,3,17576900,1018870000,1018926000,305677.8
2021-11-16,SZ000417,合百集团,4.19,3174250,779027451,779884200,326771.4798
2021-11-16,SZ000422,湖北宜化,24.3,147091039,897812984,897866712,2181816.11016
2021-11-16,SH600736,苏州高新,4.38,5894793,1151292907,1151292907,504266.293266
2021-11-16,SZ000419,通程控股,4.2,996601,543299845,543582655,228304.7151
2021-11-16,SH600733,北汽蓝谷,11.8,46411408,2216601717,4287310130,5059025.9534
2021-11-16,SH600739,辽宁成大,19.18,9371427,1529709816,1529709816,2933983.427088
2021-11-16,SZ000603,盛达资源,11.92,4887312,588809719,689969346,822443.460432
2021-11-16,SH600741,华域汽车,26.58,18139841,3152723984,3152723984,8379940.349472
2021-11-16,SH600742,富维股份,14.14,69673104,669120968,669120968,946137.048752
2021-11-16,SZ000425,徐工机械,6.01,44926186,7820908928,7833668430,4708034.72643
2021-11-16,SZ000426,兴业银锡,7.2,17457981,1475342242,1837192219,1322778.39768
2021-11-16,SZ000430,ST张家界,5.27,4607600,331738800,404817686,213338.920522
2021-11-16,SZ000607,华媒控股,4.04,16555919,884859969,1017698410,411150.15764
2021-11-16,SZ000601,韶能股份,4.84,4975138,1079882262,1080551669,522987.007796
2021-11-16,SH600744,华银电力,5.87,33828863,827634402,1781124274,1045519.948838
2021-11-16,SZ000605,渤海股份,5.11,1716300,337193683,352658600,180208.5446
2021-11-16,SH600746,江苏索普,12.98,27781911,424156537,1167842884,1515860.063432
2021-11-16,SZ000608,*ST阳光,2.98,8787439,749801859,749913309,223474.166082
2021-11-16,SH600756,浪潮软件,12.72,5964010,324098753,324098753,412253.613816
2021-11-16,SH600750,华润江中,12.28,12435910,630000000,630000000,773640
2021-11-16,SH600748,上实发展,3.8,12409226,1844562892,1844562892,700933.89896
2021-11-16,SZ000413,ST旭电,2.1,70214962,4864166564,5730250118,1203352.52478
2021-11-16,SZ000610,西安旅游,8.24,4036026,235394869,236747901,195080.270424
2021-11-16,SZ000612,焦作万方,6.77,13864621,1190682144,1192199394,807118.989738
2021-11-16,SH600753,*ST海钦,16.09,5536676,215040000,230307175,370564.244575
2021-11-16,SZ000596,古井贡酒,252.03,3900316,383600000,528600000,13322305.8
2021-11-16,SH600757,长江传媒,5.27,4921701,1213497103,1213650273,639593.693871
2021-11-16,SH600755,厦门国贸,6.87,57300003,2024984623,2117666057,1454836.581159
2021-11-16,SZ000606,顺利退,2,8120300,707201606,765799353,153159.8706
2021-11-16,SZ000611,天首退,3.47,2729900,319347925,337822022,117224.241634
2021-11-16,SH600761,安徽合力,12,11341739,740180802,740180802,888216.9624
2021-11-16,SZ000609,ST中迪,5.25,6645999,292089522,299265522,157114.39905
2021-11-16,SH600760,中航沈飞,72.66,26707522,1957583919,1960544999,14245319.962734
2021-11-16,SH600754,锦江酒店,58.3,3298908,914044063,1070044063,6238356.88729
2021-11-16,SH600749,西藏旅游,10,3820521,226965517,226965517,226965.517
2021-11-16,SZ000615,*ST美谷,12.21,47155417,772609203,781180319,953821.169499
2021-11-16,SZ000617,中油资本,5.03,8754960,12642079079,12642079079,6358965.776737
2021-11-16,SZ000619,海螺新材,4.9,923900,360000000,360000000,176400
2021-11-16,SH600766,退市园城,4.54,4080900,223932072,224226822,101798.977188
2021-11-16,SZ000623,吉林敖东,16.56,9637134,1160116324,1163046001,1926004.177656
2021-11-16,SH600758,辽宁能源,3.56,16134000,1320743394,1322017394,470638.192264
2021-11-16,SH600763,通策医疗,236.16,8265841,320640000,320640000,7572234.24
2021-11-16,SH600769,祥龙电业,5.32,3582576,374977200,374977200,199487.8704
2021-11-16,SH600764,中国海防,30.38,11230235,496061663,710629386,2158892.074668
2021-11-16,SH600771,广誉远,30.35,27918397,491999697,491999697,1493219.080395
2021-11-16,SH600765,中航重机,44.16,23434763,857402199,1051638636,4644036.216576
2021-11-16,SZ000616,*ST海投,1.91,10923660,1430234425,1430234425,273174.775175
2021-11-16,SH600774,汉商集团,17.68,1357900,226757731,295032402,521617.286736
2021-11-16,SH600773,西藏城投,20.05,20745670,819660744,819660744,1643419.79172
2021-11-16,SH600768,宁波富邦,8.56,875400,133747200,133747200,114487.6032
2021-11-16,SZ000627,*ST天茂,3.25,10640135,4552504165,4940629165,1605704.478625
2021-11-16,SZ000633,合金投资,6.66,4433400,385104123,385106373,256480.844418
2021-11-16,SZ000637,茂化实华,4.06,4488400,366494967,519875356,211069.394536
2021-11-16,SH600767,退市运盛,8.23,7311550,340910182,341010182,280651.379786
2021-11-16,SZ000651,格力电器,36.32,60632615,5869017265,5914469040,21481351.55328
2021-11-16,SH600775,南京熊猫,8.08,8544604,671838529,913838529,738381.531432
2021-11-16,SZ000628,高新发展,8.43,1128789,192074040,352280000,296972.04
2021-11-16,SZ000630,铜陵有色,3.23,312714260,10526392975,10526533308,3400070.258484
2021-11-16,SZ000635,英 力 特,10.07,9908000,303087602,303087602,305209.215214
2021-11-16,SH600770,综艺股份,5.67,6676093,1300000000,1300000000,737100
2021-11-16,SZ000632,三木集团,3.2,2729700,465481606,465519570,148966.2624
2021-11-16,SH600777,*ST新潮,2.11,341831659,6232078317,6800495825,1434904.619075
2021-11-16,SZ000639,西王食品,5.07,15149168,1079426772,1079428095,547270.044165
2021-11-16,SH600776,东方通信,11.98,22604560,956000064,1256000064,1504688.076672
2021-11-16,SZ000626,远大控股,22.49,2927400,463946400,508940464,1144607.103536
2021-11-16,SZ000652,泰达股份,4,6391210,1474353019,1475573852,590229.5408
2021-11-16,SZ000655,金岭矿业,7.88,4630054,595340230,595340230,469128.10124
2021-11-16,SZ000656,*ST金科,4.35,25733929,5257895362,5339715816,2322776.37996
2021-11-16,SZ000636,风华高科,30.67,35680498,895233111,895233111,2745679.951437
2021-11-16,SH600778,友好集团,4.2,2168212,311214882,311491352,130826.36784
2021-11-16,SZ000659,珠海中富,4.34,30972613,1285702520,1285702520,557994.89368
2021-11-16,SH600780,通宝能源,3.6,5440067,1146502523,1146502523,412740.90828
2021-11-16,SZ000667,ST美置,1.64,34906876,2439311281,2466988633,404586.135812
2021-11-16,SZ000663,永安林业,9.75,3969200,306298033,336683929,328266.830775
2021-11-16,SH600779,水井坊,128.39,5462492,488303498,488369548,6270176.626772
2021-11-16,SZ000669,ST金鸿,2.21,6611420,680408797,680408797,150370.344137
2021-11-16,SZ000666,经纬纺机,8.27,5399200,293543593,704130000,582315.51
2021-11-16,SZ000668,*ST荣控,14.17,651289,146688393,146841890,208074.95813
2021-11-16,SZ000665,湖北广电,3.88,16329746,981839961,981894666,380975.130408
2021-11-16,SZ000671,ST阳光城,2.87,84974395,4052047253,4140382950,1188289.90665
2021-11-16,SH600781,退市辅仁,3.09,2769400,374263222,627157512,193791.671208
2021-11-16,SZ000661,长春高新,283.04,10803254,370361250,404720290,11455203.08816
2021-11-16,SZ000676,智度股份,7.06,70606802,1148971897,1276506972,901213.922232
2021-11-16,SH600783,鲁信创投,13.08,5424710,744359294,744359294,973621.956552
2021-11-16,SH600784,鲁银投资,6.2,9692179,568177846,568177846,352270.26452
2021-11-16,SH600782,新钢股份,5.15,64492511,3188722696,3188722696,1642192.18844
2021-11-16,SZ000677,恒天海龙,2.91,9870539,863977948,863977948,251417.582868
2021-11-16,SZ000058,深 赛 格,5.81,3989370,538282117,1235656249,717916.280669
2021-11-16,SH600785,新华百货,12.49,809000,225631280,225631280,281813.46872
2021-11-16,SZ000061,农 产 品,6.31,20174237,1696936756,1696964131,1070784.366661
2021-11-16,SZ000682,东方电子,6.51,41887483,1163870795,1340727007,872813.281557
2021-11-16,SH600787,中储股份,6.38,30121069,2179564270,2199801033,1403473.059054
2021-11-16,SZ000680,山推股份,3.89,9066175,1056963053,1501853212,584220.899468
2021-11-16,SH600792,云煤能源,3.83,9058400,989923600,989923600,379140.7388
2021-11-16,SZ000060,中金岭南,4.67,35555889,3648891565,3650018990,1704558.86833
2021-11-16,SZ000685,中山公用,8.6,6362814,1253229908,1475111351,1268595.76186
2021-11-16,SZ000673,当代退,1.77,20862100,789510358,789604108,139759.927116
2021-11-16,SZ000679,大连友谊,3.98,3238301,356400000,356400000,141847.2
2021-11-16,SZ000690,宝新能源,5.25,22733842,2081803575,2175887862,1142341.12755
2021-11-16,SH600791,京能置业,3.32,1906000,452313696,452880000,150356.16
2021-11-16,SZ000062,深圳华强,16.21,6406539,1044552962,1045909322,1695419.010962
2021-11-16,SZ000059,华锦股份,5.91,12630630,1599398529,1599442537,945270.539367
2021-11-16,SZ000683,博源化工,6.46,105185454,3328221973,3673412560,2373024.51376
2021-11-16,SH600793,宜宾纸业,14.18,4971740,176904002,176904002,250849.874836
2021-11-16,SZ000698,ST沈化,5.55,7497700,785690549,819514395,454830.489225
2021-11-16,SZ000687,华讯退,2.28,57177212,752864376,766199362,174693.454536
2021-11-16,SZ000701,厦门信达,4.99,1835393,406608256,539058376,268990.129624
2021-11-16,SH600789,鲁抗医药,7.09,7747263,880260920,880260920,624104.99228
2021-11-16,SZ000686,东北证券,8.95,16441746,2340452915,2340452915,2094705.358925
2021-11-16,SZ000692,惠天热电,4.17,22726078,532827726,532832976,222191.350992
2021-11-16,SH600790,轻纺城,3.07,4422937,1465790928,1465790928,449997.814896
2021-11-16,SZ000700,模塑科技,5.19,41629237,917069308,917069308,475958.970852
2021-11-16,SZ000691,*ST亚太,4.57,2240101,323270000,323270000,147734.39
2021-11-16,SZ001696,宗申动力,6.78,8461001,879208499,1145026920,776328.25176
2021-11-16,SH600794,保税科技,3.1,4352858,1212152157,1212152157,375767.16867
2021-11-16,SH600795,国电电力,2.45,60273787,17835619082,17835619082,4369726.67509
2021-11-16,SZ000702,正虹科技,4.7,3448202,266634576,266634576,125318.25072
2021-11-16,SZ000697,ST炼石,8.1,6826400,576888733,671616059,544009.00779
2021-11-16,SZ000708,中信特钢,19.05,4065052,1259156149,5047143433,9614808.239865
2021-11-16,SZ000703,恒逸石化,10.48,11857538,3388194054,3666279480,3842260.89504
2021-11-16,SH600796,钱江生化,5.55,11509617,301402144,301402144,167278.18992
2021-11-16,SH600051,宁波联合,6.56,2777700,310880000,310880000,203937.28
2021-11-16,SZ000705,浙江震元,7.05,1554537,281972076,334123286,235556.91663
2021-11-16,SZ000711,ST京蓝,2.77,7609500,821865026,1023667816,283555.985032
2021-11-16,SH600052,东望时代,4.05,5044400,844194741,844194741,341898.870105
2021-11-16,SZ000707,双环科技,6.94,6065200,464144265,464145765,322117.16091
2021-11-16,SZ000712,锦龙股份,16.19,6592557,795943097,896000000,1450624
2021-11-16,SZ000758,中色股份,5.05,19183608,1969325694,1969378424,994536.10412
2021-11-16,SZ000709,河钢股份,2.26,53292758,10616892601,10618607852,2399805.374552
2021-11-16,SZ000716,黑芝麻,3.35,10622828,695926611,743999550,249239.84925
2021-11-16,SH600797,浙大网新,6.36,6800560,1027527102,1027527102,653507.236872
2021-11-16,SZ000400,许继电气,19.38,52497694,1008269840,1008327309,1954138.324842
2021-11-16,SZ000713,国投丰乐,9.06,26640800,558947567,614014980,556297.57188
2021-11-16,SZ000710,贝瑞基因,21.53,5183909,297708290,354605865,763466.427345
2021-11-16,SH600060,海信视像,13.95,45809526,1289081222,1308481222,1825331.30469
2021-11-16,SH600798,宁波海运,4.08,7520409,1030850948,1206534201,492265.954008
2021-11-16,SZ000736,*ST中地,5.01,2421140,695433689,695433689,348412.278189
2021-11-16,SZ000737,北方铜业,6.66,4284300,548760000,548760000,365474.16
2021-11-16,SZ000721,西安饮食,3.76,3923100,435952795,499055920,187645.02592
2021-11-16,SZ000766,通化金马,4.07,6145966,706995720,966494707,393363.345749
2021-11-16,SH600054,黄山旅游,9.45,2281150,513300000,729379440,689263.5708
2021-11-16,SH600064,南京高科,9.32,5756827,1235956888,1235956888,1151911.819616
2021-11-16,SZ000717,中南股份,3.92,31066120,2419524410,2419524410,948453.56872
2021-11-16,SZ000715,中兴商业,4.57,3000301,415059494,415718940,189983.55558
2021-11-16,SH600067,冠城新材,3.73,11698100,1492110725,1492110725,556557.300425
2021-11-16,SH600066,宇通客车,11.19,17992384,2213939223,2262931223,2532220.038537
2021-11-16,SZ000739,普洛药业,39.17,7366376,1178398671,1178523492,4616276.518164
2021-11-16,SZ000720,新能泰山,5.53,19460606,1289650962,1289650962,713176.981986
2021-11-16,SH600056,中国医药,11.09,3481342,1068108198,1068485534,1184950.457206
2021-11-16,SZ000723,美锦能源,11.03,102296466,3970229000,4270271048,4710108.965944
2021-11-16,SH600059,古越龙山,11.11,13827472,911542413,911542413,1012723.620843
2021-11-16,SZ000759,中百集团,4.7,643200,680612267,681021500,320080.105
2021-11-16,SH600055,万东医疗,21.63,13768835,540816199,540816199,1169785.438437
2021-11-16,SH600061,国投资本,8.22,18788376,6425299469,6425299469,5281596.163518
2021-11-16,SH600077,*ST宋都,2.27,9352857,1340122326,1340122326,304207.768002
2021-11-16,SZ000727,冠捷科技,3.02,232504515,3419222152,4529566980,1367929.22796
2021-11-16,SH600062,华润双鹤,11.78,4159367,1043237710,1043237710,1228934.02238
2021-11-16,SH600076,康欣新材,3.57,6949897,1034264129,1344543367,480001.982019
2021-11-16,SH600071,凤凰光学,51.62,12084296,237472456,281573889,1453484.415018
2021-11-16,SH600058,五矿发展,8.28,6133507,1071910711,1071910711,887542.068708
2021-11-16,SZ000779,甘咨询,8.41,537500,175031047,380330518,319857.965638
2021-11-16,SH600063,皖维高新,6.06,60296501,1925894692,1925894692,1167092.183352
2021-11-16,SH600072,中船科技,13.88,26163161,736249883,736249883,1021914.837604
2021-11-16,SH600070,*ST富润,7.18,3915800,506720732,521946118,374757.312724
2021-11-16,SZ000778,新兴铸管,3.69,26596907,3885142256,3990880176,1472634.784944
2021-11-16,SZ000780,ST平能,9.88,12424100,1014306324,1014306324,1002134.648112
2021-11-16,SH600079,ST人福,22.18,14314820,1386490465,1633071908,3622153.491944
2021-11-16,SZ000786,北新建材,28.41,11522037,1689507842,1689507842,4799891.779122
2021-11-16,SZ000767,晋控电力,3.08,16993100,2912242405,3076942219,947698.203452
2021-11-16,SZ000625,长安汽车,18.27,249841814,5849553940,7615428202,13913387.325054
2021-11-16,SZ000735,罗 牛 山,7.05,11584800,1150886809,1151513578,811817.07249
2021-11-16,SZ000776,广发证券,21.93,110027248,5919291464,7621087664,16713045.247152
2021-11-16,SZ000068,华控赛格,3.08,8367800,1006671464,1006671464,310054.810912
2021-11-16,SH600080,金花股份,6.79,1989035,373270285,373270285,253450.523515
2021-11-16,SH600088,中视传媒,10.09,3691640,397706400,397706400,401285.7576
2021-11-16,SZ000788,北大医药,6.45,2575700,595987425,595987425,384411.889125
2021-11-16,SZ000728,国元证券,7.57,14569996,4291289205,4363777891,3303379.863487
2021-11-16,SH600090,退市济堂,1.23,144255158,1439662945,1439662945,177078.542235
2021-11-16,SZ000731,四川美丰,7.86,45172038,585723752,585723752,460378.869072
2021-11-16,SH600075,新疆天业,7.23,39970581,1259070275,1697645523,1227397.713129
2021-11-16,SZ000828,东莞控股,10.27,3533600,1039515642,1039516992,1067583.950784
2021-11-16,SH600089,特变电工,22.07,70239174,3786103952,3786103952,8355931.422064
2021-11-16,SZ000800,一汽解放,10.51,8648849,764516311,4650653869,4887837.216319
2021-11-16,SH600106,重庆路桥,2.56,6089395,1329025062,1329025062,340230.415872
2021-11-16,SZ000782,恒申新材,5.26,6316145,528133662,528139623,277801.441698
2021-11-16,SH600097,开创国际,10.35,3044000,240936559,240936559,249369.338565
2021-11-16,SH600082,海泰发展,2.9,3230600,634335412,646115826,187373.58954
2021-11-16,SH600085,同仁堂,33.62,23022082,1371470262,1371470262,4610883.020844
2021-11-16,SZ000819,岳阳兴长,7.64,9444431,299150255,299150255,228550.79482
2021-11-16,SZ000752,ST西发,6.08,2213815,263758491,263758491,160365.162528
2021-11-16,SZ000838,财信发展,3.08,25790607,846108444,1100462170,338942.34836
2021-11-16,SZ000738,航发控制,27.75,32426110,1145642349,1315184001,3649635.602775
2021-11-16,SZ000753,漳州发展,2.88,6270145,991481071,991481071,285546.548448
2021-11-16,SZ000768,中航西飞,33.56,70356171,2768640196,2768645071,9291572.858276
2021-11-16,SH600093,退市易见,2.72,29419137,1122447500,1122447500,305305.72
2021-11-16,SZ000066,中国长城,13.78,37581494,2938046005,2938394515,4049107.64167
2021-11-16,SZ000755,山西高速,3.77,4118488,469264621,1467310196,553175.943892
2021-11-16,SH600100,同方股份,5.63,19936031,2963898951,3350297713,1886217.612419
2021-11-16,SH600101,明星电力,6.8,45760237,421432670,421432670,286574.2156
2021-11-16,SH600078,澄星股份,7.92,28669893,662572861,662572861,524757.705912
2021-11-16,SH600081,东风科技,13.02,3657887,313560000,470418905,612485.41431
2021-11-16,SH600103,青山纸业,2.6,35908638,2305817807,2305817807,599512.62982
2021-11-16,SZ000796,凯撒旅业,8.18,13193805,802583633,803000258,656854.211044
2021-11-16,SZ000733,振华科技,111.79,10234162,514805618,514805618,5755012.003622
2021-11-16,SH600099,林海股份,7.55,3173463,219120000,219120000,165435.6
2021-11-16,SH600073,光明肉业,8.05,16663198,937729472,937729472,754872.22496
2021-11-16,SH600091,退市明科,2.85,2936230,437412524,437412524,124662.56934
2021-11-16,SZ000762,西藏矿业,45.79,29513565,520795518,520819240,2384831.29996
2021-11-16,SH600095,湘财股份,9.28,10483910,956642527,2854958418,2649401.411904
2021-11-16,SZ000750,国海证券,3.92,19650882,5444525514,5444525514,2134254.001488
2021-11-16,SH600096,云天化,22.14,107498261,1683347067,1837396147,4067995.069458
2021-11-16,SZ000777,中核科技,13.38,21258955,383406551,386597593,517267.579434
2021-11-16,SH600084,中信尼雅,4.14,9335300,1123726830,1123726830,465222.90762
2021-11-16,SZ000785,居然智家,4.98,5586022,760297946,6529036899,3251460.375702
2021-11-16,SZ000797,中国武夷,2.48,5560364,1566823521,1570998213,389607.556824
2021-11-16,SZ000729,燕京啤酒,6.87,13553562,2509560118,2818539341,1936336.527267
2021-11-16,SH600098,广州发展,6.65,6962961,2698936572,2726196558,1812920.71107
2021-11-16,SZ000799,酒鬼酒,209.4,9091519,324928980,324928980,6804012.8412
2021-11-16,SZ000868,安凯客车,3.93,9077400,733329168,733329168,288198.363024
2021-11-16,SZ000088,盐 田 港,5.19,2676086,2249161747,2249161747,1167314.946693
2021-11-16,SZ000793,*ST华闻,2.7,57606678,1961008390,1997245457,539256.27339
2021-11-16,SZ000783,长江证券,7.28,18222621,5529948325,5529948325,4025802.3806
2021-11-16,SH600116,三峡水利,10.21,54174111,1353844295,1912142904,1952297.904984
2021-11-16,SZ000756,新华制药,7.84,7283965,431751495,627367447,491856.078448
2021-11-16,SH600109,国金证券,10.6,18888621,3024359310,3024359310,3205820.8686
2021-11-16,SZ000795,英洛华,5.62,31516477,1131407846,1133684103,637130.465886
2021-11-16,SZ000816,智慧农业,3.5,52858610,1337777472,1424503318,498576.1613
2021-11-16,SH600108,亚盛集团,3.61,74278613,1946915121,1946915121,702836.358681
2021-11-16,SH600128,苏豪弘业,6.58,1899023,246767500,246767500,162373.015
2021-11-16,SH600118,中国卫星,26.12,10043548,1182489135,1182489135,3088661.62062
2021-11-16,SZ000069,华侨城Ａ,6.42,28315171,7055665245,8201793915,5265551.69343
2021-11-16,SZ000789,万年青,11.39,11053019,797382551,797401458,908240.260662
2021-11-16,SH600111,北方稀土,45.26,87429397,3633066000,3633066000,16443256.716
2021-11-16,SZ000836,ST富通,2.87,29722466,1208315049,1208455224,346826.649288
2021-11-16,SH600105,永鼎股份,5.25,163631373,1380881512,1380881512,724962.7938
2021-11-16,SH600110,诺德股份,17.31,107144092,1323181658,1397268615,2418671.972565
2021-11-16,SZ000823,超声电子,13.72,16265599,536935622,536981110,736738.08292
2021-11-16,SZ000791,甘肃能源,5.34,21951372,1359550430,1359576680,726013.94712
2021-11-16,SH600117,西宁特钢,3.61,8652265,1045118252,1045118252,377287.688972
2021-11-16,SZ000818,航锦科技,33.95,21631441,676449205,682614000,2317474.53
2021-11-16,SZ000888,峨眉山Ａ,6.22,5258633,526913102,526913102,327739.949444
2021-11-16,SH600113,浙江东日,6.16,5462096,411431160,411431160,253441.59456
2021-11-16,SH600132,重庆啤酒,163.1,2760316,483971198,483971198,7893570.23938
2021-11-16,SZ000839,国安股份,2.37,101774550,3919826352,3919826352,928998.845424
2021-11-16,SH600115,中国东航,4.98,44025411,9808485682,18874440078,9399471.158844
2021-11-16,SH600107,ST尔雅,6.16,7351475,360000000,360000000,221760
2021-11-16,SZ000848,承德露露,10.34,24046997,1076392496,1076419000,1113017.246
2021-11-16,SH600129,太极集团,15.75,9324741,556890744,556890744,877102.9218
2021-11-16,SZ000063,中兴通讯,31.7,36499678,3887430283,4728819381,14990357.43777
2021-11-16,SH600104,上汽集团,20.62,51011319,11683461365,11683461365,24091297.33463
2021-11-16,SZ000899,赣能股份,5.12,10496500,975674945,975677760,499547.01312
2021-11-16,SH600112,*ST天成,4.01,26622200,509204846,509204846,204191.143246
2021-11-16,SH600120,浙江东方,4.3,29201872,2896323121,2896323121,1245418.94203
2021-11-16,SZ000829,天音控股,20.4,96291635,1023765049,1025100438,2091204.89352
2021-11-16,SH600138,中青旅,10.28,13069513,723840000,723840000,744107.52
2021-11-16,SZ000889,中嘉博创,3.36,12806241,869849677,936291116,314593.814976
2021-11-16,SZ000898,鞍钢股份,3.59,50839721,7941252719,9405250201,3376484.822159
2021-11-16,SH600121,郑州煤电,4.65,15075300,1218412038,1218412038,566561.59767
2021-11-16,SZ000802,北京文化,4.95,1743300,711209005,715900255,354370.626225
2021-11-16,SZ000761,本钢板材,3.93,21560343,3708157357,4108157357,1614505.841301
2021-11-16,SH600119,长江投资,7.04,1525094,307400000,365270370,257150.34048
2021-11-16,SZ001896,豫能控股,6.83,19888478,1150587847,1150587847,785851.499501
2021-11-16,SH600135,乐凯胶片,7.14,4676097,427764817,553307099,395061.268686
2021-11-16,SZ000886,海南高速,3.91,3205626,973958198,988828300,386631.8653
2021-11-16,SH600133,东湖高新,5.26,5597501,795469152,795469152,418416.773952
2021-11-16,SZ000798,中水渔业,7.21,3223400,319417500,319455000,230327.055
2021-11-16,SH600009,上海机场,49.06,13698384,1093476397,1926958448,9453658.145888
2021-11-16,SZ000429,粤高速Ａ,7.11,2575146,1302902734,2090806126,1486563.155586
2021-11-16,SH600139,*ST西源,2.2,9710428,661890508,661890508,145615.91176
2021-11-16,SH600136,ST明诚,6.74,7160565,486882186,584618623,394032.951902
2021-11-16,SZ000803,山高环能,19.65,5035901,147693852,242914361,477326.719365
2021-11-16,SZ000876,新 希 望,15.77,59894373,4325422589,4505211342,7104718.286334
2021-11-16,SH600126,杭钢股份,4.95,17927027,3377189083,3377189083,1671708.596085
2021-11-16,SH600158,中体产业,12.64,19984087,676791584,959513067,1212824.516688
2021-11-16,SZ000790,华神科技,5.5,24599611,616360564,616360564,338998.3102
2021-11-16,SH600131,国网信通,17.85,27511866,540214382,1195394544,2133779.26104
2021-11-16,SZ000807,云铝股份,10.2,136392580,2814103314,3128206556,3190770.68712
2021-11-16,SH600137,浪莎股份,14.44,655100,97217588,97217588,140382.197072
2021-11-16,SZ000806,银河退,2.65,20075585,699304718,1099911762,291476.61693
2021-11-16,SZ000089,深圳机场,7.26,7799700,2050769509,2050769509,1488858.663534
2021-11-16,SH600122,*ST宏图,1.46,7388900,1158258350,1158258350,169105.7191
2021-11-16,SH600168,武汉控股,6.42,2073987,709569692,709569692,455543.742264
2021-11-16,SZ000858,五 粮 液,212,31435675,3881508186,3881608005,82290089.706
2021-11-16,SH600127,金健米业,8.79,23272977,641783218,641783218,564127.448622
2021-11-16,SZ000801,四川九洲,7.92,17462095,1022806646,1022806646,810062.863632
2021-11-16,SH600125,铁龙物流,4.88,8111564,1305521874,1305521874,637094.674512
2021-11-16,SH600157,永泰能源,1.8,404775651,22217764145,22217764145,3999197.5461
2021-11-16,SZ000883,湖北能源,4.45,29175708,6505561854,6507449486,2895815.02127
2021-11-16,SZ000813,德展健康,3.58,12699495,2219869572,2241481800,802450.4844
2021-11-16,SH600150,中国船舶,22.29,73466348,2443307764,4472428758,9969043.701582
2021-11-16,SH600148,长春一东,12.57,750260,141516450,141516450,177886.17765
2021-11-16,SH600159,大龙地产,2.35,3831100,830003232,830003232,195050.75952
2021-11-16,SH600156,华升股份,3.9,4279867,402110702,402110702,156823.17378
2021-11-16,SZ000811,冰轮环境,12.64,33299474,745821393,745837804,942738.984256
2021-11-16,SH600165,ST宁科,9.1,17711654,684883775,684883775,623244.23525
2021-11-16,SZ000810,创维数字,8.92,44992377,1024868296,1063236487,948406.946404
2021-11-16,SZ000878,云南铜业,13.13,16537582,1641874705,1699678560,2231677.94928
2021-11-16,SH600163,中闽能源,8.06,36710502,1154161335,1902996143,1533814.891258
2021-11-16,SH600166,福田汽车,3.33,65591380,6575192047,6575192047,2189538.951651
2021-11-16,SZ000065,北方国际,7.7,4282450,678058074,774481660,596350.8782
2021-11-16,SH600151,航天机电,11.94,46534713,1434252287,1434252287,1712497.230678
2021-11-16,SZ000815,美利云,5.6,13063300,695263035,695263035,389347.2996
2021-11-16,SH600152,维科技术,7.08,6511401,411288032,525480527,372040.213116
2021-11-16,SH600162,香江控股,1.99,8935904,3395781424,3395781424,675760.503376
2021-11-16,SH600161,天坛生物,30.79,15529897,1373174615,1373174615,4228004.639585
2021-11-16,SZ000809,和展能源,3.38,16572270,824791293,824791293,278779.457034
2021-11-16,SZ000882,华联股份,1.76,14863180,2737348016,2737351947,481773.942672
2021-11-16,SH600153,建发股份,8.3,27436357,2835200530,2863422530,2376640.6999
2021-11-16,SH600170,上海建工,3.11,63548108,8904397728,8904397728,2769267.693408
2021-11-16,SZ000812,陕西金叶,3.38,16924559,767858107,768692614,259818.103532
2021-11-16,SZ000821,ST京机,13.68,16485730,476361775,622874778,852092.696304
2021-11-16,SH600160,巨化股份,12.1,27157818,2699746081,2699746081,3266692.75801
2021-11-16,SH600188,兖矿能源,21.93,21076473,2974184060,4874184060,10689085.64358
2021-11-16,SH600180,瑞茂通,6.24,5712084,1016477464,1016477464,634281.937536
2021-11-16,SZ000822,山东海化,7.09,28058000,895091926,895091926,634620.175534
2021-11-16,SH600196,复星医药,54.64,69921528,2010958045,2562898545,14003677.64988
2021-11-16,SZ000830,鲁西化工,14.57,41363736,1464079243,1904319011,2774592.799027
2021-11-16,SH600199,金种子酒,17.01,50627024,606469391,657796824,1118912.397624
2021-11-16,SZ000856,冀东装备,6.7,2012025,227000000,227000000,152090
2021-11-16,SH600186,莲花控股,2.94,22188710,1379923955,1793901141,527406.935454
2021-11-16,SZ000881,中广核技,9.11,5413042,771187609,945425815,861282.917465
2021-11-16,SH600169,ST太重,2.71,26539203,2563955000,3333141500,903281.3465
2021-11-16,SZ000862,银星能源,7.1,38657418,501352890,706118997,501344.48787
2021-11-16,SH600155,华创云信,9.37,6436159,1739556648,1739556648,1629964.579176
2021-11-16,SH600171,上海贝岭,26.64,23902687,700862144,712815314,1898939.996496
2021-11-16,SZ000581,威孚高科,21.21,21030687,816945681,1008950570,2139984.15897
2021-11-16,SZ000837,秦川机床,11.02,29111758,693099024,899370910,991106.74282
2021-11-16,SZ000850,华茂股份,4.24,9609621,943382489,943665009,400113.963816
2021-11-16,SH600189,泉阳泉,7.92,14422266,688282134,715197812,566436.667104
2021-11-16,SH600178,东安动力,7.68,7584895,462080000,462080000,354877.44
2021-11-16,SZ000825,太钢不锈,7.24,75504516,5696176066,5696247796,4124083.404304
2021-11-16,SH600198,大唐电信,8.41,7308838,880454735,882108472,741853.224952
2021-11-16,SH600183,生益科技,24.1,44024632,2309947277,2309947277,5566972.93757
2021-11-16,SZ000861,海印股份,2.18,32641475,2167751186,2325503649,506959.795482
2021-11-16,SZ000860,顺鑫农业,33.87,14639248,741766989,741766989,2512364.791743
2021-11-16,SH600179,安通控股,3.77,4362669,3564945567,4364286051,1645335.841227
2021-11-16,SZ000833,粤桂股份,6.39,13137903,378085022,668401851,427108.782789
2021-11-16,SZ000859,国风新材,5.92,19639875,840081809,895976271,530417.952432
2021-11-16,SH600177,雅戈尔,6.59,6719812,4502688973,4629002973,3050512.959207
2021-11-16,SZ000852,石化机械,5.71,14609869,777604997,777604997,444012.453287
2021-11-16,SH600172,黄河旋风,10.65,131650795,1224222286,1442184476,1535926.46694
2021-11-16,SH600218,全柴动力,14.04,28560061,368755000,435599919,611582.286276
2021-11-16,SZ000887,中鼎股份,18.04,35687541,1218260743,1220853166,2202419.111464
2021-11-16,SH600191,华资实业,3.46,6995826,484932000,484932000,167786.472
2021-11-16,SZ000895,双汇发展,31,18019360,1488824214,3464661213,10740449.7603
2021-11-16,SH600123,兰花科创,8.87,24471157,1142400000,1142400000,1013308.8
2021-11-16,SZ000078,海王生物,3.12,8542377,2621199543,2750833257,858259.976184
2021-11-16,SH600192,长城电工,4.35,2846001,441748000,441748000,192160.38
2021-11-16,SZ000893,亚钾国际,17.77,5934150,403342500,756903272,1345017.114344
2021-11-16,SH600195,中牧股份,11.48,8535403,1015610601,1015610601,1165920.969948
2021-11-16,SZ000877,天山股份,13.87,13083952,880093104,8348805927,11579793.820749
2021-11-16,SZ000892,欢瑞世纪,3.36,17177170,535377741,980980473,329609.438928
2021-11-16,SH600201,生物股份,17.07,14108978,1118519726,1126202241,1922427.225387
2021-11-16,SZ000890,法尔胜,4.61,3672018,379628678,419503968,193391.329248
2021-11-16,SH600228,*ST返利,7.35,7256000,241320000,823267005,605101.248675
2021-11-16,SZ000900,现代投资,4.03,2315998,1517245302,1517828334,611684.818602
2021-11-16,SH600167,联美控股,8.24,5007140,2288119475,2288119475,1885410.4474
2021-11-16,SH600266,城建发展,4.4,9808866,2256537600,2256537600,992876.544
2021-11-16,SZ000908,*ST景峰,3.8,11546870,757837001,879774351,334314.25338
2021-11-16,SZ000928,中钢国际,7.5,30359532,1280049886,1280081086,960060.8145
2021-11-16,SH600007,中国国贸,14.62,3882337,1007282534,1007282534,1472647.064708
2021-11-16,SH600206,有研新材,13.56,15660812,844078132,846594132,1147981.642992
2021-11-16,SZ000917,电广传媒,6.14,17899303,1417296852,1417556338,870379.591532
2021-11-16,SH600209,退市罗顿,5.1,3142302,439011169,439011169,223895.69619
2021-11-16,SH600200,退市苏吴,7.01,7947156,712388832,712388832,499384.571232
2021-11-16,SZ000901,航天科技,8.77,10446969,798201406,798201406,700022.633062
2021-11-16,SZ000902,新洋丰,15.9,13711064,1186309098,1304529290,2074201.5711
2021-11-16,SH600173,卧龙新能,4.9,2988182,700416244,700506244,343248.05956
2021-11-16,SZ000903,ST云动,3.39,11705054,1970800857,1970800857,668101.490523
2021-11-16,SH600176,中国巨石,16.57,48719250,4003136728,4003136728,6633197.558296
2021-11-16,SZ000897,津滨发展,2.6,38687621,1617244634,1617272234,420490.78084
2021-11-16,SH600359,新农开发,7.96,15882300,381512820,381512820,303684.20472
2021-11-16,SZ000905,厦门港务,6.89,7019518,530998500,625191522,430756.958658
2021-11-16,SZ000909,ST数源,6.47,998600,387423864,453828600,293627.1042
2021-11-16,SH600203,福日电子,10.18,9894799,456447120,456447120,464663.16816
2021-11-16,SZ000913,钱江摩托,15.25,8757368,453536000,453536000,691642.4
2021-11-16,SH600193,*ST创兴,7.98,5317760,425373000,425373000,339447.654
2021-11-16,SZ000911,广农糖业,12.16,9782900,324080937,324080937,394082.419392
2021-11-16,SZ000912,泸天化,4.81,35638251,1568000000,1568000000,754208
2021-11-16,SH600202,哈空调,4.23,6449600,383340672,383340672,162153.104256
2021-11-16,SH600190,退市锦港,2.72,1956926,1779484530,2002291500,544623.288
2021-11-16,SZ000915,华特达因,26.78,2678496,234151690,234331485,627539.71683
2021-11-16,SH600185,珠免集团,6.23,17482528,1944686896,1944686896,1211539.936208
2021-11-16,SZ000925,众合科技,8.25,7663040,524459336,557471062,459913.62615
2021-11-16,SZ000920,沃顿科技,8.47,5604900,421779600,422000000,357434
2021-11-16,SH600141,兴发集团,39.1,47892310,975597583,1111724663,4346843.43233
2021-11-16,SZ000922,佳电股份,11.43,12701440,582363503,599212053,684899.376579
2021-11-16,SZ000926,福星股份,4.02,2809300,946797682,962462474,386909.914548
2021-11-16,SH600208,衢州发展,2.93,41056625,8598171921,8599343536,2519607.656048
2021-11-16,SZ000929,*ST兰黄,8.65,6061188,185754223,185766000,160687.59
2021-11-16,SZ000835,长动退,2.93,8748514,302895000,326760374,95740.789582
2021-11-16,SZ000910,大亚圣象,12.18,3019767,547127500,547397500,666730.155
2021-11-16,SH600146,退市环球,2.29,26162639,469970000,469970000,107623.13
2021-11-16,SZ000906,浙商中拓,10.56,2594247,664799578,674200820,711956.06592
2021-11-16,SZ000930,中粮科技,11.53,112226341,964402678,1865717988,2151172.840164
2021-11-16,SZ000931,中 关 村,7,23068343,746191907,753126982,527188.8874
2021-11-16,SZ000921,海信家电,12.11,4887263,902131318,1362725370,1650260.42307
2021-11-16,SZ000923,河钢资源,13.16,7191497,627893854,652728961,858991.312676
2021-11-16,SH600207,安彩高科,7.11,5471881,862955974,862955974,613561.697514
2021-11-16,SZ000918,*ST嘉凯,2.48,44387196,1804191500,1804191500,447439.492
2021-11-16,SZ000090,天健集团,5.07,6440418,1868165272,1868545434,947352.535038
2021-11-16,SH600211,西藏药业,49.7,5716574,247937843,247937843,1232251.07971
2021-11-16,SZ000927,中国铁物,3.36,7420892,1959304684,6050353641,2032918.823376
2021-11-16,SH600006,东风股份,6.8,24746226,2000000000,2000000000,1360000
2021-11-16,SZ000932,华菱钢铁,4.85,113030463,5717943441,6908632499,3350686.762015
2021-11-16,SZ000936,华西股份,5.98,4777600,885747139,886012887,529835.706426
2021-11-16,SH600212,绿能慧充,3.96,21234308,511697213,511697213,202632.096348
2021-11-16,SZ000935,四川双马,21.64,6831078,763440333,763440333,1652084.880612
2021-11-16,SH600210,紫江企业,9.6,42909523,1516736158,1516736158,1456066.71168
2021-11-16,SZ000933,神火股份,8.17,88017711,2231460309,2250986609,1839056.059553
2021-11-16,SH600215,派斯林,9.56,28324289,465032880,465032880,444571.43328
2021-11-16,SZ000937,冀中能源,5.65,75823182,2906599842,3533546850,1996453.97025
2021-11-16,SH600197,伊力特,25.37,16678752,471945620,471945620,1197326.03794
2021-11-16,SH600145,退市新亿,1.5,70510886,1491100380,1491100380,223665.057
2021-11-16,SH600220,ST阳光,2.26,18088319,1783340326,1783340326,403034.913676
2021-11-16,SZ000948,南天信息,14.93,16205947,334501835,381165677,569080.355761
2021-11-16,SH600149,廊坊发展,4.55,1887140,380160000,380160000,172972.8
2021-11-16,SZ000949,新乡化纤,5.8,27203579,1257187175,1466727778,850702.11124
2021-11-16,SH600216,浙江医药,17.07,20750707,965123725,965128000,1647473.496
2021-11-16,SZ000938,紫光股份,26.13,34524655,2860079874,2860079874,7473388.710762
2021-11-16,SH600222,太龙药业,9.05,22748454,573886283,573886283,519367.086115
2021-11-16,SH600000,浦发银行,8.73,24030066,29352165582,29352165582,25624440.553086
2021-11-16,SZ000952,广济药业,7.17,2514322,309443612,346995039,248795.442963
2021-11-16,SH600226,亨通股份,2.34,26290994,3129012583,3129012583,732188.944422
2021-11-16,SZ000919,金陵药业,6.62,3005203,503186224,504000000,333648
2021-11-16,SH600268,国电南自,11.33,71898294,695265184,695265184,787735.453472
2021-11-16,SH600221,海航控股,1.88,82470042,16436002728,16806120330,3159550.62204
2021-11-16,SZ000953,河化股份,4.56,906700,319921505,366122195,166951.72092
2021-11-16,SH600239,云南城投,2.36,8511045,1605686909,1605686909,378942.110524
2021-11-16,SZ000955,欣龙控股,4.42,3887350,537685425,538395000,237970.59
2021-11-16,SH600217,中再资环,5.17,12097600,1388659782,1388659782,717937.107294
2021-11-16,SZ000959,首钢股份,5.29,34338712,5057103246,6685423610,3536589.08969
2021-11-16,SZ000958,电投产融,4.4,11020775,1102079201,5383418520,2368704.1488
2021-11-16,SH600219,南山铝业,4.05,81633910,11950481520,11950481520,4839945.0156
2021-11-16,SZ000957,中通客车,5.2,3388429,592892704,592903936,308310.04672
2021-11-16,SH600223,福瑞达,12.25,10665700,1009152199,1009152199,1236211.443775
2021-11-16,SZ000962,东方钽业,10.09,7785084,440831060,440832644,444800.137796
2021-11-16,SH600238,*ST椰岛,19.27,65172211,445001580,448200000,863681.4
2021-11-16,SZ000963,华东医药,36.44,27511654,1749761803,1749809548,6376305.992912
2021-11-16,SZ000960,锡业股份,16.19,24916017,1668776379,1668776379,2701748.957601
2021-11-16,SH600227,赤天化,3.26,12047100,1278179547,1693134201,551961.749526
2021-11-16,SH600500,中化国际,7.13,27257218,2707916472,2765916472,1972098.444536
2021-11-16,SZ000961,ST中南,3.98,38762764,3811261542,3826558901,1522970.442598
2021-11-16,SH600229,城市传媒,6.65,6091034,702096010,702096010,466893.84665
2021-11-16,SZ000999,华润三九,24.42,8010341,978395308,978900000,2390473.8
2021-11-16,SZ000966,长源电力,7.31,19614742,1108284080,2549660478,1863801.809418
2021-11-16,SH600236,桂冠电力,5.43,14215128,7882377802,7882377802,4280131.146486
2021-11-16,SZ000967,盈峰环境,7.44,26258564,2023487565,3163086883,2353336.640952
2021-11-16,SH600230,沧州大化,13.91,4334336,411863502,418596302,582267.456082
2021-11-16,SZ000965,天保基建,2.39,3166464,1109830895,1109830895,265249.583905
2021-11-16,SZ000518,*ST四环,3.23,4325700,1029535693,1029556222,332546.659706
2021-11-16,SZ000970,中科三环,12.69,46408180,1065200000,1065200000,1351738.8
2021-11-16,SH600299,安迪苏,12.38,8378926,2681901273,2681901273,3320193.775974
2021-11-16,SH600008,首创环保,3.15,83460482,7340590677,7340590677,2312286.063255
2021-11-16,SZ000971,*ST高升,2.3,8017934,837136681,1048590126,241175.72898
2021-11-16,SZ000070,特发信息,6.31,6133789,804949978,826310653,521402.022043
2021-11-16,SH600231,凌钢股份,2.43,23124401,2852129323,2852129323,693067.425489
2021-11-16,SH600269,赣粤高速,3.3,5265415,2335407014,2335407014,770684.31462
2021-11-16,SZ000978,桂林旅游,5.21,9619930,360053425,360100000,187612.1
2021-11-16,SZ000973,佛塑科技,4.66,14573974,967392234,967423171,450819.197686
2021-11-16,SH600256,广汇能源,6.07,106530740,6565755139,6565755139,3985413.369373
2021-11-16,SZ000301,东方盛虹,20.98,33511276,1731856289,4834903257,10143627.033186
2021-11-16,SZ000969,安泰科技,8.91,19444940,1000626464,1026008097,914173.214427
2021-11-16,SH600258,首旅酒店,26.03,10464396,982080716,987034712,2569251.355336
2021-11-16,SZ000976,*ST华铁,4.58,14802182,1594619972,1595678796,730820.888568
2021-11-16,SH600232,金鹰股份,5.07,1711600,364718544,364718544,184912.301808
2021-11-16,SZ000988,华工科技,28.79,31170950,1004985657,1005502707,2894842.293453
2021-11-16,SH600233,圆通速递,14.17,31846524,3159579446,3159830686,4477480.082062
2021-11-16,SZ000977,浪潮信息,32.21,81189290,1452808551,1453721310,4682436.33951
2021-11-16,SZ000975,山金国际,9.58,16935655,2448450295,2776722265,2660099.92987
2021-11-16,SH600237,铜峰电子,6.76,150056872,564369565,564369565,381513.82594
2021-11-16,SH600257,大湖股份,6.31,18509144,481237188,481237188,303660.665628
2021-11-16,SH600235,民丰特纸,5.11,5068556,351300000,351300000,179514.3
2021-11-16,SH600234,科新发展,9.26,741300,202445880,262520973,243094.420998
2021-11-16,SZ000980,众泰汽车,8.33,43598141,1245944713,2027671288,1689050.182904
2021-11-16,SZ000968,蓝焰控股,9.78,62581105,967502660,967502660,946217.60148
2021-11-16,SZ000989,九芝堂,8.58,4555304,614595840,869354236,745905.934488
2021-11-16,SH600262,北方股份,13.79,576700,170000000,170000000,234430
2021-11-16,SH600300,维维股份,3.65,14376682,1672000000,1672000000,610280
2021-11-16,SH600130,*ST波导,3.76,10683084,768000000,768000000,288768
2021-11-16,SZ000982,中银绒业,3.01,316203142,4261877053,4261877053,1282824.992953
2021-11-16,SZ000990,诚志股份,14.46,11506976,1253011019,1253011919,1811855.234874
2021-11-16,SH600260,*ST凯乐,2.58,30354373,994886058,994886058,256680.602964
2021-11-16,SH600278,东方创业,7.6,1705987,678914260,868459428,660029.16528
2021-11-16,SH600301,华锡有色,11.18,2585616,235148140,235148140,262895.62052
2021-11-16,SZ000996,中期退,7.49,17532038,345000000,345000000,258405
2021-11-16,SZ000987,越秀资本,8.89,22535612,3716014123,3716394417,3303874.636713
2021-11-16,SH600018,上港集团,4.63,67488819,23173674650,23278679750,10778028.72425
2021-11-16,SH600289,ST信通,3.82,2619900,565922684,631052069,241061.890358
2021-11-16,SH600261,阳光照明,3.78,3895450,1452102930,1452102930,548894.90754
2021-11-16,SZ000096,广聚能源,8.67,1353889,510848000,528000000,457776
2021-11-16,SZ000158,常山北明,7.02,27398842,1577040918,1598616721,1122228.938142
2021-11-16,SH600267,海正药业,12.8,5023685,965531842,1196204562,1531141.83936
2021-11-16,SH600277,ST亿利,4.55,133430826,3560622194,3560622194,1620083.09827
2021-11-16,SZ000985,大庆华科,11.86,861449,129639500,129639500,153752.447
2021-11-16,SZ000983,山西焦煤,8.09,80439210,4096560000,4096560000,3314117.04
2021-11-16,SZ000099,中信海直,7.49,6772879,606070420,775770137,581051.832613
2021-11-16,SH600291,退市西水,7.76,47341142,1093064378,1093064378,848217.957328
2021-11-16,SZ000993,闽东电力,14.29,29781602,439747572,457951455,654412.629195
2021-11-16,SH600279,重庆港,3.7,4398099,869924190,1186866283,439140.52471
2021-11-16,SZ000150,*ST宜康,3.34,38488256,805990242,877697557,293150.984038
2021-11-16,SZ000997,新 大 陆,15.99,16940126,1025967726,1032062937,1650268.636263
2021-11-16,SH600275,退市昌鱼,2.85,9395101,508837238,508837238,145018.61283
2021-11-16,SH600298,安琪酵母,54.9,5647843,824080943,832860943,4572406.57707
2021-11-16,SH600265,ST景谷,19.51,268194,129800000,129800000,253239.8
2021-11-16,SH600287,苏豪时尚,4.15,1213100,436796074,443282774,183962.35121
2021-11-16,SZ000151,中成股份,7.97,4008147,266543967,337370728,268884.470216
2021-11-16,SH600282,南钢股份,3.41,57270988,4460568948,6158732721,2100127.857861
2021-11-16,SH600293,三峡新材,3.26,16644079,1160145046,1160145046,378207.284996
2021-11-16,SZ000153,丰原药业,11.28,11784800,311977230,312141230,352095.30744
2021-11-16,SH600358,ST联合,4.26,12172343,504936660,504936660,215103.01716
2021-11-16,SH600246,万通发展,9.96,20217777,2054009302,2054009302,2045793.264792
2021-11-16,SZ000159,国际实业,6.3,30622199,480685993,480685993,302832.17559
2021-11-16,SH600280,中央商场,3.01,6318500,1138334820,1138334820,342638.78082
2021-11-16,SZ000972,*ST中基,2.75,12164596,771283579,771283579,212102.984225
2021-11-16,SH600308,华泰股份,5.7,24818867,1167561419,1167561419,665510.00883
2021-11-16,SZ000157,中联重科,6.88,42776993,7063148394,8675031447,5968421.635536
2021-11-16,SH600283,钱江水利,10.8,2076080,352995758,352995758,381235.41864
2021-11-16,SH600276,恒瑞医药,54.35,67674990,6379002274,6397477594,34770290.72339
2021-11-16,SH600285,羚锐制药,11.95,29349134,554088392,567758992,678471.99544
2021-11-16,SZ000869,张  裕Ａ,31.71,2494514,453460800,685464000,2173606.344
2021-11-16,SH600366,宁波韵升,10.9,65034316,989113721,989113721,1078133.95589
2021-11-16,SH600292,电投水电,7.78,4366992,780816890,780816890,607475.54042
2021-11-16,SH600290,*ST华仪,3.27,7536900,759903511,759903511,248488.448097
2021-11-16,SH600281,华阳新材,5.07,9939959,514402025,514402025,260801.826675
2021-11-16,SH600297,广汇汽车,2.61,68818936,8111022766,8111022766,2116976.941926
2021-11-16,SH600243,*ST海华,4.43,8439801,438850000,438850000,194410.55
2021-11-16,SZ000488,ST晨鸣,7.03,21075859,1664963401,2984208200,2097898.3646
2021-11-16,SH600255,鑫科材料,2.19,32698703,1769593555,1799543555,394100.038545
2021-11-16,SH600337,美克家居,3.4,18329186,1628327220,1628327220,553631.2548
2021-11-16,SH600241,时代万恒,10.63,9200728,294302115,294302115,312843.148245
2021-11-16,SH600288,大恒科技,11.68,3717929,436800000,436800000,510182.4
2021-11-16,SH600252,中恒集团,3.14,16930419,3475107147,3475107147,1091183.644158
2021-11-16,SH600422,昆药集团,8.57,6667403,755695746,758255769,649825.194033
2021-11-16,SH600318,新力金融,9.15,0,511655849,512727632,469145.78328
2021-11-16,SH600333,长春燃气,6.57,20376265,609030684,609030684,400133.159388
2021-11-16,SZ000998,隆平高科,23.7,57418082,1061871877,1316970298,3121219.60626
2021-11-16,SH600019,宝钢股份,6.32,155550091,22212353437,22268589450,14073748.5324
2021-11-16,SH600302,标准股份,4.2,2040400,346009804,346009804,145324.11768
2021-11-16,SH600316,洪都航空,39.88,22320091,717114512,717114512,2859852.673856
2021-11-16,SH600038,中直股份,68.93,13423726,589476716,589476716,4063263.003388
2021-11-16,SH600016,民生银行,3.92,48945436,35462123213,43782418502,17162708.052784
2021-11-16,SH600307,酒钢宏兴,2.04,74077200,6263357424,6263357424,1277724.914496
2021-11-16,SH600368,五洲交通,3.68,5616435,1125632068,1125632068,414232.601024
2021-11-16,SH600320,振华重工,3.63,19265771,3321997661,5268353501,1912412.320863
2021-11-16,SH600328,中盐化工,15.63,33141493,559611620,957664592,1496829.757296
2021-11-16,SH600345,长江通信,15.38,1874600,198000000,198000000,304524
2021-11-16,SH600323,瀚蓝环境,21.79,3581167,815347146,815347146,1776641.431134
2021-11-16,SZ000726,鲁  泰Ａ,6.26,3558433,561279489,882421067,552395.587942
2021-11-16,SH600339,中油工程,2.89,36416800,5583147471,5583147471,1613529.619119
2021-11-16,SH600306,退市商城,17.61,2683596,177472546,178138918,313702.634598
2021-11-16,SH600303,曙光股份,3.92,7282702,675604211,675604211,264836.850712
2021-11-16,SH600338,西藏珠峰,26.45,31134128,914210168,914210168,2418085.89436
2021-11-16,SH600398,海澜之家,6.52,8745100,4319602472,4319602472,2816380.811744
2021-11-16,SH600399,抚顺特钢,23.92,26220651,1972100000,1972100000,4717263.2
2021-11-16,SH600336,澳柯玛,9.06,38272293,783851569,798263269,723226.521714
2021-11-16,SH600388,龙净环保,8.27,10463532,1069064624,1069064624,884116.444048
2021-11-16,SH600309,万华化学,97.25,8640477,1423756420,3139746626,30534035.93785
2021-11-16,SH600400,红豆股份,3.31,21736096,2291371852,2291371852,758444.083012
2021-11-16,SH600369,西南证券,4.8,18644820,5645109124,6645109124,3189652.37952
2021-11-16,SH600389,江山股份,43.46,15076285,297000000,297000000,1290762
2021-11-16,SH600378,昊华科技,34.66,4812963,356631950,919229657,3186049.991162
2021-11-16,SZ000725,京东方Ａ,5.01,327674189,33537433064,38445746482,19261318.987482
2021-11-16,SH600365,ST通葡,3.67,2900284,400000000,400000000,146800
2021-11-16,SH600390,五矿资本,5.15,13906569,4498065459,4498065459,2316503.711385
2021-11-16,SH600377,宁沪高速,8.4,4737849,3802183001,5037747500,4231707.9
2021-11-16,SH600326,西藏天路,6.28,4862722,918548290,918548290,576848.32612
2021-11-16,SH600382,广东明珠,5.18,10246624,788933815,788933815,408667.71617
2021-11-16,SH600330,天通股份,15.04,60372720,996565730,996565730,1498834.85792
2021-11-16,SH600332,白云山,29.39,6029134,1405890949,1625790949,4778199.599111
2021-11-16,SH600305,恒顺醋业,16.76,33475665,1002956032,1002956032,1680954.309632
2021-11-16,SH600037,歌华有线,8.03,21425246,1391777884,1391777884,1117597.640852
2021-11-16,SH600033,福建高速,2.63,5406923,2744400000,2744400000,721777.2
2021-11-16,SH600466,*ST蓝光,1.74,34895419,3034930435,3034930435,528077.89569
2021-11-16,SH600386,北巴传媒,4.24,10209862,806400000,806400000,341913.6
2021-11-16,SH600312,平高电气,7.78,30101774,1356921309,1356921309,1055684.778402
2021-11-16,SH600558,大西洋,3.26,5526300,897604831,897604831,292619.174906
2021-11-16,SH600272,开开实业,6.75,867600,160000000,243000000,164025
2021-11-16,SH600550,保变电气,4.71,15146199,1841528480,1841528480,867359.91408
2021-11-16,SH600310,广西能源,4.99,36153000,827775000,1221425602,609491.375398
2021-11-16,SH600335,国机汽车,6.64,47385450,1029736837,1456875351,967365.233064
2021-11-16,SH600250,南京商旅,4.62,1822500,270037533,310593879,143494.372098
2021-11-16,SH600010,包钢股份,2.42,861781864,31677211587,45585032648,11031577.900816
2021-11-16,SH600376,首开股份,4.74,4371124,2579565242,2579565242,1222713.924708
2021-11-16,SH600315,上海家化,42.46,4975954,671248461,679634461,2885727.921406
2021-11-16,SH600360,*ST华微,9.84,56749541,960295304,960295304,944930.579136
2021-11-16,SH600393,ST粤泰,1.35,11791300,988205552,2536247870,342393.46245
2021-11-16,SH600518,康美药业,4.4,42181670,4408786966,4973861675,2188499.137
2021-11-16,SH600367,红星发展,13.97,11038461,291200000,293260400,409684.7788
2021-11-16,SH600319,亚星化学,5.69,954901,315594000,315594000,179572.986
2021-11-16,SH600555,退市海创,1.54,5510700,973500000,1303500000,200739
2021-11-16,SH600396,华电辽能,2.36,8278600,1472706817,1472706817,347558.808812
2021-11-16,SH600363,联创光电,31.31,8152489,443476750,455476750,1426097.70425
2021-11-16,SH600383,金地集团,11,29753431,4514583572,4514583572,4966041.9292
2021-11-16,SH600356,恒丰纸业,7.08,849296,298731378,298731378,211501.815624
2021-11-16,SH600295,鄂尔多斯,25.3,11530363,652540540,1427947069,3612706.08457
2021-11-16,SH600381,*ST春天,6.43,14080899,587060741,587060741,377480.056463
2021-11-16,SH600588,用友网络,32.85,9762149,3241114992,3270531450,10743695.81325
2021-11-16,SH600568,ST中珠,1.83,12284203,1564948288,1992869681,364695.151623
2021-11-16,SH600321,正源股份,1.92,6670581,1510550000,1510550000,290025.6
2021-11-16,SH600528,中铁工业,7.8,3718340,2221551588,2221551588,1732810.23864
2021-11-16,SH600395,盘江股份,6.99,13957684,1655051861,1655051861,1156881.250839
2021-11-16,SH600329,达仁堂,23.74,11355751,565868076,773643076,1836628.662424
2021-11-16,SH600380,健康元,12.09,17283218,1905357843,1905357843,2303577.632187
2021-11-16,SH600589,大位科技,2.06,10392700,704033281,704033281,145030.855886
2021-11-16,SH600468,百利电气,5.65,17972357,1121895038,1121895038,633870.69647
2021-11-16,SH600501,航天晨光,9.5,4935070,421283600,421283600,400219.42
2021-11-16,SH600488,津药药业,4.22,2180350,1091886680,1100346680,464346.29896
2021-11-16,SH600311,*ST荣华,1.95,4838900,665600000,665600000,129792
2021-11-16,SH600419,天润乳业,12.23,3547610,268599337,268599337,328496.989151
2021-11-16,SH600530,交大昂立,3.92,14252139,780000000,780000000,305760
2021-11-16,SH600028,中国石化,4.11,108037654,95557771046,121071209646,49760267.164506
2021-11-16,SH600569,安阳钢铁,2.63,32511100,2393684489,2872421386,755446.824518
2021-11-16,SH600346,恒力石化,21.09,19306992,7039099786,7039099786,14845461.448674
2021-11-16,SH600566,济川药业,19.38,45474013,888259075,888259075,1721446.08735
2021-11-16,SH600498,烽火通信,17.93,7486040,1131544183,1131544183,2028858.720119
2021-11-16,SH600418,江淮汽车,14.33,65284507,1893312117,1893312117,2713116.263661
2021-11-16,SH600539,狮头股份,6.53,901870,230000000,230000000,150190
2021-11-16,SH600519,贵州茅台,1808,3352624,1256197800,1256197800,227120562.24
2021-11-16,SH600599,*ST熊猫,9.1,1380870,166000000,166000000,151060
2021-11-16,SH600508,上海能源,10.01,6271590,722718000,722718000,723440.718
2021-11-16,SH600448,华纺股份,3.13,5011948,629819662,629819662,197133.554206
2021-11-16,SH600596,新安股份,25.19,29379577,735190386,818390386,2061525.382334
2021-11-16,SH600322,津投城开,1.86,10489124,1105700000,1105700000,205660.2
2021-11-16,SH600361,创新新材,5.28,13632601,665807918,665807918,351546.580704
2021-11-16,SH600011,华能国际,5.78,79924684,10997709919,15698093359,9073497.961502
2021-11-16,SH600391,航发科技,21.12,7393560,330129367,330129367,697233.223104
2021-11-16,SH600567,山鹰国际,3.24,32460399,4616164274,4616164274,1495637.224776
2021-11-16,SH600331,宏达股份,3.25,55339533,2032000000,2032000000,660400
2021-11-16,SH600548,深高速,10.17,6293262,1433270326,2180770326,2217843.421542
2021-11-16,SH600506,统一股份,11.84,999500,147706873,147706873,174884.937632
2021-11-16,SH600523,贵航股份,20.31,21833168,404044620,404311320,821156.29092
2021-11-16,SH600520,三佳科技,8.43,3813500,158430000,158430000,133556.49
2021-11-16,SH600362,江西铜业,22.85,15014660,2075247405,3462729405,7912336.690425
2021-11-16,SH600379,宝光股份,12.45,29587076,330201564,330201564,411100.94718
2021-11-16,SH600583,海油工程,4.37,22236638,4421354800,4421354800,1932132.0476
2021-11-16,SH600585,海螺水泥,37.19,30666774,3999702579,5299302579,19708106.291301
2021-11-16,SH600509,天富能源,6.52,12649599,1151415017,1151415017,750722.591084
2021-11-16,SH600373,中文传媒,11.23,17334692,1355063719,1355063719,1521736.556437
2021-11-16,SH600350,山东高速,5.18,4694762,4811165857,4811165857,2492183.913926
2021-11-16,SH600533,栖霞建设,2.85,5232179,1050000000,1050000000,299250
2021-11-16,SH600598,北大荒,14.79,13162218,1777679909,1777679909,2629188.585411
2021-11-16,SH600036,招商银行,52.5,32231509,20628944429,25219845601,132404189.40525
2021-11-16,SH600456,宝钛股份,62.4,13716895,477777539,477777539,2981331.84336
2021-11-16,SH600855,航天长峰,12.64,5294200,349943288,449113701,567679.718064
2021-11-16,SH600428,中远海特,4.9,44326665,2146650771,2146650771,1051858.87779
2021-11-16,SH600486,扬农化工,123.36,1066398,309898907,309898907,3822912.916752
2021-11-16,SH600833,第一医药,8.25,445035,223086347,223086347,184046.236275
2021-11-16,SH600837,海通证券,12.41,41061841,8482678055,13064200000,16212672.2
2021-11-16,SH600415,小商品城,4.69,36465423,5443214176,5492254176,2575867.208544
2021-11-16,SH600578,京能电力,2.85,27368572,6677617856,6677617856,1903121.08896
2021-11-16,SH600582,天地科技,3.78,32784672,4138588892,4138588892,1564386.601176
2021-11-16,SH600536,中国软件,53.71,7720075,494562782,494562782,2656296.702122
2021-11-16,SH600083,*ST博信,5.41,925700,227993326,230000000,124430
2021-11-16,SH600845,宝信软件,73.63,4962687,1091524620,1520141976,11192805.369288
2021-11-16,SH600026,中远海能,5.64,8112556,2864972688,4762691885,2686158.22314
2021-11-16,SH600505,西昌电力,8.14,12620363,364567500,364567500,296757.945
2021-11-16,SH600529,山东药玻,41.09,13328688,594967747,594967747,2444722.472423
2021-11-16,SH600496,精工钢构,3.89,16874290,2012874349,2012874349,783008.121761
2021-11-16,SH600580,卧龙电驱,15.56,33528831,1315262586,1315262586,2046548.583816
2021-11-16,SH600355,*ST精伦,3.04,11438304,492089200,492089200,149595.1168
2021-11-16,SH600510,黑牡丹,8.21,15741273,1017278025,1047095025,859665.015525
2021-11-16,SH600426,华鲁恒升,28.14,23785532,2109171597,2111914669,5942927.878566
2021-11-16,SZ000411,英特集团,13.05,2697331,207331476,248945215,324873.505575
2021-11-16,SH600327,大东方,5.88,13464938,884779518,884779518,520250.356584
2021-11-16,SH600595,中孚实业,3.81,9477862,3922448114,3922448114,1494452.731434
2021-11-16,SZ000536,华映科技,2.61,114990633,2763082516,2766032803,721934.561583
2021-11-16,SH600818,中路股份,8.41,851207,237957910,321447910,270337.69231
2021-11-16,SH600397,江钨装备,2.73,13597403,989959882,989959882,270259.047786
2021-11-16,SH600590,泰豪科技,7.58,17825577,843569523,852869750,646475.2705
2021-11-16,SH600503,华丽家族,3.1,6319600,1602290000,1602290000,496709.9
2021-11-16,SH600721,百花医药,8.17,10380771,375134355,375134355,306484.768035
2021-11-16,SH600593,大连圣亚,13,1505522,128800000,128800000,167440
2021-11-16,SH600561,江西长运,4.55,2052246,237064000,284476800,129436.944
2021-11-16,SH600416,湘电股份,16.25,24800700,628631202,1154951900,1876796.8375
2021-11-16,SH600526,菲达环保,5.81,7639226,547404672,547404672,318042.114432
2021-11-16,SH600565,ST迪马,2.41,8977200,2491506284,2550436284,614655.144444
2021-11-16,SH600531,豫光金铅,5.29,13026300,1090242634,1090242634,576738.353386
2021-11-16,SH600592,龙溪股份,8.95,2240201,399553571,399553571,357600.446045
2021-11-16,SH600515,海南机场,8.1,14192000,1658295366,3907592460,3165149.8926
2021-11-16,SZ000546,金圆股份,12.27,70781787,714345129,714644396,876868.673892
2021-11-16,SH600579,中化装备,7.17,2736416,408693024,733409393,525854.534781
2021-11-16,SH600586,金晶科技,8.98,25995739,1428770000,1428770000,1283035.46
2021-11-16,SH600581,八一钢铁,6.03,36836201,1532897870,1532897870,924337.41561
2021-11-16,SH600535,天士力,13.27,7071669,1512666229,1512666229,2007308.085883
2021-11-16,SH600597,光明乳业,14.5,31881943,1224302009,1224487509,1775506.88805
2021-11-16,SH600516,方大炭素,9.96,62662663,3805970368,3805970368,3790746.486528
2021-11-16,SH600743,华远控股,1.85,4346060,2346100874,2346100874,434028.66169
2021-11-16,SH600551,时代出版,7.23,1549435,505825296,505825296,365711.689008
2021-11-16,SH600577,精达股份,8.94,72266330,1989463184,1989463184,1778580.086496
2021-11-16,SH600371,万向德农,11.55,4751761,292578000,292578000,337927.59
2021-11-16,SH600557,康缘药业,10.38,4673860,592881038,592881038,615410.517444
2021-11-16,SH600560,金自天正,8.71,1979900,223645500,223645500,194795.2305
2021-11-16,SZ000875,电投绿能,6.31,61442966,2445677467,2790208174,1760621.357794
2021-11-16,SH600351,亚宝药业,6.15,15422458,770000023,770000023,473550.014145
2021-11-16,SH600587,新华医疗,22.05,16669735,403466668,406428091,896173.940655
2021-11-16,SH600853,龙建股份,2.46,7331877,1004901546,1004901546,247205.780316
2021-11-16,SH600050,中国联通,4.02,72017704,30755644212,30991393212,12458540.071224
2021-11-16,SH600499,科达制造,18.37,41468282,1577205702,1888419929,3469027.409573
2021-11-16,SZ000585,东电退,1.88,10647703,609420978,873370000,164193.56
2021-11-16,SZ000613,东海A退,3.45,2148500,266879800,364100000,125614.5
2021-11-16,SH600522,中天科技,18.15,258913938,3066179771,3066179771,5565116.284365
2021-11-16,SH600559,老白干酒,22.85,43427128,897287444,897287444,2050301.80954
2021-11-16,SH600532,退市未来,18.1,4771703,516065720,516065720,934078.9532
2021-11-16,SH600571,信雅达,9.88,21470606,430710823,477021629,471297.369452
2021-11-16,SH600549,厦门钨业,21.25,20470460,1406046200,1418459200,3014225.8
2021-11-16,SH600552,凯盛科技,9.32,55417648,763884003,763884003,711939.890796
2021-11-16,SH600353,旭光电子,5.42,3906800,543720000,543720000,294696.24
2021-11-16,SH600511,国药股份,31.39,11363293,553346424,754502998,2368384.910722
2021-11-16,SH600525,ST长园,6.39,17837035,1305775152,1305775152,834390.322128
2021-11-16,SH600563,法拉电子,220.56,1987008,225000000,225000000,4962600
2021-11-16,SZ000557,西部创业,3.55,7041258,1457916198,1458374735,517723.030925
2021-11-16,SH600458,时代新材,10.06,10859270,802798152,802798152,807614.940912
2021-11-16,SH600512,腾达建设,3.04,26970372,1598902832,1598902832,486066.460928
2021-11-16,SH600030,中信证券,24.01,228149064,9814661700,12926776029,31037189.245629
2021-11-16,SH600759,洲际油气,2.57,139659050,2258184018,2263507518,581721.432126
2021-11-16,SH600012,皖通高速,6,4827100,1165600000,1658610000,995166
2021-11-16,SH600538,国发股份,10.09,9561026,464401185,524198348,528916.133132
2021-11-16,SH600537,亿晶光电,4.95,14649919,1176359268,1176359268,582297.83766
2021-11-16,SH600562,国睿科技,15.67,22169015,660738434,1241857840,1945991.23528
2021-11-16,SH600408,安泰集团,2.98,15856700,1006800000,1006800000,300026.4
2021-11-16,SH600576,祥源文旅,4.63,9653240,619402409,619402409,286783.315367
2021-11-16,SH600573,惠泉啤酒,9.11,10327145,250000000,250000000,227750
2021-11-16,SH600521,华海药业,21.68,15887738,1454610791,1491755791,3234126.554888
2021-11-16,SH600370,三房巷,2.98,7084530,925940727,3896339676,1161109.223448
2021-11-16,SH600460,士兰微,62.29,75179935,1312061614,1416071845,8820711.522505
2021-11-16,SH600513,联环药业,8.66,2512765,285456270,287990370,249399.66042
2021-11-16,SH600039,四川路桥,10.35,68852844,3610525510,4775430289,4942570.349115
2021-11-16,SH600575,淮河能源,2.18,16918500,3886261065,3886261065,847204.91217
2021-11-16,SH600375,汉马科技,10.52,30358945,555740597,654314844,688339.215888
2021-11-16,SH600343,航天动力,9.86,11860058,638206348,638206348,629271.459128
2021-11-16,SH600502,安徽建工,3.77,10275939,1721160272,1721160272,648877.422544
2021-11-16,SH600481,双良节能,12.41,39390506,1627255808,1627255808,2019424.457728
2021-11-16,SH600004,白云机场,12.39,11045013,2069320514,2366718283,2932363.952637
2021-11-16,SH600459,贵研铂业,23.87,4978750,569020415,569020415,1358251.730605
2021-11-16,SH600392,盛和资源,18.95,31470897,1755167067,1755167067,3326041.591965
2021-11-16,SH600584,长电科技,31.79,53470303,1779553000,1779553000,5657198.987
2021-11-16,SH600251,冠农股份,8.26,13142200,776993583,781571483,645578.044958
2021-11-16,SH600436,片仔癀,456.5,6148371,603317210,603317210,27541430.6365
2021-11-16,SH600409,三友化工,8.37,58986380,2064349448,2064349448,1727860.487976
2021-11-16,SH600433,冠豪高新,4.44,11837591,1464370028,1838857176,816452.586144
2021-11-16,SH600490,鹏欣资源,5.2,94382389,1992621386,2212887079,1150701.28108
2021-11-16,SH600273,嘉化能源,9.58,20945644,1420000000,1420000000,1360360
2021-11-16,SH600031,三一重工,22.01,75866666,8492230534,8492230534,18691399.405334
2021-11-16,SH600435,北方导航,10.94,80393235,1489320000,1489320000,1629316.08
2021-11-16,SH600439,瑞贝卡,2.95,32451019,1131985440,1131985440,333935.7048
2021-11-16,SH600271,航天信息,12.47,9071029,1852884638,1852884638,2310547.143586
2021-11-16,SH600423,柳化股份,3.72,7789280,798695026,798695026,297114.549672
2021-11-16,SH600475,华光环能,11.33,3710221,706554354,726826374,823494.281742
2021-11-16,SH600425,青松建化,3.56,8515000,1378790086,1378790086,490849.270616
2021-11-16,SH600029,南方航空,6.7,16273387,10219841742,16948421048,11355442.10216
2021-11-16,SH600546,山煤国际,7.88,48650504,1982456140,1982456140,1562175.43832
2021-11-16,SH600352,浙江龙盛,12.99,25190121,3253331860,3253331860,4226078.08614
2021-11-16,SH600020,中原高速,3.12,4844892,2247371832,2247371832,701180.011584
2021-11-16,SH600489,中金黄金,8.52,26377512,4362661210,4847312564,4129910.304528
2021-11-16,SH600480,凌云股份,9.42,13340437,763461517,763461517,719180.749014
2021-11-16,SH600348,华阳股份,9.82,51503242,2405000000,2405000000,2361710
2021-11-16,SH600487,亨通光电,16.97,104875783,2281486498,2362193251,4008641.946947
2021-11-16,SH600547,山东黄金,20.85,15157802,3614443347,4473429525,9327100.559625
2021-11-16,SH600449,宁夏建材,10.95,1977200,478181042,478181042,523608.24099
2021-11-16,SH600462,退市九有,2.64,1478600,558815000,583850000,154136.4
2021-11-16,SH600858,银座股份,4.94,1108927,517548029,520066589,256912.894966
2021-11-16,SH600015,华夏银行,5.55,10685040,12822686653,15387223983,8539909.310565
2021-11-16,SH600429,三元股份,5.62,19332386,1497557426,1497557426,841627.273412
2021-11-16,SH600478,科力远,6.55,34694508,1604131503,1653281386,1082899.30783
2021-11-16,SH600507,方大特钢,6.97,16986474,2155950223,2155950223,1502697.305431
2021-11-16,SH600403,大有能源,3.89,4057300,2390812402,2390812402,930026.024378
2021-11-16,SH600517,国网英大,6.73,21457108,1899639925,5718435744,3848507.255712
2021-11-16,SH600406,国电南瑞,38.12,28618839,5511827332,5545436888,21139205.417056
2021-11-16,SH600469,风神股份,4.27,2038359,562413222,731137184,312195.577568
2021-11-16,SH600021,上海电力,8.69,39910468,2617164197,2617164197,2274315.687193
2021-11-16,SZ000678,襄阳轴承,4.5,2257000,459611797,459611797,206825.30865
2021-11-16,SH600184,光电股份,11.97,9523983,508760826,508760826,608986.708722
2021-11-16,SZ000826,启迪环境,3.95,7324879,1426874479,1430578784,565078.61968
2021-11-16,SZ000560,我爱我家,2.96,9372300,2249955394,2355500851,697228.251896
2021-11-16,SH600477,杭萧钢构,3.7,13453365,2153592409,2153737411,796882.84207
2021-11-16,SH600900,长江电力,20,32493739,22741859230,22741859230,45483718.46
2021-11-16,SH600527,江南高纤,2.18,9696760,1731760902,1731760902,377523.876636
2021-11-16,SH600545,卓郎智能,2.71,3860102,1895412995,1895412995,513656.921645
2021-11-16,SH600476,湘邮科技,10.93,2592500,161070000,161070000,176049.51
2021-11-16,SH600570,恒生电子,62.1,9274919,1461560480,1461560480,9076290.5808
2021-11-16,SZ000851,*ST高鸿,5.91,8581822,878655946,1140032220,673759.04202
2021-11-16,SH600446,金证股份,14.05,14565022,938460205,941517905,1322832.656525
2021-11-16,SH600340,华夏幸福,3.52,23649220,3893355062,3913720342,1377629.560384
2021-11-16,SH600540,新赛股份,5.71,22117803,470923313,470923313,268897.211723
2021-11-16,SZ000885,城发环境,10.24,2664237,642078255,642078255,657488.13312
2021-11-16,SH600354,敦煌种业,6.37,27704051,527802080,527802080,336209.92496
2021-11-16,SH600249,两面针,4.8,3646750,550000000,550000000,264000
2021-11-16,SZ000100,TCL科技,6.52,230978157,13418531933,14030642421,9147978.858492
2021-11-16,SH600387,退市海越,4.91,1980401,404048492,468144464,229858.931824
2021-11-16,SH600444,国机通用,11,5132000,146421932,146421932,161064.1252
2021-11-16,SH600325,华发股份,5.36,9814609,2113999866,2117188116,1134812.830176
2021-11-16,SH600438,通威股份,48.64,31482838,4501548184,4501548184,21895530.366976
2021-11-16,SH600452,涪陵电力,18.8,47100242,614656000,762173440,1432886.0672
2021-11-16,SH600470,六国化工,7.13,30718111,521600000,521600000,371900.8
2021-11-16,SH600035,楚天高速,2.92,9515201,1610115901,1610115901,470153.843092
2021-11-16,SH600479,千金药业,8.57,3865935,418507117,418507117,358660.599269
2021-11-16,SH600284,浦东建设,5.84,1852726,970256000,970256000,566629.504
2021-11-16,SH600463,空港股份,5.88,1332738,300000000,300000000,176400
2021-11-16,SH600594,益佰制药,6.16,15344497,791927400,791927400,487827.2784
2021-11-16,SH600543,莫高股份,6.69,4702809,321120000,321120000,214829.28
2021-11-16,SH600405,动力源,6.82,29483514,553275448,557143948,379972.172536
2021-11-16,SH600467,好当家,2.8,24958085,1460994304,1460994304,409078.40512
2021-11-16,SH600960,渤海汽车,3.79,18967068,950515518,950515518,360245.381322
2021-11-16,SH600969,郴电国际,6.92,5462880,370050484,370050484,256074.934928
2021-11-16,SH600572,康恩贝,4.14,9057143,2660578347,2667320200,1104270.5628
2021-11-16,SH600988,赤峰黄金,17.11,37524677,1535123500,1663911378,2846952.367758
2021-11-16,SH600976,健民集团,55.1,6146859,152236199,153398600,845226.286
2021-11-16,SH600497,驰宏锌锗,4.72,49988395,5091291568,5091291568,2403089.620096
2021-11-16,SH600493,凤竹纺织,5.65,11343979,272000000,272000000,153680
2021-11-16,SH600986,浙文互联,4.83,32283890,1322425609,1322425609,638731.569147
2021-11-16,SH600410,华胜天成,6.86,14502292,1098743383,1098743383,753737.960738
2021-11-16,SH600985,淮北矿业,10.75,17117347,958704046,2481035925,2667113.619375
2021-11-16,SH600990,四创电子,55.77,7373189,159179110,159179110,887741.89647
2021-11-16,SH600114,东睦股份,11.39,12509638,616383477,616383477,702060.780303
2021-11-16,SH600980,北矿科技,15.71,0,152209880,173845794,273111.742374
2021-11-16,SH600992,贵绳股份,7.83,4097082,245090000,245090000,191905.47
2021-11-16,SH600993,马应龙,24.6,9729443,430307016,431053891,1060392.57186
2021-11-16,SH600967,内蒙一机,10.61,21367612,1689631817,1704251817,1808211.177837
2021-11-16,SH600491,龙元建设,6.33,91871844,1529757955,1529757955,968336.785515
2021-11-16,SH600963,岳阳林纸,7.22,34308425,1769518109,1805053109,1303248.344698
2021-11-16,SH600495,晋西车轴,3.45,3859720,1208190886,1208190886,416825.85567
2021-11-16,SH600483,福能股份,14.45,12822927,1708932154,1917473110,2770748.64395
2021-11-16,SH600461,洪城环境,8.15,5028400,915345555,952814300,776543.6545
2021-11-16,SH600997,开滦股份,6.63,18336045,1587799851,1587799851,1052711.301213
2021-11-16,SH600421,*ST华嵘,8.35,1627000,195600000,195600000,163326
2021-11-16,SH600966,博汇纸业,10.3,11012615,1336844288,1336844288,1376949.61664
2021-11-16,SH600975,新五丰,6.69,14958714,652675584,805040967,538572.406923
2021-11-16,SH600995,南网储能,18.31,61825588,478526400,478526400,876181.8384
2021-11-16,SH600420,国药现代,9.51,5575500,1026964249,1026964249,976643.000799
2021-11-16,SH600962,国投中鲁,10.54,13962966,254020000,262210000,276369.34
2021-11-16,SH600143,金发科技,12.97,60889624,2573622343,2573622343,3337988.178871
2021-11-16,SZ002001,新 和 成,29.1,26324117,2548083674,2578394760,7503128.7516
2021-11-16,SZ002002,ST鸿达,5.05,72788167,3114522291,3118404327,1574794.185135
2021-11-16,SZ002007,华兰生物,30.17,17493286,1570632580,1824366726,5504114.412342
2021-11-16,SZ002005,ST德豪,2.05,17464501,1670987413,1752424858,359247.09589
2021-11-16,SZ002003,伟星股份,10.06,4716958,645197553,775850428,780505.530568
2021-11-16,SZ002008,大族激光,41.63,24510484,994044655,1067072680,4442223.56684
2021-11-16,SZ002004,华邦健康,6.43,51427461,1831392498,1979919191,1273088.039813
2021-11-16,SZ002006,精工科技,23.98,48478647,455160000,455160000,1091473.68
2021-11-16,SZ002009,天奇股份,17.65,10429021,369977559,379299434,669463.50101
2021-11-16,SH600022,山东钢铁,1.66,137995108,10946549616,10946549616,1817127.236256
2021-11-16,SZ002010,传化智联,8.74,39193597,2938074814,3071456723,2684453.175902
2021-11-16,SH600981,苏豪汇鸿,2.7,3505388,2242433192,2242433192,605456.96184
2021-11-16,SZ002012,凯恩股份,5.41,6821082,466537641,467625470,252985.37927
2021-11-16,SZ002013,中航机电,15.18,95116526,3884787524,3884824789,5897164.029702
2021-11-16,SZ002011,盾安环境,8.58,0,916181102,917212180,786968.05044
2021-11-16,SH600982,宁波能源,4.15,14863775,746930000,1117768211,463873.807565
2021-11-16,SH600984,建设机械,10.03,22954331,900733388,966956865,969857.735595
2021-11-16,SZ002015,协鑫能科,14.46,25658712,512933261,1352461312,1955659.057152
2021-11-16,SZ002016,世荣兆业,4.92,1037700,686845632,809095632,398075.050944
2021-11-16,SZ002014,永新股份,8.33,999163,504194512,514016724,428175.931092
2021-11-16,SZ002019,亿帆医药,17.44,8539491,851753222,1234106077,2152280.998288
2021-11-16,SZ002017,东信和平,13.77,40258319,445317851,446486084,614811.337668
2021-11-16,SH600965,福成股份,6.58,7666194,818700955,818700955,538705.22839
2021-11-16,SH600482,中国动力,17.89,7532151,2027432396,2160682115,3865460.303735
2021-11-16,SZ002020,京新药业,9.41,14216704,700690565,905318938,851905.120658
2021-11-16,SZ002021,中捷资源,1.98,7681183,687792540,687815040,136187.37792
2021-11-16,SZ002023,海特高新,12.82,20520280,683658067,756791003,970206.065846
2021-11-16,SZ002022,科华生物,14.21,7669995,514065783,514726832,731426.828272
2021-11-16,SZ002024,ST易购,4.37,33537638,7588683145,9310039655,4068487.329235
2021-11-16,SZ002025,航天电器,75.17,12025185,428898772,452662256,3402662.178352
2021-11-16,SZ002026,山东威达,18.24,74098726,423119119,423226219,771964.623456
2021-11-16,SH600983,惠而浦,9.09,1713803,766439000,766439000,696693.051
2021-11-16,SH600973,宝胜股份,5.92,112576390,1251963263,1371366248,811848.818816
2021-11-16,SZ002027,分众传媒,7.62,142529872,14442199726,14442199726,11004956.191212
2021-11-16,SZ002028,思源电气,45.82,21002503,590494711,763215782,3497054.713124
2021-11-16,SZ002029,七 匹 狼,5.81,5989890,723702668,755670000,439044.27
2021-11-16,SH600987,航民股份,5.67,5091686,921199500,1080818841,612824.282847
2021-11-16,SZ002030,达安基因,19.23,19369458,1371133216,1403446032,2698826.719536
2021-11-16,SZ002031,巨轮智能,1.95,17834353,1861348729,2199395670,428882.15565
2021-11-16,SZ002032,苏 泊 尔,60.93,6700688,600190122,808678476,4927277.954268
2021-11-16,SH600971,恒源煤电,6.11,12669949,1200004884,1200004884,733202.984124
2021-11-16,SZ002033,丽江股份,5.95,3300255,549480181,549490711,326946.973045
2021-11-16,SZ002034,旺能环境,16.46,3746532,425901361,429480149,706924.325254
2021-11-16,SH600961,株冶集团,8.16,9671700,527457914,527457914,430405.657824
2021-11-16,SZ002035,华帝股份,6.03,9389621,761387018,847653618,511135.131654
2021-11-16,SZ002036,联创电子,20.8,47202353,1045938754,1062819286,2210664.11488
2021-11-16,SH600979,广安爱众,3.32,30367170,1232259790,1232259790,409110.25028
2021-11-16,SZ002037,保利联合,6.72,4648239,327368160,487625309,327684.207648
2021-11-16,SZ002038,双鹭药业,9.57,8687023,851400894,1027350000,983173.95
2021-11-16,SZ000695,滨海能源,9.73,15378307,221721339,222147539,216149.555447
2021-11-16,SH600873,梅花生物,6.68,26097939,3098619928,3098619928,2069878.111904
2021-11-16,SZ000951,中国重汽,13.86,10993273,1174775868,1174869360,1628368.93296
2021-11-16,SH600862,中航高科,34.44,15862038,1393049107,1393049107,4797661.124508
2021-11-16,SH600182,S佳通,13.47,539100,170000000,340000000,457980
2021-11-16,SH600613,神奇制药,5.12,2781421,479319978,534071628,273444.673536
2021-11-16,SH600615,鑫源智造,7.89,928500,187624508,188020508,148348.180812
2021-11-16,SH600053,九鼎投资,17.26,6659996,433540800,433540800,748291.4208
2021-11-16,SH600027,华电国际,3.47,50866089,8145743053,9869858215,3424840.800605
2021-11-16,SZ002039,黔源电力,17.58,4661906,305395288,305398662,536890.847796
2021-11-16,SZ002040,南 京 港,5.9,2294740,483966800,483966800,285540.412
2021-11-16,SH600970,中材国际,11.42,13056545,1737646983,2214131539,2528538.217538
2021-11-16,SZ002041,登海种业,24.22,36270090,880000000,880000000,2131360
2021-11-16,SZ002042,华孚时尚,4.44,22601265,1518145368,1793654390,796382.54916
2021-11-16,SZ002043,兔 宝 宝,8.86,9475234,693361311,743921781,659114.697966
2021-11-16,SZ002044,美年健康,7.9,61610422,3838445149,3914253923,3092260.59917
2021-11-16,SZ002045,国光电器,14.48,85054673,467735913,468383913,678219.906024
2021-11-16,SZ002046,国机精工,16.81,23839473,524349078,524349078,881430.800118
2021-11-16,SZ000409,云鼎科技,5.12,5957789,405631244,510931158,261596.752896
2021-11-16,SZ002047,*ST宝鹰,3.88,81029011,1335590099,1341296921,520423.205348
2021-11-16,SZ002048,宁波华翔,24.15,13836342,558480685,626227314,1512338.96331
2021-11-16,SZ002049,紫光国微,214.79,8274643,606817968,606817968,13033843.134672
2021-11-16,SZ002050,三花智控,25.11,23204785,3541214517,3591226678,9017570.188458
2021-11-16,SZ000561,烽火电子,7.49,7473530,601957815,604692321,452914.548429
2021-11-16,SH600751,海航科技,2.67,16751800,2573189052,2899337783,774123.188061
2021-11-16,SH600617,国新能源,4.21,4969847,974914344,1377994126,580135.527046
2021-11-16,SH600892,*ST大晟,3.73,16044418,540359536,559464188,208680.142124
2021-11-16,SZ000718,苏宁环球,4.49,28135881,2289182406,3034636384,1362551.736416
2021-11-16,SH600844,金煤科技,3.31,18591879,822730634,1016524240,336469.52344
2021-11-16,SZ000552,甘肃能化,2.86,23637251,2283741262,2286971050,654073.7203
2021-11-16,SZ002051,中工国际,6.78,3867265,1112363342,1237408937,838963.259286
2021-11-16,SH601001,晋控煤业,8.84,26615092,1673700000,1673700000,1479550.8
2021-11-16,SZ002053,云南能投,8.37,3881579,558329336,760978566,636939.059742
2021-11-16,SZ002052,同洲电子,2.34,2604006,745955475,745959694,174554.568396
2021-11-16,SH601988,中国银行,3.06,100142595,210765514846,294387791241,90082664.119746
2021-11-16,SZ002055,ST得润,11.76,25139308,427281042,468869580,551390.62608
2021-11-16,SZ002054,德美化工,8.87,1875661,364008642,482115452,427636.405924
2021-11-16,SH600048,保利发展,14.41,70186249,11970107583,11970107583,17248925.027103
2021-11-16,SH601006,大秦铁路,6.18,20959901,14866896903,14866896903,9187742.286054
2021-11-16,SZ002056,横店东磁,16.46,101562704,1604134535,1626712074,2677568.073804
2021-11-16,SZ002057,中钢天源,8.67,47068756,746147251,746187776,646944.801792
2021-11-16,SZ002058,*ST威尔,9.26,1216500,143117781,143448332,132833.155432
2021-11-16,SZ002060,广东建工,4.62,30655700,1201914981,1202262058,555445.070796
2021-11-16,SZ002059,云南旅游,4.96,3154702,730792576,1012434813,502167.667248
2021-11-16,SZ002061,浙江交科,5.18,7008704,1375698691,1375698691,712611.921938
2021-11-16,SZ002062,宏润建设,3.87,2536249,968657724,1102500000,426667.5
2021-11-16,SH601111,中国国航,8.77,21403752,9962131821,14524815185,12738262.917245
2021-11-16,SZ002066,瑞泰科技,9.58,1660711,231000000,231000000,221298
2021-11-16,SZ002063,远光软件,7.23,22024739,1218498708,1322983334,956516.950482
2021-11-16,SZ002064,华峰化学,10.29,20217826,1954371821,4633519221,4767891.278409
2021-11-16,SZ002065,东华软件,7.18,20992996,3115482375,3205482375,2301536.34525
2021-11-16,SZ002068,黑猫股份,6.52,31993400,727019159,748119596,487773.976592
2021-11-16,SZ002067,景兴纸业,3.79,16305100,1056298307,1193923307,452496.933353
2021-11-16,SH601699,潞安环能,10.65,31932570,2991409200,2991409200,3185850.798
2021-11-16,SZ002069,獐子岛,2.96,5519100,688841131,711112194,210489.209424
2021-11-16,SH601588,北辰实业,2.28,7311900,2660000000,3367020000,767680.56
2021-11-16,SH600017,日照港,2.65,7205844,3075653888,3075653888,815048.28032
2021-11-16,SZ002073,软控股份,8.95,139065021,933932074,933986674,835918.07323
2021-11-16,SZ002072,凯瑞德,7.37,1261951,169404050,176000000,129712
2021-11-16,SZ002074,国轩高科,58.24,58996070,1178510531,1280544489,7457891.103936
2021-11-16,SZ002076,*ST星光,1.82,9723548,745089261,769571569,140062.025558
2021-11-16,SH601398,工商银行,4.65,96281473,269612212539,356406257089,165728909.546385
2021-11-16,SZ002078,太阳纸业,12.18,23728659,2612705815,2686996565,3272761.81617
2021-11-16,SZ002079,苏州固锝,15.37,26571476,726865098,807886616,1241721.728792
2021-11-16,SZ002077,大港股份,7.33,12414901,544361725,580348513,425395.460029
2021-11-16,SZ002081,金 螳 螂,5.8,10896723,2638167684,2671343689,1549379.33962
2021-11-16,SZ002082,万邦德,10.14,1399831,238000000,618222829,626877.948606
2021-11-16,SZ002080,中材科技,31.79,24987777,1678123584,1678123584,5334754.873536
2021-11-16,SH601666,平煤股份,7.48,39057465,2327704469,2348676469,1756809.998812
2021-11-16,SZ002084,海鸥住工,4.74,2894550,602138019,607808495,288101.22663
2021-11-16,SZ002083,孚日股份,4.18,5959723,905369444,908044645,379562.66161
2021-11-16,SZ002086,东方海洋,1.91,15316102,629406688,756350000,144462.85
2021-11-16,SZ002085,万丰奥威,5.51,14962749,2186879678,2186879678,1204970.702578
2021-11-16,SZ002089,新海退,2.46,13172155,1182564354,1374669616,338168.725536
2021-11-16,SZ002087,新纺退,3.39,5173700,815638642,816794335,276893.279565
2021-11-16,SZ002088,鲁阳节能,25.69,4234305,449020597,506332586,1300768.413434
2021-11-16,SH601872,招商轮船,4.2,28452754,6724401529,8092748177,3398954.23434
2021-11-16,SZ002092,中泰化学,9.12,65037509,2146449598,2575739517,2349074.439504
2021-11-16,SZ002091,江苏国泰,11.14,25687832,1513016522,1563536598,1741779.770172
2021-11-16,SZ002090,金智科技,10.08,14929443,399396987,404264936,407499.055488
2021-11-16,SZ002095,生 意 宝,17.18,13612945,251681731,252720000,434172.96
2021-11-16,SZ002093,国脉科技,6.2,16210885,1003775125,1007500000,624650
2021-11-16,SZ002094,青岛金王,4.21,24362969,690453549,690897549,290867.868129
2021-11-16,SH601991,大唐发电,2.51,40200804,12396089106,18506710504,4645184.336504
2021-11-16,SZ002096,易普力,18.06,58808840,370849975,371287000,670544.322
2021-11-16,SZ002097,山河智能,8.76,20243859,974322088,1087212465,952398.11934
2021-11-16,SZ002098,浔兴股份,6.35,1947200,358000000,358000000,227330
2021-11-16,SH601333,广深铁路,2.05,25958457,5652237000,7083537000,1452125.085
2021-11-16,SZ002100,天康生物,9.42,24103714,1076334342,1076334342,1013906.950164
2021-11-16,SZ002099,海翔药业,8.04,4423858,1608957041,1618715253,1301447.063412
2021-11-16,SZ002102,能特科技,3.87,9063506,1971792414,2633836290,1019294.64423
2021-11-16,SZ002101,广东鸿图,7.82,5632892,528866866,528878866,413583.273212
2021-11-16,SH601628,中国人寿,29.36,9967171,20823530000,28264705000,82985173.88
2021-11-16,SZ002103,广博股份,4.59,10226822,421476412,534272953,245231.285427
2021-11-16,SZ002104,恒宝股份,6.1,12416472,588116729,696921354,425122.02594
2021-11-16,SZ002105,信隆健康,9.69,5396901,368500000,368500000,357076.5
2021-11-16,SZ002106,莱宝高科,10.94,15105596,704139158,705816160,772162.87904
2021-11-16,SZ002108,沧州明珠,8.25,88432667,1417924199,1417924199,1169787.464175
2021-11-16,SZ002107,沃华医药,6.36,1303160,563503829,577209600,367105.3056
2021-11-16,SZ002110,三钢闽光,6.44,30048810,2451576238,2451576238,1578815.097272
2021-11-16,SZ002111,威海广泰,12.23,6030435,471598363,534558505,653765.051615
2021-11-16,SH601002,晋亿实业,5.06,8443500,849513780,959282000,485396.692
2021-11-16,SZ002109,兴化股份,5.08,6624837,1052944789,1052944789,534895.952812
2021-11-16,SH601166,兴业银行,18.6,53780621,19615250551,20774190751,38639994.79686
2021-11-16,SZ002112,三变科技,7.28,4258200,198802893,201600000,146764.8
2021-11-16,SZ002113,*ST天润,1.54,13151540,963673247,1510547023,232624.241542
2021-11-16,SZ002116,中国海诚,6.19,1270700,416404414,417628938,258512.312622
2021-11-16,SZ002115,三维通信,6.12,16813266,577154166,716962919,438781.306428
2021-11-16,SZ002114,罗平锌电,7.52,10407908,323390823,323395267,243193.240784
2021-11-16,SH601003,柳钢股份,5.19,6569734,2562793200,2562793200,1330089.6708
2021-11-16,SH601005,重庆钢铁,1.97,82287971,8380475067,8918602267,1756964.646599
2021-11-16,SH601318,中国平安,50.36,47743813,10832664498,18280241410,92059295.74076
2021-11-16,SZ002117,东港股份,7.84,3990045,545491147,545666421,427802.474064
2021-11-16,SZ002119,康强电子,16.76,20803622,367503500,375284000,628975.984
2021-11-16,SZ002118,*ST紫鑫,2.57,16565400,1280678780,1280759826,329155.275282
2021-11-16,SZ002120,韵达股份,18.49,15397718,2810012215,2902766028,5367214.385772
2021-11-16,SZ002121,科陆电子,5.76,10714253,988874857,1408349147,811209.108672
2021-11-16,SZ002122,ST汇洲,3.04,6157604,1188000000,1201736500,365327.896
2021-11-16,SZ002123,梦网科技,20.02,15944443,666569683,801768900,1605141.3378
2021-11-16,SZ000650,仁和药业,8.72,14810839,1341991303,1399938234,1220746.140048
2021-11-16,SZ002124,天邦食品,6.73,48348733,1537801553,1839192626,1237776.637298
2021-11-16,SZ002125,湘潭电化,11.01,23701583,593249830,629481713,693059.366013
2021-11-16,SH601007,金陵饭店,5.45,2150491,390000000,390000000,212550
2021-11-16,SZ002127,南极电商,6.89,49451109,1964259843,2454870403,1691405.707667
2021-11-16,SZ002128,电投能源,11.08,24418724,1767411329,1921573493,2129103.430244
2021-11-16,SZ002126,银轮股份,13.29,21399350,762277723,792095104,1052694.393216
2021-11-16,SZ002130,沃尔核材,8.27,44321951,1247815217,1259898562,1041936.110774
2021-11-16,SZ002129,TCL中环,45.5,52406585,3032926542,3231733699,14704388.33045
2021-11-16,SH601008,连云港,3.56,5162000,1004298189,1240638006,441667.130136
2021-11-16,SZ002132,恒星科技,5.63,67514373,1253545953,1256498403,707408.600889
2021-11-16,SZ002131,利欧股份,2.43,228229111,5802720200,6754804205,1641417.421815
2021-11-16,SZ002133,广宇集团,2.8,3628000,769870201,774144175,216760.369
2021-11-16,SH601998,中信银行,4.52,10856466,34052678750,48934841727,22118548.460604
2021-11-16,SZ000880,潍柴重机,8.97,22177856,162162000,331320600,297194.5782
2021-11-16,SZ000338,潍柴动力,15.08,40304355,4241439532,8726556821,13159647.686068
2021-11-16,SH601600,中国铝业,5.2,272133315,13078706983,17022672951,8851789.93452
2021-11-16,SH601328,交通银行,4.65,48616757,39250864015,74262726645,34532167.889925
2021-11-16,SZ002134,天津普林,10.22,11221735,245849768,245849768,251258.462896
2021-11-16,SZ002135,东南网架,9.4,42438769,962751782,1034402200,972338.068
2021-11-16,SZ002136,安 纳 达,16.03,13020241,214266160,215020000,344677.06
2021-11-16,SZ002137,实益达,5.73,4742461,390564740,577504854,330910.281342
2021-11-16,SZ002138,顺络电子,36.19,8002320,710828830,806318354,2918066.123126
2021-11-16,SH601919,中远海控,15.31,243669281,11330917797,16013813463,24517148.411853
2021-11-16,SZ002139,拓邦股份,16.77,91725946,951080112,1238254672,2076553.084944
2021-11-16,SH600213,*ST亚星,7.41,2099200,220000000,220000000,163020
2021-11-16,SZ002140,东华科技,10.96,13065781,533220775,545311440,597661.33824
2021-11-16,SH601168,西部矿业,12.47,27711205,2383000000,2383000000,2971601
2021-11-16,SZ002142,宁波银行,39.7,16520170,5928257444,6008016286,23851824.65542
2021-11-16,SH601009,南京银行,9.45,25257135,8482207924,10007016973,9456631.039485
2021-11-16,SZ002141,贤丰控股,8.21,38434200,1134656519,1134656519,931553.002099
2021-11-16,SZ002144,宏达高科,9.38,2027301,138757836,176762528,165803.251264
2021-11-16,SZ002145,钛能化学,12.53,48536399,1591066401,2053673321,2573252.671213
2021-11-16,SZ002146,荣盛发展,4.27,17234239,3893228983,4348163851,1856665.964377
2021-11-16,SZ002147,新光退,5.05,15546100,535573153,1828076415,923178.589575
2021-11-16,SZ002150,正泰电源,6.16,2220801,355149728,356517053,219614.504648
2021-11-16,SZ002148,北纬科技,5.53,25557758,460012183,571374727,315970.224031
2021-11-16,SZ002149,西部材料,19.17,20115962,488139274,488214274,935906.763258
2021-11-16,SZ002151,北斗星通,39.16,7480596,407604239,512199997,2005775.188252
2021-11-16,SZ002153,石基信息,25.27,3333596,878776816,1499557056,3789380.680512
2021-11-16,SZ002152,广电运通,10.76,23059378,2407744766,2483382898,2672119.998248
2021-11-16,SZ002156,通富微电,20.71,25060194,1328825288,1329036928,2752435.477888
2021-11-16,SZ002155,湖南黄金,10.23,28482107,1201844192,1202039474,1229686.381902
2021-11-16,SZ002154,报 喜 鸟,4.55,15064716,1112464677,1217611874,554013.40267
2021-11-16,SZ002157,正邦科技,10.61,40011669,2308255509,3146421734,3338353.459774
2021-11-16,SZ002159,三特索道,10.56,1499000,138028985,177301325,187230.1992
2021-11-16,SZ002158,汉钟精机,26.84,6910872,533126491,534881805,1435622.76462
2021-11-16,SZ002160,常铝股份,4.36,21914632,728699061,795581976,346873.741536
2021-11-16,SZ002161,远 望 谷,4.64,4199240,712634283,739757400,343247.4336
2021-11-16,SZ002164,宁波东力,5.28,18502222,473931456,532173689,280987.707792
2021-11-16,SZ002163,海南发展,13.5,7638963,803550000,803550000,1084792.5
2021-11-16,SZ002162,悦心健康,4.42,12803670,853443500,926500000,409513
2021-11-16,SZ002167,东方锆业,7.42,13590415,567937713,771399000,572378.058
2021-11-16,SZ002166,莱茵生物,8.69,12626744,460002515,565214740,491171.60906
2021-11-16,SZ002165,红 宝 丽,6.24,52070700,594089719,735269837,458808.378288
2021-11-16,SZ002168,*ST惠程,4.08,20577160,792937068,801929568,327187.263744
2021-11-16,SZ002170,芭田股份,7.02,40424630,693220702,886862627,622577.564154
2021-11-16,SZ002169,智光电气,12.59,81664599,763482417,787791994,991830.120446
2021-11-16,SH601169,北京银行,4.43,35583902,21142984272,21142984272,9366342.032496
2021-11-16,SZ002172,澳洋健康,3.82,17435801,773059321,776481362,296615.880284
2021-11-16,SZ002171,楚江新材,10.96,29260077,1244682198,1334526917,1462641.501032
2021-11-16,SZ002174,游族网络,15.6,37188407,914113437,915858662,1428739.51272
2021-11-16,SZ002173,创新医疗,6.05,1314100,371234868,453609630,274433.82615
2021-11-16,SH601939,建设银行,5.84,59942205,9593657606,250010977486,146006410.851824
2021-11-16,SH601808,中海油服,14.59,4613763,2960468000,4771592000,6961752.728
2021-11-16,SH601088,中国神华,18.95,16417994,16491037955,19868519955,37650845.314725
2021-11-16,SZ002176,江特电机,19.64,102911157,1705573553,1706325581,3351223.441084
2021-11-16,SZ002175,东方智造,2.75,15228795,753740682,753778212,207289.0083
2021-11-16,SH600629,华建集团,6.13,6445199,628311919,634209612,388770.492156
2021-11-16,SZ002179,中航光电,94.83,9029897,1067986559,1099945053,10430778.937599
2021-11-16,SZ002177,御银股份,5.62,17240801,761191294,761191294,427789.507228
2021-11-16,SZ002178,延华智能,3.5,6293940,711256616,712153001,249253.55035
2021-11-16,SH601857,中国石油,4.77,172511911,161922077818,183020977818,87301006.419186
2021-11-16,SZ002182,宝武镁业,17.9,47932053,557191886,646422538,1157096.34302
2021-11-16,SZ002183,怡 亚 通,5.75,31516829,2122000282,2597009091,1493280.227325
2021-11-16,SZ002180,纳思达,36.97,11863765,1008848603,1254601990,4638263.55703
2021-11-16,SZ002184,海得控制,14.01,6828054,229720910,351908370,493023.62637
2021-11-16,SZ002181,粤 传 媒,4.09,2334035,1134432577,1161058174,474872.793166
2021-11-16,SZ002185,华天科技,13.76,107238954,2739193393,3204484648,4409370.875648
2021-11-16,SZ002186,全 聚 德,9.03,1798200,308053705,308463955,278542.951365
2021-11-16,SZ002188,中天服务,3.61,1621004,240883257,292538575,105606.425575
2021-11-16,SZ002187,广百股份,8.17,1872300,342422568,617619179,504594.869243
2021-11-16,SZ002190,成飞集成,27.55,5481905,358729343,358729343,988299.339965
2021-11-16,SZ002189,中光学,22.1,25510211,222615765,262406166,579917.62686
2021-11-16,SH601390,中国中铁,5.23,41136633,20363539283,24570929283,12850596.015009
2021-11-16,SZ002191,劲嘉股份,14.27,69039967,1443100971,1464870450,2090370.13215
2021-11-16,SZ002192,融捷股份,104.33,5455883,259120228,259655203,2708982.732899
2021-11-16,SZ002193,如意集团,6.26,3850368,260930713,261715550,163833.9343
2021-11-16,SZ002194,武汉凡谷,10.64,12056700,635801537,681080306,724669.445584
2021-11-16,SZ002196,方正电机,9.34,27707728,468367818,499444930,466481.56462
2021-11-16,SZ002195,岩山科技,2.47,346232223,5634402124,5724847663,1414037.372761
2021-11-16,SH601866,中远海发,3.06,58065582,7932125000,11608125000,3552086.25
2021-11-16,SZ002198,嘉应制药,8.86,19651856,507509848,507509848,449653.725328
2021-11-16,SZ002197,证通电子,7.23,5147943,435069582,515156948,372458.473404
2021-11-16,SH601918,新集能源,4.05,46465561,2590541800,2590541800,1049169.429
2021-11-16,SZ002199,*ST东晶,8.23,9101778,243442363,243442363,200353.064749
2021-11-16,SZ002200,*ST交投,7.79,1115701,184132890,184132890,143439.52131
2021-11-16,SH601999,出版传媒,5.97,5216000,550914700,550914700,328896.0759
2021-11-16,SH601601,中国太保,28.62,29545588,6845041455,9620341455,27533417.24421
2021-11-16,SZ002202,金风科技,18.15,132779398,3393595067,4225067647,7668497.779305
2021-11-16,SZ002201,九鼎新材,24.7,12156572,464289454,465454458,1149672.51126
2021-11-16,SH601099,太平洋,3.16,47562887,6816316370,6816316370,2153955.97292
2021-11-16,SZ002203,海亮股份,12.22,13946292,1923940297,1966734864,2403350.003808
2021-11-16,SZ002204,大连重工,4.36,39983767,1931370032,1931370032,842077.333952
2021-11-16,SZ002205,国统股份,6.91,2559304,185843228,185843228,128417.670548
2021-11-16,SZ002206,海 利 得,7.21,20595025,953910213,1223028645,881803.653045
2021-11-16,SZ002207,准油股份,5.57,2757000,237664850,262055378,145964.845546
2021-11-16,SZ002208,合肥城建,7.34,8262562,622257180,803291894,589616.250196
2021-11-16,SZ002209,达 意 隆,6.22,2028700,154524582,195244050,121441.7991
2021-11-16,SZ002210,飞马国际,3.16,17766517,2659460079,2661232774,840949.556584
2021-11-16,SZ002212,天融信,17.94,13568229,1155189157,1186040198,2127756.115212
2021-11-16,SH601898,中煤能源,6.05,22081089,9152000400,13258663400,8021491.357
2021-11-16,SZ002211,ST宏达,3.88,6158325,397848279,432475779,167800.602252
2021-11-16,SZ002213,大为股份,15.76,5522200,206000000,206000000,324656
2021-11-16,SZ002214,*ST大立,19.73,6216902,477861127,599237935,1182296.445755
2021-11-16,SZ002215,诺 普 信,5.66,11373892,713591172,913756384,517186.113344
2021-11-16,SZ002217,合力泰,3.39,19769577,3112013712,3116416220,1056465.09858
2021-11-16,SZ002216,三全食品,20.84,13708501,630172429,879184048,1832219.556032
2021-11-16,SZ002218,拓日新能,6.66,23226910,1215719804,1413020549,941071.685634
2021-11-16,SZ002219,新里程,3.64,7932050,1844106257,1865236430,678946.06052
2021-11-16,SZ002221,东华能源,11.38,19510923,1531481294,1649022824,1876587.973712
2021-11-16,SH601186,中国铁建,7.32,28390207,11503245500,13579541500,9940224.378
2021-11-16,SZ002222,福晶科技,17.59,22079790,423518549,427500000,751972.5
2021-11-16,SZ000592,平潭发展,2.89,29922711,1913936915,1931780892,558284.677788
2021-11-16,SH601958,金钼股份,6.86,25056399,3226604400,3226604400,2213450.6184
2021-11-16,SZ002223,鱼跃医疗,36.36,19135825,944430874,1002476929,3645006.113844
2021-11-16,SZ002225,濮耐股份,4.29,8066351,812905730,1010320936,433427.681544
2021-11-16,SZ002224,三 力 士,4.95,6486500,542734832,729580412,361142.30394
2021-11-16,SH601899,紫金矿业,10.36,163075827,20494681640,26327602240,27275395.92064
2021-11-16,SZ002227,奥 特 迅,17.24,7810810,220325338,220597400,380309.9176
2021-11-16,SZ002226,江南化工,5.54,16192084,1341573898,2648922855,1467503.26167
2021-11-16,SZ002228,合兴包装,3.47,3759045,1234566858,1238630778,429804.879966
2021-11-16,SZ002229,鸿博股份,5.94,2537532,498270902,498344263,296016.492222
2021-11-16,SZ002232,启明信息,10.79,17805679,408548455,408548455,440823.782945
2021-11-16,SZ002230,科大讯飞,57.09,15468668,2079071317,2300525345,13133699.194605
2021-11-16,SZ002231,*ST奥维,5.68,8068838,294818767,346850017,197010.809656
2021-11-16,SZ002235,安妮股份,4.74,20055758,548275426,579572284,274717.262616
2021-11-16,SZ002234,民和股份,16.13,9707732,253066864,348960212,562872.821956
2021-11-16,SZ002233,塔牌集团,10.05,12130292,1191860360,1192275016,1198236.39108
2021-11-16,SZ002236,大华股份,24.1,25420497,1959605022,2995579590,7219346.8119
2021-11-16,SZ002237,恒邦股份,11.78,6480988,910396625,1148014400,1352360.9632
2021-11-16,SZ002241,歌尔股份,50.2,92127670,2977227161,3416321036,17149931.60072
2021-11-16,SZ002239,奥特佳,3.63,50940588,3243220419,3243258144,1177302.706272
2021-11-16,SZ002240,盛新锂能,51.03,20877114,696377917,865349955,4415880.820365
2021-11-16,SZ002238,天威视讯,5.87,5856611,802559160,802559160,471102.22692
2021-11-16,SZ002243,力合科创,10.38,8651208,548410794,1210604219,1256607.179322
2021-11-16,SZ002242,九阳股份,25,13539474,766008500,767033000,1917582.5
2021-11-16,SZ002244,滨江集团,4.08,11497100,2686231015,3111443890,1269469.10712
2021-11-16,SZ002245,蔚蓝锂芯,24.71,27080584,968986027,1035821526,2559514.990746
2021-11-16,SZ002246,北化股份,6.83,3069850,549034794,549034794,374990.764302
2021-11-16,SZ002247,聚力文化,2.75,9407100,643788247,850870049,233989.263475
2021-11-16,SZ002248,华东数控,9.81,27972743,297683968,307495600,301653.1836
2021-11-16,SZ002249,大洋电机,7.9,99224401,1720069385,2365530164,1868768.82956
2021-11-16,SZ002250,联化科技,20,3421241,919132645,923246256,1846492.512
2021-11-16,SZ002251,步步高,6.79,3431921,863903951,863903951,586590.782729
2021-11-16,SZ002252,上海莱士,6.69,28600312,4972279699,6740787907,4509587.109783
2021-11-16,SZ002253,*ST智胜,14.44,7375011,207222400,225626095,325804.08118
2021-11-16,SZ002254,泰和新材,20.68,34070212,426696066,684394502,1415327.830136
2021-11-16,SZ002256,兆新股份,3.56,87526004,1391196397,1882411872,670138.626432
2021-11-16,SZ002255,海陆重工,6.25,68824552,644149083,842271055,526419.409375
2021-11-16,SH600703,三安光电,35.95,67271833,4078424928,4479341308,16103232.00226
2021-11-16,SH600745,闻泰科技,118.81,11938797,935457110,1245059542,14792552.418502
2021-11-16,SZ002258,利尔化学,27.18,13447053,524183202,526767092,1431752.956056
2021-11-16,SZ002259,升达林业,3.66,4606761,752328267,752328267,275352.145722
2021-11-16,SZ002262,恩华药业,15.62,7033546,881972775,1007588092,1573852.599704
2021-11-16,SZ002261,拓维信息,8.36,23368066,950964488,1248017674,1043342.775464
2021-11-16,SZ002263,大东南,3.59,202574220,1878342100,1878360100,674331.2759
2021-11-16,SZ002264,新 华 都,4,1647900,669076780,684563880,273825.552
2021-11-16,SZ002266,浙富控股,6.41,100021528,2807425437,5369795962,3442039.211642
2021-11-16,SZ002265,建设工业,8.33,4448910,318566172,318566172,265365.621276
2021-11-16,SZ002268,电科网安,59.83,17113136,837105669,846294603,5063380.609749
2021-11-16,SZ002267,陕天然气,7.05,8013740,1112075445,1112075445,784013.188725
2021-11-16,SH601766,中国中车,6.01,44459208,24327798048,28698864088,17248017.316888
2021-11-16,SZ002269,美邦服饰,2.27,36443050,2512500000,2512500000,570337.5
2021-11-16,SZ002270,华明装备,8.82,55983989,759224768,759239130,669648.91266
2021-11-16,SZ002271,东方雨虹,42.53,22158736,1945437380,2523561412,10732706.685236
2021-11-16,SZ002273,水晶光电,17.47,108450908,1180327693,1390632221,2429434.490087
2021-11-16,SZ002272,川润股份,6.32,15217201,330024063,436480000,275855.36
2021-11-16,SZ002274,华昌化工,10.42,27178045,937999130,952364646,992363.961132
2021-11-16,SH601727,上海电气,4.76,50245331,12655327092,15705971092,7476042.239792
2021-11-16,SH600248,陕建股份,4.3,20226565,1256540960,3747838808,1611570.68744
2021-11-16,SH600734,实达集团,2.74,13087210,534943811,622372316,170530.014584
2021-11-16,SH600242,退市中昌,2.31,3639800,451294545,456665122,105489.643182
2021-11-16,SH600259,中稀有色,44,8361744,301802291,301802291,1327930.0804
2021-11-16,SH600187,国中水务,2.35,10132900,1653935128,1653935128,388674.75508
2021-11-16,SZ000506,招金黄金,3.09,10046100,928594461,929017761,287066.488149
2021-11-16,SZ000638,*ST万方,5.04,4283140,309400000,309400000,155937.6
2021-11-16,SZ000631,顺发恒能,3.58,4306892,2432519168,2432519168,870841.862144
2021-11-16,SZ002276,万马股份,9.21,41998195,1035275348,1035489098,953685.459258
2021-11-16,SZ002275,桂林三金,13.62,1482298,538698425,590200000,803852.4
2021-11-16,SZ002277,友阿股份,3.08,12991577,1394172800,1394172800,429405.2224
2021-11-16,SH601107,四川成渝,3.33,2488212,2162740000,3058060000,1018333.98
2021-11-16,SH601668,中国建筑,4.71,116853284,40644582844,41948167844,19757587.054524
2021-11-16,SZ002278,神开股份,5.57,10100537,337115131,363909648,202697.673936
2021-11-16,SZ002279,久其软件,4.45,7544624,641486860,710547603,316193.683335
2021-11-16,SH601788,光大证券,14.87,14819459,3906698839,4610787639,6856241.219193
2021-11-16,SZ002282,博深股份,9.38,0,397896853,543944364,510219.813432
2021-11-16,SZ002283,天润工业,10.18,40630512,991748676,1135633878,1156075.287804
2021-11-16,SZ002280,ST联络,5.17,90187500,1768987543,2177149675,1125586.381975
2021-11-16,SZ002281,光迅科技,22.76,10690258,663862785,699824918,1592801.513368
2021-11-16,SZ002286,保龄宝,14.64,24010050,369253488,369256000,540590.784
2021-11-16,SZ002287,奇正藏药,28.7,7595845,528579438,530357065,1522124.77655
2021-11-16,SZ002285,世联行,3.66,20960413,2014444186,2033579072,744289.940352
2021-11-16,SZ002284,亚太股份,8.4,66413717,686058271,737682304,619653.13536
2021-11-16,SZ002290,禾盛新材,7.52,1357240,216474046,247812330,186354.87216
2021-11-16,SZ002288,*ST超华,8.63,28205883,800339013,931643744,804008.551072
2021-11-16,SZ002291,遥望科技,20.34,9611976,614669879,909841215,1850617.03131
2021-11-16,SZ002289,*ST宇顺,7.71,3753001,264424233,280253733,216075.628143
2021-11-16,SZ002292,奥飞娱乐,5.76,25102206,853756468,1478699697,851731.025472
2021-11-16,SZ002294,信立泰,29.8,3110687,1045701597,1114816535,3322153.2743
2021-11-16,SZ002293,罗莱生活,13.85,4653860,821771994,838997881,1162012.065185
2021-11-16,SZ000517,荣安地产,2.31,5667511,2496982316,3183922485,735486.094035
2021-11-16,SZ000529,广弘控股,5.94,5169720,569884377,583790330,346771.45602
2021-11-16,SH601618,中国中冶,3.61,105010469,17852619170,20723619170,7481226.52037
2021-11-16,SZ002297,博云新材,10.13,31386646,471315045,573104819,580555.181647
2021-11-16,SZ002295,精艺股份,6.4,1837001,250152688,250616000,160394.24
2021-11-16,SZ002296,辉煌科技,6.78,2986200,341424130,389616420,264159.93276
2021-11-16,SZ002298,中电鑫龙,6.78,8137000,563477418,740110901,501795.190878
2021-11-16,SH601888,中国中免,234,9302240,1952475544,1952475544,45687927.7296
2021-11-16,SZ002300,太阳电缆,6.73,11370297,656616553,656667000,441936.891
2021-11-16,SZ002299,圣农发展,22.67,7732326,1239934178,1244405750,2821067.83525
2021-11-16,SZ002301,齐心集团,6.97,5095098,732735712,734020099,511612.009003
2021-11-16,SH600225,退市卓朗,2.93,3923837,932923667,935492615,274099.336195
2021-11-16,SZ300002,神州泰岳,5.96,160910172,1680730004,1961091984,1168810.822464
2021-11-16,SZ300001,特锐德,30.37,31766881,991464092,1040710713,3160638.435381
2021-11-16,SZ300027,华谊兄弟,3.71,25723440,2244567944,2779254919,1031103.574949
2021-11-16,SZ300026,红日药业,4.21,23830287,2682015067,3004154837,1264749.186377
2021-11-16,SZ300025,华星创业,4.27,18194334,428462725,428530562,182982.549974
2021-11-16,SZ300024,机器人,9.99,11537881,1517118903,1560239617,1558679.377383
2021-11-16,SZ300023,宝德退,6.52,4868119,258204188,316106775,206101.6173
2021-11-16,SZ300022,吉峰科技,4.28,6261453,345244434,380240380,162742.88264
2021-11-16,SZ300021,大禹节水,5.19,11860272,639327773,801071451,415756.083069
2021-11-16,SZ300020,ST银江,8.1,33029939,627288765,655789086,531189.15966
2021-11-16,SZ300019,硅宝科技,22.13,20881309,333565636,391130200,865571.1326
2021-11-16,SZ300018,中元股份,7.11,24250090,405091589,480831536,341871.222096
2021-11-16,SZ300017,网宿科技,6.29,90397378,2272228118,2447261404,1539327.423116
2021-11-16,SZ300016,北陆药业,7.86,4491403,406758430,492856805,387385.44873
2021-11-16,SZ300015,爱尔眼科,50.1,49717798,4458723736,5406107855,27084600.35355
2021-11-16,SZ300014,亿纬锂能,123.73,20797315,1835856794,1895752583,23456146.709459
2021-11-16,SZ300013,新宁物流,4.24,7795400,445787115,446687115,189395.33676
2021-11-16,SZ300012,华测检测,27.08,10702419,1515745026,1672409214,4528884.151512
2021-11-16,SZ300011,鼎汉技术,7.22,21500860,500792001,558650387,403345.579414
2021-11-16,SZ300010,豆神教育,3.96,33972226,742952308,868324647,343856.560212
2021-11-16,SZ300009,安科生物,12.94,29670877,1159089300,1638465558,2120174.432052
2021-11-16,SZ300008,天海防务,4.81,54245612,1286748618,1728029133,831182.012973
2021-11-16,SZ300007,汉威科技,26.21,22898254,249124953,324387155,850218.733255
2021-11-16,SZ300006,莱美药业,5.78,39687137,812152773,1055911205,610316.67649
2021-11-16,SZ300005,探路者,8.82,9769083,700726764,883702186,779425.328052
2021-11-16,SZ300004,南风股份,6.22,11946776,477553715,479993598,298556.017956
2021-11-16,SZ300003,乐普医疗,22.53,13769454,1538838079,1804581117,4065721.256601
2021-11-16,SZ002302,西部建设,7.59,6415109,1262354304,1262354304,958126.916736
2021-11-16,SZ002303,美盈森,3.37,3993700,952116755,1531323685,516056.081845
2021-11-16,SZ002305,*ST南置,1.82,15865100,1733037250,1734215770,315627.27014
2021-11-16,SZ002304,洋河股份,177.75,6662405,1248941523,1506988000,26786711.7
2021-11-16,SZ002307,北新路桥,4.46,4011207,474881906,1208921927,539179.179442
2021-11-16,SZ002306,*ST云网,2.9,8627602,802906062,840000000,243600
2021-11-16,SH600854,春兰股份,4.17,12007270,519458538,519458538,216614.210346
2021-11-16,SH600999,招商证券,17.27,14692872,7422005272,8696526806,15018901.793962
2021-11-16,SZ002310,东方新能,2.9,10751150,2561504568,2685462004,778783.98116
2021-11-16,SZ002311,海大集团,65.7,3185211,1657637714,1661161061,10913828.17077
2021-11-16,SZ002308,*ST威创,4.65,26976665,906214651,906214651,421389.812715
2021-11-16,SZ002309,中利集团,7.86,127256802,698276564,871787068,685224.635448
2021-11-16,SZ002312,川发龙蟒,13.72,43883925,1324375324,1763196292,2419105.312624
2021-11-16,SZ002313,日海智能,10.97,2986540,373692043,374400000,410716.8
2021-11-16,SZ002314,南山控股,3,19015549,1338149289,2707782513,812334.7539
2021-11-16,SZ002315,焦点科技,16.27,3213268,185131772,305500000,497048.5
2021-11-16,SZ002316,亚联发展,3.89,3553600,293413643,393120000,152923.68
2021-11-16,SZ002319,乐通股份,14.4,9037909,200000000,200000000,288000
2021-11-16,SZ002317,众生药业,9.34,45193671,712995405,814461076,760706.644984
2021-11-16,SZ002318,久立特材,13.59,11126279,953348140,977170720,1327975.00848
2021-11-16,SZ002321,华英农业,3.17,12114781,531062039,534291100,169370.2787
2021-11-16,SZ002320,海峡股份,5.83,8326076,2228933187,2228933187,1299468.048021
2021-11-16,SH601989,中国重工,4.15,94201970,22083803282,22802035324,9462844.65946
2021-11-16,SZ002324,普利特,12.05,12733360,632549543,1014062317,1221945.091985
2021-11-16,SZ002323,雅博股份,5.25,4040440,322399800,745729656,391508.0694
2021-11-16,SZ002322,理工能科,9.55,1710500,363918258,384496549,367194.204295
2021-11-16,SZ002325,*ST洪涛,2.55,9249703,966278130,1272439069,324471.962595
2021-11-16,SZ002326,永太科技,59.91,46090914,674050474,876566295,5251508.673345
2021-11-16,SH601139,深圳燃气,8.72,21164859,2876730494,2876767544,2508541.298368
2021-11-16,SZ300029,*ST天龙,6.02,1690400,200000000,200000000,120400
2021-11-16,SZ300030,阳普医疗,8.63,3480200,254443834,308795815,266490.788345
2021-11-16,SZ300031,宝通科技,29.72,60429704,324537014,396789292,1179257.775824
2021-11-16,SZ300036,超图软件,30.7,34484425,394384690,489550063,1502918.69341
2021-11-16,SZ300035,中科电气,32.41,17855091,528031329,642365824,2081907.635584
2021-11-16,SZ300034,钢研高纳,48,15311555,433833763,485957096,2332594.0608
2021-11-16,SZ300033,同花顺,113.06,5063459,271950581,537600000,6078105.6
2021-11-16,SZ300032,金龙机电,6.68,59990084,803168108,803169608,536517.298144
2021-11-16,SZ002328,新朋股份,5.88,25315786,562972896,771770000,453800.76
2021-11-16,SZ002327,富安娜,8.42,4463938,487114403,829459027,698404.500734
2021-11-16,SZ002331,皖通科技,8.47,2191060,382874761,410245949,347478.318803
2021-11-16,SZ002329,皇氏集团,4.52,15013014,533125328,837640035,378613.29582
2021-11-16,SZ002330,得利斯,6.6,7929003,501868900,504293500,332833.71
2021-11-16,SH601117,中国化学,9.97,45111845,4933000000,6109470588,6091142.176236
2021-11-16,SZ300041,回天新材,17.64,9250900,348706101,430888395,760087.12878
2021-11-16,SZ300037,新宙邦,123.8,9194607,295700524,410792913,5085616.26294
2021-11-16,SZ300040,九洲集团,10.58,40976718,455280374,587623000,621705.134
2021-11-16,SZ300039,上海凯宝,4.66,7490691,916715119,1046000000,487436
2021-11-16,SZ300038,数知退,1.95,30827360,1163652138,1171827123,228506.288985
2021-11-16,SZ300042,朗科科技,14.58,7513912,174373818,200400000,292183.2
2021-11-16,SZ002332,仙琚制药,12.63,11180395,962452487,989204866,1249365.745758
2021-11-16,SZ002333,罗普斯金,5.01,1495000,427513600,652603600,326954.4036
2021-11-16,SZ002334,英威腾,7.95,48563591,650283970,753465210,599004.84195
2021-11-16,SZ002335,科华数据,43.33,21492114,396849620,461567391,1999971.505203
2021-11-16,SZ002336,人乐退,4.52,675410,373175000,440000000,198880
2021-11-16,SZ002338,奥普光电,19.92,5431628,239994000,240000000,478080
2021-11-16,SZ002337,赛象科技,4.07,17853346,587642157,588615750,239566.61025
2021-11-16,SH601801,皖新传媒,4.89,10109865,1989204737,1989204737,972721.116393
2021-11-16,SZ300049,福瑞医科,12.08,8367198,230444284,263053100,317768.1448
2021-11-16,SZ300050,世纪鼎利,4.48,6291403,498082741,560036718,250896.449664
2021-11-16,SZ300048,合康新能,6.75,31651340,1090059982,1102201357,743985.915975
2021-11-16,SZ300047,天源迪科,8.05,39457656,530817184,637744672,513384.46096
2021-11-16,SZ300043,星辉娱乐,3.62,43507951,937763301,1244198401,450399.821162
2021-11-16,SZ300044,ST赛为,3.08,27272072,668446839,776711228,239227.058224
2021-11-16,SZ300045,华力创通,10.13,32441487,440637852,614217087,622201.909131
2021-11-16,SZ300046,台基股份,23.84,8064301,236531371,236531371,563890.788464
2021-11-16,SH601877,正泰电器,51.5,23639077,2149973551,2149973551,11072363.78765
2021-11-16,SZ002340,格林美,10.07,92269779,4761701956,4783522257,4817006.912799
2021-11-16,SZ002341,ST新纶,5.78,18644300,891556101,1152214592,665980.034176
2021-11-16,SZ002339,积成电子,6.71,11882370,481494255,511804800,343421.0208
2021-11-16,SZ002342,巨力索具,4.03,8168800,881085000,960000000,386880
2021-11-16,SZ002343,慈文传媒,5.06,4981620,473693052,474949686,240324.541116
2021-11-16,SZ002344,海宁皮城,4.87,23638080,1281593178,1282745046,624696.837402
2021-11-16,SZ002346,柘中股份,19.6,5774060,394632807,441575416,865487.81536
2021-11-16,SZ002345,潮宏基,4.92,23951318,884729365,905412707,445463.051844
2021-11-16,SH601179,中国西电,4.98,42779161,5125882352,5125882352,2552689.411296
2021-11-16,SZ002347,泰尔股份,4.28,3962980,316774985,447019662,191324.415336
2021-11-16,SZ002349,精华制药,5.86,16226400,831992151,835724374,489734.483164
2021-11-16,SZ002348,高乐股份,2.04,28305428,854238289,947200000,193228.8
2021-11-16,SZ002350,北京科锐,7.23,17186896,524334096,542369011,392132.794953
2021-11-16,SZ002351,漫步者,12.43,10422802,478039870,889107000,1105160.001
2021-11-16,SZ002352,顺丰控股,63.41,15553240,4503517459,4556440455,28892388.925155
2021-11-16,SZ002353,杰瑞股份,41.72,5202360,619288480,957853992,3996166.854624
2021-11-16,SZ002354,天娱数科,3.63,56194382,1461028147,1663013961,603674.067843
2021-11-16,SZ002355,兴民智通,5.54,3748901,617166650,620570400,343796.0016
2021-11-16,SZ002356,赫美集团,3.9,22201145,526827157,527806548,205844.55372
2021-11-16,SH601106,中国一重,3.34,33197700,6857782927,6857782927,2290499.497618
2021-11-16,SZ002357,富临运业,4.92,5549460,313418349,313489036,154236.605712
2021-11-16,SZ002358,森源电气,2.69,8927800,910425280,929756977,250104.626813
2021-11-16,SZ300053,航宇微,9.67,13746053,637402400,702158212,678986.991004
2021-11-16,SZ300051,琏升科技,4.73,6736412,365646340,365698690,172975.48037
2021-11-16,SZ300054,鼎龙股份,23.3,18319570,715751571,939011157,2187895.99581
2021-11-16,SZ300052,ST中青宝,37.68,70130719,261195753,263269300,991998.7224
2021-11-16,SH601678,滨化股份,7.34,69614943,1957777063,1957777063,1437008.364242
2021-11-16,SZ300056,中创环保,5.56,6385644,385490443,385490443,214332.686308
2021-11-16,SZ300058,蓝色光标,7.5,258434049,2381485290,2491037834,1868278.3755
2021-11-16,SZ300057,万顺新材,8.84,17743096,502519108,680202861,601299.329124
2021-11-16,SH601688,华泰证券,15.74,54658022,7312116320,9076650000,14286647.1
2021-11-16,SZ300055,万邦达,14.61,26620119,863099140,865184815,1264035.014715
2021-11-16,SZ002362,汉王科技,16.3,1953596,206230474,244454646,398461.07298
2021-11-16,SZ002361,神剑股份,5.19,9141700,668579631,978571946,507878.839974
2021-11-16,SZ002360,同德化工,8.41,5946674,309406470,399504578,335983.350098
2021-11-16,SZ002365,永安药业,9.4,2777300,243392518,294682500,277001.55
2021-11-16,SZ002363,隆基机械,5.42,6569216,415758242,416100301,225526.363142
2021-11-16,SZ002364,中恒电气,9.24,7283477,530587745,563564960,520734.02304
2021-11-16,SH601607,上海医药,18.35,7807327,1922935018,2842089322,5215233.90587
2021-11-16,SZ002366,融发核电,4.12,26783900,604555163,867057350,357227.6282
2021-11-16,SZ002367,康力电梯,7.78,3195700,524474108,797652687,620573.790486
2021-11-16,SZ002368,太极股份,29.62,11580999,576166298,579653456,1716933.536672
2021-11-16,SZ002369,卓翼科技,7.8,23165442,575914579,576769204,449879.97912
2021-11-16,SZ002371,北方华创,407.06,4765460,460559467,525607394,21395374.580164
2021-11-16,SZ002370,亚太药业,4.36,7269909,500713204,536613986,233963.697896
2021-11-16,SZ002374,中锐股份,2.64,9041900,978274682,1087953783,287219.798712
2021-11-16,SZ002372,伟星新材,19.01,5937112,1436492977,1592112988,3026606.790188
2021-11-16,SZ002373,千方科技,13.97,9173587,1364836251,1580874765,2208482.046705
2021-11-16,SH601188,龙江交通,3.46,6031086,1315878571,1315878571,455293.985566
2021-11-16,SZ300062,中能电气,13.3,23699900,193962425,308000000,409640
2021-11-16,SH601518,吉林高速,2.35,4538727,1350395121,1350395121,317342.853435
2021-11-16,SZ300061,旗天科技,7.08,28348290,544123755,660944225,467948.5113
2021-11-16,SZ300059,东方财富,34.79,131884725,8533561416,10335763789,35958122.221931
2021-11-16,SZ002377,国创高新,3.38,31288371,915996256,916325201,309717.917938
2021-11-16,SZ002376,新北洋,8.7,4743861,640375836,665722022,579178.15914
2021-11-16,SZ002375,亚厦股份,7.3,10182618,1330992524,1339996498,978197.44354
2021-11-16,SZ300063,天龙集团,4.52,36956303,609333250,750201950,339091.2814
2021-11-16,SZ300064,金刚退,1.79,31872000,696229777,1205476595,215780.310505
2021-11-16,SZ300066,三川智慧,4.58,8136762,1003428138,1040033262,476335.233996
2021-11-16,SZ300065,海兰信,16.4,99347777,522677290,612538773,1004563.58772
2021-11-16,SH601158,重庆水务,6.37,8117800,4800000000,4800000000,3057600
2021-11-16,SZ002378,章源钨业,8.04,7349488,915321462,924167436,743030.618544
2021-11-16,SZ002380,科远智慧,13.38,7084212,141504390,239991649,321108.826362
2021-11-16,SH601101,昊华能源,8.33,19715920,1199998272,1199998272,999598.560576
2021-11-16,SZ002379,宏桥控股,3.12,7360100,926400000,926400000,289036.8
2021-11-16,SZ002381,双箭股份,7.53,1647615,322005844,411572264,309913.914792
2021-11-16,SZ002383,合众思壮,6.41,6066023,695562164,744334534,477118.436294
2021-11-16,SZ002382,蓝帆医疗,15.31,16760970,1001989295,1007046047,1541787.497957
2021-11-16,SZ002385,大北农,9.8,200894857,3094250481,4141281853,4058456.21594
2021-11-16,SZ002386,天原股份,10.83,44517828,780573537,780857017,845668.149411
2021-11-16,SZ002384,东山精密,25.61,38533833,1390275340,1709867327,4378970.224447
2021-11-16,SZ002387,维信诺,8.71,8484795,1367213346,1367663046,1191234.513066
2021-11-16,SZ002389,航天彩虹,23.36,30894564,894867800,946062685,2210002.43216
2021-11-16,SZ002388,新亚制程,5.13,2839000,483305680,510464100,261868.0833
2021-11-16,SZ002391,长青股份,7.42,5424876,462347311,653904550,485197.1761
2021-11-16,SZ002390,信邦制药,7.12,19070659,1567874603,2027228611,1443386.771032
2021-11-16,SZ300070,碧水源,7.06,17126196,2461890085,3164596594,2234205.195364
2021-11-16,SZ300071,福石控股,2.76,32183637,638890465,671386420,185302.65192
2021-11-16,SZ300067,安诺其,4.14,21257050,777417961,1052856214,435882.472596
2021-11-16,SZ300068,南都电源,13.09,51624881,826532400,857098972,1121942.554348
2021-11-16,SZ300069,金利华电,23.69,1568000,117000000,117000000,277173
2021-11-16,SZ002393,力生制药,19.11,549059,182454992,182454992,348671.489712
2021-11-16,SZ002394,联发股份,7.63,796600,322963298,328879200,250934.8296
2021-11-16,SZ002392,北京利尔,4.54,11380200,851007469,1190490839,540482.840906
2021-11-16,SZ300073,当升科技,90.76,13169370,435585784,453620538,4117060.002888
2021-11-16,SZ300072,海新能科,6.89,31755071,2329596431,2349720302,1618957.288078
2021-11-16,SZ300075,数字政通,13.47,31571780,385444073,483968242,651905.221974
2021-11-16,SZ300074,华平股份,3.81,9008271,530907925,533892900,203413.1949
2021-11-16,SH601369,陕鼓动力,12.02,14961166,1650801389,1726773189,2075581.373178
2021-11-16,SZ002395,双象股份,11.43,12120160,268209000,268209000,306562.887
2021-11-16,SZ002397,梦洁股份,3.98,4104700,483250568,756581443,301119.414314
2021-11-16,SZ300078,思创智联,6.6,7910797,836318507,866129866,571645.71156
2021-11-16,SZ300079,数码视讯,9.51,171692005,1266852372,1429008862,1358987.427762
2021-11-16,SZ300076,GQY视讯,6.2,78478079,392188950,424000000,262880
2021-11-16,SZ300077,国民技术,25.03,21919481,545048925,592664000,1483437.992
2021-11-16,SZ002398,垒知集团,6.82,5646500,560931487,720490406,491374.456892
2021-11-16,SZ002401,中远海科,9.62,2452405,362837468,372098880,357959.12256
2021-11-16,SZ002400,省广集团,4.97,81383549,1687189081,1743337128,866438.552616
2021-11-16,SZ002399,海普瑞,15.52,2218397,1247201704,1467296204,2277243.708608
2021-11-16,SZ002404,嘉欣丝绸,5.46,2896300,458948777,577673641,315409.807986
2021-11-16,SZ002402,和而泰,24.7,17630173,801749054,914016928,2257621.81216
2021-11-16,SZ002403,爱仕达,6.85,3399398,315618676,350320801,239969.748685
2021-11-16,SH600870,退市厦华,4.7,2581000,523199665,523199665,245903.84255
2021-11-16,SZ002406,远东传动,5.94,3944900,496147030,624156627,370749.036438
2021-11-16,SZ002405,四维图新,15.98,254161591,2257484597,2374547114,3794526.288172
2021-11-16,SZ002407,多氟多,51.32,44582388,612441722,766087589,3931561.506748
2021-11-16,SZ002408,齐翔腾达,9.56,44478001,2738941336,2808787944,2685201.274464
2021-11-16,SZ300084,海默科技,5.77,46170221,329752181,384765738,222009.830826
2021-11-16,SZ300082,奥克股份,16.1,22156707,677676401,680098200,1094958.102
2021-11-16,SZ300081,恒信东方,15.95,149897697,377911646,529157876,844006.81222
2021-11-16,SZ300083,创世纪,14.6,51378850,1308086889,1526380379,2228515.35334
2021-11-16,SZ002409,雅克科技,81.84,6581124,295359723,475927678,3894992.116752
2021-11-16,SZ002411,必康退,11.78,57410913,1532283909,1532283909,1805030.444802
2021-11-16,SZ002412,汉森制药,5.19,2486663,493637500,503200000,261160.8
2021-11-16,SZ002410,广联达,65.22,3125946,986483324,1187819098,7746956.157156
2021-11-16,SZ300085,银之杰,13.63,5152200,522474207,706640535,963151.049205
2021-11-16,SZ300086,康芝药业,5.17,6110200,435663111,450000000,232650
2021-11-16,SZ300087,荃银高科,30.74,14011587,399143753,454098437,1395898.595338
2021-11-16,SZ300088,长信科技,12.43,220533654,2442630224,2454857456,3051387.817808
2021-11-16,SZ002416,爱施德,11.68,18029468,1222705335,1239281806,1447481.149408
2021-11-16,SZ002413,雷科防务,6.33,34288099,1206986619,1340507796,848541.434868
2021-11-16,SZ002415,海康威视,51.65,24763943,8142919323,9335806114,48219438.57881
2021-11-16,SZ002418,康盛股份,3.44,11540739,1135929750,1136400000,390921.6
2021-11-16,SZ002419,天虹股份,6.04,6507581,1199963861,1200300000,724981.2
2021-11-16,SZ002420,毅昌科技,6.52,10506840,390192821,401000000,261452
2021-11-16,SZ002417,深南退,4.78,5213900,224135971,270000000,129060
2021-11-16,SZ002421,达实智能,3.52,10705201,1781235430,1923488229,677067.856608
2021-11-16,SZ002424,ST百灵,6.09,6786325,935963704,1411200000,859420.8
2021-11-16,SZ002423,中粮资本,8.14,3214938,1196677282,2304105575,1875541.93805
2021-11-16,SZ002422,科伦药业,18.72,19782600,1081531479,1425422862,2668391.597664
2021-11-16,SZ002425,凯撒文化,8.47,113325626,955985898,956665066,810295.310902
2021-11-16,SZ002426,胜利精密,2.37,52223550,3025884169,3441517719,815639.699403
2021-11-16,SZ002427,尤夫股份,6.22,2523505,437029865,437970123,272417.416506
2021-11-16,SZ002428,云南锗业,10.4,10259640,644314718,653120000,679244.8
2021-11-16,SZ002429,兆驰股份,5.18,59295924,4496301410,4526940607,2344955.234426
2021-11-16,SZ002430,杭氧股份,25.7,7170021,963859280,964603777,2479031.70689
2021-11-16,SZ002431,棕榈股份,3.08,59615925,1458331768,1486985450,457991.5186
2021-11-16,SZ002432,九安医疗,8.23,33522430,478603022,478603022,393890.287106
2021-11-16,SZ002435,ST长康,4.89,8979955,1199594549,1235983020,604395.69678
2021-11-16,SZ002436,兴森科技,13.92,86619664,1272658141,1487917558,2071181.240736
2021-11-16,SZ002433,太安退,6.37,80741961,744385700,766773200,488434.5284
2021-11-16,SZ002434,万里扬,15.34,14836682,1339064300,1340000000,2055560
2021-11-16,SZ002437,誉衡药业,2.41,15241852,2183286217,2198122950,529747.63095
2021-11-16,SZ002438,江苏神通,16.88,13131700,447145712,485756156,819956.391328
2021-11-16,SZ002396,星网锐捷,24.98,17143343,583280278,583280278,1457034.134444
2021-11-16,SZ002439,启明星辰,28.58,5060455,723546748,933583742,2668182.334636
2021-11-16,SZ300089,文化退,4.58,1442805,244126132,481056870,220324.04646
2021-11-16,SZ300080,易成新能,5.57,13215610,1091910760,2161880058,1204167.192306
2021-11-16,SZ300091,*ST金灵,5.35,64635608,1070307285,1489164214,796702.85449
2021-11-16,SH601000,唐山港,2.62,30578751,5925928614,5925928614,1552593.296868
2021-11-16,SZ002442,龙星科技,6.05,14504084,478780950,489680000,296256.4
2021-11-16,SZ002440,闰土股份,9.18,7623607,958753637,1150500000,1056159
2021-11-16,SZ002443,金洲管道,5.82,3991251,519129277,520535520,302951.67264
2021-11-16,SZ002441,众业达,8.64,7300384,398846029,544543609,470485.678176
2021-11-16,SZ300092,科新机电,13.33,17540096,167459485,231599000,308721.467
2021-11-16,SZ300093,*ST金刚,27.11,9543960,197152725,216000000,585576
2021-11-16,SZ300094,国联水产,4.41,50607824,883990961,912292315,402320.910915
2021-11-16,SZ002446,盛路通信,5.75,24090694,832649713,909378141,522892.431075
2021-11-16,SZ002444,巨星科技,33.6,7334924,1082098706,1143438492,3841953.33312
2021-11-16,SZ002447,晨鑫退,1.88,10025000,1427077800,1427193000,268312.284
2021-11-16,SZ002445,中南文化,2.64,21687570,2315821478,2391668331,631400.439384
2021-11-16,SH601288,农业银行,2.93,144486097,299284538234,349983033873,102545028.924789
2021-11-16,SZ002414,高德红外,23.38,22902639,1867051683,2346558302,5486253.310076
2021-11-16,SZ002448,中原内配,7.76,36891266,476760308,603144105,468039.82548
2021-11-16,SZ002449,国星光电,11.16,19077348,610923909,618477169,690220.520604
2021-11-16,SZ002453,华软科技,17.95,26180100,611275969,944217225,1694869.918875
2021-11-16,SZ002454,松芝股份,9.49,33246118,625426428,628581600,596523.9384
2021-11-16,SZ002452,长高电新,8.68,49500453,420158390,614546785,533426.60938
2021-11-16,SZ002451,摩恩电气,8.09,12286861,439149000,439200000,355312.8
2021-11-16,SZ300097,ST智云,9.35,4949837,270018948,288549669,269793.940515
2021-11-16,SZ300096,ST易联众,7.79,7903225,376510755,430000000,334970
2021-11-16,SZ300095,华伍股份,14.88,20303800,291611207,378710854,563521.750752
2021-11-16,SZ300098,高新兴,5.71,87144526,1457557381,1737782275,992273.679025
2021-11-16,SZ002457,青龙管业,7.69,2884226,334838099,334992000,257608.848
2021-11-16,SZ002456,欧菲光,8.66,59189853,2691579105,3262263437,2825120.136442
2021-11-16,SZ002455,百川股份,15.67,23290981,450572850,565857827,886699.214909
2021-11-16,SH601717,中创智领,11.81,47277764,1489237170,1774771370,2096004.98797
2021-11-16,SZ300101,振芯科技,29.03,25821118,556177296,558492000,1621302.276
2021-11-16,SZ300100,双林股份,10.12,19662966,381197866,402149793,406975.590516
2021-11-16,SZ300099,尤洛卡,8.88,22324341,508800495,667335255,592593.70644
2021-11-16,SZ002458,益生股份,11.39,20978419,676450783,992909980,1130924.46722
2021-11-16,SZ002460,赣锋锂业,151.17,20147544,859452531,1437478880,21730368.22896
2021-11-16,SZ002459,晶澳科技,88,10090554,638041066,1598229690,14064421.272
2021-11-16,SZ300102,乾照光电,8.92,52013502,707105961,707390811,630992.603412
2021-11-16,SZ300103,达刚控股,9.94,1222150,243357634,317601000,315695.394
2021-11-16,SH601718,际华集团,2.69,21228578,4391629404,4391629404,1181348.309676
2021-11-16,SH601818,光大银行,3.36,61822420,41353181852,54031917352,18154724.230272
2021-11-16,SZ002463,沪电股份,13.15,75382796,1895664870,1896658773,2494106.286495
2021-11-16,SZ002462,嘉事堂,12.29,1234700,249718432,291707120,358508.05048
2021-11-16,SZ002461,珠江啤酒,9.65,9523745,2213328480,2213328480,2135861.9832
2021-11-16,SZ300107,建新股份,5.61,5093400,336974275,551251422,309252.047742
2021-11-16,SZ300105,龙源技术,7.61,37586802,513213525,522580000,397683.38
2021-11-16,SZ300106,西部牧业,11.09,8775310,211332310,211332310,234367.53179
2021-11-16,SZ300108,*ST吉药,3.68,29937304,444316089,666014674,245093.400032
2021-11-16,SZ300109,新开源,24.9,21714276,301702622,343618983,855611.26767
2021-11-16,SZ300110,华仁药业,4.24,15983236,1180783482,1182212982,501258.304368
2021-11-16,SZ300113,顺网科技,17.47,69823207,483847439,694287240,1212919.80828
2021-11-16,SZ300114,中航电测,16.15,14668012,590760499,590760499,954078.205885
2021-11-16,SZ300111,向日葵,2.79,10223010,1117239595,1119800000,312424.2
2021-11-16,SZ300112,万讯自控,11.8,11977357,201309133,285747886,337182.50548
2021-11-16,SZ002466,天齐锂业,92.98,42430611,1473762237,1477099383,13734070.063134
2021-11-16,SZ002465,海格通信,9.73,27685345,2265058769,2304448671,2242228.556883
2021-11-16,SZ002464,众应退,4.71,27522507,521729888,521794388,245765.156748
2021-11-16,SZ300115,长盈精密,16.84,39933509,1196351844,1201027716,2022530.673744
2021-11-16,SZ300116,*ST保力,2.48,66486890,3999802407,4281082697,1061708.508856
2021-11-16,SZ300118,东方日升,28.1,75594810,899445941,901359941,2532821.43421
2021-11-16,SZ300117,*ST嘉寓,4.45,21354100,716760000,716760000,318958.2
2021-11-16,SZ002470,金正大,2.25,61991100,2994802210,3286027742,739356.24195
2021-11-16,SZ002467,二六三,4.02,14919693,1175162979,1367435873,549709.220946
2021-11-16,SZ002469,三维化学,5.98,13974622,518372665,648862630,388019.85274
2021-11-16,SZ002468,申通快递,7.62,7959908,1492045657,1530802166,1166471.250492
2021-11-16,SZ002472,双环传动,28.8,8679784,655837629,777691625,2239751.88
2021-11-16,SZ002471,中超控股,2.9,17619000,1265061719,1268000000,367720
2021-11-16,SZ002473,圣莱退,12.71,7316303,160000000,160000000,203360
2021-11-16,SZ002475,立讯精密,42.88,82704926,7037494534,7048406277,30223566.115776
2021-11-16,SZ002474,榕基软件,6.83,46640127,491812020,622200000,424962.6
2021-11-16,SZ002476,宝莫股份,4.64,8254662,611948625,612000000,283968
2021-11-16,SZ300121,阳谷华泰,10.8,4578538,360275855,375131706,405142.24248
2021-11-16,SZ300120,经纬辉开,8.38,8799851,382244914,464478294,389232.810372
2021-11-16,SZ300119,瑞普生物,23.2,3909701,252319731,404359363,938113.72216
2021-11-16,SH600372,中航机载,18.15,24059818,1928214265,1928214265,3499708.890975
2021-11-16,SZ002479,富春环保,5.51,6474400,861306351,865000000,476615
2021-11-16,SZ002478,常宝股份,4.1,2352800,587128530,919830686,377130.58126
2021-11-16,SZ002480,新筑股份,4.54,4870086,644534296,769168670,349202.57618
2021-11-16,SZ002481,双塔食品,9.48,10068554,1099495600,1243390000,1178733.72
2021-11-16,SZ300124,汇川技术,67.03,33409001,2075536873,2621013511,17568653.564233
2021-11-16,SH601018,宁波港,3.76,9674588,13172847809,15807417370,5943588.93112
2021-11-16,SZ300122,智飞生物,137,14604589,921909025,1600000000,21920000
2021-11-16,SZ300123,亚光科技,8.98,30402862,987676743,1007630823,904852.479054
2021-11-16,SZ002483,润邦股份,8.01,57182996,863340184,942288735,754773.276735
2021-11-16,SZ002484,江海股份,24.34,11667475,774608901,825020641,2008100.240194
2021-11-16,SZ002482,广田集团,2.35,8047585,1529299596,1537279657,361260.719395
2021-11-16,SZ000732,ST泰禾,2.14,92072270,2485671946,2488901440,532624.90816
2021-11-16,SH601177,杭齿前进,8.97,3965001,400060000,400060000,358853.82
2021-11-16,SZ300125,*ST聆达,14.1,5208000,263218053,265499995,374354.99295
2021-11-16,SZ300128,锦富技术,3.91,34148902,1093066762,1094115412,427799.126092
2021-11-16,SZ300127,银河磁体,22.25,14106854,227666140,323146360,719000.651
2021-11-16,SZ300126,锐奇股份,6.58,4164243,210662529,303957600,200004.1008
2021-11-16,SH601377,兴业证券,8.6,69042832,6696671674,6696671674,5759137.63964
2021-11-16,SZ002487,大金重工,42.64,47539337,545647773,555664000,2369351.296
2021-11-16,SZ002485,ST雪发,4.37,2013860,544000000,544000000,237728
2021-11-16,SZ002486,嘉麟杰,2.56,6009400,832000000,832000000,212992
2021-11-16,SZ300131,英唐智控,7.08,40007659,933508335,1069526426,757224.709608
2021-11-16,SZ300130,新国都,10.01,6690679,355362224,489197278,489686.475278
2021-11-16,SZ300129,泰胜风能,10.03,41336600,577378158,719153256,721310.715768
2021-11-16,SZ002489,浙江永强,3.51,12940243,1881461876,2175736503,763683.512553
2021-11-16,SZ002488,金固股份,7.7,38331726,911186898,1001914821,771474.41217
2021-11-16,SZ002491,通鼎互联,5.26,41581798,1187126521,1250463090,657743.58534
2021-11-16,SZ002490,山东墨龙,4.2,6749025,541615500,797848400,335096.328
2021-11-16,SZ300133,华策影视,6.02,46275545,1593499246,1901073701,1144446.368002
2021-11-16,SZ300132,青松股份,10.11,12185500,473902511,516580886,522263.275746
2021-11-16,SZ300135,宝利国际,2.67,22958700,709769304,921600000,246067.2
2021-11-16,SZ300134,大富科技,13.14,35920105,712418006,767498006,1008492.379884
2021-11-16,SH601098,中南传媒,8.69,7488828,1796000000,1796000000,1560724
2021-11-16,SZ002495,佳隆股份,2.45,25066753,713934903,935625600,229228.272
2021-11-16,SZ002492,恒基达鑫,5.28,4624900,398131742,405000000,213840
2021-11-16,SZ002493,荣盛石化,15.47,27991242,9498281250,10125525000,15664187.175
2021-11-16,SH600998,九州通,13.69,6042553,1873801453,1873801453,2565234.189157
2021-11-16,SZ002494,华斯股份,3.82,6082660,295020537,385560818,147284.232476
2021-11-16,SZ300137,先河环保,6.82,10014060,470491099,545374010,371945.07482
2021-11-16,SZ300138,晨光生物,14.83,3573300,427443184,532773991,790103.828653
2021-11-16,SZ300136,信维通信,26.15,28377243,823594651,967568638,2530191.98837
2021-11-16,SZ002496,*ST辉丰,2.65,4594520,1024048144,1507589677,399511.264405
2021-11-16,SZ002497,雅化集团,27.33,48419378,1042248327,1152562520,3149953.36716
2021-11-16,SZ002498,汉缆股份,5.34,112329599,3326796000,3326796000,1776509.064
2021-11-16,SZ002499,科林退,5.52,451426,188969900,189000000,104328
2021-11-16,SZ300142,沃森生物,58.98,77254260,1514959946,1566186984,9237370.831632
2021-11-16,SZ300141,和顺电气,16.41,32054170,184758446,253884600,416624.6286
2021-11-16,SZ300140,节能环境,6.52,7128970,385659584,427244052,278563.121904
2021-11-16,SZ300139,晓程科技,15.2,79587848,232587025,274000000,416480
2021-11-16,SZ002500,山西证券,6.37,11590441,3589771547,3589771547,2286684.475439
2021-11-16,SZ002503,*ST搜特,1.52,76954737,2542967569,3092771219,470101.225288
2021-11-16,SZ002501,利源股份,2.04,4557700,3470237556,3550000000,724200
2021-11-16,SZ002502,ST鼎龙,4.65,10182400,832912764,919994639,427797.507135
2021-11-16,SZ002504,*ST弘高,1.72,4895166,414473971,1025800523,176437.689956
2021-11-16,SZ002505,鹏都农牧,3.1,120992933,5485372200,6374261088,1976020.93728
2021-11-16,SZ002507,涪陵榨菜,33.93,33080205,779376887,887630022,3011728.664646
2021-11-16,SZ002508,老板电器,32.49,12521725,934900781,949024050,3083379.13845
2021-11-16,SH601777,千里科技,6.5,20971680,2250450000,4500000000,2925000
2021-11-16,SZ002511,中顺洁柔,18.1,27988081,1278286219,1309927250,2370968.3225
2021-11-16,SZ002510,天汽模,5.42,10386961,931268742,941568193,510329.960606
2021-11-16,SZ002513,蓝丰生化,5.04,3369984,314397369,340086278,171403.484112
2021-11-16,SZ002512,达华智能,3.13,10084653,881913261,1147094532,359040.588516
2021-11-16,SZ002514,宝馨科技,4.21,22614500,397329055,554034264,233248.425144
2021-11-16,SZ002515,金字火腿,4.94,9230644,893817204,978313280,483286.76032
2021-11-16,SH601880,辽港股份,1.67,36064563,17464713454,22623429453,3778112.718651
2021-11-16,SZ002517,恺英网络,5.5,66769146,1648212114,2152517634,1183884.6987
2021-11-16,SZ002516,旷达科技,5.8,22398038,952977539,1470838682,853086.43556
2021-11-16,SZ002518,科士达,29.98,35457672,565356814,582445394,1746171.291212
2021-11-16,SZ002519,银河电子,4.8,22988270,1012191312,1126430898,540686.83104
2021-11-16,SZ300143,盈康生命,16.24,11195272,545854264,642167010,1042879.22424
2021-11-16,SZ300144,宋城演艺,14.56,19920423,2287686866,2614694040,3806994.52224
2021-11-16,SZ300145,南方泵业,3.1,23124254,1737550347,1923438236,596265.85316
2021-11-16,SZ002523,天桥起重,2.71,33476239,1392239376,1416640800,383909.6568
2021-11-16,SZ002522,浙江众成,8.09,22793685,856488115,905779387,732775.524083
2021-11-16,SZ002520,日发精机,9.59,24840077,551709638,862899328,827520.455552
2021-11-16,SZ002521,齐峰新材,5.87,3184500,402829782,494685819,290380.575753
2021-11-16,SZ300147,ST香雪,6.38,9225512,653526025,661361435,421948.59553
2021-11-16,SZ300146,汤臣倍健,24.42,8538960,892735833,1700308763,4152153.999246
2021-11-16,SZ300148,天舟文化,4.63,166576535,761941066,844339343,390929.115809
2021-11-16,SH601933,永辉超市,4.16,51591796,9075036993,9075036993,3775215.389088
2021-11-16,SZ002524,光正眼科,9.65,6036400,492345760,516368220,498295.3323
2021-11-16,SZ002526,山东矿机,2.17,17677879,1760906886,1782793836,386866.262412
2021-11-16,SZ300150,世纪瑞尔,4.51,11500000,510670235,585106053,263882.829903
2021-11-16,SZ300151,昌红科技,35.96,2683300,315768300,502500000,1806990
2021-11-16,SZ300149,睿智医药,14.58,4288400,457996214,499776892,728674.708536
2021-11-16,SZ002528,ST英飞拓,3.34,2812619,1046439251,1198675082,400357.477388
2021-11-16,SZ002529,*ST海源,28.83,19468486,260000000,260000000,749580
2021-11-16,SZ002527,新时达,8.05,8297113,518365500,659761891,531108.322255
2021-11-16,SH601890,亚星锚链,7.52,58501066,959400000,959400000,721468.8
2021-11-16,SZ300153,科泰电源,11.9,13304601,317347386,320000000,380800
2021-11-16,SZ300154,瑞凌股份,6.27,2770100,321352150,455296000,285470.592
2021-11-16,SZ300152,ST新动力,4.38,49122545,712317825,712800000,312206.4
2021-11-16,SZ002532,天山铝业,7.85,34719711,1209373151,4651885415,3651730.050775
2021-11-16,SZ002531,天顺风能,19.25,64733295,1769006513,1802509062,3469829.94435
2021-11-16,SZ002530,金财互联,6.44,7150843,648558722,779198175,501803.6247
2021-11-16,SZ002533,金杯电工,9.01,28034720,598426615,734049347,661378.461647
2021-11-16,SH601126,四方股份,20.66,94770754,788187492,813172000,1680013.352
2021-11-16,SZ300157,新锦动力,4.49,14549582,708323276,712113257,319738.852393
2021-11-16,SZ300158,振东制药,7.39,26751552,1014060968,1027494660,759318.55374
2021-11-16,SZ300159,*ST新研,4.67,103563789,1420468655,1490360202,695998.214334
2021-11-16,SH601118,海南橡胶,5.68,63091210,4279427797,4279427797,2430714.988696
2021-11-16,SZ300155,安居宝,6.53,4800112,286202906,561227744,366481.716832
2021-11-16,SZ002534,西子洁能,22.41,7362334,725645705,739201050,1656549.55305
2021-11-16,SZ002537,海联金汇,5.96,31338484,1173952170,1174016745,699713.98002
2021-11-16,SZ002536,飞龙股份,8.5,41249341,471032852,500711814,425605.0419
2021-11-16,SZ002535,林州重机,1.64,16438220,569303753,801683074,131476.024136
2021-11-16,SZ300162,雷曼光电,13.07,33312419,264167739,349510030,456809.60921
2021-11-16,SZ300163,先锋新材,3.62,15048300,473624700,474000000,171588
2021-11-16,SZ300161,华中数控,24.44,5874397,168004991,198696906,485615.238264
2021-11-16,SZ300160,秀强股份,8.26,39558160,592326550,618172423,510610.421398
2021-11-16,SZ300164,通源石油,4.7,42526377,446206355,512847789,241038.46083
2021-11-16,SZ002541,鸿路钢构,49.78,2872787,378349515,530777112,2642208.463536
2021-11-16,SZ002540,亚太科技,7.54,91012756,895050350,1270529500,957979.243
2021-11-16,SZ002539,云图控股,12.81,36171910,658048163,1010100000,1293938.1
2021-11-16,SZ002538,司尔特,9.69,44154570,833958488,853555763,827095.534347
2021-11-16,SH601700,风范股份,4.32,4982050,1133232000,1133232000,489556.224
2021-11-16,SZ300166,东方国信,10.01,31724844,817928092,1152381437,1153533.818437
2021-11-16,SZ300165,ST天瑞,4.48,5500224,349873206,496990870,222651.90976
2021-11-16,SZ300168,万达信息,11.4,8617966,1186101550,1187584762,1353846.62868
2021-11-16,SZ300169,天晟新材,7.13,3473500,300012507,325984340,232426.83442
2021-11-16,SZ300167,ST迪威迅,6.08,8474776,300240000,326230000,198347.84
2021-11-16,SH601137,博威合金,21.5,29451421,720030830,790044972,1698596.6898
2021-11-16,SZ002542,中化岩土,2.73,11606013,1485975856,1805339107,492857.576211
2021-11-16,SZ002544,普天科技,26.15,27596756,661105420,683319825,1786881.342375
2021-11-16,SH601519,大智慧,7.06,8827791,1987700000,2028224000,1431926.144
2021-11-16,SZ002543,万和电气,7.12,3727800,630839397.5,743600000,529443.2
2021-11-16,SZ300171,东富龙,53.51,6079351,427877527,628337040,3362231.50104
2021-11-16,SZ300170,汉得信息,8.88,84794633,802619833,884055463,785041.251144
2021-11-16,SH601799,星宇股份,212.57,573488,285679419,285679419,6072687.409683
2021-11-16,SZ300172,中电环保,5.01,15537672,496018628,676710000,339031.71
2021-11-16,SH601616,广电电气,3.42,14153900,935575000,935575000,319966.65
2021-11-16,SZ300173,ST福能,6.96,30232035,663584106,734725698,511369.085808
2021-11-16,SZ300174,元力股份,16.34,10033453,309522808,312231168,510185.728512
2021-11-16,SZ002546,新联电子,3.81,7902175,788773846,834049096,317772.705576
2021-11-16,SZ002545,东方铁塔,7.94,9366129,1109779065,1244062083,987785.293902
2021-11-16,SZ300179,四方达,13.27,109385629,329381442,487941999,647499.032673
2021-11-16,SZ300176,鸿特科技,6.32,5401088,375189764,387280800,244761.4656
2021-11-16,SZ300175,ST朗源,4.84,12484201,470800000,470800000,227867.2
2021-11-16,SZ300177,中海达,8.84,36560476,589061748,744169066,657845.454344
2021-11-16,SZ300178,腾邦退,2.61,6219700,587513680,616508293,160908.664473
2021-11-16,SZ002549,凯美特气,13.57,5998381,621101175,623700000,846360.9
2021-11-16,SZ002547,春兴精工,4.15,37274873,818561197,1128057168,468143.72472
2021-11-16,SZ002550,千红制药,4.38,6345800,928123034,1279800000,560552.4
2021-11-16,SZ002548,金新农,5.85,15336131,537752985,690730442,404077.30857
2021-11-16,SZ300184,力源信息,7.01,145786654,994213109,1164681922,816442.027322
2021-11-16,SZ300180,华峰超纤,4.93,12719499,1423383341,1761060155,868202.656415
2021-11-16,SZ300183,东软载波,18.83,10390585,297735787,462609137,871093.004971
2021-11-16,SH601216,君正集团,4.97,50216174,8438017390,8438017390,4193694.64283
2021-11-16,SZ300182,捷成股份,4.99,203854362,2092465398,2574960807,1284905.442693
2021-11-16,SZ300181,佐力药业,8.03,9415030,493515464,608624848,488725.752944
2021-11-16,SZ002553,南方精工,11.49,11751106,234294201,348000000,399852
2021-11-16,SZ002552,宝鼎科技,14.25,2774123,231344046,306232338,436381.08165
2021-11-16,SZ002551,尚荣医疗,4.73,4796524,580940135,844622917,399506.639741
2021-11-16,SZ002554,惠博普,2.92,25982764,857363264,1346857772,393282.469424
2021-11-16,SH601992,金隅集团,2.69,10807482,8334158264,10677771134,2872320.435046
2021-11-16,SH601116,三江购物,8.13,1187527,547678400,547678400,445262.5392
2021-11-16,SZ002557,洽洽食品,54.74,5334185,506997947,507001697,2775327.289378
2021-11-16,SZ002556,辉隆股份,10.32,6699610,824390704,944747520,974979.44064
2021-11-16,SZ002555,三七互娱,27.48,47631322,1540118203,2217864281,6094691.044188
2021-11-16,SZ002558,巨人网络,11.52,37211990,2024379932,2024379932,2332085.681664
2021-11-16,SZ002560,通达股份,5.79,6385619,360402334,526691470,304954.36113
2021-11-16,SZ002561,徐家汇,6.9,518600,412284522,415763000,286876.47
2021-11-16,SZ002559,亚威股份,8.27,14756472,477789315,556723012,460409.930924
2021-11-16,SZ300185,通裕重工,3.27,76762791,3065722463,3896783221,1274248.113267
2021-11-16,SZ300187,永清环保,7.99,13640670,643729792,644500165,514955.631835
2021-11-16,SH601011,宝泰隆,4.73,28766324,1604807397,1604807397,759073.898781
2021-11-16,SZ002564,天沃科技,3.96,9504200,868477204,869375282,344272.611672
2021-11-16,SZ002562,兄弟科技,4.73,22098802,700080832,1062875330,502740.03109
2021-11-16,SZ002563,森马服饰,7.39,20224337,1887021365,2694090160,1990932.62824
2021-11-16,SZ300188,国投智能,16.19,9303356,607667629,806405295,1305570.172605
2021-11-16,SZ300190,维尔利,6.01,9697896,761058177,781587215,469733.916215
2021-11-16,SZ300189,神农种业,4.64,29266636,963049748,1024000000,475136
2021-11-16,SZ300191,潜能恒信,23.9,7705389,207020000,320000000,764800
2021-11-16,SH601199,江南水务,4.52,17988829,935210292,935210292,422715.051984
2021-11-16,SZ002566,益盛药业,8.1,10113755,232275489,330951600,268070.796
2021-11-16,SZ002565,顺灏股份,4.09,60973425,1055094403,1059988922,433535.469098
2021-11-16,SZ300193,佳士科技,12.2,6372763,429682286,482919541,589161.84002
2021-11-16,SZ300194,福安药业,4.08,14802902,943199510,1189712382,485402.651856
2021-11-16,SZ300192,科德教育,7.43,8019400,215267321,329143329,244553.493447
2021-11-16,SZ002567,唐人神,6.79,46212526,1183903077,1206017542,818885.911018
2021-11-16,SZ002568,百润股份,63.94,4832344,512092160,749785122,4794126.070068
2021-11-16,SZ300196,长海股份,16.89,3545500,245874108,408712399,690315.241911
2021-11-16,SZ300195,长荣股份,6.26,6757800,313439381,423387356,265040.484856
2021-11-16,SZ300197,节能铁汉,2.85,8202239,1806026374,2822871757,804518.450745
2021-11-16,SZ300198,ST纳川,3.47,9784900,869384023,1031548540,357947.34338
2021-11-16,SZ300199,翰宇药业,11.22,137554592,629404372,916927040,1028792.13888
2021-11-16,SZ300201,海伦哲,3.67,24795303,945948447,1040921518,382018.197106
2021-11-16,SZ300200,高盟新材,9.73,6495940,414969787,425524433,414035.273309
2021-11-16,SZ002075,沙钢股份,5.49,27862590,2206771772,2206771772,1211517.702828
2021-11-16,SZ002572,索菲亚,18.33,25594404,637530307,912370038,1672374.279654
2021-11-16,SZ002569,*ST步森,7.81,690901,139740425,144010000,112471.81
2021-11-16,SZ002571,德力股份,7.23,10135255,298306188,391950700,283380.3561
2021-11-16,SZ002570,贝因美,4.79,11877200,1022460225,1080043333,517340.756507
2021-11-16,SZ300202,聚龙退,4.31,10702751,452346881,549504000,236836.224
2021-11-16,SZ300204,舒泰神,16.82,34115648,465871199,476034544,800690.103008
2021-11-16,SZ300203,聚光科技,26.03,10165118,452027200,452517400,1177902.7922
2021-11-16,SZ300206,理邦仪器,11.75,7391364,340438065,581721846,683523.16905
2021-11-16,SZ300205,*ST天喻,12.75,3274946,425988788,430056000,548321.4
2021-11-16,SZ300207,欣旺达,49.93,28850626,1462293340,1625519043,8116216.581699
2021-11-16,SZ002573,清新环境,6.47,16071474,1079165388,1403721079,908207.538113
2021-11-16,SZ002574,明牌珠宝,4.52,5169602,528000000,528000000,238656
2021-11-16,SZ002575,群兴玩具,4.85,2330990,588720000,618720000,300079.2
2021-11-16,SZ300208,中程退,11.63,12492400,687394322,749475000,871639.425
2021-11-16,SZ300210,森远股份,3.54,6722800,414482618,484219953,171413.863362
2021-11-16,SZ300209,行云科技,9.89,46210619,375171173,422107330,417464.14937
2021-11-16,SZ002578,闽发铝业,3.9,14867910,885881674,988093296,385356.38544
2021-11-16,SH601258,*ST庞大,1.75,110284600,10227225070,10227225070,1789764.38725
2021-11-16,SZ002576,通达动力,19.77,29217459,164415254,165100000,326402.7
2021-11-16,SZ002577,雷柏科技,10.16,1795000,282865000,282880000,287406.08
2021-11-16,SZ300212,易华录,32.55,12065673,619237657,665990133,2167797.882915
2021-11-16,SZ300213,佳讯飞鸿,6.48,18745800,550346012,593718564,384729.629472
2021-11-16,SZ300211,*ST亿通,13.97,5818053,296887545,302675973,422838.334281
2021-11-16,SZ002580,圣阳股份,8.14,12324599,311327040,453868993,369449.360302
2021-11-16,SH601218,吉鑫科技,7.02,159456647,977360000,977360000,686106.72
2021-11-16,SZ002579,中京电子,10.05,5743899,561366627,605736071,608764.751355
2021-11-16,SH601113,华鼎股份,3.72,5746600,907682240,1141481073,424630.959156
2021-11-16,SZ300215,电科院,10.28,14836125,560166162,758322487,779555.516636
2021-11-16,SZ300214,日科化学,7.33,5366682,364473836,470812614,345105.646062
2021-11-16,SZ300219,鸿利智汇,13.3,17070457,628046919,707943506,941564.86298
2021-11-16,SZ300218,安利股份,17.01,3033700,216276394,216987000,369094.887
2021-11-16,SZ300217,东方电热,5.79,156225350,896759474,1441216681,834464.458299
2021-11-16,SH601233,桐昆股份,19.12,26633127,2287531037,2411119493,4610060.470616
2021-11-16,SH601208,东材科技,16.52,7329574,862814521,898186112,1483803.457024
2021-11-16,SZ002582,好想你,8.61,3807200,353570834,456977978,393458.039058
2021-11-16,SZ002581,ST未名,14.62,9735476,400791161,659735586,964533.426732
2021-11-16,SZ300222,科大智能,13.37,44202516,556328918,780242234,1043183.866858
2021-11-16,SZ300220,金运激光,17.91,19653311,150534160,151200000,270799.2
2021-11-16,SZ300221,银禧科技,7.33,20740074,437846040,476207935,349060.416355
2021-11-16,SH601599,浙文影业,2.91,3541778,892724964,1160542453,337717.853823
2021-11-16,SZ002583,海能达,5.99,41450840,1087695021,1839573991,1101904.820609
2021-11-16,SH601566,九牧王,12.82,680500,574637150,574637150,736684.8263
2021-11-16,SZ300225,*ST金泰,14.78,25714912,473183231,489205300,723045.4334
2021-11-16,SZ300223,北京君正,140,5379510,324138385,481569911,6741978.754
2021-11-16,SZ300224,正海磁材,13.48,46827172,812034136,820216556,1105651.917488
2021-11-16,SZ002585,双星新材,26.8,21411906,867153367,1156278085,3098825.2678
2021-11-16,SZ002584,西陇科学,6.07,13711450,393987482,585216422,355226.368154
2021-11-16,SZ002586,ST围海,2.8,9627873,893946962,1144223714,320382.63992
2021-11-16,SH601311,骆驼股份,14.25,48042422,1173146118,1173146118,1671733.21815
2021-11-16,SH601010,文峰股份,2.96,4794300,1848000000,1848000000,547008
2021-11-16,SZ300226,上海钢联,40.6,3770391,183852425,190930620,775178.3172
2021-11-16,SZ300227,光韵达,9.68,10985020,390399574,498421623,482472.131064
2021-11-16,SZ300228,富瑞特装,8.28,61245954,542887849,575406349,476436.456972
2021-11-16,SZ002590,万安科技,8.16,14488229,455553639,479646926,391391.891616
2021-11-16,SZ002587,奥拓电子,4.89,29956966,472921925,652044158,318849.593262
2021-11-16,SZ002589,瑞康医药,3.51,10570798,1146956754,1504710471,528153.375321
2021-11-16,SZ002588,史丹利,5.22,18710941,795587450,1156884000,603893.448
2021-11-16,SZ300231,银信科技,8.18,5817180,366470180,442100220,361637.97996
2021-11-16,SZ300230,永利股份,4.37,7903000,550095264,816206041,356682.039917
2021-11-16,SH601567,三星医疗,14.71,24899505,1386569053,1386569053,2039643.076963
2021-11-16,SZ300229,拓尔思,9.32,11790751,708705635,714756343,666152.911676
2021-11-16,SZ002591,恒大高新,5.23,1862900,216679971,300199484,157004.330132
2021-11-16,SZ300233,金城医药,33.08,15323008,366754614,390289338,1291077.130104
2021-11-16,SZ300232,洲明科技,9.36,32070547,840815100,1094089477,1024067.750472
2021-11-16,SH601798,蓝科高新,5.54,1756600,354528198,354528198,196408.621692
2021-11-16,SZ300234,开尔新材,7.9,13172270,331312763,511424086,404025.02794
2021-11-16,SZ002593,日上集团,3.8,4974900,467583880,808058029,307062.05102
2021-11-16,SZ002595,豪迈科技,27.74,2694635,533759584,800000000,2219200
2021-11-16,SZ300235,方直科技,10.74,9218400,115086451,167831090,180250.59066
2021-11-16,SZ300237,ST美晨,2.49,25416760,1439747834,1453072510,361815.05499
2021-11-16,SZ300236,上海新阳,42.5,6366297,309674198,313381402,1331870.9585
2021-11-16,SZ002594,比亚迪,293.51,15180848,1155058235,2911142855,85444953.937105
2021-11-16,SH601058,赛轮轮胎,13.54,87662430,2558894450,3063484772,4147958.381288
2021-11-16,SZ300239,东宝生物,6.23,10541700,506913840,593602983,369814.658409
2021-11-16,SZ300240,飞力达,7.37,16650524,361204954,365559750,269417.53575
2021-11-16,SZ300238,冠昊生物,17.13,4219500,265134082,265155701,454211.715813
2021-11-16,SZ002596,海南瑞泽,3.62,8195958,1041396268,1147580518,415424.147516
2021-11-16,SZ002598,山东章鼓,11.74,19371072,270107663,312000000,366288
2021-11-16,SZ002597,金禾实业,44.41,6728300,559482657,560909624,2490999.640184
2021-11-16,SZ000620,盈新发展,1.9,25214263,1896624195,1896690420,360371.1798
2021-11-16,SZ300241,瑞丰光电,8.25,32841071,440385656,684351838,564590.26635
2021-11-16,SZ300242,佳云科技,4.29,14749400,606100850,634555224,272224.191096
2021-11-16,SZ300243,瑞丰高材,13.84,4218627,188844832,232322851,321534.825784
2021-11-16,SZ002601,龙佰集团,26.64,11810098,1523377659,2381470256,6344236.761984
2021-11-16,SZ002600,领益智造,6.86,77607582,7003180219,7066491403,4847613.102458
2021-11-16,SZ002599,盛通股份,6.05,53205060,400326424,542266250,328071.08125
2021-11-16,SZ300246,宝莱特,17.29,2242900,109491276,146091403,252592.035787
2021-11-16,SZ300245,天玑科技,8.7,3076805,309099557,313457493,272708.01891
2021-11-16,SZ300244,迪安诊断,32.86,6509247,483930293,620458296,2038825.960656
2021-11-16,SH600898,*ST美讯,5.11,2389800,252523820,285380986,145829.683846
2021-11-16,SZ002603,以岭药业,16.55,12951696,1375998995,1670705376,2765017.39728
2021-11-16,SZ002602,世纪华通,7.97,176652536,4869250597,7452556968,5939687.903496
2021-11-16,SZ300247,融捷健康,3.35,23791285,803027813,804040313,269353.504855
2021-11-16,SZ300248,新开普,10.35,43624444,404765198,481092495,497930.732325
2021-11-16,SZ300251,光线传媒,10.13,19922197,2786836404,2933608432,2971745.341616
2021-11-16,SZ300250,初灵信息,13.15,10980105,159338077,219989902,289286.72113
2021-11-16,SZ300249,依米康,6.66,6257000,319504718,437470194,291355.149204
2021-11-16,SZ002606,大连电瓷,9.41,30824920,407760538,439534220,413601.70102
2021-11-16,SZ002605,姚记科技,19.25,10150220,325473259,404450687,778567.572475
2021-11-16,SH601222,林洋能源,10.86,55171431,2060169156,2060169156,2237343.703416
2021-11-16,SZ002608,江苏国信,6.11,2991218,3778079704,3778079704,2308406.699144
2021-11-16,SH601901,方正证券,7.92,17387781,8232101395,8232101395,6519824.30484
2021-11-16,SZ002607,中公教育,9.07,27653819,1642547503,6167399389,5593831.245823
2021-11-16,SH601636,旗滨集团,15.1,50889449,2686216940,2686216940,4056187.5794
2021-11-16,SZ002610,ST爱康,5.58,821404366,4384866101,4479532523,2499579.147834
2021-11-16,SZ002609,捷顺科技,8.87,2201100,445048666,643999741,571227.770267
2021-11-16,SH601789,宁波建工,3.55,5886000,976091335,976091335,346512.423925
2021-11-16,SZ300253,卫宁健康,13.46,14500188,1806373660,2142429552,2883710.176992
2021-11-16,SH601886,江河集团,6.42,4804150,1154050000,1154050000,740900.1
2021-11-16,SZ300252,金信诺,10.02,23507760,411404548,577153834,578308.141668
2021-11-16,SH600727,鲁北化工,9.02,17316206,439618037,528583135,476781.98777
2021-11-16,SZ300257,开山股份,16.41,3319600,818120008,993635018,1630555.064538
2021-11-16,SZ300256,星星科技,3.33,39194858,957818272,957936396,318992.819868
2021-11-16,SZ300254,仟源医药,6.8,11883821,212293955,227970921,155020.22628
2021-11-16,SZ300255,常山药业,7.37,28518505,681477550,934966878,689070.589086
2021-11-16,SZ300258,精锻科技,16.8,16498937,443668265,481770753,809374.86504
2021-11-16,SZ000981,山子高科,3.06,107643460,2574315600,4027989882,1232564.903892
2021-11-16,SH600057,厦门象屿,7.27,18704655,2137466567,2157454085,1568469.119795
2021-11-16,SZ002612,朗姿股份,37,23903559,251937727,442445375,1637047.8875
2021-11-16,SZ002613,北玻股份,3.35,4977723,570792785,937170000,313951.95
2021-11-16,SZ002611,东方精工,5.26,21954060,1090762037,1331938167,700599.475842
2021-11-16,SZ300259,新天科技,4.89,24543498,817222139,1175657958,574896.741462
2021-11-16,SZ300261,雅本化学,7.4,162366552,947606372,963309471,712849.00854
2021-11-16,SZ300260,新莱应材,43.55,4929680,150906516,226559307,986665.781985
2021-11-16,SH601908,京运通,10.93,46978070,2414602861,2414602861,2639160.927073
2021-11-16,SH600681,百川能源,4.82,6273663,1361295934,1363010801,656971.206082
2021-11-16,SZ002615,哈尔斯,6.1,14568030,230897465,412180490,251430.0989
2021-11-16,SZ002614,奥佳华,12.25,13735059,447981235,630594078,772477.74555
2021-11-16,SZ300265,通光线缆,10.69,14118618,364637227,364971164,390154.174316
2021-11-16,SZ300262,*ST巴安,3.52,12027881,469021988,669766999,235757.983648
2021-11-16,SZ300263,隆华科技,11.96,61168528,767911745,914221304,1093408.679584
2021-11-16,SZ300264,佳创视讯,11.8,153276785,337569775,413100000,487458
2021-11-16,SH601677,明泰铝业,32.06,5358400,682423960,682570060,2188319.61236
2021-11-16,SZ002618,丹邦退,2.87,25416625,547920000,547920000,157253.04
2021-11-16,SZ002616,长青集团,5.74,3404504,470205996,741942096,425874.763104
2021-11-16,SZ002617,露笑科技,17.64,97177244,1293638417,1603671326,2828876.219064
2021-11-16,SZ300267,尔康制药,4.36,89441774,1420174929,2062604870,899295.72332
2021-11-16,SZ300266,兴源环境,3.58,42340207,1548452440,1570907314,562384.818412
2021-11-16,SZ300268,*ST佳沃,20.78,3894300,133774275,174200000,361987.6
2021-11-16,SH601633,长城汽车,58.43,16343462,6079423238,9235286088,53961776.612184
2021-11-16,SZ002619,*ST艾格,1.54,27716050,1431362991,1844896231,284114.019574
2021-11-16,SZ002621,*ST美吉,3.76,1881069,795133833,826564688,310788.322688
2021-11-16,SH600633,浙数文化,7.64,16658883,1301923953,1301923953,994669.900092
2021-11-16,SZ002620,ST瑞和,5.95,8722150,309807969,378292000,225083.74
2021-11-16,SH601996,丰林集团,3.05,6315927,1145622800,1145622800,349414.954
2021-11-16,SH600094,大名城,3.63,7371631,2276604962,2475325057,898542.995691
2021-11-16,SZ300270,中威电子,6.55,6786570,205109852,302806028,198337.94834
2021-11-16,SZ300269,联建光电,4.47,27039320,389921202,557509174,249206.600778
2021-11-16,SZ002623,亚玛顿,37.03,3633006,159573625,199062500,737128.4375
2021-11-16,SH601669,中国电建,6.64,139249466,11144401540,15299035024,10158559.255936
2021-11-16,SZ002622,皓宸医疗,5.04,24560330,839975250,840000000,423360
2021-11-16,SH600313,农发种业,5.39,35826340,1019397107,1082198663,583305.079357
2021-11-16,SZ300271,华宇软件,11.62,26897315,719141466,829070973,963380.470626
2021-11-16,SZ300273,和佳退,4.71,11524357,627616520,792354216,373198.835736
2021-11-16,SH601100,恒立液压,81.21,3520292,1305360000,1305360000,10600828.56
2021-11-16,SZ002624,完美世界,21.28,76709173,1827288142,1939968404,4128252.763712
2021-11-16,SZ002626,金达威,31.63,11586104,616391927,616481927,1949932.335101
2021-11-16,SZ300275,梅安森,11.32,15919822,145871083,188220755,213065.89466
2021-11-16,SZ300274,阳光电源,146.7,19335821,1096142401,1485215984,21788118.48528
2021-11-16,SZ300272,开能健康,6.76,26010636,410934229,577171949,390168.237524
2021-11-16,SZ002628,成都路桥,3.15,3414600,743905203,758728215,238999.387725
2021-11-16,SZ002627,三峡旅游,5.42,10336339,535014785,738148117,400076.279414
2021-11-16,SZ002629,仁智股份,2.45,3419400,344592783,411948000,100927.26
2021-11-16,SZ002625,光启技术,21.72,30185500,1488294977,2154587862,4679764.836264
2021-11-16,SH601028,玉龙股份,17.68,5351560,783025760,783025760,1384389.54368
2021-11-16,SZ002631,德尔未来,7.23,6487721,654838815,658630244,476189.666412
2021-11-16,SZ002630,ST华西,2.25,15295413,971382252,1180800000,265680
2021-11-16,SZ002592,ST八菱,7.19,12423414,261277030,283331157,203715.101883
2021-11-16,SZ300276,三丰智能,3.98,19582780,943085850,1415510616,563373.225168
2021-11-16,SZ002632,道明光学,7.65,19329847,588350538,624599090,477818.30385
2021-11-16,SZ002633,申科股份,7.48,980100,149418750,150000000,112200
2021-11-16,SZ300277,海联讯,8.9,10509500,334434875,335000000,298150
2021-11-16,SZ002636,金安国纪,14.08,8880003,723107222,728000000,1025024
2021-11-16,SZ002637,赞宇科技,15.12,4431780,395553475,470401000,711246.312
2021-11-16,SZ002638,勤上股份,1.81,15228711,996174723,1506156686,272614.360166
2021-11-16,SZ002635,安洁科技,17.12,74340284,415447658,687172674,1176439.617888
2021-11-16,SH601928,凤凰传媒,6.75,11366100,2544900000,2544900000,1717807.5
2021-11-16,SZ000719,中原传媒,6.97,3327199,667147543,1023203749,713173.013053
2021-11-16,SZ002639,雪人集团,7.75,18969309,558672142,674072767,522406.394425
2021-11-16,SZ002634,棒杰股份,4.65,4589084,370653542,459352513,213598.918545
2021-11-16,SZ002640,跨境通,2.35,26870750,1251354447,1558041330,366139.71255
2021-11-16,SZ002641,公元股份,4.7,4680369,1129730855,1235383866,580630.41702
2021-11-16,SH601555,东吴证券,8.79,56328975,3880518908,3880518908,3410976.120132
2021-11-16,SZ300278,华昌达,5.13,3944400,438939513,575716412,295342.519356
2021-11-16,SH601336,新华保险,38.66,11007469,2085439340,3119546600,12060167.1556
2021-11-16,SZ002642,荣联科技,4.73,6722700,584550517,667530313,315741.838049
2021-11-16,SZ002645,华宏科技,18.77,5505092,458107804,582441698,1093243.067146
2021-11-16,SZ002643,万润股份,22.29,24595216,895754460,930335215,2073717.194235
2021-11-16,SZ002644,佛慈制药,7.18,1602261,510657000,510657000,366651.726
2021-11-16,SZ002646,天佑德酒,19.63,23466965,450000000,472562974,927641.117962
2021-11-16,SZ002648,卫星化学,38.4,10442654,1714690489,1719641729,6603424.23936
2021-11-16,SZ002647,*ST仁东,8.09,34422787,559936650,559936650,452988.74985
2021-11-16,SZ300281,金明精机,5.68,6614822,397325912,418923580,237948.59344
2021-11-16,SZ300280,紫天退,34.62,14502198,160474169,162065744,561071.605728
2021-11-16,SZ300279,和晶科技,6.38,8469360,439614240,448941998,286424.994724
2021-11-16,SZ300282,三盛退,4.02,8302760,373568058,374306455,150471.19491
2021-11-16,SZ002650,ST加加,5.82,43231651,1151962500,1152000000,670464
2021-11-16,SZ002649,博彦科技,11.78,33653920,470453476,534029870,629087.18686
2021-11-16,SZ002651,利君股份,11.87,9491696,555887641,1033460000,1226717.02
2021-11-16,SZ300283,温州宏丰,7.37,20928982,298614485,437085230,322131.81451
2021-11-16,SZ300284,苏交科,6.22,7613191,643772044,1262827774,785478.875428
2021-11-16,SZ300286,安科瑞,27.8,4957650,173442979,214800125,597144.3475
2021-11-16,SZ300285,国瓷材料,45.13,4973486,788296561,1003810338,4530196.055394
2021-11-16,SZ002653,海思科,19.86,1804461,475962270,1073986220,2132936.63292
2021-11-16,SZ002652,扬子新材,3.25,2210900,463727385,512064000,166420.8
2021-11-16,SZ300287,飞利信,5.43,186552093,1191858796,1435273808,779353.677744
2021-11-16,SZ300291,百纳千成,5.44,18830436,763490969,918996518,499934.105792
2021-11-16,SH601515,衢州东峰,7.23,25984967,1334415557,1535735689,1110336.903147
2021-11-16,SZ300288,朗玛信息,12.99,14696041,248319391,337941402,438985.881198
2021-11-16,SZ300289,利德曼,7.06,13654612,413947185,544011487,384072.109822
2021-11-16,SZ300290,荣科科技,6.33,30973100,607911605,639237569,404637.381177
2021-11-16,SZ002655,共达电声,15.67,80137052,359854400,360000000,564120
2021-11-16,SZ002654,万润科技,3.56,5553863,764264090,859433963,305958.490828
2021-11-16,SH601231,环旭电子,14.82,8006713,2183702300,2209642272,3274689.847104
2021-11-16,SH601929,吉视传媒,1.97,29428481,3111135131,3111135131,612893.620807
2021-11-16,SZ002656,*ST摩登,2.78,27360557,596307002,712519844,198080.516632
2021-11-16,SZ002657,中科金财,10.29,2999385,284725693,337576686,347366.409894
2021-11-16,SZ300292,吴通控股,4.25,53995783,1049030315,1341764974,570250.11395
2021-11-16,SZ300293,蓝英装备,13.63,7790200,270000000,270000000,368010
2021-11-16,SZ300294,博雅生物,41.56,6867319,433324863,433324863,1800898.130628
2021-11-16,SZ002662,峰璟股份,4.3,39715225,1499981100,1500000000,645000
2021-11-16,SH601800,中国交建,7.12,30353400,11747235425,16165711425,11509986.5346
2021-11-16,SZ002658,雪迪龙,8.3,8152540,332728505,630030995,522925.72585
2021-11-16,SZ002659,凯文教育,3.45,5751200,588291419,598280384,206406.73248
2021-11-16,SZ300296,利亚德,10.81,169665335,1988702066,2542901478,2748876.497718
2021-11-16,SZ300295,三六五网,10.13,2935500,164697524,192287750,194787.49075
2021-11-16,SZ300297,蓝盾退,3.65,26340592,957799590,1249849118,456194.92807
2021-11-16,SZ002660,茂硕电源,7.72,5938133,211292047,274327707,211780.989804
2021-11-16,SZ002664,信质集团,20.58,9923343,392225363,403880000,831185.04
2021-11-16,SZ002663,普邦股份,1.81,9901624,1301614670,1795890452,325056.171812
2021-11-16,SZ002661,克明食品,11.9,13493300,330650279,337010083,401041.99877
2021-11-16,SZ300299,富春股份,5.64,31127387,647049690,691229485,389853.42954
2021-11-16,SZ300298,三诺生物,27.53,2037640,455079804,564768137,1554806.681161
2021-11-16,SZ300303,聚飞光电,6.3,61529132,1216263866,1342571366,845819.96058
2021-11-16,SZ300300,海峡创新,4.55,9842606,671303460,671396910,305485.59405
2021-11-16,SZ300304,云意电气,7.59,80112129,843869734,866036018,657321.337662
2021-11-16,SZ300302,同有科技,10.01,9973820,351029913,487971230,488459.20123
2021-11-16,SZ300301,ST长方,3.59,31961200,790108769,790108769,283649.048071
2021-11-16,SZ002665,ST航高,3.46,131368693,2453491369,2538720737,878397.375002
2021-11-16,SZ002666,德联集团,5.25,12017144,447666147,754329268,396022.8657
2021-11-16,SH601238,广汽集团,16.53,44104395,7156857116,10357578751,17121077.675403
2021-11-16,SZ300307,慈星股份,8.49,16274700,771764484,780541776,662679.967824
2021-11-16,SZ300305,裕兴股份,17.65,7807200,232595319,288753000,509649.045
2021-11-16,SZ300306,远方信息,9.63,3973900,151863330,268958778,259007.303214
2021-11-16,SZ002667,威领股份,18.63,12397040,231013000,231132000,430598.916
2021-11-16,SZ300308,中际旭创,33.77,6960910,686701671,800096281,2701925.140937
2021-11-16,SZ300309,吉艾退,3.21,51370733,845847268,886123765,284445.728565
2021-11-16,SH601012,隆基绿能,89.98,53349890,5412832855,5412952709,48705748.475582
2021-11-16,SZ002669,康达新材,17.41,18407612,250850121,252492921,439590.175461
2021-11-16,SZ002668,TCL智家,5.54,6572909,964539516,1084111428,600597.731112
2021-11-16,SZ002670,国盛证券,9.4,10128203,1623350534,1935084653,1818979.57382
2021-11-16,SH601388,怡球资源,4.16,46409614,2016562052,2201514386,915829.984576
2021-11-16,SZ300311,ST任子行,7.53,33504086,534341848,673630150,507243.50295
2021-11-16,SZ300310,宜通世纪,5,24176914,691748996,881658531,440829.2655
2021-11-16,SZ300313,*ST天山,9.35,4411200,184179079,312977396,292633.86526
2021-11-16,SH603001,奥康国际,7.67,3133000,400980000,400980000,307551.66
2021-11-16,SZ002671,龙泉股份,3.86,2403443,454769005,566510368,218673.002048
2021-11-16,SZ002672,东江环保,7.06,2447320,679018377,879267102,620762.574012
2021-11-16,SH603000,人民网,13.67,9892021,1105691056,1105691056,1511479.673552
2021-11-16,SH603123,翠微股份,6.66,989200,575138195,798736665,531958.61889
2021-11-16,SZ002673,西部证券,7.77,14554535,4109194608,4469581705,3472864.984785
2021-11-16,SH603333,尚纬股份,6.46,5258650,516765682,516765682,333830.630572
2021-11-16,SZ002674,兴业科技,11.43,6066317,288866652,291862944,333599.344992
2021-11-16,SZ300314,戴维医疗,12.21,2092100,189354648,288000000,351648
2021-11-16,SZ300312,邦讯退,3.06,16431800,239094901,320040000,97932.24
2021-11-16,SZ300316,晶盛机电,74.15,16882366,1207585030,1285563394,9532452.56651
2021-11-16,SZ300317,珈伟新能,9.09,64621058,769108850,824283865,749274.033285
2021-11-16,SZ300315,掌趣科技,4.58,159602478,2632220771,2757484192,1262927.759936
2021-11-16,SH603002,宏昌电子,7.24,10544703,614411700,903875195,654405.64118
2021-11-16,SH603366,日出东方,5.19,15612100,800000000,822900000,427085.1
2021-11-16,SZ300321,同大股份,19.03,473033,83607670,88800000,168986.4
2021-11-16,SZ300319,麦捷科技,16.81,45832528,658437610,853642794,1434973.536714
2021-11-16,SZ300318,博晖创新,9.08,41192458,796481489,816900495,741745.64946
2021-11-16,SZ002677,浙江美大,16.58,7428836,417794594,646051647,1071153.630726
2021-11-16,SZ002676,顺威股份,4.8,7071300,719964834,720000000,345600
2021-11-16,SZ002675,东诚药业,16.52,11611488,734654125,802214326,1325258.066552
2021-11-16,SH603128,华贸物流,13.48,8074565,1309462971,1309462971,1765156.084908
2021-11-16,SZ002678,珠江钢琴,6.66,1369307,1357301692,1358320323,904641.335118
2021-11-16,SZ300323,华灿光电,12.49,36802864,909196330,1240236453,1549055.329797
2021-11-16,SZ300320,海达股份,14.19,31181343,493833224,601234191,853151.317029
2021-11-16,SZ300325,德威退,2.62,42251171,996533768,1005743085,263504.68827
2021-11-16,SZ002681,奋达科技,3.93,18542273,1135494982,1824667620,717094.37466
2021-11-16,SZ002679,福建金森,13.64,5828761,235756000,235756000,321571.184
2021-11-16,SZ300322,硕贝德,12.81,29687377,441804363,465746427,596621.172987
2021-11-16,SZ300324,旋极信息,3.84,49929946,1258030365,1727590595,663394.78848
2021-11-16,SH601965,中国汽研,19.05,5284805,967047967,989234957,1884492.593085
2021-11-16,SZ002683,广东宏大,28.22,8177962,644527927,749412187,2114841.191714
2021-11-16,SZ002682,龙洲股份,3.5,6107015,555132631,562368594,196829.0079
2021-11-16,SH601339,百隆东方,5.18,16127661,1500000000,1500000000,777000
2021-11-16,SZ002685,华东重机,4.08,12615380,813855134,1007690641,411137.781528
2021-11-16,SZ002684,猛狮退,5.93,6869750,470972525,567374389,336453.012677
2021-11-16,SZ300326,ST凯利,10.54,28140871,716562476,720146333,759034.234982
2021-11-16,SZ300327,中颖电子,69.7,6199444,306945220,310944802,2167285.26994
2021-11-16,SZ000722,湖南发展,7.9,11625633,464158282,464158282,366685.04278
2021-11-16,SZ300328,宜安科技,7.52,6300500,681416100,690423600,519198.5472
2021-11-16,SZ300329,海伦钢琴,11.03,12092900,252189481,252888780,278936.32434
2021-11-16,SZ300330,计通退,9.85,3439107,167954579,171157900,168590.5315
2021-11-16,SZ300332,天壕能源,11.27,94209461,840796896,880223246,992011.598242
2021-11-16,SZ300331,苏大维格,33.47,9360343,165423070,259662286,869089.671242
2021-11-16,SZ300333,兆日科技,7.52,8603782,333122567,336000000,252672
2021-11-16,SH600455,博通股份,21.32,2448692,62458000,62458000,133160.456
2021-11-16,SZ002686,亿利达,7.02,25503310,391727239,566239133,397499.871366
2021-11-16,SZ300334,津膜科技,9.07,5544700,298607235,302065356,273973.277892
2021-11-16,SH601608,中信重工,4.26,38687408,4339419293,4339419293,1848592.618818
2021-11-16,SZ300336,新文退,3.51,61128025,737605287,806230192,282986.797392
2021-11-16,SZ300335,迪森股份,5.79,26444526,282417362,372943350,215934.19965
2021-11-16,SZ002687,乔治白,6.66,9725250,278388000,350000000,233100
2021-11-16,SZ002688,金河生物,5.81,6153981,619363974,780422398,453425.413238
2021-11-16,SZ002689,ST远智,3.04,4582370,1040435508,1043310725,317166.4604
2021-11-16,SH603008,喜临门,28.6,2831312,387417787,387417787,1108014.87082
2021-11-16,SZ300337,银邦股份,5,12557800,709988557,821920000,410960
2021-11-16,SZ300339,润和软件,26.3,43178290,771463242,796410841,2094560.51183
2021-11-16,SZ300340,科恒股份,18.19,9974057,184716283,212144720,385891.24568
2021-11-16,SZ300342,天银机电,13.85,29466859,420070394,431778272,598012.90672
2021-11-16,SZ300338,ST开元,5.91,47643121,300881939,341184492,201640.034772
2021-11-16,SZ300341,麦克奥迪,10.36,7306300,509899111,510163336,528529.216096
2021-11-16,SZ002691,冀凯股份,4.19,2415590,339292817,340000000,142460
2021-11-16,SH603077,和邦生物,3.21,242834713,8831250228,8831250228,2834831.323188
2021-11-16,SZ002690,美亚光电,42.81,2724980,332537421,676000000,2893956
2021-11-16,SZ300343,ST联创,19.12,101064759,939001251,1156546046,2211316.039952
2021-11-16,SZ300345,华民股份,5.35,6172360,441295483,441295483,236093.083405
2021-11-16,SZ300344,*ST立方,5.71,16938340,345180673,641706416,366414.363536
2021-11-16,SZ000863,三湘印象,2.78,6846600,1189957094,1225208160,340607.86848
2021-11-16,SZ300346,南大光电,56.64,21129863,382137075,422181441,2391235.681824
2021-11-16,SH601038,一拖股份,12.19,5976487,593910000,1123645275,1369723.590225
2021-11-16,SZ002693,*ST双成,4.16,2734300,403416821,412000000,171392
2021-11-16,SZ002692,远程股份,2.98,3692439,678845400,718146000,214007.508
2021-11-16,SH603766,隆鑫通用,5.77,85355593,2053541850,2053541850,1184893.64745
2021-11-16,SZ002694,顾地科技,3.32,9234580,529970011,597196800,198269.3376
2021-11-16,SZ300349,金卡智能,11.14,2377764,380542982,429054325,477966.51805
2021-11-16,SH603003,退市龙宇,6.71,2294200,402443494,402443494,270039.584474
2021-11-16,SZ300347,泰格医药,151.2,8092054,563313308,872466954,13191700.34448
2021-11-16,SZ300348,长亮科技,13.81,6346750,610976307,721000562,995701.776122
2021-11-16,SZ300350,华鹏飞,8.19,13728440,325997931,562012279,460288.056501
2021-11-16,SH603399,永杉锂业,7.36,12648800,508050649,508523649,374273.405664
2021-11-16,SH600705,中航产融,3.87,24069323,8887043152,8919974627,3452030.180649
2021-11-16,SZ002695,煌上煌,14.85,7542032,464357707,512430404,760959.14994
2021-11-16,SZ002696,百洋股份,5.39,3050800,345908986,349386910,188319.54449
2021-11-16,SZ002697,红旗连锁,5.11,7574900,1077660400,1360000000,694960
2021-11-16,SH603167,渤海轮渡,7.76,3664200,469144503,472581603,366723.323928
2021-11-16,SZ002698,博实股份,12.59,2445731,792158353,1022550000,1287390.45
2021-11-16,SZ002699,*ST美盛,4.97,78403213,909572725,909572725,452057.644325
2021-11-16,SZ300352,北信源,6.94,65625914,1209833148,1449824087,1006177.916378
2021-11-16,SZ300351,永贵电器,13.82,17045610,253214502,383641857,530193.046374
2021-11-16,SZ300354,东华测试,36.58,6127900,78583182,138320201,505975.295258
2021-11-16,SZ002700,万憬能源,4.11,2142931,315955455,422426880,173617.44768
2021-11-16,SZ300355,蒙草生态,4.33,35947658,1307693448,1604242081,694636.821073
2021-11-16,SZ300353,东土科技,9.17,8173001,402258563,510980897,468569.482549
2021-11-16,SZ300356,光一退,3.37,13823728,388097005,407904620,137463.85694
2021-11-16,SH603993,洛阳钼业,5.41,180890781,17665772583,21599240583,11685189.155403
2021-11-16,SZ002701,奥瑞金,7.38,34350566,2423753337,2425967213,1790363.803194
2021-11-16,SZ002702,海欣食品,5.99,8833156,386155000,480760000,287975.24
2021-11-16,SZ000156,华数传媒,7.52,13256585,1280295337,1852932442,1393405.196384
2021-11-16,SZ002703,浙江世宝,5.7,17294050,553065952,789644637,450097.44309
2021-11-16,SZ000498,山东路桥,6.06,9348000,744852340,1558028003,944164.969818
2021-11-16,SH600817,宇通重工,13.36,612296,184223317,539373371,720602.823656
2021-11-16,SZ000831,中国稀土,37.77,24708537,980888981,980888981,3704817.681237
2021-11-16,SZ000038,大通退,8.35,1205508,238177966,522777419,436519.144865
2021-11-16,SZ000622,恒立退,3.7,8486800,425226000,425226000,157333.62
2021-11-16,SZ000403,派林生物,31.3,3883216,536252466,732777597,2293593.87861
2021-11-16,SZ000681,视觉中国,18.26,52079504,604618098,700577436,1279254.398136
2021-11-16,SZ000757,浩物股份,4.34,8699870,511167338,664714511,288486.097774
2021-11-16,SH600556,天下秀,12.45,73497047,476080983,1807747642,2250645.81429
2021-11-16,SZ000657,中钨高新,14.3,26324590,947694430,1073863842,1535625.29406
2021-11-16,SZ000672,上峰水泥,17.17,8008581,813619871,813619871,1396985.318507
2021-11-16,SZ000688,国城矿业,12.19,21360268,1137303255,1137307631,1386378.002189
2021-11-16,SZ000820,*ST节能,3.44,7585116,287656170,637245222,219212.356368
2021-11-16,SH600698,湖南天雁,3.11,5837000,737575229,1064410032,331031.519952
2021-11-16,SZ000545,金浦钛业,3.72,24530000,985403096,986833096,367101.911712
2021-11-16,SZ000333,美的集团,72.73,21140190,6821688617,6981308571,50775057.236883
2021-11-16,SH600023,浙能电力,3.68,19972613,13600689988,13600689988,5005053.915584
2021-11-16,SH603699,纽威股份,10.47,4491900,750000000,750000000,785250
2021-11-16,SZ002708,光洋股份,5.92,7293613,395480560,487411076,288547.356992
2021-11-16,SZ300357,我武生物,58.08,5340919,471031292,523584000,3040975.872
2021-11-16,SZ300360,炬华科技,11.85,84517864,435942632,504387126,597698.74431
2021-11-16,SZ300359,全通教育,5.36,8909800,633183422,633663422,339643.594192
2021-11-16,SZ002706,良信股份,19.62,7828458,782822895,1019123653,1999520.607186
2021-11-16,SZ300358,楚天科技,22.22,18639152,516328493,566234642,1258173.374524
2021-11-16,SZ002705,新宝股份,26.47,19476335,822604310,826727780,2188348.43366
2021-11-16,SH603308,应流股份,20.5,5114866,683146921,683146921,1400451.18805
2021-11-16,SZ002712,思美传媒,4.67,5140470,574252007,581202488,271421.561896
2021-11-16,SZ300368,汇金股份,10.08,9028423,509559738,531943475,536199.0228
2021-11-16,SZ300373,扬杰科技,53.9,17392264,511201815,512400109,2761836.58751
2021-11-16,SZ002707,众信旅游,5.53,23481323,639983104,906329996,501200.487788
2021-11-16,SZ300365,恒华科技,13.9,26464726,348177392,599855469,833799.10191
2021-11-16,SZ002709,天赐材料,131.83,16257971,925585245,952563079,12557639.070457
2021-11-16,SZ300371,汇中股份,15.22,8233954,110193402,167681080,255210.60376
2021-11-16,SZ300370,安控科技,2.6,9564516,941456581,957146344,248858.04944
2021-11-16,SH603555,ST贵人,2.76,7922800,1571505358,1571505358,433735.478808
2021-11-16,SZ300378,鼎捷数智,22.24,6631391,265866603,266431353,592543.329072
2021-11-16,SZ300375,鹏翎股份,4.49,14641898,628808508,711123166,319294.301534
2021-11-16,SZ300366,ST创意,15.4,56231068,402592740,607576150,935667.271
2021-11-16,SZ002721,金一文化,3.45,18184878,731152057,959925877,331174.427565
2021-11-16,SZ300376,易事特,11.5,224186358,2311445714,2313406476,2660417.4474
2021-11-16,SZ300377,赢时胜,10.33,19135623,600693379,752077080,776895.62364
2021-11-16,SH601225,陕西煤业,11.48,30571354,9695000000,9695000000,11129860
2021-11-16,SZ002722,物产金轮,15.42,3416250,175461023,175477298,270585.993516
2021-11-16,SZ002716,湖南白银,3.36,12322907,2080364661,2210479088,742720.973568
2021-11-16,SZ002718,友邦吊顶,13.33,2000000,66356202,131447829,175219.956057
2021-11-16,SZ300379,东通退,33.14,14019480,427716893,455273832,1508777.479248
2021-11-16,SZ300380,安硕信息,15.9,875000,124357207,141009750,224205.5025
2021-11-16,SZ300381,溢多利,10.5,7037100,476612665,490065136,514568.3928
2021-11-16,SZ002714,牧原股份,58.74,24682297,3550082854,5262358594,30911094.381156
2021-11-16,SZ002719,麦趣尔,10.09,1096980,161872295,174139457,175706.712113
2021-11-16,SZ300382,斯莱克,25.8,8874587,572567139,572624964,1477372.40712
2021-11-16,SZ002725,跃岭股份,6.67,1988829,195394647,256000000,170752
2021-11-16,SZ300363,博腾股份,86,4972545,447645167,544090533,4679178.5838
2021-11-16,SZ002723,小崧股份,15.56,2689460,249485775,269422300,419221.0988
2021-11-16,SZ300383,光环新网,14.61,41186156,1529869974,1543139921,2254527.424581
2021-11-16,SZ300369,绿盟科技,16.28,11949317,734335012,798347873,1299710.337244
2021-11-16,SZ300367,网力退,2.2,7020464,1061560717,1195772516,263069.95352
2021-11-16,SH603005,晶方科技,44.32,7838528,407213716,408077716,1808600.437312
2021-11-16,SH603288,海天味业,121.46,4527585,4212576170,4212576170,51165950.16082
2021-11-16,SZ002713,*ST东易,5.88,2681537,404745519,419536980,246687.74424
2021-11-16,SZ002715,登云股份,12.05,388800,138000000,138000000,166290
2021-11-16,SZ002717,ST岭南,3.08,55930003,1125468988,1684406754,518797.280232
2021-11-16,SZ300386,飞天诚信,14.81,14640531,242205850,418044000,619123.164
2021-11-16,SZ002726,龙大美食,9.98,13928071,990657186,1078434291,1076277.422418
2021-11-16,SZ300385,雪浪环境,8.14,3431500,278188108,333145932,271180.788648
2021-11-16,SH603006,联明股份,10.44,6723900,191078186,254254250,265441.437
2021-11-16,SH603328,依顿电子,7.45,5854700,998442611,998442611,743839.745195
2021-11-16,SH603168,莎普爱思,9.49,3996181,322592499,322592499,306140.281551
2021-11-16,SZ002727,一心堂,34.51,8434178,397163933,596180525,2057418.991775
2021-11-16,SZ300387,富邦科技,6.16,2653034,289057018,289789018,178510.035088
2021-11-16,SH603369,今世缘,56.63,14333267,1254500000,1254500000,7104233.5
2021-11-16,SH603009,北特科技,6.84,7271900,338408970,358730089,245371.380876
2021-11-16,SZ002728,特一药业,15.1,21283236,127172926,203590426,307421.54326
2021-11-16,SH603126,中材节能,8.21,11744339,610500000,610500000,501220.5
2021-11-16,SZ300390,天华新能,88.18,12616385,420673232,582880538,5139840.584084
2021-11-16,SZ300384,三联虹普,22.25,4331978,219595320,318598435,708881.517875
2021-11-16,SZ300388,节能国祯,7.29,3014400,697324714,698961785,509543.141265
2021-11-16,SZ300389,艾比森,8.87,3308100,163885245,318994173,282947.831451
2021-11-16,SZ300391,*ST长药,17.33,6040250,350336112,350336112,607132.482096
2021-11-16,SH603111,康尼机电,5.1,2957000,835983250,993275484,506570.49684
2021-11-16,SH603100,川仪股份,18.65,9264914,395000000,395000000,736675
2021-11-16,SH600385,退市金泰,6.45,675300,142773814,148107148,95529.11046
2021-11-16,SZ000751,锌业股份,3.66,19674000,1409868779,1409869279,516012.156114
2021-11-16,SH603609,禾丰股份,9.29,3089826,908562905,921960196,856501.022084
2021-11-16,SH603099,长白山,11.49,7433391,266670000,266670000,306403.83
2021-11-16,SH601579,会稽山,10.88,11675200,497360000,497360000,541127.68
2021-11-16,SH603806,福斯特,126.46,5279154,951103748,951103748,12027657.997208
2021-11-16,SH603188,亚邦股份,5.16,2070500,576000000,576000000,297216
2021-11-16,SZ300396,迪瑞医疗,16.87,850060,249541830,276030000,465662.61
2021-11-16,SZ300395,菲利华,59.06,3397280,314352732,337948844,1995925.872664
2021-11-16,SZ300392,腾信退,7.46,2086800,295520000,384000000,286464
2021-11-16,SZ300397,天和防务,14.72,9613171,432000000,517636745,761961.28864
2021-11-16,SZ002729,好利科技,50.27,1285305,89522301,93352000,469280.504
2021-11-16,SZ300393,中来股份,20.52,84302133,915617727,1089627358,2235915.338616
2021-11-16,SH603306,华懋科技,36.2,2874821,307019706,307019706,1111411.33572
2021-11-16,SH601016,节能风电,6.25,162277634,4480441681,5013052000,3133157.5
2021-11-16,SH600917,重庆燃气,8.47,6844346,1556000000,1571340000,1330924.98
2021-11-16,SZ300398,飞凯材料,18.77,8618981,509837402,516096282,968712.721314
2021-11-16,SZ300399,天利科技,11.23,2236542,194655168,197600000,221904.8
2021-11-16,SH603169,兰石重装,5.57,15131629,1051502526,1051502526,585686.906982
2021-11-16,SZ002730,电光科技,11.61,4243600,306624000,322674000,374624.514
2021-11-16,SZ300401,花园生物,13.26,8148164,526292058,551007557,730636.020582
2021-11-16,SH603010,万盛股份,24.33,20315260,483520414,485272654,1180668.367182
2021-11-16,SZ300402,宝色股份,34.6,19581915,202000000,202000000,698920
2021-11-16,SZ300400,劲拓股份,25.95,5957304,162337657,242625800,629613.951
2021-11-16,SH603456,九洲药业,54.2,8578524,830229130,832596130,4512671.0246
2021-11-16,SH603018,华设集团,7.21,5508898,668620952,668620952,482075.706392
2021-11-16,SH603606,东方电缆,53.99,33682903,672498962,672498962,3630821.895838
2021-11-16,SZ300403,汉宇集团,6.16,6692250,402838733,603000000,371448
2021-11-16,SZ300405,科隆股份,10.04,7783500,151126198,222469156,223359.032624
2021-11-16,SZ300406,九强生物,15.2,2895219,333048406,588984300,895256.136
2021-11-16,SH603688,石英股份,58.16,4989593,352978538,352978538,2052923.177008
2021-11-16,SH603988,中电电机,19.01,8370783,235200000,235200000,447115.2
2021-11-16,SZ002724,海洋王,16.93,1581440,364387158,779829726,1320251.726118
2021-11-16,SZ002731,ST萃华,8.32,19445999,239220940,256156000,213121.792
2021-11-16,SH601015,陕西黑猫,6.19,35113879,2042497639,2042497639,1264306.038541
2021-11-16,SH603019,中科曙光,29.68,33344813,1450728974,1463168974,4342685.514832
2021-11-16,SH603011,合锻智能,5.55,6510300,448949194,450708094,250142.99217
2021-11-16,SH603088,宁波精达,12.57,48809638,307328000,307328000,386311.296
2021-11-16,SH603166,福达股份,9.3,13175872,592018710,646208651,600974.04543
2021-11-16,SZ300407,凯发电气,8.06,1705200,210891547,305096381,245907.683086
2021-11-16,SZ002733,雄韬股份,17.44,8824417,365289279,384214913,670070.808272
2021-11-16,SZ300408,三环集团,42.14,10383260,1750801261,1816905952,7656441.681728
2021-11-16,SZ300409,道氏技术,24.55,17091005,436267761,578287181,1419695.029355
2021-11-16,SH603518,锦泓集团,11.83,3265402,296583303,296583303,350858.047449
2021-11-16,SZ002735,王子新材,19.53,1434678,132181489,213486406,416938.950918
2021-11-16,SH603368,柳药集团,15.81,1650114,361466215,362359803,572890.848543
2021-11-16,SH603998,方盛制药,5.45,2754800,429429720,429429720,234039.1974
2021-11-16,SZ002732,燕塘乳业,26.6,1988541,155912490,157350000,418551
2021-11-16,SH601969,海南矿业,12.24,21054777,1954720314,2021701729,2474562.916296
2021-11-16,SH601226,华电科工,5.87,27236687,1155000000,1167010000,685034.87
2021-11-16,SH603588,高能环境,15.12,8545458,1018812408,1062260625,1606138.065
2021-11-16,SZ002736,国信证券,11.24,11010668,8827118644,9612429377,10804370.619748
2021-11-16,SH603636,南威软件,8.41,3063841,590793578,590793578,496857.399098
2021-11-16,SZ002738,中矿资源,52.32,9677005,292986702,322803345,1688907.10104
2021-11-16,SZ002737,葵花药业,14.64,4704288,584000000,584000000,854976
2021-11-16,SZ300412,迦南科技,8.65,4069788,222465494,257224900,222499.5385
2021-11-16,SZ300411,金盾股份,7.48,4581920,181218004,406520007,304076.965236
2021-11-16,SZ300410,正业科技,12.5,8082736,364396226,369172062,461465.0775
2021-11-16,SH603017,中衡设计,9.7,6771900,276505234,278514728,270159.28616
2021-11-16,SH603889,新澳股份,5.99,6259329,511746388,511746388,306536.086412
2021-11-16,SH603788,宁波高发,15.1,11978515,223065068,223065068,336828.25268
2021-11-16,SZ300413,芒果超媒,49.05,31683089,931356654,1870720815,9175885.597575
2021-11-16,SH601021,春秋航空,59.46,2071604,916462713,916462713,5449287.291498
2021-11-16,SZ300364,中文在线,10.17,102869174,632330968,727295310,739659.33027
2021-11-16,SZ300418,昆仑万维,23.25,61270974,1052081485,1196925810,2782852.50825
2021-11-16,SZ300419,ST浩丰,6.96,7477202,367753770,367753770,255956.62392
2021-11-16,SH601069,西部黄金,12.01,0,636000000,642663100,771838.3831
2021-11-16,SH603601,再升科技,12.36,2817247,724921324,724921324,896002.756464
2021-11-16,SZ300416,苏试试验,25.64,3089770,261781524,263741274,676232.626536
2021-11-16,SZ002739,万达电影,14.4,17264604,2148680953,2230725120,3212244.1728
2021-11-16,SZ002740,*ST爱迪,4.03,2382100,244979877,454061077,182986.614031
2021-11-16,SZ300417,南华仪器,11.97,1955140,82378151,137008376,163999.026072
2021-11-16,SH603600,永艺股份,11.78,8252696,302512640,302512640,356359.88992
2021-11-16,SZ300415,伊之密,19.2,9267999,418266240,469626084,901682.08128
2021-11-16,SZ000166,申万宏源,5.18,178306434,22535507316,25039944560,12970691.28208
2021-11-16,SH603686,福龙马,12.76,2617040,415655737,415655737,530376.720412
2021-11-16,SH603678,火炬电子,77.2,8684368,459030092,459856892,3550095.20624
2021-11-16,SH603899,晨光股份,62.5,3306572,922010380,927745590,5798409.9375
2021-11-16,SZ002734,利民股份,11.48,6684156,323888688,372519550,427652.4434
2021-11-16,SH603558,健盛集团,11.18,9005200,392942649,392942649,439309.881582
2021-11-16,SH603698,航天工程,14.96,3374156,535990000,535990000,801841.04
2021-11-16,SH603611,诺力股份,18.5,4598460,267184734,267184734,494291.7579
2021-11-16,SH603799,华友钴业,108.24,19038885,1210761526,1221228483,13218577.099992
2021-11-16,SZ002741,光华科技,22.66,15273589,338110223,393360743,891355.443638
2021-11-16,SZ300425,中建环能,4.9,11197437,671216941,675708786,331097.30514
2021-11-16,SZ002746,仙坛股份,6.9,11106335,709676227,860538727,593771.72163
2021-11-16,SZ300423,昇辉科技,13.75,16721163,310864742,498424190,685333.26125
2021-11-16,SZ002745,木林森,14.66,21535191,962758149,1484166399,2175787.940934
2021-11-16,SH603898,好莱客,11.05,1660000,311277023,311277023,343961.110415
2021-11-16,SZ300420,五洋自控,3.67,17303414,1036894394,1116383561,409712.766887
2021-11-16,SZ300421,力星股份,21.34,4168841,185752026,247635404,528453.952136
2021-11-16,SZ002743,富煌钢构,6.77,9101900,417864664,435268478,294676.759606
2021-11-16,SZ300426,华智数媒,6.8,4789653,396913168,414771500,282044.62
2021-11-16,SH603939,益丰药房,48.18,3184326,717091395,718765340,3463011.40812
2021-11-16,SZ300422,博世科,8.51,3122685,381075267,504872458,429646.461758
2021-11-16,SZ300427,红相股份,13.14,4747617,319926264,360224062,473334.417468
2021-11-16,SZ300394,天孚通信,27.8,8335040,353484122,390511193,1085621.11654
2021-11-16,SH603618,杭电股份,8.35,24069890,691045431,691045431,577022.934885
2021-11-16,SH603222,济民健康,13.86,3875400,340743468,340743468,472270.446648
2021-11-16,SZ002742,*ST三圣,6.8,3961300,409725000,432000000,293760
2021-11-16,SH603118,共进股份,8.88,6259550,775733332,792133332,703414.398816
2021-11-16,SH601198,东兴证券,11.81,38586474,2757960657,3232445520,3817518.15912
2021-11-16,SH603828,ST柯利达,4.3,29163381,595939625,610460158,262497.86794
2021-11-16,SH603969,银龙股份,4.05,5224997,841000000,841000000,340605
2021-11-16,SH603997,继峰股份,13.9,28079038,860355769,1098661723,1527139.79497
2021-11-16,SH603309,维力医疗,13.8,6670943,260000000,260000000,358800
2021-11-16,SH603015,弘讯科技,7.73,5283400,404219000,404219000,312461.287
2021-11-16,SZ300433,蓝思科技,23.18,44811189,4960384394,4973479998,11528526.635364
2021-11-16,SH601689,拓普集团,58.43,16966130,1102046572,1102046572,6439258.120196
2021-11-16,SH603519,立霸股份,13.91,1807143,266327839,266327839,370462.024049
2021-11-16,SZ300430,诚益通,9.8,2979370,257193309,272008896,266568.71808
2021-11-16,SZ300374,中铁装配,11.37,1289440,189240974,245912337,279602.327169
2021-11-16,SZ002748,世龙实业,11.98,13584134,240000000,240000000,287520
2021-11-16,SZ300432,富临精工,34.44,49565458,725457267,743382248,2560208.462112
2021-11-16,SH603268,*ST松发,16.43,865360,124168800,124168800,204009.3384
2021-11-16,SZ300428,立中集团,17.79,8826651,197565043,616956965,1097566.440735
2021-11-16,SZ002747,埃斯顿,29.04,8820694,740496641,868638373,2522525.835192
2021-11-16,SZ002749,国光股份,8.52,1415889,276958830,435634280,371160.40656
2021-11-16,SH603030,全筑股份,3.44,8055900,538136702,580052866,199538.185904
2021-11-16,SH603158,腾龙股份,15.79,3742155,302015680,350570933,553551.503207
2021-11-16,SH603012,创力集团,6.11,9413690,636560000,636560000,388938.16
2021-11-16,SH600958,东方证券,13.66,96291374,5736575803,6993655803,9553333.826898
2021-11-16,SZ300429,强力新材,12.34,8476490,366147582,515260201,635831.088034
2021-11-16,SZ002750,龙津退,7.17,1473500,398173701,400500000,287158.5
2021-11-16,SH603729,龙韵股份,11.05,796400,93338000,93338000,103138.49
2021-11-16,SH603020,爱普股份,14.2,10776727,320000000,383237774,544197.63908
2021-11-16,SH603338,浙江鼎力,69.38,4834417,485485571,485485571,3368298.891598
2021-11-16,SH603199,九华旅游,20.59,562758,110680000,110680000,227890.12
2021-11-16,SZ300435,中泰股份,18.51,24732855,291459995,378190300,700030.2453
2021-11-16,SH603869,ST智知,10.25,10647650,504500508,504500508,517113.0207
2021-11-16,SZ002752,昇兴股份,5.99,31492321,974975666,976918468,585174.162332
2021-11-16,SZ300449,汉邦高科,6.93,3785135,251097849,298258899,206693.417007
2021-11-16,SZ300436,广生堂,29.93,606389,114011326,158777000,475219.561
2021-11-16,SZ300424,航新科技,14.59,5327900,200529540,239888546,349997.388614
2021-11-16,SZ300447,全信股份,23.27,22733611,173906443,312388375,726927.748625
2021-11-16,SH603808,歌力思,15.47,2157511,332515611,369092878,570986.682266
2021-11-16,SZ300443,金雷股份,62.6,9773411,182772843,261753484,1638576.80984
2021-11-16,SZ300439,美康生物,19.64,3914159,277352933,382999815,752211.63666
2021-11-16,SH603025,大豪科技,29.2,6760315,921890711,926101711,2704216.99612
2021-11-16,SH603818,曲美家居,9.69,4824018,580395546,580395546,562403.284074
2021-11-16,SZ300444,双杰电气,7.65,70612249,516981798,725255525,554820.476625
2021-11-16,SZ300440,运达科技,11.2,56447319,441913715,447900000,501648
2021-11-16,SZ300437,清水源,38.95,36229524,159661234,240913734,938358.99393
2021-11-16,SH603883,老百姓,44.91,2166595,407985259,408673661,1835353.411551
2021-11-16,SZ300446,航天智造,8.84,2186745,197728816,202620000,179116.08
2021-11-16,SH603703,盛洋科技,19.09,1066100,298610000,298610000,570046.49
2021-11-16,SZ300441,鲍斯股份,9.48,8527275,627587041,657189708,623015.843184
2021-11-16,SH603021,ST华鹏,4.61,2799679,319948070,319948070,147496.06027
2021-11-16,SZ300404,博济医药,13.92,7628879,151571588,261322325,363760.6764
2021-11-16,SZ300448,浩云科技,6.7,9140000,459826041,684095079,458343.70293
2021-11-16,SZ002751,易尚退,24.69,28700159,126171931,154529613,381533.614497
2021-11-16,SZ300438,鹏辉能源,43.5,17314999,322161083,426018921,1853182.30635
2021-11-16,SH603567,珍宝岛,15.36,1228506,849160000,941963592,1446856.077312
2021-11-16,SZ300434,金石亚药,9.33,1529042,321997684,401743872,374827.032576
2021-11-16,SH603318,水发燃气,7.48,6465691,378011155,378011155,282752.34394
2021-11-16,SZ300442,润泽科技,38.81,202168,99195625,100000000,388100
2021-11-16,SH603315,福鞍股份,26.89,1295700,219950901,307026264,825593.623896
2021-11-16,SZ300445,康斯特,13.9,1228400,135508783,212430013,295277.71807
2021-11-16,SH603789,*ST星农,12.63,2300910,260000000,260000000,328380
2021-11-16,SH600959,江苏有线,3.01,36619361,4527241146,5000717686,1505216.023486
2021-11-16,SZ300414,中光防雷,11.24,8758457,307896067,325197466,365521.951784
2021-11-16,SH603355,莱克电气,27.31,3325020,563992100,574847700,1569909.0687
2021-11-16,SH603599,广信股份,35.96,5693449,461505858,464649135,1670878.28946
2021-11-16,SZ300457,赢合科技,34.87,27958814,468474274,649537963,2264938.876981
2021-11-16,SZ300456,赛微电子,24.95,10525411,366130355,729979072,1821297.78464
2021-11-16,SZ300451,创业慧康,8.65,27190691,1310767030,1549787692,1340566.35358
2021-11-16,SH603718,海利生物,14.42,5631281,644000000,644000000,928648
2021-11-16,SH603227,雪峰科技,5.74,7822700,658700000,724570000,415903.18
2021-11-16,SZ300452,山河药辅,16.82,7842511,141182855,180467070,303545.61174
2021-11-16,SZ300459,汤姆猫,4.89,291971296,2852779712,3515810939,1719231.549171
2021-11-16,SZ300453,三鑫医疗,12.51,7273313,269009582,394027500,492928.4025
2021-11-16,SZ300455,航天智装,10.4,8188596,555906626,717767936,746478.65344
2021-11-16,SZ300458,全志科技,66.66,13137771,260457671,331000757,2206451.046162
2021-11-16,SZ002755,奥赛康,11.19,1084440,353684139,928160351,1038611.432769
2021-11-16,SH603989,艾华集团,43,3540836,399514386,399514386,1717911.8598
2021-11-16,SZ002756,永兴材料,111.05,8898428,264723810,405950150,4508076.41575
2021-11-16,SZ300460,ST惠伦,19.76,17583474,276004251,276004251,545384.399976
2021-11-16,SH603968,醋化股份,16.85,8249989,204480000,204480000,344548.8
2021-11-16,SH603311,金海高科,9.96,516700,210000000,210000000,209160
2021-11-16,SZ300450,先导智能,81.1,17669081,1450810383,1565141016,12693293.63976
2021-11-16,SH603022,新通联,11.34,635600,200000000,200000000,226800
2021-11-16,SH603566,普莱柯,19,4693397,321496000,321496000,610842.4
2021-11-16,SZ002753,永东股份,8.43,5317666,242549036,375439660,316495.63338
2021-11-16,SZ300461,田中精机,19.95,2793100,70578117,130404000,260155.98
2021-11-16,SZ002758,浙农股份,10.01,1884050,195027502,487992939,488480.931939
2021-11-16,SZ002757,南兴股份,14.56,2180401,277881194,295455913,430183.809328
2021-11-16,SH603108,润达医疗,10.26,3983171,579538095,579538095,594606.08547
2021-11-16,SH603885,吉祥航空,16.2,5069565,1797013477,1966144157,3185153.53434
2021-11-16,SZ300468,四方精创,17.06,6417639,282390614,283291058,483294.544948
2021-11-16,SH603023,威帝股份,3.99,3767275,562079807,562079807,224269.842993
2021-11-16,SH603598,引力传媒,8.81,2284319,267862900,267862900,235987.2149
2021-11-16,SZ300462,ST华铭,11.94,3690557,136475741,188265025,224788.43985
2021-11-16,SZ300467,迅游科技,15.46,10578600,147938412,203204897,314154.770762
2021-11-16,SZ002759,天际股份,29.7,15480100,402109817,402152567,1194393.12399
2021-11-16,SH603568,伟明环保,29,2460178,1256542551,1256542551,3643973.3979
2021-11-16,SZ300466,赛摩智能,6.09,11450940,419986257,535529908,326137.713972
2021-11-16,SZ300465,高伟达,10.6,10281200,446762257,446762257,473567.99242
2021-11-16,SH603669,灵康药业,8.39,1950734,721166988,721166988,605059.102932
2021-11-16,SH603918,金桥信息,7.28,4324863,363642978,366746078,266991.144784
2021-11-16,SH603198,迎驾贡酒,60.6,14958771,800000000,800000000,4848000
2021-11-16,SZ300463,迈克生物,29.34,6656122,403031513,556828910,1633736.02194
2021-11-16,SH603300,海南华铁,11.12,19873180,879824877,902554505,1003640.60956
2021-11-16,SH603901,永创智能,15.5,5712069,479852557,488500811,757176.25705
2021-11-16,SH603026,石大胜华,187.89,9233847,202680000,202680000,3808154.52
2021-11-16,SZ300464,星徽股份,8.04,7040192,300907726,353122175,283910.2287
2021-11-16,SZ300475,香农芯创,23.49,795630,420000000,420000000,986580
2021-11-16,SZ300478,杭州高新,9.58,4399944,126673000,128748000,123340.584
2021-11-16,SZ300477,ST合纵,8,34240683,603003933,1077127567,861702.0536
2021-11-16,SH601985,中国核电,6.16,152990994,17069011700,17516772893,10790332.102088
2021-11-16,SZ002762,*ST金比,12.32,51256439,195794313,354025000,436158.8
2021-11-16,SZ002761,浙江建投,7.36,1790788,243338000,1081340098,795866.312128
2021-11-16,SZ002763,汇洁股份,8.88,4400363,197791700,410025000,364102.2
2021-11-16,SZ002766,索菱股份,4.55,1329800,295476352,421754014,191898.07637
2021-11-16,SZ300471,厚普股份,24.52,18368415,337214725,364720000,894293.44
2021-11-16,SZ300472,*ST新元,18.69,29079291,229070450,266621121,498314.875149
2021-11-16,SZ002760,凤形股份,27.64,7893729,87980930,107988706,298480.783384
2021-11-16,SZ300469,信息发展,14.68,6166124,184850857,205135376,301138.731968
2021-11-16,SH603066,音飞储存,7.71,1839100,300702900,300702900,231841.9359
2021-11-16,SH601968,宝钢包装,9.6,3523500,837523300,1132807440,1087495.1424
2021-11-16,SZ300476,胜宏科技,28.08,20477258,766333444,777561455,2183392.56564
2021-11-16,SH603616,韩建河山,5.33,2459900,293360000,381368000,203269.144
2021-11-16,SZ300479,神思电子,15.19,14700100,169555237,169555237,257554.405003
2021-11-16,SH601368,绿城水务,4.91,1559557,860284977,882973077,433539.780807
2021-11-16,SZ002767,先锋电子,12.92,992242,125059106,150000000,193800
2021-11-16,SZ300473,德尔股份,22.38,2451517,111823164,134917527,301945.425426
2021-11-16,SZ300470,中密控股,42.15,1414288,195237025,208171277,877441.932555
2021-11-16,SZ002765,蓝黛科技,8.77,34605189,405756342,575175290,504428.72933
2021-11-16,SZ300485,赛升药业,12.14,7345656,262986132,481666400,584743.0096
2021-11-16,SZ002773,康弘药业,19.33,10578995,690923044,919463954,1777323.823082
2021-11-16,SH601211,国泰海通,17.17,27225034,7427622353,8908449523,15295807.830991
2021-11-16,SZ002776,*ST柏龙,3.98,20396711,537989106,537989106,214119.664188
2021-11-16,SZ002772,众兴菌业,8,15927716,266196224,412644082,330115.2656
2021-11-16,SZ002771,真视通,9.99,2121090,202875302,209764100,209554.3359
2021-11-16,SZ002769,普路通,5.8,1570500,263742522,373318054,216524.47132
2021-11-16,SH603116,红蜻蜓,5.55,1723180,576200800,576200800,319791.444
2021-11-16,SZ002775,文科股份,3.61,3106192,446111778,512767053,185108.906133
2021-11-16,SH603117,万林物流,3.46,3450540,633144502,633144502,219067.997692
2021-11-16,SH603589,口子窖,62.27,14536351,600000000,600000000,3736200
2021-11-16,SZ300482,万孚生物,37.01,7655980,320418148,444952207,1646768.118107
2021-11-16,SZ300483,首华燃气,19.28,8687940,215346700,268531716,517729.148448
2021-11-16,SH603223,恒通股份,32.3,1360541,282240000,282240000,911635.2
2021-11-16,SH603979,金诚信,17.77,6277063,593964099,593964099,1055474.203923
2021-11-16,SZ002768,国恩股份,24.6,1350416,176748125,271250000,667275
2021-11-16,SH603085,天成自控,7.85,21090813,370225434,370225434,290626.96569
2021-11-16,SZ300486,东杰智能,11.92,3721900,377923206,406509381,484559.182152
2021-11-16,SZ300481,濮阳惠成,23.66,9084508,257059500,296192447,700791.329602
2021-11-16,SZ002770,科迪退,2.38,25721810,604841622,1094867797,260578.535686
2021-11-16,SZ300488,恒锋工具,34.65,6439477,136696623,165679281,574078.708665
2021-11-16,SZ300489,光智科技,23,1675000,135427500,136125000,313087.5
2021-11-16,SH603838,*ST四通,7.25,2494900,284816000,320016000,232011.6
2021-11-16,SZ300487,蓝晓科技,78.62,2613271,128223593,219784718,1727947.452916
2021-11-16,SZ300480,光力科技,32.12,2688237,167663540,269639012,866080.506544
2021-11-16,SZ002506,协鑫集成,4.12,107132930,5847813427,5855502667,2412467.098804
2021-11-16,SZ000520,凤凰航运,3.25,7319589,1012083455,1012083455,328927.122875
2021-11-16,SZ300498,温氏股份,17.36,39986111,4829233636,6351792072,11026711.036992
2021-11-16,SH601155,新城控股,33.83,7447276,2254389786,2260597986,7647602.986638
2021-11-16,SZ002779,中坚科技,15.84,3809651,118434525,132000000,209088
2021-11-16,SZ002780,三夫户外,17.1,1529493,115117346,157587486,269474.60106
2021-11-16,SH603398,*ST沐邦,15.33,7145532,296382800,342634507,525258.699231
2021-11-16,SH603936,博敏电子,13.62,26216859,505012097,511012097,695998.476114
2021-11-16,SZ002783,凯龙股份,9.64,18534043,327168573,381730334,367988.041976
2021-11-16,SH603696,安记食品,9.82,2693748,235200000,235200000,230966.4
2021-11-16,SH603999,读者传媒,5.03,2343902,576000000,576000000,289728
2021-11-16,SZ300496,中科创达,138.5,3518002,319950211,425051882,5886968.5657
2021-11-16,SZ300493,润欣科技,7.37,9118424,477068962,486568962,358601.324994
2021-11-16,SH603800,洪田股份,24.56,5707025,208000000,208000000,510848
2021-11-16,SZ300497,富祥药业,15.31,16067289,445443682,550004834,842057.400854
2021-11-16,SZ002781,奇信退,6.15,2045633,223926796,225000000,138375
2021-11-16,SH603866,桃李面包,29.38,8125603,952213783,952213783,2797604.094454
2021-11-16,SH603996,退市中新,3.31,1304700,300150000,300150000,99349.65
2021-11-16,SZ002782,可立克,13.28,18491200,468734227,476901227,633324.829456
2021-11-16,SZ300495,*ST美尚,2.7,6451234,505466572,674279488,182055.46176
2021-11-16,SZ300492,华图山鼎,54.08,1033471,109619324,141047370,762784.17696
2021-11-16,SZ002786,银宝山新,6.15,6956514,494112000,495612000,304801.38
2021-11-16,SZ002785,万里石,30.63,8142502,162832866,200000000,612600
2021-11-16,SH603508,思维列控,20.86,1299434,227671630,272452629,568336.184094
2021-11-16,SZ001979,招商蛇口,10.97,42211972,7921720146,7923242592,8691797.123424
2021-11-16,SZ002777,久远银海,18.9,3435167,307298356,314023876,593505.12564
2021-11-16,SH603299,苏盐井神,9.12,31388390,559440000,774379748,706234.330176
2021-11-16,SZ002787,华源控股,5.71,2250600,178873047,315975411,180421.959681
2021-11-16,SH603778,国晟科技,4.13,3963472,642857142,642857142,265499.999646
2021-11-16,SZ300494,盛天网络,23.04,38129417,172640746,240000000,552960
2021-11-16,SZ300491,通合科技,23.78,12962723,124369807,159312928,378846.142784
2021-11-16,SZ300490,华自科技,22.52,33602403,315629753,322242898,725691.006296
2021-11-16,SZ002778,中晟高科,18.71,2734540,124753300,124753300,233413.4243
2021-11-16,SZ300499,高澜股份,18.39,28453496,239149148,279308845,513648.965955
2021-11-16,SZ300501,海顺新材,17.89,1283400,86732556,193711505,346549.882445
2021-11-16,SZ300500,启迪设计,19.91,4749269,155490918,174139024,346710.796784
2021-11-16,SH603377,ST东时,8.84,36243588,727836901,727836901,643407.820484
2021-11-16,SH601900,南方传媒,7.61,4724438,895876566,895876566,681762.066726
2021-11-16,SZ002788,鹭燕医药,7.12,1670669,378664774,388516736,276623.916032
2021-11-16,SH603608,天创时尚,5.39,1999961,428924090,428924090,231190.08451
2021-11-16,SZ300502,新易盛,29.8,9956685,439115229,507086219,1511116.93262
2021-11-16,SH603027,千禾味业,27.79,18821653,794566246,798782158,2219815.617082
2021-11-16,SZ002790,瑞尔特,8.28,24460927,255510400,418329000,346376.412
2021-11-16,SZ300503,昊志机电,14.55,12941787,217663020,306072836,445335.97638
2021-11-16,SH603520,司太立,63.45,3327111,244426421,245016871,1554632.046495
2021-11-16,SH603919,金徽酒,34.59,7687802,491307141,507259997,1754612.329623
2021-11-16,SZ002789,*ST建艺,10.82,2406480,87011734,159623514,172712.642148
2021-11-16,SZ300505,川金诺,34.56,9892244,108187331,149794066,517688.292096
2021-11-16,SH601020,华钰矿业,13,10513835,555223582,555223582,721790.6566
2021-11-16,SH603861,白云电器,9.7,7497962,420683628,435376105,422314.82185
2021-11-16,SZ300484,蓝海华腾,17.17,15172368,153044978,208000000,357136
2021-11-16,SZ300506,ST名家汇,7.82,47227827,487907496,655045776,512245.796832
2021-11-16,SZ002792,通宇通讯,15.77,1714300,177403005,337840200,532773.9954
2021-11-16,SZ002791,坚朗五金,163.64,1623334,160789659,321540000,5261680.56
2021-11-16,SH603028,赛福天,12.38,10093870,287040000,287040000,355355.52
2021-11-16,SZ300474,景嘉微,157.13,6202913,159348581,301237772,4733349.111436
2021-11-16,SH603798,康普顿,10.51,1929000,200000000,200000000,210200
2021-11-16,SH603701,德宏股份,8.36,2554262,261361901,261361901,218498.549236
2021-11-16,SZ002793,罗欣药业,9.59,2000380,382308760,1463955920,1403933.72728
2021-11-16,SH603868,飞科电器,42.51,1835333,435600000,435600000,1851735.6
2021-11-16,SZ300508,维宏股份,44.53,2247343,45291328,90912000,404831.136
2021-11-16,SH603726,朗迪集团,14.14,1386772,185651200,185651200,262510.7968
2021-11-16,SZ300509,新美星,6.15,3068572,168124267,296400000,182286
2021-11-16,SH603029,天鹅股份,13.24,534100,93340000,93340000,123582.16
2021-11-16,SH603822,ST嘉澳,43.74,1705592,73362532,73362532,320887.714968
2021-11-16,SZ002795,永和智控,11.1,2226500,141524563,200000000,222000
2021-11-16,SZ300507,苏奥传感,12.97,85935625,270630492,494705567,641633.120399
2021-11-16,SH603528,多伦科技,6.6,2180600,624111819,626529819,413509.68054
2021-11-16,SZ300511,雪榕生物,7.72,12015050,315980087,441918607,341161.164604
2021-11-16,SZ300510,金冠股份,7.47,24274445,822226755,828623861,618982.024167
2021-11-16,SH603101,汇嘉时代,5.97,3365292,470400000,470400000,280828.8
2021-11-16,SZ002796,世嘉科技,8.65,3828025,221067737,252426948,218349.31002
2021-11-16,SZ002797,第一创业,7.05,42626726,4132400000,4202400000,2962692
2021-11-16,SH603779,威龙股份,7.57,4951590,305450232,332749154,251891.109578
2021-11-16,SH603959,百利科技,17.56,19628154,490298992,490298992,860965.029952
2021-11-16,SH603339,四方科技,11.55,3216240,309441175,309441175,357404.557125
2021-11-16,SZ002798,帝欧水华,14.73,9838432,226196545,386893064,569893.483272
2021-11-16,SZ300512,中亚股份,15.1,1265900,216715647,273540000,413045.4
2021-11-16,SZ002800,天顺股份,13.98,1423021,100264063,108752191,152035.563018
2021-11-16,SZ300513,恒实科技,13.36,47458009,245109723,313691155,419091.38308
2021-11-16,SZ300516,久之洋,31.77,2624567,180000000,180000000,571860
2021-11-16,SH603737,三棵树,133.94,1287518,364973822,376437486,5042003.687484
2021-11-16,SH601611,中国核建,8.44,38913038,2625028118,2648934418,2235700.648792
2021-11-16,SH603131,上海沪工,23.2,3546700,297367914,317981408,737716.86656
2021-11-16,SZ002799,环球印务,10.78,1458396,251995800,252000000,271656
2021-11-16,SZ300515,三德科技,11.64,3826398,178336775,205869500,239632.098
2021-11-16,SH601127,赛力斯,59.95,12544344,976171025,1359920890,8152725.73555
2021-11-16,SZ002801,微光股份,18.5,2488288,113380800,229632000,424819.2
2021-11-16,SZ300518,新迅达,45.81,5310878,93311853,101740600,466073.6886
2021-11-16,SZ300519,新光药业,16.48,3476480,114100000,160000000,263680
2021-11-16,SH603909,建发合诚,15.05,3900036,200517800,200517800,301779.289
2021-11-16,SH603958,哈森股份,6.25,1104207,217360000,217360000,135850
2021-11-16,SZ002802,洪汇新材,20.95,1090900,106366594,107871000,225989.745
2021-11-16,SH603016,新宏泰,21.42,1156800,148160000,148160000,317358.72
2021-11-16,SZ300521,爱司凯,13.05,1649100,143999055,144000000,187920
2021-11-16,SZ300522,世名科技,16.67,1470875,182347779,270160605,450357.728535
2021-11-16,SH601966,玲珑轮胎,39.33,14580081,1356490012,1373512412,5402024.316396
2021-11-16,SZ002805,丰元股份,36,10497098,97209675,177932205,640555.938
2021-11-16,SZ300520,科大国创,19.23,3928820,214256566,243885860,468992.50878
2021-11-16,SH603069,海汽集团,15.11,4830413,316000000,316000000,477476
2021-11-16,SZ002803,吉宏股份,16.72,5393990,283557403,387480088,647866.707136
2021-11-16,SZ300517,海波重科,13.97,6200388,112550613,192168933,268459.999401
2021-11-16,SZ300525,博思软件,21.44,9018931,303924625,395405087,847748.506528
2021-11-16,SZ002806,华锋股份,15.69,13859192,126094015,190204800,298431.3312
2021-11-16,SZ300523,辰安科技,21.87,860940,230399407,232637638,508778.514306
2021-11-16,SH603322,超讯通信,12.35,1555192,156520000,160150000,197785.25
2021-11-16,SH603663,三祥新材,20.99,3644706,203218244,214952162,451184.588038
2021-11-16,SH600919,江苏银行,6.29,58000427,14679864601,14769626434,9290095.026986
2021-11-16,SZ300529,健帆生物,55.89,7724585,514262698,805497338,4501924.622082
2021-11-16,SZ300526,中潜退,21.78,5593100,204232759,204248968,444854.252304
2021-11-16,SZ300527,ST应急,9.44,51463510,963200478,963204828,909265.357632
2021-11-16,SZ300528,幸福蓝海,5.56,2078556,372608054,372608054,207170.078024
2021-11-16,SH601811,新华文轩,8.45,1061816,791903900,1233841000,1042595.645
2021-11-16,SH600977,中国电影,11.68,9812837,1867000000,1867000000,2180656
2021-11-16,SZ300530,领湃科技,36.8,1167700,118008683,158139450,581953.176
2021-11-16,SZ300531,优博讯,19.02,12974379,304133029,331047670,629652.66834
2021-11-16,SH603569,长久物流,6.46,727704,560277716,560277716,361939.404536
2021-11-16,SZ300535,达威股份,14.59,1302713,83990408,103861093,151533.334687
2021-11-16,SH603159,上海亚虹,16.64,1317962,140000000,140000000,232960
2021-11-16,SZ002808,*ST恒久,7.42,2675000,171372446,268800000,199449.6
2021-11-16,SH600936,北投科技,2.76,16469709,1671026239,1671026239,461203.241964
2021-11-16,SH601997,贵阳银行,6.52,8404711,3560309914,3656198076,2383841.145552
2021-11-16,SH601595,上海电影,9.97,1573580,448200000,448200000,446855.4
2021-11-16,SH603986,兆易创新,163.18,12068992,617356298,667177212,10886997.745416
2021-11-16,SZ300532,今天国际,10.89,8463279,176273129,285889967,311334.174063
2021-11-16,SZ300533,冰川网络,20.47,6617108,100420154,150833400,308755.9698
2021-11-16,SH603515,欧普照明,19.91,2365494,753758682,754210692,1501633.487772
2021-11-16,SH603031,安孚科技,38.4,2565806,112000000,112000000,430080
2021-11-16,SZ300540,蜀道装备,30.16,9668037,91966876,124691993,376071.050888
2021-11-16,SZ002809,红墙股份,9.73,1090305,134047836,206729412,201147.717876
2021-11-16,SZ002810,山东赫达,53.1,1890667,314292681,341381040,1812733.3224
2021-11-16,SH603007,*ST花王,3.28,4332800,333389561,335732761,110120.345608
2021-11-16,SZ300538,同益股份,26,2065880,79885422,151598811,394156.9086
2021-11-16,SZ300537,广信材料,17.84,8393755,132954832,193027584,344361.209856
2021-11-16,SZ300539,横河精密,7.52,1769930,113697114,222139421,167048.844592
2021-11-16,SH603090,宏盛股份,24.75,6592800,100000000,100000000,247500
2021-11-16,SH603658,安图生物,59.79,7564041,586272256,586272256,3505321.818624
2021-11-16,SZ002807,江阴银行,3.76,6551233,2169436191,2172009274,816675.487024
2021-11-16,SH603843,*ST正平,3.92,5219500,560004200,699623237,274252.308904
2021-11-16,SZ002811,郑中设计,8.63,4411598,239078674,270023367,233030.165721
2021-11-16,SZ300543,朗科智能,14.52,10800672,207852599,268172388,389386.307376
2021-11-16,SH601163,三角轮胎,13.06,1617800,800000000,800000000,1044800
2021-11-16,SH603393,新天然气,25.92,15788557,376127962,423921327,1098804.079584
2021-11-16,SH603067,振华股份,13.25,13156805,431200000,508416166,673651.41995
2021-11-16,SZ300541,先进数通,12.5,5700484,249802911,307458298,384322.8725
2021-11-16,SZ300534,陇神戎发,5.92,8281050,300930371,303345000,179580.24
2021-11-16,SZ002812,恩捷股份,267.88,6626515,742446181,892405996,23905771.820848
2021-11-16,SH603189,网达软件,20.26,9223839,220800000,269548349,546104.955074
2021-11-16,SH601500,通用股份,5.29,2369300,872290090,1074796667,568567.436843
2021-11-16,SZ300542,新晨科技,13.49,8742222,240440513,300083479,404812.613171
2021-11-16,SZ300536,农尚环境,22.92,4320695,237649083,293288133,672216.400836
2021-11-16,SH600908,无锡银行,5.71,13796575,1763698917,1861674454,1063016.113234
2021-11-16,SZ300546,雄帝科技,16.46,2825600,86564110,135814750,223551.0785
2021-11-16,SH603738,泰晶科技,49.88,8774311,170193798,198667067,990951.330196
2021-11-16,SZ300545,联得装备,23.42,3263875,110256342,177741208,416269.909136
2021-11-16,SZ300547,川环科技,12.02,7928174,176633031,216906174,260721.221148
2021-11-16,SZ300549,优德精密,18.73,3008619,99567500,133340000,249745.82
2021-11-16,SH601128,常熟银行,6.86,27176815,2633592913,2740855925,1880227.16455
2021-11-16,SH603887,城地香江,7.57,3478552,353949157,450706498,341184.818986
2021-11-16,SH603421,鼎信通讯,7.2,1455440,652190511,653192211,470298.39192
2021-11-16,SZ002813,路畅科技,23.78,2554900,56167031,120000000,285360
2021-11-16,SZ300548,长芯博创,31.93,2903876,141657907,173670424,554529.663832
2021-11-16,SZ002815,崇达技术,16.2,24146967,429696050,875638601,1418534.53362
2021-11-16,SH603777,来伊份,12.52,6780813,336559908,336796988,421669.828976
2021-11-16,SH603313,梦百合,18.55,29495755,485299039,486548339,902547.168845
2021-11-16,SH603816,顾家家居,69.95,5081243,630865125,632256725,4422635.791375
2021-11-16,SH603160,汇顶科技,112.55,5099369,457104392,458366518,5158915.16009
2021-11-16,SZ300550,和仁科技,11.24,1176923,261291752,264995441,297854.875684
2021-11-16,SZ300555,ST路通,8.57,2879900,176797041,200000000,171400
2021-11-16,SZ300551,古鳌科技,16.68,4747319,235975310,304047000,507150.396
2021-11-16,SH603859,能科科技,35.34,2106813,132230632,166568333,588652.488822
2021-11-16,SZ300552,万集科技,27.88,2887270,110665911,197928720,551825.27136
2021-11-16,SZ300553,集智股份,33,457260,29557816,48000000,158400
2021-11-16,SZ002816,*ST和科,18.73,1150400,98039306,100000000,187300
2021-11-16,SZ002817,黄山胶囊,9.68,2342373,121949205,213641550,206805.0204
2021-11-16,SH603667,五洲新春,14.5,10810292,263836682,299943970,434918.7565
2021-11-16,SH603258,电魂网络,30.79,12919614,242060700,246722900,759659.8091
2021-11-16,SH600926,杭州银行,14.63,15342048,5060397440,5930200432,8675883.232016
2021-11-16,SH603888,新华网,19.46,8941198,519029360,519029360,1010031.13456
2021-11-16,SH603716,塞力医疗,14.8,4727950,201323345,205018993,303428.10964
2021-11-16,SZ300559,佳发教育,8.16,3255531,298696618,399514567,326003.886672
2021-11-16,SZ300557,理工光科,27.18,424465,55381665,55668540,151307.09172
2021-11-16,SZ300560,中富通,13.46,2407730,189324000,226269812,304559.166952
2021-11-16,SZ300556,丝路视觉,33.11,33162208,88930463,117965576,390584.022136
2021-11-16,SZ300558,贝达药业,89.9,3198717,413686323,414985201,3730716.95699
2021-11-16,SH601882,海天精工,25.25,7989722,522000000,522000000,1318050
2021-11-16,SH603203,快克智能,37,2361801,187840544,190883044,706267.2628
2021-11-16,SH603060,国检集团,19.45,2204120,603680000,603680000,1174157.6
2021-11-16,SZ002818,富森美,12.4,2760859,298412381,748458940,928089.0856
2021-11-16,SH603556,海兴电力,13.81,11323825,488684040,488684040,674872.65924
2021-11-16,SZ002819,东方中科,38.64,880053,139550397,159633456,616823.673984
2021-11-16,SH603977,国泰集团,9.52,9509004,579388355,583242360,555246.72672
2021-11-16,SZ300563,神宇股份,14.3,3070722,122378680,178742666,255602.01238
2021-11-16,SZ300566,激智科技,26.15,3562741,175373736,234167850,612348.92775
2021-11-16,SZ300562,乐心医疗,12.61,4048500,146395915,214477702,270456.382222
2021-11-16,SH601229,上海银行,7.27,15382108,13811663005,14206624966,10328216.350282
2021-11-16,SH603633,徕木股份,14.53,14978094,263501200,263501200,382867.2436
2021-11-16,SZ300561,*ST汇科,10.53,3180313,174773381,328107975,345497.697675
2021-11-16,SH603858,步长制药,18.25,3973884,1141580610,1141580610,2083384.61325
2021-11-16,SZ002821,凯莱英,416.7,1830411,233141420,244661118,10195028.78706
2021-11-16,SZ002820,桂发祥,9.91,1453320,202735721,204800000,202956.8
2021-11-16,SH603987,康德莱,19.18,5094250,437964000,441569000,846929.342
2021-11-16,SH603727,博迈科,19.35,4750469,235805002,288315186,557889.88491
2021-11-16,SZ300565,科信技术,12.26,3716182,161776237,208000000,255008
2021-11-16,SZ300567,精测电子,55.66,5306588,201520149,278143484,1548146.631944
2021-11-16,SH603900,莱绅通灵,6.9,1011200,340473840,340473840,234926.9496
2021-11-16,SZ002823,凯中精密,11.2,7907284,155877610,287088777,321539.43024
2021-11-16,SH603336,宏辉果蔬,7.83,18744863,438674829,438674829,343482.391107
2021-11-16,SZ300569,天能重工,12.66,55195131,568510989,793693851,1004816.415366
2021-11-16,SH603819,神力股份,13.43,5924317,217347987,217730187,292411.641141
2021-11-16,SH603323,苏农银行,4.85,11513045,1439992019,1803070253,874489.072705
2021-11-16,SZ002825,纳尔股份,15.51,3277004,113410599,171221847,265565.084697
2021-11-16,SZ002822,ST中装,5.17,3894400,642994273,720488836,372492.728212
2021-11-16,SH603319,美湖股份,21.68,4240634,160609845,160609845,348202.14396
2021-11-16,SH603660,苏州科达,6.13,2726528,494185456,494185456,302935.684528
2021-11-16,SZ300568,星源材质,45.2,15264169,619071593,718030153,3245496.29156
2021-11-16,SH603559,ST通脉,12.56,4050349,143313207,143313207,180001.387992
2021-11-16,SZ300572,安车检测,19.51,3228900,176169271,228988812,446757.172212
2021-11-16,SH600909,华安证券,5.12,17348046,4697658129,4697658129,2405200.962048
2021-11-16,SZ300570,太辰光,17.85,11996885,193831110,229996800,410544.288
2021-11-16,SH603033,三维股份,27.86,2817362,348433120,596659565,1662293.54809
2021-11-16,SZ300573,兴齐眼药,144.03,1969181,61452875,82332600,1185836.4378
2021-11-16,SH603990,麦迪科技,18.08,3208237,165463488,165463488,299157.986304
2021-11-16,SZ002828,贝肯能源,7.8,4913170,154115790,200987600,156770.328
2021-11-16,SZ002826,易明医药,9.2,2204034,133917562,191190375,175895.145
2021-11-16,SH603036,如通股份,10.15,8766592,205398950,206673000,209773.095
2021-11-16,SZ002827,高争民爆,9.93,1674200,276000000,276000000,274068
2021-11-16,SH603928,兴业股份,10.94,977000,201600000,201600000,220550.4
2021-11-16,SZ002830,名雕股份,9.6,943100,66852500,133340000,128006.4
2021-11-16,SZ002829,星网宇达,34.73,2218300,96198016,154685040,537221.14392
2021-11-16,SZ300571,平治信息,46.55,8751750,96367036,124581650,579927.58075
2021-11-16,SH603708,家家悦,15.44,2331614,608401048,608401048,939371.218112
2021-11-16,SH603585,苏利股份,16.52,833480,180000000,180000000,297360
2021-11-16,SH603389,*ST亚振,5.01,1591200,262752000,262752000,131638.752
2021-11-16,SZ002831,裕同科技,32.9,5405387,519874947,930513553,3061389.58937
2021-11-16,SH603098,森特股份,49.08,3706260,538799978,538799978,2644430.292024
2021-11-16,SH603878,武进不锈,6.44,1137626,400758848,400758848,258088.698112
2021-11-16,SZ300581,晨曦航空,27.48,14485022,309168000,309168000,849593.664
2021-11-16,SH603823,百合花,15.25,2488200,315000000,317725200,484530.93
2021-11-16,SZ300576,容大感光,39.26,4590065,111110474,188104018,738496.374668
2021-11-16,SZ300575,中旗股份,21.9,946936,129993098,207015750,453364.4925
2021-11-16,SZ300577,开润股份,23.18,2381806,129214044,239789378,555831.778204
2021-11-16,SH603416,信捷电气,47.48,1188743,91224840,140560000,667378.88
2021-11-16,SH603577,汇金通,8.49,1708580,245028000,339139100,287929.0959
2021-11-16,SH603058,永吉股份,8.01,6356000,419074400,419074400,335678.5944
2021-11-16,SZ002832,比音勒芬,25.11,2551436,368744872,550034572,1381136.810292
2021-11-16,SZ300579,数字认证,40.08,3858650,174484248,180000000,721440
2021-11-16,SH600996,贵广网络,5.03,26302445,1051702656,1051702656,529006.435968
2021-11-16,SH603298,杭叉集团,17.18,1549995,866395852,866395852,1488468.073736
2021-11-16,SH603218,日月股份,36.99,18911541,965370869,967593089,3579126.836211
2021-11-16,SZ002833,弘亚数控,32.71,4822678,179870810,303020032,991178.524672
2021-11-16,SZ300582,英飞特,27.9,11506200,205852927,296583279,827467.34841
2021-11-16,SZ002835,同为股份,10.45,2809000,125479159,219555402,229435.39509
2021-11-16,SH603886,元祖股份,20.05,5347300,240000000,240000000,481200
2021-11-16,SZ002837,英维克,40.9,7553199,254098326,334315904,1367352.04736
2021-11-16,SZ002836,新宏泽,8.52,1248300,160000000,160000000,136320
2021-11-16,SZ300585,奥联电子,14,4950389,160000000,171111111,239555.5554
2021-11-16,SH603929,亚翔集成,11.2,2180381,213360000,213360000,238963.2
2021-11-16,SH603239,浙江仙通,17.04,5611511,270720000,270720000,461306.88
2021-11-16,SH603186,华正新材,39.58,3078655,140132181,142025312,562136.184896
2021-11-16,SH601375,中原证券,4.65,36942515,3447519700,4642884700,2158941.3855
2021-11-16,SZ300586,美联新材,11.11,14804031,288988505,524473547,582690.110717
2021-11-16,SH603444,吉比特,387.15,2170096,71864552,71864552,2782236.13068
2021-11-16,SZ300588,熙菱信息,12.41,6784720,104954975,163178000,202503.898
2021-11-16,SH603035,常熟汽饰,13.81,13678834,360741294,360741294,498183.727014
2021-11-16,SH603032,德新科技,64.64,2522491,160008000,167338000,1081672.832
2021-11-16,SZ300587,天铁科技,19.18,7290048,475836056,579160729,1110830.278222
2021-11-16,SZ002838,道恩股份,15.39,2161173,347550477,408165546,628166.775294
2021-11-16,SH603228,景旺电子,28.77,4626457,840633701,852137926,2451600.813102
2021-11-16,SZ300583,赛托生物,21.82,556700,104386942,107252567,234025.101194
2021-11-16,SH603877,太平鸟,36.23,2183395,476727790,476727790,1727184.78317
2021-11-16,SZ002840,华统股份,10.88,8720366,436173392,447635792,487027.741696
2021-11-16,SZ300591,万里马,6.4,4786611,224930285,329724410,211023.6224
2021-11-16,SH603689,皖天然气,10.21,3191900,336000000,336000000,343056
2021-11-16,SH603266,天龙股份,11.19,2843664,197713834,198910550,222580.90545
2021-11-16,SH603579,荣泰健康,30.26,819800,137973220,140003220,423649.74372
2021-11-16,SZ300580,贝斯特,22.56,3259395,186520043,200003168,451207.147008
2021-11-16,SZ300590,移为通信,25.15,8399459,210171826,304526999,765885.402485
2021-11-16,SZ300584,海辰药业,16.92,604350,64045251,120000000,203040
2021-11-16,SH603628,清源股份,13.3,6777700,273800000,273800000,364154
2021-11-16,SH603639,海利尔,21.28,2260815,332259906,340008066,723537.164448
2021-11-16,SZ002824,和胜股份,44.93,5212437,113627724,184744770,830058.25161
2021-11-16,SZ300589,江龙船艇,23.01,7077499,102386894,202807800,466660.7478
2021-11-16,SZ300593,新雷能,52.75,3985172,211924930,264863040,1397152.536
2021-11-16,SH603690,至纯科技,57.21,14046981,307746239,318500474,1822141.211754
2021-11-16,SH603039,泛微网络,64.89,1231880,260603073,260603073,1691053.340697
2021-11-16,SH603038,华立股份,13.92,3859074,184131867,206674697,287691.178224
2021-11-16,SZ300595,欧普康视,69.09,14614509,612658753,850508170,5876160.94653
2021-11-16,SH603165,荣晟环保,17.07,9697036,263169621,263169621,449230.543047
2021-11-16,SH603668,天马科技,7.95,6980200,339042752,436164726,346750.95717
2021-11-16,SH601858,中国科传,8.12,2450100,790500000,790500000,641886
2021-11-16,SH603337,杰克科技,25.97,6720230,444488220,445868520,1157920.54644
2021-11-16,SZ002842,翔鹭钨业,9.08,4344227,212201439,273001652,247885.500016
2021-11-16,SZ300596,利安隆,41.36,1687258,185627344,205010420,847923.09712
2021-11-16,SZ002841,视源股份,76.45,2161556,451156544,666549706,5095772.50237
2021-11-16,SZ002843,泰嘉股份,9.82,3560721,209996625,210000000,206220
2021-11-16,SZ300592,华凯易佰,21.99,5202121,95403825,289175621,635897.190579
2021-11-16,SH603037,凯众股份,20.43,4006120,104901350,104901350,214313.45805
2021-11-16,SH603638,艾迪精密,33.7,3755561,782586112,841558502,2836052.15174
2021-11-16,SZ300598,诚迈科技,74.01,8649515,158343282,158360831,1172028.510231
2021-11-16,SZ300597,吉大通信,9.05,5893724,221018840,240000000,217200
2021-11-16,SZ300599,雄塑科技,11.2,0,152825725,358131567,401107.35504
2021-11-16,SH601881,中国银河,10.77,29828244,6446274124,10137258757,10917827.681289
2021-11-16,SH603429,集友股份,27.6,11304241,372566957,380238957,1049459.52132
2021-11-16,SZ002839,张家港行,5.68,21130373,1521758107,1807958723,1026920.554664
2021-11-16,SH603358,华达科技,20.83,4906420,439040000,439040000,914520.32
2021-11-16,SZ300600,国瑞科技,10.33,7652426,227722905,294234480,303944.21784
2021-11-16,SZ300578,会畅科技,29.32,11350751,161354812,199841440,585935.10208
2021-11-16,SZ002845,同兴达,26.64,3845996,159411451,234314304,624213.305856
2021-11-16,SH603966,法兰泰克,8.88,2081868,300319646,300319646,266683.845648
2021-11-16,SZ300603,立昂技术,8.56,2990150,240845076,370098349,316804.186744
2021-11-16,SH603089,正裕工业,8.52,1631800,222497820,222497820,189568.14264
2021-11-16,SZ300602,飞荣达,22.5,5040558,311188109,506361948,1139314.383
2021-11-16,SH603360,百傲化学,14.14,7283208,255885400,261346400,369543.8096
2021-11-16,SH603677,奇精机械,11.38,943222,192138626,192138626,218653.756388
2021-11-16,SH603177,德创环保,14.48,798400,202000000,202000000,292496
2021-11-16,SZ002846,英联股份,7.41,1254160,222713963,318393413,235929.519033
2021-11-16,SZ300601,康泰生物,116.84,14951316,534349745,686956621,8026401.159764
2021-11-16,SZ300606,金太阳,19.97,1728900,55462218,93434000,186587.698
2021-11-16,SZ002847,盐津铺子,82.95,3804181,113295042,129360000,1073041.2
2021-11-16,SH603881,数据港,34.15,8462861,328927197,328927197,1123286.377755
2021-11-16,SH603637,镇海股份,7.19,1258545,243678373,243702033,175221.761727
2021-11-16,SZ300605,恒锋信息,14.53,11997424,102851539,164564624,239112.398672
2021-11-16,SH603626,科森科技,14.01,40941039,485293560,557549390,781126.69539
2021-11-16,SH603040,新坐标,18.89,2220876,133989109,133989109,253105.426901
2021-11-16,SZ300607,拓斯达,16.03,6471769,278177588,426445539,683592.199017
2021-11-16,SH603208,江山欧派,61.97,981476,105060879,105060879,651062.267163
2021-11-16,SZ300608,思特奇,14.64,47309006,163158720,209897723,307290.266472
2021-11-16,SH603330,天洋新材,18.07,4822981,237732774,237732774,429583.122618
2021-11-16,SZ300610,晨化股份,14.37,5790400,159290085,212877000,305904.249
2021-11-16,SH603615,茶花股份,8.23,1106000,241820000,243140000,200104.22
2021-11-16,SZ002848,*ST高斯,8.6,1375900,160759944,167150000,143749
2021-11-16,SH603839,安正时尚,8.24,1206460,400102220,400102220,329684.22928
2021-11-16,SZ300609,汇纳科技,17.6,6269226,90793700,121922390,214583.4064
2021-11-16,SH601212,白银有色,2.69,22173235,7404774511,7404774511,1991884.343459
2021-11-16,SZ300615,欣天科技,13.51,2714260,102652326,188500000,254663.5
2021-11-16,SZ300612,宣亚国际,13.63,1876612,159039975,159039975,216771.485925
2021-11-16,SH603603,退市博天,7.21,38120295,256265738,417784056,301222.304376
2021-11-16,SZ002849,威星智能,12.37,782350,100626589,132356050,163724.43385
2021-11-16,SZ300613,富瀚微,151.8,1831011,113260442,120141045,1823741.0631
2021-11-16,SH603817,海峡环保,5.73,2164100,450167579,450167579,257946.022767
2021-11-16,SZ300611,美力科技,10.37,7801900,121735302,178958052,185579.499924
2021-11-16,SH600939,重庆建工,3.38,4048700,1814540677,1814540677,613314.748826
2021-11-16,SH603345,安井食品,181.78,2377441,240489360,244424360,4443146.01608
2021-11-16,SH603238,诺邦股份,12.26,912525,176030000,179075000,219545.95
2021-11-16,SZ300617,安靠智电,69.3,1577301,64737855,167996636,1164216.68748
2021-11-16,SZ300619,金银河,71.13,8982440,57386129,75450951,536682.614463
2021-11-16,SZ002850,科达利,173.7,4171660,153977312,232920451,4045828.23387
2021-11-16,SZ300618,寒锐钴业,75.16,4298018,221763961,309617139,2327082.416724
2021-11-16,SH603138,海量数据,18.15,15225998,252664524,257528900,467414.9535
2021-11-16,SH603578,三星新材,17.39,3225034,128000192,128394992,223278.891088
2021-11-16,SZ002851,麦格米特,34.26,3302136,405498102,497569343,1704672.569118
2021-11-16,SZ300616,尚品宅配,45.91,2298042,130125262,198675000,912116.925
2021-11-16,SH603908,牧高笛,31.32,1384200,66690000,66690000,208873.08
2021-11-16,SH603991,至正股份,42.37,384500,74534998,74534998,315804.786526
2021-11-16,SH603955,大千生态,12.32,525220,135720000,135720000,167207.04
2021-11-16,SZ002852,道道全,16.07,21723806,215620134,289000000,464423
2021-11-16,SZ002853,皮阿诺,15.79,1526306,114438885,186542748,294550.999092
2021-11-16,SZ300620,光库科技,47.9,3175172,159600948,164062015,785857.05185
2021-11-16,SH603630,拉芳家化,21.6,5020290,225532000,226681000,489630.96
2021-11-16,SH603665,康隆达,25.79,2756068,158245409,158245409,408114.909811
2021-11-16,SH603960,克来机电,38.18,4103621,260169835,260944500,996286.101
2021-11-16,SZ300623,捷捷微电,31.31,16058689,640683322,736711048,2306642.291288
2021-11-16,SH603903,中持股份,10.7,3685560,202303752,202303752,216465.01464
2021-11-16,SH603811,诚意药业,15.36,10630820,233788800,233788800,359099.5968
2021-11-16,SZ300622,博士眼镜,20.25,3344011,106436784,172268571,348843.856275
2021-11-16,SZ300621,维业股份,9.26,1995650,193788623,208056700,192660.5042
2021-11-16,SH603179,新泉股份,39.8,3897388,374847670,374847670,1491893.7266
2021-11-16,SZ300625,三雄极光,14.56,958200,138395802,280000000,407680
2021-11-16,SH603517,ST绝味,68.28,8192365,608630695,614224695,4193926.21746
2021-11-16,SZ300628,亿联网络,78.85,1831317,482208953,902311410,7114725.46785
2021-11-16,SH603133,退市碳元,10.8,4619923,209185200,209185200,225920.016
2021-11-16,SZ300626,华瑞股份,11.79,15887942,135151519,180000000,212220
2021-11-16,SZ002856,美芝股份,10.6,544720,97573033,135312808,143431.57648
2021-11-16,SZ300627,华测导航,43.73,2307633,270412481,377083348,1648985.480804
2021-11-16,SH603656,泰禾智能,11.63,1051200,150471600,153456600,178470.0258
2021-11-16,SZ002855,捷荣技术,8.55,754100,245989232,250612402,214273.60371
2021-11-16,SZ300631,久吾高科,37.73,5010328,110797822,113178697,427023.223781
2021-11-16,SZ002857,三晖电气,18.33,1663500,91057501,128000000,234624
2021-11-16,SH603388,*ST元成,7.09,1645360,285142060,285142060,202165.72054
2021-11-16,SH603768,常青股份,17,1081522,204000000,204000000,346800
2021-11-16,SZ002858,力盛体育,15.95,3431905,97233444,159925838,255081.71161
2021-11-16,SZ300629,新劲刚,31.61,11484450,93046834,139562893,441158.304773
2021-11-16,SZ002774,快意电梯,7.94,7200800,281808185,336687900,267330.1926
2021-11-16,SH603717,天域生物,13.71,2511700,241796240,290146240,397790.49504
2021-11-16,SH603833,欧派家居,129.2,1162468,609151948,609151948,7870243.16816
2021-11-16,SZ300630,普利退,53.61,4966095,322137293,437029897,2342917.277817
2021-11-16,SH603178,圣龙股份,16.02,7642753,200963000,200963000,321942.726
2021-11-16,SH601228,广州港,3.17,5887320,6193180000,6193180000,1963238.06
2021-11-16,SH603303,得邦照明,15.03,3806211,476944575,476944575,716847.696225
2021-11-16,SH603041,美思德,11.63,806140,140882840,140882840,163846.74292
2021-11-16,SZ300635,中达安,16.06,1673838,95925269,136322000,218933.132
2021-11-16,SZ300636,同和药业,16.68,3280754,170801259,205864225,343381.5273
2021-11-16,SH601200,上海环境,12.05,6586432,1121858543,1121858543,1351839.544315
2021-11-16,SH603385,惠达卫浴,9.17,2445180,369396444,384722298,352790.347266
2021-11-16,SZ300632,光莆股份,14.03,4787030,200300396,306169356,429555.606468
2021-11-16,SH603586,金麒麟,11.96,1234670,202113700,203458700,243336.6052
2021-11-16,SZ300633,开立医疗,30.9,5439421,400010000,401920000,1241932.8
2021-11-16,SH603538,美诺华,32.3,3496104,149575492,149588792,483171.79816
2021-11-16,SZ002859,洁美科技,30.37,4364404,402853457,410020559,1245232.437683
2021-11-16,SH603078,江化微,29.82,11064708,195972241,195972241,584389.222662
2021-11-16,SH603906,龙蟠科技,49.33,14864308,482091352,482091352,2378156.639416
2021-11-16,SZ002862,实丰文化,14.69,3687500,83427083,120000000,176280
2021-11-16,SZ002860,星帅尔,23.75,20761814,146446212,203507210,483329.62375
2021-11-16,SH601366,利群股份,5.98,1184442,834038468,860518810,514590.24838
2021-11-16,SZ300637,扬帆新材,8.23,2003350,234179370,234750130,193199.35699
2021-11-16,SZ300639,凯普生物,28.35,4472774,288667699,293893744,833188.76424
2021-11-16,SZ300638,广和通,51.95,3548611,257384134,413350127,2147353.909765
2021-11-16,SH603797,联泰环保,6.84,2030253,449807681,584061318,399497.941512
2021-11-16,SZ002861,瀛通通讯,11.95,728410,107981128,156762620,187331.3309
2021-11-16,SH603826,坤彩科技,36.76,919180,468000000,468000000,1720368
2021-11-16,SH603050,科林电气,19.99,26106667,162210100,162210100,324257.9899
2021-11-16,SZ300640,德艺文创,7.08,55102104,187915100,286850254,203089.979832
2021-11-16,SZ300604,长川科技,46.88,14573775,427456973,604328728,2833093.076864
2021-11-16,SZ002863,今飞凯达,5.79,16146104,498814864,498814864,288813.806256
2021-11-16,SZ300641,正丹股份,6.61,5355133,489600665,489600665,323626.039565
2021-11-16,SH603225,新凤鸣,13.42,11810174,1504522907,1529567440,2052679.50448
2021-11-16,SH603803,瑞斯康达,6.62,3730478,421055557,421055557,278738.778734
2021-11-16,SH603081,大丰实业,10.69,1442843,401813457,401813457,429538.585533
2021-11-16,SH603232,格尔软件,14.69,2912540,231722033,231722033,340399.666477
2021-11-16,SZ300645,正元智慧,21.01,1880948,127647515,127647515,268187.429015
2021-11-16,SZ300554,三超新材,15.96,1270100,52836935,93613367,149406.933732
2021-11-16,SZ300642,透景生命,28.85,2119578,138672864,163922139,472915.371015
2021-11-16,SH603139,康惠股份,18.84,1322895,99880000,99880000,188173.92
2021-11-16,SH603096,新经典,28.1,1733372,162503585,162503585,456635.07385
2021-11-16,SZ002865,钧达股份,52.92,4824907,131008540,134816890,713450.98188
2021-11-16,SZ300648,星云股份,58.66,6831375,92276121,147783896,866900.333936
2021-11-16,SH603920,世运电路,22.26,16562499,529449266,532241276,1184769.080376
2021-11-16,SZ002866,传艺科技,12.58,2071500,171298806,287655011,361870.003838
2021-11-16,SZ300514,友讯达,13.61,12908500,152912000,200000000,272200
2021-11-16,SZ002867,周大生,18.63,5214580,1078235755,1096223401,2042264.196063
2021-11-16,SH603787,新日股份,16.96,1336459,204000000,204000000,345984
2021-11-16,SH603320,迪贝电气,12.83,2652560,130009525,130009525,166802.220575
2021-11-16,SZ300647,超频三,8.5,7469769,416872550,430618755,366025.94175
2021-11-16,SZ002868,*ST绿康,9.78,565318,155415837,155415837,151996.688586
2021-11-16,SZ300650,太龙股份,25.4,5823734,56809490,128574439,326579.07506
2021-11-16,SH603505,金石资源,37.17,9532663,309420968,311603408,1158229.867536
2021-11-16,SH603501,豪威集团,267.23,5583191,786890399,869104488,23225079.232824
2021-11-16,SZ300643,万通智控,13.96,15693291,200000000,230000000,321080
2021-11-16,SZ300649,杭州园林,15.65,1248600,103271450,132416609,207231.993085
2021-11-16,SH603985,恒润股份,53.96,8958405,264992000,339121541,1829899.835236
2021-11-16,SH603229,奥翔药业,35.46,5620168,283571904,287047646,1017870.952716
2021-11-16,SZ300651,金陵体育,29.2,1898865,72705239,128747077,375941.46484
2021-11-16,SH603728,鸣志电器,18.87,10085938,416000000,420165000,792851.355
2021-11-16,SH603926,铁流股份,16.8,3037070,160201600,176563485,296626.6548
2021-11-16,SH603896,寿仙谷,43.22,1296135,152319370,152319370,658324.31714
2021-11-16,SH603113,金能科技,13.79,7627174,723663026,855069070,1179140.24753
2021-11-16,SH603086,先达股份,9.59,2225932,220059700,221886000,212788.674
2021-11-16,SZ002871,伟隆股份,10.12,1054090,85570175,169186000,171216.232
2021-11-16,SH603180,金牌家居,32.45,1408242,143212943,154382664,500971.74468
2021-11-16,SZ002870,香山股份,42.3,5345956,56717925,110670000,468134.1
2021-11-16,SH601952,苏垦农发,11.8,24630546,1378000000,1378000000,1626040
2021-11-16,SZ002869,金溢科技,15.47,3668542,155219292,180148557,278689.817679
2021-11-16,SH603488,展鹏科技,8.59,15247415,291990440,291990440,250819.78796
2021-11-16,SZ300652,雷迪克,21,4232079,83506630,94080674,197569.4154
2021-11-16,SZ300653,正海生物,61.51,3599496,120000000,120000000,738120
2021-11-16,SH603758,秦安股份,8.51,1236200,438797049,438797049,373416.288699
2021-11-16,SH603269,海鸥股份,12.45,1826271,112518866,112518866,140085.98817
2021-11-16,SZ002872,ST天圣,4.55,1373832,215038268,318000000,144690
2021-11-16,SZ300656,民德电子,48.18,2288880,82715623,119790000,577148.22
2021-11-16,SZ002873,新天药业,13.92,14319097,155095837,164027885,228326.81592
2021-11-16,SH603197,保隆科技,37.99,4529207,201859610,207805908,789454.644492
2021-11-16,SH603383,顶点软件,35.11,2153100,168250516,168250516,590727.561676
2021-11-16,SZ300657,弘信电子,17.88,18884491,422869854,445053082,795754.910616
2021-11-16,SZ300655,晶瑞电材,43.38,18386260,287204549,340635122,1477675.159236
2021-11-16,SH603855,华荣股份,23.2,3882402,333502000,337598000,783227.36
2021-11-16,SZ002876,三利谱,56.79,3577999,143390515,173884932,987492.528828
2021-11-16,SH603580,*ST艾艾,11.13,2460851,130673200,130673200,145439.2716
2021-11-16,SZ300659,中孚信息,38.54,3006283,148628277,226618285,873386.87039
2021-11-16,SH603196,日播时尚,6.97,3134200,236716000,240000000,167280
2021-11-16,SZ002875,安奈儿,8.88,1302149,79336370,170315462,151240.130256
2021-11-16,SH603200,上海洗霸,22.45,2318819,125296539,125296539,281290.730055
2021-11-16,SZ300658,延江股份,10.39,1133975,135542159,227655000,236533.545
2021-11-16,SH603042,华脉科技,12.19,966600,136000000,160589840,195759.01496
2021-11-16,SZ300660,江苏雷利,34.16,7201620,124103897,259340468,885907.038688
2021-11-16,SZ002877,智能自控,6.49,1553400,205864311,332524102,215808.142198
2021-11-16,SZ300661,圣邦股份,344.31,1947175,219309652,235563286,8110679.500266
2021-11-16,SZ002878,元隆雅图,17.3,10317246,188317565,221414107,383046.40511
2021-11-16,SH600732,爱旭股份,23.64,34289780,652824037,2036329187,4813882.198068
2021-11-16,SH603496,恒为科技,14.51,2170141,198867502,227978929,330797.425979
2021-11-16,SZ300662,科锐国际,60.62,699800,180867840,196887795,1193533.81329
2021-11-16,SZ300663,科蓝软件,17.16,14916644,340510611,466488417,800494.123572
2021-11-16,SH603536,惠发食品,9.84,3077120,168000000,171873000,169123.032
2021-11-16,SH603767,中马传动,7.27,2163280,301628000,305981000,222448.187
2021-11-16,SZ300665,飞鹿股份,9.19,2879429,128954235,173397555,159352.353045
2021-11-16,SH603879,永悦科技,6.4,2533600,362314440,362314440,231881.2416
2021-11-16,SZ300666,江丰电子,44.02,3391970,151937005,225164358,991173.503916
2021-11-16,SH603980,吉华集团,6.12,2814020,700000000,700000000,428400
2021-11-16,SH603226,菲林格尔,7.07,1305853,273455208,273455208,193332.832056
2021-11-16,SZ002880,卫光生物,31.68,1287913,226800000,226800000,718502.4
2021-11-16,SH603326,我乐家居,9.6,2525034,315417970,322069200,309186.432
2021-11-16,SH603316,诚邦股份,5.15,2291900,264264000,264264000,136095.96
2021-11-16,SZ300667,必创科技,24.42,2776551,145964839,200840639,490452.840438
2021-11-16,SZ300668,杰恩设计,15.87,4848600,56072201,105400000,167269.8
2021-11-16,SH603335,迪生力,5.04,11171476,428144600,428144600,215784.8784
2021-11-16,SZ002883,中设股份,10.33,743090,89326002,130257852,134556.361116
2021-11-16,SH603679,华体科技,13.92,2070300,141570657,142011657,197680.226544
2021-11-16,SH603380,易德龙,38.3,3734546,160000000,161289000,617736.87
2021-11-16,SZ002881,美格智能,50.81,5178412,103477150,184490000,937393.69
2021-11-16,SH601878,浙商证券,12.25,43037226,3614044514,3878168795,4750756.773875
2021-11-16,SZ002885,京泉华,27.6,19196321,118413013,180000000,496800
2021-11-16,SH603043,广州酒家,24.3,3562345,565594658,565594658,1374395.01894
2021-11-16,SZ002886,沃特股份,25.26,3785825,172112803,226573529,572324.734254
2021-11-16,SH603286,日盈电子,21.46,18331928,88076000,89126000,191264.396
2021-11-16,SH603938,三孚股份,39.68,5686974,195216580,195216580,774619.38944
2021-11-16,SZ300669,沪宁股份,18.12,897300,100679946,111051892,201226.028304
2021-11-16,SH603801,志邦家居,22.96,3413990,308529458,312308758,717060.908368
2021-11-16,SH603617,君禾股份,12.77,9159268,199460557,199460557,254711.131289
2021-11-16,SZ300670,大烨智能,12.12,44628271,211486517,316587479,383704.024548
2021-11-16,SH603331,百达精工,11.46,691487,178159037,178159037,204170.256402
2021-11-16,SZ300671,富满微,79.15,10040365,203946447,204952494,1622198.99001
2021-11-16,SH603933,睿能科技,13.58,2575077,201233200,210077200,285284.8376
2021-11-16,SZ002879,长缆科技,22.87,8373971,133941071,193107640,441637.17268
2021-11-16,SH603305,旭升集团,45.95,7148973,447038482,447038482,2054141.82479
2021-11-16,SH603757,大元泵业,16.39,1182300,164248000,168306000,275853.534
2021-11-16,SZ002884,凌霄泵业,23.17,2085460,270996640,355597743,823919.970531
2021-11-16,SZ300673,佩蒂股份,19.33,9189812,162384480,253411200,489843.8496
2021-11-16,SZ300672,国科微,216.9,3951484,173072403,180107101,3906523.02069
2021-11-16,SH603595,ST东尼,42,11126677,161319108,212925243,894286.0206
2021-11-16,SZ300676,华大基因,92.99,5798136,261729357,413914325,3848989.308175
2021-11-16,SH603387,基蛋生物,18.13,2636876,363813302,363813302,659593.516526
2021-11-16,SZ002882,金龙羽,12.15,9092250,431137500,432900000,525973.5
2021-11-16,SH603612,索通发展,18.62,13849207,430491299,459935734,856400.336708
2021-11-16,SZ300675,建科院,14.53,1183430,146666700,146666700,213106.7151
2021-11-16,SH603707,健友股份,42.65,8061227,1214111271,1216856936,5189894.83204
2021-11-16,SH601619,嘉泽新能,5.1,41805694,2349523612,2418393612,1233380.74212
2021-11-16,SH603676,卫信康,8.23,1560600,423000000,434459000,357559.757
2021-11-16,SZ300677,英科医疗,57.89,24306210,378262595,549563392,3181422.476288
2021-11-16,SZ002888,惠威科技,12.51,2561520,75191926,149611680,187164.21168
2021-11-16,SZ300680,隆盛科技,33.05,5197829,139867756,201851388,667118.83734
2021-11-16,SZ300681,英搏尔,106,2854700,43335000,75600000,801360
2021-11-16,SH603063,禾望电气,37.4,17933624,433411900,436405900,1632158.066
2021-11-16,SZ300678,中科信息,17.56,1937580,180000000,180000000,316080
2021-11-16,SH603730,岱美股份,23.78,9185438,724415505,724415505,1722660.07089
2021-11-16,SZ002889,东方嘉盛,24.48,833800,89788004,138101429,338072.298192
2021-11-16,SH603233,大参林,37.75,2729136,787609979,790346579,2983558.335725
2021-11-16,SH600710,苏美达,6.52,12768112,1306749434,1306749434,852000.630968
2021-11-16,SZ300679,电连技术,50.1,9521289,310249661,421200000,2110212
2021-11-16,SH603357,设计总院,8.61,2249314,454542698,454542698,391361.262978
2021-11-16,SZ300682,朗新科技,35.98,6886400,725754787,1039777220,3741118.43756
2021-11-16,SZ002887,绿茵生态,9.46,1130495,160263480,312000000,295152
2021-11-16,SH603860,中公高科,20.6,331800,66680000,66680000,137360.8
2021-11-16,SH603825,ST华扬,18.53,7743900,226399672,253336552,469432.630856
2021-11-16,SZ300685,艾德生物,81.28,2218977,219598800,221722500,1802160.48
2021-11-16,SZ002890,弘宇股份,16.06,1208180,67037686,93338000,149900.828
2021-11-16,SZ300687,赛意信息,27.01,4533176,271783758,369695780,998548.30178
2021-11-16,SZ300686,智动力,14.48,4141000,198366085,265624240,384623.89952
2021-11-16,SH603880,南卫股份,6.24,2043988,285610000,292734000,182666.016
2021-11-16,SH603978,深圳新星,24.89,6915172,160006753,160006753,398256.808217
2021-11-16,SH603535,嘉诚国际,31.05,554600,150400000,160860576,499472.08848
2021-11-16,SZ300683,海特生物,49.02,1408700,95057790,122104165,598554.61683
2021-11-16,SZ300690,双一科技,28.31,14131382,108722198,166317757,470845.570067
2021-11-16,SZ300689,澄天伟业,21.63,750390,97271861,115600000,250042.8
2021-11-16,SH603458,勘设股份,13.15,22338142,307574807,313869212,412738.01378
2021-11-16,SZ300688,创业黑马,40.37,18862489,88126383,109208976,440876.636112
2021-11-16,SH603602,纵横通信,9.36,2153272,203848713,203848713,190802.395368
2021-11-16,SZ300691,联合光电,25.25,43589429,183058148,225560616,569540.5554
2021-11-16,SH603721,*ST天择,14.99,8480751,130000000,130000000,194870
2021-11-16,SH601326,秦港股份,2.65,6702949,4757559000,5587412000,1480664.18
2021-11-16,SH603776,永安行,16.66,2457786,232743867,233444067,388917.815622
2021-11-16,SZ002892,科力尔,24.73,1823040,116144945,225009666,556448.904018
2021-11-16,SH603129,春风动力,176.58,1307604,134377300,150077374,2650066.270092
2021-11-16,SH603557,ST起步,5.91,25392002,494031909,496012909,293143.629219
2021-11-16,SH601949,中国出版,5.67,6344800,1822500000,1822500000,1033357.5
2021-11-16,SZ002891,中宠股份,33.59,9527665,294105948,294112698,987924.552582
2021-11-16,SZ300692,中赋科技,8.05,16636073,374573514,423750439,341119.103395
2021-11-16,SH603976,正川股份,34.95,4145960,151200000,151200000,528444
2021-11-16,SZ300693,盛弘股份,44.9,12174946,140687778,205275493,921686.96357
2021-11-16,SZ300696,爱乐达,51.01,3981488,142737177,244297078,1246159.394878
2021-11-16,SH603079,圣达生物,17.27,1890282,171188958,171188958,295643.330466
2021-11-16,SH603181,皇马科技,16.82,8827569,588700000,588700000,990193.4
2021-11-16,SH603127,昭衍新药,138,3010677,319635099,380613356,5252464.3128
2021-11-16,SZ002895,川恒股份,27.68,17460900,483820000,488423000,1351954.864
2021-11-16,SZ002896,中大力德,21.96,1027274,104000000,104000000,228384
2021-11-16,SZ300698,万马科技,25.62,3079530,99571277,134000000,343308
2021-11-16,SH603359,东珠生态,13.57,7687916,446096000,446096000,605352.272
2021-11-16,SZ300699,光威复材,76.61,8486386,508116843,518350000,3971079.35
2021-11-16,SH603500,祥和实业,8.96,4655490,245548776,245548776,220011.703296
2021-11-16,SH603183,建研院,5.37,3809625,394088495,417369292,224127.309804
2021-11-16,SH603725,天安新材,7.37,2295280,205352000,209442000,154358.754
2021-11-16,SZ300697,电工合金,12.08,3813672,220455040,332800000,402022.4
2021-11-16,SH603527,众源新材,11.15,6467569,243824000,243824000,271863.76
2021-11-16,SZ002897,意华股份,44.3,4054807,157788283,170672000,756076.96
2021-11-16,SH603882,金域医学,111.32,2397323,460835077,463958775,5164789.0833
2021-11-16,SZ300695,兆丰股份,54.35,405800,66677700,66677700,362393.2995
2021-11-16,SH603277,银都股份,19.63,3308200,408172500,420220000,824891.86
2021-11-16,SZ300700,岱勒新材,13.34,2984160,77228202,107137593,142921.549062
2021-11-16,SZ002898,*ST赛隆,9.46,561650,100985061,176000000,166496
2021-11-16,SH603386,骏亚科技,24.55,13877200,221957568,234411783,575480.927265
2021-11-16,SH603648,畅联股份,8.24,1837300,368666700,368666700,303781.3608
2021-11-16,SZ300701,森霸传感,18.79,8693339,180000000,180000000,338220
2021-11-16,SZ002899,英派斯,14.2,1777064,119998875,120000000,170400
2021-11-16,SH603321,梅轮电梯,6.66,969226,307000000,307000000,204462
2021-11-16,SZ002893,京能热力,8.81,6633674,201769119,202800000,178666.8
2021-11-16,SH603813,*ST原尚,13.87,713270,88782000,88782000,123140.634
2021-11-16,SZ300703,创源股份,10.87,14115625,172053470,183775140,199763.57718
2021-11-16,SZ300702,天宇股份,49.18,9959365,211843333,347977159,1711351.667962
2021-11-16,SH603106,恒银科技,5.1,1803325,520520000,520520000,265465.2
2021-11-16,SH603055,台华新材,17.77,8951540,800687920,864890388,1536910.219476
2021-11-16,SH603533,掌阅科技,22.24,13852846,438896835,438896835,976106.56104
2021-11-16,SZ002901,大博医疗,49.5,1608646,340608624,405139820,2005442.109
2021-11-16,SZ002900,哈三联,22.2,13078940,170473425,316600050,702852.111
2021-11-16,SH603963,*ST大药,6.93,572400,219700000,219700000,152252.1
2021-11-16,SH603157,退市拉夏,2.37,2770039,332603027,547671642,129798.179154
2021-11-16,SZ300706,阿石创,27.9,4081149,81613930,152852499,426458.47221
2021-11-16,SZ300654,世纪天鸿,7.81,2337850,173606599,182032500,142167.3825
2021-11-16,SH603363,傲农生物,11.81,13909562,636885618,685278713,809314.160053
2021-11-16,SH603136,天目湖,15.62,1607580,186294283,186294283,290991.670046
2021-11-16,SH603378,亚士创能,28.49,6358136,279092565,298951327,851712.330623
2021-11-16,SH603367,辰欣药业,12.3,1269300,448278000,453353000,557624.19
2021-11-16,SH601086,国芳集团,3.55,1276670,666000000,666000000,236430
2021-11-16,SZ002902,铭普光磁,14.67,7801750,132249535,210000000,308070
2021-11-16,SZ300705,九典制药,23.7,3319991,141612758,234680000,556191.6
2021-11-16,SZ300707,威唐工业,22.3,15985877,111281637,157069811,350265.67853
2021-11-16,SH603103,横店影视,12.15,1951470,634200000,634200000,770553
2021-11-16,SH603110,东方材料,32.1,696940,201226732,201226732,645937.80972
2021-11-16,SZ002903,宇环数控,16.37,4366750,91290801,152350000,249396.95
2021-11-16,SZ002906,华阳集团,46.14,4431524,472050931,474170910,2187824.57874
2021-11-16,SH603499,翔港科技,7.82,1074413,201089029,201239949,157369.640118
2021-11-16,SZ300708,聚灿光电,17.87,14332055,349878475,543631746,971469.930102
2021-11-16,SZ002905,金逸影视,6.55,1855564,349440000,376320000,246489.6
2021-11-16,SH603829,洛凯股份,11.15,2106938,160000000,160000000,178400
2021-11-16,SH603396,金辰股份,124,3864151,105779334,115999882,1438398.5368
2021-11-16,SZ300709,精研科技,58.34,4299548,106829865,138632955,808784.65947
2021-11-16,SZ300710,万隆光电,59.6,2532100,44128920,68614000,408939.44
2021-11-16,SZ002908,德生科技,14.44,3819197,147876228,200831050,290000.0362
2021-11-16,SH603466,风语筑,20.43,17919685,419786665,421966015,862076.568645
2021-11-16,SZ002907,华森制药,11.68,795900,284289871,401688625,469172.314
2021-11-16,SH603683,晶华新材,14.23,6717720,177338000,183129000,260592.567
2021-11-16,SH603922,金鸿顺,23.18,7093100,128000000,128000000,296704
2021-11-16,SH601108,财通证券,10.3,29897070,3589013157,3589013157,3696683.55171
2021-11-16,SH603607,京华激光,14.95,1770363,178516800,178516800,266882.616
2021-11-16,SH603722,阿科力,48.68,913731,87021750,87937500,428079.75
2021-11-16,SZ002909,集泰股份,6.77,3415160,348155344,372752452,252353.410004
2021-11-16,SZ300715,凯伦股份,19.4,2531420,276990743,389922028,756448.73432
2021-11-16,SH603260,合盛硅业,158,7132412,938000000,1074165577,16971816.1166
2021-11-16,SZ002910,庄园牧场,11.58,7381209,171061950,232381032,269097.235056
2021-11-16,SZ300712,永福股份,61.03,5485095,182104000,182104000,1111380.712
2021-11-16,SH603289,泰瑞机器,9.18,1773800,265721200,295721200,271472.0616
2021-11-16,SZ300713,英可瑞,20.84,8720409,90487702.8,157781250,328816.125
2021-11-16,SZ300711,广哈通信,14.23,3024800,206488513,207642172,295474.810756
2021-11-16,SH603912,佳力图,13.73,2261850,216890218,216917758,297828.081734
2021-11-16,SH603937,丽岛新材,10.3,1630000,208880000,208880000,215146.4
2021-11-16,SH603659,璞泰来,172.01,4811281,692362915,694439710,11945057.45171
2021-11-16,SH603856,东宏股份,12.53,3178300,256414600,258034600,323317.3538
2021-11-16,SH603507,振江股份,47.6,7104847,124406400,125631400,598005.464
2021-11-16,SZ300717,华信新材,14.96,1314700,101478400,102400000,153190.4
2021-11-16,SZ300720,海川智能,14.84,6109870,99644580,194400000,288489.6
2021-11-16,SZ300718,长盛轴承,20.01,16583702,168301610,297222000,594741.222
2021-11-16,SH600903,贵州燃气,9.82,6225823,1138185027,1138185027,1117697.696514
2021-11-16,SZ300719,安达维尔,13.49,7507600,181126132,254029250,342685.45825
2021-11-16,SZ300716,ST泉为,9.33,4135800,160020000,160020000,149298.66
2021-11-16,SH603916,苏博特,17.76,2722956,418544798,420308798,746468.425248
2021-11-16,SH603083,剑桥科技,12.76,3307861,252220566,252220566,321833.442216
2021-11-16,SZ300722,新余国科,42.04,5479591,174720000,174720000,734522.88
2021-11-16,SZ300725,药石科技,144.55,2706704,163518647,199699696,2886659.10568
2021-11-16,SH603076,乐惠国际,37.34,2360060,120701344,120701344,450698.818496
2021-11-16,SH603278,大业股份,10.15,13733816,286792160,289956660,294306.0099
2021-11-16,SZ300721,怡达股份,48.33,954371,79350000,85761967,414487.586511
2021-11-16,SH603605,珀莱雅,192.24,954686,200662765,201116925,3866271.7662
2021-11-16,SZ300723,一品红,33.62,1921886,124341073,288033713,968369.343106
2021-11-16,SZ002864,盘龙药业,24.11,1748200,55299863,86670000,208961.37
2021-11-16,SH603970,中农立华,21.5,2608672,95520096,192000096,412800.2064
2021-11-16,SH603619,中曼石油,12.55,8478900,400000100,400000100,502000.1255
2021-11-16,SH600933,爱柯迪,16.55,6149000,858626950,860984000,1424928.52
2021-11-16,SH603365,水星家纺,15.83,1610722,266670000,266670000,422138.61
2021-11-16,SZ300726,宏达电子,84.32,3681641,183232906,400100000,3373643.2
2021-11-16,SZ002912,中新赛克,31.3,675309,117004960,175071680,547974.3584
2021-11-16,SH603661,恒林股份,41.5,1549900,100000000,100000000,415000
2021-11-16,SZ002911,佛燃能源,10.18,4402119,944695866,945200000,962213.6
2021-11-16,SH601019,山东出版,5.67,4334800,2086900000,2086900000,1183272.3
2021-11-16,SH603685,晨丰科技,11.92,884769,169000000,169000000,201448
2021-11-16,SZ300727,润禾材料,29.68,2772772,112628815,126880000,376579.84
2021-11-16,SH603809,豪能股份,20.2,5187253,296461480,302887480,611832.7096
2021-11-16,SH603711,香飘飘,16.17,1774600,406526600,416450600,673400.6202
2021-11-16,SZ002913,奥士康,74.72,2649653,128831662,158774182,1186360.687904
2021-11-16,SH603848,好太太,13.79,1343600,401000000,401000000,552979
2021-11-16,SZ300729,乐歌股份,32.59,4682093,173871957,220320049,718023.039691
2021-11-16,SH603917,合力科技,21.45,14943064,156800000,156800000,336336
2021-11-16,SZ002915,中欣氟材,31.55,5405439,147783714,233755411,737498.321705
2021-11-16,SZ300730,科创信息,15.55,2707840,117716352,159656898,248266.47639
2021-11-16,SZ300731,科创新源,38.25,4694980,117703792,125088307,478462.774275
2021-11-16,SZ002917,金奥博,8.15,1010200,185806500,271344000,221145.36
2021-11-16,SH603890,春秋电子,12.07,2757220,387090806,439158125,530063.856875
2021-11-16,SZ300732,设研院,11.5,3776909,267806970,275296402,316590.8623
2021-11-16,SZ002916,深南电路,111.01,5615733,483408660,489315846,5431895.206446
2021-11-16,SH600025,华能水电,6.12,77139925,18000000000,18000000000,11016000
2021-11-16,SZ002919,名臣健康,44.16,906300,67857620,122135745,539351.44992
2021-11-16,SH603477,巨星农牧,13.41,10059219,443547506,506093443,678671.307063
2021-11-16,SZ000155,川能动力,24.25,44742000,1270000000,1270000000,3079750
2021-11-16,SZ002918,蒙娜丽莎,21.46,4259700,214174491,414311940,889113.42324
2021-11-16,SH603283,赛腾股份,31.27,5357057,178875208,181931098,568898.543446
2021-11-16,SZ001965,招商公路,7.12,4129192,1932804493,6178230373,4398900.025576
2021-11-16,SZ002920,德赛西威,108.26,2107685,549850000,550000000,5954300
2021-11-16,SZ300684,中石科技,19.82,13251347,171907422,280929920,556803.10144
2021-11-16,SZ002921,联诚精密,15.39,1623636,81816267,106080762,163258.292718
2021-11-16,SZ300735,光弘科技,14.91,15213799,750391959,774621120,1154960.08992
2021-11-16,SZ002922,伊戈尔,22.32,30161351,276807771,296320455,661387.25556
2021-11-16,SH603655,朗博科技,23.85,3657800,106000000,106000000,252810
2021-11-16,SH603329,上海雅仕,13.31,1953800,154623964,158756195,211304.495545
2021-11-16,SH603080,新疆火炬,15.08,5143887,141500000,141500000,213382
2021-11-16,SH603161,科华控股,14.24,4303200,133400000,133400000,189961.6
2021-11-16,SZ300664,鹏鹞环保,6.44,9797641,704473050,714244800,459973.6512
2021-11-16,SZ002923,润都股份,32.19,3463810,141542545,185709650,597799.36335
2021-11-16,SZ300736,百邦科技,12.9,4615840,104444449,130273360,168052.6344
2021-11-16,SZ002925,盈趣科技,32.5,2915901,730854236,781706749,2540546.93425
2021-11-16,SZ300733,西菱动力,22.68,2467908,118864115,171399371,388733.773428
2021-11-16,SH603056,德邦股份,10.22,4229700,960000000,1026957470,1049550.53434
2021-11-16,SH601828,美凯龙,8.7,5550190,3163714366,4354732673,3788617.42551
2021-11-16,SZ300624,万兴科技,51.08,9204278,110673130,129947040,663769.48032
2021-11-16,SZ300738,奥飞数据,21.2,6442987,378339854,381644654,809086.66648
2021-11-16,SH603895,天永智能,18.75,1259879,108080000,108080000,202650
2021-11-16,SH603356,华菱精工,13.73,3851400,133340000,133340000,183075.82
2021-11-16,SZ300737,科顺股份,14.05,7563713,845816077,1145867580,1609943.9499
2021-11-16,SH601838,成都银行,11.87,10998549,3599710164,3612251334,4287742.333458
2021-11-16,SH603506,南都物业,15.2,1057300,187777779,187777779,285422.22408
2021-11-16,SZ300739,明阳电路,21,21593681,288238762,294784762,619048.0002
2021-11-16,SH603516,淳中科技,18.04,2370960,184315176,186554476,336544.274704
2021-11-16,SZ002926,华西证券,9.21,9414212,2625000000,2625000000,2417625
2021-11-16,SZ300644,南京聚隆,19.05,2735652,94988965,108728000,207126.84
2021-11-16,SH603871,嘉友国际,19.43,1283123,285384660,285384660,554502.39438
2021-11-16,SZ300740,水羊股份,16.87,5711673,376998630,411060477,693459.024699
2021-11-16,SH603709,中源家居,16.15,1040800,80000000,80000000,129200
2021-11-16,SH603156,养元饮品,30.68,4963746,1265493600,1265493600,3882534.3648
2021-11-16,SZ002927,泰永长征,13,5928732,222358240,223355600,290362.28
2021-11-16,SH603712,七一二,38.7,4890566,772000000,772000000,2987640
2021-11-16,SH603680,今创集团,8.45,1298019,783718767,789862437,667433.759265
2021-11-16,SH601360,三六零,12.18,54351320,7145363197,7145363197,8703052.373946
2021-11-16,SZ002929,润建股份,34.63,4317276,161940825,220752574,764466.163762
2021-11-16,SH600901,江苏金租,5.1,14318306,2957490012,2986649968,1523191.48368
2021-11-16,SZ300741,华宝股份,51.63,6104767,615877150,615880000,3179788.44
2021-11-16,SH603059,倍加洁,21.07,495600,100000000,100000000,210700
2021-11-16,SZ002928,华夏航空,11.73,4000680,1013567644,1013567644,1188914.846412
2021-11-16,SZ300634,彩讯股份,18.44,10577125,375623750,444011100,818756.4684
2021-11-16,SH600929,雪天盐业,6.91,6766551,917777376,931897376,643941.086816
2021-11-16,SZ002930,宏川智慧,22.45,3767235,421619410,446639977,1002706.748365
2021-11-16,SZ300504,天邑股份,19.05,9566000,208739295,271900000,517969.5
2021-11-16,SH603214,爱婴室,20.23,1232720,140516936,141549576,286354.792248
2021-11-16,SZ002931,锋龙股份,15.13,2488969,178662112,199139126,301297.497638
2021-11-16,SH603897,长城科技,54.7,9207771,183413673,183413673,1003272.79131
2021-11-16,SH603301,振德医疗,44.29,7915320,227204736,227204736,1006289.775744
2021-11-16,SH603773,沃格光电,17.77,522828,122355713,122355713,217426.102001
2021-11-16,SH603876,鼎胜新材,39.14,8486918,483660730,483660730,1893048.09722
2021-11-16,SH603733,仙鹤股份,38.78,3101491,705972266,705972266,2737760.447548
2021-11-16,SH603348,文灿股份,44.63,5798803,257427641,262167641,1170054.181783
2021-11-16,SH603596,伯特利,66.2,8204996,406626000,408446000,2703912.52
2021-11-16,SZ300743,天地数码,10.8,1855696,98171506,138535260,149618.0808
2021-11-16,SZ300742,越博退,34.2,4051900,77832320,78498570,268465.1094
2021-11-16,SH603259,药明康德,136.48,30805682,2546640944,2955534494,40337134.774112
2021-11-16,SH603013,亚普股份,15.41,3505100,510000000,514104833,792235.547653
2021-11-16,SZ300454,深信服,206.49,1211279,266326628,413831888,8545214.655312
2021-11-16,SH603045,福达合金,16.76,6839826,137620000,137620000,230651.12
2021-11-16,SZ300745,欣锐科技,68.33,14341687,86398638,123306878,842555.897374
2021-11-16,SZ300746,汉嘉数智,13.97,5795811,212514261,225738328,315356.444216
2021-11-16,SH603486,科沃斯,174.36,3639737,561019625,572023875,9973808.2845
2021-11-16,SH601138,工业富联,11.81,27226522,3040695505,19867281116,23463258.997996
2021-11-16,SH601330,绿色动力,9.36,19912967,896184208,1393440000,1304259.84
2021-11-16,SZ300750,宁德时代,614.97,8433513,2038656510,2330851200,143340356.2464
2021-11-16,SH603666,亿嘉和,73,3530549,205344804,206728564,1509118.5172
2021-11-16,SH601990,南京证券,9.69,14879068,3619930567,3686361034,3572083.841946
2021-11-16,SH601066,中信建投,28.56,20103289,3811362018,7756694797,22153120.340232
2021-11-16,SH603587,地素时尚,18.7,2126894,157606296,481200000,899844
2021-11-16,SZ300747,锐科激光,58.55,3322758,376087080,436023500,2552917.5925
2021-11-16,SH603650,彤程新材,56.8,13672006,594048710,594048710,3374196.6728
2021-11-16,SH603693,江苏新能,27.9,10083620,618000000,618000000,1724220
2021-11-16,SH603706,东方环宇,13.8,1126400,160000000,189382714,261348.14532
2021-11-16,SH603105,芯能科技,16.8,27378895,500000000,500000000,840000
2021-11-16,SZ002932,明德生物,69.32,1665474,60114990,96618085,669756.56522
2021-11-16,SH603713,密尔克卫,111.39,1202611,162787186,164484436,1832192.132604
2021-11-16,SH601869,长飞光纤,33.6,7188856,406338314,757905108,2546561.16288
2021-11-16,SH603657,春光科技,21.22,3431127,134400000,134400000,285196.8
2021-11-16,SH601606,长城军工,13.68,26721351,724228400,724228400,990744.4512
2021-11-16,SZ300724,捷佳伟创,100,9367300,255741449,347688595,3476885.95
2021-11-16,SZ000629,钒钛股份,3.4,87657585,8589393822,8589746202,2920513.70868
2021-11-16,SH603590,康辰药业,31.86,597208,160000000,160000000,509760
2021-11-16,SH603192,汇得科技,43,3764575,106666667,106666667,458666.6681
2021-11-16,SZ002933,新兴装备,32.66,4563773,71432302,117350000,383265.1
2021-11-16,SZ000950,重药控股,4.7,4499300,1728184696,1743367337,819382.64839
2021-11-16,SH601068,中铝国际,3.78,9298389,2559590667,2959066667,1118527.200126
2021-11-16,SZ002935,天奥电子,31.99,11394122,199322270,208006500,665412.7935
2021-11-16,SH603297,永新光学,84.45,1952130,109588500,110495000,933130.275
2021-11-16,SH603790,雅运股份,9.9,711900,191360000,191360000,189446.4
2021-11-16,SH603810,丰山集团,12.76,595148,159087712,162401680,207224.54368
2021-11-16,SZ002938,鹏鼎控股,39.63,10007902,2200382587,2321475816,9200008.658808
2021-11-16,SZ002936,郑州银行,3.33,8525873,5341122250,7514125090,2502203.65497
2021-11-16,SZ300748,金力永磁,37.66,17052426,699851470,707600790,2664824.57514
2021-11-16,SH603583,捷昌驱动,57.21,3553290,377923597,381915845,2184940.549245
2021-11-16,SZ300749,顶固集创,9.53,2683020,155720850,206896400,197172.2692
2021-11-16,SZ002937,兴瑞科技,18.7,17522827,97561988,297526500,556374.555
2021-11-16,SH601577,长沙银行,7.9,9036966,2067345449,4021553754,3177027.46566
2021-11-16,SZ300694,蠡湖股份,12.63,4451900,208390318,215316977,271945.341951
2021-11-16,SZ300760,迈瑞医疗,381.1,5138725,1215691266,1215691266,46329994.14726
2021-11-16,SH601162,天风证券,3.93,54809792,8665757464,8665757464,3405642.683352
2021-11-16,SZ002940,昂利康,34.16,1245400,88121508,95946819,327754.333704
2021-11-16,SZ002939,长城证券,10.99,34716648,3103405351,3103405351,3410642.480749
2021-11-16,SZ300674,宇信科技,19.53,15332808,646821254,661173649,1291272.136497
2021-11-16,SZ300751,迈为股份,669.25,773995,66759783,103101705,6900081.607125
2021-11-16,SH603220,中贝通信,13.86,6689975,334021919,337760000,468135.36
2021-11-16,SH601319,中国人保,4.9,66816035,32508137627,44223990583,21669755.38567
2021-11-16,SZ002941,新疆交建,11.18,6666700,197747629,645031129,721144.802222
2021-11-16,SH603187,海容冷链,43.99,1192650,185397219,244377515,1075016.688485
2021-11-16,SZ002943,宇晶股份,27.93,1690700,52852950,100000000,279300
2021-11-16,SZ300752,隆利科技,26.12,6224088,64108049,202237114,528243.341768
2021-11-16,SZ002942,新农股份,16.13,830270,53040000,156000000,251628
2021-11-16,SZ300753,爱朋医疗,17.57,736398,59073236,126048000,221466.336
2021-11-16,SH603629,利通电子,20.83,3882700,30000000,100000000,208300
2021-11-16,SZ001872,招商港口,15.76,1944103,593820070,1922365124,3029647.435424
2021-11-16,SH603185,弘元绿能,223.37,3225898,102247514,275225954,6147722.134498
2021-11-16,SZ300756,金马游乐,27,3095140,33352838,101604244,274331.4588
2021-11-16,SH601860,紫金银行,3.18,10643322,1756273101,3660955106,1164183.723708
2021-11-16,SZ300757,罗博特科,55.12,5180433,54867800,104000000,573248
2021-11-16,SH601975,招商南油,1.94,25745190,3495358087,4852783848,941440.066512
2021-11-16,SH603121,华培动力,11.07,4268123,118887120,264753000,293081.571
2021-11-16,SH603739,蔚蓝生物,17.84,2340440,104126400,252084840,449719.35456
2021-11-16,SZ002948,青岛银行,4.67,5737850,605052601,4509690000,2106025.23
2021-11-16,SH603332,苏州龙杰,15.79,985900,29735000,118938000,187803.102
2021-11-16,SZ002945,华林证券,10.48,6299505,754789089,2700000000,2829600
2021-11-16,SH601598,中国外运,4.3,56311626,1351637231,7400803875,3182345.66625
2021-11-16,SH601298,青岛港,5.51,3577603,1869896000,6491100000,3576596.1
2021-11-16,SH603700,宁水集团,19.04,514632,103323308,203242000,386972.768
2021-11-16,SH601615,明阳智能,30.93,73351108,1478418357,1956326712,6050918.520216
2021-11-16,SZ002946,新乳业,15.46,6417581,146254573,867271111,1340801.137606
2021-11-16,SZ300759,康龙化成,190.51,3813495,284742686,794177098,15129867.893998
2021-11-16,SZ300755,华致酒行,46.92,7458138,119606430,416798400,1955618.0928
2021-11-16,SH603351,威尔药业,24.58,3071050,59665803,135478432,333005.985856
2021-11-16,SZ002947,恒铭达,33.39,1216220,63728953,180078542,601282.251738
2021-11-16,SH601865,福莱特,45.21,9048225,533493254,2146893254,9706104.401334
2021-11-16,SZ300761,立华股份,30.02,1705766,119761175,403880000,1212447.76
2021-11-16,SZ300758,七彩化学,15.45,13215890,197073620.5,410322870,633948.83415
2021-11-16,SH603956,威派格,16.42,827940,87860669,425960669,699427.418498
2021-11-16,SZ002949,华阳国际,14.44,995830,93502111,196035111,283074.700284
2021-11-16,SH600928,西安银行,4.29,5427266,1155635387,4444444445,1906666.666905
2021-11-16,SZ002950,奥美医疗,13.81,6930943,232283579,633265407,874539.527067
2021-11-16,SZ300762,上海瀚讯,26.43,11235372,222065930,391949968,1035923.765424
2021-11-16,SZ002951,金时科技,9.39,1603100,71666666,405000000,380295
2021-11-16,SZ300763,锦浪科技,227.56,3256915,107353121,247580246,5633936.077976
2021-11-16,SZ300765,新诺威,12.9,2306919,136500000,546000000,704340
2021-11-16,SZ300766,每日互动,14.66,11352374,309503134,400100000,586546.6
2021-11-16,SH603681,永冠新材,34.7,1563248,86195451,191129871,663220.65237
2021-11-16,SZ002958,青农商行,3.83,9146759,2705600735,5555598049,2127794.052767
2021-11-16,SZ002952,亚世光电,12.59,574950,69926132,164340000,206904.06
2021-11-16,SZ300767,震安科技,90.01,2509709,117965456,201853549,1816883.794549
2021-11-16,SH603379,三美股份,22.09,6887019,193060783,610479037,1348548.192733
2021-11-16,SZ300768,迪普科技,45.8,2042097,139761477,429252293,1965975.50194
2021-11-16,SH603068,博通集成,58.97,3271684,105864863,150424966,887056.024502
2021-11-16,SZ300769,德方纳米,522,1522065,54455150,89226682,4657632.8004
2021-11-16,SH603317,天味食品,27.73,7441976,185549650,756185690,2096902.91837
2021-11-16,SZ300770,新媒股份,62.35,28262975,141532002,231058146,1440647.54031
2021-11-16,SZ300771,智莱科技,17.71,1052160,76119696,160000000,283360
2021-11-16,SZ300773,拉卡拉,24.65,8215603,383278662,800020000,1972049.3
2021-11-16,SZ300772,运达股份,50.6,16821702,192176171,338990171,1715290.26526
2021-11-16,SH603967,中创物流,12.67,2078400,93306700,266666700,337866.7089
2021-11-16,SH603697,有友食品,17,2359382,89902922,308125000,523812.5
2021-11-16,SZ002953,日丰股份,17.45,7738084,74536319,243362160,424666.9692
2021-11-16,SZ300778,新城市,18.73,761295,57622625,125000000,234125
2021-11-16,SH603267,鸿远电子,157.19,1985697,157512356,232404000,3653158.476
2021-11-16,SH600989,宝丰能源,15.25,107995336,1994270000,7333360000,11183374
2021-11-16,SZ300777,中简科技,59.91,7980399,262258728,400010000,2396459.91
2021-11-16,SZ300776,帝尔激光,157.96,877783,47040032,105800240,1671220.59104
2021-11-16,SZ300775,三角防务,48.69,14932881,264000000,495500000,2412589.5
2021-11-16,SH603982,泉峰汽车,36.4,6976875,81723140,201415700,733153.148
2021-11-16,SZ300779,惠城环保,16.2,1385000,69884304,100000000,162000
2021-11-16,SH603327,福蓉科技,14.63,1076663,102470650,401000000,586663
2021-11-16,SZ002955,鸿合科技,19.52,1907260,97248383,234985690,458692.06688
2021-11-16,SZ300780,德恩精工,16.09,3725500,65125100,146670000,235992.03
2021-11-16,SZ300781,因赛集团,24.47,4944700,35810580,109903846,268934.711162
2021-11-16,SH603915,国茂股份,42.17,2101891,126757400,473232400,1995621.0308
2021-11-16,SZ300782,卓胜微,302.89,5007012,200665341,333560779,10103222.435131
2021-11-16,SZ002956,西麦食品,18.52,2194060,95712232,224000000,414848
2021-11-16,SH603217,元利科技,40.77,1681330,45699380,127456000,519638.112
2021-11-16,SH603863,松炀资源,8.61,2497100,108644000,205894000,177274.734
2021-11-16,SZ300594,朗进科技,18.76,3491200,67629200,89981700,168805.6692
2021-11-16,SH600968,海油发展,2.66,35061800,1865104199,10165104199,2703917.716934
2021-11-16,SH603867,新化股份,31.09,3991200,84703624,140900000,438058.1
2021-11-16,SH601698,中国卫通,15,19391500,407637548,4000000000,6000000
2021-11-16,SZ300788,中信出版,27.9,2014630,50390151,190151515,530522.72685
2021-11-16,SH601236,红塔证券,11.25,5976499,2558302465,4716787742,5306386.20975
2021-11-16,SZ300783,三只松鼠,37.75,7781900,226976000,401000000,1513775
2021-11-16,SZ300785,值得买,77.14,616064,31315974,88833256,685259.736784
2021-11-16,SH603236,移远通信,180.19,1109819,98570828,145370828,2619436.949732
2021-11-16,SH603256,宏和科技,8.83,2377132,135973021,877800000,775097.4
2021-11-16,SH688122,西部超导,87.87,5013056,312598000,441272000,3877457.064
2021-11-16,SH688088,虹软科技,45.59,3576231,269786280,406000000,1850954
2021-11-16,SH688333,铂力特,223.99,297593,46306751,80000000,1791920
2021-11-16,SH688001,华兴源创,38.2,1505795,51710105,439386523,1678456.51786
2021-11-16,SH688388,嘉元科技,136.52,4922153,170867246,234191646,3197184.351192
2021-11-16,SH688012,中微公司,163.28,5609659,248623695,616244480,10062039.86944
2021-11-16,SH688019,安集科技,284.52,977214,30660252,53220580,1514231.94216
2021-11-16,SH688022,瀚川智能,59.31,9123945,59625419,108286500,642247.2315
2021-11-16,SH688003,天准科技,38.41,773930,73302000,193600000,743617.6
2021-11-16,SH688005,容百科技,112.84,5741694,275810300,448095810,5056313.12004
2021-11-16,SH688006,杭可科技,106.45,1427759,112781099,403090000,4290893.05
2021-11-16,SH688007,光峰科技,32.45,5077840,286020135,452756901,1469196.143745
2021-11-16,SH688008,澜起科技,74.62,9323949,424807716,1131030341,8439748.404542
2021-11-16,SH688009,中国通号,4.97,8578759,2016591576,10589819000,5263140.043
2021-11-16,SH688018,乐鑫科技,188.5,2358189,45298963,80158963,1510996.45255
2021-11-16,SH688033,天宜新材,30.09,6155122,307656808,448737188,1350250.198692
2021-11-16,SH688016,心脉医疗,278,1236591,38625214,71978147,2000992.4866
2021-11-16,SH688002,睿创微纳,76.82,3977290,232771670,445000000,3418490
2021-11-16,SH688029,南微医学,263.4,677210,43993500,133340000,3512175.6
2021-11-16,SH688010,福光股份,28.3,1141044,96581943,153581943,434636.89869
2021-11-16,SH688015,交控科技,32.32,803099,93132498,187054802,604561.120064
2021-11-16,SH688020,方邦股份,97.17,559333,37462518,80000000,777360
2021-11-16,SH688011,新光光电,33.22,667068,42050243,100000000,332200
2021-11-16,SH688028,沃尔德,52.42,2069235,38560998,80000000,419360
2021-11-16,SH688066,航天宏图,60.69,2351345,98774715,183967281,1116497.428389
2021-11-16,SZ300786,国林科技,36.76,5048460,52039900,102231044,375801.317744
2021-11-16,SH603983,丸美生物,31.06,2288089,77000000,401819600,1248051.6776
2021-11-16,SH603687,大胜达,10.94,3194147,141817129,410859829,449480.652926
2021-11-16,SZ002957,科瑞技术,25.38,2846956,153887203,411819100,1045196.8758
2021-11-16,SH603279,景津装备,36.67,2065126,190310651,411949500,1510618.8165
2021-11-16,SH603613,国联股份,123.76,7060116,222132681,343900282,4256109.890032
2021-11-16,SZ002966,苏州银行,6.8,11821931,1624836520,3333333334,2266666.66712
2021-11-16,SH603530,神马电力,19.55,4389100,40044490,432263327,845074.804285
2021-11-16,SH603662,柯力传感,23,3014331,106659014,234024890,538257.247
2021-11-16,SH688099,晶晨股份,120.51,2686441,213092855,411120000,4954407.12
2021-11-16,SH688188,柏楚电子,389.96,1064985,26872785,100297785,3911212.42386
2021-11-16,SZ002960,青鸟消防,41.27,7344878,174401415,347967885,1436063.461395
2021-11-16,SH603115,海星股份,28.23,10793466,52000000,208000000,587184
2021-11-16,SH688321,微芯生物,37.5,1999047,255092822,410720500,1540201.875
2021-11-16,SZ300787,海能实业,28.34,4229024,52073600,152784000,432989.856
2021-11-16,SZ002959,小熊电器,63.04,6682092,76221075,156444000,986222.976
2021-11-16,SH603992,松霖科技,20.07,1288100,44800000,401009858,804826.785006
2021-11-16,SZ003816,中国广核,2.77,74667609,9754355725,50498611100,13988115.2747
2021-11-16,SZ300789,唐源电气,30.4,3025015,30813946,82768966,251617.65664
2021-11-16,SH603755,日辰股份,48.55,621900,34200024,98613681,478769.421255
2021-11-16,SH603093,南华期货,12.48,2988300,140464993,610065893,761362.234464
2021-11-16,SZ002961,瑞达期货,23.1,2467172,108702861,445023986,1028005.40766
2021-11-16,SH688168,安博通,62.5,929522,28581300,51180000,319875
2021-11-16,SH603927,中科软,27.78,7811058,454423424,593600000,1649020.8
2021-11-16,SZ002962,五方光电,12.46,1523460,165193128,294053760,366390.98496
2021-11-16,SZ300790,宇瞳光学,42.14,3445100,108018197,219119144,923368.072816
2021-11-16,SH688116,天奈科技,150.7,2078895,179418989,232229186,3499693.83302
2021-11-16,SZ300791,仙乐健康,47.08,1309288,51581107,180169620,848238.57096
2021-11-16,SZ300792,壹网壹创,51.26,2440021,91996781,238702427,1223588.640802
2021-11-16,SH688036,传音控股,168,2931607,393265674,801690950,13468407.96
2021-11-16,SH688068,热景生物,98.81,1595920,43805771,62196341,614562.045421
2021-11-16,SH688030,山石网科,28.96,1172400,95520705,180223454,521927.122784
2021-11-16,SH688368,晶丰明源,318.51,436088,16359480,62030080,1975720.07808
2021-11-16,SH603786,科博达,79.89,1377590,40100000,400100000,3196398.9
2021-11-16,SZ300793,佳禾智能,20.05,16975680,101888000,266688000,534709.44
2021-11-16,SH603815,交建股份,8.05,1447500,163287540,618924235,498234.009175
2021-11-16,SZ300795,米奥会展,21.2,106000,36844519,100164000,212347.68
2021-11-16,SH688139,海尔生物,87.55,3416585,184376636,317071758,2775963.24129
2021-11-16,SZ002965,祥鑫科技,27.3,5471846,74945899,150700999,411413.72727
2021-11-16,SH688098,申联生物,11.22,1162108,264398983,410644000,460742.568
2021-11-16,SZ002963,豪尔赛,16.02,1997533,68994530,150359930,240876.60786
2021-11-16,SH603610,麒盛科技,30.26,7209468,162662318,280069727,847490.993902
2021-11-16,SZ300799,左江退,55.13,1241779,32633625,102080000,562767.04
2021-11-16,SH601077,渝农商行,3.83,27415269,5874465018,11357000000,4349731
2021-11-16,SH688108,赛诺医疗,8.26,2393509,289880545,410000000,338660
2021-11-16,SH688366,昊海生科,135,3655943,42779000,175822100,2373598.35
2021-11-16,SH688369,致远互联,60.91,439480,59179583,76989583,468943.550053
2021-11-16,SH688025,杰普特,56.06,2317358,55021696,92843576,520481.087056
2021-11-16,SH688058,宝兰德,80.09,203409,22342000,40000000,320360
2021-11-16,SZ300797,钢研纳克,15.84,1311219,76366983,248200000,393148.8
2021-11-16,SH688389,普门科技,22.99,5278726,157831320,422200000,970637.8
2021-11-16,SH688199,久日新材,44.41,3111802,86675104,111226800,493958.2188
2021-11-16,SH688128,中国电研,27.97,4543045,96460000,404500000,1131386.5
2021-11-16,SH688023,安恒信息,293.84,322756,52389055,78186346,2297427.590864
2021-11-16,SH688202,美迪西,620.04,578641,26998854,62000000,3844248
2021-11-16,SH688021,奥福科技,50.41,1254782,46957111,77283584,389586.546944
2021-11-16,SH688363,华熙生物,174.35,3105876,94828832,480000000,8368800
2021-11-16,SH688299,长阳科技,29.98,4227443,225550428,282568577,847140.593846
2021-11-16,SZ300800,力合科技,23.8,3877700,144800000,238400000,567392
2021-11-16,SH688288,鸿泉技术,32.87,891629,52920226,100343920,329830.46504
2021-11-16,SZ300564,筑博设计,20.97,818600,33750000,102930000,215844.21
2021-11-16,SZ002967,广电计量,26.85,6871762,189480945,575225846,1544481.39651
2021-11-16,SH688166,博瑞医药,36.2,2027118,182528161,410000000,1484200
2021-11-16,SH603489,八方股份,237.47,218258,71400000,120314955,2857119.236385
2021-11-16,SZ300802,矩子科技,41.4,3983480,83772465,162452482,672553.27548
2021-11-16,SZ300796,贝斯美,16.66,1044100,61852778,121150000,201835.9
2021-11-16,SH688300,联瑞新材,88.47,1016534,54010200,85973400,760606.6698
2021-11-16,SH688101,三达膜,18.51,2800159,182836550,333880000,618011.88
2021-11-16,SZ300803,指南针,35.2,3809483,220597424,404999999,1425599.99648
2021-11-16,SH688111,金山办公,282,991753,215819451,461000000,13000200
2021-11-16,SH688138,清溢光电,17.47,1589923,78210000,266800000,466099.6
2021-11-16,SZ300805,电声股份,12.33,10902712,128030000,423230000,521842.59
2021-11-16,SH688196,卓越新能,57.9,774987,29085200,120000000,694800
2021-11-16,SZ300798,锦鸡股份,9.52,3181486,210221808,417748945,397696.99564
2021-11-16,SZ300806,斯迪克,53.8,2129385,104206905,189925406,1021798.68428
2021-11-16,SH603390,通达电气,8.93,4307834,128526384,351686984,314056.476712
2021-11-16,SH601916,浙商银行,3.43,12574852,7010646184,21268696778,7295162.994854
2021-11-16,SZ300801,泰和科技,20.22,4494680,83482760,216000000,436752
2021-11-16,SZ300808,久量股份,13.53,793705,49600000,160000000,216480
2021-11-16,SZ002969,嘉美包装,5.76,9133800,444176962,960333535,553152.11616
2021-11-16,SH688358,祥生医疗,43.86,176752,19200000,80000000,350880
2021-11-16,SZ002968,新大正,39.22,841800,69683910,162718500,638181.957
2021-11-16,SH688310,迈得医疗,42.36,847251,37090500,83600000,354129.6
2021-11-16,SH688118,普元信息,25.46,981193,66504659,95400000,242888.4
2021-11-16,SZ300809,华辰装备,58.82,8426209,45495000,156920000,923003.44
2021-11-16,SH688357,建龙微纳,217,525158,26267000,57820000,1254694
2021-11-16,SH688399,硕世生物,124.2,594125,34427400,58620000,728060.4
2021-11-16,SZ300810,中科海讯,24.87,6673147,78109143,118050000,293590.35
2021-11-16,SH688258,卓易信息,37.46,767621,42366935,86956591,325739.389886
2021-11-16,SH688198,佰仁医疗,269.68,393660,23238308,96438308,2600748.290144
2021-11-16,SH601658,邮储银行,5.28,73968756,11274461418,92383967605,48778734.89544
2021-11-16,SH688218,江苏北人,15.09,906628,87922671,117340000,177066.06
2021-11-16,SH688039,当虹科技,61.72,2140630,48316260,80000000,493760
2021-11-16,SZ001914,招商积余,13.73,23238122,666832366,1060346060,1455855.14038
2021-11-16,SH688037,芯源微,213.85,1551185,44491650,84156000,1799676.06
2021-11-16,SZ002970,锐明技术,38.05,1830627,84681787,173120000,658721.6
2021-11-16,SH603053,成都燃气,10.34,2093600,560890000,888890000,919112.26
2021-11-16,SZ300807,天迈科技,24.07,1923600,29568957,67851000,163317.357
2021-11-16,SH688089,嘉必优,48.7,2045247,66740000,120000000,584400
2021-11-16,SH601512,中新集团,8.83,1077375,797410000,1498890000,1323519.87
2021-11-16,SH688123,聚辰股份,47.76,1710998,82607063,120841867,577140.756792
2021-11-16,SH603995,甬金股份,48.76,1642700,111824211,233120400,1136695.0704
2021-11-16,SH688268,华特气体,81.44,1624449,33654800,120000000,977280
2021-11-16,SZ002972,科安达,17.93,642000,58538049,176320000,316141.76
2021-11-16,SZ300811,铂科新材,95.25,1303622,50477976,103680000,987552
2021-11-16,SH688078,龙软科技,69.86,1201435,27586957,70750000,494259.5
2021-11-16,SH603109,神驰机电,29.95,3623000,46670000,149701100,448354.7945
2021-11-16,SH688181,八亿时空,48.34,1049000,76815331,96473014,466350.549676
2021-11-16,SH688081,兴图新科,25.21,282645,31642900,73600000,185545.6
2021-11-16,SZ002973,侨银股份,14.91,1837700,106474307,408663285,609316.957935
2021-11-16,SZ300812,易天股份,24.18,6299820,60546029,139521029,337361.848122
2021-11-16,SZ002971,和远气体,17.95,957736,105522044,160000000,287200
2021-11-16,SZ300813,泰林生物,75,1324800,16277000,51970000,389775
2021-11-16,SH688178,万德斯,23.86,347726,37002615,84997844,202804.855784
2021-11-16,SH603551,奥普科技,10.6,768700,133736339,405505000,429835.3
2021-11-16,SH601816,京沪高铁,4.65,60965205,27328695141,49106484611,22834515.344115
2021-11-16,SH688278,特宝生物,29.6,1395390,220325444,406800000,1204128
2021-11-16,SH688158,优刻得,27.88,2403150,323311322,422805164,1178780.797232
2021-11-16,SH688100,威胜信息,29.23,9232238,165306967,500000000,1461500
2021-11-16,SH688026,洁特生物,74.48,867105,47744987,100000000,744800
2021-11-16,SZ300815,玉禾田,31.46,2601589,116569816,276800000,870812.8
2021-11-16,SH688159,有方科技,24.08,663209,62606441,91679495,220764.22396
2021-11-16,SH688266,泽璟制药,66.18,1657098,134232500,240000000,1588320
2021-11-16,SH603290,斯达半导,449.3,2041882,78957232,170606060,7665330.2758
2021-11-16,SH688298,东方生物,150.87,1795221,60478120,120000000,1810440
2021-11-16,SZ002975,博杰股份,64.79,2540776,38933400,139688000,905038.552
2021-11-16,SH603195,公牛集团,164.45,3358926,75601014,601213300,9886952.7185
2021-11-16,SH603893,瑞芯微,136.45,6334768,189079400,416807000,5687331.515
2021-11-16,SZ300816,艾可蓝,56.57,4076217,36975665,80367500,454638.9475
2021-11-16,SH688398,赛特新材,49.01,507010,36147300,80000000,392080
2021-11-16,SH688186,广大特材,57.02,2799258,99060000,214240000,1221596.48
2021-11-16,SZ300818,耐普矿机,36.68,1893000,31453000,70000000,256760
2021-11-16,SH688080,映翰通,67,2253455,37337626,52428786,351272.8662
2021-11-16,SH688208,道通科技,70.56,1993970,270905000,450000000,3175200
2021-11-16,SZ300820,英杰电气,86.4,5958232,29799982,95327000,823625.28
2021-11-16,SH688090,瑞松科技,32,520596,45428893,67360588,215553.8816
2021-11-16,SH688200,华峰测控,580,494480,36226593,61328754,3557067.732
2021-11-16,SZ300817,双飞集团,23.54,1903852,41932800,121276800,285485.5872
2021-11-16,SH688177,百奥泰,26.53,730322,95911922,414080000,1098554.24
2021-11-16,SH688169,石头科技,881,501301,45253900,66790425,5884236.4425
2021-11-16,SH688233,神工股份,78.38,4298296,81512284,160000000,1254080
2021-11-16,SH603719,良品铺子,44.58,5428816,223696635,401000000,1787658
2021-11-16,SH688086,退市紫晶,25.23,3400951,110544281,190381503,480332.532069
2021-11-16,SH601696,中银证券,13.16,10179720,1451684209,2778000000,3655848
2021-11-16,SH688396,华润微,65.37,12948117,433297215,1320091861,8629440.495357
2021-11-16,SH603948,建业股份,31.53,13647474,75052847,160000000,504480
2021-11-16,SZ002976,瑞玛精密,19.96,878376,35265000,120000000,239520
2021-11-16,SH603949,雪龙集团,18.36,1817025,52458000,209806100,385203.9996
2021-11-16,SZ300821,东岳硅材,19.45,18898610,417000000,1200000000,2334000
2021-11-16,SZ300819,聚杰微纤,26.6,1956400,29470000,99470000,264590.2
2021-11-16,SZ300822,贝仕达克,23.42,1555450,41505000,160005000,374731.71
2021-11-16,SZ002977,天箭科技,84.5,1702289,32062500,71500000,604175
2021-11-16,SZ300823,建科智能,23.99,1376604,38174531,93559091,224448.259309
2021-11-16,SH688051,佳华科技,45.9,374114,23370296,77334000,354963.06
2021-11-16,SH603221,爱丽家居,9.65,6777602,60720000,240000000,231600
2021-11-16,SH688189,南新制药,28.5,748107,98763400,140000000,399000
2021-11-16,SZ300825,阿尔特,31.14,4956247,246755973,331754472,1033083.425808
2021-11-16,SH688228,开普云,35.29,476964,28897649,67133440,236913.90976
2021-11-16,SZ300826,测绘股份,19.94,6165696,50852336,112000000,223328
2021-11-16,SH603353,和顺石油,22.74,1360360,61802000,173394000,394297.956
2021-11-16,SZ002979,雷赛智能,26.61,2142697,157408617,301600000,802557.6
2021-11-16,SH688096,京源环保,13.96,561416,74244500,107293500,149781.726
2021-11-16,SH688085,三友医疗,30.07,2356158,84210060,205333500,617437.8345
2021-11-16,SZ300827,上能电气,98.83,8038641,53925480,132000480,1304560.74384
2021-11-16,SZ002980,华盛昌,29.68,607143,33333400,133333400,395733.5312
2021-11-16,SH603095,越剑智能,26.43,1915700,37399900,132000000,348876
2021-11-16,SH688222,成都先导,23.71,4124886,279090072,400680000,950012.28
2021-11-16,SZ002981,朝阳科技,22.17,937120,24000000,96000000,212832
2021-11-16,SZ002978,安宁股份,41.5,1721100,95000000,401000000,1664150
2021-11-16,SH688126,沪硅产业,28.75,13661819,1099925754,2480260000,7130747.5
2021-11-16,SZ300828,锐新科技,25.8,5500491,55574625,110280000,284522.4
2021-11-16,SH603682,锦和商管,5.55,2170700,179550000,472500000,262237.5
2021-11-16,SZ300829,金丹科技,44.58,3454306,99325747,180654547,805357.970526
2021-11-16,SH601609,金田股份,8.11,6784899,597452290,1480474290,1200664.64919
2021-11-16,SZ002982,湘佳股份,42.55,1516151,47187500,101880000,433499.4
2021-11-16,SH688318,财富趋势,144.77,352937,20024754,66670000,965181.59
2021-11-16,SZ002983,芯瑞达,21.35,1198324,51589572,184184000,393232.84
2021-11-16,SH603439,三力制药,14.03,9789896,162283576,407322216,571473.069048
2021-11-16,SZ002985,北摩高科,109.6,3434478,131122955,255272000,2797781.12
2021-11-16,SH603392,万泰生物,241.65,2155526,150814275,607040000,14669121.6
2021-11-16,SH688365,光云科技,14.11,1485806,169099820,401000000,565811
2021-11-16,SH603212,赛伍技术,34.91,7993057,255241976,400010000,1396434.91
2021-11-16,SZ300830,金现代,13.08,22346551,192860400,430125000,562603.5
2021-11-16,SZ300831,派瑞股份,16.13,10025616,184484240,320000000,516160
2021-11-16,SZ002987,京北方,28.59,3314718,92980716,224927335,643067.250765
2021-11-16,SH688466,金科环境,20.77,600313,27659900,102760000,213432.52
2021-11-16,SH688588,凌志软件,14.85,1819705,251900760,400010003,594014.854455
2021-11-16,SZ300832,新产业,48.19,2902531,271527960,786659285,3790911.094415
2021-11-16,SH688598,金博股份,332.7,734628,64780293,80200000,2668254
2021-11-16,SZ002988,豪美新材,17.55,1174226,84219359,232770000,408511.35
2021-11-16,SH688566,吉贝尔,21.23,253661,65605984,186941600,396877.0168
2021-11-16,SH601778,晶科科技,8.51,70918671,1869836569,2894145569,2462917.879219
2021-11-16,SZ300833,浩洋股份,84.76,1120409,21082000,84327000,714755.652
2021-11-16,SH688516,奥特维,219.54,1020546,51003849,98670000,2166201.18
2021-11-16,SH605001,威奥股份,8.16,817370,239338667,392886000,320594.976
2021-11-16,SZ002990,盛视科技,28.48,1297277,63120000,256979000,731876.192
2021-11-16,SZ300835,龙磁科技,74.94,3986100,40301000,70670000,529600.98
2021-11-16,SH603950,长源东谷,16.99,804300,88060895,231522000,393355.878
2021-11-16,SZ300836,佰奥智能,36.56,1913454,31773220,49255720,180078.91232
2021-11-16,SH605168,三人行,121.55,802049,30326388,69677800,846933.659
2021-11-16,SH605288,凯迪股份,71.85,775166,17500000,70682360,507852.7566
2021-11-16,SH688360,德马科技,31.88,1196169,41509665,85676599,273136.997612
2021-11-16,SZ002986,宇新股份,40.8,1087520,106613500,158676000,647398.08
2021-11-16,SH600918,中泰证券,9.33,18688103,2609069526,6968625756,6501727.830348
2021-11-16,SH601827,三峰环境,8.79,8691202,799741000,1678268000,1475197.572
2021-11-16,SZ300837,浙矿股份,43.76,454242,33250000,100000000,437600
2021-11-16,SH601399,国机重装,3.68,18106705,2377412281,7268263664,2674721.028352
2021-11-16,SZ300838,浙江力诺,17.05,1177500,52684000,136340000,232459.7
2021-11-16,SH688312,燕麦科技,27.6,1259188,66946403,144091816,397693.41216
2021-11-16,SH688157,松井股份,99.47,438337,34862200,79600000,791781.2
2021-11-16,SH688599,天合光能,68.28,14676229,1215236453,2068026375,14120484.0885
2021-11-16,SZ002989,中天精装,21.27,494200,76340000,151400000,322027.8
2021-11-16,SH688004,博汇科技,33.2,501046,39519020,56800000,188576
2021-11-16,SZ300841,康华生物,169.91,1020150,63126563,90000000,1529190
2021-11-16,SH688106,金宏气体,26.01,4820133,259154232,484333400,1259751.1734
2021-11-16,SH605166,聚合顺,13.01,21569250,187605112,315547000,410526.647
2021-11-16,SZ300842,帝科股份,72.25,2670900,69511174,100000000,722500
2021-11-16,SH688505,复旦张江,14.25,1697027,263842098,1043000000,1486275
2021-11-16,SZ300824,北鼎股份,19.97,1793158,96147250,217400000,434147.8
2021-11-16,SH688520,神州细胞,55.97,914938,70832540,435335714,2436573.991258
2021-11-16,SH688518,联赢激光,44.52,9053878,248969985,299200000,1332038.4
2021-11-16,SH688555,退市泽达,26.43,260506,40871400,83110000,219659.73
2021-11-16,SH603087,甘李药业,70.13,9426501,288545404,561540000,3938080.02
2021-11-16,SH600956,新天绿能,15.66,9213700,134750000,3849910396,6028959.680136
2021-11-16,SH688558,国盛智科,48.21,2182708,38236868,132000000,636372
2021-11-16,SZ300839,博汇股份,20.61,4125316,60196110,135200000,278647.2
2021-11-16,SH688528,秦川物联,12.7,399068,49827000,168000000,213360
2021-11-16,SZ300846,首都在线,14.94,31004599,265458267,411316277,614506.517838
2021-11-16,SZ300843,胜蓝股份,29.22,4733991,48480000,148900000,435085.8
2021-11-16,SZ300845,捷安高科,21.61,3717009,63243024,92356000,199581.316
2021-11-16,SH688600,皖仪科技,17.62,4823926,66727110,133340000,234945.08
2021-11-16,SH688277,天智航,22.27,3349317,297088088,419846848,934998.930496
2021-11-16,SH688568,中科星图,74.13,647078,62857319,220000000,1630860
2021-11-16,SH688377,迪威尔,15.7,2007642,107483650,194667000,305627.19
2021-11-16,SZ300840,酷特智能,11.86,4511123,154313413,240000000,284640
2021-11-16,SZ300847,中船汉光,14.74,4317900,151026388,296010000,436318.74
2021-11-16,SH688027,国盾量子,173.71,878810,42752250,80000000,1389680
2021-11-16,SZ300849,锦盛新材,12.41,1273099,87221146,150000000,186150
2021-11-16,SH605199,ST葫芦娃,23.75,19278189,82740752,400108752,950258.286
2021-11-16,SH688060,云涌科技,63.23,1076761,25500000,60000000,379380
2021-11-16,SZ300850,新强联,207.22,3388513,103615000,193946351,4018956.285422
2021-11-16,SZ300852,四会富仕,59.18,3657200,35595419,101930760,603226.23768
2021-11-16,SH688309,恒誉环保,20.77,322889,43959506,80010733,166182.292441
2021-11-16,SH688180,君实生物,54.04,6304976,427708563,910756700,4921729.2068
2021-11-16,SH688165,埃夫特,10.71,1329856,299135909,521780000,558826.38
2021-11-16,SH688500,慧辰股份,33.35,358841,41617839,74274510,247705.49085
2021-11-16,SH605108,同庆楼,17.88,1092002,81654852,260000000,464880
2021-11-16,SH688981,中芯国际,55.07,31614985,1871038200,7903529104,43524734.775728
2021-11-16,SH688579,地纬智能,11.33,667849,279667100,400010000,453211.33
2021-11-16,SH688567,孚能科技,34.37,6969405,798849393,1070669685,3679891.707345
2021-11-16,SZ300851,交大思诺,29,224600,41071400,86933400,252106.86
2021-11-16,SZ300848,美瑞新材,36.18,11823226,41838000,133340000,482424.12
2021-11-16,SH688488,艾迪药业,16,1226059,212881135,420000000,672000
2021-11-16,SH688256,寒武纪,82.96,2334553,240267995,400100000,3319229.6
2021-11-16,SH688580,伟思医疗,106.1,559319,23806579,68346667,725158.13687
2021-11-16,SH688336,三生国健,18.84,533111,70831378,616211413,1160942.302092
2021-11-16,SH688561,奇安信,91.37,1308170,456088608,679616000,6209651.392
2021-11-16,SZ300856,科思股份,52.06,1316393,38820000,112880000,587653.28
2021-11-16,SH688077,大地熊,61.81,3475941,43273000,80000000,494480
2021-11-16,SH688589,力合微,50,3479232,55126667,100000000,500000
2021-11-16,SH688069,德林海,50.03,225328,31274762,59470000,297528.41
2021-11-16,SH688418,震有科技,14.23,989216,130187038,193610000,275507.03
2021-11-16,SH688508,芯朋微,140,1041250,67339000,112800000,1579200
2021-11-16,SZ300855,图南股份,59.7,3283482,110473750,200000000,1194000
2021-11-16,SZ300853,申昊科技,39.54,3986460,92734920,146930400,580962.8016
2021-11-16,BJ920370,新安洁,6.46,4540133,145182867,306280000,197856.88
2021-11-16,BJ920184,国源科技,9.08,1272600,59778419,133790000,121481.32
2021-11-16,BJ920021,流金科技,5.19,10022892,182951718,314999983,163484.991177
2021-11-16,BJ920368,连城数控,111.11,867560,117766321,230660000,2562863.26
2021-11-16,BJ920946,森萱医药,8.93,14911165,81227166,426918340,381238.07762
2021-11-16,BJ920415,恒拓开源,6.69,2826787,78590102,137701987,92122.629303
2021-11-16,NE833874,泰祥股份,20.13,0,24975000,99900000,201098.7
2021-11-16,BJ920433,大唐药业,8.88,1268193,70009589,145265601,128995.853688
2021-11-16,BJ920729,永顺生物,16.5,830197,80244567,273350000,451027.5
2021-11-16,BJ920185,贝特瑞,173.99,2201675,145331796,485386150,8445233.62385
2021-11-16,NE833994,翰博高新,32.9,0,70114867,124290000,408914.1
2021-11-16,BJ920167,同享科技,21.04,1505853,59107500,103320000,217385.28
2021-11-16,BJ920198,微创光电,10.63,1648647,64644831,124126056,131945.997528
2021-11-16,BJ920475,三友科技,12.68,1346557,28435500,102960000,130553.28
2021-11-16,BJ920489,佳先股份,15.79,1584171,52664521,85287000,134668.173
2021-11-16,BJ920445,龙竹科技,23.7,627030,67324879,115065800,272705.946
2021-11-16,SZ300857,协创数据,26.66,1968500,141738782,206557782,550683.046812
2021-11-16,BJ920418,苏轴股份,15.61,908589,39790926,80600000,125816.6
2021-11-16,BJ920508,殷图网联,12.83,1177559,18050000,50000000,64150
2021-11-16,BJ920799,艾融软件,16.32,980180,35654595,140769250,229735.416
2021-11-16,SZ300858,科拓生物,29.01,1376640,53094431,148531845.6,430890.8840856
2021-11-16,BJ920640,富士达,24.1,2850214,166985250,187728000,452424.48
2021-11-16,BJ920682,球冠电缆,7.6,3557237,79933100,208000000,158080
2021-11-16,NE832317,观典防务,21.88,0,112350000,237510000,519671.88
2021-11-16,BJ920964,润农节水,5.19,6360780,171052917,261208000,135566.952
2021-11-16,BJ920819,颖泰生物,6.52,8760518,1138102500,1225800000,799221.6
2021-11-16,BJ920278,鹿得医疗,10.38,883809,56948800,176000000,182688
2021-11-16,BJ920163,方大新材,8.8,508656,32951750,126000000,110880
2021-11-16,BJ920263,中航泰达,6.25,2310541,63412000,139960000,87475
2021-11-16,BJ920242,建邦科技,13.96,817391,24226800,62388000,87093.648
2021-11-16,BJ920961,创远信科,23.86,1063222,62804601,109915358,262258.044188
2021-11-16,BJ920010,凯添燃气,6.93,17185136,90191175,234500000,162508.5
2021-11-16,BJ920149,旭杰科技,9.09,1086147,39849194,73758000,67046.022
2021-11-16,BJ920266,生物谷,13.55,1524512,66356000,128000000,173440
2021-11-16,SH605188,国光连锁,7.8,9003878,60379998,495580000,386552.4
2021-11-16,SH688050,爱博医疗,248.5,1687985,68427050,105139272,2612710.9092
2021-11-16,SH603408,建霖家居,14.13,2663471,99162131,446680000,631158.84
2021-11-16,SH605118,力鼎光电,14.31,1402900,41000000,407528500,583173.2835
2021-11-16,SH605222,起帆电缆,25.98,9992087,100000000,418197000,1086475.806
2021-11-16,SZ002991,甘源食品,57.87,974702,40788851,93215831,539440.013997
2021-11-16,SH601456,国联民生,12.47,10928912,535320146,2831773168,3531221.140496
2021-11-16,SH688586,江航装备,28.86,5447387,172861229,403744467,1165206.531762
2021-11-16,SH688311,盟升电子,70.4,1615992,65978680,114670000,807276.8
2021-11-16,SH605318,法狮龙,14.72,2344281,32292788,129171152,190139.935744
2021-11-16,SZ002992,宝明科技,14.3,1853818,74049235,179349235,256469.40605
2021-11-16,SH605399,晨光新材,36.78,3946875,65077840,184000000,676752
2021-11-16,SZ002995,天地在线,26.82,1000520,40572973,91371000,245057.022
2021-11-16,SH605158,华达新材,7.29,943600,144313000,511420000,372825.18
2021-11-16,SZ300859,西域旅游,19.82,2042881,95712500,155000000,307210
2021-11-16,SH688338,赛科希德,43.95,307222,26553250,81648000,358842.96
2021-11-16,SH605066,天正电气,12,14262940,228261500,404038000,484845.6
2021-11-16,SH688556,高测股份,77.92,5539843,118342305,161851400,1261146.1088
2021-11-16,SH688339,亿华通,270.11,809120,50217846,71350991,1927261.617901
2021-11-16,SH688286,敏芯股份,86.59,334811,32396172,53200000,460658.8
2021-11-16,SH688155,先惠技术,105.39,898401,30453814,75630036,797064.949404
2021-11-16,SH605100,华丰股份,24.13,664220,54880000,121380000,292889.94
2021-11-16,SH688313,仕佳光子,13.01,8258233,322431489,458802328,596901.828728
2021-11-16,SH605366,宏柏新材,13.53,7453652,161773130,332000000,449196
2021-11-16,SH688065,凯赛生物,137.94,1348163,169627583,416681976,5747711.176944
2021-11-16,SH688185,康希诺,289.42,4024513,66816707,247449899,7161694.976858
2021-11-16,SZ002993,奥海科技,40.06,4341610,59930000,235040000,941570.24
2021-11-16,SH605088,冠盛股份,15.7,4518900,68984000,165935000,260517.95
2021-11-16,SH600610,中毅达,17.19,7430232,448675225,1071274605,1841521.045995
2021-11-16,SH688055,龙腾光电,7.01,6019142,1786666730,3333333400,2336666.7134
2021-11-16,SH688335,复洁科技,31.85,164885,47313312,72521508,230981.00298
2021-11-16,SH688229,博睿数据,53.95,197771,16234155,44400000,239538
2021-11-16,SH688521,芯原股份,71.21,3928511,204519344,495168791,3526096.960711
2021-11-16,SH605388,均瑶健康,18.42,3891530,140858283,430000000,792060
2021-11-16,SH605333,沪光股份,25.25,27582243,62570000,401000000,1012525
2021-11-16,SH688519,南亚新材,38,2571633,83549496,234400000,890720
2021-11-16,SH603931,格林达,34.1,2035669,82501810,142541700,486067.197
2021-11-16,SH688379,华光新材,20.12,592273,40067500,88000000,177056
2021-11-16,SH688596,正帆科技,27.78,5941634,169747945,256500000,712557
2021-11-16,SH688393,安必平,29.26,294007,59352100,93340000,273112.84
2021-11-16,SH605178,时空科技,37.39,739180,31399738,99251600,371101.7324
2021-11-16,SH605008,长鸿高科,15.15,2072020,202890320,642380414,973206.32721
2021-11-16,SZ300873,海晨股份,51.94,2049237,67186534,133333334,692533.336796
2021-11-16,SZ300872,天阳科技,31.13,2692844,142373157,224682030,699435.15939
2021-11-16,SZ300871,回盛生物,28.49,2046000,78750000,166248527,473642.053423
2021-11-16,SZ300875,捷强装备,63.61,939650,34423368,76795963,488499.120643
2021-11-16,SZ300877,金春股份,24.82,945200,50500000,120000000,297840
2021-11-16,SZ300864,南大环境,48.03,1356936,22800000,91200000,438033.6
2021-11-16,SZ300862,蓝盾光电,34.45,3781950,85864658,131869930,454291.90885
2021-11-16,SZ300878,维康药业,41.7,540214,20864114,80439068,335430.91356
2021-11-16,SZ300865,大宏立,25.74,632711,28166655,95680000,246280.32
2021-11-16,SZ300866,安克创新,94.4,2884621,150940148,406427207,3836672.83408
2021-11-16,SZ300870,欧陆通,81.91,1128836,39096723,101200000,828929.2
2021-11-16,SZ300869,康泰医学,36.73,12875243,213607548,401796800,1475799.6464
2021-11-16,SZ300860,锋尚文化,50.88,3879667,41940704,136940708,696754.322304
2021-11-16,SZ300868,杰美特,25.16,1060365,50222580,128000000,322048
2021-11-16,SZ300876,蒙泰高新,29.91,974906,28320000,96000000,287136
2021-11-16,SZ300867,圣元环保,27.62,4299557,154617467,271741053,750548.788386
2021-11-16,SZ300863,卡倍亿,98.03,4752190,18720000,55230000,541419.69
2021-11-16,SZ300861,美畅股份,78.99,2048550,175557968,400010000,3159678.99
2021-11-16,SH605255,天普股份,16.62,2886100,33520000,134080000,222840.96
2021-11-16,SH605123,派克新材,122.97,2290500,41450000,108000000,1328076
2021-11-16,SH688356,键凯科技,334.58,807793,35237543,60000000,2007480
2021-11-16,SH688408,中信博,213.1,1853039,71685596,135715480,2892096.8788
2021-11-16,SZ002996,顺博合金,14.74,2676766,126064674,439000000,647086
2021-11-16,SH688017,绿的谐波,156.68,693215,65088986,120416700,1886688.8556
2021-11-16,SH688289,圣湘生物,56.29,1910908,237155160,400000000,2251600
2021-11-16,SH688215,瑞晟智能,34.24,176248,15430982,40040000,137096.96
2021-11-16,SH688569,铁科轨道,18.36,670496,50560032,210666700,386784.0612
2021-11-16,SZ300881,盛德鑫泰,26.56,1824554,25000000,100000000,265600
2021-11-16,SZ300880,迦南智能,26.11,4862905,70014000,160032000,417843.552
2021-11-16,SZ300879,大叶股份,19.36,2859800,55000000,160000000,309760
2021-11-16,SH603155,新亚强,59,2599700,38890000,155560000,917804
2021-11-16,SH688550,瑞联新材,101.5,1630422,47300004,70181579,712343.02685
2021-11-16,SH688513,苑东生物,45.9,1054982,60688300,120090000,551213.1
2021-11-16,SH688056,莱伯泰科,57.8,1017725,25355000,67000000,387260
2021-11-16,SH605006,山东玻纤,13.72,6082678,236298639,500000000,686000
2021-11-16,SZ002999,天禾股份,6.35,1698935,217217000,347592000,220720.92
2021-11-16,SZ002997,瑞鹄模具,17.02,7442301,114450000,183600000,312487.2
2021-11-16,SH688378,奥来德,70.05,2369168,46102752,73136700,512322.5835
2021-11-16,SH688390,固德威,398.3,1349605,49961791,88000000,3505040
2021-11-16,SH601702,华峰铝业,14.03,22617186,277930000,998530600,1400938.4318
2021-11-16,SH605003,众望布艺,22.77,569975,27500000,110000000,250470
2021-11-16,SH688095,福昕软件,145.25,346931,28978800,48140000,699233.5
2021-11-16,SH688559,海目星,65.7,3382289,121762575,200000000,1314000
2021-11-16,SH688551,科威尔,63.91,1769823,25202900,80000000,511280
2021-11-16,SZ300882,万胜智能,22.21,14237985,57606120,204429420,454037.74182
2021-11-16,SZ300885,海昌新材,20.1,2109231,55100000,152000000,305520
2021-11-16,SZ300883,龙利得,8.52,5402600,238897100,346000000,294792
2021-11-16,SZ002984,森麒麟,35.44,4702974,323127863,649668940,2302426.72336
2021-11-16,SH605358,立昂微,132,7057432,282757888,457329952,6036755.3664
2021-11-16,SH605009,豪悦护理,55.9,2122074,56177172,158938300,888465.097
2021-11-16,SZ003000,劲仔食品,10.22,9075900,239373392,403200000,412070.4
2021-11-16,SH605128,上海沿浦,34.36,5706070,41710000,80000000,274880
2021-11-16,SH605369,拱东医疗,99.36,553530,28000000,112607620,1118869.31232
2021-11-16,SZ300889,爱克股份,18.57,1586599,78507750,156000000,289692
2021-11-16,SH688577,浙海德曼,63.2,691379,18296720,53971720,341101.2704
2021-11-16,SZ300886,华业香料,27.44,1739609,49311600,74555000,204578.92
2021-11-16,SZ300887,谱尼测试,69.29,1102820,34180500,137020570,949415.52953
2021-11-16,SH603112,华翔股份,12.82,3944485,153864926,436090490,559068.00818
2021-11-16,SZ300890,翔丰华,56.67,3094832,77939517,100000000,566700
2021-11-16,SZ300891,惠云钛业,16.23,6469373,230720000,400000000,649200
2021-11-16,SZ300888,稳健医疗,80.83,1938069,136053460,426492308,3447337.325564
2021-11-16,SH688301,奕瑞科技,439,511330,40750140,72547826,3184849.5614
2021-11-16,SH605198,安德利,21.41,4835355,83746040,367300000,786389.3
2021-11-16,SZ003006,百亚股份,17.71,2241500,215467800,427777800,757594.4838
2021-11-16,SZ003003,天元股份,11.39,890460,90055500,176720000,201284.08
2021-11-16,SH605116,奥锐特,13.98,1180000,77331200,401000000,560598
2021-11-16,SH688536,思瑞浦,795,310157,42774030,80000000,6360000
2021-11-16,SH688127,蓝特光学,21.5,12249170,129216700,402845000,866116.75
2021-11-16,SZ003002,壶化股份,12.16,3970985,77419400,200000000,243200
2021-11-16,SH688526,科前生物,26.55,1221091,114542878,465133200,1234928.646
2021-11-16,SZ003005,竞业达,28.74,537078,47410000,106000000,304644
2021-11-16,SH688156,路德科技,18.22,879670,69651100,91840000,167332.48
2021-11-16,SZ003008,开普检测,27.76,421400,39445573,80000000,222080
2021-11-16,SZ003007,直真科技,18.19,1620070,63882970,104000000,189176
2021-11-16,SH605050,福然德,11.76,4418627,151500000,435000000,511560
2021-11-16,SZ300893,松原安全,31.05,12131146,37500000,150000000,465750
2021-11-16,SZ300895,铜牛信息,39.7,5328295,53738131,116364180,461965.7946
2021-11-16,SZ300892,品渥食品,42.95,3274910,30625000,100000000,429500
2021-11-16,SZ002998,优彩资源,8.73,1877900,152011400,326398400,284945.8032
2021-11-16,SZ003009,中天火箭,62.71,2923900,44011573,155392313,974465.194823
2021-11-16,SH603565,中谷物流,31.72,2797940,201444753,958757808,3041179.766976
2021-11-16,SZ003010,若羽臣,20.12,488540,73032792,121699840,244860.07808
2021-11-16,SH605218,伟时电子,16.02,3357425,88257078,212833460,340959.20292
2021-11-16,SZ300897,山科智能,33.22,659700,19697413,68000000,225896
2021-11-16,SH688595,芯海科技,100.9,2668506,52629725,100000000,1009000
2021-11-16,SH688585,上纬新材,11.05,1254464,81884678,403200000,445536
2021-11-16,SZ300896,爱美客,587.65,2605830,104108515,216360000,12714395.4
2021-11-16,SH605111,新洁能,182.29,5103652,101477600,141680000,2582684.72
2021-11-16,SH688013,天臣医疗,24.9,421765,33799555,80000000,199200
2021-11-16,SH605136,丽人丽妆,24.92,3896264,195652951,402030000,1001858.76
2021-11-16,SH605018,长华集团,14.85,5810968,41680000,416680000,618769.8
2021-11-16,SZ003011,海象新材,35.89,3523407,34186821,102676000,368504.164
2021-11-16,SH688093,世华科技,42.03,745059,41204750,172000000,722916
2021-11-16,SH605099,共创草坪,38.72,1859158,40090000,402241000,1557477.152
2021-11-16,SH605338,巴比食品,36.46,6076925,83792557,248000000,904208
2021-11-16,SZ003001,中岩大地,19.25,1013768,43715970,127537903,245510.463275
2021-11-16,SZ300999,金龙鱼,66.1,20009431,542163297,5421591536,35836720.05296
2021-11-16,SH688330,宏力达,141.5,2759160,45209180,100000000,1415000
2021-11-16,SZ300899,*ST凯鑫,31.66,630500,31817702,63783466,201938.453356
2021-11-16,SH688386,泛亚微透,56.24,678956,46720688,70000000,393680
2021-11-16,SZ300898,熊猫乳品,30.03,2440406,50906750,124000000,372372
2021-11-16,SH605336,帅丰电器,33.56,3809743,44800000,142025000,476635.9
2021-11-16,SZ003012,东鹏控股,12,2254785,642619222,1190660000,1428792
2021-11-16,SH601568,北元集团,8.14,4301700,2060594445,3611111112,2939444.445168
2021-11-16,SH605058,澳弘电子,24.63,1600388,35731000,142923950,352021.68885
2021-11-16,SZ003015,日久光电,11.15,4050200,196134816,281066667,313389.333705
2021-11-16,SZ003013,地铁设计,19.35,614194,60203146,400010000,774019.35
2021-11-16,SH688788,科思科技,137.94,918087,46315054,75534232,1041919.196208
2021-11-16,SH688129,东来技术,18.35,865067,40280300,120000000,220200
2021-11-16,SH688179,阿拉丁,78.92,1704888,50787230,100933400,796566.3928
2021-11-16,SZ003017,大洋生物,33.7,398501,38376789,60000000,202200
2021-11-16,SZ003016,欣贺股份,11.65,13209635,145594700,431598700,502812.4855
2021-11-16,SH601187,厦门银行,6.84,11181068,972717875,2639127888,1805163.475392
2021-11-16,SH688221,前沿生物,15.9,2009024,187978671,359760000,572018.4
2021-11-16,SZ300900,广联航空,38.99,16396035,138650000,210240000,819725.76
2021-11-16,SH689009,九号公司,64.19,1829993,442994827,704688420,4523394.96798
2021-11-16,SZ300902,国安达,27.63,2849451,53019000,127980000,353608.74
2021-11-16,SZ300901,中胤时尚,12.15,2508698,121668000,240000000,291600
2021-11-16,SH605169,洪通燃气,17.49,5332370,52000000,208000000,363792
2021-11-16,SH688133,泰坦科技,229.54,1359980,46204073,76248960,1750218.62784
2021-11-16,SH601995,中金公司,47.5,11857923,531121281,4827256868,22929470.123
2021-11-16,SZ300903,科翔股份,27.64,3979030,91291169,172337694,476341.386216
2021-11-16,SZ300906,日月明,30.53,1866748,31559674,80000000,244240
2021-11-16,SZ300905,宝丽迪,24.55,1821261,47392590,144000000,353520
2021-11-16,SZ003018,金富科技,10.41,1517008,75521700,260000000,270660
2021-11-16,SH688529,豪森智能,30.9,3559836,32424390,128000000,395520
2021-11-16,BJ920839,万通液压,9.98,1344279,24891000,118650000,118412.7
2021-11-16,SH605007,五洲特纸,17.22,2399736,82360463,400010000,688817.22
2021-11-16,SH688057,金达莱,27,2177461,137218719,276000000,745200
2021-11-16,SH688135,利扬芯片,46.67,3881706,85547200,136400000,636578.8
2021-11-16,SH688160,步科股份,37.64,428408,23405178,84000000,316176
2021-11-16,SZ300884,狄耐克,18.41,2689778,93394800,180000000,331380
2021-11-16,SZ003019,宸展光电,28.97,5380648,32000000,128000000,370816
2021-11-16,SZ300909,汇创达,42.13,1493748,25226666,100906663,425119.771219
2021-11-16,SZ300907,康平科技,24.57,846052,24000000,96000000,235872
2021-11-16,SH688219,会通股份,12.32,1372477,45240346,459283632,565837.434624
2021-11-16,BJ920396,常辅股份,14.2,420784,26349023,53263891,75634.72522
2021-11-16,SZ300908,仲景食品,51.44,1519368,25000000,100000000,514400
2021-11-16,SH605068,明新旭腾,38.06,2282611,41500000,166000000,631796
2021-11-16,SH688777,中控技术,86.89,1032398,43757139,494084000,4293095.876
2021-11-16,BJ920047,诺思兰德,16.89,3522643,136286809,257250203,434495.592867
2021-11-16,SH605177,东亚药业,27.15,557300,28400000,113600000,308424
2021-11-16,SZ003004,*ST声迅,26.42,850800,20460000,81840000,216221.28
2021-11-16,BJ920030,德众汽车,6.95,6148376,50206398,178839681,124293.578295
2021-11-16,SZ300910,瑞丰新材,77.5,564100,37500000,150000000,1162500
2021-11-16,SH605266,健之佳,79.26,430585,17225000,69525820,551061.64932
2021-11-16,SZ300916,朗特智能,67,1820488,15975000,63870000,427929
2021-11-16,SH688557,兰剑智能,26.99,268728,17261500,72670000,196136.33
2021-11-16,SH688578,艾力斯,37.35,1919750,75143800,450000000,1680750
2021-11-16,SZ300915,海融科技,62.62,1650062,22500000,90000000,563580
2021-11-16,SH605258,协和电子,28.82,739937,22000000,88000000,253616
2021-11-16,SZ300911,亿田智能,72.3,1407510,26666700,108093200,781513.836
2021-11-16,SZ003021,兆威机电,74.75,1196529,42672000,171434720,1281474.532
2021-11-16,SH601686,友发集团,9.4,1312300,142000000,1438456600,1352149.204
2021-11-16,SH605183,确成股份,18.63,10388171,48720375,417587900,777966.2577
2021-11-16,SZ300912,凯龙高科,28.52,1451056,28000000,111968000,319332.736
2021-11-16,SZ300913,兆龙互连,33.19,6079790,30625000,122500000,406577.5
2021-11-16,SH688590,新致软件,18.24,1283251,38679760,182022280,332008.63872
2021-11-16,BJ920670,数字人,17.31,1626685,30992000,66364000,114876.084
2021-11-16,SH605376,博迁新材,71.57,2017835,65400000,261600000,1872271.2
2021-11-16,SZ003022,联泓新科,42.52,10166288,191568000,1335568000,5678835.136
2021-11-16,SH688308,欧科亿,69.01,475961,23877200,100000000,690100
2021-11-16,SZ003025,思进智能,31.5,1435887,28140000,112546000,354519.9
2021-11-16,SZ003023,彩虹集团,29.04,1331832,20300000,81032000,235316.928
2021-11-16,SH688571,杭华股份,8.29,1128405,76432700,320000000,265280
2021-11-16,SH688136,科兴制药,29,2470033,42720758,198700650,576231.885
2021-11-16,SZ003020,立方制药,40.77,446900,23160000,92640000,377693.28
2021-11-16,SH605299,舒华体育,20.23,2904627,50000000,411499000,832462.477
2021-11-16,SH605151,西上海,17.95,2108331,33340000,133340000,239345.3
2021-11-16,SH688608,恒玄科技,233,634919,24000000,120000000,2796000
2021-11-16,SH688510,航亚科技,25.3,1988680,51680000,258382608,653707.99824
2021-11-16,SZ000995,皇台酒业,23.33,10772018,177408000,177408000,413892.864
2021-11-16,SZ003027,同兴科技,25.34,1792200,32505000,132068000,334660.312
2021-11-16,SZ003026,中晶科技,81.52,2611720,24947000,99760000,813243.52
2021-11-16,SH688699,明微电子,211.01,903023,17662400,74368000,1569239.168
2021-11-16,SH688668,鼎通科技,68.2,4242470,21290000,85140000,580654.8
2021-11-16,SZ300917,特发服务,29.3,4876359,29380000,130000000,380900
2021-11-16,SH605500,森林包装,17.2,915700,50000000,200000000,344000
2021-11-16,SH605186,健麾信息,39.39,3035832,34000000,136000000,535704
2021-11-16,SZ300921,南凌科技,22.79,4282198,32814000,131687370,300115.51623
2021-11-16,SZ300918,南山智尚,9.74,4808623,90000000,360000000,350640
2021-11-16,BJ920000,安徽凤凰,10.4,2440922,33954085,93689065,97436.6276
2021-11-16,SH688678,福立旺,32.25,6838633,36847500,173350000,559053.75
2021-11-16,SZ300919,中伟新材,153.09,1747400,50285900,569650000,8720771.85
2021-11-16,SZ300923,研奥股份,30.37,803432,19650000,78600000,238708.2
2021-11-16,SH688658,悦康药业,21.91,1372004,89483700,450000000,985950
2021-11-16,SZ003029,吉大正元,20.69,742400,45100000,185400000,383592.6
2021-11-16,SH688560,明冠新材,33.38,2723578,36196100,164087736,547724.862768
2021-11-16,SZ300922,天秦装备,43.07,5603590,28002000,112008000,482418.456
2021-11-16,SZ300920,润阳科技,30.06,683350,25000000,100000000,300600
2021-11-16,SH688679,通源环境,12.42,644372,31433599,131689675,163558.57635
2021-11-16,BJ920856,浩淼科技,9.99,1391000,23694999,77471549,77394.077451
2021-11-16,SH601956,东贝集团,6.38,2610080,207000000,511320000,326222.16
2021-11-16,BJ920675,秉扬科技,10.35,1144699,45990360,170880000,176860.8
2021-11-16,BJ920510,丰光精密,20.72,1273007,40041378,131581378,272636.615216
2021-11-16,SH605179,一鸣食品,14.5,2427273,61000000,401000000,581450
2021-11-16,SZ003028,振邦智能,41.86,935085,27400000,111002880,464658.05568
2021-11-16,SH605377,华旺科技,16.61,1255580,71353380,287057380,476802.30818
2021-11-16,SH688698,伟创电气,24.49,1557548,38250000,180000000,440820
2021-11-16,SH688618,三旺通信,41.25,336377,11437785,50527495,208425.916875
2021-11-16,SH688063,派能科技,230.29,1852107,38435464,154844533,3565914.750457
2021-11-16,SZ300925,法本信息,33.42,11275512,55029000,220099166,735571.412772
2021-11-16,SZ300894,火星人,55.6,3674894,40500000,405000000,2251800
2021-11-16,SH688686,奥普特,306.51,187809,17793572,82475670,2527961.76117
2021-11-16,SH605155,西大门,20.32,1046900,24000000,96000000,195072
2021-11-16,SZ003031,中瓷电子,76.81,4333743,37333333,149333333,1147029.330773
2021-11-16,SZ003030,祖名股份,26.3,1960580,31200000,124780000,328171.4
2021-11-16,SH605277,新亚电子,35.88,5500540,33360000,136424400,489490.7472
2021-11-16,SZ300928,华安鑫创,45.4,2136612,20000000,80000000,363200
2021-11-16,SZ300926,博俊科技,29.4,23957551,35533400,142133400,417872.196
2021-11-16,SH688617,惠泰医疗,308.54,334042,14336200,66670000,2057036.18
2021-11-16,SZ300927,江天化学,36.3,2862646,20050000,80200000,291126
2021-11-16,BJ920344,三元基因,25.7,1021601,31829207,121810000,313051.7
2021-11-16,SZ003033,征和工业,27.01,643866,20450000,81750000,220806.75
2021-11-16,BJ920509,同惠电子,14.84,608982,35390214,106203114,157605.421176
2021-11-16,BJ920826,盖世食品,13.6,2350759,31739013,88554084,120433.55424
2021-11-16,SZ003032,*ST传智,21.2,3708800,40244750,402447500,853188.7
2021-11-16,SH688656,浩欧博,62.66,322233,13399895,63058328,395123.483248
2021-11-16,SH688819,天能股份,42.74,3887697,106226073,972100000,4154755.4
2021-11-16,SH688317,之江生物,51.65,1348570,42738817,194704350,1005647.96775
2021-11-16,SZ003035,南网能源,8.21,21262038,757575757,3787878787,3109848.484127
2021-11-16,SH605005,合兴股份,27.12,10529786,40100000,401000000,1087512
2021-11-16,SH605228,神通科技,9.69,15029163,80000000,420000000,406980
2021-11-16,SZ300929,华骐环保,30.11,3246288,18944647,82583098,248657.708078
2021-11-16,SZ300935,盈建科,56.5,275441,14130000,56505000,319253.25
2021-11-16,SH605398,新炬网络,39.02,381800,14874552,59498208,232162.007616
2021-11-16,SZ300931,通用电梯,11.66,3637306,60040000,240146000,280010.236
2021-11-16,SZ300930,屹通新材,35.83,2842836,25000000,100000000,358300
2021-11-16,SZ300932,三友联众,43.05,4060944,31500000,125629513,540835.053465
2021-11-16,SZ300933,中辰股份,12.7,15975426,91700000,458500000,582295
2021-11-16,SH688680,海优新材,285.41,583548,20169600,84020000,2398014.82
2021-11-16,SH688669,聚石化学,33.1,1359070,19908596,93333334,308933.33554
2021-11-16,BJ920275,驱动力,7.25,2129380,45245200,160277600,116201.26
2021-11-16,SZ300936,中英科技,40.43,766595,18800000,75200000,304033.6
2021-11-16,SZ300937,药易购,44.04,4887260,23916671,95666682,421316.067528
2021-11-16,SH688689,银河微电,43.19,4357003,30495000,128400000,554559.6
2021-11-16,SZ300938,信测标准,43.07,386300,16275000,65100000,280385.7
2021-11-16,SZ003036,泰坦股份,12.12,1803200,54000000,216000000,261792
2021-11-16,SZ300939,秋田微,53.18,2030016,20000000,80000000,425440
2021-11-16,SH688350,富淼科技,20.93,690190,25967500,122150000,255659.95
2021-11-16,SH605055,迎丰股份,7.43,1726500,80000000,440000000,326920
2021-11-16,SH605368,蓝天燃气,14.28,2826414,65500000,462702000,660738.456
2021-11-16,SH688628,优利德,25.72,596374,26125000,110000000,282920
2021-11-16,SH688607,康众医疗,38.06,1000085,19195298,88129027,335419.076762
2021-11-16,SZ300940,南极光,38.95,3449568,29606423,118425692,461268.07034
2021-11-16,SZ003037,三和管桩,10.13,1774779,68000000,503836583,510386.458579
2021-11-16,SH601963,重庆银行,8.65,3608083,347450534,3474505339,3005447.118235
2021-11-16,SH600916,中国黄金,14.19,4560875,180000000,1680000000,2383920
2021-11-16,BJ920427,华维设计,11.75,624087,20661600,82476000,96909.3
2021-11-16,SH688687,凯因科技,24.3,1266725,40352519,169828422,412683.06546
2021-11-16,SH688059,华锐精密,169.99,193559,9351700,44008000,748091.992
2021-11-16,SH605337,李子园,43.66,4386760,54180000,216720000,946199.52
2021-11-16,SZ300946,恒而达,85.26,2573099,16670000,66670000,568428.42
2021-11-16,BJ920239,长虹能源,129.98,1182568,30804051,81283127,1056518.084746
2021-11-16,SH605077,华康股份,44.34,849864,40796000,163184000,723557.856
2021-11-16,SZ300941,创识科技,41.09,1978623,34125000,136500000,560878.5
2021-11-16,SZ300942,易瑞生物,26.9,1619853,40860000,400860000,1078313.4
2021-11-16,SH688665,四方光电,157.21,368397,15040981,70000000,1100470
2021-11-16,SH605081,*ST太和,32.12,641700,19530000,78101429,250861.789948
2021-11-16,SZ300947,德必集团,33.12,1016559,20211000,80843998,267755.321376
2021-11-16,SZ003038,鑫铂股份,54.2,2086169,26610000,106437540,576891.4668
2021-11-16,SZ300943,春晖智控,22.91,2722273,30600000,135880000,311301.08
2021-11-16,SZ300945,曼卡龙,20.58,15976873,51000000,204000000,419832
2021-11-16,SH688070,纵横股份,33.69,856914,18785736,87580000,295057.02
2021-11-16,BJ920735,德源药业,24.6,1034580,18582244,65286000,160603.56
2021-11-16,BJ920599,同力股份,10.1,5136489,215597877,452525000,457050.25
2021-11-16,SH688619,罗普特,20.46,924147,44758535,187288015,383191.27869
2021-11-16,BJ920832,齐鲁华信,8.76,1375129,109347571,138763865,121557.14574
2021-11-16,SH605133,嵘泰股份,24.93,11963961,40000000,160000000,398880
2021-11-16,SH605268,王力安防,12.03,1721300,67000000,436000000,524508
2021-11-16,BJ920225,利通科技,9.89,1400824,41356340,81358266,80463.325074
2021-11-16,SZ300948,冠中生态,22.64,2798692,35010000,140010000,316982.64
2021-11-16,SH688183,生益电子,13.51,2709434,116454800,831821175,1123790.407425
2021-11-16,SH688677,海泰新光,98.7,319092,18513000,86980000,858492.6
2021-11-16,SZ300951,博硕科技,93.2,1661124,20000000,80000000,745600
2021-11-16,SZ300949,奥雅股份,53.28,2591165,15000000,60000000,319680
2021-11-16,SH605060,联德股份,18.23,6765936,60000000,240000000,437520
2021-11-16,SH605298,必得科技,18.35,682933,27000000,108000000,198180
2021-11-16,SH605303,园林股份,14.48,878400,40309352,161237408,233471.766784
2021-11-16,SH688079,美迪凯,15.43,3216996,73366945,401333334,619257.334362
2021-11-16,SH688696,极米科技,561.11,368472,10801335,50000000,2805550
2021-11-16,SZ300950,德固特,37.04,2069153,25000000,100000000,370400
2021-11-16,SZ003039,顺控发展,31.98,4541434,62000000,617518730,1974824.89854
2021-11-16,SH605208,永茂泰,22.17,3096784,47000000,188000000,416796
2021-11-16,SH688328,深科达,42.1,1020024,18217700,81040000,341178.4
2021-11-16,SH688676,金盘科技,36.18,13345821,36184500,425700000,1540182.6
2021-11-16,SH605122,四方新材,21.03,551339,43260000,172354000,362460.462
2021-11-16,SH688083,中望软件,323.57,212710,14102692,61943857,2004317.380949
2021-11-16,SZ300952,恒辉安防,23.1,1233412,36232000,144927653,334782.87843
2021-11-16,SH688667,菱电电控,162.9,771727,12369637,51600000,840564
2021-11-16,SH688316,青云科技,54.53,227421,11400000,47462175,258811.240275
2021-11-16,SH688456,有研粉材,26.79,905686,28500000,103660000,277705.14
2021-11-16,SH688616,西力科技,13.13,1099213,35972900,150000000,196950
2021-11-16,SZ300953,震裕科技,154.69,1678579,20943000,93080000,1439854.52
2021-11-16,SH688092,爱科科技,41.3,482165,12805860,59158392,244324.15896
2021-11-16,SH605389,长龄液压,47.7,609009,24333400,97333400,464280.318
2021-11-16,SH605286,同力天启,43.11,6569121,42000000,168000000,724248
2021-11-16,SZ300959,线上线下,49.93,1002400,20000000,80000000,399440
2021-11-16,SZ003040,楚天龙,24.74,8077311,78393115,461135972,1140850.394728
2021-11-16,SH688609,九联科技,14.57,11283738,85000000,500000000,728500
2021-11-16,SH688633,星球石墨,69.77,864150,17274168,72733334,507460.471318
2021-11-16,SZ300955,嘉亨家化,35.24,1366677,25200000,100800000,355219.2
2021-11-16,SH688606,奥泰生物,110.85,220824,13051134,53904145,597527.447325
2021-11-16,SZ300957,贝泰妮,222.15,1994841,60960100,423600000,9410274
2021-11-16,SZ300956,英力股份,24.47,5949302,33000000,132000000,323004
2021-11-16,SH688195,腾景科技,28.93,6565847,32137800,129350000,374209.55
2021-11-16,SH603759,海天股份,18.2,9483855,78000000,312000000,567840
2021-11-16,SH688329,艾隆科技,39.56,895947,16907600,77200000,305403.2
2021-11-16,SZ300960,通业科技,24.43,1427915,25600000,102385812,250128.538716
2021-11-16,SZ300958,建工修复,27.81,2172218,32097708,142656479,396727.668099
2021-11-16,SH688661,和林微纳,111.85,1063682,17000000,80000000,894800
2021-11-16,SH688109,品茗科技,52.91,298770,12920000,54374000,287692.834
2021-11-16,SZ300961,深水海纳,22.6,6741792,44324480,177280000,400652.8
2021-11-16,SH688626,翔宇医疗,53.93,2362404,38719800,160000000,862880
2021-11-16,SH688659,元琛科技,13.21,1237670,38281600,160000000,211360
2021-11-16,SH688662,富信科技,39.01,1187207,21495300,88240000,344224.24
2021-11-16,SH688630,芯碁微装,72.9,1664137,25672082,120800000,880632
2021-11-16,SZ300965,恒宇信通,68.11,872787,15000000,60000000,408660
2021-11-16,SZ003041,真爱美家,28.21,5820885,25000000,100000000,282100
2021-11-16,SZ003042,中农联合,23.63,642526,27400000,109600000,258984.8
2021-11-16,SH688260,昀冢科技,18.66,2456386,28500000,120000000,223920
2021-11-16,SZ003043,华亚智能,83,2521400,20000000,80000000,664000
2021-11-16,SH603324,盛剑科技,67.19,1944300,30987004,125116500,840657.7635
2021-11-16,SH688191,智洋创新,25.61,3956936,36408136,153046047,391950.926367
2021-11-16,SH688636,智明达,156.56,307183,10625000,50335600,788054.1536
2021-11-16,SZ300966,共同药业,45.88,7210970,29000000,115277000,528890.876
2021-11-16,SZ300963,中洲特材,25.15,1338231,30000000,120000000,301800
2021-11-16,SH688468,科美诊断,17.05,1123604,35952300,401000000,683705
2021-11-16,SZ300962,中金辐照,19.72,3247161,66000500,264001897,520611.740884
2021-11-16,SH688611,杭州柯林,86.36,1209654,13276250,55900000,482752.4
2021-11-16,SZ300969,恒帅股份,142.07,2401553,20000000,80000000,1136560
2021-11-16,SH688683,莱尔科技,25.5,1577301,32206200,148560000,378828
2021-11-16,SZ300970,华绿生物,27.37,4275442,29180000,116700000,319407.9
2021-11-16,SH605378,野马电池,28.8,2022671,33340000,133340000,384019.2
2021-11-16,SH688315,诺禾致源,44.73,1553490,35028000,400200000,1790094.6
2021-11-16,SZ300967,晓鸣股份,24.46,11460062,47000000,187506000,458639.676
2021-11-16,SH688663,新风光,62.7,3613200,31491000,139950000,877486.5
2021-11-16,SZ300971,博亚精工,40.78,1456827,20999500,84000000,342552
2021-11-16,SZ300973,立高食品,149.46,632462,38106000,169340000,2530955.64
2021-11-16,SZ300968,格林精密,14.29,12187821,93042000,413380000,590720.02
2021-11-16,SH601279,英利汽车,9.11,36082970,149425316,1494253157,1361264.626027
2021-11-16,SH605086,龙高股份,23.2,1563600,32000000,128000000,296960
2021-11-16,SZ300972,万辰集团,15.83,3059082,38375000,153500000,242990.5
2021-11-16,SH688533,上声电子,39.04,5634556,34505600,160000000,624640
2021-11-16,SZ300976,达瑞电子,94.55,4890886,23496600,93986400,888641.412
2021-11-16,SH605117,德业股份,276.95,2268130,42667000,170667000,4726622.565
2021-11-16,SH688682,霍莱沃,128.48,310518,7862500,37000000,475376
2021-11-16,SZ300983,尤安设计,79.58,330400,20000000,80000000,636640
2021-11-16,SZ300977,深圳瑞捷,56.08,794600,16800000,68378900,383468.8712
2021-11-16,SZ300980,祥源新材,39.28,968233,17974514,71898056,282415.563968
2021-11-16,SH605016,百龙创园,29.59,1175815,31800000,126800000,375201.2
2021-11-16,SH688201,信安世纪,54.17,1185648,19789650,93127756,504473.054252
2021-11-16,SH605098,行动教育,47.8,553200,21090000,84341857,403154.07646
2021-11-16,SZ300975,商络电子,17.64,3490025,45664300,420000000,740880
2021-11-16,SH688639,华恒生物,89.15,709593,24790739,108000000,962820
2021-11-16,SZ300979,华利集团,94.28,864166,83591100,1167000000,11002476
2021-11-16,SZ300978,东箭科技,20.35,13217843,42500000,422702739,860200.073865
2021-11-16,SH605289,罗曼股份,30.49,8403521,21670000,86670000,264256.83
2021-11-16,SZ300981,中红医疗,77.66,2462770,41670000,166670000,1294359.22
2021-11-16,SZ300982,苏文电能,75.2,3429109,35079567,140318267,1055193.36784
2021-11-16,SH605089,味知香,80.34,5731198,25000000,100000000,803400
2021-11-16,SH688383,新益昌,120.08,1175964,24449920,102133600,1226420.2688
2021-11-16,SZ001201,东瑞股份,37.23,1329448,44338000,177338000,660229.374
2021-11-16,SH688323,瑞华泰,28.42,879785,38250000,180000000,511560
2021-11-16,SZ001202,炬申股份,16.84,879700,32242000,128800000,216899.2
2021-11-16,SZ300985,致远新能,32.8,4415738,33333400,133333400,437333.552
2021-11-16,SH688395,正弦电气,29.01,1065774,18410000,86000000,249486
2021-11-16,SH605300,佳禾食品,20.88,8085580,40010000,400010000,835220.88
2021-11-16,SH605180,华生科技,35.61,1172584,25000000,100000000,356100
2021-11-16,SZ300986,志特新材,61.67,1604190,29266667,117066667,721950.135389
2021-11-16,SH688113,联测科技,68.1,248196,15200000,63700000,433797
2021-11-16,SH605305,中际联合,108.71,1170700,27500000,110000000,1195810
2021-11-16,SH605080,浙江自然,69.99,406600,25280900,101123600,707764.0764
2021-11-16,SH600906,财达证券,11.37,24893332,500000000,3245000000,3689565
2021-11-16,SZ300989,蕾奥规划,42.64,494800,15000000,60000000,255840
2021-11-16,SZ001203,大中矿业,14.83,6165106,218940000,1508000000,2236364
2021-11-16,SZ300987,川网传媒,33.82,7934211,29141688,133360000,451023.52
2021-11-16,SH605196,华通线缆,10.42,5931490,76000000,506822098,528108.626116
2021-11-16,SH688655,迅捷兴,18.92,1658397,33390000,133390000,252373.88
2021-11-16,SZ300988,津荣天宇,36.95,2321799,18476800,73880000,272986.6
2021-11-16,SH688097,博众精工,47.2,1134946,39736800,402516500,1899877.88
2021-11-16,SZ300990,同飞股份,122.08,1294472,13000000,52000000,634816
2021-11-16,SH688355,明志科技,25.45,1242792,26154500,123077692,313232.72614
2021-11-16,SZ001205,盛航股份,21.28,708599,30066667,120266667,255927.467376
2021-11-16,SH688685,迈信林,28.39,2101205,23771668,111866667,317589.467613
2021-11-16,SH605488,福莱新材,25.82,749984,30000000,120000000,309840
2021-11-16,SH688565,力源科技,15.33,952034,25412500,106950000,163954.35
2021-11-16,SH688217,睿昂基因,59.43,292422,11378597,55577060,330294.46758
2021-11-16,SH688575,亚辉龙,27.88,878354,33132997,405000000,1129140
2021-11-16,SH688314,康拓医疗,74.8,623362,11808428,58027980,434049.2904
2021-11-16,SH605339,南侨食品,34.48,6144268,63529412,423529412,1460329.412576
2021-11-16,SZ001206,依依股份,46.55,1765428,23583400,94333576,439122.79628
2021-11-16,SH688660,电气风电,13.41,34613553,364216788,1333333400,1788000.0894
2021-11-16,SZ300991,创益通,34.15,2078177,21338204,90000000,307350
2021-11-16,SH688076,ST诺泰,42.92,1491399,43196753,213183800,914984.8696
2021-11-16,SH688613,奥精医疗,58.41,944250,27399171,133333334,778800.003894
2021-11-16,SH688359,三孚新科,54.81,1137461,22048935,92180000,505238.58
2021-11-16,SZ300993,玉马科技,26.58,5401087,31223318,131680000,350005.44
2021-11-16,SZ300992,泰福泵业,24.87,1346092,21529330,90800000,225819.6
2021-11-16,SZ300614,百川畅银,54.42,8365072,38039259,160434469,873084.380298
2021-11-16,SH600032,浙江新能,15.74,24032670,208000000,2080000000,3273920
2021-11-16,SH605090,九丰能源,33.08,4354874,82969866,442969866,1465344.316728
2021-11-16,SZ300995,奇德新材,27.71,1353828,19955189,84160000,233207.36
2021-11-16,SH603836,海程邦达,24.76,4687459,51310000,205235237,508162.446812
2021-11-16,BJ920726,朱老六,16.67,1319985,20585025,102180000,170334.06
2021-11-16,SH605499,东鹏饮料,185.3,1075628,40010000,400010000,7412185.3
2021-11-16,SH605296,神农集团,39.18,969435,40030000,400229012,1568097.269016
2021-11-16,SZ301001,凯淳股份,34.77,2706714,20000000,80000000,278160
2021-11-16,SH605189,富春染织,22.4,2314237,31200000,124800000,279552
2021-11-16,SZ301000,肇民科技,70.55,2509397,13333500,53333500,376267.8425
2021-11-16,SH688538,和辉光电,3.2,79556879,2182502798,13809437625,4419020.04
2021-11-16,SH603511,爱慕股份,21.9,1355711,40010000,400010000,876021.9
2021-11-16,SZ301005,超捷股份,64.1,4153436,14281726,57126903,366183.44823
2021-11-16,SZ301003,江苏博云,53.15,615078,14566667,58266667,309687.335105
2021-11-16,SZ300998,宁波方正,47.31,16556854,22699400,106400000,503378.4
2021-11-16,SZ300997,欢乐家,17.34,12039085,84507994,450000000,780300
2021-11-16,SH688117,圣诺生物,36.45,707758,19165717,80000000,291600
2021-11-16,SZ300996,普联软件,34.92,5807634,33536264,141010659,492409.221228
2021-11-16,BJ920523,德瑞锂电,32.99,4331485,36668321,77924130,257071.70487
2021-11-16,SZ301002,崧盛股份,67.15,1393533,22406254,94520000,634701.8
2021-11-16,SH688625,呈和科技,56,932008,28800402,133333400,746667.04
2021-11-16,SZ301006,迈拓股份,25.03,1390151,33041584,139280000,348617.84
2021-11-16,SH605319,无锡振华,16.75,7184001,50000000,200000000,335000
2021-11-16,SH688319,欧林生物,33.12,1650352,37217326,405265000,1342237.68
2021-11-16,SH688131,皓元医药,304.99,470898,16281151,74342007,2267356.871493
2021-11-16,BJ920212,智新电子,17.41,1551933,26247500,106100000,184720.1
2021-11-16,SH601156,东航物流,20.31,3704554,158755556,1587555556,3224325.334236
2021-11-16,SH688269,凯立新材,112.03,838920,22421411,93360000,1045912.08
2021-11-16,SH600905,三峡能源,6.73,254954150,6949457019,28571000000,19228283
2021-11-16,SH688345,博力威,57.76,879521,22846018,100000000,577600
2021-11-16,SZ301008,宏昌科技,41.12,735646,16666667,66666667,274133.334704
2021-11-16,SH603529,爱玛科技,39.7,3743804,65000000,403660003,1602530.21191
2021-11-16,SH688700,东威科技,86.45,2457601,33470072,147200000,1272544
2021-11-16,SH605259,绿田机械,35.37,4127675,22000000,88000000,311256
2021-11-16,SH688681,科汇股份,23.13,3612116,21391352,104670000,242101.71
2021-11-16,SZ301007,德迈仕,22.72,12124709,36359728,153340000,348388.48
2021-11-16,SH688067,爱威科技,26.58,296613,13840371,68000000,180744
2021-11-16,SH688597,煜邦电力,12.86,2566559,35917397,176472980,226944.25228
2021-11-16,SZ301011,华立科技,64.16,3604929,18519044,86800000,556908.8
2021-11-16,SZ301009,可靠股份,19.53,3450000,64806264,271860000,530942.58
2021-11-16,SZ301010,晶雪节能,21.73,1798152,25602586,108000000,234684
2021-11-16,SH688517,金冠电气,13.62,2012736,30963399,136109184,185380.708608
2021-11-16,SZ300984,金沃股份,46.37,1983106,12000000,48000000,222576
2021-11-16,SH601665,齐鲁银行,5.42,8273900,458083334,4580833334,2482811.667028
2021-11-16,SH688621,阳光诺和,126.75,999905,17255307,80000000,1014000
2021-11-16,SH688425,铁建重工,4.98,13843202,1157693078,5140720000,2560078.56
2021-11-16,SZ301012,扬电科技,43.21,4087800,19912152,84000000,362964
2021-11-16,SH688690,纳微科技,83.3,867094,41888783,400145948,3333215.74684
2021-11-16,SH688216,气派科技,53.14,1078094,21631528,106270000,564718.78
2021-11-16,SZ001207,联科科技,22.32,1935600,45500000,182000000,406224
2021-11-16,SZ001208,华菱线缆,15.76,15302654,133606000,534424000,842252.224
2021-11-16,SZ301004,嘉益股份,21.3,2854198,23711016,100000000,213000
2021-11-16,SH601528,瑞丰银行,10.63,15513860,150935492,1509354919,1604444.278897
2021-11-16,SH688276,百克生物,74.96,1379074,33044856,412840698,3094653.872208
2021-11-16,SH688601,力芯微,173,656057,13026658,64000000,1107200
2021-11-16,BJ920768,拾比佰,14.21,2304467,51200200,105752700,150274.5867
2021-11-16,SH688367,工大高科,20.4,659834,20823311,86753000,176976.12
2021-11-16,SZ301019,宁波色母,41.57,1036299,20000000,80000000,332560
2021-11-16,SZ301013,利和兴,31.43,5473718,33246306,155828704,489769.616672
2021-11-16,SH688161,威高骨科,69.33,1446359,33952449,400000000,2773200
2021-11-16,SH603171,税友股份,31.63,2173040,40590000,405890000,1283830.07
2021-11-16,SZ301016,雷尔伟,26.39,1339257,28452437,120000000,316680
2021-11-16,SZ301015,百洋医药,27.75,6183896,44442200,525100000,1457152.5
2021-11-16,SH605011,杭州热电,24.52,4646500,40100000,400100000,981045.2
2021-11-16,SH688499,利元亨,284.17,922738,17970980,88000000,2500696
2021-11-16,SZ301022,海泰科,39.77,2695361,16000000,64000000,254528
2021-11-16,SZ301017,漱玉平民,28.8,18906822,34255193,405340000,1167379.2
2021-11-16,SH688239,航宇科技,63.38,2167548,28465496,140000000,887320
2021-11-16,BJ920765,美之高,11.02,711766,17929566,69613044,76713.574488
2021-11-16,SZ301020,密封科技,30.59,4108046,34712856,146400000,447837.6
2021-11-16,SH605287,德才股份,27.43,666305,25000000,100000000,274300
2021-11-16,SZ301021,英诺激光,43.45,2037483,32427666,151645082,658897.88129
2021-11-16,SH605162,新中港,14.48,25785069,80090200,400451000,579853.048
2021-11-16,SZ301018,申菱环境,29.61,12210095,51214100,240010000,710669.61
2021-11-16,SZ301023,奕帆传动,76.61,905106,9333500,37333500,286011.9435
2021-11-16,SH688226,威腾电气,14.85,1645276,31755028,156000000,231660
2021-11-16,SZ301039,中集车辆,11.17,7729639,172478045,2017600000,2253659.2
2021-11-16,BJ920885,星辰科技,21.98,1491034,27525892,84964200,186751.3116
2021-11-16,SH688789,宏华数科,296,164257,15440365,76000000,2249600
2021-11-16,SH605020,永和股份,29.24,4126297,66670000,266670000,779743.08
2021-11-16,SH688087,英科再生,92.74,644944,27070190,133032493,1233743.340082
2021-11-16,SH688305,科德数控,117.82,848902,18465866,90720000,1068863.04
2021-11-16,SH605028,世茂能源,25.68,4744615,40000000,160000000,410880
2021-11-16,SH688038,中科通达,19.2,1623843,23666426,116373400,223436.928
2021-11-16,SH688799,华纳药厂,39.96,960139,19128589,93800000,374824.8
2021-11-16,SZ301031,中熔电气,190.82,2875794,16570000,66277427,1264705.862014
2021-11-16,SZ301027,华蓝集团,17.39,7575974,34902700,147000000,255633
2021-11-16,SH688793,倍轻松,110.5,581624,12545413,61640000,681122
2021-11-16,SZ301026,浩通科技,67.08,916223,24178318,113333334,760240.004472
2021-11-16,SH688501,青达环保,16.1,597196,21514113,94670000,152418.7
2021-11-16,SZ301025,读客文化,18.68,10009398,37564892,400010000,747218.68
2021-11-16,SH605056,咸亨国际,19.36,3670335,40010000,400010000,774419.36
2021-11-16,SH605365,立达信,18.36,1262093,50000000,500000000,918000
2021-11-16,SZ301028,鼎熔岩,15,15471226,90105692,378912000,568368
2021-11-16,BJ920146,华阳变速,6.77,4102495,49351424,130556443,88386.711911
2021-11-16,SZ301032,新柴股份,12.81,8532625,57176164,241133400,308891.8854
2021-11-16,SH688800,瑞可达,119.27,2299498,21971083,108000000,1288116
2021-11-16,SH688303,大全能源,69.38,5534616,198527692,1925000000,13355650
2021-11-16,SZ301030,仕净科技,32.77,4963074,28447890,133333334,436933.335518
2021-11-16,SH601921,浙版传媒,8.88,4526943,222222223,2222222223,1973333.334024
2021-11-16,SZ001209,洪兴股份,25.1,740974,23486500,93944800,235801.448
2021-11-16,SZ301029,怡合达,95.8,685902,33805479,400010000,3832095.8
2021-11-16,SH688768,容知日新,115,348302,11171165,54865491,630953.1465
2021-11-16,SH605167,利柏特,8.9,6219357,112268882,449070000,399672.3
2021-11-16,SZ301033,迈普医学,61.87,409868,14093703,66062951,408731.477837
2021-11-16,SH688296,和达科技,47.48,518447,24412042,107393160,509902.72368
2021-11-16,SZ301035,润丰股份,51.9,1089994,65490600,276180000,1433374.2
2021-11-16,SZ301024,霍普股份,46.48,712300,10600000,42390000,197028.72
2021-11-16,SH688718,唯赛勃,29.61,905377,35294220,173754389,514486.745829
2021-11-16,SZ301036,双乐股份,32.37,1658173,23710046,100000000,323700
2021-11-16,SH688071,华依科技,46.69,1627910,14830590,72844774,340112.249806
2021-11-16,SZ001210,金房能源,36.55,2140787,22690000,90748077,331684.221435
2021-11-16,SH688511,*ST天微,58.72,533400,16283266,80000000,469760
2021-11-16,SH688509,正元地信,6.12,3175073,153529550,770000000,471240
2021-11-16,SZ301037,保立佳,27.5,4711674,21358977,90100000,247775
2021-11-16,SH688670,金迪克,83.15,545158,18129291,88000000,731720
2021-11-16,SH605507,国邦医药,28.72,3157904,83823500,558823500,1604941.092
2021-11-16,SZ301040,中环海陆,48.11,5835560,23708621,100000000,481100
2021-11-16,SZ300774,倍杰特,16.89,4516650,38378581,408763660,690401.82174
2021-11-16,SH688385,复旦微电,51,4966613,79739128,814502000,4153960.2
2021-11-16,SZ301038,深水规院,19.7,2498898,28162290,132000000,260040
2021-11-16,SZ301042,安联锐视,45.41,1909117,17200000,68800000,312420.8
2021-11-16,SZ300964,本川智能,44.66,2942860,19324600,77298284,345214.136344
2021-11-16,SH688778,厦钨新能,106.45,2623282,51867513,251572267,2677986.782215
2021-11-16,SZ001211,双枪科技,28.38,1184600,18000000,72000000,204336
2021-11-16,BJ920553,凯腾精工,6.07,2078044,62593267,142000460,86194.27922
2021-11-16,SH688148,芳源股份,32.94,4069591,72258979,508740000,1675789.56
2021-11-16,BJ920090,同辉信息,7.2,11899536,88912243,153333497,110400.11784
2021-11-16,SH605589,圣泉集团,35.1,7478157,81060000,774776800,2719466.568
2021-11-16,SZ000792,盐湖股份,24.7,50625327,5428890937,5432876672,13419205.37984
2021-11-16,SZ301041,金百泽,29.19,4023379,25305432,106680000,311398.92
2021-11-16,SZ301043,绿岛风,31.33,1580909,17000000,68000000,213044
2021-11-16,SH688779,五矿新能,24.68,16681840,347558911,1929206272,4761281.079296
2021-11-16,SZ300814,中富电路,27.26,8248250,41694699,175796000,479219.896
2021-11-16,SZ300994,久祺股份,46.69,2836980,46055537,194240000,906906.56
2021-11-16,SH605588,冠石科技,41.47,1509409,18275000,73099561,303143.879467
2021-11-16,SH688787,海天瑞声,78.03,606764,8703102,42800000,333968.4
2021-11-16,SZ301045,天禄科技,30.33,1881374,24460606,103154344,312867.125352
2021-11-16,SZ300844,山水比德,66.69,1874205,10100000,40400000,269427.6
2021-11-16,BJ920566,梓橦宫,17.52,1399748,38484135,73280540,128387.50608
2021-11-16,SH605069,正和生态,18.66,2002808,40711111,162844444,303867.732504
2021-11-16,SH688798,艾为电子,241.9,263403,31977586,166000000,4015540
2021-11-16,BJ920642,通易航天,18.24,1290005,33131443,73084982,133307.007168
2021-11-16,SZ301047,义翘神州,372.95,1650715,17000000,68000000,2536060
2021-11-16,SZ301046,能辉科技,62.23,4903966,35438000,149480000,930214.04
2021-11-16,SH688733,壹石通,72.14,5023427,38546232,182164340,1314133.54876
2021-11-16,BJ920039,国义招标,9.96,812534,44017900,152020000,151411.92
2021-11-16,SZ301048,金鹰重工,13.53,10342504,87727627,533333400,721600.0902
2021-11-16,SH688728,格科微,31.9,9297166,164684394,2498887173,7971450.08187
2021-11-16,SH601825,沪农商行,6.98,11880488,964444445,9644444445,6731822.22261
2021-11-16,SH605580,恒盛能源,19.2,15173976,50000000,200000000,384000
2021-11-16,SH601728,中国电信,4.21,55596261,4405328291,91507138699,38524505.392279
2021-11-16,BJ920174,五新隧装,25.08,1713602,26596617,88300000,221456.4
2021-11-16,SH688766,普冉股份,390,393044,7739251,36228719,1412920.041
2021-11-16,SZ001212,中旗新材,31.3,1429602,22670000,90670000,283797.1
2021-11-16,SZ301049,超越科技,34.58,4377024,22344200,94253300,325927.9114
2021-11-16,SZ301050,雷电微力,257,640988,18413548,96800000,2487760
2021-11-16,SH605577,龙版传媒,13.26,16542036,44444445,444444445,589333.33407
2021-11-16,SH688786,悦安新材,55.27,756955,17387756,85440800,472231.3016
2021-11-16,BJ920305,*ST云创,21.24,769096,43074218,132376125,281166.8895
2021-11-16,SZ301051,信濠光电,136.66,1656307,20000000,80000000,1093280
2021-11-16,SZ301052,果麦文化,30.93,4136026,17082013,72039937,222819.525141
2021-11-16,SH688776,国光电气,197,502567,15934346,77416728,1525109.5416
2021-11-16,BJ920077,吉林碳谷,41.91,2615108,90585679,315375494,1321738.695354
2021-11-16,SH688711,宏微科技,149.8,1239403,20234041,98493334,1475430.14332
2021-11-16,SZ301053,远信工业,30.33,2275375,17442347,81752500,247955.3325
2021-11-16,SZ301055,张小泉,25.45,8112719,33281193,156000000,397020
2021-11-16,SH688121,卓然股份,26.47,1389585,41559709,202666667,536458.667549
2021-11-16,SZ001215,千味央厨,70.16,2047327,21280000,85104136,597090.618176
2021-11-16,SH688187,时代电气,65.4,5009885,158488549,1416236912,9262189.40448
2021-11-16,SZ301056,森赫股份,11.39,7810786,63258453,266786667,303870.013713
2021-11-16,SZ001213,中铁特货,5.24,17756438,444444400,4444444400,2328888.8656
2021-11-16,SH688767,博拓生物,64.07,1287080,22210796,106666667,683413.335469
2021-11-16,SZ301058,中粮科工,12.29,20219762,95737209,512274245,629585.047105
2021-11-16,SZ301057,汇隆新材,19.97,4766098,25890054,109200000,218072.4
2021-11-16,SH605599,菜百股份,12.22,3254802,77777800,777777800,950444.4716
2021-11-16,SH688091,上海谊众,49.81,961161,24133916,105800000,526989.8
2021-11-16,SH688103,国力电子,72.9,678110,19447390,95390000,695393.1
2021-11-16,SZ301059,金三江,20.86,5518389,28858972,121660000,253782.76
2021-11-16,SH688622,禾信仪器,69.39,242178,14246175,69997606,485713.388034
2021-11-16,SZ301060,兰卫医学,22.26,11461455,40609907,400517000,891550.842
2021-11-16,SZ301061,匠心家居,76.78,4874939,20000000,80000000,614240
2021-11-16,SZ301062,上海艾录,16.94,5076173,41027339,400391800,678263.7092
2021-11-16,SZ301065,本立科技,56.05,4588680,17680000,70680000,396161.4
2021-11-16,SH688707,振华新材,44,4712620,73508605,442934810,1948913.164
2021-11-16,SH600955,维远股份,44.82,7824207,137500000,550000000,2465100
2021-11-16,SH688701,卓锦股份,12.67,2313497,27322943,134277372,170129.430324
2021-11-16,SH605033,美邦股份,15.5,3687232,33800000,135200000,209560
2021-11-16,SZ300854,中兰环保,32.5,6689179,23519651,99094000,322055.5
2021-11-16,SH688697,纽威数控,18.85,9497259,66448696,326666700,615766.7295
2021-11-16,SH605598,上海港湾,14.55,3623986,43193467,172743467,251341.744485
2021-11-16,SZ301066,万事利,27.22,6726083,28703706,134537280,366210.47616
2021-11-16,SZ301067,显盈科技,54.02,3294707,13510000,54020000,291816.04
2021-11-16,SZ301070,开勒股份,35.37,2653523,16180000,64555200,228331.7424
2021-11-16,SZ301063,海锅股份,44.37,5216737,19970639,84240000,373772.88
2021-11-16,SZ301071,力量钻石,312.1,1346213,15092995,60371980,1884209.4958
2021-11-16,SZ301069,凯盛新材,58.52,9849648,56334652,420640000,2461585.28
2021-11-16,SH601868,中国能建,2.14,448122746,11670767272,41691163636,8921909.018104
2021-11-16,SZ301068,大地海洋,28,5462284,17919706,84000000,235200
2021-11-16,SZ301072,中捷精工,27.39,8213269,24906044,105054800,287745.0972
2021-11-16,SZ301075,多瑞医药,40.66,9301367,20000000,80000000,325280
2021-11-16,SZ001217,华尔泰,21.26,20916205,82970000,331870000,705555.62
2021-11-16,SZ301077,星华新材,60.6,2923330,15000000,60000000,363600
2021-11-16,SZ301073,君亭酒店,28.6,3371300,19066558,80540000,230344.4
2021-11-16,SZ301076,新瀚新材,36.21,4806909,20000000,79600000,288231.6
2021-11-16,SH605567,春雪食品,16.36,13254917,50000000,200000000,327200
2021-11-16,SZ301078,孩子王,17.35,17523674,74136266,1088000000,1887680
2021-11-16,SZ001218,丽臣实业,43.82,2300634,22500000,89995500,394360.281
2021-11-16,SH688772,珠海冠宇,52.33,10321362,103685789,1121855747,5870671.124051
2021-11-16,SH688272,富吉瑞,53.37,3234128,15458031,76000000,405612
2021-11-16,SZ301080,百普赛斯,208.01,2453107,20000000,80000000,1664080
2021-11-16,SZ301085,亚康股份,35.7,6311690,20000000,80000000,285600
2021-11-16,SH688722,同益中,15.08,8011974,43045892,224666700,338797.3836
2021-11-16,SZ301079,邵阳液压,32.2,6599160,17897385,83893334,270136.53548
2021-11-16,SZ001216,华瓷股份,18.05,30273847,62966700,251866700,454619.3935
2021-11-16,SZ301081,严牌股份,24.09,28399687,37320250,170670000,411144.03
2021-11-16,SZ301086,鸿富瀚,90.52,2487060,15000000,60000000,543120
2021-11-16,SH688285,高铁电气,9.66,8686854,72074457,376289913,363496.055958
2021-11-16,SZ001219,青岛食品,34.52,10953592,22200000,88750000,306365
2021-11-16,SZ301083,百胜智能,19.66,23877241,37474843,177866667,349685.867322
2021-11-16,SH605555,德昌股份,45.33,8345100,50000000,189980000,861179.34
2021-11-16,SH688737,中自科技,53.95,1580988,17833405,86034976,464158.69552
2021-11-16,SZ301087,可孚医疗,91.77,6690088,36948960,160000000,1468320
2021-11-16,SH688255,凯尔达,41.85,1907576,16729782,78414611,328165.147035
2021-11-16,SH605566,福莱蒽特,31.12,3440046,33340000,133340000,414954.08
2021-11-16,BJ920925,锦好医疗,25.06,1090726,14792635,46970000,117706.82
2021-11-16,SH688211,中科微至,79.44,2303552,30608073,131608698,1045499.496912
2021-11-16,SH688553,汇宇制药,35.75,3957223,49692954,423600000,1514370
2021-11-16,SZ301090,华润材料,14.16,44738302,167401937,1479416553,2094853.839048
2021-11-16,SH605138,盛泰集团,12.19,9715106,55560000,555560000,677227.64
2021-11-16,SZ301089,拓新药业,91.19,0,27506432,126000000,1148994
2021-11-16,SZ301082,久盛电气,29.02,12968612,33978604,161649410,469106.58782
2021-11-16,SH688257,新锐股份,61.4,3052402,20058893,92800000,569792
2021-11-16,SH688280,精进电动,20.82,27591314,99622268,590221667,1228841.510694
2021-11-16,SZ301088,戎美股份,26.89,9685163,52396674,228000000,613092
2021-11-16,BJ920892,广咨国际,19.99,553447,10249313,75652000,151228.348
2021-11-16,SH688739,成大生物,80.91,3636099,38812784,416450000,3369496.95
2021-11-16,SZ301091,深城交,32.71,5856853,33666880,160000000,523360
2021-11-16,SZ301093,华兰股份,53.1,5485446,30901264,134666667,715080.00177
2021-11-16,SZ001288,运机集团,18.26,11908980,40000000,160000000,292160
2021-11-16,SZ301092,争光股份,42.2,12713948,31614501,133333334,562666.66948
2021-11-16,SZ301129,瑞纳智能,68.8,5155939,18420000,73660000,506780.8
2021-11-16,BJ920924,广脉科技,11.7,2487900,37792308,81173914,94973.47938
2021-11-16,SZ301169,零点有数,42.2,6237836,18059944,72239774,304851.84628
2021-11-16,BJ920405,海希通讯,31.11,1608297,17769625,68000000,211548
2021-11-16,BJ920089,禾昌聚合,15.55,3780101,44712250,104620000,162684.1
2021-11-16,SZ301128,强瑞技术,53.39,7670991,18471700,73886622,394480.674858
2021-11-16,SH688162,巨一科技,94.04,8387557,26238089,137000000,1288348
2021-11-16,SZ301149,隆华新材,23.81,25108497,61934172,430000018,1023830.042858
2021-11-16,SZ301188,力诺药包,25.71,19786558,45788593,232410000,597526.11
2021-11-16,SH603213,镇洋发展,11.48,3056621,65260000,434800000,499150.4
2021-11-16,SZ301178,天亿马,71,5067596,11778000,47112000,334495.2
2021-11-16,SZ301098,金埔园林,39.59,13669193,22986876,105600000,418070.4
2021-11-16,SH688107,安路科技,62.67,10062169,41762820,400100000,2507426.7
2021-11-16,BJ920873,中设咨询,9.01,14954153,75061378,148380002,133690.381802
2021-11-16,BJ920171,志晟信息,25.98,8665431,20517513,64642592,167941.454016
2021-11-16,BJ920145,恒合股份,17.5,6699556,21507000,68000000,119000
2021-11-16,BJ920932,科达自控,24.37,5697551,38227447,70080000,170784.96
2021-11-16,BJ920454,同心传动,20.38,14152181,29618699,101350000,206551.3
2021-11-16,SH688105,诺唯赞,95,10350974,33051434,400010000,3800095
2021-11-16,BJ920260,中寰股份,25.71,3199370,16055543,50500000,129835.5
2021-11-16,SH688212,澳华内镜,34.66,14262941,27507832,133340000,462156.44
2021-11-16,BJ920092,汉鑫科技,39.45,3519622,11135000,46576000,183742.32
2021-11-16,BJ920680,广道退,26,6462681,40236830,64815200,168519.52
2021-11-16,BJ920981,晶赛科技,54,4047330,12710140,52838300,285326.82
2021-11-16,BJ920436,大地电气,26.12,8024049,24481000,91776000,239718.912
2021-11-16,SZ301180,万祥科技,37.33,27608705,37566750,400010000,1493237.33
2021-11-16,SH688182,灿勤科技,19.5,55817743,66995626,400000000,780000
2021-11-16,SH603048,浙江黎明,25.01,2120443,36720000,146880000,367346.88
