日期,代码,名称,日收盘价,日交易量,流通股本,总股本,总市值(万)
2021-07-12,SZ000005,ST星源,1.92,21415301,1057946242,1058536842,203239.073664
2021-07-12,SH600652,退市游久,2.38,23577589,832703498,832703498,198183.432524
2021-07-12,SH600654,中安科,1.99,9184800,755043154,1283020992,255321.177408
2021-07-12,SH600651,飞乐音响,3.24,11708700,985220002,2507028015,812277.07686
2021-07-12,SH600602,云赛智联,5.83,6348902,1074302990,1367673455,797353.624265
2021-07-12,SH600601,方正科技,3.01,17247931,2194891204,2194891204,660662.252404
2021-07-12,SH600653,申华控股,1.88,21012939,1946380317,1946380317,365919.499596
2021-07-12,SZ000004,*ST国华,20.58,7173715,115125619,165052625,339678.30225
2021-07-12,SZ000002,万  科Ａ,23.82,64578882,9717553265,11617732201,27673438.102782
2021-07-12,SZ000001,平安银行,21.16,87790102,19405754475,19405918198,41062922.906968
2021-07-12,SZ000009,中国宝安,23.9,148523822,2551430324,2579213965,6164321.37635
2021-07-12,SH600603,广汇物流,4.04,2858117,1249198847,1257026847,507838.846188
2021-07-12,SZ000012,南  玻Ａ,10.78,136912190,1957999069,3070692107,3310206.091346
2021-07-12,SZ000016,深康佳Ａ,6.28,17966491,1596574300,2407945408,1512189.716224
2021-07-12,SH600605,汇通能源,8.31,562941,206282429,206282429,171420.698499
2021-07-12,SH600608,*ST沪科,6.9,2400641,318371441,328861441,226914.39429
2021-07-12,SH600604,市北高新,5.66,6268424,1407454804,1873304804,1060290.519064
2021-07-12,SH600606,绿地控股,5.36,22797688,12168154385,12168154385,6522130.75036
2021-07-12,SZ000011,深物业A,11.67,3874733,526475543,595979092,695507.600364
2021-07-12,SZ000017,深中华A,4.62,70609054,302981008,551347947,254722.751514
2021-07-12,SZ000007,全新好,4.68,13132050,308948044.5,346448044,162137.684592
2021-07-12,SZ000006,深振业Ａ,4.83,8281166,1349995046,1349995046,652047.607218
2021-07-12,SZ000020,深华发Ａ,9.79,1437201,181165391,283161227,277214.841233
2021-07-12,SZ000008,神州高铁,2.19,15439080,2665216688,2780795346,608994.180774
2021-07-12,SZ000014,沙河股份,7.65,1190400,201705187,201705187,154304.468055
2021-07-12,SH600609,金杯汽车,5.13,14035726,1092667132,1311200558,672645.886254
2021-07-12,SH600611,大众交通,3.43,8847920,1563316364,2364122864,810894.142352
2021-07-12,SH600612,老凤祥,50.99,946869,317109630,523117764,2667377.478636
2021-07-12,SH600655,豫园股份,10.77,20558078,1605297914,3883498464,4182527.845728
2021-07-12,SH600616,金枫酒业,7.96,16933763,669004950,669004950,532527.9402
2021-07-12,SZ000019,深粮控股,7.36,7572539,416184832,1152535254,848265.946944
2021-07-12,SH600618,氯碱化工,9.87,22559692,749839976,1156399976,1141366.776312
2021-07-12,SH600619,海立股份,11.55,17786692,582141047,883300255,1020211.794525
2021-07-12,SH600620,天宸股份,7.26,2749278,686677113,686677113,498527.584038
2021-07-12,SZ000501,武商集团,12.21,28335017,767792464,768992731,938940.124551
2021-07-12,SZ000502,绿景退,5.55,1159801,183347957,184819607,102574.881885
2021-07-12,SZ000503,国新健康,7.37,5590500,898779932,898822204,662431.964348
2021-07-12,SH600621,华鑫股份,14.76,13212023,1060899292,1060899292,1565887.354992
2021-07-12,SH600622,光大嘉宝,3,6935759,1499685402,1499685402,449905.6206
2021-07-12,SH600623,华谊集团,9.38,55483573,1862196763,2130381363,1998297.718494
2021-07-12,SZ000504,*ST生物,22.1,6706237,310673201,311573901,688578.32121
2021-07-12,SZ000505,京粮控股,7.04,4879111,619515864,726950251,511772.976704
2021-07-12,SH600624,ST复华,7.27,4053877,684712010,684712010,497785.63127
2021-07-12,SH600626,申达股份,4.29,5685689,808156847,852291316,365632.974564
2021-07-12,SH600628,新世界,7.76,959713,646875384,646875384,501975.297984
2021-07-12,SH600630,龙头股份,5.78,9234700,424861597,424861597,245570.003066
2021-07-12,SH600635,大众公用,3.53,6819801,2418791675,2952434675,1042209.440275
2021-07-12,SH600637,东方明珠,8.18,6619811,3414500201,3414500201,2793061.164418
2021-07-12,SH600636,*ST国化,10.19,4610441,446936885,446936885,455428.685815
2021-07-12,SH600638,新黄浦,5.48,1468742,673396786,673396786,369021.438728
2021-07-12,SH600639,浦东金桥,13.79,5694396,850236703,1122412893,1547807.379447
2021-07-12,SZ000507,珠海港,6.01,10871173,830514550,919734895,552760.671895
2021-07-12,SH600641,先导基电,19.79,28736369,957930404,957930404,1895744.269516
2021-07-12,SH600640,国脉文化,11.55,3550109,795695940,795695940,919028.8107
2021-07-12,SH600642,申能股份,6.11,20886705,4552038316,4912038316,3001255.411076
2021-07-12,SH600644,乐山电力,5.69,4641691,538400659,538400659,306349.974971
2021-07-12,SH600643,爱建集团,6.79,4507197,1619006924,1621922452,1101285.344908
2021-07-12,SZ000023,*ST深天,14.84,1034810,138756240,138756240,205914.26016
2021-07-12,SH600647,退市同达,12.09,745313,139143550,139143550,168224.55195
2021-07-12,SH600648,外高桥,14.77,5033573,934791624,1135349124,1676910.656148
2021-07-12,SH600645,中源协和,21.22,7744368,410968113,467948890,992987.54458
2021-07-12,SZ000509,华塑控股,3,5233800,825368348,1073128052,321938.4156
2021-07-12,SZ000510,新金路,5.19,22366508,549479157,609182254,316165.589826
2021-07-12,SH600649,城投控股,4.69,8936602,2529575634,2529575634,1186370.972346
2021-07-12,SH600657,信达地产,3.43,3585100,1524260442,2851878595,978194.358085
2021-07-12,SH600658,电子城,4.03,3088407,1118585045,1118585045,450789.773135
2021-07-12,SZ000026,飞亚达,14.61,5457390,357912579,435390502,636105.523422
2021-07-12,SH600650,锦江在线,9.93,888000,390560075,551610107,547748.836251
2021-07-12,SH600660,福耀玻璃,54.5,24775351,2002986332,2609743532,14223102.2494
2021-07-12,SH600662,外服控股,8.61,10225282,1053362191,1053362191,906944.846451
2021-07-12,SH600661,昂立教育,11.49,3568900,286548830,286548830,329244.60567
2021-07-12,SZ000025,特  力Ａ,14.63,2240999,392778320,431058320,630638.32216
2021-07-12,SH600663,陆家嘴,13.95,26777363,2933461440,4034197440,5627705.4288
2021-07-12,SH600664,哈药股份,2.88,10628082,2506955076,2517876076,725148.309888
2021-07-12,SH600665,天地源,3.05,2706135,864122521,864122521,263557.368905
2021-07-12,SH600666,奥瑞德,2,8759534,803655532,1227326240,245465.248
2021-07-12,SZ000514,渝 开 发,3.35,1867722,843770965,843770965,282663.273275
2021-07-12,SH600668,尖峰集团,12.02,3441029,344083828,344083828,413588.761256
2021-07-12,SH600667,太极实业,9.03,92815559,2106190178,2106190178,1901889.730734
2021-07-12,SZ000516,国际医学,14.89,115844612,1893655568,2275927350,3388855.82415
2021-07-12,SZ000028,国药一致,36.2,2768541,367733625,428126983,1549819.67846
2021-07-12,SH600671,天目药业,9.1,805414,121720533,121778885,110818.78535
2021-07-12,SH600600,青岛啤酒,97.34,14584649,695913617,1364476795,13281817.12253
2021-07-12,SZ000027,深圳能源,9.11,54229750,4757389916,4757389916,4333982.213476
2021-07-12,SZ000029,深深房Ａ,7.37,2926936,891660000,1011660000,745593.42
2021-07-12,SH600673,东阳光,4.88,33486136,2458926257,3013897259,1470781.862392
2021-07-12,SH600675,中华企业,3.04,6623458,2240471278,6096135252,1853225.116608
2021-07-12,SH600674,川投能源,12.19,8705742,4406060671,4406060671,5370987.957949
2021-07-12,SH600676,交运股份,4.25,2229424,1028492944,1028492944,437109.5012
2021-07-12,SZ000030,富奥股份,6.57,13751486,1759880870,1810552111,1189532.736927
2021-07-12,SZ000031,大悦城,3.59,6980958,1890700427,4286313339,1538786.488701
2021-07-12,SH600678,四川金顶,5.71,6526470,348990000,348990000,199273.29
2021-07-12,SZ000519,中兵红箭,10.76,37441093,1391492468,1392558982,1498393.464632
2021-07-12,SH600679,上海凤凰,12.04,1425000,230598947,465740244,560751.253776
2021-07-12,SH600682,南京新百,10.18,8028157,1165030275,1346132221,1370362.600978
2021-07-12,SZ000521,长虹美菱,3.34,14015078,872528625,1044597881,348895.692254
2021-07-12,SH600683,京投发展,3.69,3450012,740777597,740777597,273346.933293
2021-07-12,SH600684,珠江股份,3.68,27237383,853460723,853460723,314073.546064
2021-07-12,SH600685,中船防务,20.75,11051648,821435181,1413506378,2933025.73435
2021-07-12,SZ000513,丽珠集团,43.92,6665559,601923359,934818019,4105720.739448
2021-07-12,SZ000525,红太阳,4.14,27814711,574514828,580772873,240439.969422
2021-07-12,SZ000032,深桑达Ａ,18.95,1663167,411424109,1071231478,2029983.65081
2021-07-12,SZ000526,学大教育,27.47,2940385,96195107,117762709,323494.161623
2021-07-12,SH600688,上海石化,3.82,41421348,7328813500,10823813500,4134696.757
2021-07-12,SH600686,金龙汽车,7.2,18120177,674575721,717047417,516274.14024
2021-07-12,SH600689,上海三毛,6.78,1112700,152204143,200991343,136272.130554
2021-07-12,SZ000523,红棉股份,3.81,12631641,627183825,627533125,239090.120625
2021-07-12,SZ000524,岭南控股,7.43,2858394,670139867,670208597,497964.987571
2021-07-12,SZ000528,柳    工,7.98,16079142,1466716579,1475240876,1177242.219048
2021-07-12,SH600692,亚通股份,5.97,1894699,255010517,351764064,210003.146208
2021-07-12,SH600690,海尔智家,25.8,36919343,6308552654,9393170481,24234379.84098
2021-07-12,SH600691,潞化科技,3.49,20082248,1756390906,2375981952,829217.701248
2021-07-12,SH600693,东百集团,4.18,3011904,897247594,898229148,375459.783864
2021-07-12,SH600695,退市绿庭,3.64,7861855,366467152,711132100,258852.0844
2021-07-12,SH600694,大商股份,20.33,1208897,293718653,293718653,597130.021549
2021-07-12,SZ000541,佛山照明,5.99,4332395,1073038507,1399346154,838208.346246
2021-07-12,SZ000539,粤电力Ａ,3.63,3848060,2553905861,5250283986,1905853.086918
2021-07-12,SZ000547,航天发展,18.04,22110374,1231615503,1605421646,2896180.649384
2021-07-12,SZ000550,江铃汽车,26.48,31780247,518463085,863214000,2285790.672
2021-07-12,SZ000553,安道麦A,9.72,14988593,2177067461,2329811766,2264577.036552
2021-07-12,SH600699,均胜电子,27.84,82565664,1368084624,1368084624,3808747.593216
2021-07-12,SH600696,*ST岩石,41.68,8566069,334469431,334469431,1394068.588408
2021-07-12,SH600697,欧亚集团,13.27,1017466,155156015,159088075,211109.875525
2021-07-12,SH600800,渤海化学,4.4,5819348,794337361,1185787580,521746.5352
2021-07-12,SZ000544,中原环保,6.14,3454301,974684488,974684488,598456.275632
2021-07-12,SZ000530,冰山冷热,3.82,5819330,598653628,843212507,322107.177674
2021-07-12,SZ000537,绿发电力,5.29,6001149,1731406933,1862520720,985273.46088
2021-07-12,SZ000554,泰山石油,4.55,4364732,362649713,480793320,218760.9606
2021-07-12,SZ000538,云南白药,104.69,6715839,602166957,1277403317,13373135.325673
2021-07-12,SZ000543,皖能电力,3.7,27431964,1790395978,2266863331,838739.43247
2021-07-12,SZ000548,湖南投资,3.75,2242929,499188811,499215811,187205.929125
2021-07-12,SH600805,悦达投资,3.85,6761815,850275368,850894494,327594.38019
2021-07-12,SZ000533,顺钠股份,2.83,5778407,684902400,690816000,195500.928
2021-07-12,SH600804,退市鹏博,4.8,16191420,1432357859,1432394299,687549.26352
2021-07-12,SH600803,新奥股份,17.26,7947546,1212145783,2845853619,4911943.346394
2021-07-12,SH600802,福建水泥,7.04,4150304,458248400,458248400,322606.8736
2021-07-12,SH600801,华新建材,17.08,8382828,1361879855,2096599855,3580992.55234
2021-07-12,SZ000532,华金资本,14.86,14169905,343549746,344708340,512236.59324
2021-07-12,SH600807,济高发展,2.97,3839101,787018464,884634731,262736.515107
2021-07-12,SZ000551,创元科技,10.62,49849213,400080405,400080405,424885.39011
2021-07-12,SZ000531,穗恒运Ａ,7.64,5758421,685082820,685082820,523403.27448
2021-07-12,SH600808,马钢股份,4.07,87627944,5967751186,7700681186,3134177.242702
2021-07-12,SH600809,山西汾酒,311,9387549,1215351572,1220114372,37945556.9692
2021-07-12,SH600810,神马股份,12.41,26297298,574964000,919455100,1141043.7791
2021-07-12,SH600811,*ST东方,3.05,0,3714576124,3714576124,1132945.71782
2021-07-12,SZ000564,供销大集,2.49,21353300,2005952559,5982004024,1489519.001976
2021-07-12,SZ000563,陕国投Ａ,3.19,13669994,3964012846,3964012846,1264520.097874
2021-07-12,SZ000534,万泽股份,13.02,4430575,491507596,494963096,644441.950992
2021-07-12,SZ000559,万向钱潮,5.58,66920578,2753147124,3303791344,1843515.569952
2021-07-12,SH600812,华北制药,10.22,8849044,1630804729,1715730370,1753476.43814
2021-07-12,SH600814,杭州解百,6.56,5037833,715026758,715026758,469057.553248
2021-07-12,SH600816,建元信托,2.53,15261908,5264290520,5469137919,1383691.893507
2021-07-12,SH600815,厦工股份,2.44,6201412,1774094480,1774094480,432879.05312
2021-07-12,SH600820,隧道股份,5.11,9309612,3144096094,3144096094,1606633.104034
2021-07-12,SH600819,耀皮玻璃,5.73,11284602,747416067,934916069,535706.907537
2021-07-12,SH600821,金开新能,5.61,15858673,541148692,1536356503,861895.998183
2021-07-12,SZ000021,深科技,18.27,27382502,1470662677,1560587588,2851193.523276
2021-07-12,SZ000540,*ST中天,2.7,24514000,6970674147,7005254679,1891418.76333
2021-07-12,SH600825,新华传媒,4.38,6665861,1044887850,1044887850,457660.8783
2021-07-12,SH600824,益民集团,3.8,3724439,1054027073,1054027073,400530.28774
2021-07-12,SH600822,上海物贸,8.95,1178900,396147908,495972914,443895.75803
2021-07-12,SH600823,*ST世茂,4.01,7791851,3751168261,3751168261,1504218.472661
2021-07-12,SH600827,百联股份,17.89,24109486,1604449920,1784168117,3191876.761313
2021-07-12,SH600826,兰生股份,8.03,1970010,420642288,535920895,430344.478685
2021-07-12,SH600834,申通地铁,11.64,12837432,477381905,477381905,555672.53742
2021-07-12,SH600829,人民同泰,5.74,879408,579888597,579888597,332856.054678
2021-07-12,SH600831,广电网络,5.73,6813249,710483023,710483023,407106.772179
2021-07-12,SH600830,香溢融通,5.1,5039960,454322747,454322747,231704.60097
2021-07-12,SH600835,上海机电,15.9,4533447,806504300,1022739308,1626155.49972
2021-07-12,SH600836,*ST易连,6.88,25673090,662753072,662753072,455974.113536
2021-07-12,SH600828,茂业商业,3.56,3524516,1731360181,1731982546,616585.786376
2021-07-12,SH600838,上海九百,6.09,1837300,400881981,400881981,244137.126429
2021-07-12,SH600843,上工申贝,6.43,3097411,304645850,548589600,352743.1128
2021-07-12,SH600846,同济科技,8.67,8106415,624761516,624761516,541668.234372
2021-07-12,SH600841,动力新科,9.65,5425298,521892530,866689830,836355.68595
2021-07-12,SH600839,四川长虹,2.88,68673180,4614958631,4616244222,1329478.335936
2021-07-12,SH600848,上海临港,18.47,9656372,1457503689,2522487004,4659033.496388
2021-07-12,SH600850,电科数字,26.37,3582103,426852228,426852228,1125609.325236
2021-07-12,SH600847,万里股份,10.28,4765554,153287400,153287400,157579.4472
2021-07-12,SH600851,海欣股份,10.03,12392769,738206110,1207056692,1210677.862076
2021-07-12,SZ000555,神州信息,14.32,10346165,965427024,975768827,1397300.960264
2021-07-12,SZ000039,中集集团,16.89,24110421,1534271428,3595013590,6071977.95351
2021-07-12,SZ000035,中国天楹,4.52,7232600,2453345376,2523777297,1140747.338244
2021-07-12,SZ000565,渝三峡Ａ,5.77,10493896,433592220,433592220,250182.71094
2021-07-12,SH600857,宁波中百,11.03,5845760,224319919,224319919,247424.870657
2021-07-12,SH600856,退市中天,1.39,18397500,1361654379,1366654379,189964.958681
2021-07-12,SH600859,王府井,26.73,9330164,776250350,776250350,2074917.18555
2021-07-12,SH600860,京城股份,5.79,6323468,322000000,485000000,280815
2021-07-12,SZ000558,天府文旅,2.71,9132700,1288419854,1289223949,349379.690179
2021-07-12,SZ000034,神州数码,21.99,22818354,498730104,659656902,1450585.527498
2021-07-12,SZ000568,泸州老窖,223.8,16135948,1464306555,1464752476,32781160.41288
2021-07-12,SH600861,北京人力,16.77,4781578,316804949,316804949,531281.899473
2021-07-12,SH600863,内蒙华电,2.32,10948332,5808544548,5808544548,1347582.335136
2021-07-12,SZ000566,海南海药,5.41,20063199,1165390241,1297365126,701874.533166
2021-07-12,SZ000567,海德股份,11.41,9438964,639773864,641138926,731539.514566
2021-07-12,SZ000571,新大洲A,2.09,10018429,806535195,814064000,170139.376
2021-07-12,SZ000036,华联控股,4.83,26889818,1479000654,1483934025,716740.134075
2021-07-12,SZ000570,苏常柴Ａ,5.73,9099598,411374326,705692507,404361.806511
2021-07-12,SZ000037,深南电A,8.44,3967407,338894012,602762596,508731.631024
2021-07-12,SZ000040,*ST旭蓝,2.86,37784001,1060340595,1486873870,425245.92682
2021-07-12,SZ000572,海马汽车,5.21,62103472,1642155224,1644636426,856855.577946
2021-07-12,SH600864,哈投股份,6.03,53107931,2080570520,2080570520,1254584.02356
2021-07-12,SH600865,百大集团,7.77,2813059,376240316,376240316,292338.725532
2021-07-12,SZ000045,深纺织Ａ,9.9,7928051,457016549,506521849,501456.63051
2021-07-12,SZ000573,粤宏远Ａ,3.16,9450241,632503003,638280604,201696.670864
2021-07-12,SH600866,星湖科技,3.8,4976325,739019166,739019166,280827.28308
2021-07-12,SH600867,通化东宝,11.68,8337980,2026998517,2033988517,2375698.587856
2021-07-12,SZ000576,甘化科工,11.49,12643265,424054818,442861324,508847.661276
2021-07-12,SH600868,梅雁吉祥,2.87,8919084,1898148679,1898148679,544768.670873
2021-07-12,SZ000046,*ST泛海,2.15,56582000,5193833956,5196200656,1117183.14104
2021-07-12,SZ000042,中洲控股,8.14,531100,662687964,664831139,541172.547146
2021-07-12,SZ000048,京基智农,18.21,1257281,523157272,523239250,952818.67425
2021-07-12,SH600872,中炬高新,40.89,10215980,796637194,796637194,3257449.486266
2021-07-12,SH600869,远东股份,5.8,85277577,2219352746,2219352746,1287224.59268
2021-07-12,SZ000050,深天马Ａ,15.75,98192678,2085677416,2457747661,3870952.566075
2021-07-12,SZ000049,德赛电池,51.48,15283316,297603420,300407720,1546498.94256
2021-07-12,SH600871,石化油服,2.11,125784200,13569378551,18984340033,4005695.746963
2021-07-12,SH600874,创业环保,6.09,2119931,1087228430,1427228430,869182.11387
2021-07-12,SH600875,东方电气,10.75,21245031,1996900368,3119626130,3353598.08975
2021-07-12,SH600877,电科芯片,14.32,9095244,687282040,822161695,1177335.54724
2021-07-12,SZ000010,美丽生态,3.91,4518702,522171498,819854713,320563.192783
2021-07-12,SH600876,凯盛新能,22.39,14676584,281038317,548540432,1228182.027248
2021-07-12,SZ000582,北部湾港,8.27,3633032,1266818515,1633434454,1350850.293458
2021-07-12,SH600879,航天电子,7.27,42259895,2719271284,2719271284,1976910.223468
2021-07-12,SH600880,博瑞传播,3.73,3761277,1093030175,1093332092,407812.870316
2021-07-12,SH600881,亚泰集团,2.91,10755316,3248913588,3248913588,945433.854108
2021-07-12,SZ000584,工智退,6.78,16590659,735295203,760937577,515915.677206
2021-07-12,SH600882,妙可蓝多,55.66,9835923,409309045,415309045,2311610.14447
2021-07-12,SH600883,博闻科技,7.97,1170680,236088000,236088000,188162.136
2021-07-12,SZ000586,汇源通信,7.77,4421800,193440000,193440000,150302.88
2021-07-12,SH600886,国投电力,9.58,21608715,6965873347,6965873347,6673306.666426
2021-07-12,SZ000590,古汉医药,9.49,4589152,239376227,239471267,227258.232383
2021-07-12,SH600884,杉杉股份,30.96,120000638,1628009229,1628009229,5040316.572984
2021-07-12,SH600885,宏发股份,68.67,10966034,744761552,744761552,5114277.577584
2021-07-12,SZ000591,太阳能,6.3,64663759,2037098929,3007098032,1894471.76016
2021-07-12,SH600888,新疆众和,6.02,36491262,1229727424,1326113055,798320.05911
2021-07-12,SZ000589,贵州轮胎,6,9103863,775464304,956319462,573791.6772
2021-07-12,SH600889,南京化纤,7.07,24863065,366346010,366346010,259006.62907
2021-07-12,SZ000593,德龙汇能,4.86,2847100,358483169,358631009,174294.670374
2021-07-12,SH600887,伊利股份,34.65,58530394,5930237087,6082624833,21076295.046345
2021-07-12,SH600890,退市中房,2.76,11336100,579194925,579194925,159857.7993
2021-07-12,SH600894,广日股份,6.7,2114100,859946895,859946895,576164.41965
2021-07-12,SH600893,航发动力,51.5,51321957,2108139305,2665594238,13727810.3257
2021-07-12,SZ000055,方大集团,4.51,9880345,677413379,1073874227,484317.276377
2021-07-12,SZ000595,*ST宝实,3.03,15041900,1138640006,1138656366,345012.878898
2021-07-12,SH600895,张江高科,17.97,10109636,1548689550,1548689550,2782995.12135
2021-07-12,SZ000587,*ST金洲,1.71,6717100,1213011850,2123749330,363161.13543
2021-07-12,SZ000599,青岛双星,4.33,6350701,816744457,816792487,353671.146871
2021-07-12,SH600896,退市海医,4.21,9591563,945440340,1024805419,431443.081399
2021-07-12,SH600706,曲江文旅,7.07,2528492,213490410,215411610,152296.00827
2021-07-12,SH600707,彩虹股份,9.86,72552278,2474910089,3588389732,3538152.275752
2021-07-12,SZ000597,东北制药,5.01,7197328,1324143800,1347873265,675284.505765
2021-07-12,SH600702,舍得酒业,194,11683572,331517030,335995700,6518316.58
2021-07-12,SZ000598,兴蓉环境,5.19,8679892,2986218602,2986218602,1549847.454438
2021-07-12,SH600711,盛屯矿业,8.74,283419876,2468994078,2690110016,2351156.153984
2021-07-12,SH600897,厦门空港,16.51,320301,297810000,297810000,491684.31
2021-07-12,SZ000600,建投能源,4.92,9635100,1090044126,1791626376,881480.176992
2021-07-12,SH600704,物产中大,7.08,186525024,5062182040,5196032040,3678790.68432
2021-07-12,SH600714,金瑞矿业,8.99,28374540,288176273,288176273,259070.469427
2021-07-12,SH600708,光明地产,2.4,4743520,2225277771,2228636743,534872.81832
2021-07-12,SZ000401,金隅冀东,12.02,14663970,1413367784,1413650384,1699207.761568
2021-07-12,SH600717,天津港,3.91,8613229,2894001038,2894001038,1131554.405858
2021-07-12,SH600718,东软集团,9.74,13236735,1242370295,1242370295,1210068.66733
2021-07-12,SZ000404,长虹华意,3.83,4851096,694622798,695995979,266566.459957
2021-07-12,SH600712,南宁百货,4.15,3518200,538556211,544655360,226031.9744
2021-07-12,SZ000402,金 融 街,6.52,12483263,2987636046,2988929907,1948782.299364
2021-07-12,SH600722,金牛化工,6.57,37940489,680319676,680319676,446970.027132
2021-07-12,SZ000408,藏格矿业,25.53,48167634,473486085,1993779522,5090119.119666
2021-07-12,SH600713,南京医药,4.61,10113100,1041611244,1041611244,480182.783484
2021-07-12,SH600715,文投控股,3.69,37657539,1854853500,1854853500,684440.9415
2021-07-12,SH600726,华电能源,2.43,16869000,1534675151,1966675153,477902.062179
2021-07-12,SH600716,凤凰股份,4,3938700,936060590,936060590,374424.236
2021-07-12,SH600729,重庆百货,27.72,2801276,406426465,406528465,1126896.90498
2021-07-12,SH600725,云维股份,2.54,15784517,1232470000,1232470000,313047.38
2021-07-12,SZ000407,胜利股份,4.03,7494201,875743830,880084656,354674.116368
2021-07-12,SZ000056,皇庭国际,2.72,12110600,903728783,1174528720,319471.81184
2021-07-12,SZ000415,渤海租赁,2.36,16100428,3547396604,6184521282,1459547.022552
2021-07-12,SH600720,中交设计,10.67,8165502,776162687,776290282,828301.730894
2021-07-12,SH600723,首商股份,7.96,3167200,658069554,658407554,524092.412984
2021-07-12,SH600728,佳都科技,7.08,20832619,1729732797,1730004097,1224842.900676
2021-07-12,SH600724,宁波富达,3.41,3644600,1444942664,1445241071,492827.205211
2021-07-12,SH600719,大连热电,3.52,2332720,404599600,404599600,142419.0592
2021-07-12,SZ000410,沈阳机床,4.29,5871112,1680914444,1684035944,722451.419976
2021-07-12,SZ000416,*ST民控,3.88,4099650,531641098,531871494,206366.139672
2021-07-12,SH600735,ST新华锦,5.94,6785401,375992296,375992296,223339.423824
2021-07-12,SH600730,中国高科,4.4,6820202,586656002,586656002,258128.64088
2021-07-12,SZ000423,东阿阿胶,34.2,6537070,653867313,654021537,2236753.65654
2021-07-12,SH600737,中粮糖业,9.62,24864952,2111098760,2138848228,2057571.995336
2021-07-12,SH600738,丽尚国潮,6.25,20140367,749327971,773464476,483415.2975
2021-07-12,SH600731,湖南海利,8.1,17655993,461029757,461789508,374049.50148
2021-07-12,SZ000420,吉林化纤,3.37,36658164,1969669550,2168311443,730720.956291
2021-07-12,SZ000421,南京公用,5.01,2673800,572646934,572646934,286896.113934
2021-07-12,SH600740,山西焦化,4.95,34456905,2562121154,2562121154,1268249.97123
2021-07-12,SZ000428,华天酒店,2.76,3200903,1018846950,1018926000,281223.576
2021-07-12,SZ000417,合百集团,4.46,5188600,779027451,779884200,347828.3532
2021-07-12,SZ000422,湖北宜化,10.25,65494157,897812984,897866712,920313.3798
2021-07-12,SH600736,苏州高新,4.56,3112507,1151292907,1151292907,524989.565592
2021-07-12,SZ000419,通程控股,4.42,2826000,543289983,543582655,240263.53351
2021-07-12,SH600733,北汽蓝谷,13.19,136147826,1824652719,4287310130,5654962.06147
2021-07-12,SH600739,辽宁成大,19.39,8163697,1529709816,1529709816,2966107.333224
2021-07-12,SZ000603,盛达资源,13.08,14732543,595554447,689969346,902479.904568
2021-07-12,SH600741,华域汽车,24.19,19819031,3152723984,3152723984,7626439.317296
2021-07-12,SH600742,富维股份,10.17,11512379,669120968,669120968,680496.024456
2021-07-12,SZ000425,徐工机械,6.43,58171928,6995037403,7833668430,5037048.80049
2021-07-12,SZ000426,兴业银锡,8.11,27827872,1475274205,1837192219,1489962.889609
2021-07-12,SZ000430,ST张家界,5.45,4484913,331738800,404817686,220625.63887
2021-07-12,SZ000607,华媒控股,3.55,2089200,884859969,1017698410,361282.93555
2021-07-12,SZ000601,韶能股份,5.25,4394076,1079754322,1080551669,567289.626225
2021-07-12,SH600744,华银电力,9.2,154752738,827634402,1781124274,1638634.33208
2021-07-12,SZ000605,渤海股份,5.35,2027240,335693601,352658600,188672.351
2021-07-12,SH600746,江苏索普,17.56,23237536,304661953,1167842884,2050732.104304
2021-07-12,SZ000608,*ST阳光,3.42,6374480,749796859,749913309,256470.351678
2021-07-12,SH600756,浪潮软件,13.58,5408148,324098753,324098753,440126.106574
2021-07-12,SH600750,华润江中,12.81,27658222,630000000,630000000,807030
2021-07-12,SH600748,上实发展,4.57,4446113,1844562892,1844562892,842965.241644
2021-07-12,SZ000413,ST旭电,2.27,131395700,4864155314,5730250118,1300766.776786
2021-07-12,SZ000610,西安旅游,10.22,9703677,235394869,236747901,241956.354822
2021-07-12,SZ000612,焦作万方,7.79,75576141,1190682144,1192199394,928723.327926
2021-07-12,SH600753,*ST海钦,39.03,8756454,215040000,215040000,839301.12
2021-07-12,SZ000596,古井贡酒,242.08,3557483,383600000,503600000,12191148.8
2021-07-12,SH600757,长江传媒,5.2,4027797,1213497103,1213650273,631098.14196
2021-07-12,SH600755,厦门国贸,7.78,21969574,1855963650,1952135084,1518761.095352
2021-07-12,SZ000606,顺利退,2.58,39998462,707201606,765799353,197576.233074
2021-07-12,SZ000611,天首退,4.43,15281486,319347925,337822022,149655.155746
2021-07-12,SH600761,安徽合力,10.35,5075062,740180802,740180802,766087.13007
2021-07-12,SZ000609,ST中迪,3.1,4390710,292002672,299265522,92772.31182
2021-07-12,SH600760,中航沈飞,66.23,46445176,1957583919,1960544999,12984689.528377
2021-07-12,SH600754,锦江酒店,52.63,4547226,801936440,1070044063,5631641.903569
2021-07-12,SH600749,西藏旅游,10.96,4786157,226965517,226965517,248754.206632
2021-07-12,SZ000615,*ST美谷,19.83,55248410,771659743,781180319,1549080.572577
2021-07-12,SZ000617,中油资本,5.78,7875140,12642079079,12642079079,7307121.707662
2021-07-12,SZ000619,海螺新材,5.13,1740565,360000000,360000000,184680
2021-07-12,SH600766,退市园城,4.6,22904133,223932072,224226822,103144.33812
2021-07-12,SZ000623,吉林敖东,15.13,8244510,1160115186,1163044863,1759686.877719
2021-07-12,SH600758,辽宁能源,3.36,11497850,1320743394,1322017394,444197.844384
2021-07-12,SH600763,通策医疗,365.3,4949339,320640000,320640000,11712979.2
2021-07-12,SH600769,祥龙电业,6.11,15100300,374977200,374977200,229111.0692
2021-07-12,SH600764,中国海防,27.61,2701488,496061663,710629386,1962047.734746
2021-07-12,SH600771,广誉远,35.13,39741892,491999697,491999697,1728394.935561
2021-07-12,SH600765,中航重机,23.09,19121633,857402199,1051638636,2428233.610524
2021-07-12,SZ000616,*ST海投,1.93,17223560,1430234425,1430234425,276035.244025
2021-07-12,SH600774,汉商集团,16.18,2728544,226757731,226948002,367201.867236
2021-07-12,SH600773,西藏城投,19.01,74084399,746104694,819660744,1558175.074344
2021-07-12,SH600768,宁波富邦,9.05,2861300,133747200,133747200,121041.216
2021-07-12,SZ000627,*ST天茂,3.58,8095626,4462504165,4940629165,1768745.24107
2021-07-12,SZ000633,合金投资,7.87,9700412,385104123,385106373,303078.715551
2021-07-12,SZ000637,茂化实华,3.93,3604600,366494967,519875356,204311.014908
2021-07-12,SH600767,退市运盛,6.37,7763401,340910182,341010182,217223.485934
2021-07-12,SZ000651,格力电器,48.92,38015124,5969908834,6015730878,29428955.455176
2021-07-12,SH600775,南京熊猫,6.9,8546074,671838529,913838529,630548.58501
2021-07-12,SZ000628,高新发展,8.25,937000,192074040,352280000,290631
2021-07-12,SZ000630,铜陵有色,3.02,367770721,10526400475,10526533308,3179013.059016
2021-07-12,SZ000635,英 力 特,12.13,14289223,303087602,303087602,367645.261226
2021-07-12,SH600770,综艺股份,6.36,14705635,1300000000,1300000000,826800
2021-07-12,SZ000632,三木集团,3.56,3192654,465481606,465519570,165724.96692
2021-07-12,SH600777,*ST新潮,1.59,93789423,6232078317,6800495825,1081278.836175
2021-07-12,SZ000639,西王食品,5.66,9535704,1079426772,1079428095,610956.30177
2021-07-12,SH600776,东方通信,12.8,28663786,956000064,1256000064,1607680.08192
2021-07-12,SZ000626,远大控股,18.18,2038100,463946400,508940464,925253.763552
2021-07-12,SZ000652,泰达股份,4.16,12682699,1474344789,1475573852,613838.722432
2021-07-12,SZ000655,金岭矿业,10.8,36065886,595340230,595340230,642967.4484
2021-07-12,SZ000656,*ST金科,4.84,72899560,5277461006,5339715816,2584422.454944
2021-07-12,SZ000636,风华高科,36.62,89429382,895233111,895233111,3278343.652482
2021-07-12,SH600778,友好集团,4.4,9764020,311214882,311491352,137056.19488
2021-07-12,SZ000659,珠海中富,3.86,30539513,1285702520,1285702520,496281.17272
2021-07-12,SH600780,通宝能源,3.73,5446100,1146502523,1146502523,427645.441079
2021-07-12,SZ000667,ST美置,1.71,43472301,2447314632,2466988633,421855.056243
2021-07-12,SZ000663,永安林业,11.91,7216643,280200791,336683929,400990.559439
2021-07-12,SH600779,水井坊,128.9,15011823,488303498,488435598,6295934.85822
2021-07-12,SZ000669,ST金鸿,2.25,13396740,680408122,680408797,153091.979325
2021-07-12,SZ000666,经纬纺机,7.92,2912305,293508766,704130000,557670.96
2021-07-12,SZ000668,*ST荣控,16.8,873200,146688393,146841890,246694.3752
2021-07-12,SZ000665,湖北广电,3.94,4300860,981837990,981892695,386865.72183
2021-07-12,SZ000671,ST阳光城,4.79,13699761,4052722453,4136521400,1981393.7506
2021-07-12,SH600781,退市辅仁,4.46,37168162,374263222,627157512,279712.250352
2021-07-12,SZ000661,长春高新,385.58,4510729,379922784,404720290,15605204.94182
2021-07-12,SZ000676,智度股份,6.16,26473333,1159428091,1276506972,786328.294752
2021-07-12,SH600783,鲁信创投,11.31,2500845,744359294,744359294,841870.361514
2021-07-12,SH600784,鲁银投资,5.04,2303378,568177846,568177846,286361.634384
2021-07-12,SH600782,新钢股份,6.52,148107484,3188722696,3188722696,2079047.197792
2021-07-12,SZ000677,恒天海龙,2.83,7727349,863977948,863977948,244505.759284
2021-07-12,SZ000058,深 赛 格,5.86,10191030,538282117,1235656249,724094.561914
2021-07-12,SH600785,新华百货,12.28,1096439,225631280,225631280,277075.21184
2021-07-12,SZ000061,农 产 品,5.68,14600697,1696600695,1696964131,963875.626408
2021-07-12,SZ000682,东方电子,4.75,5976869,1163875407,1340727007,636845.328325
2021-07-12,SH600787,中储股份,5.39,12922449,2179564270,2199801033,1185692.756787
2021-07-12,SZ000680,山推股份,3.93,13277608,1056963053,1502763212,590585.942316
2021-07-12,SH600792,云煤能源,3.93,10295800,989923600,989923600,389039.9748
2021-07-12,SZ000060,中金岭南,4.77,84710343,3568859174,3569949024,1702865.684448
2021-07-12,SZ000685,中山公用,8.11,4759199,1253229908,1475111351,1196315.305661
2021-07-12,SZ000673,当代退,1.86,9421500,789510358,789604108,146866.364088
2021-07-12,SZ000679,大连友谊,4.17,965569,356400000,356400000,148618.8
2021-07-12,SZ000690,宝新能源,5.07,17128115,2084122831,2175887862,1103175.146034
2021-07-12,SH600791,京能置业,3.4,2550400,452313696,452880000,153979.2
2021-07-12,SZ000062,深圳华强,17.52,15838704,1044552962,1045909322,1832433.132144
2021-07-12,SZ000059,华锦股份,7.54,52457273,1599409531,1599442537,1205979.672898
2021-07-12,SZ000683,博源化工,5.58,144522825,3328221973,3673412560,2049764.20848
2021-07-12,SH600793,宜宾纸业,12.23,2990600,176904002,176904002,216353.594446
2021-07-12,SZ000698,ST沈化,6.05,23200377,785679599,819514395,495806.208975
2021-07-12,SZ000687,华讯退,2.67,4503101,752864376,766199362,204575.229654
2021-07-12,SZ000701,厦门信达,5.58,4109015,406486156,539058376,300794.573808
2021-07-12,SH600789,鲁抗医药,7.21,6220429,880229735,880229735,634645.638935
2021-07-12,SZ000686,东北证券,8.19,15431323,2340452915,2340452915,1916830.937385
2021-07-12,SZ000692,惠天热电,3.35,4087502,532826726,532832976,178499.04696
2021-07-12,SH600790,轻纺城,3.07,3024418,1465790928,1465790928,449997.814896
2021-07-12,SZ000700,模塑科技,5.84,24973118,807097258,917067932,535567.672288
2021-07-12,SZ000691,*ST亚太,5.07,3543900,290486300,323270000,163897.89
2021-07-12,SZ001696,宗申动力,7.47,12886050,879168449,1145026920,855335.10924
2021-07-12,SH600794,保税科技,3.24,4243129,1212152157,1212152157,392737.298868
2021-07-12,SH600795,国电电力,2.33,37770417,19650397845,19650397845,4578542.697885
2021-07-12,SZ000702,正虹科技,4.88,2052883,266634576,266634576,130117.673088
2021-07-12,SZ000697,ST炼石,8.31,7429466,576888733,671616059,558112.945029
2021-07-12,SZ000708,中信特钢,21.02,8940989,1259156149,5047143433,10609095.496166
2021-07-12,SZ000703,恒逸石化,12.77,42866359,3378462483,3681654014,4701472.175878
2021-07-12,SH600796,钱江生化,5.24,5329921,301402144,301402144,157934.723456
2021-07-12,SH600051,宁波联合,6.78,1922700,310880000,310880000,210776.64
2021-07-12,SZ000705,浙江震元,7.2,1961601,281972076,334123286,240568.76592
2021-07-12,SZ000711,ST京蓝,2.75,13174060,821865026,1023667816,281508.6494
2021-07-12,SH600052,东望时代,3.26,9955971,844194741,844194741,275207.485566
2021-07-12,SZ000707,双环科技,4.7,9046919,464144265,464145765,218148.50955
2021-07-12,SZ000712,锦龙股份,17.64,23644787,762969171,896000000,1580544
2021-07-12,SZ000758,中色股份,5.26,114009204,1969329094,1969378424,1035893.051024
2021-07-12,SZ000709,河钢股份,2.44,85611377,10616892601,10618607852,2590940.315888
2021-07-12,SZ000716,黑芝麻,3.27,7986895,669080772,743999550,243287.85285
2021-07-12,SH600797,浙大网新,6.6,11527840,1027527102,1027527102,678167.88732
2021-07-12,SZ000400,许继电气,12.68,10711211,1008270140,1008327309,1278559.027812
2021-07-12,SZ000713,国投丰乐,9.37,58022192,558947567,614014980,575332.03626
2021-07-12,SZ000710,贝瑞基因,28.77,3088248,297080649,354605865,1020201.073605
2021-07-12,SH600060,海信视像,14.85,28300392,1308481222,1308481222,1943094.61467
2021-07-12,SH600798,宁波海运,5.44,31235011,1030850948,1206534201,656354.605344
2021-07-12,SZ000736,*ST中地,6.2,1202844,695433689,695433689,431168.88718
2021-07-12,SZ000737,北方铜业,9.59,16837629,548760000,548760000,526260.84
2021-07-12,SZ000721,西安饮食,4.25,6894100,435952795,499055920,212098.766
2021-07-12,SZ000766,通化金马,4.74,9961390,706995720,966494707,458118.491118
2021-07-12,SH600054,黄山旅游,9.51,2274200,513300000,729379440,693639.84744
2021-07-12,SH600064,南京高科,9.04,4281983,1235956888,1235956888,1117305.026752
2021-07-12,SZ000717,中南股份,4.57,36477566,2419524410,2419524410,1105722.65537
2021-07-12,SZ000715,中兴商业,4.7,2528085,415059494,415718940,195387.9018
2021-07-12,SH600067,冠城新材,3.4,8392805,1492110725,1492110725,507317.6465
2021-07-12,SH600066,宇通客车,12.57,28624413,2213939223,2262931223,2844504.547311
2021-07-12,SZ000739,普洛药业,29.62,15177489,1178398671,1178523492,3490786.583304
2021-07-12,SZ000720,新能泰山,3.99,5910845,1289650962,1289650962,514570.733838
2021-07-12,SH600056,中国医药,11.84,5499911,1068108198,1068485534,1265086.872256
2021-07-12,SZ000723,美锦能源,7.62,133063180,3774104004,4274218048,3256954.152576
2021-07-12,SH600059,古越龙山,12.01,14414765,808524165,911542413,1094762.438013
2021-07-12,SZ000759,中百集团,5.19,2233216,680606770,681021500,353450.1585
2021-07-12,SH600055,万东医疗,19.12,19264238,540816199,540816199,1034040.572488
2021-07-12,SH600061,国投资本,8.26,42217409,6425278864,6425278864,5307280.341664
2021-07-12,SH600077,*ST宋都,2.51,3521689,1340122326,1340122326,336370.703826
2021-07-12,SZ000727,冠捷科技,2.51,25140040,3419222152,4529566980,1136921.31198
2021-07-12,SH600062,华润双鹤,11.74,3832311,1043237710,1043237710,1224761.07154
2021-07-12,SH600076,康欣新材,4.22,26756265,1034264129,1344543367,567397.300874
2021-07-12,SH600068,葛洲坝,7.9,40070913,4604777412,4604777412,3637774.15548
2021-07-12,SH600071,凤凰光学,14.93,4902000,237472456,281573889,420389.816277
2021-07-12,SH600058,五矿发展,8.52,22991384,1071910711,1071910711,913267.925772
2021-07-12,SZ000779,甘咨询,9.08,512900,175031047,380330518,345340.110344
2021-07-12,SH600063,皖维高新,5.31,132016057,1925894692,1925894692,1022650.081452
2021-07-12,SH600072,中船科技,11.42,6668334,736249883,736249883,840797.366386
2021-07-12,SH600070,*ST富润,9.01,18717088,506720732,521946118,470273.452318
2021-07-12,SZ000778,新兴铸管,3.76,38428687,3884900959,3990880176,1500570.946176
2021-07-12,SZ000780,ST平能,6.37,7467915,1014306324,1014306324,646113.128388
2021-07-12,SH600079,ST人福,23.78,23338577,1353704302,1633071908,3883444.997224
2021-07-12,SZ000786,北新建材,39.56,15786872,1689507842,1689507842,6683693.022952
2021-07-12,SZ000767,晋控电力,3.27,22771590,2912242405,3076942219,1006160.105613
2021-07-12,SZ000625,长安汽车,21.12,272596748,5849553940,7615428202,16083784.362624
2021-07-12,SZ000735,罗 牛 山,7.83,11754371,1150886809,1151513578,901635.131574
2021-07-12,SZ000776,广发证券,14.55,42689330,5919291464,7621087664,11088682.55112
2021-07-12,SZ000068,华控赛格,2.69,8752600,1006671464,1006671464,270794.623816
2021-07-12,SH600080,金花股份,7.19,4258376,373270285,373270285,268381.334915
2021-07-12,SH600088,中视传媒,10.31,3833364,397706400,397706400,410035.2984
2021-07-12,SZ000788,北大医药,6.9,7015456,595987425,595987425,411231.32325
2021-07-12,SZ000728,国元证券,7.68,20819164,4291289205,4363777891,3351381.420288
2021-07-12,SH600090,退市济堂,1.68,31850102,1439662945,1439662945,241863.37476
2021-07-12,SZ000731,四川美丰,5.77,21288637,591484352,591484352,341286.471104
2021-07-12,SH600075,新疆天业,7.13,65314328,1032522351,1419727737,1012265.876481
2021-07-12,SZ000828,东莞控股,11.4,9205695,1039515642,1039516992,1185049.37088
2021-07-12,SH600089,特变电工,13.22,155320963,3714312789,3714312789,4910321.507058
2021-07-12,SZ000800,一汽解放,10.91,13102656,764516311,4650653869,5073863.371079
2021-07-12,SH600106,重庆路桥,2.54,6457445,1329025062,1329025062,337572.365748
2021-07-12,SZ000782,恒申新材,3.8,10440100,528135152,528139623,200693.05674
2021-07-12,SH600097,开创国际,9.17,1273600,240936559,240936559,220938.824603
2021-07-12,SH600082,海泰发展,2.9,4781900,634289782,646115826,187373.58954
2021-07-12,SH600085,同仁堂,36.07,19384303,1371470262,1371470262,4946893.235034
2021-07-12,SZ000819,岳阳兴长,6.39,1980956,299150255,299150255,191157.012945
2021-07-12,SZ000752,ST西发,7.06,11389765,263758491,263758491,186213.494646
2021-07-12,SZ000838,财信发展,3.02,42749237,846109019,1100462170,332339.57534
2021-07-12,SZ000738,航发控制,20.43,15811893,1145633774,1145642349,2340547.319007
2021-07-12,SZ000753,漳州发展,2.6,4004600,991481071,991481071,257785.07846
2021-07-12,SZ000768,中航西飞,24.94,26108321,2768638696,2768645071,6905000.807074
2021-07-12,SH600093,退市易见,4.83,153800,1122447500,1122447500,542142.1425
2021-07-12,SZ000066,中国长城,15.08,82771832,2938046005,2938394515,4431098.92862
2021-07-12,SZ000755,山西高速,3.29,2934500,469264621,469264621,154388.060309
2021-07-12,SH600100,同方股份,5.95,16585374,2963898951,2963898951,1763519.875845
2021-07-12,SH600101,明星电力,5.38,4625429,421432670,421432670,226730.77646
2021-07-12,SH600078,澄星股份,3.05,1613900,662572861,662572861,202084.722605
2021-07-12,SH600081,东风科技,15.11,7810465,313560000,313560000,473789.16
2021-07-12,SH600103,青山纸业,2.51,42417092,2305817807,2305817807,578760.269557
2021-07-12,SZ000796,凯撒旅业,8.97,15155456,802583633,803000258,720291.231426
2021-07-12,SZ000733,振华科技,65.3,12776514,514805618,514805618,3361680.68554
2021-07-12,SH600099,林海股份,6.54,1816300,219120000,219120000,143304.48
2021-07-12,SH600073,光明肉业,8.03,6005019,937729472,937729472,752996.766016
2021-07-12,SH600091,退市明科,2.74,1584323,437412524,437412524,119851.031576
2021-07-12,SZ000762,西藏矿业,35.53,83637207,520795518,520819240,1850470.75972
2021-07-12,SH600095,湘财股份,11.35,59302202,956642527,2681990294,3044058.98369
2021-07-12,SZ000750,国海证券,4.12,49925963,5444520789,5444525514,2243144.511768
2021-07-12,SH600096,云天化,15.04,81377398,1361149866,1837396147,2763443.805088
2021-07-12,SZ000777,中核科技,11.42,3129170,383406551,386597593,441494.451206
2021-07-12,SH600084,中信尼雅,3.98,15964502,1123726830,1123726830,447243.27834
2021-07-12,SZ000785,居然智家,5.84,7748735,760300496,6529036899,3812957.549016
2021-07-12,SZ000797,中国武夷,3.06,6003417,1566239646,1570998213,480725.453178
2021-07-12,SZ000729,燕京啤酒,6.95,14966217,2509558118,2818539341,1958884.841995
2021-07-12,SH600098,广州发展,6.16,3262581,2726196558,2726196558,1679337.079728
2021-07-12,SZ000799,酒鬼酒,236.09,10669685,324928980,324928980,7671248.28882
2021-07-12,SZ000868,安凯客车,4.22,22240502,695545403,733329168,309464.908896
2021-07-12,SZ000088,盐 田 港,5.47,6519449,2249161747,2249161747,1230291.475609
2021-07-12,SZ000793,*ST华闻,2.58,34394065,1961008615,1997245457,515289.327906
2021-07-12,SZ000783,长江证券,7.16,28515345,5529941971,5529941971,3959438.451236
2021-07-12,SH600116,三峡水利,8.52,17443341,1353844295,1912142904,1629145.754208
2021-07-12,SZ000756,新华制药,8.4,1338771,431584895,627367447,526988.65548
2021-07-12,SH600109,国金证券,11.95,46498425,3024359310,3024359310,3614109.37545
2021-07-12,SZ000795,英洛华,5.42,44841402,1131407846,1133684103,614456.783826
2021-07-12,SZ000816,智慧农业,2.8,18873803,1336277472,1424503318,398860.92904
2021-07-12,SH600108,亚盛集团,2.85,28190890,1946915121,1946915121,554870.809485
2021-07-12,SH600128,苏豪弘业,6.84,4289005,246767500,246767500,168788.97
2021-07-12,SH600118,中国卫星,27.34,8302466,1182489135,1182489135,3232925.29509
2021-07-12,SZ000069,华侨城Ａ,7.54,43874780,7056298141,8201793915,6184152.61191
2021-07-12,SZ000789,万年青,11.39,8153178,797379946,797398853,908237.293567
2021-07-12,SH600111,北方稀土,32.67,355202981,3633066000,3633066000,11869226.622
2021-07-12,SZ000836,ST富通,2.4,15268699,1208315049,1208455224,290029.25376
2021-07-12,SH600105,永鼎股份,3.92,65739658,1380881116,1380881116,541305.397472
2021-07-12,SH600110,诺德股份,16.08,103251007,1323181658,1397268615,2246807.93292
2021-07-12,SZ000823,超声电子,11.77,21195483,536927139,536972627,632016.781979
2021-07-12,SZ000791,甘肃能源,4.24,17573740,1359548680,1359576680,576460.51232
2021-07-12,SH600117,西宁特钢,3.84,13923810,1045118252,1045118252,401325.408768
2021-07-12,SZ000818,航锦科技,32,31110669,677215150,682614000,2184364.8
2021-07-12,SZ000888,峨眉山Ａ,6.15,5651800,526913102,526913102,324051.55773
2021-07-12,SH600113,浙江东日,6.05,2560001,411431160,411431160,248915.8518
2021-07-12,SH600132,重庆啤酒,183.01,5011727,483971198,483971198,8857156.894598
2021-07-12,SZ000839,国安股份,2.14,37675379,3919826352,3919826352,838842.839328
2021-07-12,SH600115,中国东航,4.8,41180551,9808485682,16379509203,7862164.41744
2021-07-12,SH600107,ST尔雅,6.03,3704400,360000000,360000000,217080
2021-07-12,SZ000848,承德露露,11.53,28535941,1076392496,1076419000,1241111.107
2021-07-12,SH600129,太极集团,20.03,11828536,556890744,556890744,1115452.160232
2021-07-12,SZ000063,中兴通讯,34.4,98988864,3857366943,4613434898,15870216.04912
2021-07-12,SH600104,上汽集团,21.8,64659652,11683461365,11683461365,25469945.7757
2021-07-12,SZ000899,赣能股份,4.94,3468918,975674006,975677760,481984.81344
2021-07-12,SH600112,*ST天成,5.01,0,509204846,509204846,255111.627846
2021-07-12,SH600120,浙江东方,4.15,15264330,2896323121,2896323121,1201974.095215
2021-07-12,SZ000829,天音控股,8.37,30664135,1023727416,1025100438,858009.066606
2021-07-12,SH600138,中青旅,10.46,10323399,723840000,723840000,757136.64
2021-07-12,SZ000889,中嘉博创,3.92,15142007,869849677,936291116,367026.117472
2021-07-12,SZ000898,鞍钢股份,4.51,97449803,7941252719,9405250201,4241767.840651
2021-07-12,SH600121,郑州煤电,5.31,30726060,1218412038,1218412038,646976.792178
2021-07-12,SZ000802,北京文化,5.18,6663211,711182455,715900255,370836.33209
2021-07-12,SZ000761,本钢板材,4.46,42260842,3485060605,3885060605,1732737.02983
2021-07-12,SH600119,长江投资,7.79,2065260,307400000,365270370,284545.61823
2021-07-12,SZ001896,豫能控股,8.14,30720645,1150587847,1150587847,936578.507458
2021-07-12,SH600135,乐凯胶片,6.78,6829719,427764817,553307099,375142.213122
2021-07-12,SZ000886,海南高速,4.44,3063201,971960198,988828300,439039.7652
2021-07-12,SH600133,东湖高新,5.74,6763112,775853074,795469152,456599.293248
2021-07-12,SZ000798,中水渔业,7.63,3435589,319386750,319455000,243744.165
2021-07-12,SH600009,上海机场,46.39,12773391,1093476397,1926958448,8939160.240272
2021-07-12,SZ000429,粤高速Ａ,7.13,4478425,1302902734,2090806126,1490744.767838
2021-07-12,SH600139,*ST西源,2.57,8873261,661890508,661890508,170105.860556
2021-07-12,SH600136,ST明诚,5.91,5001700,486882186,584618623,345509.606193
2021-07-12,SZ000803,山高环能,16.37,6622000,127730893,191090731,312815.526647
2021-07-12,SZ000876,新 希 望,13.61,35874965,4324969390,4505211342,6131592.636462
2021-07-12,SH600126,杭钢股份,5.22,25948921,3377189083,3377189083,1762892.701326
2021-07-12,SH600158,中体产业,11.45,9353652,627809882,959513067,1098642.461715
2021-07-12,SZ000790,华神科技,5.37,18286630,616360564,616360564,330985.622868
2021-07-12,SH600131,国网信通,12.99,6976415,540214382,1195394544,1552817.512656
2021-07-12,SZ000807,云铝股份,12.77,96858917,2814010296,3128206556,3994719.772012
2021-07-12,SH600137,浪莎股份,14.4,1500400,97217588,97217588,139993.32672
2021-07-12,SZ000806,银河退,3.53,8277078,699304718,1099911762,388268.851986
2021-07-12,SZ000089,深圳机场,7.76,6354529,2050769509,2050769509,1591397.138984
2021-07-12,SH600122,*ST宏图,1.62,27181627,1158258350,1158258350,187637.8527
2021-07-12,SH600168,武汉控股,6.67,2664701,709569692,709569692,473282.984564
2021-07-12,SZ000858,五 粮 液,270.95,26424669,3881433180,3881608005,105172168.895475
2021-07-12,SH600127,金健米业,8.82,9080666,641783218,641783218,566052.798276
2021-07-12,SZ000801,四川九洲,6.8,16892674,1022806646,1022806646,695508.51928
2021-07-12,SH600125,铁龙物流,4.91,7542487,1305521874,1305521874,641011.240134
2021-07-12,SH600157,永泰能源,1.51,237548360,22217764145,22217764145,3354882.385895
2021-07-12,SZ000883,湖北能源,4.59,35579830,6504876386,6507449486,2986919.314074
2021-07-12,SZ000813,德展健康,4.22,10954216,2219869572,2241481800,945905.3196
2021-07-12,SH600150,中国船舶,15.97,20629516,2443307764,4472428758,7142468.726526
2021-07-12,SH600148,长春一东,12.96,1061800,141516450,141516450,183405.3192
2021-07-12,SH600159,大龙地产,2.54,5834800,830003232,830003232,210820.820928
2021-07-12,SH600156,华升股份,3.81,2830122,402110702,402110702,153204.177462
2021-07-12,SZ000811,冰轮环境,11.92,21038229,745821393,745837804,889038.662368
2021-07-12,SH600165,ST宁科,7.31,8489050,684883775,684883775,500650.039525
2021-07-12,SZ000810,创维数字,8.66,7605671,1024868031,1063236222,920762.568252
2021-07-12,SZ000878,云南铜业,13.29,44949930,1641882205,1699678560,2258872.80624
2021-07-12,SH600163,中闽能源,4.8,11219138,999465230,1689302988,810865.43424
2021-07-12,SH600166,福田汽车,3.5,157914514,6575192047,6575192047,2301317.21645
2021-07-12,SZ000065,北方国际,7.97,10703732,678046752,774470338,617252.859386
2021-07-12,SH600151,航天机电,9.26,18293555,1434252287,1434252287,1328117.617762
2021-07-12,SZ000815,美利云,5.13,7427519,695263035,695263035,356669.936955
2021-07-12,SH600152,维科技术,8.9,17859176,408552032,411603032,366326.69848
2021-07-12,SH600162,香江控股,1.82,7601677,3395781424,3395781424,618032.219168
2021-07-12,SH600161,天坛生物,43.55,40405198,1254440168,1373174615,5980175.448325
2021-07-12,SZ000809,和展能源,1.96,3782350,824791293,824791293,161659.093428
2021-07-12,SZ000882,华联股份,1.75,14528368,2737348016,2737351947,479036.590725
2021-07-12,SH600153,建发股份,7.4,9338000,2835200530,2863552530,2119028.8722
2021-07-12,SH600170,上海建工,2.75,15695997,8904397728,8904397728,2448709.3752
2021-07-12,SZ000812,陕西金叶,3.45,10947050,767858107,768692614,265198.95183
2021-07-12,SZ000821,ST京机,9.4,18522942,476361775,622874778,585502.29132
2021-07-12,SH600160,巨化股份,11.11,68652316,2699746081,2699746081,2999417.895991
2021-07-12,SH600188,兖矿能源,14.27,26851337,2974184060,4874184060,6955460.65362
2021-07-12,SH600180,瑞茂通,5.63,5793455,1016477464,1016477464,572276.812232
2021-07-12,SZ000822,山东海化,7.52,28747215,895091926,895091926,673109.128352
2021-07-12,SH600196,复星医药,65.2,45481184,2010958045,2562898545,16710098.5134
2021-07-12,SZ000830,鲁西化工,19.77,69728465,1464043385,1904319011,3764838.684747
2021-07-12,SH600199,金种子酒,15.27,17673188,606469391,657796824,1004455.750248
2021-07-12,SZ000856,冀东装备,6.72,2534600,227000000,227000000,152544
2021-07-12,SH600186,莲花控股,3.33,38903177,1379923955,1379923955,459514.677015
2021-07-12,SZ000881,中广核技,10.37,5582680,728516517,945425815,980406.570155
2021-07-12,SH600169,ST太重,2.36,18677075,2563955000,3333141500,786621.394
2021-07-12,SZ000862,银星能源,5.94,43947492,501352890,706118997,419434.684218
2021-07-12,SH600155,华创云信,9.85,16465264,1739556648,1739556648,1713463.29828
2021-07-12,SH600171,上海贝岭,37.2,102033911,700862144,712815314,2651672.96808
2021-07-12,SZ000581,威孚高科,20.9,6893778,816949740,1008950570,2108706.6913
2021-07-12,SZ000837,秦川机床,7.37,7165483,693099024,693370910,511014.36067
2021-07-12,SZ000850,华茂股份,3.65,4166653,943382489,943665009,344437.728285
2021-07-12,SH600189,泉阳泉,11.35,10210323,688282134,715197812,811749.51662
2021-07-12,SH600178,东安动力,7.84,16214066,462080000,462080000,362270.72
2021-07-12,SZ000825,太钢不锈,7.4,193815709,5661078984,5696247796,4215223.36904
2021-07-12,SH600198,大唐电信,7.59,14471779,880454735,882108472,669520.330248
2021-07-12,SH600183,生益科技,24.42,34706742,2291355427,2291355427,5595489.952734
2021-07-12,SZ000861,海印股份,2.06,20726590,2167750986,2325503449,479053.710494
2021-07-12,SZ000860,顺鑫农业,37.75,8647201,741766989,741766989,2800170.383475
2021-07-12,SH600179,安通控股,4.11,9129561,3564945567,4364286051,1793721.566961
2021-07-12,SZ000833,粤桂股份,4.51,2305577,378085022,668401851,301449.234801
2021-07-12,SZ000859,国风新材,6.39,38503322,739312480,895976271,572528.837169
2021-07-12,SH600177,雅戈尔,6.63,8742072,4502688973,4629002973,3069028.971099
2021-07-12,SZ000852,石化机械,4.84,12931546,777604997,777604997,376360.818548
2021-07-12,SH600172,黄河旋风,7.39,133912501,1224222286,1442184476,1065774.327764
2021-07-12,SH600218,全柴动力,8.57,3900503,368755000,368755000,316023.035
2021-07-12,SZ000887,中鼎股份,12.88,31465268,1218247233,1220839656,1572441.476928
2021-07-12,SH600191,华资实业,3.27,7613595,484932000,484932000,158572.764
2021-07-12,SZ000895,双汇发展,30.2,10208140,1488824214,3464661213,10463276.86326
2021-07-12,SH600123,兰花科创,8.14,57172205,1142400000,1142400000,929913.6
2021-07-12,SZ000078,海王生物,3.24,10887279,2621199543,2750833257,891269.975268
2021-07-12,SH600192,长城电工,4.45,9425970,441748000,441748000,196577.86
2021-07-12,SZ000893,亚钾国际,18.92,14677779,403342500,756903272,1432060.990624
2021-07-12,SH600195,中牧股份,11.5,10330698,1015610601,1015610601,1167952.19115
2021-07-12,SZ000877,天山股份,13.38,11285434,880094724,1048722959,1403191.319142
2021-07-12,SZ000892,欢瑞世纪,2.82,7373010,537446766,980980473,276636.493386
2021-07-12,SH600201,生物股份,18.89,28303693,1119961241,1126240241,2127467.815249
2021-07-12,SZ000890,法尔胜,5.71,5680201,379628678,419503968,239536.765728
2021-07-12,SH600228,*ST返利,8.28,1776200,241320000,823267005,681665.08014
2021-07-12,SZ000900,现代投资,4.12,3546127,1517374185,1517828334,625345.273608
2021-07-12,SH600167,联美控股,8.84,4797291,2288119475,2288119475,2022697.6159
2021-07-12,SH600266,城建发展,4.66,5238639,2256537600,2256537600,1051546.5216
2021-07-12,SZ000908,*ST景峰,4.79,28319648,723264977,879774351,421411.914129
2021-07-12,SZ000928,中钢国际,9.4,31406109,1256631742,1256662942,1181263.16548
2021-07-12,SH600007,中国国贸,17.45,3556515,1007282534,1007282534,1757708.02183
2021-07-12,SH600206,有研新材,15.1,41212375,844078132,846594132,1278357.13932
2021-07-12,SZ000917,电广传媒,5.39,27538751,1417296852,1417556338,764062.866182
2021-07-12,SH600209,退市罗顿,4.65,4103249,439011169,439011169,204140.193585
2021-07-12,SH600200,退市苏吴,8.05,19619622,712388832,712388832,573473.00976
2021-07-12,SZ000901,航天科技,8.47,7524098,798201406,798201406,676076.590882
2021-07-12,SZ000902,新洋丰,18.55,94024729,1186309098,1304529290,2419901.83295
2021-07-12,SH600173,卧龙新能,6.17,2360056,700416244,700989244,432510.363548
2021-07-12,SZ000903,ST云动,3.88,23331520,1970800857,1970800857,764670.732516
2021-07-12,SH600176,中国巨石,15.99,143685956,4003136728,4003136728,6401015.628072
2021-07-12,SZ000897,津滨发展,2.07,4829861,1617244634,1617272234,334775.352438
2021-07-12,SH600359,新农开发,7.44,5716600,381512820,381512820,283845.53808
2021-07-12,SZ000905,厦门港务,6.56,2039901,530998500,625191522,410125.638432
2021-07-12,SZ000909,ST数源,7.08,2635922,387423864,453828600,321310.6488
2021-07-12,SH600203,福日电子,9.82,17435300,456447120,456447120,448231.07184
2021-07-12,SZ000913,钱江摩托,17.04,5576003,453536000,453536000,772825.344
2021-07-12,SH600193,*ST创兴,9.56,6106626,425373000,425373000,406656.588
2021-07-12,SZ000911,广农糖业,9.38,4781801,324080937,324080937,303987.918906
2021-07-12,SZ000912,泸天化,4.5,18374001,1568000000,1568000000,705600
2021-07-12,SH600202,哈空调,3.93,6114100,383340672,383340672,150652.884096
2021-07-12,SH600190,退市锦港,2.79,1429744,1779484530,2002291500,558639.3285
2021-07-12,SZ000915,华特达因,28.52,5419301,234161315,234331485,668313.39522
2021-07-12,SH600185,珠免集团,7.25,29235436,2061091430,2061091430,1494291.28675
2021-07-12,SZ000925,众合科技,7.71,13384740,528043355,544365081,419705.477451
2021-07-12,SZ000920,沃顿科技,11.06,96383789,421821575,422000000,466732
2021-07-12,SH600141,兴发集团,23.72,63753091,937536640,1118892663,2654013.396636
2021-07-12,SZ000922,佳电股份,7.01,5349061,582363503,599212053,420047.649153
2021-07-12,SZ000926,福星股份,4.33,3111201,946855832,962462474,416746.251242
2021-07-12,SH600208,衢州发展,3,29135343,8598171921,8599343536,2579803.0608
2021-07-12,SZ000929,*ST兰黄,10.7,9791196,185754223,185766000,198769.62
2021-07-12,SZ000835,长动退,2.83,10932946,302895000,326760374,92473.185842
2021-07-12,SZ000910,大亚圣象,11.77,3853676,547152500,547397500,644286.8575
2021-07-12,SH600146,退市环球,2.69,21143135,469970000,469970000,126421.93
2021-07-12,SZ000906,浙商中拓,12.72,8344356,665536898,674436311,857882.987592
2021-07-12,SZ000930,中粮科技,9.13,22572259,964402678,1865717988,1703400.523044
2021-07-12,SZ000931,中 关 村,6.77,3310607,746191907,753126982,509866.966814
2021-07-12,SZ000921,海信家电,13.2,6905358,902118590,1362725370,1798797.4884
2021-07-12,SZ000923,河钢资源,20.41,12207686,627893854,652728961,1332219.809401
2021-07-12,SH600207,安彩高科,8.04,20957668,862955974,862955974,693816.603096
2021-07-12,SZ000918,*ST嘉凯,4.48,13934700,1804191500,1804191500,808277.792
2021-07-12,SZ000090,天健集团,5.37,8358990,1868287589,1868545434,1003408.898058
2021-07-12,SH600211,西藏药业,59.06,3663322,247937843,247937843,1464320.900758
2021-07-12,SZ000927,中国铁物,3.39,69916603,1959304684,6050353641,2051069.884299
2021-07-12,SH600006,东风股份,7.76,112415213,2000000000,2000000000,1552000
2021-07-12,SZ000932,华菱钢铁,6.91,219685348,5396362123,6587051181,4551652.366071
2021-07-12,SZ000936,华西股份,7,19549661,885378740,886012887,620209.0209
2021-07-12,SH600212,绿能慧充,4.23,6754300,511697213,511697213,216447.921099
2021-07-12,SZ000935,四川双马,16.88,21984010,763436593,763440333,1288687.282104
2021-07-12,SH600210,紫江企业,5.14,23579042,1516736158,1516736158,779602.385212
2021-07-12,SZ000933,神火股份,10.28,106384407,2231460309,2250986609,2314014.234052
2021-07-12,SH600215,派斯林,6.75,4069500,465032880,465032880,313897.194
2021-07-12,SZ000937,冀中能源,3.86,16533201,2906599842,3533546850,1363949.0841
2021-07-12,SH600197,伊力特,27.15,16540079,471935452,471935452,1281304.75218
2021-07-12,SH600145,退市新亿,1.48,23044790,1491100380,1491100380,220682.85624
2021-07-12,SH600220,ST阳光,2.13,5339728,1783340326,1783340326,379851.489438
2021-07-12,SZ000948,南天信息,12.07,9883735,334504835,381165677,460066.972139
2021-07-12,SH600149,廊坊发展,5.14,3534037,380160000,380160000,195402.24
2021-07-12,SZ000949,新乡化纤,8.77,72334248,1257187175,1466727778,1286320.261306
2021-07-12,SH600216,浙江医药,15.27,18043238,965123725,965128000,1473750.456
2021-07-12,SZ000938,紫光股份,25.31,124311368,2860079874,2860079874,7238862.161094
2021-07-12,SH600222,太龙药业,6.35,15013921,573886283,573886283,364417.789705
2021-07-12,SH600000,浦发银行,9.91,33415612,29352156163,29352156163,29087986.757533
2021-07-12,SZ000952,广济药业,7.76,5331617,309443612,346995039,269268.150264
2021-07-12,SH600226,亨通股份,2.83,17661329,3129012583,3129012583,885510.560989
2021-07-12,SZ000919,金陵药业,7.1,4491409,503235199,504000000,357840
2021-07-12,SH600268,国电南自,6.44,4798916,695265184,695265184,447750.778496
2021-07-12,SH600221,海航控股,1.99,214088785,16436002728,16806120330,3344417.94567
2021-07-12,SZ000953,河化股份,4.98,1951400,319921505,366122195,182328.85311
2021-07-12,SH600239,云南城投,2.05,9377754,1605686909,1605686909,329165.816345
2021-07-12,SZ000955,欣龙控股,5.08,8643551,537598350,538395000,273504.66
2021-07-12,SH600217,中再资环,5.23,18343995,1388659782,1388659782,726269.065986
2021-07-12,SZ000959,首钢股份,5.84,69322894,5057103246,6685423610,3904287.38824
2021-07-12,SZ000958,电投产融,4.19,7960274,1102079201,5383418520,2255652.35988
2021-07-12,SH600219,南山铝业,3.97,198421758,11950481520,11950481520,4744341.16344
2021-07-12,SZ000957,中通客车,6.02,3412300,592888960,592903936,356928.169472
2021-07-12,SH600223,福瑞达,14.18,24780426,1009152199,1009152199,1430977.818182
2021-07-12,SZ000962,东方钽业,12.24,28556261,440831060,440832644,539579.156256
2021-07-12,SH600238,*ST椰岛,21.92,29610312,445001580,448200000,982454.4
2021-07-12,SZ000963,华东医药,41.69,28301218,1749761803,1749809548,7294956.005612
2021-07-12,SZ000960,锡业股份,16.76,97935893,1668776379,1668776379,2796869.211204
2021-07-12,SH600227,赤天化,3.22,11789009,1278179547,1693134201,545189.212722
2021-07-12,SH600500,中化国际,7.43,44793600,2707916472,2765916472,2055075.938696
2021-07-12,SZ000961,ST中南,5.95,45400193,3806122245,3821284303,2273664.160285
2021-07-12,SH600229,城市传媒,5.99,1582503,702096010,702096010,420555.50999
2021-07-12,SZ000999,华润三九,26.04,5345031,978395308,978900000,2549055.6
2021-07-12,SZ000966,长源电力,11.36,62808371,1108284080,2549660478,2896414.303008
2021-07-12,SH600236,桂冠电力,5.38,5720892,7882377802,7882377802,4240719.257476
2021-07-12,SZ000967,盈峰环境,6.61,9417489,2023486687,3163086005,2090799.849305
2021-07-12,SH600230,沧州大化,13.38,20768052,411863502,418596302,560081.852076
2021-07-12,SZ000965,天保基建,2.59,2781270,1109830895,1109830895,287446.201805
2021-07-12,SZ000518,*ST四环,3.5,7091693,1029535693,1029556222,360344.6777
2021-07-12,SZ000970,中科三环,10.82,90649626,1065200000,1065200000,1152546.4
2021-07-12,SH600299,安迪苏,11.68,3983448,2681901273,2681901273,3132460.686864
2021-07-12,SH600008,首创环保,3.19,162748063,7340590677,7340590677,2341648.425963
2021-07-12,SZ000971,*ST高升,2.67,6611900,803485516,1048590126,279973.563642
2021-07-12,SZ000070,特发信息,8.14,17665055,804975185,826309536,672615.962304
2021-07-12,SH600231,凌钢股份,2.99,49787279,2852125238,2852125238,852785.446162
2021-07-12,SH600269,赣粤高速,3.33,7465720,2335407014,2335407014,777690.535662
2021-07-12,SZ000978,桂林旅游,5.58,8880304,360053425,360100000,200935.8
2021-07-12,SZ000973,佛塑科技,4.58,34917592,967399968,967423171,443079.812318
2021-07-12,SH600256,广汇能源,3.29,112925849,6754032780,6754032780,2222076.78462
2021-07-12,SZ000301,东方盛虹,24.51,89761027,1731816898,4834863866,11850251.335566
2021-07-12,SZ000969,安泰科技,9.53,68499820,1000831205,1026008097,977785.716441
2021-07-12,SH600258,首旅酒店,22.8,13941878,982080716,987715462,2251991.25336
2021-07-12,SZ000976,*ST华铁,5.61,15879385,1594602816,1595678796,895175.804556
2021-07-12,SH600232,金鹰股份,5.13,5092157,364718544,364718544,187100.613072
2021-07-12,SZ000988,华工科技,24.82,38730604,1005075732,1005502707,2495657.718774
2021-07-12,SH600233,圆通速递,10.07,8601030,3157644396,3159830675,3181949.489725
2021-07-12,SZ000977,浪潮信息,27.95,38311681,1452504294,1453721310,4063151.06145
2021-07-12,SZ000975,山金国际,9.9,35283881,2486161003,2776722265,2748955.04235
2021-07-12,SH600237,铜峰电子,6.45,37473521,564369565,564369565,364018.369425
2021-07-12,SH600257,大湖股份,7.23,29958924,481237188,481237188,347934.486924
2021-07-12,SH600235,民丰特纸,5.18,4506962,351300000,351300000,181973.4
2021-07-12,SH600234,科新发展,15.03,4369337,202445880,202445880,304276.15764
2021-07-12,SZ000980,众泰汽车,6.71,38849817,1245944713,2027671288,1360567.434248
2021-07-12,SZ000968,蓝焰控股,6.25,3827389,967502660,967502660,604689.1625
2021-07-12,SZ000989,九芝堂,9.78,18362471,589542851,869354236,850228.442808
2021-07-12,SH600262,北方股份,13.74,911500,170000000,170000000,233580
2021-07-12,SH600300,维维股份,3.41,0,1672000000,1672000000,570152
2021-07-12,SH600130,*ST波导,3.49,9964554,768000000,768000000,268032
2021-07-12,SZ000982,中银绒业,2.51,252158832,4261877053,4261877053,1069731.140303
2021-07-12,SZ000990,诚志股份,14.51,17484469,1253011019,1253011919,1818120.294469
2021-07-12,SH600260,*ST凯乐,8.41,24090921,994886058,997181220,838629.40602
2021-07-12,SH600278,东方创业,7.82,1542673,678914260,868459428,679135.272696
2021-07-12,SH600301,华锡有色,7.3,1542000,235148140,235148140,171658.1422
2021-07-12,SZ000996,中期退,9.15,4156291,345000000,345000000,315675
2021-07-12,SZ000987,越秀资本,12.08,10181817,2667210610,2752884754,3325484.782832
2021-07-12,SH600018,上港集团,5.19,51284960,23173674650,23173674650,12027137.14335
2021-07-12,SH600289,ST信通,3.61,5165261,565922684,631052069,227809.796909
2021-07-12,SH600261,阳光照明,3.92,7780113,1452102930,1452102930,569224.34856
2021-07-12,SZ000096,广聚能源,9.27,852201,510848000,528000000,489456
2021-07-12,SZ000158,常山北明,10.63,165760746,1573483915,1598616721,1699329.574423
2021-07-12,SH600267,海正药业,14.22,10716084,965531842,1168843462,1662095.402964
2021-07-12,SH600277,ST亿利,3.67,79363080,2738940149,2738940149,1005191.034683
2021-07-12,SZ000985,大庆华科,12.13,1181856,129639500,129639500,157252.7135
2021-07-12,SZ000983,山西焦煤,7.54,76573251,4096529583,4096560000,3088806.24
2021-07-12,SZ000099,中信海直,6.82,5064722,606070420,606070420,413340.02644
2021-07-12,SH600291,退市西水,3.44,31091183,1093064378,1093064378,376014.146032
2021-07-12,SZ000993,闽东电力,10.34,34344150,439747572,457951455,473521.80447
2021-07-12,SH600279,重庆港,3.61,2260930,869924190,1186866283,428458.728163
2021-07-12,SZ000150,*ST宜康,4.25,22867141,805990242,877697557,373021.461725
2021-07-12,SZ000997,新 大 陆,16.4,19392564,1025967726,1032062937,1692583.21668
2021-07-12,SH600275,退市昌鱼,3.55,10258744,508837238,508837238,180637.21949
2021-07-12,SH600298,安琪酵母,50.33,6983695,824080943,832860943,4191789.126119
2021-07-12,SH600265,ST景谷,20.2,787328,129800000,129800000,262196
2021-07-12,SH600287,苏豪时尚,5.36,2738044,436796074,443282774,237599.566864
2021-07-12,SZ000151,中成股份,7.45,2999302,266543967,337370728,251341.19236
2021-07-12,SH600282,南钢股份,3.65,91518596,4459436288,6157600061,2247524.022265
2021-07-12,SH600293,三峡新材,3.5,46557608,1160145046,1160145046,406050.7661
2021-07-12,SZ000153,丰原药业,9.4,12405168,311977230,312141230,293412.7562
2021-07-12,SH600358,ST联合,3.45,1944000,504936660,504936660,174203.1477
2021-07-12,SH600246,万通发展,8.28,12372448,2054009302,2054009302,1700719.702056
2021-07-12,SZ000159,国际实业,6.76,31661190,480685993,480685993,324943.731268
2021-07-12,SH600280,中央商场,3.15,5132200,1138334820,1138334820,358575.4683
2021-07-12,SZ000972,*ST中基,2.02,7246800,771283579,771283579,155799.282958
2021-07-12,SH600308,华泰股份,5.62,15641431,1167561419,1167561419,656169.517478
2021-07-12,SZ000157,中联重科,8.4,87384510,6531890854,8654983346,7270186.01064
2021-07-12,SH600283,钱江水利,11.76,10622757,352995758,352995758,415123.011408
2021-07-12,SH600276,恒瑞医药,63.12,59986695,6367517554,6397477594,40380878.573328
2021-07-12,SH600285,羚锐制药,10.34,7144126,567808992,567808992,587114.497728
2021-07-12,SZ000869,张  裕Ａ,34.4,3999510,453460800,685464000,2357996.16
2021-07-12,SH600366,宁波韵升,7.46,76018489,989113721,989113721,737878.835866
2021-07-12,SH600292,电投水电,8.64,18421763,780816890,780816890,674625.79296
2021-07-12,SH600290,*ST华仪,2.43,36756312,759903511,759903511,184656.553173
2021-07-12,SH600281,华阳新材,4.82,12622901,514402025,514402025,247941.77605
2021-07-12,SH600297,广汇汽车,2.91,85383469,8110387576,8110387576,2360122.784616
2021-07-12,SH600243,*ST海华,4.22,2418600,438850000,438850000,185194.7
2021-07-12,SZ000488,ST晨鸣,8.5,86379922,1659241360,2984208200,2536576.97
2021-07-12,SH600255,鑫科材料,2.29,49980810,1769593555,1799543555,412095.474095
2021-07-12,SH600337,美克家居,4.17,12559350,1628327220,1628327220,679012.45074
2021-07-12,SH600241,时代万恒,6.9,2563304,294302115,294302115,203068.45935
2021-07-12,SH600288,大恒科技,11.25,12502287,436800000,436800000,491400
2021-07-12,SH600252,中恒集团,3.42,172117022,3475107147,3475107147,1188486.644274
2021-07-12,SH600422,昆药集团,9.7,17721386,755695746,758255769,735508.09593
2021-07-12,SH600318,新力金融,7.44,10306900,504209477,513364429,381943.135176
2021-07-12,SH600333,长春燃气,4.65,4788603,609030684,609030684,283199.26806
2021-07-12,SZ000998,隆平高科,17.92,89314530,1061871877,1316970298,2360010.774016
2021-07-12,SH600019,宝钢股份,7.65,136778384,22212353437,22268589450,17035470.92925
2021-07-12,SH600302,标准股份,4.22,2126858,346009804,346009804,146016.137288
2021-07-12,SH600316,洪都航空,38.9,40206890,717114512,717114512,2789575.45168
2021-07-12,SH600038,中直股份,51.29,4509867,589476716,589476716,3023426.076364
2021-07-12,SH600016,民生银行,4.34,62425351,35462123213,43782418502,19001569.629868
2021-07-12,SH600307,酒钢宏兴,2.5,278989734,6263357424,6263357424,1565839.356
2021-07-12,SH600368,五洲交通,3.45,4732685,1125632068,1125632068,388343.06346
2021-07-12,SH600320,振华重工,3.28,17221734,3321997661,5268353501,1728019.948328
2021-07-12,SH600328,中盐化工,16.61,69639064,559611620,957664592,1590680.887312
2021-07-12,SH600345,长江通信,15.9,2799891,198000000,198000000,314820
2021-07-12,SH600323,瀚蓝环境,21.07,5208808,815347146,815347146,1717936.436622
2021-07-12,SZ000726,鲁  泰Ａ,6.06,3063067,561254431,882419922,534746.472732
2021-07-12,SH600339,中油工程,2.79,21198405,5583147471,5583147471,1557698.144409
2021-07-12,SH600306,退市商城,12.04,1965967,177472546,178138918,214479.257272
2021-07-12,SH600303,曙光股份,3.92,18224091,675604211,675604211,264836.850712
2021-07-12,SH600338,西藏珠峰,18.43,89334046,914210168,914210168,1684889.339624
2021-07-12,SH600398,海澜之家,7.01,13170059,4319599916,4319599916,3028039.541116
2021-07-12,SH600399,抚顺特钢,19.45,37239181,1972100000,1972100000,3835734.5
2021-07-12,SH600336,澳柯玛,5.63,5683825,783851569,798263269,449422.220447
2021-07-12,SH600388,龙净环保,8.68,8562859,1069063398,1069063398,927947.029464
2021-07-12,SH600309,万华化学,127.42,39020857,1423756420,3139746626,40006651.508492
2021-07-12,SH600400,红豆股份,2.88,5251098,2533256912,2533256912,729577.990656
2021-07-12,SH600369,西南证券,4.75,36060578,5645109124,6645109124,3156426.8339
2021-07-12,SH600389,江山股份,33.07,5297145,297000000,297000000,982179
2021-07-12,SH600378,昊华科技,25,14055324,356631950,919229657,2298074.1425
2021-07-12,SZ000725,京东方Ａ,6.36,848416253,33536939664,34798398763,22131781.613268
2021-07-12,SH600365,ST通葡,5.11,10913182,400000000,400000000,204400
2021-07-12,SH600390,五矿资本,5.83,17530877,4498065459,4498065459,2622372.162597
2021-07-12,SH600377,宁沪高速,9.5,7949500,3802183001,5037747500,4785860.125
2021-07-12,SH600326,西藏天路,6.99,16233892,918537564,918537564,642057.757236
2021-07-12,SH600382,广东明珠,4.56,12740152,788933815,788933815,359753.81964
2021-07-12,SH600330,天通股份,10.2,54486369,996565730,996565730,1016497.0446
2021-07-12,SH600332,白云山,32.34,19423675,1405890949,1625790949,5257807.929066
2021-07-12,SH600305,恒顺醋业,18.36,9713993,1002956032,1002956032,1841427.274752
2021-07-12,SH600037,歌华有线,8.62,10883265,1391777884,1391777884,1199712.536008
2021-07-12,SH600033,福建高速,2.63,10337178,2744400000,2744400000,721777.2
2021-07-12,SH600466,*ST蓝光,2.75,36278841,3034930435,3034930435,834605.869625
2021-07-12,SH600386,北巴传媒,3.52,4331400,806400000,806400000,283852.8
2021-07-12,SH600312,平高电气,5.76,4199000,1356921309,1356921309,781586.673984
2021-07-12,SH600558,大西洋,3.2,10632063,897604831,897604831,287233.54592
2021-07-12,SH600272,开开实业,7.23,2605900,160000000,243000000,175689
2021-07-12,SH600550,保变电气,4.05,4862397,1534607067,1841528480,745819.0344
2021-07-12,SH600310,广西能源,4.11,5576600,827775000,1036425602,425970.922422
2021-07-12,SH600335,国机汽车,5.27,11672374,1029736837,1456875351,767773.309977
2021-07-12,SH600250,南京商旅,4.76,2877000,270037533,310593879,147842.686404
2021-07-12,SH600010,包钢股份,1.98,2993669518,31677211587,45585032648,9025836.464304
2021-07-12,SH600376,首开股份,5.21,3096264,2579565242,2579565242,1343953.491082
2021-07-12,SH600315,上海家化,53.81,4730942,671248461,679634461,3657113.034641
2021-07-12,SH600360,*ST华微,9.27,80884171,960295304,960295304,890193.746808
2021-07-12,SH600393,ST粤泰,1.5,74367900,988205552,2536247870,380437.1805
2021-07-12,SH600518,康美药业,2.91,39810825,4408786966,4973861675,1447393.747425
2021-07-12,SH600367,红星发展,10.42,22468918,291200000,293325000,305644.65
2021-07-12,SH600319,亚星化学,5.76,1979800,315594000,315594000,181782.144
2021-07-12,SH600555,退市海创,1.61,10277710,973500000,1303500000,209863.5
2021-07-12,SH600396,华电辽能,2.31,7579000,1472706817,1472706817,340195.274727
2021-07-12,SH600363,联创光电,28.18,12926608,443476750,455476750,1283533.4815
2021-07-12,SH600383,金地集团,10.12,28492951,4514583572,4514583572,4568758.574864
2021-07-12,SH600356,恒丰纸业,7.37,1237592,298731378,298731378,220165.025586
2021-07-12,SH600295,鄂尔多斯,18.97,15167586,652540540,1427947069,2708815.589893
2021-07-12,SH600381,*ST春天,8.58,27407245,587060741,587060741,503698.115778
2021-07-12,SH600588,用友网络,32.4,32642451,3251082016,3270531450,10596521.898
2021-07-12,SH600568,ST中珠,2.02,8410446,1564948288,1992869681,402559.675562
2021-07-12,SH600321,正源股份,2.13,13968952,1510550000,1510550000,321747.15
2021-07-12,SH600528,中铁工业,7.9,7612526,2221551588,2221551588,1755025.75452
2021-07-12,SH600395,盘江股份,7.19,12429126,1655051861,1655051861,1189982.288059
2021-07-12,SH600329,达仁堂,25.09,8895482,565868076,773643076,1941070.477684
2021-07-12,SH600380,健康元,12.85,11227692,1956629177,1956629177,2514268.492445
2021-07-12,SH600589,大位科技,2.28,17321721,704033281,704033281,160519.588068
2021-07-12,SH600468,百利电气,3.99,7710445,1121895038,1121895038,447636.120162
2021-07-12,SH600501,航天晨光,8.94,3564159,421283600,421283600,376627.5384
2021-07-12,SH600488,津药药业,4.45,2691800,1091886680,1100786680,489850.0726
2021-07-12,SH600311,*ST荣华,2.23,21056020,665600000,665600000,148428.8
2021-07-12,SH600419,天润乳业,12.88,2512191,268599337,268599337,345955.946056
2021-07-12,SH600530,交大昂立,3.52,11421660,780000000,780000000,274560
2021-07-12,SH600028,中国石化,4.17,144576157,95557771046,121071209646,50486694.422382
2021-07-12,SH600569,安阳钢铁,3.25,95946680,2393684489,2872421386,933536.95045
2021-07-12,SH600346,恒力石化,25.88,67208130,7039099786,7039099786,18217190.246168
2021-07-12,SH600566,济川药业,16.97,3905043,888258011,888258011,1507373.844667
2021-07-12,SH600498,烽火通信,18.97,37595969,1131543616,1131543616,2146538.239552
2021-07-12,SH600418,江淮汽车,14.32,203166208,1893312117,1893312117,2711222.951544
2021-07-12,SH600539,狮头股份,7.42,2862275,230000000,230000000,170660
2021-07-12,SH600519,贵州茅台,1961,3901024,1256197800,1256197800,246340388.58
2021-07-12,SH600599,*ST熊猫,7.48,5072301,166000000,166000000,124168
2021-07-12,SH600508,上海能源,9.32,4142200,722718000,722718000,673573.176
2021-07-12,SH600448,华纺股份,3.23,6357253,629819662,629819662,203431.750826
2021-07-12,SH600596,新安股份,19.37,67565525,735190386,818390386,1585222.177682
2021-07-12,SH600322,津投城开,1.89,6316240,1105700000,1105700000,208977.3
2021-07-12,SH600361,创新新材,3.53,1760330,665807918,665807918,235030.195054
2021-07-12,SH600011,华能国际,3.97,21757100,10997709919,15698093359,6232143.063523
2021-07-12,SH600391,航发科技,20.22,7775342,330129367,330129367,667521.580074
2021-07-12,SH600567,山鹰国际,3.37,57725901,4615929240,4615929240,1555568.15388
2021-07-12,SH600331,宏达股份,2.39,231112326,2032000000,2032000000,485648
2021-07-12,SH600548,深高速,8.51,2613292,1433270326,2180770326,1855835.547426
2021-07-12,SH600506,统一股份,8.13,1419901,147706873,147706873,120085.687749
2021-07-12,SH600523,贵航股份,13.97,2131760,404044620,404311320,564822.91404
2021-07-12,SH600520,三佳科技,8.18,4790500,158430000,158430000,129595.74
2021-07-12,SH600362,江西铜业,24.61,77326287,2075247405,3462729405,8521777.065705
2021-07-12,SH600379,宝光股份,8.79,8555611,330201564,330201564,290247.174756
2021-07-12,SH600583,海油工程,4.42,21660128,4421354800,4421354800,1954238.8216
2021-07-12,SH600585,海螺水泥,39.2,16923351,3999702579,5299302579,20773266.10968
2021-07-12,SH600509,天富能源,7.02,28042470,1151415017,1151415017,808293.341934
2021-07-12,SH600373,中文传媒,9.71,7976785,1355063719,1355063719,1315766.871149
2021-07-12,SH600350,山东高速,6.2,3739407,4811165857,4811165857,2982922.83134
2021-07-12,SH600533,栖霞建设,3.06,8208218,1050000000,1050000000,321300
2021-07-12,SH600598,北大荒,14.99,17434636,1777679909,1777679909,2664742.183591
2021-07-12,SH600036,招商银行,50.4,83956374,20628944429,25219845601,127108021.82904
2021-07-12,SH600456,宝钛股份,47.02,16576797,430265700,477777539,2246509.988378
2021-07-12,SH600855,航天长峰,12.92,3036419,343257637,449113701,580254.901692
2021-07-12,SH600428,中远海特,5.92,84266777,2146650771,2146650771,1270817.256432
2021-07-12,SH600486,扬农化工,112.98,2164410,309898907,309898907,3501237.851286
2021-07-12,SH600833,第一医药,8.99,645502,223086347,223086347,200554.625953
2021-07-12,SH600837,海通证券,11.74,69050072,8482678055,13064200000,15337370.8
2021-07-12,SH600415,小商品城,4.86,32511780,5443214176,5489914176,2668098.289536
2021-07-12,SH600578,京能电力,2.91,8607197,6677617856,6677617856,1943186.796096
2021-07-12,SH600582,天地科技,4.66,85248392,4138588892,4138588892,1928582.423672
2021-07-12,SH600536,中国软件,59.04,17484943,494562782,494562782,2919898.664928
2021-07-12,SH600083,*ST博信,6.23,1498700,227993326,230000000,143290
2021-07-12,SH600845,宝信软件,58.2,10947159,1091524620,1502542367,8744796.57594
2021-07-12,SH600026,中远海能,6.32,17573873,2864972688,4762691885,3010021.27132
2021-07-12,SH600505,西昌电力,7.3,8090704,364567500,364567500,266134.275
2021-07-12,SH600529,山东药玻,32,7986577,594967747,594967747,1903896.7904
2021-07-12,SH600496,精工钢构,4.06,44132273,2012874349,2012874349,817226.985694
2021-07-12,SH600580,卧龙电驱,13.7,79174134,1315262586,1315262586,1801909.74282
2021-07-12,SH600355,*ST精伦,2.88,19543300,492089200,492089200,141721.6896
2021-07-12,SH600510,黑牡丹,6.38,2778601,1017278025,1047095025,668046.62595
2021-07-12,SH600426,华鲁恒升,37.2,48387647,2109171597,2114657675,7866526.551
2021-07-12,SZ000411,英特集团,13,1635478,207324696,248939935,323621.9155
2021-07-12,SH600327,大东方,8.13,48465058,884779518,884779518,719325.748134
2021-07-12,SH600595,中孚实业,3.45,13967380,1961224057,1961224057,676622.299665
2021-07-12,SZ000536,华映科技,2.68,15103800,2763082516,2766032803,741296.791204
2021-07-12,SH600818,中路股份,10.18,6243709,237957910,321447910,327233.97238
2021-07-12,SH600397,江钨装备,2.7,10615857,989959882,989959882,267289.16814
2021-07-12,SH600590,泰豪科技,7.1,33911837,844925860,858782308,609735.43868
2021-07-12,SH600503,华丽家族,3.51,28850572,1602290000,1602290000,562403.79
2021-07-12,SH600721,百花医药,5.07,1782900,360813552,375134355,190193.117985
2021-07-12,SH600593,大连圣亚,18.66,6167060,128800000,128800000,240340.8
2021-07-12,SH600561,江西长运,4.23,2314400,237064000,284476800,120333.6864
2021-07-12,SH600416,湘电股份,13.76,8232901,945834325,1154951900,1589213.8144
2021-07-12,SH600526,菲达环保,6.34,12134701,547404672,547404672,347054.562048
2021-07-12,SH600565,ST迪马,2.54,8448100,2432576284,2557686284,649652.316136
2021-07-12,SH600531,豫光金铅,5.48,31283781,1090242634,1090242634,597452.963432
2021-07-12,SH600592,龙溪股份,9.5,2149100,399553571,399553571,379575.89245
2021-07-12,SH600515,海南机场,10.03,21463835,1658295366,3907592460,3919315.23738
2021-07-12,SZ000546,金圆股份,6.55,3922379,688461428,714644396,468092.07938
2021-07-12,SH600579,中化装备,6.47,12814600,409521624,734237993,475051.981471
2021-07-12,SH600586,金晶科技,9.83,171172046,1428770000,1428770000,1404480.91
2021-07-12,SH600581,八一钢铁,6.31,96739619,1532897870,1532897870,967258.55597
2021-07-12,SH600535,天士力,13.97,13143580,1512666229,1512666229,2113194.721913
2021-07-12,SH600597,光明乳业,13.45,15199225,1224302009,1224487509,1646935.699605
2021-07-12,SH600516,方大炭素,8.15,123913694,3805970368,3805970368,3101865.84992
2021-07-12,SH600743,华远控股,1.95,9736283,2346100874,2346100874,457489.67043
2021-07-12,SH600551,时代出版,7.34,1454720,505825296,505825296,371275.767264
2021-07-12,SH600577,精达股份,9.17,151699347,1948715948,1948715948,1786972.524316
2021-07-12,SH600371,万向德农,11.41,11193261,292578000,292578000,333831.498
2021-07-12,SH600557,康缘药业,11.61,7176797,592881038,592881038,688334.885118
2021-07-12,SH600560,金自天正,9.33,3506200,223645500,223645500,208661.2515
2021-07-12,SZ000875,电投绿能,5.47,73287516,2146308730,2790208174,1526243.871178
2021-07-12,SH600351,亚宝药业,5.82,21203275,770000023,770000023,448140.013386
2021-07-12,SH600587,新华医疗,26.53,18378992,403466668,406428091,1078253.725423
2021-07-12,SH600853,龙建股份,2.45,3273407,1004901546,1004901546,246200.87877
2021-07-12,SH600050,中国联通,4.18,65397837,30755644212,31011853287,12962954.673966
2021-07-12,SH600499,科达制造,18.38,97899384,1577205702,1888419929,3470915.829502
2021-07-12,SZ000585,东电退,1.74,6755911,609420978,873370000,151966.38
2021-07-12,SZ000613,东海A退,3.72,8949300,266879800,364100000,135445.2
2021-07-12,SH600522,中天科技,10.34,72577825,3066160255,3066160255,3170409.70367
2021-07-12,SH600559,老白干酒,24.42,36230101,897287444,897287444,2191175.938248
2021-07-12,SH600532,退市未来,16.93,3689830,516065720,516065720,873699.26396
2021-07-12,SH600571,信雅达,7.29,5090900,430710823,439277429,320233.245741
2021-07-12,SH600549,厦门钨业,27.5,123561559,1406046200,1418459200,3900762.8
2021-07-12,SH600552,凯盛科技,7.18,25860358,763884003,763884003,548468.714154
2021-07-12,SH600353,旭光电子,5.42,16133669,543720000,543720000,294696.24
2021-07-12,SH600511,国药股份,30.75,5681629,553346424,754502998,2320096.71885
2021-07-12,SH600525,ST长园,6.8,39871280,1305775152,1305775152,887927.10336
2021-07-12,SH600563,法拉电子,163.55,3007982,225000000,225000000,3679875
2021-07-12,SZ000557,西部创业,3.5,5166964,1457916198,1458374735,510431.15725
2021-07-12,SH600458,时代新材,8.19,7101918,802798152,802798152,657491.686488
2021-07-12,SH600512,腾达建设,3.07,22751411,1598902832,1598902832,490863.169424
2021-07-12,SH600030,中信证券,23.89,104790330,9814661700,12926776029,30882067.933281
2021-07-12,SH600759,洲际油气,2.38,51316220,2258184018,2263507518,538714.789284
2021-07-12,SH600012,皖通高速,6.27,4219305,1165600000,1658610000,1039948.47
2021-07-12,SH600538,国发股份,7.1,5464932,464401185,511771343,363357.65353
2021-07-12,SH600537,亿晶光电,4.17,44354126,1176359268,1176359268,490541.814756
2021-07-12,SH600562,国睿科技,14.99,5492820,660738434,1241857840,1861544.90216
2021-07-12,SH600408,安泰集团,3.65,14462685,1006800000,1006800000,367482
2021-07-12,SH600576,祥源文旅,5.03,4622822,619402409,619402409,311559.411727
2021-07-12,SH600573,惠泉啤酒,9.85,5117254,250000000,250000000,246250
2021-07-12,SH600521,华海药业,19.9,22116354,1454609938,1491754938,2968592.32662
2021-07-12,SH600370,三房巷,3.1,4444315,797244230,3657166407,1133721.58617
2021-07-12,SH600460,士兰微,64.27,86277781,1312061614,1312061614,8432619.993178
2021-07-12,SH600513,联环药业,8.68,2165496,285456270,287990370,249975.64116
2021-07-12,SH600039,四川路桥,6.24,21279480,3610525510,4775430289,2979868.500336
2021-07-12,SH600575,淮河能源,2.12,16064200,3886261065,3886261065,823887.34578
2021-07-12,SH600375,汉马科技,12.58,77586295,555740597,654314844,823128.073752
2021-07-12,SH600343,航天动力,9.49,6346257,638206348,638206348,605657.824252
2021-07-12,SH600502,安徽建工,3.9,19875076,1721160272,1721160272,671252.50608
2021-07-12,SH600481,双良节能,6.99,50867798,1627255808,1627255808,1137451.809792
2021-07-12,SH600004,白云机场,10.56,9217109,2069320514,2366718283,2499254.506848
2021-07-12,SH600459,贵研铂业,26.32,19410900,569020415,569020415,1497661.73228
2021-07-12,SH600392,盛和资源,23.44,278239152,1755167067,1755167067,4114111.605048
2021-07-12,SH600584,长电科技,41.42,86090521,1359844003,1779553000,7370908.526
2021-07-12,SH600251,冠农股份,11.32,73183951,776993583,784303583,887831.655956
2021-07-12,SH600436,片仔癀,423.75,6493255,603317210,603317210,25565566.77375
2021-07-12,SH600409,三友化工,11.05,104980050,2064349448,2064349448,2281106.14004
2021-07-12,SH600433,冠豪高新,5.38,15784408,1271315443,1271315443,683967.708334
2021-07-12,SH600490,鹏欣资源,4.21,73187184,1992621386,2212887079,931625.460259
2021-07-12,SH600273,嘉化能源,8.65,14400998,1432730543,1432730543,1239311.919695
2021-07-12,SH600031,三一重工,25.67,137985063,8485221391,8485221391,21781563.310697
2021-07-12,SH600435,北方导航,7.85,11610954,1489320000,1489320000,1169116.2
2021-07-12,SH600439,瑞贝卡,3.31,34532774,1131985440,1131985440,374687.18064
2021-07-12,SH600271,航天信息,12.88,16441770,1852884638,1852884638,2386515.413744
2021-07-12,SH600423,柳化股份,3.87,9413550,798695026,798695026,309094.975062
2021-07-12,SH600475,华光环能,9.84,3250755,706554354,726826374,715197.152016
2021-07-12,SH600425,青松建化,3.5,6641651,1378790086,1378790086,482576.5301
2021-07-12,SH600029,南方航空,5.79,36835355,9730621960,16948403924,9813125.871996
2021-07-12,SH600546,山煤国际,7.13,45567761,1982456140,1982456140,1413491.22782
2021-07-12,SH600352,浙江龙盛,12.95,36321264,3253331860,3253331860,4213064.7587
2021-07-12,SH600020,中原高速,3.25,3842264,2247371832,2247371832,730395.8454
2021-07-12,SH600489,中金黄金,8.73,47982642,4362661210,4847312564,4231703.868372
2021-07-12,SH600480,凌云股份,10.88,24393842,763461517,763461517,830646.130496
2021-07-12,SH600348,华阳股份,7.59,96481115,2405000000,2405000000,1825395
2021-07-12,SH600487,亨通光电,12.06,29154440,2281483491,2362190244,2848801.434264
2021-07-12,SH600547,山东黄金,19.13,29010691,3536494526,4473429525,8557670.681325
2021-07-12,SH600449,宁夏建材,11.18,2536413,478181042,478181042,534606.404956
2021-07-12,SH600462,退市九有,2.83,9101249,533780000,583850000,165229.55
2021-07-12,SH600858,银座股份,5.87,1143704,517548029,520066589,305279.087743
2021-07-12,SH600015,华夏银行,5.78,32827571,12822686653,15387223983,8893815.462174
2021-07-12,SH600429,三元股份,4.69,3971337,1497557426,1497557426,702354.432794
2021-07-12,SH600478,科力远,6.11,77190916,1604131503,1653281386,1010154.926846
2021-07-12,SH600507,方大特钢,7.19,63854142,2155950223,2155950223,1550128.210337
2021-07-12,SH600403,大有能源,3.6,11332500,2390812402,2390812402,860692.46472
2021-07-12,SH600517,国网英大,7,54052749,1899639925,5718435744,4002905.0208
2021-07-12,SH600406,国电南瑞,26.1,23931030,5511827332,5545792545,14474518.54245
2021-07-12,SH600469,风神股份,5.07,3757266,562413222,731137184,370686.552288
2021-07-12,SH600021,上海电力,6.81,8688950,2617164197,2617164197,1782288.818157
2021-07-12,SZ000678,襄阳轴承,5.14,3066900,459611797,459611797,236240.463658
2021-07-12,SH600184,光电股份,10.63,3262720,508760826,508760826,540812.758038
2021-07-12,SZ000826,启迪环境,5.84,31196680,1426254868,1430578784,835458.009856
2021-07-12,SZ000560,我爱我家,4.4,31135320,2257852976,2355500851,1036420.37444
2021-07-12,SH600477,杭萧钢构,3.51,8007034,2153592409,2153737411,755961.831261
2021-07-12,SH600900,长江电力,19.96,55671169,22741859230,22741859230,45392751.02308
2021-07-12,SH600527,江南高纤,2.42,14814260,1731760902,1731760902,419086.138284
2021-07-12,SH600545,卓郎智能,3.08,8083901,1895412995,1895412995,583787.20246
2021-07-12,SH600476,湘邮科技,10.56,2344800,161070000,161070000,170089.92
2021-07-12,SH600570,恒生电子,85.48,13317868,1044090754,1044090754,8924887.765192
2021-07-12,SZ000851,*ST高鸿,6.59,23499825,879157363,1159645996,764206.711364
2021-07-12,SH600446,金证股份,14.12,6803266,855348284,941517905,1329423.28186
2021-07-12,SH600340,华夏幸福,5.46,89853387,3893355062,3913720342,2136891.306732
2021-07-12,SH600540,新赛股份,4.99,9528378,470923313,470923313,234990.733187
2021-07-12,SZ000885,城发环境,9.69,3706486,642078255,642078255,622173.829095
2021-07-12,SH600354,敦煌种业,7.09,72719815,527802080,527802080,374211.67472
2021-07-12,SH600249,两面针,4.82,3291251,550000000,550000000,265100
2021-07-12,SZ000100,TCL科技,8.01,476619679,12907214510,14030788362,11238661.477962
2021-07-12,SH600387,退市海越,5.17,9705210,404048492,468144464,242030.687888
2021-07-12,SH600444,国机通用,12.34,18025703,146421932,146421932,180684.664088
2021-07-12,SH600325,华发股份,6.07,23154924,2113999866,2117188116,1285133.186412
2021-07-12,SH600438,通威股份,40.76,121497934,4501548184,4501548184,18348310.397984
2021-07-12,SH600452,涪陵电力,14.24,5317507,614656000,614656000,875270.144
2021-07-12,SH600470,六国化工,5.79,95623167,521600000,521600000,302006.4
2021-07-12,SH600035,楚天高速,2.91,7683387,1610115901,1610115901,468543.727191
2021-07-12,SH600479,千金药业,8.51,4356181,418507117,418507117,356149.556567
2021-07-12,SH600284,浦东建设,6.88,16394616,970256000,970256000,667536.128
2021-07-12,SH600463,空港股份,5.98,536200,300000000,300000000,179400
2021-07-12,SH600594,益佰制药,5.61,7881387,791927400,791927400,444271.2714
2021-07-12,SH600543,莫高股份,7.95,7270368,321120000,321120000,255290.4
2021-07-12,SH600405,动力源,6.32,31724709,553275448,557143948,352114.975136
2021-07-12,SH600467,好当家,2.65,14741600,1460994304,1460994304,387163.49056
2021-07-12,SH600960,渤海汽车,3.98,10354118,950515518,950515518,378305.176164
2021-07-12,SH600969,郴电国际,6.64,1826360,370050484,370050484,245713.521376
2021-07-12,SH600572,康恩贝,4.45,38469097,2660578347,2667320200,1186957.489
2021-07-12,SH600988,赤峰黄金,15.42,43634626,1535123500,1663911378,2565751.344876
2021-07-12,SH600976,健民集团,52.66,3561620,152236199,153398600,807797.0276
2021-07-12,SH600497,驰宏锌锗,4.69,115917777,5091291568,5091291568,2387815.745392
2021-07-12,SH600493,凤竹纺织,4.98,3038627,272000000,272000000,135456
2021-07-12,SH600986,浙文互联,4.1,9456141,1316358306,1324044861,542858.39301
2021-07-12,SH600410,华胜天成,7.94,27790494,1098743383,1098743383,872402.246102
2021-07-12,SH600985,淮北矿业,10.97,23669017,958704046,2481035925,2721696.409725
2021-07-12,SH600990,四创电子,38.24,2032438,159179110,159179110,608700.91664
2021-07-12,SH600114,东睦股份,8.48,14305492,616383477,616383477,522693.188496
2021-07-12,SH600980,北矿科技,17.13,14718377,152209880,173845794,297797.845122
2021-07-12,SH600992,贵绳股份,8.12,10549500,245090000,245090000,199013.08
2021-07-12,SH600993,马应龙,26.77,22564999,430307016,431053891,1153931.266207
2021-07-12,SH600967,内蒙一机,10.09,15587591,1689631817,1704251817,1719590.083353
2021-07-12,SH600491,龙元建设,4.97,12603544,1529757955,1529757955,760289.703635
2021-07-12,SH600963,岳阳林纸,10.7,95272826,1769518109,1805053109,1931406.82663
2021-07-12,SH600495,晋西车轴,3.58,4905171,1208190886,1208190886,432532.337188
2021-07-12,SH600483,福能股份,10.69,12415792,1660234137,1868775093,1997720.574417
2021-07-12,SH600461,洪城环境,7.07,9933300,910638880,948107625,670312.090875
2021-07-12,SH600997,开滦股份,7.08,28393634,1587799851,1587799851,1124162.294508
2021-07-12,SH600421,*ST华嵘,13.5,0,195600000,195600000,264060
2021-07-12,SH600966,博汇纸业,12.15,22813096,1336844288,1336844288,1624265.80992
2021-07-12,SH600975,新五丰,6.45,12338775,652675584,652675584,420975.75168
2021-07-12,SH600995,南网储能,6.89,4850192,478526400,478526400,329704.6896
2021-07-12,SH600420,国药现代,9.49,5017400,1026961901,1026961901,974586.844049
2021-07-12,SH600962,国投中鲁,7.59,1994700,254020000,262210000,199017.39
2021-07-12,SH600143,金发科技,20.19,63513254,2573622343,2573622343,5196143.510517
2021-07-12,SZ002001,新 和 成,27.95,18199997,2548083674,2578394760,7206613.3542
2021-07-12,SZ002002,ST鸿达,4.08,130478350,3005326285,3009208321,1227756.994968
2021-07-12,SZ002007,华兰生物,38,44634949,1572775270,1824366726,6932593.5588
2021-07-12,SZ002005,ST德豪,1.79,16690367,1691887530,1764720000,315884.88
2021-07-12,SZ002003,伟星股份,6.86,6445542,646575078,775850428,532233.393608
2021-07-12,SZ002008,大族激光,38.96,30552225,994055256,1067072277,4157313.591192
2021-07-12,SZ002004,华邦健康,5.81,23185338,1819157498,1979919191,1150333.049971
2021-07-12,SZ002006,精工科技,8.81,20705337,455160000,455160000,400995.96
2021-07-12,SZ002009,天奇股份,14.32,52677332,369977559,370549434,530626.789488
2021-07-12,SH600022,山东钢铁,1.83,276577498,10946549616,10946549616,2003218.579728
2021-07-12,SZ002010,传化智联,8.8,84998222,2938074814,3071456723,2702881.91624
2021-07-12,SH600981,苏豪汇鸿,3.04,7490400,2242433192,2242433192,681699.690368
2021-07-12,SZ002012,凯恩股份,5.67,13114020,466537641,467625470,265143.64149
2021-07-12,SZ002013,中航机电,10.06,108138218,3884690024,3884824789,3908133.737734
2021-07-12,SZ002011,盾安环境,5.53,20000988,916164102,917212180,507218.33554
2021-07-12,SH600982,宁波能源,3.48,13156000,746930000,1117768211,388983.337428
2021-07-12,SH600984,建设机械,10.67,5833470,859055388,966956865,1031742.974955
2021-07-12,SZ002015,协鑫能科,9.32,16070303,512933261,1352461312,1260493.942784
2021-07-12,SZ002016,世荣兆业,6.4,1099599,686845632,809095632,517821.20448
2021-07-12,SZ002014,永新股份,8.52,1032200,501422662,514016724,437942.248848
2021-07-12,SZ002019,亿帆医药,16.09,6002181,845512472,1234106077,1985676.677893
2021-07-12,SZ002017,东信和平,11.61,13031960,445099702,446486084,518370.343524
2021-07-12,SH600965,福成股份,5.7,3347000,818700955,818700955,466659.54435
2021-07-12,SH600482,中国动力,17.15,4678458,2027431900,2160681619,3705568.976585
2021-07-12,SZ002020,京新药业,8.45,4668788,700690566,837751371,707899.908495
2021-07-12,SZ002021,中捷资源,2.23,16494680,687463865,687815040,153382.75392
2021-07-12,SZ002023,海特高新,13.57,29226667,659280517,756791003,1026965.391071
2021-07-12,SZ002022,科华生物,17.45,7018050,514059224,514703398,898157.42951
2021-07-12,SZ002024,ST易购,6.17,53938805,7588683145,9310039655,5744294.467135
2021-07-12,SZ002025,航天电器,59.53,9072394,428898773,429000000,2553837
2021-07-12,SZ002026,山东威达,13.71,39688545,423119119,423226219,580243.146249
2021-07-12,SH600983,惠而浦,9.62,7364842,766439000,766439000,737314.318
2021-07-12,SH600973,宝胜股份,4.08,7962474,1251963263,1371366248,559517.429184
2021-07-12,SZ002027,分众传媒,8.29,135690410,14677880280,14677880280,12167962.75212
2021-07-12,SZ002028,思源电气,27.98,12860429,590070211,763215782,2135477.758036
2021-07-12,SZ002029,七 匹 狼,6.4,10218367,723702668,755670000,483628.8
2021-07-12,SH600987,航民股份,5.19,2721780,921199500,1080818841,560944.978479
2021-07-12,SZ002030,达安基因,20.12,20033969,1371133216,1403446032,2823733.416384
2021-07-12,SZ002031,巨轮智能,1.81,14715400,1892271229,2199395670,398090.61627
2021-07-12,SZ002032,苏 泊 尔,60.29,1755046,608159307,816846661,4924768.519169
2021-07-12,SH600971,恒源煤电,6.45,22293228,1200004884,1200004884,774003.15018
2021-07-12,SZ002033,丽江股份,6.09,2848324,549480181,549490711,334639.842999
2021-07-12,SZ002034,旺能环境,16.04,2899973,417790108,421368896,675875.709184
2021-07-12,SH600961,株冶集团,7.07,34834773,527457914,527457914,372912.745198
2021-07-12,SZ002035,华帝股份,6.95,6667098,783551124,869230324,604115.07518
2021-07-12,SZ002036,联创电子,16.67,118102904,1046173871,1063149043,1772269.454681
2021-07-12,SH600979,广安爱众,2.96,6768810,1232259790,1232259790,364748.89784
2021-07-12,SZ002037,保利联合,6.19,3014207,327368160,487625309,301840.066271
2021-07-12,SZ002038,双鹭药业,9.79,7745899,851675207,1027350000,1005775.65
2021-07-12,SZ000695,滨海能源,6.26,2779300,221721339,222147539,139064.359414
2021-07-12,SH600873,梅花生物,5.83,29623816,3087003728,3098619928,1806495.418024
2021-07-12,SZ000951,中国重汽,26.95,11187322,671080800,839192400,2261623.518
2021-07-12,SH600862,中航高科,30.88,33332056,1393049107,1393049107,4301735.642416
2021-07-12,SH600182,S佳通,14.14,1523200,170000000,340000000,480760
2021-07-12,SH600613,神奇制药,5.37,4475980,479319978,534071628,286796.464236
2021-07-12,SH600615,鑫源智造,7.58,419410,187624508,188020508,142519.545064
2021-07-12,SH600053,九鼎投资,16.8,1684340,433540800,433540800,728348.544
2021-07-12,SH600027,华电国际,3.39,21719757,8145743053,9862976653,3343549.085367
2021-07-12,SZ002039,黔源电力,14.17,1356579,305394913,305398662,432749.904054
2021-07-12,SZ002040,南 京 港,5.94,1536870,483966800,483966800,287476.2792
2021-07-12,SH600970,中材国际,9.59,17717928,1737646983,1737646983,1666403.456697
2021-07-12,SZ002041,登海种业,16.89,37098972,880000000,880000000,1486320
2021-07-12,SZ002042,华孚时尚,4.84,7504113,1518145368,1519375555,735377.76862
2021-07-12,SZ002043,兔 宝 宝,9.86,7390478,724195532,774756002,763909.417972
2021-07-12,SZ002044,美年健康,8.81,45934444,3826613114,3914253923,3448457.706163
2021-07-12,SZ002045,国光电器,13.32,25009100,467165688,468383913,623887.372116
2021-07-12,SZ002046,国机精工,8.89,10463405,414820418,524349078,466146.330342
2021-07-12,SZ000409,云鼎科技,5.44,12251617,405631244,510931158,277946.549952
2021-07-12,SZ002047,*ST宝鹰,3.32,12433000,1335619499,1341296921,445310.577772
2021-07-12,SZ002048,宁波华翔,21,14304564,558490810,626227314,1315077.3594
2021-07-12,SZ002049,紫光国微,167.85,20650648,606817968,606817968,10185439.59288
2021-07-12,SZ002050,三花智控,23.95,27413210,3534929313,3591601468,8601885.51586
2021-07-12,SZ000561,烽火电子,6.55,3120729,599176586,604692321,396073.470255
2021-07-12,SH600751,海航科技,2.82,49748800,2573189052,2899337783,817613.254806
2021-07-12,SH600617,国新能源,4,2900940,974914344,1377994126,551197.6504
2021-07-12,SH600892,*ST大晟,3.74,2749396,540359536,559464188,209239.606312
2021-07-12,SZ000718,苏宁环球,7.84,94209619,2289182406,3034636384,2379154.925056
2021-07-12,SH600844,金煤科技,4.53,18495300,822730634,1016524240,460485.48072
2021-07-12,SZ000552,甘肃能化,2.88,22098237,2283741262,2286971050,658647.6624
2021-07-12,SZ002051,中工国际,6.38,3918687,1112326784,1237408937,789466.901806
2021-07-12,SH601001,晋控煤业,7.47,31173182,1673700000,1673700000,1250253.9
2021-07-12,SZ002053,云南能投,7.92,3942140,558329336,760978566,602695.024272
2021-07-12,SZ002052,同洲电子,1.89,8922300,745956530,745959694,140986.382166
2021-07-12,SH601988,中国银行,3.06,121971154,210765514846,294387791241,90082664.119746
2021-07-12,SZ002055,ST得润,12.26,17266176,427281042,468869580,574834.10508
2021-07-12,SZ002054,德美化工,10.79,7582400,310512759,482115452,520202.572708
2021-07-12,SH600048,保利发展,12.02,47959190,11969493288,11969493288,14387330.932176
2021-07-12,SH601006,大秦铁路,6.01,38456996,14866874380,14866874380,8934991.50238
2021-07-12,SZ002056,横店东磁,14.39,65308182,1604134535,1626712074,2340838.674486
2021-07-12,SZ002057,中钢天源,7.4,38080719,575287776,746187776,552178.95424
2021-07-12,SZ002058,*ST威尔,9.09,845745,143117781,143448332,130394.533788
2021-07-12,SZ002060,广东建工,3.56,15269002,1201904981,1202262058,428005.292648
2021-07-12,SZ002059,云南旅游,5.34,5910200,730792576,1012434813,540640.190142
2021-07-12,SZ002061,浙江交科,5.3,4516511,1375697262,1375697262,729119.54886
2021-07-12,SZ002062,宏润建设,4.14,3926840,965500802,1102500000,456435
2021-07-12,SH601111,中国国航,7.34,49225303,9962131821,14524815185,10661214.34579
2021-07-12,SZ002066,瑞泰科技,10.14,2304603,231000000,231000000,234234
2021-07-12,SZ002063,远光软件,7.64,18991135,1218498708,1322983334,1010759.267176
2021-07-12,SZ002064,华峰化学,14.41,102569430,1954371821,4633519221,6676901.197461
2021-07-12,SZ002065,东华软件,7.84,41125589,2807824589,3115482375,2442538.182
2021-07-12,SZ002068,黑猫股份,8.01,42394306,726996659,744793596,596579.670396
2021-07-12,SZ002067,景兴纸业,3.71,17316701,1036792138,1174417138,435708.758198
2021-07-12,SH601699,潞安环能,11.02,42080805,2991409200,2991409200,3296532.9384
2021-07-12,SZ002069,獐子岛,3.39,4369659,681461969,711112194,241067.033766
2021-07-12,SH601588,北辰实业,2.31,17824669,2660000000,3367020000,777781.62
2021-07-12,SH600017,日照港,2.65,6271900,3075653888,3075653888,815048.28032
2021-07-12,SZ002073,软控股份,4.81,13423117,933932074,933986674,449247.590194
2021-07-12,SZ002072,凯瑞德,5.07,1617300,152919100,176000000,89232
2021-07-12,SZ002074,国轩高科,48.82,78917145,1178607531,1280544489,6251618.195298
2021-07-12,SZ002076,*ST星光,2.23,15789439,732731527,769571569,171614.459887
2021-07-12,SH601398,工商银行,4.77,505677367,269612212539,356406257089,170005784.631453
2021-07-12,SZ002078,太阳纸业,12.51,22415335,2612693409,2624703159,3283503.651909
2021-07-12,SZ002079,苏州固锝,12.26,45211708,727971487,807886616,990468.991216
2021-07-12,SZ002077,大港股份,7.81,20171300,544345750,580348513,453252.188653
2021-07-12,SZ002081,金 螳 螂,7.91,16562363,2609113482,2683358689,2122536.722999
2021-07-12,SZ002082,万邦德,11.85,2063001,238000000,618222829,732594.052365
2021-07-12,SZ002080,中材科技,29.63,36390205,1678123584,1678123584,4972280.179392
2021-07-12,SH601666,平煤股份,6.64,29770753,2327704469,2348676469,1559521.175416
2021-07-12,SZ002084,海鸥住工,5.23,4431599,602491181,607992137,317979.887651
2021-07-12,SZ002083,孚日股份,4.29,8424101,905385073,908040649,389549.438421
2021-07-12,SZ002086,东方海洋,1.84,9103300,623299150,756350000,139168.4
2021-07-12,SZ002085,万丰奥威,5.6,21748849,2089354118,2186879678,1224652.61968
2021-07-12,SZ002089,新海退,2.94,20191472,1182215604,1374669616,404152.867104
2021-07-12,SZ002087,新纺退,3.38,4983795,815638642,816794335,276076.48523
2021-07-12,SZ002088,鲁阳节能,22.29,4286362,320728998,361684133,806193.932457
2021-07-12,SH601872,招商轮船,4.22,45664629,6719797489,8088144137,3413196.825814
2021-07-12,SZ002092,中泰化学,10.9,130954250,2146381423,2146449598,2339630.06182
2021-07-12,SZ002091,江苏国泰,12.54,13590244,1513859178,1563536598,1960674.893892
2021-07-12,SZ002090,金智科技,8.35,3330582,399396987,404264936,337561.22156
2021-07-12,SZ002095,生 意 宝,13.79,1484072,251681731,252720000,348500.88
2021-07-12,SZ002093,国脉科技,6.23,5969600,1002533500,1007500000,627672.5
2021-07-12,SZ002094,青岛金王,5.01,50308372,690453549,690897549,346139.672049
2021-07-12,SH601991,大唐发电,2.54,25968200,12396089106,18506710504,4700704.468016
2021-07-12,SZ002096,易普力,7.88,4255900,370852000,371287000,292574.156
2021-07-12,SZ002097,山河智能,8.01,10206934,975222088,1087212465,870857.184465
2021-07-12,SZ002098,浔兴股份,5.86,2244470,358000000,358000000,209788
2021-07-12,SH601333,广深铁路,2.1,11008925,5652237000,7083537000,1487542.77
2021-07-12,SZ002100,天康生物,8.68,7693962,1076289704,1076289704,934219.463072
2021-07-12,SZ002099,海翔药业,7.98,9768592,1608055966,1618715253,1291734.771894
2021-07-12,SZ002102,能特科技,2.46,27910030,1964495753,2633836290,647923.72734
2021-07-12,SZ002101,广东鸿图,8.49,10366075,528866866,530063366,450023.797734
2021-07-12,SH601628,中国人寿,31.77,18450876,20823530000,28264705000,89796967.785
2021-07-12,SZ002103,广博股份,4.35,5690247,421476412,534272953,232408.734555
2021-07-12,SZ002104,恒宝股份,5.84,11071346,588116729,696921354,407002.070736
2021-07-12,SZ002105,信隆健康,7.9,3040638,368500000,368500000,291115
2021-07-12,SZ002106,莱宝高科,11.37,19862488,704139158,705816160,802512.97392
2021-07-12,SZ002108,沧州明珠,7.2,172590165,1417924199,1417924199,1020905.42328
2021-07-12,SZ002107,沃华医药,7.5,4053012,563322825,577209600,432907.2
2021-07-12,SZ002110,三钢闽光,7.5,54470435,2451576238,2451576238,1838682.1785
2021-07-12,SZ002111,威海广泰,13.43,7849851,471598363,534558505,717912.072215
2021-07-12,SH601002,晋亿实业,4.88,5552884,849513780,959282000,468129.616
2021-07-12,SZ002109,兴化股份,5.9,62939539,1052944789,1052944789,621237.42551
2021-07-12,SH601166,兴业银行,20.51,123385939,19615250551,20774190751,42607865.230301
2021-07-12,SZ002112,三变科技,7.25,3467560,198802893,201600000,146160
2021-07-12,SZ002113,*ST天润,1.66,23988220,963679486,1510547023,250750.805818
2021-07-12,SZ002116,中国海诚,6.19,764400,416280398,417628938,258512.312622
2021-07-12,SZ002115,三维通信,5.78,12667733,577077441,716962919,414404.567182
2021-07-12,SZ002114,罗平锌电,7.05,21992000,323390823,323395267,227993.663235
2021-07-12,SH601003,柳钢股份,6.16,14985809,2562793200,2562793200,1578680.6112
2021-07-12,SH601005,重庆钢铁,2.63,306971700,8380475067,8918602267,2345592.396221
2021-07-12,SH601318,中国平安,59.4,81898922,10832664498,18280241410,108584633.9754
2021-07-12,SZ002117,东港股份,8.02,4785655,545491147,545666421,437624.469642
2021-07-12,SZ002119,康强电子,19.49,38622871,367503500,375284000,731428.516
2021-07-12,SZ002118,*ST紫鑫,2.72,20338501,1280678780,1280759826,348366.672672
2021-07-12,SZ002120,韵达股份,16.5,50346494,2810012215,2902766028,4789563.9462
2021-07-12,SZ002121,科陆电子,4.64,16560657,1064672460,1408349147,653474.004208
2021-07-12,SZ002122,ST汇洲,2.59,6745021,1188000000,1201736500,311249.7535
2021-07-12,SZ002123,梦网科技,18.05,30882042,664677997,811541107,1464831.698135
2021-07-12,SZ000650,仁和药业,9.44,82093796,1341991303,1399938234,1321541.692896
2021-07-12,SZ002124,天邦食品,6.61,34882625,1437359701,1839192626,1215706.325786
2021-07-12,SZ002125,湘潭电化,9,60106757,593249830,629481713,566533.5417
2021-07-12,SH601007,金陵饭店,8.17,1363700,300000000,300000000,245100
2021-07-12,SZ002127,南极电商,10.9,90574928,1961389827,2454870403,2675808.73927
2021-07-12,SZ002128,电投能源,10.15,21629836,1767411891,1921573493,1950397.095395
2021-07-12,SZ002126,银轮股份,10.36,25870140,756073603,792095104,820610.527744
2021-07-12,SZ002130,沃尔核材,6.57,22238675,1247815217,1259898562,827753.355234
2021-07-12,SZ002129,TCL中环,41.69,87753103,2931007242,3032926542,12644270.753598
2021-07-12,SH601008,连云港,3.64,5854466,1015215101,1251554918,455565.990152
2021-07-12,SZ002132,恒星科技,3.78,50133142,1253414703,1256498403,474956.396334
2021-07-12,SZ002131,利欧股份,2.38,142892027,5787341295,6754804205,1607643.40079
2021-07-12,SZ002133,广宇集团,2.96,3448043,769870201,774144175,229146.6758
2021-07-12,SH601998,中信银行,5.04,22570303,34052677309,48934840286,24663159.504144
2021-07-12,SZ000880,潍柴重机,7.52,1073645,162162000,331320600,249153.0912
2021-07-12,SZ000338,潍柴动力,17.26,69048902,4244315825,8726556821,15062037.073046
2021-07-12,SH601600,中国铝业,5.74,488997895,13078706983,17022672951,9771014.273874
2021-07-12,SH601328,交通银行,4.82,190392700,39250864015,74262726645,35794634.24289
2021-07-12,SZ002134,天津普林,8.41,2491400,245849768,245849768,206759.654888
2021-07-12,SZ002135,东南网架,7.72,24035331,958510982,1034402200,798558.4984
2021-07-12,SZ002136,安 纳 达,19.49,37759227,214266160,215020000,419073.98
2021-07-12,SZ002137,实益达,6.02,8131752,379446411,577504854,347657.922108
2021-07-12,SZ002138,顺络电子,40.02,17260665,708355910,806318354,3226886.052708
2021-07-12,SH601919,中远海控,29.71,279162165,8713771454,12315998889,36590832.699219
2021-07-12,SZ002139,拓邦股份,17.59,52428659,951080112,1238254672,2178089.968048
2021-07-12,SH600213,*ST亚星,7.54,7287800,220000000,220000000,165880
2021-07-12,SZ002140,东华科技,8.27,14390574,533220775,545311440,450972.56088
2021-07-12,SH601168,西部矿业,13.95,125182445,2383000000,2383000000,3324285
2021-07-12,SZ002142,宁波银行,34.81,51308183,5928257444,6008016286,20913904.691566
2021-07-12,SH601009,南京银行,9.99,82577908,8482207924,10007016973,9997009.956027
2021-07-12,SZ002141,贤丰控股,4,22032059,1134656519,1134656519,453862.6076
2021-07-12,SZ002144,宏达高科,9.54,5976752,139703695,176762528,168631.451712
2021-07-12,SZ002145,钛能化学,15.25,69139763,1591034976,2053673321,3131851.814525
2021-07-12,SZ002146,荣盛发展,5.62,12517829,3893228983,4348163851,2443668.084262
2021-07-12,SZ002147,新光退,4.15,27151545,536995003,1828076415,758651.712225
2021-07-12,SZ002150,正泰电源,5.85,1594854,355087703,356517053,208562.476005
2021-07-12,SZ002148,北纬科技,4.45,6159793,460012183,571374727,254261.753515
2021-07-12,SZ002149,西部材料,17.18,38812181,425339274,488214274,838752.122732
2021-07-12,SZ002151,北斗星通,42.21,6472504,395265049,507729997,2143128.317337
2021-07-12,SZ002153,石基信息,22.53,4929318,878776816,1499557056,3378502.047168
2021-07-12,SZ002152,广电运通,11.79,37370313,2394240263,2483382898,2927908.436742
2021-07-12,SZ002156,通富微电,24.1,57695495,1328836663,1329036928,3202978.99648
2021-07-12,SZ002155,湖南黄金,7.95,20612278,1201821069,1202039474,955621.38183
2021-07-12,SZ002154,报 喜 鸟,6.54,47705306,1109960802,1217611874,796318.165596
2021-07-12,SZ002157,正邦科技,11.23,24512798,2305021052,3148297277,3535537.842071
2021-07-12,SZ002159,三特索道,11.15,936132,138028985,177301325,197690.977375
2021-07-12,SZ002158,汉钟精机,27.35,9822484,530730912,534881805,1462901.736675
2021-07-12,SZ002160,常铝股份,4.28,38186277,725444999,795581976,340509.085728
2021-07-12,SZ002161,远 望 谷,5.26,8317915,712634283,739757400,389112.3924
2021-07-12,SZ002164,宁波东力,5.3,7372200,473931456,532173689,282052.05517
2021-07-12,SZ002163,海南发展,16.84,6265121,803550000,803550000,1353178.2
2021-07-12,SZ002162,悦心健康,5.15,15282199,853443500,926500000,477147.5
2021-07-12,SZ002167,东方锆业,7.63,61406900,570321000,771399000,588577.437
2021-07-12,SZ002166,莱茵生物,7.81,3807856,452272508,565214740,441432.71194
2021-07-12,SZ002165,红 宝 丽,4.78,6740132,594089719,602058110,287783.77658
2021-07-12,SZ002168,*ST惠程,4.41,13270318,792858393,801929568,353650.939488
2021-07-12,SZ002170,芭田股份,4.24,57938679,693220702,886862627,376029.753848
2021-07-12,SZ002169,智光电气,11.57,59288814,763482417,787791994,911475.337058
2021-07-12,SH601169,北京银行,4.83,76487580,21142984272,21142984272,10212061.403376
2021-07-12,SZ002172,澳洋健康,4.66,44923425,772922146,776481362,361840.314692
2021-07-12,SZ002171,楚江新材,9.15,40224820,1243835933,1333680652,1220317.79658
2021-07-12,SZ002174,游族网络,15.62,33153805,802873008,915857546,1430569.486852
2021-07-12,SZ002173,创新医疗,7.08,3775831,370907568,453609630,321155.61804
2021-07-12,SH601939,建设银行,6.38,162291628,9593657606,250010977486,159507003.636068
2021-07-12,SH601808,中海油服,14.04,5847498,2960468000,4771592000,6699315.168
2021-07-12,SH601088,中国神华,17.62,52101358,16491037955,19868519955,35008332.16071
2021-07-12,SZ002176,江特电机,11.93,274203784,1705573553,1706325581,2035646.418133
2021-07-12,SZ002175,东方智造,2.74,31194080,753748767,753778212,206535.230088
2021-07-12,SH600629,华建集团,7.3,1256320,523593266,528523891,385822.44043
2021-07-12,SZ002179,中航光电,82.75,13924636,1067986559,1099945053,9102045.313575
2021-07-12,SZ002177,御银股份,7.76,97648164,761191294,761191294,590684.444144
2021-07-12,SZ002178,延华智能,3.56,15072522,711256616,712153001,253526.468356
2021-07-12,SH601857,中国石油,4.93,151192147,161922077818,183020977818,90229342.064274
2021-07-12,SZ002182,宝武镁业,13.54,29709900,528102872,646422538,875256.116452
2021-07-12,SZ002183,怡 亚 通,5.97,67800727,2122000282,2122697819,1267250.597943
2021-07-12,SZ002180,纳思达,34.15,23447959,1006934707,1074539741,3669553.215515
2021-07-12,SZ002184,海得控制,12.88,29142596,229720910,351908370,453257.98056
2021-07-12,SZ002181,粤 传 媒,4.24,2748005,1134432577,1161058174,492288.665776
2021-07-12,SZ002185,华天科技,15.56,112068634,2739188968,2740003774,4263445.872344
2021-07-12,SZ002186,全 聚 德,10.14,3657010,308053705,308463955,312782.45037
2021-07-12,SZ002188,中天服务,3.72,6322367,240883257,292538575,108824.3499
2021-07-12,SZ002187,广百股份,7.6,3131482,342422568,617619179,469390.57604
2021-07-12,SZ002190,成飞集成,28.72,8349292,358729343,358729343,1030270.673096
2021-07-12,SZ002189,中光学,16.74,7641268,222615765,262465166,439366.687884
2021-07-12,SH601390,中国中铁,5.24,58242257,20363539283,24570929283,12875166.944292
2021-07-12,SZ002191,劲嘉股份,11.67,23746004,1443100971,1464870450,1709503.81515
2021-07-12,SZ002192,融捷股份,118.54,19585048,259120228,259655203,3077952.776362
2021-07-12,SZ002193,如意集团,6.02,1543600,260930338,261715550,157552.7611
2021-07-12,SZ002194,武汉凡谷,12.47,18571628,488767097,676339106,843394.865182
2021-07-12,SZ002196,方正电机,9.55,79305740,423142716,499444930,476969.90815
2021-07-12,SZ002195,岩山科技,2.05,156843694,5644049705,5724847663,1173593.770915
2021-07-12,SH601866,中远海发,3.92,135412582,7932125000,11608125000,4550385
2021-07-12,SZ002198,嘉应制药,9.21,15990263,507509848,507509848,467416.570008
2021-07-12,SZ002197,证通电子,7.52,10789315,435069582,515156948,387398.024896
2021-07-12,SH601918,新集能源,4.36,84822843,2590541800,2590541800,1129476.2248
2021-07-12,SZ002199,*ST东晶,8.77,15487198,243442363,243442363,213498.952351
2021-07-12,SZ002200,*ST交投,5.56,1576104,171789663,184132890,102377.88684
2021-07-12,SH601999,出版传媒,6.39,7978662,550914700,550914700,352034.4933
2021-07-12,SH601601,中国太保,27.45,43761713,6845041455,9620341455,26407837.293975
2021-07-12,SZ002202,金风科技,12.29,75445974,3393483505,4225067647,5192608.138163
2021-07-12,SZ002201,九鼎新材,17.12,27062077,464289454,465454458,796858.032096
2021-07-12,SH601099,太平洋,3.28,94422922,6816316370,6816316370,2235751.76936
2021-07-12,SZ002203,海亮股份,10.55,13393937,1862063387,1966839051,2075015.198805
2021-07-12,SZ002204,大连重工,3.69,11266485,1931370032,1931370032,712675.541808
2021-07-12,SZ002205,国统股份,7.35,6331680,185843228,185843228,136594.77258
2021-07-12,SZ002206,海 利 得,6.74,71849576,963364338,1223028645,824321.30673
2021-07-12,SZ002207,准油股份,6.08,4190800,237529175,262055378,159329.669824
2021-07-12,SZ002208,合肥城建,8.05,12744801,622257180,803291894,646649.97467
2021-07-12,SZ002209,达 意 隆,7.06,3131405,154524582,195244050,137842.2993
2021-07-12,SZ002210,飞马国际,2.74,9122270,2659469679,2661232774,729177.780076
2021-07-12,SZ002212,天融信,20.27,29672844,1153781837,1186040198,2404103.481346
2021-07-12,SH601898,中煤能源,6.8,17399361,9152000400,13258663400,9015891.112
2021-07-12,SZ002211,ST宏达,5.32,15581157,310188279,432475779,230077.114428
2021-07-12,SZ002213,大为股份,13.6,1518240,206000000,206000000,280160
2021-07-12,SZ002214,*ST大立,20.06,13236036,428350282,599237935,1202071.29761
2021-07-12,SZ002215,诺 普 信,5.26,6190230,716213677,913756384,480635.857984
2021-07-12,SZ002217,合力泰,3.58,24066105,3113114339,3116416220,1115677.00676
2021-07-12,SZ002216,三全食品,16.62,7619803,630172429,879184048,1461203.887776
2021-07-12,SZ002218,拓日新能,5.6,81387592,1215719804,1236342104,692351.57824
2021-07-12,SZ002219,新里程,3.67,18994192,1844086935,1865236430,684541.76981
2021-07-12,SZ002221,东华能源,10.84,8749132,1531710794,1649022824,1787540.741216
2021-07-12,SH601186,中国铁建,7.32,23788288,11503245500,13579541500,9940224.378
2021-07-12,SZ002222,福晶科技,16.77,26238661,422924999,427500000,716917.5
2021-07-12,SZ000592,平潭发展,3.15,43226100,1913936915,1931780892,608510.98098
2021-07-12,SH601958,金钼股份,6.81,36544061,3226604400,3226604400,2197317.5964
2021-07-12,SZ002223,鱼跃医疗,39.41,17676438,840993102,1002476929,3950761.577189
2021-07-12,SZ002225,濮耐股份,4.26,6672500,811780730,1010320936,430396.718736
2021-07-12,SZ002224,三 力 士,4.78,3452400,542580648,729570228,348734.568984
2021-07-12,SH601899,紫金矿业,10.38,515750925,20494681640,26327602240,27328051.12512
2021-07-12,SZ002227,奥 特 迅,18.17,6452519,220310338,220597400,400825.4758
2021-07-12,SZ002226,江南化工,5.24,15616077,1341573898,1748574366,916252.967784
2021-07-12,SZ002228,合兴包装,3.61,4215177,1234566118,1238630038,447145.443718
2021-07-12,SZ002229,鸿博股份,6.22,2860502,498254608,498344263,309970.131586
2021-07-12,SZ002232,启明信息,12.51,16021781,408548455,408548455,511094.117205
2021-07-12,SZ002230,科大讯飞,61.93,32035184,2075432917,2224132297,13774051.315321
2021-07-12,SZ002231,*ST奥维,5.57,8255200,356800000,356800000,198737.6
2021-07-12,SZ002235,安妮股份,4.91,18327620,544019176,579572284,284569.991444
2021-07-12,SZ002234,民和股份,14.62,2340357,206154034,348960212,510179.829944
2021-07-12,SZ002233,塔牌集团,10.25,6209164,1191860360,1192275016,1222081.8914
2021-07-12,SZ002236,大华股份,20.65,24150291,1959605022,2995579590,6185871.85335
2021-07-12,SZ002237,恒邦股份,11.8,11812154,910395650,1148014400,1354656.992
2021-07-12,SZ002241,歌尔股份,39.5,110083034,2977227161,3416321036,13494468.0922
2021-07-12,SZ002239,奥特佳,4.2,168484924,3131359417,3243258144,1362168.42048
2021-07-12,SZ002240,盛新锂能,42.41,50528725,696377917,749709058,3179516.114978
2021-07-12,SZ002238,天威视讯,6.23,3378595,802559160,802559160,499994.35668
2021-07-12,SZ002243,力合科创,9.23,4812680,548410794,1210604219,1117387.694137
2021-07-12,SZ002242,九阳股份,30.67,3596465,764360500,767033000,2352490.211
2021-07-12,SZ002244,滨江集团,4.26,9293124,2692389340,3111443890,1325475.09714
2021-07-12,SZ002245,蔚蓝锂芯,23.32,58311355,968986027,1035821526,2415535.798632
2021-07-12,SZ002246,北化股份,7.17,2832100,549034794,549034794,393657.947298
2021-07-12,SZ002247,聚力文化,2.81,15429200,591110828,850870049,239094.483769
2021-07-12,SZ002248,华东数控,6.71,6078501,296620328,307495600,206329.5476
2021-07-12,SZ002249,大洋电机,5.5,119591799,1683905060,2365530164,1301041.5902
2021-07-12,SZ002250,联化科技,27,10486371,918213520,923246256,2492764.8912
2021-07-12,SZ002251,步步高,7.58,4108202,863903951,863903951,654839.194858
2021-07-12,SZ002252,上海莱士,7.36,30973317,4972279699,6740787907,4961219.899552
2021-07-12,SZ002253,*ST智胜,15.67,8868415,207372219,225626095,353556.090865
2021-07-12,SZ002254,泰和新材,22.26,11968745,422804348,684394502,1523462.161452
2021-07-12,SZ002256,兆新股份,3.08,54088804,1391191397,1882411872,579782.856576
2021-07-12,SZ002255,海陆重工,4.42,11146100,644231583,842271055,372283.80631
2021-07-12,SH600703,三安光电,33.39,108169570,4078424928,4479341308,14956520.627412
2021-07-12,SH600745,闻泰科技,99.96,17625153,864282281,1245079062,12445810.303752
2021-07-12,SZ002258,利尔化学,24.81,15035579,522715825,525299640,1303268.40684
2021-07-12,SZ002259,升达林业,3.5,2895000,752328267,752328267,263314.89345
2021-07-12,SZ002262,恩华药业,14.97,4584352,881972775,1007588092,1508359.373724
2021-07-12,SZ002261,拓维信息,10.22,90404169,943769595,1100766874,1124983.745228
2021-07-12,SZ002263,大东南,2.9,47097846,1878342100,1878360100,544724.429
2021-07-12,SZ002264,新 华 都,4.22,2094916,669076780,684563880,288885.95736
2021-07-12,SZ002266,浙富控股,5.05,22219028,2807425437,5369795962,2711746.96081
2021-07-12,SZ002265,建设工业,6.86,3370910,305230873,318566172,218536.393992
2021-07-12,SZ002268,电科网安,20.97,27995396,836725736,846294603,1774679.782491
2021-07-12,SZ002267,陕天然气,6.92,1803800,1112075445,1112075445,769556.20794
2021-07-12,SH601766,中国中车,5.97,50603409,24327798048,28698864088,17133221.860536
2021-07-12,SZ002269,美邦服饰,3.5,127206587,2512500000,2512500000,879375
2021-07-12,SZ002270,华明装备,4.86,12116333,759224768,759239130,368990.21718
2021-07-12,SZ002271,东方雨虹,55.58,23751811,1681708472,2523561412,14025954.327896
2021-07-12,SZ002273,水晶光电,13.99,46349113,1180097405,1217688332,1703545.976468
2021-07-12,SZ002272,川润股份,5.46,13329500,330189063,436480000,238318.08
2021-07-12,SZ002274,华昌化工,11.67,69159417,937999130,952364646,1111409.541882
2021-07-12,SH601727,上海电气,4.04,38748460,12655327092,15705971092,6345212.321168
2021-07-12,SH600248,陕建股份,4.31,8531037,656684064,3751290098,1616806.032238
2021-07-12,SH600734,实达集团,2.46,7526180,534943811,622372316,153103.589736
2021-07-12,SH600242,退市中昌,2.88,27673410,451294545,456665122,131519.555136
2021-07-12,SH600259,中稀有色,43.78,51058394,301802291,301802291,1321290.429998
2021-07-12,SH600187,国中水务,2.32,14062072,1653935128,1653935128,383712.949696
2021-07-12,SZ000506,招金黄金,2.25,13588209,928619211,929017761,209028.996225
2021-07-12,SZ000638,*ST万方,5.24,17101500,309400000,309400000,162125.6
2021-07-12,SZ000631,顺发恒能,3.12,3310886,2432519168,2432519168,758945.980416
2021-07-12,SZ002276,万马股份,6.91,15239636,1035229098,1035489098,715522.966718
2021-07-12,SZ002275,桂林三金,13.21,2267273,538454600,590200000,779654.2
2021-07-12,SZ002277,友阿股份,3.41,13413900,1394172800,1394172800,475412.9248
2021-07-12,SH601107,四川成渝,3.05,1531695,2162740000,3058060000,932708.3
2021-07-12,SH601668,中国建筑,4.58,128058949,40644582844,41948167844,19212260.872552
2021-07-12,SZ002278,神开股份,5.99,2698175,337115131,363909648,217981.879152
2021-07-12,SZ002279,久其软件,5.2,13750503,641486288,711259411,369854.89372
2021-07-12,SH601788,光大证券,16.25,56621482,3906698839,4610787639,7492529.913375
2021-07-12,SZ002282,博深股份,11.89,9392149,319966087,543944364,646749.848796
2021-07-12,SZ002283,天润工业,5.69,23736195,991862526,1135633878,646175.676582
2021-07-12,SZ002280,ST联络,8.94,13303563,1761399731,2177149675,1946371.80945
2021-07-12,SZ002281,光迅科技,24.83,20413893,663862785,697548918,1732013.963394
2021-07-12,SZ002286,保龄宝,9.63,12613604,369253488,369256000,355593.528
2021-07-12,SZ002287,奇正藏药,27.32,3274680,527945470,530351075,1448919.1369
2021-07-12,SZ002285,世联行,6.24,38036720,2013736396,2033579072,1268953.340928
2021-07-12,SZ002284,亚太股份,8.29,23635504,686045351,737681884,611538.281836
2021-07-12,SZ002290,禾盛新材,8.03,3200400,216474046,242712330,194898.00099
2021-07-12,SZ002288,*ST超华,9.18,104034968,929296862,931643744,855248.956992
2021-07-12,SZ002291,遥望科技,20.22,17384651,614669879,743803523,1503970.723506
2021-07-12,SZ002289,*ST宇顺,9.83,5907100,264724233,280253733,275489.419539
2021-07-12,SZ002292,奥飞娱乐,6.21,11770043,814137824,1357159525,842796.065025
2021-07-12,SZ002294,信立泰,30.05,3969021,1045701597,1114816535,3350023.687675
2021-07-12,SZ002293,罗莱生活,12.73,3737607,820789369,827665881,1053618.666513
2021-07-12,SZ000517,荣安地产,2.63,6237348,2473357316,3183922485,837371.613555
2021-07-12,SZ000529,广弘控股,5.43,1956970,569884377,583790330,316998.14919
2021-07-12,SH601618,中国中冶,3.2,356909916,17852619170,20723619170,6631558.1344
2021-07-12,SZ002297,博云新材,8.23,21702647,471315045,471315045,387892.282035
2021-07-12,SZ002295,精艺股份,7.05,3622878,250180250,250616000,176684.28
2021-07-12,SZ002296,辉煌科技,7.06,6246074,337642873,389656420,275097.43252
2021-07-12,SZ002298,中电鑫龙,7.41,22781905,563477418,740110901,548422.177641
2021-07-12,SH601888,中国中免,285.7,20329583,1952475544,1952475544,55782226.29208
2021-07-12,SZ002300,太阳电缆,5.63,3447835,656616553,656667000,369703.521
2021-07-12,SZ002299,圣农发展,22.2,4956235,1225300586,1244405750,2762580.765
2021-07-12,SZ002301,齐心集团,9.19,4906345,732735712,734020099,674564.470981
2021-07-12,SH600225,退市卓朗,2.73,6313359,932923667,935492615,255389.483895
2021-07-12,SZ300002,神州泰岳,5,91799921,1628923979,1961091984,980545.992
2021-07-12,SZ300001,特锐德,34.85,38612622,944723457,1040710713,3626876.834805
2021-07-12,SZ300027,华谊兄弟,3.86,31026307,2211374192,2779254919,1072792.398734
2021-07-12,SZ300026,红日药业,4.35,37467307,2680980067,3004154837,1306807.354095
2021-07-12,SZ300025,华星创业,4.47,27291443,399121919,428530562,191553.161214
2021-07-12,SZ300024,机器人,10.32,13653937,1517130928,1560239617,1610167.284744
2021-07-12,SZ300023,宝德退,11.8,2326500,258204188,316106775,373005.9945
2021-07-12,SZ300022,吉峰科技,4.83,10365500,345247934,380240380,183656.10354
2021-07-12,SZ300021,大禹节水,5.35,38948966,639264486,801008164,428539.36774
2021-07-12,SZ300020,ST银江,8.83,26324479,627288765,655789086,579061.762938
2021-07-12,SZ300019,硅宝科技,18.19,15003597,271926962,391130200,711465.8338
2021-07-12,SZ300018,中元股份,5.79,14432564,391526496,480831536,278401.459344
2021-07-12,SZ300017,网宿科技,6.18,94490961,2266819518,2447261404,1512407.547672
2021-07-12,SZ300016,北陆药业,8.87,4906203,406725410,492802260,437115.60462
2021-07-12,SZ300015,爱尔眼科,66,36172928,4458724783,5405519339,35676427.6374
2021-07-12,SZ300014,亿纬锂能,128.99,58103483,1829105345,1888460679,24359254.298421
2021-07-12,SZ300013,新宁物流,4.61,7707250,446012115,446687115,205922.760015
2021-07-12,SZ300012,华测检测,30.07,34083951,1510549026,1665135714,5007063.091998
2021-07-12,SZ300011,鼎汉技术,6.02,10078222,488262942,558650387,336307.532974
2021-07-12,SZ300010,豆神教育,5.29,34571558,727463402,868324647,459343.738263
2021-07-12,SZ300009,安科生物,15.97,58108561,1159449301,1638465558,2616629.496126
2021-07-12,SZ300008,天海防务,5.41,36564450,1286748618,1728029133,934863.760953
2021-07-12,SZ300007,汉威科技,19.36,19875756,244596088,293022806,567292.152416
2021-07-12,SZ300006,莱美药业,7.76,34678418,812152773,1055911205,819387.09508
2021-07-12,SZ300005,探路者,11.45,38665269,706322276,883702186,1011839.00297
2021-07-12,SZ300004,南风股份,5.7,8597053,425088122,479993598,273596.35086
2021-07-12,SZ300003,乐普医疗,29.56,35423063,1527033954,1804581117,5334341.781852
2021-07-12,SZ002302,西部建设,7.92,4176857,1262354304,1262354304,999784.608768
2021-07-12,SZ002303,美盈森,3.47,6254100,919908898,1531323685,531369.318695
2021-07-12,SZ002305,*ST南置,2,11830800,1732759738,1734215770,346843.154
2021-07-12,SZ002304,洋河股份,192,9505807,1247518277,1506988000,28934169.6
2021-07-12,SZ002307,北新路桥,4.54,4943124,474881906,1208921927,548850.554858
2021-07-12,SZ002306,*ST云网,3.04,4296800,805364012,840000000,255360
2021-07-12,SH600854,春兰股份,3.51,2904884,519458538,519458538,182329.946838
2021-07-12,SH600999,招商证券,18.58,27569499,7422005272,8696526806,16158146.805548
2021-07-12,SZ002310,东方新能,3.33,10777921,2521156045,2685462004,894258.847332
2021-07-12,SZ002311,海大集团,74.19,12307465,1657637714,1661161061,12324153.911559
2021-07-12,SZ002308,*ST威创,4.21,5743322,906057251,906214651,381516.368071
2021-07-12,SZ002309,中利集团,6.09,27397955,698276564,871787068,530918.324412
2021-07-12,SZ002312,川发龙蟒,11.7,105653017,1324439624,1763956933,2063829.61161
2021-07-12,SZ002313,日海智能,11.36,3549031,373882218,374400000,425318.4
2021-07-12,SZ002314,南山控股,3.19,6762401,1338149289,2707782513,863782.621647
2021-07-12,SZ002315,焦点科技,18,5809414,180258939,305500000,549900
2021-07-12,SZ002316,亚联发展,5.6,36928172,293413643,393120000,220147.2
2021-07-12,SZ002319,乐通股份,14.36,5181508,200000000,200000000,287200
2021-07-12,SZ002317,众生药业,8.6,9370503,712995405,814461076,700436.52536
2021-07-12,SZ002318,久立特材,11.13,17107824,953503740,977170720,1087591.01136
2021-07-12,SZ002321,华英农业,2.89,11464300,531062039,534291100,154410.1279
2021-07-12,SZ002320,海峡股份,5.64,5604295,2228933187,2228933187,1257118.317468
2021-07-12,SH601989,中国重工,4.09,66849700,18283907147,22802035324,9326032.447516
2021-07-12,SZ002324,普利特,11.18,12044644,632549543,1014062317,1133721.670406
2021-07-12,SZ002323,雅博股份,3.47,1992800,322399800,745729656,258768.190632
2021-07-12,SZ002322,理工能科,10.26,2625985,374358914,396662205,406975.42233
2021-07-12,SZ002325,*ST洪涛,2.44,5770161,963114943,1269257507,309698.831708
2021-07-12,SZ002326,永太科技,25.34,99496635,670080538,876566295,2221218.99153
2021-07-12,SH601139,深圳燃气,6.64,9525951,2876730494,2876767544,1910173.649216
2021-07-12,SZ300029,*ST天龙,6.4,13293803,200000000,200000000,128000
2021-07-12,SZ300030,阳普医疗,11.18,7769047,254433823,308795815,345233.72117
2021-07-12,SZ300031,宝通科技,16.01,6627446,324527407,396771085,635230.507085
2021-07-12,SZ300036,超图软件,27.26,52931542,378780700,452435240,1233338.46424
2021-07-12,SZ300035,中科电气,32,22991031,528031329,642365824,2055570.6368
2021-07-12,SZ300034,钢研高纳,36.36,9672184,430075072,486068671,1767345.687756
2021-07-12,SZ300033,同花顺,106.32,8784072,271950581,537600000,5715763.2
2021-07-12,SZ300032,金龙机电,4.93,4281104,803169608,803169608,395962.616744
2021-07-12,SZ002328,新朋股份,4.98,12339117,562972896,771770000,384341.46
2021-07-12,SZ002327,富安娜,7.81,2879516,485595485,827059027,645933.100087
2021-07-12,SZ002331,皖通科技,11.06,4828648,382916011,411933509,455598.460954
2021-07-12,SZ002329,皇氏集团,4.88,8591400,533125328,837640035,408768.33708
2021-07-12,SZ002330,得利斯,5.6,1514402,501868900,504293500,282404.36
2021-07-12,SH601117,中国化学,8.46,143953078,4933000000,4933000000,4173318
2021-07-12,SZ300041,回天新材,16.52,23195053,347412106,430888395,711827.62854
2021-07-12,SZ300037,新宙邦,136.32,13946197,295471380,410792913,5599928.990016
2021-07-12,SZ300040,九洲集团,11.21,48641371,285946514,380484241,426522.834161
2021-07-12,SZ300039,上海凯宝,5.09,11483809,916097515,1046000000,532414
2021-07-12,SZ300038,数知退,2.24,41635877,1161008763,1171827123,262489.275552
2021-07-12,SZ300042,朗科科技,15.28,7896040,167818979,200400000,306211.2
2021-07-12,SZ002332,仙琚制药,11.9,10435550,962452487,989204866,1177153.79054
2021-07-12,SZ002333,罗普斯金,5.48,1791961,427522600,652603600,357626.7728
2021-07-12,SZ002334,英威腾,5.92,32061516,632923739,753465210,446051.40432
2021-07-12,SZ002335,科华数据,25.64,32106949,395122568,461567391,1183458.790524
2021-07-12,SZ002336,人乐退,4.62,1089753,373175000,440000000,203280
2021-07-12,SZ002338,奥普光电,19.3,3587035,239994000,240000000,463200
2021-07-12,SZ002337,赛象科技,3.18,22674066,587730751,588615750,187179.8085
2021-07-12,SH601801,皖新传媒,4.52,6264102,1989204737,1989204737,899120.541124
2021-07-12,SZ300049,福瑞医科,12.27,19728750,230369284,263053100,322766.1537
2021-07-12,SZ300050,世纪鼎利,5.6,23850515,498089741,560036718,313620.56208
2021-07-12,SZ300048,合康新能,4.92,17662660,1090087432,1107274357,544778.983644
2021-07-12,SZ300047,天源迪科,7.58,27319195,524024768,637744672,483410.461376
2021-07-12,SZ300043,星辉娱乐,3.29,12437367,937785801,1244198401,409341.273929
2021-07-12,SZ300044,ST赛为,3.38,34972527,668444339,776711228,262528.395064
2021-07-12,SZ300045,华力创通,10.21,19744464,428535318,614217087,627115.645827
2021-07-12,SZ300046,台基股份,30.45,23672706,213120000,236531371,720238.024695
2021-07-12,SH601877,正泰电器,33.6,39634264,2149973551,2149973551,7223911.13136
2021-07-12,SZ002340,格林美,11.88,835302281,4761997706,4783522257,5682824.441316
2021-07-12,SZ002341,ST新纶,6.05,93691000,1028824157,1152214592,697089.82816
2021-07-12,SZ002339,积成电子,6.16,4760281,481494255,511804800,315271.7568
2021-07-12,SZ002342,巨力索具,4.45,21144384,881287500,960000000,427200
2021-07-12,SZ002343,慈文传媒,4.92,3384559,473693052,474949686,233675.245512
2021-07-12,SZ002344,海宁皮城,3.93,4639100,1281593178,1282745046,504118.803078
2021-07-12,SZ002346,柘中股份,21.7,37693919,394632807,441575416,958218.65272
2021-07-12,SZ002345,潮宏基,5.71,32870102,884729365,905412707,516990.655697
2021-07-12,SH601179,中国西电,3.94,22369278,5125882352,5125882352,2019597.646688
2021-07-12,SZ002347,泰尔股份,4.53,10506867,316774985,447019662,202499.906886
2021-07-12,SZ002349,精华制药,5.13,11001500,820501132,835724374,428726.603862
2021-07-12,SZ002348,高乐股份,2.45,28029300,854238289,947200000,232064
2021-07-12,SZ002350,北京科锐,5.37,5778954,537211583,542369011,291252.158907
2021-07-12,SZ002351,漫步者,14.17,9170740,492016120,889107000,1259864.619
2021-07-12,SZ002352,顺丰控股,64.18,18474344,4490313073,4556440455,29243234.84019
2021-07-12,SZ002353,杰瑞股份,43.98,5873260,604766570,957853992,4212641.856816
2021-07-12,SZ002354,天娱数科,3.94,30125293,1455303906,1663013961,655227.500634
2021-07-12,SZ002355,兴民智通,7.38,16189674,617166650,620570400,457980.9552
2021-07-12,SZ002356,赫美集团,3.82,1712850,526500693,527806548,201622.101336
2021-07-12,SH601106,中国一重,3.82,329626411,6857782927,6857782927,2619673.078114
2021-07-12,SZ002357,富临运业,5.36,6368391,313455286,313489036,168030.123296
2021-07-12,SZ002358,森源电气,3.07,29487604,910425280,929756977,285435.391939
2021-07-12,SZ300053,航宇微,10.21,41300659,632320454,702158212,716903.534452
2021-07-12,SZ300051,琏升科技,3.5,12759224,365646940,365698690,127994.5415
2021-07-12,SZ300054,鼎龙股份,19.56,32448734,714267766,938846151,1836383.071356
2021-07-12,SZ300052,ST中青宝,9.19,14777796,261213253,263269300,241944.4867
2021-07-12,SH601678,滨化股份,8.2,68804520,1727637236,1727637236,1416662.53352
2021-07-12,SZ300056,中创环保,7.13,12716537,385489807,385490443,274854.685859
2021-07-12,SZ300058,蓝色光标,6.09,40480894,2381485290,2491037834,1517042.040906
2021-07-12,SZ300057,万顺新材,6.81,21854370,496947196,674630949,459423.676269
2021-07-12,SH601688,华泰证券,15.57,67506264,7312116320,9076650000,14132344.05
2021-07-12,SZ300055,万邦达,10.85,32236687,863099140,865184815,938725.524275
2021-07-12,SZ002362,汉王科技,19.62,3332621,178853476,244454646,479620.015452
2021-07-12,SZ002361,神剑股份,4.87,9220143,668579631,837574116,407898.594492
2021-07-12,SZ002360,同德化工,8.2,7030800,308241490,398339598,326638.47036
2021-07-12,SZ002365,永安药业,9.58,3372102,243207409,294682500,282305.835
2021-07-12,SZ002363,隆基机械,4.99,5299570,415758242,416100301,207634.050199
2021-07-12,SZ002364,中恒电气,8.5,7530000,524056862,563564960,479030.216
2021-07-12,SH601607,上海医药,19.96,13352286,1922935018,2842089322,5672810.286712
2021-07-12,SZ002366,融发核电,3.61,16332800,604555163,867057350,313007.70335
2021-07-12,SZ002367,康力电梯,8.69,3575663,524474108,797652687,693160.185003
2021-07-12,SZ002368,太极股份,22.09,15938491,576155188,579642346,1280429.942314
2021-07-12,SZ002369,卓翼科技,5.63,7230421,575762279,576769204,324721.061852
2021-07-12,SZ002371,北方华创,334.64,8046494,459435049,496522450,16615627.2668
2021-07-12,SZ002370,亚太药业,5.09,21724849,463314743,536609557,273134.264513
2021-07-12,SZ002374,中锐股份,2.65,15633400,978274682,1087953783,288307.752495
2021-07-12,SZ002372,伟星新材,19.41,6721487,1421087020,1592112988,3090291.309708
2021-07-12,SZ002373,千方科技,16.18,25657134,1227499975,1580874765,2557855.36977
2021-07-12,SH601188,龙江交通,3.12,4996142,1315878571,1315878571,410554.114152
2021-07-12,SZ300062,中能电气,10.65,31535544,193962425,308000000,328020
2021-07-12,SH601518,吉林高速,2.27,1899105,1350395121,1350395121,306539.692467
2021-07-12,SZ300061,旗天科技,8.87,43206700,544123755,660944225,586257.527575
2021-07-12,SZ300059,东方财富,32.99,450854989,8558646284,10335763789,34097684.739911
2021-07-12,SZ002377,国创高新,3.29,6257300,915980857,916325201,301470.991129
2021-07-12,SZ002376,新北洋,9.23,9101245,640375662,665721848,614461.265704
2021-07-12,SZ002375,亚厦股份,8.46,42356583,1330991211,1339996498,1133637.037308
2021-07-12,SZ300063,天龙集团,4.55,11507914,604495750,750201950,341341.88725
2021-07-12,SZ300064,金刚退,2.2,44869586,696229777,1205476595,265204.8509
2021-07-12,SZ300066,三川智慧,5.1,37792359,996100638,1040033262,530416.96362
2021-07-12,SZ300065,海兰信,11.38,7182354,331111479,397210068,452025.057384
2021-07-12,SH601158,重庆水务,5.23,4534900,4800000000,4800000000,2510400
2021-07-12,SZ002378,章源钨业,10.74,73389196,914958089,924167436,992555.826264
2021-07-12,SZ002380,科远智慧,13.74,2851156,141504390,239991649,329748.525726
2021-07-12,SH601101,昊华能源,5.18,54999145,1199998272,1199998272,621599.104896
2021-07-12,SZ002379,宏桥控股,3.47,34043526,926400000,926400000,321460.8
2021-07-12,SZ002381,双箭股份,8.33,6075621,322005844,411572264,342839.695912
2021-07-12,SZ002383,合众思壮,7.48,8943771,577287447,744334534,556762.231432
2021-07-12,SZ002382,蓝帆医疗,19.94,17932167,1001648284,1006705036,2007369.841784
2021-07-12,SZ002385,大北农,7.3,177886332,2885033702,4141281853,3023135.75269
2021-07-12,SZ002386,天原股份,12.14,113191916,780570701,780857017,947960.418638
2021-07-12,SZ002384,东山精密,21.13,57734504,1390275340,1709867327,3612949.661951
2021-07-12,SZ002387,维信诺,10.13,15444511,1367213346,1367663046,1385442.665598
2021-07-12,SZ002389,航天彩虹,21.11,13533024,867898022,946062685,1997138.328035
2021-07-12,SZ002388,新亚制程,5.55,4326900,483305680,510464100,283307.5755
2021-07-12,SZ002391,长青股份,6.89,3566934,462362311,653904550,450540.23495
2021-07-12,SZ002390,信邦制药,8.92,15771617,1667228611,2027228611,1808287.921012
2021-07-12,SZ300070,碧水源,7.35,33799960,2431725916,3164596594,2325978.49659
2021-07-12,SZ300071,福石控股,2.16,17441090,637364639,671386420,145019.46672
2021-07-12,SZ300067,安诺其,4.36,13520758,653072899,1052856214,459045.309304
2021-07-12,SZ300068,南都电源,12.33,48640377,825514882,860547404,1061054.949132
2021-07-12,SZ300069,金利华电,20.15,1452700,117000000,117000000,235755
2021-07-12,SZ002393,力生制药,18.81,684600,182454992,182454992,343197.839952
2021-07-12,SZ002394,联发股份,8.08,894800,322717731,332763600,268872.9888
2021-07-12,SZ002392,北京利尔,4.13,5672495,890566263,1190490839,491672.716507
2021-07-12,SZ300073,当升科技,74.93,36775266,435585784,453620538,3398978.691234
2021-07-12,SZ300072,海新能科,6.48,30188135,2138903730,2349720302,1522618.755696
2021-07-12,SZ300075,数字政通,12.35,24116356,383483136,481497305,594649.171675
2021-07-12,SZ300074,华平股份,4.29,13481222,487796186,533892900,229040.0541
2021-07-12,SH601369,陕鼓动力,8.56,16932748,1650801389,1677960233,1436333.959448
2021-07-12,SZ002395,双象股份,11.78,2040678,268209000,268209000,315950.202
2021-07-12,SZ002397,梦洁股份,4.01,3422597,478240160,758261443,304062.838643
2021-07-12,SZ300078,思创智联,7.77,39588207,836319482,869411466,675532.709082
2021-07-12,SZ300079,数码视讯,10.73,309568749,1266636597,1429008862,1533326.508926
2021-07-12,SZ300076,GQY视讯,6.09,35630089,382341568,424000000,258216
2021-07-12,SZ300077,国民技术,22.06,107772313,545054375,557615000,1230098.69
2021-07-12,SZ002398,垒知集团,7.17,3846501,556568486,720490406,516591.621102
2021-07-12,SZ002401,中远海科,9.9,3020011,362837468,372170760,368449.0524
2021-07-12,SZ002400,省广集团,5.11,30415946,1687189081,1743337128,890845.272408
2021-07-12,SZ002399,海普瑞,15.41,1884833,1247201704,1467296204,2261103.450364
2021-07-12,SZ002404,嘉欣丝绸,6.16,5246351,458948777,577673641,355846.962856
2021-07-12,SZ002402,和而泰,25.91,23129846,801800804,914016928,2368217.860448
2021-07-12,SZ002403,爱仕达,7.52,2712193,315618676,350320801,263441.242352
2021-07-12,SH600870,退市厦华,4.22,22254577,523199665,523199665,220790.25863
2021-07-12,SZ002406,远东传动,6.73,12458591,496138563,624148160,420051.71168
2021-07-12,SZ002405,四维图新,14.42,55348738,1934323294,2281131560,3289391.70952
2021-07-12,SZ002407,多氟多,41.94,99861544,588201269,766167589,3213306.868266
2021-07-12,SZ002408,齐翔腾达,12.7,51054408,1946122452,1996010636,2534933.50772
2021-07-12,SZ300084,海默科技,4.56,7962922,329752181,384765738,175453.176528
2021-07-12,SZ300082,奥克股份,15.38,50377583,677563901,680098200,1045991.0316
2021-07-12,SZ300081,恒信东方,8.1,6292700,377364146,529157876,428617.87956
2021-07-12,SZ300083,创世纪,11.24,58025398,1308087889,1526380379,1715651.545996
2021-07-12,SZ002409,雅克科技,90.66,11752517,295359723,462853503,4196229.858198
2021-07-12,SZ002411,必康退,6.79,142489883,1532283909,1532283909,1040420.774211
2021-07-12,SZ002412,汉森制药,6.12,6060650,493637500,503200000,307958.4
2021-07-12,SZ002410,广联达,71.33,9296197,989628124,1185778998,8458161.592734
2021-07-12,SZ300085,银之杰,17.15,17341711,512578507,706640535,1211888.517525
2021-07-12,SZ300086,康芝药业,5.46,6981021,435662736,450000000,245700
2021-07-12,SZ300087,荃银高科,28.36,42098686,393969094,430330071,1220416.081356
2021-07-12,SZ300088,长信科技,8.49,63967703,2442630753,2454854235,2084171.245515
2021-07-12,SZ002416,爱施德,11.29,21414565,1222705335,1239281806,1399149.158974
2021-07-12,SZ002413,雷科防务,6.8,23033300,1076126461,1278221674,869190.73832
2021-07-12,SZ002415,海康威视,62.6,52435121,8142919323,9335806114,58442146.27364
2021-07-12,SZ002418,康盛股份,3.57,109166900,1135773000,1136400000,405694.8
2021-07-12,SZ002419,天虹股份,6.42,6327183,1199986996,1200300000,770592.6
2021-07-12,SZ002420,毅昌科技,4.54,3289357,391704786,401000000,182054
2021-07-12,SZ002417,深南退,6.37,4045000,235601978,270000000,171990
2021-07-12,SZ002421,达实智能,3.8,25236654,1774485730,1923488229,730925.52702
2021-07-12,SZ002424,ST百灵,7.27,15627175,777684680,1411200000,1025942.4
2021-07-12,SZ002423,中粮资本,8.59,2765156,502986577,2304105575,1979226.688925
2021-07-12,SZ002422,科伦药业,19.35,17852932,1081531629,1425422862,2758193.23797
2021-07-12,SZ002425,凯撒文化,8.96,29897525,813065264,956665066,857171.899136
2021-07-12,SZ002426,胜利精密,3.14,146082523,2943381924,3441517719,1080636.563766
2021-07-12,SZ002427,尤夫股份,6.11,1662900,436992989,437970123,267599.745153
2021-07-12,SZ002428,云南锗业,13.64,53493010,644314343,653120000,890855.68
2021-07-12,SZ002429,兆驰股份,5.81,36128793,4496301410,4526940607,2630152.492667
2021-07-12,SZ002430,杭氧股份,35.16,7308319,963752923,964603777,3391546.879932
2021-07-12,SZ002431,棕榈股份,2.89,5065827,1458331768,1486985450,429738.79505
2021-07-12,SZ002432,九安医疗,7.13,8041636,432805921,478603022,341243.954686
2021-07-12,SZ002435,ST长康,5.28,13176394,1199594549,1235983020,652599.03456
2021-07-12,SZ002436,兴森科技,12.78,65674767,1272282430,1487913847,1901553.896466
2021-07-12,SZ002433,太安退,4.9,89481957,744385700,766773200,375718.868
2021-07-12,SZ002434,万里扬,8.7,23999555,1339060550,1340000000,1165800
2021-07-12,SZ002437,誉衡药业,2.56,10383375,2176840154,2198122950,562719.4752
2021-07-12,SZ002438,江苏神通,11,5189910,454401962,485756156,534331.7716
2021-07-12,SZ002396,星网锐捷,23.7,23085848,583280278,583280278,1382374.25886
2021-07-12,SZ002439,启明星辰,31.75,24604538,717176535,933583742,2964128.38085
2021-07-12,SZ300089,文化退,6.16,5492700,281541460,481056870,296331.03192
2021-07-12,SZ300080,易成新能,5.6,29121885,1091910760,2081139323,1165438.02088
2021-07-12,SZ300091,*ST金灵,4.34,35817984,988301115,1489164214,646297.268876
2021-07-12,SH601000,唐山港,2.41,21163119,5925928614,5925928614,1428148.795974
2021-07-12,SZ002442,龙星科技,7.57,92381735,478780950,489680000,370687.76
2021-07-12,SZ002440,闰土股份,8.82,7007224,947668137,1150500000,1014741
2021-07-12,SZ002443,金洲管道,6,4942407,518674904,520535520,312321.312
2021-07-12,SZ002441,众业达,7.98,6211275,398846029,544543609,434545.799982
2021-07-12,SZ300092,科新机电,9.14,3498400,167208795,231599000,211681.486
2021-07-12,SZ300093,*ST金刚,21.93,4087087,197705250,216000000,473688
2021-07-12,SZ300094,国联水产,4.3,35971900,875078961,919558815,395410.29045
2021-07-12,SZ002446,盛路通信,6.76,63553900,832649128,908777556,614333.627856
2021-07-12,SZ002444,巨星科技,32.65,10038117,1081550096,1143438492,3733326.67638
2021-07-12,SZ002447,晨鑫退,1.94,12592050,1425422363,1427193000,276875.442
2021-07-12,SZ002445,中南文化,2.65,18885470,2315821478,2391668331,633792.107715
2021-07-12,SH601288,农业银行,3.02,204729217,294055293904,349983033873,105694876.229646
2021-07-12,SZ002414,高德红外,27.33,24430002,1749087413,2346558302,6413143.839366
2021-07-12,SZ002448,中原内配,6.63,46092510,476990033,603144105,399884.541615
2021-07-12,SZ002449,国星光电,10.07,16745111,611952859,618477169,622806.509183
2021-07-12,SZ002453,华软科技,6.51,12592024,571300000,778414117,506747.590167
2021-07-12,SZ002454,松芝股份,5.49,7542000,625288803,628581600,345091.2984
2021-07-12,SZ002452,长高电新,5.36,2387038,419922690,534342000,286407.312
2021-07-12,SZ002451,摩恩电气,6.78,16222961,438849126,439200000,297777.6
2021-07-12,SZ300097,ST智云,8.79,8811200,263842041,288549669,253635.159051
2021-07-12,SZ300096,ST易联众,9.2,18747600,376510229,430000000,395600
2021-07-12,SZ300095,华伍股份,11.26,22679660,270359223,378710854,426428.421604
2021-07-12,SZ300098,高新兴,5.51,78494383,1457557381,1737782275,957518.033525
2021-07-12,SZ002457,青龙管业,9.97,49095874,334838099,334992000,333987.024
2021-07-12,SZ002456,欧菲光,8.77,47736014,2668058214,2694739325,2363286.388025
2021-07-12,SZ002455,百川股份,9.22,84840452,414423079,529708056,488390.827632
2021-07-12,SH601717,中创智领,11.55,32623153,1489237170,1774771370,2049860.93235
2021-07-12,SZ300101,振芯科技,20.38,27373286,553671796,557340000,1135858.92
2021-07-12,SZ300100,双林股份,11.07,21181783,381126448,406555894,450057.374658
2021-07-12,SZ300099,尤洛卡,8.58,32573145,507892732,667335255,572573.64879
2021-07-12,SZ002458,益生股份,9.76,5086715,675723155,992182349,968369.972624
2021-07-12,SZ002460,赣锋锂业,166.88,50357243,859452531,1437478880,23988647.54944
2021-07-12,SZ002459,晶澳科技,48.8,19383134,638041066,1598229690,7799360.8872
2021-07-12,SZ300102,乾照光电,9.62,72596764,707105961,707390811,680509.960182
2021-07-12,SZ300103,达刚控股,10.4,9757147,243009964,317601000,330305.04
2021-07-12,SH601718,际华集团,2.81,32969458,4391629404,4391629404,1234047.862524
2021-07-12,SH601818,光大银行,3.62,94735575,41353178260,54031913760,19559552.78112
2021-07-12,SZ002463,沪电股份,15.5,31732429,1723331701,1724381768,2672791.7404
2021-07-12,SZ002462,嘉事堂,13.27,1222899,249970748,291707120,387095.34824
2021-07-12,SZ002461,珠江啤酒,10.26,7770802,2213316480,2213328480,2270875.02048
2021-07-12,SZ300107,建新股份,5.61,4763900,337018675,551249622,309251.037942
2021-07-12,SZ300105,龙源技术,5.25,26400289,513216000,522580000,274354.5
2021-07-12,SZ300106,西部牧业,9.57,6447302,211332310,211332310,202245.02067
2021-07-12,SZ300108,*ST吉药,3.97,38408950,441325064,666014674,264407.825578
2021-07-12,SZ300109,新开源,14.43,7945000,291159424,343618983,495842.192469
2021-07-12,SZ300110,华仁药业,4.43,14292560,1177833975,1182212982,523720.351026
2021-07-12,SZ300113,顺网科技,13.44,18953229,483758789,694287240,933122.05056
2021-07-12,SZ300114,中航电测,16.29,13251827,590760499,590760499,962348.852871
2021-07-12,SZ300111,向日葵,3,21393800,1117239595,1119800000,335940
2021-07-12,SZ300112,万讯自控,9.69,17225517,215205182,285747886,276889.701534
2021-07-12,SZ002466,天齐锂业,77.6,137075320,1472920163,1477099383,11462291.21208
2021-07-12,SZ002465,海格通信,9.36,24793552,2253246840,2304448671,2156963.956056
2021-07-12,SZ002464,众应退,3.06,29894797,521794388,521794388,159669.082728
2021-07-12,SZ300115,长盈精密,21.23,27995030,1196351844,1201027716,2549781.841068
2021-07-12,SZ300116,*ST保力,2.25,175212284,3756979204,4281082697,963243.606825
2021-07-12,SZ300118,东方日升,20.74,53143891,899445941,901359941,1869420.517634
2021-07-12,SZ300117,*ST嘉寓,4.97,81529054,716760000,716760000,356229.72
2021-07-12,SZ002470,金正大,1.86,33657504,2896401660,3286027742,611201.160012
2021-07-12,SZ002467,二六三,4.3,19164128,1179320060,1365862783,587320.99669
2021-07-12,SZ002469,三维化学,5.66,18595530,518372665,648862630,367256.24858
2021-07-12,SZ002468,申通快递,7.59,10424108,1492045657,1530802166,1161878.843994
2021-07-12,SZ002472,双环传动,20.08,40221570,630821665,760601661,1527288.135288
2021-07-12,SZ002471,中超控股,2.99,16493205,1265088531,1268000000,379132
2021-07-12,SZ002473,圣莱退,6.82,1346800,160000000,160000000,109120
2021-07-12,SZ002475,立讯精密,45.5,87021677,7025159269,7035428828,32011201.1674
2021-07-12,SZ002474,榕基软件,6.56,14744180,478135770,622200000,408163.2
2021-07-12,SZ002476,宝莫股份,4,5503610,611948625,612000000,244800
2021-07-12,SZ300121,阳谷华泰,12.68,9526706,360275855,375131706,475667.003208
2021-07-12,SZ300120,经纬辉开,9.69,25863793,379847814,464478294,450079.466886
2021-07-12,SZ300119,瑞普生物,30.01,5624071,252319731,404359363,1213482.448363
2021-07-12,SH600372,中航机载,16.08,16962866,1928214265,1928214265,3100568.53812
2021-07-12,SZ002479,富春环保,6.19,9950000,857239510,865000000,535435
2021-07-12,SZ002478,常宝股份,4.54,4052302,598238530,919830686,417603.131444
2021-07-12,SZ002480,新筑股份,4.18,3757201,643195496,769168670,321512.50406
2021-07-12,SZ002481,双塔食品,11.34,3832335,1099495600,1243390000,1410004.26
2021-07-12,SZ300124,汇川技术,80.35,38184392,2070840762,2579585160,20726966.7606
2021-07-12,SH601018,宁波港,3.96,8924995,13172847809,15807417370,6259737.27852
2021-07-12,SZ300122,智飞生物,177.98,13513293,900369025,1600000000,28476800
2021-07-12,SZ300123,亚光科技,11.69,36076332,987676743,1007630823,1177920.432087
2021-07-12,SZ002483,润邦股份,4.85,8908068,863340184,942288735,457010.036475
2021-07-12,SZ002484,江海股份,17.4,24265487,769350333,821407419,1429248.90906
2021-07-12,SZ002482,广田集团,2.76,18929600,1529294346,1537279657,424289.185332
2021-07-12,SZ000732,ST泰禾,2.22,28294171,2485961896,2488901440,552536.11968
2021-07-12,SH601177,杭齿前进,8.22,2260700,400060000,400060000,328849.32
2021-07-12,SZ300125,*ST聆达,14.87,3298649,263766254,265499995,394798.492565
2021-07-12,SZ300128,锦富技术,4.06,36948063,1093785662,1094115412,444210.857272
2021-07-12,SZ300127,银河磁体,19.07,18444321,227516140,323146360,616240.10852
2021-07-12,SZ300126,锐奇股份,7.92,14933600,210662529,303957600,240734.4192
2021-07-12,SH601377,兴业证券,9.28,192215823,6696671674,6696671674,6214511.313472
2021-07-12,SZ002487,大金重工,7.42,6338232,542517773,555664000,412302.688
2021-07-12,SZ002485,ST雪发,4.98,18011821,543969175,544000000,270912
2021-07-12,SZ002486,嘉麟杰,2.87,6158840,832000000,832000000,238784
2021-07-12,SZ300131,英唐智控,8.37,127851219,846010863,1069526426,895193.618562
2021-07-12,SZ300130,新国都,10.7,11759677,355308713,489197278,523441.08746
2021-07-12,SZ300129,泰胜风能,6.19,16177400,565329900,719153256,445155.865464
2021-07-12,SZ002489,浙江永强,3.45,5551234,1881461876,2175736503,750629.093535
2021-07-12,SZ002488,金固股份,6.13,7785133,782202836,1001914821,614173.785273
2021-07-12,SZ002491,通鼎互联,3.92,16709954,1170720847,1250463090,490181.53128
2021-07-12,SZ002490,山东墨龙,5.21,39367664,541615500,797848400,415679.0164
2021-07-12,SZ300133,华策影视,6.22,14328350,1448099246,1901073701,1182467.842022
2021-07-12,SZ300132,青松股份,19.33,3039397,473902511,516580886,998550.852638
2021-07-12,SZ300135,宝利国际,2.64,19115900,921600000,921600000,243302.4
2021-07-12,SZ300134,大富科技,11.14,15915572,712418006,767498006,854992.778684
2021-07-12,SH601098,中南传媒,8.82,3561464,1796000000,1796000000,1584072
2021-07-12,SZ002495,佳隆股份,2.27,5521560,713934903,935625600,212387.0112
2021-07-12,SZ002492,恒基达鑫,5.39,3538650,398131742,405000000,218295
2021-07-12,SZ002493,荣盛石化,18.06,67204912,9413215088,10125525000,18286698.15
2021-07-12,SH600998,九州通,14.81,3594394,1873799380,1873799380,2775096.88178
2021-07-12,SZ002494,华斯股份,3.75,4418500,295020537,385560818,144585.30675
2021-07-12,SZ300137,先河环保,8.55,23382681,476149639,551032550,471132.83025
2021-07-12,SZ300138,晨光生物,16.28,6224637,427443184,532773991,867356.057348
2021-07-12,SZ300136,信维通信,32.42,41289675,816308585,967568638,3136857.524396
2021-07-12,SZ002496,*ST辉丰,3,13337296,1024942056,1507589677,452276.9031
2021-07-12,SZ002497,雅化集团,28.77,104498932,935186671,1152562520,3315922.37004
2021-07-12,SZ002498,汉缆股份,3.53,11272746,3326796000,3326796000,1174358.988
2021-07-12,SZ002499,科林退,5.93,2402682,188984175,189000000,112077
2021-07-12,SZ300142,沃森生物,65.88,38483556,1502893199,1566186984,10318039.850592
2021-07-12,SZ300141,和顺电气,10.78,10384650,165590419,253884600,273687.5988
2021-07-12,SZ300140,节能环境,6.53,10106604,385643834,427244052,278990.365956
2021-07-12,SZ300139,晓程科技,10.01,19425562,226943125,274000000,274274
2021-07-12,SZ002500,山西证券,6.6,15421301,3589771547,3589771547,2369249.22102
2021-07-12,SZ002503,*ST搜特,1.53,59389008,2542913431,3092717081,473185.713393
2021-07-12,SZ002501,利源股份,2.55,7798740,3470235406,3550000000,905250
2021-07-12,SZ002502,ST鼎龙,4.21,15789204,832912464,919994639,387317.743019
2021-07-12,SZ002504,*ST弘高,1.81,15220652,414473971,1025800523,185669.894663
2021-07-12,SZ002505,鹏都农牧,2.35,32299303,5485372200,6374261088,1497951.35568
2021-07-12,SZ002507,涪陵榨菜,34.13,13439147,779361887,887630022,3029481.265086
2021-07-12,SZ002508,老板电器,47.52,5884897,934900781,949024050,4509762.2856
2021-07-12,SH601777,千里科技,5.11,14807773,2250450000,4500000000,2299500
2021-07-12,SZ002511,中顺洁柔,22.63,43284044,1275289768,1311002151,2966797.867713
2021-07-12,SZ002510,天汽模,4.17,27827800,931216279,941516330,392612.30961
2021-07-12,SZ002513,蓝丰生化,5.4,4815580,314423332,340086278,183646.59012
2021-07-12,SZ002512,达华智能,3.6,18812803,854834684,1147094532,412954.03152
2021-07-12,SZ002514,宝馨科技,4.46,18999904,405543559,554034264,247099.281744
2021-07-12,SZ002515,金字火腿,4.73,12936377,877770564,978313280,462742.18144
2021-07-12,SH601880,辽港股份,1.7,76263929,17464713454,22623429453,3845983.00701
2021-07-12,SZ002517,恺英网络,4.26,13816820,1553610630,2152517634,916972.512084
2021-07-12,SZ002516,旷达科技,5.58,48935434,952977539,1470838682,820727.984556
2021-07-12,SZ002518,科士达,17.48,32370934,565356814,582445394,1018114.548712
2021-07-12,SZ002519,银河电子,4.14,14787121,1011010107,1126430898,466342.391772
2021-07-12,SZ300143,盈康生命,20.3,10033618,519132717,642167010,1303599.0303
2021-07-12,SZ300144,宋城演艺,16.19,31962715,2208709179,2614694040,4233189.65076
2021-07-12,SZ300145,南方泵业,3.02,23335480,1766318294,1923438236,580878.347272
2021-07-12,SZ002523,天桥起重,2.23,3888596,1396730804,1416640800,315910.8984
2021-07-12,SZ002522,浙江众成,6.57,21302064,855905370,905779387,595097.057259
2021-07-12,SZ002520,日发精机,8.29,55491893,551709638,755380872,626210.742888
2021-07-12,SZ002521,齐峰新材,6.78,8226663,423939173,494685819,335396.985282
2021-07-12,SZ300147,ST香雪,7.88,12682562,653931025,661361435,521152.81078
2021-07-12,SZ300146,汤臣倍健,28.76,15906052,892735833,1700308763,4890088.002388
2021-07-12,SZ300148,天舟文化,3.55,45288356,761941066,844339343,299740.466765
2021-07-12,SH601933,永辉超市,4.7,21190403,9468251408,9516285608,4472654.23576
2021-07-12,SZ002524,光正眼科,13.49,10726400,492345760,516368220,696580.72878
2021-07-12,SZ002526,山东矿机,2.04,10854537,1760906886,1782793836,363689.942544
2021-07-12,SZ300150,世纪瑞尔,4.22,7827981,510670235,585106053,246914.754366
2021-07-12,SZ300151,昌红科技,24.3,6989429,315768300,502500000,1221075
2021-07-12,SZ300149,睿智医药,17.34,6023114,457996214,499776892,866613.130728
2021-07-12,SZ002528,ST英飞拓,3.95,6508075,1046439251,1198675082,473476.65739
2021-07-12,SZ002529,*ST海源,11.35,36949356,260000000,260000000,295100
2021-07-12,SZ002527,新时达,8.46,16777813,488729473,622783033,526874.445918
2021-07-12,SH601890,亚星锚链,5.67,10444021,959400000,959400000,543979.8
2021-07-12,SZ300153,科泰电源,8.22,28227322,317347386,320000000,263040
2021-07-12,SZ300154,瑞凌股份,6.61,4471800,321352150,455296000,300950.656
2021-07-12,SZ300152,ST新动力,3.58,34489011,712322575,712800000,255182.4
2021-07-12,SZ002532,天山铝业,8.64,80785089,1209373901,4651885415,4019228.99856
2021-07-12,SZ002531,天顺风能,8.53,29620957,1769006513,1802509062,1537540.229886
2021-07-12,SZ002530,金财互联,9.34,19094189,636883381,779198175,727771.09545
2021-07-12,SZ002533,金杯电工,5.46,18208862,598412635,734135917,400838.210682
2021-07-12,SH601126,四方股份,8.47,31702880,788187492,813172000,688756.684
2021-07-12,SZ300157,新锦动力,4.26,16784500,707060576,712113257,303360.247482
2021-07-12,SZ300158,振东制药,7.6,52059700,1011735806,1027494660,780895.9416
2021-07-12,SZ300159,*ST新研,3.43,62424700,1397213712,1490360202,511193.549286
2021-07-12,SH601118,海南橡胶,5.03,21960522,4279427797,4279427797,2152552.181891
2021-07-12,SZ300155,安居宝,6.63,9685407,281909171,543370602,360254.709126
2021-07-12,SZ002534,西子洁能,14.77,3753713,736808760,739201050,1091799.95085
2021-07-12,SZ002537,海联金汇,5.45,18104081,1173952170,1174016745,639839.126025
2021-07-12,SZ002536,飞龙股份,8.14,22554298,471122852,500711814,407579.416596
2021-07-12,SZ002535,林州重机,1.84,14872829,569303753,801683074,147509.685616
2021-07-12,SZ300162,雷曼光电,7.81,15602493,264204999,349510030,272967.33343
2021-07-12,SZ300163,先锋新材,3.76,14765900,473624700,474000000,178224
2021-07-12,SZ300161,华中数控,19.86,3257227,168004991,198696906,394612.055316
2021-07-12,SZ300160,秀强股份,8.5,70248120,593134050,618502423,525727.05955
2021-07-12,SZ300164,通源石油,4.33,20840189,446320782,513530289,222358.615137
2021-07-12,SZ002541,鸿路钢构,54.6,6573114,372677994,525105591,2867076.52686
2021-07-12,SZ002540,亚太科技,4.82,4871425,895182863,1270529500,612395.219
2021-07-12,SZ002539,云图控股,11.87,70177795,656445188,1010100000,1198988.7
2021-07-12,SZ002538,司尔特,8.52,48297819,699940467,719537742,613046.156184
2021-07-12,SH601700,风范股份,4.16,4144050,1133232000,1133232000,471424.512
2021-07-12,SZ300166,东方国信,11.83,46752541,818048306,1157713337,1369574.877671
2021-07-12,SZ300165,ST天瑞,5.11,10373042,301584401,496990870,253962.33457
2021-07-12,SZ300168,万达信息,14.19,9819247,1186303656,1187584762,1685182.777278
2021-07-12,SZ300169,天晟新材,8.18,10348900,263373105,325984340,266655.19012
2021-07-12,SZ300167,ST迪威迅,5.17,14512566,300240000,300240000,155224.08
2021-07-12,SH601137,博威合金,12.18,16582877,720030830,790044972,962274.775896
2021-07-12,SZ002542,中化岩土,2.97,12046300,1451200083,1805602982,536264.085654
2021-07-12,SZ002544,普天科技,13.38,9244404,567486827,683319825,914281.92585
2021-07-12,SH601519,大智慧,8.4,26171882,1987700000,2028224000,1703708.16
2021-07-12,SZ002543,万和电气,7.44,2237349,630839397.5,743600000,553238.4
2021-07-12,SZ300171,东富龙,44.06,7040292,427877527,628337040,2768452.99824
2021-07-12,SZ300170,汉得信息,7.69,16656500,802594318,884029948,679819.030012
2021-07-12,SH601799,星宇股份,229,2580374,276804547,276804547,6338824.1263
2021-07-12,SZ300172,中电环保,4.72,12216120,496018628,676923715,319507.99348
2021-07-12,SH601616,广电电气,3.33,7130633,935575000,935575000,311546.475
2021-07-12,SZ300173,ST福能,5.97,33346900,663584106,734725698,438631.241706
2021-07-12,SZ300174,元力股份,16.06,4397500,307482808,309903168,497704.487808
2021-07-12,SZ002546,新联电子,3.75,6105232,788773846,834049096,312768.411
2021-07-12,SZ002545,东方铁塔,7.83,11050571,1080080372,1244062083,974100.610989
2021-07-12,SZ300179,四方达,6,8509800,329381442,487941999,292765.1994
2021-07-12,SZ300176,鸿特科技,7.33,9445690,375189764,387280800,283876.8264
2021-07-12,SZ300175,ST朗源,4.42,6264500,470800000,470800000,208093.6
2021-07-12,SZ300177,中海达,10.24,20309625,527920032,743906415,761760.16896
2021-07-12,SZ300178,腾邦退,2.94,23054600,584720711,616508293,181253.438142
2021-07-12,SZ002549,凯美特气,9,21317259,620234925,623700000,561330
2021-07-12,SZ002547,春兴精工,4.52,78294706,772101881,1128057168,509881.839936
2021-07-12,SZ002550,千红制药,4.08,2709400,928123034,1279800000,522158.4
2021-07-12,SZ002548,金新农,5.65,4029658,538219846,690727703,390261.152195
2021-07-12,SZ300184,力源信息,6.24,115945911,998433934,1178158222,735170.730528
2021-07-12,SZ300180,华峰超纤,5.01,33381647,1335584851,1761060155,882291.137655
2021-07-12,SZ300183,东软载波,16.95,16136893,283989137,462609137,784122.487215
2021-07-12,SH601216,君正集团,5.2,89045363,8438017390,8438017390,4387769.0428
2021-07-12,SZ300182,捷成股份,5.09,84549074,1966139701,2574960807,1310655.050763
2021-07-12,SZ300181,佐力药业,8.49,18704903,463805438,608624848,516722.495952
2021-07-12,SZ002553,南方精工,10.74,10536083,234294201,348000000,373752
2021-07-12,SZ002552,宝鼎科技,11.43,826057,232344046,306232338,350023.562334
2021-07-12,SZ002551,尚荣医疗,5.35,6566009,580925995,820313773,438867.868555
2021-07-12,SZ002554,惠博普,2.82,13230700,857363264,1346857772,379813.891704
2021-07-12,SH601992,金隅集团,2.58,20348860,8334158264,10677771134,2754864.952572
2021-07-12,SH601116,三江购物,8.94,782900,410758800,547678400,489624.4896
2021-07-12,SZ002557,洽洽食品,40.75,5715246,507000000,507000000,2066025
2021-07-12,SZ002556,辉隆股份,11.07,17658711,822103646,942816062,1043697.380634
2021-07-12,SZ002555,三七互娱,21.89,29335343,1469620619,2217864281,4854904.911109
2021-07-12,SZ002558,巨人网络,13.25,7328872,2024379932,2024379932,2682303.4099
2021-07-12,SZ002560,通达股份,6.1,10299487,360402334,526691470,321281.7967
2021-07-12,SZ002561,徐家汇,7.07,831800,412284522,415763000,293944.441
2021-07-12,SZ002559,亚威股份,6.98,7003316,473780815,556723012,388592.662376
2021-07-12,SZ300185,通裕重工,3.06,50227600,3065722463,3896783221,1192415.665626
2021-07-12,SZ300187,永清环保,7.29,15986087,635250301,644500165,469840.620285
2021-07-12,SH601011,宝泰隆,4.23,42397016,1604807397,1604807397,678833.528931
2021-07-12,SZ002564,天沃科技,4.05,25140000,868330188,869375282,352096.98921
2021-07-12,SZ002562,兄弟科技,3.97,12497059,700080332,1062874830,421961.30751
2021-07-12,SZ002563,森马服饰,10.72,16471804,1880978765,2697592780,2891819.46016
2021-07-12,SZ300188,国投智能,21.29,66853303,607667629,806405295,1716836.873055
2021-07-12,SZ300190,维尔利,6.7,13515144,763492575,781586810,523663.1627
2021-07-12,SZ300189,神农种业,5.03,128914563,963049748,1024000000,515072
2021-07-12,SZ300191,潜能恒信,22.34,7025395,207020000,320000000,714880
2021-07-12,SH601199,江南水务,3.75,5300904,935210292,935210292,350703.8595
2021-07-12,SZ002566,益盛药业,7.81,6271200,231720584,330951600,258473.1996
2021-07-12,SZ002565,顺灏股份,3.9,4473271,1055396598,1060156922,413461.19958
2021-07-12,SZ300193,佳士科技,13.76,9766118,426336609,478448864,658345.636864
2021-07-12,SZ300194,福安药业,4.44,26467157,940959610,1189712382,528232.297608
2021-07-12,SZ300192,科德教育,9.99,3641500,195702322,297023415,296726.391585
2021-07-12,SZ002567,唐人神,6.5,7470167,957181367,1206017542,783911.4023
2021-07-12,SZ002568,百润股份,78.73,6776095,512092160,749785122,5903058.265506
2021-07-12,SZ300196,长海股份,18.54,9382265,245867811,408706102,757741.113108
2021-07-12,SZ300195,长荣股份,6.54,21223500,292964681,423387356,276895.330824
2021-07-12,SZ300197,节能铁汉,3.03,15896141,1776374826,2822871366,855330.023898
2021-07-12,SZ300198,ST纳川,3.38,61729327,869376309,1031548540,348663.40652
2021-07-12,SZ300199,翰宇药业,5.27,5245725,629097415,916927040,483220.55008
2021-07-12,SZ300201,海伦哲,3.27,21672312,946287203,1040921518,340381.336386
2021-07-12,SZ300200,高盟新材,10.72,21027355,414969787,425524433,456162.192176
2021-07-12,SZ002075,沙钢股份,8.43,16409700,2206771772,2206771772,1860308.603796
2021-07-12,SZ002572,索菲亚,22.1,12666009,637443963,912370038,2016337.78398
2021-07-12,SZ002569,*ST步森,9.07,1457200,139625250,144010000,130617.07
2021-07-12,SZ002571,德力股份,7.18,21674342,296881188,391950700,281420.6026
2021-07-12,SZ002570,贝因美,5.5,23563894,1022465250,1022520000,562386
2021-07-12,SZ300202,聚龙退,5.3,14084455,446472206,549504000,291237.12
2021-07-12,SZ300204,舒泰神,11.14,7001431,467088464,476034544,530302.482016
2021-07-12,SZ300203,聚光科技,11.47,8279580,452026300,452517400,519037.4578
2021-07-12,SZ300206,理邦仪器,15.28,4417024,340438065,581721846,888870.980688
2021-07-12,SZ300205,*ST天喻,13.19,12917513,425988788,430056000,567243.864
2021-07-12,SZ300207,欣旺达,35.88,81396027,1451716440,1618825653,5808346.442964
2021-07-12,SZ002573,清新环境,5.25,9010600,1081272100,1403721079,736953.566475
2021-07-12,SZ002574,明牌珠宝,4.88,16240186,528000000,528000000,257664
2021-07-12,SZ002575,群兴玩具,5.53,7538980,518240000,618720000,342152.16
2021-07-12,SZ300208,中程退,11.16,46680350,687394322,749475000,836414.1
2021-07-12,SZ300210,森远股份,3.94,7723300,393155046,484219953,190782.661482
2021-07-12,SZ300209,行云科技,6.18,16706019,337464191,422107330,260862.32994
2021-07-12,SZ002578,闽发铝业,3.27,11978600,851812634,988093296,323106.507792
2021-07-12,SH601258,*ST庞大,1.55,75000062,10227225070,10227225070,1585219.88585
2021-07-12,SZ002576,通达动力,11.54,3362100,164415254,165100000,190525.4
2021-07-12,SZ002577,雷柏科技,11.85,3719447,282865000,282880000,335212.8
2021-07-12,SZ300212,易华录,29.08,22717183,619501333,665990133,1936699.306764
2021-07-12,SZ300213,佳讯飞鸿,6.56,22265000,545906452,596193648,391103.033088
2021-07-12,SZ300211,*ST亿通,12.23,12962117,296976427,302675973,370172.714979
2021-07-12,SZ002580,圣阳股份,7.97,38823462,312787967,453868993,361733.587421
2021-07-12,SH601218,吉鑫科技,3.59,13428081,977360000,977360000,350872.24
2021-07-12,SZ002579,中京电子,11.02,11890215,566260765,609997903,672217.689106
2021-07-12,SH601113,华鼎股份,4.03,4468061,907682240,1141481073,460016.872419
2021-07-12,SZ300215,电科院,10.16,28565191,560166162,758322487,770455.646792
2021-07-12,SZ300214,日科化学,7.05,2389301,361940722,425812614,300197.89287
2021-07-12,SZ300219,鸿利智汇,11.71,13168638,627695169,707943506,829001.845526
2021-07-12,SZ300218,安利股份,20.77,13388014,216276394,216987000,450681.999
2021-07-12,SZ300217,东方电热,3.62,91120446,879158247,1273493706,461004.721572
2021-07-12,SH601233,桐昆股份,25.5,70866328,2287531037,2287531037,5833204.14435
2021-07-12,SH601208,东材科技,13.09,24683842,794661300,898186112,1175725.620608
2021-07-12,SZ002582,好想你,9.6,6199349,353570834,456977978,438698.85888
2021-07-12,SZ002581,ST未名,16.55,14129300,400791161,659735586,1091862.39483
2021-07-12,SZ300222,科大智能,12.92,68641712,550691916,723762090,935100.62028
2021-07-12,SZ300220,金运激光,17.47,7097769,150391231,151200000,264146.4
2021-07-12,SZ300221,银禧科技,8.41,73407657,438568809,449943563,378402.536483
2021-07-12,SH601599,浙文影业,3.23,9272700,892724964,1160542453,374855.212319
2021-07-12,SZ002583,海能达,4.94,15239049,1084384358,1839573991,908749.551554
2021-07-12,SH601566,九牧王,18.69,8486855,574637150,574637150,1073996.83335
2021-07-12,SZ300225,*ST金泰,14.97,13593948,467866416,489205300,732340.3341
2021-07-12,SZ300223,北京君正,122,19280783,324138385,468977393,5721524.1946
2021-07-12,SZ300224,正海磁材,12.65,36574955,811862686,820216556,1037573.94334
2021-07-12,SZ002585,双星新材,21.33,32711243,879795329,1156278085,2466341.155305
2021-07-12,SZ002584,西陇科学,6.11,16545053,393987482,585216422,357567.233842
2021-07-12,SZ002586,ST围海,2.8,7624373,893946962,1144223714,320382.63992
2021-07-12,SH601311,骆驼股份,12.32,39815466,1121721791,1121721791,1381961.246512
2021-07-12,SH601010,文峰股份,3.15,14789829,1848000000,1848000000,582120
2021-07-12,SZ300226,上海钢联,57.37,1300417,183797069,190930620,1095368.96694
2021-07-12,SZ300227,光韵达,9.75,11107409,367880814,496866493,484444.830675
2021-07-12,SZ300228,富瑞特装,7.25,25884395,420083442,575406349,417169.603025
2021-07-12,SZ002590,万安科技,7.98,7691006,455553639,479646926,382758.246948
2021-07-12,SZ002587,奥拓电子,4.74,5630975,433498851,652044158,309068.930892
2021-07-12,SZ002589,瑞康医药,4.36,7964230,1146956754,1504710471,656053.765356
2021-07-12,SZ002588,史丹利,5.98,49812712,786587450,1156884000,691816.632
2021-07-12,SZ300231,银信科技,8.3,18516780,366533201,442100220,366943.1826
2021-07-12,SZ300230,永利股份,4.63,11053886,554120040,816206041,377903.396983
2021-07-12,SH601567,三星医疗,19.68,45877114,1386569053,1386569053,2728767.896304
2021-07-12,SZ300229,拓尔思,9.46,23743569,705482765,717016830,678297.92118
2021-07-12,SZ002591,恒大高新,5.71,3144200,215100949,304480284,173858.242164
2021-07-12,SZ300233,金城医药,31.2,7757982,366216239,390289338,1217702.73456
2021-07-12,SZ300232,洲明科技,9.26,19873692,728986782,1094089477,1013126.855702
2021-07-12,SH601798,蓝科高新,5.76,1582832,354528198,354528198,204208.242048
2021-07-12,SZ300234,开尔新材,10.18,41693699,316414358,511424086,520629.719548
2021-07-12,SZ002593,日上集团,3.75,5190600,467583880,701110000,262916.25
2021-07-12,SZ002595,豪迈科技,26.99,1608748,523701884,800000000,2159200
2021-07-12,SZ300235,方直科技,13.9,8362666,112809661,167831090,233285.2151
2021-07-12,SZ300237,ST美晨,2.79,50101740,1439848251,1453072510,405407.23029
2021-07-12,SZ300236,上海新阳,49.93,13238790,286941712,313381402,1564713.340186
2021-07-12,SZ002594,比亚迪,266.48,56005708,1145667543,2861142855,76243734.80004
2021-07-12,SH601058,赛轮轮胎,9.19,42098801,2558894450,3064174772,2815976.615468
2021-07-12,SZ300239,东宝生物,6.02,7624400,506913840,594538983,357912.467766
2021-07-12,SZ300240,飞力达,6.28,3732250,361602074,365559750,229571.523
2021-07-12,SZ300238,冠昊生物,19.44,3042159,257450851,265155701,515462.682744
2021-07-12,SZ002596,海南瑞泽,4.66,8583502,1041396268,1147580518,534772.521388
2021-07-12,SZ002598,山东章鼓,7.48,12030231,269095163,312000000,233376
2021-07-12,SZ002597,金禾实业,33.31,9705439,559481339,560908306,1868385.567286
2021-07-12,SZ000620,盈新发展,2.43,21542712,1896611195,1896690420,460895.77206
2021-07-12,SZ300241,瑞丰光电,8.1,36181542,426237011,670253193,542905.08633
2021-07-12,SZ300242,佳云科技,4.87,17111600,598434302,634555224,309028.394088
2021-07-12,SZ300243,瑞丰高材,14.78,8972605,188873577,232322851,343373.173778
2021-07-12,SZ002601,龙佰集团,32.2,35221382,1523693709,2378670256,7659318.22432
2021-07-12,SZ002600,领益智造,8.23,88550642,2313965789,7056369258,5807391.899334
2021-07-12,SZ002599,盛通股份,3.88,5034240,400356174,544527832,211276.798816
2021-07-12,SZ300246,宝莱特,19.62,2229539,109490505,146090632,286629.819984
2021-07-12,SZ300245,天玑科技,9.67,16878353,307960307,313457493,303113.395731
2021-07-12,SZ300244,迪安诊断,34.75,4950628,457544103,620458296,2156092.5786
2021-07-12,SH600898,*ST美讯,5.57,1999300,252523820,285380986,158957.209202
2021-07-12,SZ002603,以岭药业,18.58,17004155,1375998995,1670705376,3104170.588608
2021-07-12,SZ002602,世纪华通,6.07,26230651,5157761115,7452556968,4523702.079576
2021-07-12,SZ300247,融捷健康,3.39,16808300,803027813,804040313,272569.666107
2021-07-12,SZ300248,新开普,9.34,5938025,401419876,481092495,449340.39033
2021-07-12,SZ300251,光线传媒,10.39,65045675,2784009632,2933608432,3048019.160848
2021-07-12,SZ300250,初灵信息,12.58,16214624,155965552,219989902,276747.296716
2021-07-12,SZ300249,依米康,7.25,17826700,305270250,437470194,317165.89065
2021-07-12,SZ002606,大连电瓷,7.24,5412700,406658538,439534220,318222.77528
2021-07-12,SZ002605,姚记科技,21.03,2148242,323315259,402442687,846336.970761
2021-07-12,SH601222,林洋能源,8.23,45063120,1748890085,1748890085,1439336.539955
2021-07-12,SZ002608,江苏国信,6.25,2556245,3778079704,3778079704,2361299.815
2021-07-12,SH601901,方正证券,8.95,58754054,8232101395,8232101395,7367730.748525
2021-07-12,SZ002607,中公教育,17.42,47105848,1602278365,6167399389,10743609.735638
2021-07-12,SH601636,旗滨集团,19.16,46225674,2686216940,2686216940,5146791.65704
2021-07-12,SZ002610,ST爱康,2.26,161611000,4386216300,4482689935,1013087.92531
2021-07-12,SZ002609,捷顺科技,9.38,4432756,445596266,644276441,604331.301658
2021-07-12,SH601789,宁波建工,3.65,5248200,976090075,976090075,356272.877375
2021-07-12,SZ300253,卫宁健康,17.15,35307340,1796047705,2141373015,3672454.720725
2021-07-12,SH601886,江河集团,7.72,15834180,1154050000,1154050000,890926.6
2021-07-12,SZ300252,金信诺,8.74,21492328,411404548,577478834,504716.500916
2021-07-12,SH600727,鲁北化工,9.6,30402359,439618037,528583135,507439.8096
2021-07-12,SZ300257,开山股份,15.25,9089598,817715633,993635018,1515293.40245
2021-07-12,SZ300256,星星科技,5.49,41852621,957798584,957936396,525907.081404
2021-07-12,SZ300254,仟源医药,6.84,2810201,212293955,227970921,155932.109964
2021-07-12,SZ300255,常山药业,6.4,9144971,681695050,934966878,598378.80192
2021-07-12,SZ300258,精锻科技,13.97,14883803,446839140,481770753,673033.741941
2021-07-12,SZ000981,山子高科,2.04,17578100,2574315600,4027989882,821709.935928
2021-07-12,SH600057,厦门象屿,6.76,30123304,2137466567,2157454085,1458438.96146
2021-07-12,SZ002612,朗姿股份,48.72,15742824,261358102,442445375,2155593.867
2021-07-12,SZ002613,北玻股份,3.7,13859476,557680914,937170000,346752.9
2021-07-12,SZ002611,东方精工,4.72,8385047,1090762037,1332088167,628745.614824
2021-07-12,SZ300259,新天科技,4.69,18323973,814157151,1175657958,551383.582302
2021-07-12,SZ300261,雅本化学,5.43,28483444,945021357,963309471,523077.042753
2021-07-12,SZ300260,新莱应材,24.51,12964294,151813603,226559307,555296.861457
2021-07-12,SH601908,京运通,9.55,79397405,1993017701,2414602861,2305945.732255
2021-07-12,SH600681,百川能源,4.53,2898933,1360961519,1363010801,617443.892853
2021-07-12,SZ002615,哈尔斯,4.92,5063925,230890111,413033136,203212.302912
2021-07-12,SZ002614,奥佳华,21.65,17483395,447975947,630588790,1365224.73035
2021-07-12,SZ300265,通光线缆,9.14,4546615,364625921,364959858,333573.310212
2021-07-12,SZ300262,*ST巴安,3.57,12712780,458480299,669766999,239106.818643
2021-07-12,SZ300263,隆华科技,7.2,26509540,758363020,914221304,658239.33888
2021-07-12,SZ300264,佳创视讯,6.7,45388870,333633024,413100000,276777
2021-07-12,SH601677,明泰铝业,22.66,14082681,661724670,682555170,1546670.01522
2021-07-12,SZ002618,丹邦退,3.24,83976026,547920000,547920000,177526.08
2021-07-12,SZ002616,长青集团,7.1,11960300,470205744,741941844,526778.70924
2021-07-12,SZ002617,露笑科技,13.6,199724513,1198483963,1603671326,2180993.00336
2021-07-12,SZ300267,尔康制药,3.79,12799913,1420174929,2062604870,781727.24573
2021-07-12,SZ300266,兴源环境,3.89,34127194,1548452440,1570907314,611082.945146
2021-07-12,SZ300268,*ST佳沃,19.83,7987100,133817825,174200000,345438.6
2021-07-12,SH601633,长城汽车,48.9,46357143,6074398819,9199160569,44983895.18241
2021-07-12,SZ002619,*ST艾格,1.52,6136440,1431366046,1844896231,280424.227112
2021-07-12,SZ002621,*ST美吉,5.1,1847440,793471931,826662867,421598.06217
2021-07-12,SH600633,浙数文化,7.13,4457631,1301923953,1301923953,928271.778489
2021-07-12,SZ002620,ST瑞和,7.84,16625311,309838031,378292000,296580.928
2021-07-12,SH601996,丰林集团,3.3,12204284,1080340900,1145622800,378055.524
2021-07-12,SH600094,大名城,3.75,11950041,2276604962,2475325057,928246.896375
2021-07-12,SZ300270,中威电子,6.99,16976660,198093415,302806028,211661.413572
2021-07-12,SZ300269,联建光电,3.63,44980316,389921202,557509174,202375.830162
2021-07-12,SZ002623,亚玛顿,41.99,6103330,159573625,199062500,835863.4375
2021-07-12,SH601669,中国电建,3.95,127372737,11144401540,15299035024,6043118.83448
2021-07-12,SZ002622,皓宸医疗,5.12,106223040,839976500,840000000,430080
2021-07-12,SH600313,农发种业,4.6,44605677,1019397107,1082198663,497811.38498
2021-07-12,SZ300271,华宇软件,19.9,38598338,719204166,829107173,1649923.27427
2021-07-12,SZ300273,和佳退,6.17,21434215,627751070,792354216,488882.551272
2021-07-12,SH601100,恒立液压,90.94,14348891,1305360000,1305360000,11870943.84
2021-07-12,SZ002624,完美世界,18.8,137619212,1789981118,1939967204,3647138.34352
2021-07-12,SZ002626,金达威,41.04,5916606,616391927,616481927,2530041.828408
2021-07-12,SZ300275,梅安森,10.83,10311701,125926378,188220755,203843.077665
2021-07-12,SZ300274,阳光电源,118.47,35393946,1095463676,1456939350,17260360.47945
2021-07-12,SZ300272,开能健康,6.45,12863120,410869799,576871469,372082.097505
2021-07-12,SZ002628,成都路桥,3.42,6774900,746181431,762216215,260677.94553
2021-07-12,SZ002627,三峡旅游,6.92,22217701,532841880,567806244,392921.920848
2021-07-12,SZ002629,仁智股份,2.84,5939100,344460783,411948000,116993.232
2021-07-12,SZ002625,光启技术,22.06,54579126,1488294977,2154587862,4753020.823572
2021-07-12,SH601028,玉龙股份,17.38,841680,783025760,783025760,1360898.77088
2021-07-12,SZ002631,德尔未来,6.25,4752527,654782221,665581650,415988.53125
2021-07-12,SZ002630,ST华西,2.31,38107192,970005477,1180800000,272764.8
2021-07-12,SZ002592,ST八菱,11.59,2707000,260793055,283331157,328380.810963
2021-07-12,SZ300276,三丰智能,4.12,35099851,893939294,1431170562,589642.271544
2021-07-12,SZ002632,道明光学,7,8373076,587213038,624599090,437219.363
2021-07-12,SZ002633,申科股份,7.71,2469005,149418750,150000000,115650
2021-07-12,SZ300277,海联讯,8.64,8446303,334434875,335000000,289440
2021-07-12,SZ002636,金安国纪,19.45,51870781,723107222,728000000,1415960
2021-07-12,SZ002637,赞宇科技,15.51,15821400,395603125,470401000,729591.951
2021-07-12,SZ002638,勤上股份,2.44,30232403,996174723,1506156686,367502.231384
2021-07-12,SZ002635,安洁科技,14.24,5023753,362466230,701385638,998773.148512
2021-07-12,SH601928,凤凰传媒,7.11,5946187,2544900000,2544900000,1809423.9
2021-07-12,SZ000719,中原传媒,6.46,1806057,667147543,1023203749,660989.621854
2021-07-12,SZ002639,雪人集团,7.12,24018158,558672142,674072767,479939.810104
2021-07-12,SZ002634,棒杰股份,5.9,2535360,370653542,459352513,271017.98267
2021-07-12,SZ002640,跨境通,2.47,70204538,1240366033,1558041330,384836.20851
2021-07-12,SZ002641,公元股份,6.59,3883577,1129730855,1235383866,814117.967694
2021-07-12,SH601555,东吴证券,8.18,26182218,3880518908,3880518908,3174264.466744
2021-07-12,SZ300278,华昌达,3.4,29664061,436539513,575716412,195743.58008
2021-07-12,SH601336,新华保险,44.35,14487450,2085439340,3119546600,13835189.171
2021-07-12,SZ002642,荣联科技,4.91,13567900,574499405,670080313,329009.433683
2021-07-12,SZ002645,华宏科技,18.7,25566769,458107804,582691698,1089633.47526
2021-07-12,SZ002643,万润股份,17.1,8080956,894410553,909133215,1554617.79765
2021-07-12,SZ002644,佛慈制药,8.7,5216650,510657000,510657000,444271.59
2021-07-12,SZ002646,天佑德酒,21.8,15818144,449933175,450000000,981000
2021-07-12,SZ002648,卫星化学,38.58,18370092,1713464649,1720047449,6635943.058242
2021-07-12,SZ002647,*ST仁东,10.84,26154982,559936650,559936650,606971.3286
2021-07-12,SZ300281,金明精机,5.88,8213350,397325912,418923580,246327.06504
2021-07-12,SZ300280,紫天退,36.35,3890123,160474169,162065744,589108.97944
2021-07-12,SZ300279,和晶科技,6.65,28679014,439536257,448941998,298546.42867
2021-07-12,SZ300282,三盛退,4.79,13385270,373609661,374306455,179292.791945
2021-07-12,SZ002650,ST加加,7.63,27825269,1151962350,1152000000,878976
2021-07-12,SZ002649,博彦科技,10.48,24819075,469260625,532837019,558413.195912
2021-07-12,SZ002651,利君股份,12.46,10184298,533138641,1033460000,1287691.16
2021-07-12,SZ300283,温州宏丰,6.69,31572734,298614485,437085230,292410.01887
2021-07-12,SZ300284,苏交科,5.8,4711865,674803722,971405980,563415.4684
2021-07-12,SZ300286,安科瑞,16.69,3926453,173409979,214800125,358501.408625
2021-07-12,SZ300285,国瓷材料,47.01,8548858,788296561,1003810338,4718912.398938
2021-07-12,SZ002653,海思科,20.29,3764837,475109020,1074144220,2179438.62238
2021-07-12,SZ002652,扬子新材,3.34,3690255,447802630,512064000,171029.376
2021-07-12,SZ300287,飞利信,5.74,173757703,1160324604,1435273808,823847.165792
2021-07-12,SZ300291,百纳千成,4.83,5172217,762470944,918996518,443875.318194
2021-07-12,SH601515,衢州东峰,6.17,6292970,1334414162,1334414162,823333.537954
2021-07-12,SZ300288,朗玛信息,10.79,6390723,248319391,337941402,364638.772758
2021-07-12,SZ300289,利德曼,6.16,5062250,417614060,421051985,259368.02276
2021-07-12,SZ300290,荣科科技,5.12,14463342,566235716,637167569,326229.795328
2021-07-12,SZ002655,共达电声,9.21,16554171,359890950,360000000,331560
2021-07-12,SZ002654,万润科技,3.84,7414566,764264090,859433963,330022.641792
2021-07-12,SH601231,环旭电子,16.16,15153952,2183692900,2209632872,3570766.721152
2021-07-12,SH601929,吉视传媒,1.81,9516210,3111116840,3111116840,563112.14804
2021-07-12,SZ002656,*ST摩登,2.86,39522394,578545781,712519844,203780.675384
2021-07-12,SZ002657,中科金财,10.96,4402336,297323923,337576686,369984.047856
2021-07-12,SZ300292,吴通控股,3.91,40102648,1049030315,1341764974,524630.104834
2021-07-12,SZ300293,蓝英装备,14.51,9049200,270000000,270000000,391770
2021-07-12,SZ300294,博雅生物,39.41,15300914,433324863,433324863,1707733.285083
2021-07-12,SZ002662,峰璟股份,3.81,64767309,1499981100,1500000000,571500
2021-07-12,SH601800,中国交建,6.38,13563181,11747235425,16165711425,10313723.88915
2021-07-12,SZ002658,雪迪龙,9.17,11430000,332723234,630025724,577733.588908
2021-07-12,SZ002659,凯文教育,3.72,5211200,588269819,598280384,222560.302848
2021-07-12,SZ300296,利亚德,8.62,98397783,1954097544,2542901478,2191981.074036
2021-07-12,SZ300295,三六五网,11.49,4112356,161742149,192287750,220938.62475
2021-07-12,SZ300297,蓝盾退,5.12,188778483,1023388043,1249836860,639916.47232
2021-07-12,SZ002660,茂硕电源,7.6,5300218,211292047,274327707,208489.05732
2021-07-12,SZ002664,信质集团,16.47,13579068,392225363,403860000,665157.42
2021-07-12,SZ002663,普邦股份,1.78,9881014,1311009212,1795890452,319668.500456
2021-07-12,SZ002661,克明食品,13.69,2227471,328584246,334760450,458287.05605
2021-07-12,SZ300299,富春股份,5.76,21239973,639542642,691229485,398148.18336
2021-07-12,SZ300298,三诺生物,28.65,4056496,455079447,565314980,1619627.4177
2021-07-12,SZ300303,聚飞光电,5.22,30839752,1149654916,1277714516,666966.977352
2021-07-12,SZ300300,海峡创新,6.15,24829229,671170521,671396910,412909.09965
2021-07-12,SZ300304,云意电气,5.65,30145380,843869734,866036018,489310.35017
2021-07-12,SZ300302,同有科技,11.01,31764435,345657048,487971230,537256.32423
2021-07-12,SZ300301,ST长方,3.77,65507000,790108769,790108769,297871.005913
2021-07-12,SZ002665,ST航高,2.12,45293610,2332220777,2538720737,538208.796244
2021-07-12,SZ002666,德联集团,5.03,9845919,447071686,754329268,379427.621804
2021-07-12,SH601238,广汽集团,15.42,188083367,7152505876,10353227511,15964676.821962
2021-07-12,SZ300307,慈星股份,8.62,11712785,771765047,780541776,672827.010912
2021-07-12,SZ300305,裕兴股份,16.98,13549128,232595319,288753000,490302.594
2021-07-12,SZ300306,远方信息,10.59,9538800,151690005,268958778,284827.345902
2021-07-12,SZ002667,威领股份,18.65,9755285,231023625,231132000,431061.18
2021-07-12,SZ300308,中际旭创,38.89,15575217,681712365,713016281,2772920.316809
2021-07-12,SZ300309,吉艾退,3.43,104937248,837417268,886123765,303940.451395
2021-07-12,SH601012,隆基绿能,91.37,106693827,5412832855,5412952709,49458148.902133
2021-07-12,SZ002669,康达新材,12.99,4031100,250307721,252492921,327988.304379
2021-07-12,SZ002668,TCL智家,5.42,8570395,964539516,1084111428,587588.393976
2021-07-12,SZ002670,国盛证券,10.58,32225689,1623350534,1935084653,2047319.562874
2021-07-12,SH601388,怡球资源,3.58,73269626,2010824949,2201726086,788217.938788
2021-07-12,SZ300311,ST任子行,7.15,122621056,510420114,673630150,481645.55725
2021-07-12,SZ300310,宜通世纪,5.15,82125579,691748996,881658531,454054.143465
2021-07-12,SZ300313,*ST天山,7.28,10557740,184164946,312977396,227847.544288
2021-07-12,SH603001,奥康国际,10.1,7203772,400980000,400980000,404989.8
2021-07-12,SZ002671,龙泉股份,3.86,4498043,455448460,566930368,218835.122048
2021-07-12,SZ002672,东江环保,7.63,4131501,678212315,879267102,670880.798826
2021-07-12,SH603000,人民网,14.92,7102710,1105691056,1105691056,1649691.055552
2021-07-12,SH603123,翠微股份,7.05,1414178,524144222,798736665,563109.348825
2021-07-12,SZ002673,西部证券,8.04,23103435,3501839770,4469581705,3593543.69082
2021-07-12,SH603333,尚纬股份,5.65,6588409,516765682,519905000,293746.325
2021-07-12,SZ002674,兴业科技,14.1,9047563,288866652,291862944,411526.75104
2021-07-12,SZ300314,戴维医疗,15.27,2335847,189354648,288000000,439776
2021-07-12,SZ300312,邦讯退,3.56,20784700,226934651,320040000,113934.24
2021-07-12,SZ300316,晶盛机电,53.2,22542570,1207585030,1285563394,6839197.25608
2021-07-12,SZ300317,珈伟新能,8.33,84279331,769108850,824283865,686628.459545
2021-07-12,SZ300315,掌趣科技,4.31,57226884,2632215846,2757484192,1188475.686752
2021-07-12,SH603002,宏昌电子,7.07,35175907,614411700,914471311,646531.216877
2021-07-12,SH603366,日出东方,4.53,5046218,800000000,800000000,362400
2021-07-12,SZ300321,同大股份,18.47,1118700,83607670,88800000,164013.6
2021-07-12,SZ300319,麦捷科技,12.44,46352390,658437610,695995736,865818.695584
2021-07-12,SZ300318,博晖创新,7.29,9009350,796503240,816900495,595520.460855
2021-07-12,SZ002677,浙江美大,17.33,8872663,415037022,646051647,1119607.504251
2021-07-12,SZ002676,顺威股份,4.13,17447657,719964834,720000000,297360
2021-07-12,SZ002675,东诚药业,21.91,7812363,738339329,802214326,1757651.588266
2021-07-12,SH603128,华贸物流,13.56,15301268,1309462971,1309462971,1775631.788676
2021-07-12,SZ002678,珠江钢琴,6.61,3312864,1357211531,1358320323,897849.733503
2021-07-12,SZ300323,华灿光电,11.32,31386123,1088284344,1240236453,1403947.664796
2021-07-12,SZ300320,海达股份,6.66,28005994,488151940,601234191,400421.971206
2021-07-12,SZ300325,德威退,2.75,79842348,996533768,1005743085,276579.348375
2021-07-12,SZ002681,奋达科技,4.12,19517732,1119377088,1824667620,751763.05944
2021-07-12,SZ002679,福建金森,18.42,12806341,235756000,235756000,434262.552
2021-07-12,SZ300322,硕贝德,12.21,15529644,382814111,465746427,568676.387367
2021-07-12,SZ300324,旋极信息,4.45,109401780,1253690317,1727590595,768777.814775
2021-07-12,SH601965,中国汽研,18.18,7246134,967047967,989699487,1799273.667366
2021-07-12,SZ002683,广东宏大,26.25,8206531,644765752,749412187,1967206.990875
2021-07-12,SZ002682,龙洲股份,3.46,5732251,552760772,562368594,194579.533524
2021-07-12,SH601339,百隆东方,5.88,15854900,1500000000,1500000000,882000
2021-07-12,SZ002685,华东重机,5.34,15638700,780899391,1007690641,538106.802294
2021-07-12,SZ002684,猛狮退,4.27,22957109,470972525,567374389,242268.864103
2021-07-12,SZ300326,ST凯利,12.5,18443105,715791173,722976333,903720.41625
2021-07-12,SZ300327,中颖电子,64.28,14519441,306683423,311139584,2000005.245952
2021-07-12,SZ000722,湖南发展,6.9,5214919,464158282,464158282,320269.21458
2021-07-12,SZ300328,宜安科技,7.95,20574847,680816100,690423600,548886.762
2021-07-12,SZ300329,海伦钢琴,7.1,4048200,252189481,253559880,180027.5148
2021-07-12,SZ300330,计通退,11.16,9082341,167954579,171157900,191012.2164
2021-07-12,SZ300332,天壕能源,5.7,10666400,840775488,880201838,501715.04766
2021-07-12,SZ300331,苏大维格,26.36,5796492,165423071,226048841,595864.744876
2021-07-12,SZ300333,兆日科技,9.91,72049918,332170067,336000000,332976
2021-07-12,SH600455,博通股份,18.39,936770,62458000,62458000,114860.262
2021-07-12,SZ002686,亿利达,5.81,6241328,391502239,566239133,328984.936273
2021-07-12,SZ300334,津膜科技,8.13,29728909,300108488,302065356,245579.134428
2021-07-12,SH601608,中信重工,3.58,46553017,4339419293,4339419293,1553512.106894
2021-07-12,SZ300336,新文退,2.81,11672280,737527362,806230192,226550.683952
2021-07-12,SZ300335,迪森股份,5.34,16737542,282414751,372940739,199150.354626
2021-07-12,SZ002687,乔治白,6.37,6264979,285770000,350000000,222950
2021-07-12,SZ002688,金河生物,6.8,10310800,624444508,635289655,431996.9654
2021-07-12,SZ002689,ST远智,3.05,5930294,1040621210,1043310725,318209.771125
2021-07-12,SH603008,喜临门,29.42,5195152,387417787,387417787,1139783.129354
2021-07-12,SZ300337,银邦股份,5.29,35055382,708336857,821920000,434795.68
2021-07-12,SZ300339,润和软件,48.76,193397049,771463242,796410841,3883299.260716
2021-07-12,SZ300340,科恒股份,19.06,39660996,174724207,212144720,404347.83632
2021-07-12,SZ300342,天银机电,13.21,16732439,418988819,431778272,570379.097312
2021-07-12,SZ300338,ST开元,5.2,7570710,301633064,341184492,177415.93584
2021-07-12,SZ300341,麦克奥迪,8.58,4257322,509899111,510163336,437720.142288
2021-07-12,SZ002691,冀凯股份,4.42,4363772,338999029,340000000,150280
2021-07-12,SH603077,和邦生物,2.13,246316678,8831250228,8831250228,1881056.298564
2021-07-12,SZ002690,美亚光电,52.3,3406161,331037421,676000000,3535480
2021-07-12,SZ300343,ST联创,6.56,355769734,860814247,1157585966,759376.393696
2021-07-12,SZ300345,华民股份,6.3,40261381,441295483,441295483,278016.15429
2021-07-12,SZ300344,*ST立方,6,11089436,332120891,496114864,297668.9184
2021-07-12,SZ000863,三湘印象,3.21,4819612,1185598824,1225208160,393291.81936
2021-07-12,SZ300346,南大光电,42.65,40078749,377259135,406890845,1735389.453925
2021-07-12,SH601038,一拖股份,14.69,23118588,593910000,1123645275,1650634.908975
2021-07-12,SZ002693,*ST双成,4.15,1658600,403416821,412000000,170980
2021-07-12,SZ002692,远程股份,2.86,3069300,678912300,718146000,205389.756
2021-07-12,SH603766,隆鑫通用,3.55,9792150,2053541850,2053541850,729007.35675
2021-07-12,SZ002694,顾地科技,2.7,12195100,529970011,597196800,161243.136
2021-07-12,SZ300349,金卡智能,11.38,3662055,380358327,429054325,488263.82185
2021-07-12,SH603003,退市龙宇,7.29,2531694,402443494,402443494,293381.307126
2021-07-12,SZ300347,泰格医药,166.8,16106101,563313308,872466954,14552748.79272
2021-07-12,SZ300348,长亮科技,17.1,9467032,609986582,721479478,1233729.90738
2021-07-12,SZ300350,华鹏飞,13.02,32967266,326035431,562012279,731739.987258
2021-07-12,SH603399,永杉锂业,5.51,36076851,508050649,510523649,281298.530599
2021-07-12,SH600705,中航产融,3.84,42979115,8887043152,8919974627,3425270.256768
2021-07-12,SZ002695,煌上煌,15.65,3814527,465047707,512785928,802509.97732
2021-07-12,SZ002696,百洋股份,5.08,4507889,345756240,349386910,177488.55028
2021-07-12,SZ002697,红旗连锁,5.05,7203161,1078225000,1360000000,686800
2021-07-12,SH603167,渤海轮渡,8.27,4112734,469144503,472806603,391011.060681
2021-07-12,SZ002698,博实股份,12.25,3852063,789776853,1022550000,1252623.75
2021-07-12,SZ002699,*ST美盛,4.55,4248781,909572725,909572725,413855.589875
2021-07-12,SZ300352,北信源,6.93,148437829,1180324275,1449824087,1004728.092291
2021-07-12,SZ300351,永贵电器,8.86,3236402,253214502,383641857,339906.685302
2021-07-12,SZ300354,东华测试,30.39,16625458,72519807,138320201,420355.090839
2021-07-12,SZ002700,万憬能源,4.79,562788,315938255,422426880,202342.47552
2021-07-12,SZ300355,蒙草生态,4.26,50051475,1307685528,1604242081,683407.126506
2021-07-12,SZ300353,东土科技,10.32,31655476,381413780,510980897,527332.285704
2021-07-12,SZ300356,光一退,3.36,17295200,382955228,407904620,137055.95232
2021-07-12,SH603993,洛阳钼业,6.9,614711226,17665772583,21599240583,14903476.00227
2021-07-12,SZ002701,奥瑞金,5.1,18287199,2421535673,2423749549,1236112.26999
2021-07-12,SZ002702,海欣食品,5.71,4107210,312529250,480760000,274513.96
2021-07-12,SZ000156,华数传媒,7.4,6646544,1280295337,1852932442,1371170.00708
2021-07-12,SZ002703,浙江世宝,5.81,6466764,553065952,789644637,458783.534097
2021-07-12,SZ000498,山东路桥,5.27,8936650,513205966,1557016203,820547.538981
2021-07-12,SH600817,宇通重工,14.33,1630483,184223317,539373371,772922.040643
2021-07-12,SZ000831,中国稀土,28.57,157898713,980888981,980888981,2802399.818717
2021-07-12,SZ000038,大通退,10.49,1142285,238177966,522777419,548393.512531
2021-07-12,SZ000622,恒立退,3.56,6291482,425226000,425226000,151380.456
2021-07-12,SZ000403,派林生物,32.76,5719621,487921051,732322928,2399089.912128
2021-07-12,SZ000681,视觉中国,12.9,6947301,593742723,700577436,903744.89244
2021-07-12,SZ000757,浩物股份,3.84,3699600,511167338,664714511,255250.372224
2021-07-12,SH600556,天下秀,10,4179800,476080983,1807747642,1807747.642
2021-07-12,SZ000657,中钨高新,11.38,49760499,947694430,1054290442,1199782.522996
2021-07-12,SZ000672,上峰水泥,17.08,7070785,813619871,813619871,1389662.739668
2021-07-12,SZ000688,国城矿业,8.95,9957489,1137301698,1137306074,1017888.93623
2021-07-12,SZ000820,*ST节能,3.15,25933024,287655920,637245222,200732.24493
2021-07-12,SH600698,湖南天雁,3.24,19862800,737575229,1064410032,344868.850368
2021-07-12,SZ000545,金浦钛业,3.97,78173592,959403096,986833096,391772.739112
2021-07-12,SZ000333,美的集团,70.7,40495549,6881536271,7045159320,49809276.3924
2021-07-12,SH600023,浙能电力,3.38,20331669,13600689988,13600689988,4597033.215944
2021-07-12,SH603699,纽威股份,10.37,7821500,750000000,750000000,777750
2021-07-12,SZ002708,光洋股份,6.01,2433401,395480560,487411076,292934.056676
2021-07-12,SZ300357,我武生物,62.77,3798580,469204080,523584000,3286536.768
2021-07-12,SZ300360,炬华科技,8.75,15246873,435309973,504387126,441338.73525
2021-07-12,SZ300359,全通教育,6.82,18481114,533470375,633663422,432158.453804
2021-07-12,SZ002706,良信股份,21.35,10247156,782822895,1019123653,2175828.999155
2021-07-12,SZ300358,楚天科技,18.97,10417003,467887363,566234642,1074147.115874
2021-07-12,SZ002705,新宝股份,23.9,15369888,822604310,826727780,1975879.3942
2021-07-12,SH603308,应流股份,21.28,6008067,683146921,683146921,1453736.647888
2021-07-12,SZ002712,思美传媒,4.77,2939800,574252007,581202488,277233.586776
2021-07-12,SZ300368,汇金股份,12.17,11756500,510001138,531943475,647375.209075
2021-07-12,SZ300373,扬杰科技,60.48,28384469,470918599,512400109,3098995.859232
2021-07-12,SZ002707,众信旅游,5.79,23151345,639963662,906310554,524753.810766
2021-07-12,SZ300365,恒华科技,8.24,7042160,348177392,599855469,494280.906456
2021-07-12,SZ002709,天赐材料,112.61,45922151,925585245,952909879,10730718.147419
2021-07-12,SZ300371,汇中股份,13.19,3058488,109539578,167681080,221171.34452
2021-07-12,SZ300370,安控科技,2.36,23769176,941991154,957146344,225886.537184
2021-07-12,SH603555,ST贵人,2.76,42447575,1571505358,1571505358,433735.478808
2021-07-12,SZ300378,鼎捷数智,22.58,9634064,265852353,266254353,601202.329074
2021-07-12,SZ300375,鹏翎股份,4.56,10981807,399919684,711123166,324272.163696
2021-07-12,SZ300366,ST创意,9.16,27065382,338436710,525576150,481427.7534
2021-07-12,SZ002721,金一文化,3.04,11781600,738021731,959925877,291817.466608
2021-07-12,SZ300376,易事特,8.15,48466468,2308487326,2313406476,1885426.27794
2021-07-12,SZ300377,赢时胜,10.67,40452665,568051108,752077080,802466.24436
2021-07-12,SH601225,陕西煤业,10.27,56594691,10000000000,10000000000,10270000
2021-07-12,SZ002722,物产金轮,12.43,1330600,175462162,175477162,218118.112366
2021-07-12,SZ002716,湖南白银,3.57,33526563,1986154914,2210479088,789141.034416
2021-07-12,SZ002718,友邦吊顶,14.26,1016450,66378626,131447829,187444.604154
2021-07-12,SZ300379,东通退,32.35,62965443,426524993,454081932,1468955.05002
2021-07-12,SZ300380,安硕信息,19.41,3350700,124299707,141009750,273699.92475
2021-07-12,SZ300381,溢多利,9.43,7139134,468712501,490062472,462128.911096
2021-07-12,SZ002714,牧原股份,57.52,29040554,3550107920,5263062415,30273135.01108
2021-07-12,SZ002719,麦趣尔,10.17,2214900,161872295,174139457,177099.827769
2021-07-12,SZ300382,斯莱克,16.53,22191204,564517333,564575158,933242.736174
2021-07-12,SZ002725,跃岭股份,7.52,3449220,195340563,256000000,192512
2021-07-12,SZ300363,博腾股份,88.8,13196571,446974517,544108533,4831683.77304
2021-07-12,SZ002723,小崧股份,15.25,7881920,249409125,269365600,410782.54
2021-07-12,SZ300383,光环新网,14.69,25082504,1519757848,1543139921,2266872.543949
2021-07-12,SZ300369,绿盟科技,18,36482361,734319412,798332273,1436998.0914
2021-07-12,SZ300367,网力退,2.84,26717191,1018480375,1195772516,339599.394544
2021-07-12,SH603005,晶方科技,58.27,24099122,385861484,408077716,2377868.851132
2021-07-12,SH603288,海天味业,116.87,8412224,4212576170,4212576170,49232377.69879
2021-07-12,SZ002713,*ST东易,7.13,2556446,401609094,419536980,299129.86674
2021-07-12,SZ002715,登云股份,14.31,783682,130231529,138000000,197478
2021-07-12,SZ002717,ST岭南,3,14941240,1125437179,1528773290,458631.987
2021-07-12,SZ300386,飞天诚信,17.78,14394190,237771650,418044000,743282.232
2021-07-12,SZ002726,龙大美食,9.9,6981305,990453549,1001421245,991407.03255
2021-07-12,SZ300385,雪浪环境,8.9,11394732,241248633,333145932,296499.87948
2021-07-12,SH603006,联明股份,9.07,1654500,191078186,254254250,230608.60475
2021-07-12,SH603328,依顿电子,7.32,3844738,998442611,998442611,730859.991252
2021-07-12,SH603168,莎普爱思,8.63,4151244,322592499,322592499,278397.326637
2021-07-12,SZ002727,一心堂,33.14,7648406,397006433,596180525,1975742.25985
2021-07-12,SZ300387,富邦科技,6.95,8162039,289057018,290683018,202024.69751
2021-07-12,SH603369,今世缘,54.42,13400532,1254500000,1254500000,6826989
2021-07-12,SH603009,北特科技,6.27,8594825,338408970,358730089,224923.765803
2021-07-12,SZ002728,特一药业,13.3,3788590,127169939,203587439,270771.29387
2021-07-12,SH603126,中材节能,9.39,19204485,610500000,610500000,573259.5
2021-07-12,SZ300390,天华新能,70.7,24702202,389068694,582880538,4120965.40366
2021-07-12,SZ300384,三联虹普,18.97,3748222,216837608,316631767,600650.461999
2021-07-12,SZ300388,节能国祯,7.58,3735640,697323280,698960351,529811.946058
2021-07-12,SZ300389,艾比森,9,6687143,163876243,318994173,287094.7557
2021-07-12,SZ300391,*ST长药,21.1,10215329,350336112,350336112,739209.19632
2021-07-12,SH603111,康尼机电,4.98,3046945,835983250,993275484,494651.191032
2021-07-12,SH603100,川仪股份,18.52,9554106,395000000,395000000,731540
2021-07-12,SH600385,退市金泰,6.09,598351,142773814,148107148,90197.253132
2021-07-12,SZ000751,锌业股份,3.4,35039383,1409868779,1409869279,479355.55486
2021-07-12,SH603609,禾丰股份,10.31,3235959,908562905,921960196,950540.962076
2021-07-12,SH603099,长白山,8.99,6964703,266670000,266670000,239736.33
2021-07-12,SH601579,会稽山,10.98,8954120,497360000,497360000,546101.28
2021-07-12,SH603806,福斯特,111.25,9651452,929469360,929469360,10340346.63
2021-07-12,SH603188,亚邦股份,5.56,2309600,576000000,576000000,320256
2021-07-12,SZ300396,迪瑞医疗,20.42,1356627,249541830,276030000,563653.26
2021-07-12,SZ300395,菲利华,48.75,5043093,311545637,337948844,1647500.6145
2021-07-12,SZ300392,腾信退,8.19,2920200,295520000,384000000,314496
2021-07-12,SZ300397,天和防务,17.93,16593451,432000000,479049434,858935.635162
2021-07-12,SZ002729,好利科技,49.03,320941,66680000,66680000,326932.04
2021-07-12,SZ300393,中来股份,12.4,120611713,779778890,1089627358,1351137.92392
2021-07-12,SH603306,华懋科技,45.22,8297928,307019706,308740206,1396123.211532
2021-07-12,SH601016,节能风电,3.74,63078109,4480441681,5013052000,1874881.448
2021-07-12,SH600917,重庆燃气,8,6098572,1556000000,1571340000,1257072
2021-07-12,SZ300398,飞凯材料,18.81,15578046,509461445,515874431,970359.804711
2021-07-12,SZ300399,天利科技,12.6,3930400,194668968,197600000,248976
2021-07-12,SH603169,兰石重装,4.39,5836760,1051502526,1051502526,461609.608914
2021-07-12,SZ002730,电光科技,10.66,3118931,306624000,322674000,343970.484
2021-07-12,SZ300401,花园生物,12.76,5346632,530715980,551007557,703085.642732
2021-07-12,SH603010,万盛股份,20.9,10454453,483520414,485272654,1014219.84686
2021-07-12,SZ300402,宝色股份,15.81,8015500,202000000,202000000,319362
2021-07-12,SZ300400,劲拓股份,22.5,24884107,182392912,242625800,545908.05
2021-07-12,SH603456,九洲药业,47,9683396,803307971,831386130,3907514.811
2021-07-12,SH603018,华设集团,7.89,3274747,668620952,668620952,527541.931128
2021-07-12,SH603606,东方电缆,21.48,13949289,654108439,654108439,1405024.926972
2021-07-12,SZ300403,汉宇集团,7.33,25847270,380942196,603000000,441999
2021-07-12,SZ300405,科隆股份,9.45,15540083,151029022,222469156,210233.35242
2021-07-12,SZ300406,九强生物,20.8,7930570,333048406,588984300,1225087.344
2021-07-12,SH603688,石英股份,25.67,7479098,352971937,352971937,906078.962279
2021-07-12,SH603988,中电电机,16.11,7443250,235200000,235200000,378907.2
2021-07-12,SZ002724,海洋王,16.25,7559512,364387158,779829726,1267223.30475
2021-07-12,SZ002731,ST萃华,6.27,2353100,220971549,256156000,160609.812
2021-07-12,SH601015,陕西黑猫,8.5,55394116,1629789473,1629789473,1385321.05205
2021-07-12,SH603019,中科曙光,30.08,49256396,1450728974,1463168974,4401212.273792
2021-07-12,SH603011,合锻智能,4.98,6459925,448949194,450708094,224452.630812
2021-07-12,SH603088,宁波精达,5.57,3243901,307328000,307328000,171181.696
2021-07-12,SH603166,福达股份,7.15,8828060,592018710,592018710,423293.37765
2021-07-12,SZ300407,凯发电气,7.44,2492100,210888939,305093773,226989.767112
2021-07-12,SZ002733,雄韬股份,17.57,15700562,365289279,384214913,675065.602141
2021-07-12,SZ300408,三环集团,45.32,28935009,1750801261,1816905952,8234217.774464
2021-07-12,SZ300409,道氏技术,30.38,57083683,324134361,561196656,1704915.440928
2021-07-12,SH603518,锦泓集团,25.86,12112480,283025178,285429795,738121.44987
2021-07-12,SZ002735,王子新材,24.43,1734392,92530390,152490290,372533.77847
2021-07-12,SH603368,柳药集团,19.98,1810636,359931626,362433922,724142.976156
2021-07-12,SH603998,方盛制药,5.91,3610900,429429720,429429720,253792.96452
2021-07-12,SZ002732,燕塘乳业,25.18,1193600,155727775,157350000,396207.3
2021-07-12,SH601969,海南矿业,13.22,51634893,1954720314,1954720314,2584140.255108
2021-07-12,SH601226,华电科工,3.95,5106902,1155000000,1167010000,460968.95
2021-07-12,SH603588,高能环境,16.24,21360906,997856273,1057128851,1716777.254024
2021-07-12,SZ002736,国信证券,10.68,25237316,8827118644,9612429377,10266074.574636
2021-07-12,SH603636,南威软件,9.51,6283000,590793578,590793578,561844.692678
2021-07-12,SZ002738,中矿资源,64.52,25796524,259718934,322625627,2081580.545404
2021-07-12,SZ002737,葵花药业,15.5,8101886,539319379,584000000,905200
2021-07-12,SZ300412,迦南科技,9.91,6895900,222509494,257224900,254909.8759
2021-07-12,SZ300411,金盾股份,8.35,8871360,171678252,406520007,339444.205845
2021-07-12,SZ300410,正业科技,11.25,27706622,364396226,369172062,415318.56975
2021-07-12,SH603017,中衡设计,10.3,5449825,274798234,276807728,285111.95984
2021-07-12,SH603889,新澳股份,6.13,16474690,511746388,511746388,313700.535844
2021-07-12,SH603788,宁波高发,12.96,1354340,223065068,223065068,289092.328128
2021-07-12,SZ300413,芒果超媒,57.95,13004478,931356654,1780377511,10317287.676245
2021-07-12,SH601021,春秋航空,55.01,3564852,916462713,916462713,5041461.384213
2021-07-12,SZ300364,中文在线,5.55,11148810,631830718,727295310,403648.89705
2021-07-12,SZ300418,昆仑万维,18.4,28233134,1002004741,1173379510,2159018.2984
2021-07-12,SZ300419,ST浩丰,7.58,49557586,367753770,367753770,278757.35766
2021-07-12,SH601069,西部黄金,12.52,4020300,636000000,636000000,796272
2021-07-12,SH603601,再升科技,12.23,11445966,719478244,719478244,879921.892412
2021-07-12,SZ300416,苏试试验,26.36,7083826,261779250,263739000,695216.004
2021-07-12,SZ002739,万达电影,16.35,26281675,2147662912,2230725120,3647235.5712
2021-07-12,SZ002740,*ST爱迪,4.35,12329400,241679001,454061077,197516.568495
2021-07-12,SZ300417,南华仪器,13.29,2291610,75637368,137008376,182084.131704
2021-07-12,SH603600,永艺股份,9.94,1742383,302512640,302512640,300697.56416
2021-07-12,SZ300415,伊之密,21.06,13991686,406108540,435600000,917373.6
2021-07-12,SZ000166,申万宏源,4.5,68134902,22535507316,25039944560,11267975.052
2021-07-12,SH603686,福龙马,15.63,5906618,415655737,415655737,649669.916931
2021-07-12,SH603678,火炬电子,77.43,10092603,459028492,459855292,3560659.525956
2021-07-12,SH603899,晨光股份,82.6,4361215,922010380,927745590,7663178.5734
2021-07-12,SZ002734,利民股份,11.68,1844955,323883579,372514441,435096.867088
2021-07-12,SH603558,健盛集团,8.73,3430869,392942649,392942649,343038.932577
2021-07-12,SH603698,航天工程,16.58,5370168,535990000,535990000,888671.42
2021-07-12,SH603611,诺力股份,14.53,5968971,267184734,267184734,388219.418502
2021-07-12,SH603799,华友钴业,149.59,35060461,1141261526,1219734283,18246005.139397
2021-07-12,SZ002741,光华科技,19.03,19743625,321219575,376470095,716422.590785
2021-07-12,SZ300425,中建环能,4.52,9044960,671604890,675708786,305420.371272
2021-07-12,SZ002746,仙坛股份,6.57,3580738,709676227,860538727,565373.943639
2021-07-12,SZ300423,昇辉科技,11.4,6875416,310949005,498424190,568203.5766
2021-07-12,SZ002745,木林森,13.9,33693642,917516099,1484166399,2062991.29461
2021-07-12,SH603898,好莱客,13.44,2417355,311276962,311276962,418356.236928
2021-07-12,SZ300420,五洋自控,4.11,29425369,1036894394,1116383561,458833.643571
2021-07-12,SZ300421,力星股份,17.05,10565652,185752026,247695404,422320.66382
2021-07-12,SZ002743,富煌钢构,6.18,5327187,417864664,435268478,268995.919404
2021-07-12,SZ300426,华智数媒,5.69,1228050,259364674,418919000,238364.911
2021-07-12,SH603939,益丰药房,50.1,6226894,699118891,718765340,3601014.3534
2021-07-12,SZ300422,博世科,9.1,19347575,376652859,405716414,369201.93674
2021-07-12,SZ300427,红相股份,13.9,11146111,317079911,360223339,500710.44121
2021-07-12,SZ300394,天孚通信,27.36,17379830,319930767,390511193,1068438.624048
2021-07-12,SH603618,杭电股份,6.24,13524196,691042326,691042326,431210.411424
2021-07-12,SH603222,济民健康,15.13,8649388,320000000,340743468,515544.867084
2021-07-12,SZ002742,*ST三圣,5.36,10231067,193751232,432000000,231552
2021-07-12,SH603118,共进股份,9.29,12184938,775733332,775733332,720656.265428
2021-07-12,SH601198,东兴证券,10.68,12458962,2757960657,2757960657,2945501.981676
2021-07-12,SH603828,ST柯利达,4.13,2775767,595939625,610460158,252120.045254
2021-07-12,SH603969,银龙股份,4.15,10650779,841000000,841000000,349015
2021-07-12,SH603997,继峰股份,8.41,11607538,828513821,1066819775,897195.430775
2021-07-12,SH603309,维力医疗,13.26,1644970,260000000,260000000,344760
2021-07-12,SH603015,弘讯科技,7.24,8409000,404219000,404219000,292654.556
2021-07-12,SZ300433,蓝思科技,28.32,33661714,4369785973,4973479998,14084895.354336
2021-07-12,SH601689,拓普集团,35.33,30385303,1054987749,1102046572,3893530.538876
2021-07-12,SH603519,立霸股份,14.47,5174929,266327839,266327839,385376.383033
2021-07-12,SZ300430,诚益通,11.98,11295653,255084784,272008896,325866.657408
2021-07-12,SZ300374,中铁装配,12.95,1783071,170416625,245912337,318456.476415
2021-07-12,SZ002748,世龙实业,6.47,923900,240000000,240000000,155280
2021-07-12,SZ300432,富临精工,24.11,77682209,723253089,739032248,1781806.749928
2021-07-12,SH603268,*ST松发,15.82,1150260,124168800,124168800,196435.0416
2021-07-12,SZ300428,立中集团,13.67,8667979,184066543,599753858,819863.523886
2021-07-12,SZ002747,埃斯顿,41.45,6359516,740115191,869002333,3602014.670285
2021-07-12,SZ002749,国光股份,9.11,1444118,276081614,436371471,397534.410081
2021-07-12,SH603030,全筑股份,4.47,4501800,538129334,538129334,240543.812298
2021-07-12,SH603158,腾龙股份,12.81,7533559,302015680,302015680,386882.08608
2021-07-12,SH603012,创力集团,6.14,7060345,636560000,636560000,390847.84
2021-07-12,SH600958,东方证券,10.53,232004808,5736575803,6993655803,7364319.560559
2021-07-12,SZ300429,强力新材,13.84,24954373,366146517,515259136,713118.644224
2021-07-12,SZ002750,龙津退,7.42,1825500,398091201,400500000,297171
2021-07-12,SH603729,龙韵股份,13.7,2196863,93338000,93338000,127873.06
2021-07-12,SH603020,爱普股份,16.77,14828388,320000000,320000000,536640
2021-07-12,SH603338,浙江鼎力,60.29,6031486,485485571,485485571,2926992.507559
2021-07-12,SH603199,九华旅游,19.98,419826,110680000,110680000,221138.64
2021-07-12,SZ300435,中泰股份,12.48,6776405,288096859,378190300,471981.4944
2021-07-12,SH603869,ST智知,8.7,2228810,504500508,504500508,438915.44196
2021-07-12,SZ002752,昇兴股份,5.41,2057360,831723418,976918468,528512.891188
2021-07-12,SZ300449,汉邦高科,8.16,13309671,244353539,298258899,243379.261584
2021-07-12,SZ300436,广生堂,36.6,1276116,114011326,158777000,581123.82
2021-07-12,SZ300424,航新科技,15.37,7267023,200523796,239882802,368699.866674
2021-07-12,SZ300447,全信股份,17.65,15967835,173906443,291069255,513737.235075
2021-07-12,SH603808,歌力思,16.42,14804149,332515611,369092878,606050.505676
2021-07-12,SZ300443,金雷股份,29.46,0,183147865,261753484,771125.763864
2021-07-12,SZ300439,美康生物,19.08,2317000,237186412,382999815,730763.64702
2021-07-12,SH603025,大豪科技,35.58,13943930,921890711,926101711,3295069.887738
2021-07-12,SH603818,曲美家居,9,3334200,580395546,582879546,524591.5914
2021-07-12,SZ300444,双杰电气,6.24,28855197,377451115,725255525,452559.4476
2021-07-12,SZ300440,运达科技,8.31,9455300,442461215,447900000,372204.9
2021-07-12,SZ300437,清水源,9.28,7709400,140016263,221268763,205337.412064
2021-07-12,SH603883,老百姓,48.81,1690552,407985259,408673661,1994736.139341
2021-07-12,SZ300446,航天智造,7.78,2718684,196197835,202620000,157638.36
2021-07-12,SH603703,盛洋科技,12.12,3533790,298610000,298610000,361915.32
2021-07-12,SZ300441,鲍斯股份,10.94,10654227,625728371,657189708,718965.540552
2021-07-12,SH603021,ST华鹏,5,4119620,319948070,319948070,159974.035
2021-07-12,SZ300404,博济医药,12.55,7163000,151571588,261322325,327959.517875
2021-07-12,SZ300448,浩云科技,8.52,26598526,464647141,692495699,590006.335548
2021-07-12,SZ002751,易尚退,18.8,2933000,126171931,154529613,290515.67244
2021-07-12,SZ300438,鹏辉能源,27.46,31441513,315380848,419548446,1152080.032716
2021-07-12,SH603567,珍宝岛,15.31,1745248,849160000,849160000,1300063.96
2021-07-12,SZ300434,金石亚药,8.96,2266440,333711072,401743872,359962.509312
2021-07-12,SH603318,水发燃气,6.2,3108200,378011155,378011155,234366.9161
2021-07-12,SZ300442,润泽科技,46,1088600,99195625,100000000,460000
2021-07-12,SH603315,福鞍股份,12.2,1113600,219950901,307026264,374572.04208
2021-07-12,SZ300445,康斯特,14.84,7787251,139458854,216380084,321108.044656
2021-07-12,SH603789,*ST星农,12.63,1766953,260000000,260000000,328380
2021-07-12,SH600959,江苏有线,3,18969398,4527241146,5000717686,1500215.3058
2021-07-12,SZ300414,中光防雷,10.69,9915252,305328126,325197466,347636.091154
2021-07-12,SH603355,莱克电气,33.84,5770622,561400000,575025500,1945886.292
2021-07-12,SH603599,广信股份,29.47,7756025,461505858,464679135,1369409.410845
2021-07-12,SZ300457,赢合科技,24.71,45378366,433835051,649537963,1605008.306573
2021-07-12,SZ300456,赛微电子,30.02,27373427,341794940,639121537,1918642.854074
2021-07-12,SZ300451,创业慧康,8.79,28478122,1309311941,1549787692,1362263.381268
2021-07-12,SH603718,海利生物,14.16,3989887,644000000,644000000,911904
2021-07-12,SH603227,雪峰科技,5.55,19117456,658700000,724570000,402136.35
2021-07-12,SZ300452,山河药辅,14.9,2924610,140684805,180467070,268895.9343
2021-07-12,SZ300459,汤姆猫,3.36,81088322,2852779712,3515810939,1181312.475504
2021-07-12,SZ300453,三鑫医疗,16.88,19173330,267988828,394027500,665118.42
2021-07-12,SZ300455,航天智装,10.95,15911030,555849851,717767936,785955.88992
2021-07-12,SZ300458,全志科技,91.9,23240209,260457671,331000757,3041896.95683
2021-07-12,SZ002755,奥赛康,12.93,1641085,353684139,928160351,1200111.333843
2021-07-12,SH603989,艾华集团,32.77,4772703,399512466,399512466,1309202.351082
2021-07-12,SZ002756,永兴材料,87.86,20757155,264723810,405950150,3566678.0179
2021-07-12,SZ300460,ST惠伦,25.64,25819052,235583880,276004251,707674.899564
2021-07-12,SH603968,醋化股份,14.45,2035800,204480000,204480000,295473.6
2021-07-12,SH603311,金海高科,10.79,937700,210000000,210000000,226590
2021-07-12,SZ300450,先导智能,68.01,44687021,1449313763,1563572856,10633858.993656
2021-07-12,SH603022,新通联,12.94,2134500,200000000,200000000,258800
2021-07-12,SH603566,普莱柯,23.8,3131735,321496000,321496000,765160.48
2021-07-12,SZ002753,永东股份,9.82,10332112,242547840,375438464,368680.571648
2021-07-12,SZ300461,田中精机,21.7,4268220,64403118,129806000,281679.02
2021-07-12,SZ002758,浙农股份,9.45,1329025,195024547,487989984,461150.53488
2021-07-12,SZ002757,南兴股份,14.86,3225102,263501974,295455913,439047.486718
2021-07-12,SH603108,润达医疗,10.51,7827674,579537646,579537646,609094.065946
2021-07-12,SH603885,吉祥航空,14.38,5571888,1797013477,1966144157,2827315.297766
2021-07-12,SZ300468,四方精创,18.13,7005864,282390614,283291058,513606.688154
2021-07-12,SH603023,威帝股份,4.13,5305530,562079807,562079807,232138.960291
2021-07-12,SH603598,引力传媒,10.4,2359600,267862900,270623000,281447.92
2021-07-12,SZ300462,ST华铭,12.54,3897451,136475741,188265025,236084.34135
2021-07-12,SZ300467,迅游科技,14.93,6271800,150545705,203204897,303384.911221
2021-07-12,SZ002759,天际股份,45.45,28443561,402152567,402152567,1827783.417015
2021-07-12,SH603568,伟明环保,25.47,8162893,1256542551,1256558346,3200454.107262
2021-07-12,SZ300466,赛摩智能,6.07,11841880,377466658,535529908,325066.654156
2021-07-12,SZ300465,高伟达,12.22,19705498,446762257,446762257,545943.478054
2021-07-12,SH603669,灵康药业,8.93,2549106,713443018,713443018,637104.615074
2021-07-12,SH603918,金桥信息,7.76,6953349,302172845,366896020,284711.31152
2021-07-12,SH603198,迎驾贡酒,39.39,7104236,800000000,800000000,3151200
2021-07-12,SZ300463,迈克生物,38.81,5137793,401785092,556828910,2161052.99971
2021-07-12,SH603300,海南华铁,12.59,8484597,868226827,902706505,1136507.489795
2021-07-12,SH603901,永创智能,16.85,6147183,480124107,488500811,823123.866535
2021-07-12,SH603026,石大胜华,221.99,11146902,202680000,202680000,4499293.32
2021-07-12,SZ300464,星徽股份,12.62,14216417,290352927,353122175,445640.18485
2021-07-12,SZ300475,香农芯创,24.83,3174900,308228845,420000000,1042860
2021-07-12,SZ300478,杭州高新,10.7,2264140,119600720,126673000,135540.11
2021-07-12,SZ300477,ST合纵,9.6,182792703,603004008,1082668207,1039361.47872
2021-07-12,SH601985,中国核电,4.96,63906678,17008257968,17456019161,8658185.503856
2021-07-12,SZ002762,*ST金比,13.36,20981149,192644463,354025000,472977.4
2021-07-12,SZ002761,浙江建投,8.05,2147483,242022804,1081340098,870478.77889
2021-07-12,SZ002763,汇洁股份,9.78,9686940,197791700,410025000,401004.45
2021-07-12,SZ002766,索菱股份,4.26,848100,259642844,421754014,179667.209964
2021-07-12,SZ300471,厚普股份,13.21,22460890,337187725,364720000,481795.12
2021-07-12,SZ300472,*ST新元,11.79,16632760,169442248,268357121,316393.045659
2021-07-12,SZ002760,凤形股份,29.3,3796400,76106922,88000000,257840
2021-07-12,SZ300469,信息发展,11.79,6736329,172905460,205135376,241854.608304
2021-07-12,SH603066,音飞储存,8.02,1224400,300702900,300702900,241163.7258
2021-07-12,SH601968,宝钢包装,9.74,6579300,837523300,1132807440,1103354.44656
2021-07-12,SZ300476,胜宏科技,21.9,8595532,766353443,777561455,1702859.58645
2021-07-12,SH603616,韩建河山,5.65,11221251,293360000,293360000,165748.4
2021-07-12,SZ300479,神思电子,24.56,36315750,169555237,169555237,416427.662072
2021-07-12,SH601368,绿城水务,4.93,2463400,860284977,882973077,435305.726961
2021-07-12,SZ002767,先锋电子,14.95,6990700,125047856,150000000,224250
2021-07-12,SZ300473,德尔股份,24.81,6650782,111819783,134917465,334730.230665
2021-07-12,SZ300470,中密控股,41.28,2417369,183742773,208186352,859393.261056
2021-07-12,SZ002765,蓝黛科技,8.23,30535414,405756342,575175290,473369.26367
2021-07-12,SZ300485,赛升药业,12.2,3008100,253417557,481666400,587633.008
2021-07-12,SZ002773,康弘药业,21.64,13872387,681650495,919463954,1989719.996456
2021-07-12,SH601211,国泰海通,16.86,31973093,7437621502,8908448682,15019644.477852
2021-07-12,SZ002776,*ST柏龙,2.63,31875638,537989106,537989106,141491.134878
2021-07-12,SZ002772,众兴菌业,13.8,36463321,259540664,405988522,560264.16036
2021-07-12,SZ002771,真视通,11.79,3568169,148872662,209764100,247311.8739
2021-07-12,SZ002769,普路通,6.32,4778871,261765297,373318054,235937.010128
2021-07-12,SH603116,红蜻蜓,6.93,4292495,576200800,576200800,399307.1544
2021-07-12,SZ002775,文科股份,4.3,1535757,446111778,512767053,220489.83279
2021-07-12,SH603117,万林物流,3.71,7787997,633144502,633144502,234896.610242
2021-07-12,SH603589,口子窖,65.71,11831533,600000000,600000000,3942600
2021-07-12,SZ300482,万孚生物,58.9,3012397,320319415,445055182,2621375.02198
2021-07-12,SZ300483,首华燃气,13.99,909482,212740525,268531716,375675.870684
2021-07-12,SH603223,恒通股份,32.53,7340208,282240000,282240000,918126.72
2021-07-12,SH603979,金诚信,19.48,11318861,583422105,583422105,1136506.26054
2021-07-12,SZ002768,国恩股份,24.46,1793024,176714506,271250000,663477.5
2021-07-12,SH603085,天成自控,6.84,3833620,370225434,370225434,253234.196856
2021-07-12,SZ300486,东杰智能,11.55,2017573,376796672,406509381,469518.335055
2021-07-12,SZ300481,濮阳惠成,22.92,3740984,257059500,294303447,674543.500524
2021-07-12,SZ002770,科迪退,2.02,16239192,602505972,1094867797,221163.294994
2021-07-12,SZ300488,恒锋工具,17.41,1670114,136718602,165679281,288447.628221
2021-07-12,SZ300489,光智科技,23.89,6607088,135337500,136125000,325202.625
2021-07-12,SH603838,*ST四通,6.25,2116300,284816000,320016000,200010
2021-07-12,SZ300487,蓝晓科技,90.54,8841728,126883524,219779324,1989881.999496
2021-07-12,SZ300480,光力科技,33.3,12563088,154701781,249343810,830314.8873
2021-07-12,SZ002506,协鑫集成,3.92,269267503,5075351413,5855502667,2295357.045464
2021-07-12,SZ000520,凤凰航运,3.3,5293569,1012083455,1012083455,333987.54015
2021-07-12,SZ300498,温氏股份,13.88,20328412,4839772694,6373463840,8846367.80992
2021-07-12,SH601155,新城控股,40.16,13206524,2254389786,2260597986,9078561.511776
2021-07-12,SZ002779,中坚科技,11.09,1149600,118434525,132000000,146388
2021-07-12,SZ002780,三夫户外,18.93,1446016,108663920,145368643,275182.841199
2021-07-12,SH603398,*ST沐邦,9.59,6096777,296382800,342634507,328586.492213
2021-07-12,SH603936,博敏电子,12.31,13290506,481551088,511012097,629055.891407
2021-07-12,SZ002783,凯龙股份,9.01,3477575,328616536,381730334,343939.030934
2021-07-12,SH603696,安记食品,9.6,2780668,235200000,235200000,225792
2021-07-12,SH603999,读者传媒,5.17,1897300,576000000,576000000,297792
2021-07-12,SZ300496,中科创达,162,7769780,318379717,423150107,6855031.7334
2021-07-12,SZ300493,润欣科技,8.17,21637557,477068962,486568962,397526.841954
2021-07-12,SH603800,洪田股份,11.4,7838718,208000000,208000000,237120
2021-07-12,SZ300497,富祥药业,12.2,4729482,369384268,550004834,671005.89748
2021-07-12,SZ002781,奇信退,7.78,6858717,208178522,225000000,175050
2021-07-12,SH603866,桃李面包,29.85,3143717,952213783,952213783,2842358.142255
2021-07-12,SH603996,退市中新,3.02,610850,300150000,300150000,90645.3
2021-07-12,SZ002782,可立克,10.79,3681750,468734227,476901227,514576.423933
2021-07-12,SZ300495,*ST美尚,3.74,20421559,462479826,674279488,252180.528512
2021-07-12,SZ300492,华图山鼎,52.99,321435,109619324,141047370,747410.01363
2021-07-12,SZ002786,银宝山新,7.09,6105300,379740000,495612000,351388.908
2021-07-12,SZ002785,万里石,18.88,6168071,162133382,200000000,377600
2021-07-12,SH603508,思维列控,19.49,1276210,226716220,272473601,531051.048349
2021-07-12,SZ001979,招商蛇口,11.09,31319092,7921664929,7923242592,8786876.034528
2021-07-12,SZ002777,久远银海,17.65,3409630,295172507,314023876,554252.14114
2021-07-12,SH603299,苏盐井神,7.94,16618346,559440000,774379748,614857.519912
2021-07-12,SZ002787,华源控股,5.62,1485500,178872776,315975140,177578.02868
2021-07-12,SH603778,国晟科技,4.07,8987394,642857142,642857142,261642.856794
2021-07-12,SZ300494,盛天网络,15.49,7280260,161644299,240000000,371760
2021-07-12,SZ300491,通合科技,16.34,8968479,126678154,160761503,262684.295902
2021-07-12,SZ300490,华自科技,19.61,38220500,250158401,256171546,502352.401706
2021-07-12,SZ002778,中晟高科,17.61,935780,124753300,124753300,219690.5613
2021-07-12,SZ300499,高澜股份,9.19,11207181,227923352,278300022,255757.720218
2021-07-12,SZ300501,海顺新材,17.81,1772525,87215256,156529800,278779.5738
2021-07-12,SZ300500,启迪设计,21.39,28767802,155490918,174139024,372483.372336
2021-07-12,SH603377,ST东时,9.46,13045440,727835668,727835668,688532.541928
2021-07-12,SH601900,南方传媒,7.41,1331721,895876566,895876566,663844.535406
2021-07-12,SZ002788,鹭燕医药,7.47,2119545,378158756,388516736,290222.001792
2021-07-12,SH603608,天创时尚,6.32,4050000,428922955,428922955,271079.30756
2021-07-12,SZ300502,新易盛,36.49,43172099,371520673,507086219,1850357.613131
2021-07-12,SH603027,千禾味业,27.74,12702896,794566246,798782158,2215821.706292
2021-07-12,SZ002790,瑞尔特,5.55,2087386,255510400,418329000,232172.595
2021-07-12,SZ300503,昊志机电,12.4,11267900,188037236,306072836,379530.31664
2021-07-12,SH603520,司太立,53.68,3365940,244244843,244904743,1314648.660424
2021-07-12,SH603919,金徽酒,40.29,8234448,491307141,507259997,2043750.527913
2021-07-12,SZ002789,*ST建艺,11.9,4819910,86515030,138040000,164267.6
2021-07-12,SZ300505,川金诺,33.76,15082013,89090393,130697128,441233.504128
2021-07-12,SH601020,华钰矿业,8.23,5440690,553811316,553811316,455786.713068
2021-07-12,SH603861,白云电器,8.62,2755251,412782930,441814564,380844.154168
2021-07-12,SZ300484,蓝海华腾,16.04,28150798,146235286,208000000,333632
2021-07-12,SZ300506,ST名家汇,6.86,25625080,497571789,655045776,449361.402336
2021-07-12,SZ002792,通宇通讯,17.06,7775143,163936317,337840200,576355.3812
2021-07-12,SZ002791,坚朗五金,189.71,854977,156436760,321540000,6099935.34
2021-07-12,SH603028,赛福天,10.01,2162331,287040000,287040000,287327.04
2021-07-12,SZ300474,景嘉微,91.89,3771067,159350231,301248278,2768170.426542
2021-07-12,SH603798,康普顿,10.3,1837300,200000000,200000000,206000
2021-07-12,SH603701,德宏股份,9.38,7102729,261361901,261361901,245157.463138
2021-07-12,SZ002793,罗欣药业,9.62,1552680,382306359,1467222600,1411468.1412
2021-07-12,SH603868,飞科电器,38.96,528531,435600000,435600000,1697097.6
2021-07-12,SZ300508,维宏股份,28.61,1739860,41937734,90912000,260099.232
2021-07-12,SH603726,朗迪集团,14.59,2846325,185651200,185651200,270865.1008
2021-07-12,SZ300509,新美星,6.6,5519666,166576800,296400000,195624
2021-07-12,SH603029,天鹅股份,14.73,2671842,93340000,93340000,137489.82
2021-07-12,SH603822,ST嘉澳,27.9,1337000,73358664,73358664,204670.67256
2021-07-12,SZ002795,永和智控,10.47,1694100,177496250,200000000,209400
2021-07-12,SZ300507,苏奥传感,9.48,10561972,270641076,428777596,406481.161008
2021-07-12,SH603528,多伦科技,8.58,4178095,624111435,626529435,537562.25523
2021-07-12,SZ300511,雪榕生物,8.06,8061145,315922785,442101304,356333.651024
2021-07-12,SZ300510,金冠股份,6.64,35963029,822226755,828623861,550206.243704
2021-07-12,SH603101,汇嘉时代,5.01,956780,470400000,470400000,235670.4
2021-07-12,SZ002796,世嘉科技,11.92,10995633,221067736,252426948,300892.922016
2021-07-12,SZ002797,第一创业,6.63,60831694,4132400000,4202400000,2786191.2
2021-07-12,SH603779,威龙股份,7.69,5990449,305450232,332749154,255884.099426
2021-07-12,SH603959,百利科技,12.12,22137757,490298992,490298992,594242.378304
2021-07-12,SH603339,四方科技,9.67,1854654,309441175,309441175,299229.616225
2021-07-12,SZ002798,帝欧水华,14.51,3789370,226207045,386893064,561381.835864
2021-07-12,SZ300512,中亚股份,14.62,1832900,216715647,273540000,399915.48
2021-07-12,SZ002800,天顺股份,13.3,855228,100264063,104552000,139054.16
2021-07-12,SZ300513,恒实科技,10.69,13164307,236715502,313691155,335335.844695
2021-07-12,SZ300516,久之洋,34.19,4137128,180000000,180000000,615420
2021-07-12,SH603737,三棵树,174.25,1243046,364973822,376437486,6559423.19355
2021-07-12,SH601611,中国核建,7.1,11369317,2625022040,2649620540,1881230.5834
2021-07-12,SH603131,上海沪工,17.6,1714460,297366779,317980273,559645.28048
2021-07-12,SZ002799,环球印务,13.37,2125496,251995800,252000000,336924
2021-07-12,SZ300515,三德科技,10.35,3016200,174304275,205869500,213074.9325
2021-07-12,SH601127,赛力斯,73.65,39154474,974284008,1358033873,10001919.474645
2021-07-12,SZ002801,微光股份,27.55,4311640,113380800,229632000,632636.16
2021-07-12,SZ300518,新迅达,43.85,1513002,51683418,101740600,446132.531
2021-07-12,SZ300519,新光药业,18.5,8145350,114100000,160000000,296000
2021-07-12,SH603909,建发合诚,14.79,1613636,200517800,200517800,296565.8262
2021-07-12,SH603958,哈森股份,8.79,13517300,217360000,217360000,191059.44
2021-07-12,SZ002802,洪汇新材,28.76,2957347,106831594,108336000,311574.336
2021-07-12,SH603016,新宏泰,27.9,1759758,148160000,148160000,413366.4
2021-07-12,SZ300521,爱司凯,16.89,1805480,143999055,144000000,243216
2021-07-12,SZ300522,世名科技,17.28,3588295,182668136,270268605,467024.14944
2021-07-12,SH601966,玲珑轮胎,41.9,6924616,1356490012,1373512412,5755017.00628
2021-07-12,SZ002805,丰元股份,28.05,13036450,97209675,177932205,499099.835025
2021-07-12,SZ300520,科大国创,22.5,10603780,214256566,243885860,548743.185
2021-07-12,SH603069,海汽集团,20.87,12125000,316000000,316000000,659492
2021-07-12,SZ002803,吉宏股份,25.48,8970050,273041331,378409288,964186.865824
2021-07-12,SZ300517,海波重科,12.17,3869020,112525419,192132624,233825.403408
2021-07-12,SZ300525,博思软件,17.94,1938742,303845080,395325539,709214.016966
2021-07-12,SZ002806,华锋股份,10.91,5103713,115742263,180167268,196562.489388
2021-07-12,SZ300523,辰安科技,24.89,3155452,230399407,232637638,579035.080982
2021-07-12,SH603322,超讯通信,14.05,2608804,156520000,160150000,225010.75
2021-07-12,SH603663,三祥新材,16.08,4748037,191855592,192523112,309577.164096
2021-07-12,SH600919,江苏银行,6.64,200643845,14655381964,14769624242,9807030.496688
2021-07-12,SZ300529,健帆生物,85.87,6908644,513961449,805028968,6912783.748216
2021-07-12,SZ300526,中潜退,36.58,20427584,204227356,204248968,747142.724944
2021-07-12,SZ300527,ST应急,9.27,16525562,963182071,963186421,892873.812267
2021-07-12,SZ300528,幸福蓝海,6.29,3669974,255167619,372608054,234370.465966
2021-07-12,SH601811,新华文轩,8.81,1321100,791903900,1233841000,1087013.921
2021-07-12,SH600977,中国电影,13.18,17848648,1867000000,1867000000,2460706
2021-07-12,SZ300530,领湃科技,34.2,3287210,96849337,158413500,541774.17
2021-07-12,SZ300531,优博讯,15.87,8117023,299131385,331363129,525873.285723
2021-07-12,SH603569,长久物流,6.93,1184320,560277264,560277264,388272.143952
2021-07-12,SZ300535,达威股份,14.88,5675013,86085683,104216043,155073.471984
2021-07-12,SH603159,上海亚虹,15.82,2882886,140000000,140000000,221480
2021-07-12,SZ002808,*ST恒久,8.21,8379555,171372446,268800000,220684.8
2021-07-12,SH600936,北投科技,2.91,2271172,1671026239,1671026239,486268.635549
2021-07-12,SH601997,贵阳银行,7.13,15823203,3095990072,3656198076,2606869.228188
2021-07-12,SH601595,上海电影,11.18,3821560,448200000,448200000,501087.6
2021-07-12,SH603986,兆易创新,192,20250109,615236374,664315107,12754850.0544
2021-07-12,SZ300532,今天国际,9.09,4934568,163596500,273232778,248368.595202
2021-07-12,SZ300533,冰川网络,20.47,1871950,100052954,150833400,308755.9698
2021-07-12,SH603515,欧普照明,25.66,2485483,753758682,754695722,1936549.222652
2021-07-12,SH603031,安孚科技,26.49,546000,112000000,112000000,296688
2021-07-12,SZ300540,蜀道装备,21.15,4036151,89366702,124691993,263723.565195
2021-07-12,SZ002809,红墙股份,9.87,1104312,133975738,206657262,203970.717594
2021-07-12,SZ002810,山东赫达,45.24,3941449,316830944,341381040,1544407.82496
2021-07-12,SH603007,*ST花王,3.49,12534623,333386966,335730166,117169.827934
2021-07-12,SZ300538,同益股份,21.36,3531213,77455674,151598811,323815.060296
2021-07-12,SZ300537,广信材料,20.02,18750869,125381223,193027584,386441.223168
2021-07-12,SZ300539,横河精密,8.28,5174545,113141994,222248426,184021.696728
2021-07-12,SH603090,宏盛股份,14.35,662400,100000000,100000000,143500
2021-07-12,SH603658,安图生物,72.83,3077229,586272256,586272256,4269820.840448
2021-07-12,SZ002807,江阴银行,3.93,10508889,2169433096,2172006179,853598.428347
2021-07-12,SH603843,*ST正平,3.93,4351508,560004200,560004200,220081.6506
2021-07-12,SZ002811,郑中设计,8.27,799150,243543854,270023260,223309.23602
2021-07-12,SZ300543,朗科智能,18.35,17677544,205721334,268163610,492080.22435
2021-07-12,SH601163,三角轮胎,14.81,2626584,800000000,800000000,1184800
2021-07-12,SH603393,新天然气,18.04,4295215,376127962,376127962,678534.843448
2021-07-12,SH603067,振华股份,8.35,24415718,431200000,499036166,416695.19861
2021-07-12,SZ300541,先进数通,15.26,17318250,248652411,306545242,467788.039292
2021-07-12,SZ300534,陇神戎发,6.63,10032099,300319326,303345000,201117.735
2021-07-12,SZ002812,恩捷股份,267.56,12645771,613961098,891626565,23856360.37314
2021-07-12,SH603189,网达软件,19.18,4824364,220800000,220800000,423494.4
2021-07-12,SH601500,通用股份,5.81,6236971,872290090,1074796667,624456.863527
2021-07-12,SZ300542,新晨科技,13.75,10551245,239682353,300083479,412614.783625
2021-07-12,SZ300536,农尚环境,14.36,1974380,219148552,293288133,421161.758988
2021-07-12,SH600908,无锡银行,5.48,12845800,1736974791,1861670716,1020195.552368
2021-07-12,SZ300546,雄帝科技,17.86,6877778,85495285,136607750,243981.4415
2021-07-12,SH603738,泰晶科技,48.92,11037138,170193798,173303798,847802.179816
2021-07-12,SZ300545,联得装备,24.33,2315790,79155735,177738348,432437.400684
2021-07-12,SZ300547,川环科技,10.72,11288615,187009730,216906174,232523.418528
2021-07-12,SZ300549,优德精密,20.49,4816247,99567500,133340000,273213.66
2021-07-12,SH601128,常熟银行,6.52,68579492,2604340068,2740855925,1787038.0631
2021-07-12,SH603887,城地香江,10.12,4825435,353947718,450705059,456113.519708
2021-07-12,SH603421,鼎信通讯,7.49,1608517,652190511,653192211,489240.966039
2021-07-12,SZ002813,路畅科技,30.09,8460620,55043081,120000000,361080
2021-07-12,SZ300548,长芯博创,38.27,8469892,118668219,173080472,662378.966344
2021-07-12,SZ002815,崇达技术,13.1,10895084,429695765,875638316,1147086.19396
2021-07-12,SH603777,来伊份,15.5,13163570,336559908,337132088,522554.7364
2021-07-12,SH603313,梦百合,28.37,4463586,373306953,374267953,1061798.182661
2021-07-12,SH603816,顾家家居,72.74,2698847,630865125,632256725,4599035.41765
2021-07-12,SH603160,汇顶科技,114.99,4291366,454226821,457897406,5265362.271594
2021-07-12,SZ300550,和仁科技,13.86,2152568,261291752,264995441,367283.681226
2021-07-12,SZ300555,ST路通,9.77,9523600,173910666,200000000,195400
2021-07-12,SZ300551,古鳌科技,17.58,11419945,236096810,304128000,534657.024
2021-07-12,SH603859,能科科技,39.06,3341959,132230632,166568333,650615.908698
2021-07-12,SZ300552,万集科技,30.61,1822349,107065539,197926560,605853.20016
2021-07-12,SZ300553,集智股份,32.38,604200,30197940,48000000,155424
2021-07-12,SZ002816,*ST和科,21.69,854200,97433943,100000000,216900
2021-07-12,SZ002817,黄山胶囊,11.38,4562733,121949205,213641550,243124.0839
2021-07-12,SH603667,五洲新春,11.9,11579751,263128405,292333088,347876.37472
2021-07-12,SH603258,电魂网络,25.3,1642536,242060700,247434900,626010.297
2021-07-12,SH600926,杭州银行,13.14,58511750,5041360267,5930200432,7792283.367648
2021-07-12,SH603888,新华网,18.3,5691393,519029360,519029360,949823.7288
2021-07-12,SH603716,塞力医疗,13.57,1250700,201323345,205018993,278210.773501
2021-07-12,SZ300559,佳发教育,8.68,2497025,298696618,399514567,346778.644156
2021-07-12,SZ300557,理工光科,28.18,888400,55381665,55668540,156873.94572
2021-07-12,SZ300560,中富通,15.32,8235840,189324000,226269812,346645.351984
2021-07-12,SZ300556,丝路视觉,19.1,5153100,88850762,117885875,225162.02125
2021-07-12,SZ300558,贝达药业,95.15,3977165,413666198,414965076,3948392.69814
2021-07-12,SH601882,海天精工,17.26,6088900,522000000,522000000,900972
2021-07-12,SH603203,快克智能,28.71,2525144,187840544.4,187840544.4,539290.2029724
2021-07-12,SH603060,国检集团,18.43,6568339,603680000,603680000,1112582.24
2021-07-12,SZ002818,富森美,12.54,2922629,298412381,748458940,938567.51076
2021-07-12,SH603556,海兴电力,11.72,1399186,488684040,488684040,572737.69488
2021-07-12,SZ002819,东方中科,31.47,1723122,139550397,159713156,502617.301932
2021-07-12,SH603977,国泰集团,7.53,3193660,433316800,551581577,415340.927481
2021-07-12,SZ300563,神宇股份,16.25,12148870,121318642,178742666,290456.83225
2021-07-12,SZ300566,激智科技,28.84,7903668,174195634,232800750,671397.363
2021-07-12,SZ300562,乐心医疗,14.44,2337711,123533244,214625064,309918.592416
2021-07-12,SH601229,上海银行,7.51,32298948,13703855032,14206528700,10669103.0537
2021-07-12,SH603633,徕木股份,11.2,7769283,263501200,263501200,295121.344
2021-07-12,SZ300561,*ST汇科,12.12,8145765,174773383,328185887,397761.295044
2021-07-12,SH603858,步长制药,21.87,5553483,1141580610,1141580610,2496636.79407
2021-07-12,SZ002821,凯莱英,374.5,3186983,232982800,242626693,9086369.65285
2021-07-12,SZ002820,桂发祥,10.43,1198580,202358380,204800000,213606.4
2021-07-12,SH603987,康德莱,22.78,8381759,437964000,441569000,1005894.182
2021-07-12,SH603727,博迈科,18.25,2049396,234211552,234211552,427436.0824
2021-07-12,SZ300565,科信技术,13.98,13015780,153235192,208000000,290784
2021-07-12,SZ300567,精测电子,68.25,19060824,170061055,278130401,1898239.986825
2021-07-12,SH603900,莱绅通灵,8.23,5439180,340473840,340473840,280209.97032
2021-07-12,SZ002823,凯中精密,11.05,7335903,159257340,287088390,317232.67095
2021-07-12,SH603336,宏辉果蔬,6.74,5753041,438674699,438674699,295666.747126
2021-07-12,SZ300569,天能重工,8.32,10526161,479124688,680019105,565775.89536
2021-07-12,SH603819,神力股份,9.15,1227596,217347987,217730187,199223.121105
2021-07-12,SH603323,苏农银行,4.62,19540208,1439990561,1803068795,833017.78329
2021-07-12,SZ002825,纳尔股份,14.2,609300,91770641,171221847,243135.02274
2021-07-12,SZ002822,ST中装,5.83,10923944,636664523,721445836,420602.922388
2021-07-12,SH603319,美湖股份,24.2,5472417,146303450,160609845,388675.8249
2021-07-12,SH603660,苏州科达,7.18,14008727,494174449,494174449,354817.254382
2021-07-12,SZ300568,星源材质,49.54,45070099,619071593,718030153,3557121.377962
2021-07-12,SH603559,ST通脉,13.42,5776808,143313207,143313207,192326.323794
2021-07-12,SZ300572,安车检测,29.25,3038509,140821579,228988812,669792.2751
2021-07-12,SH600909,华安证券,5.38,24784270,4697654758,4697654758,2527338.259804
2021-07-12,SZ300570,太辰光,16.78,5772707,191851516,229996800,385934.6304
2021-07-12,SH603033,三维股份,17.3,1874612,348433120,596659565,1032221.04745
2021-07-12,SZ300573,兴齐眼药,118.48,1407833,61452875,82332600,975476.6448
2021-07-12,SH603990,麦迪科技,23.97,6796040,165463488,165463488,396615.980736
2021-07-12,SZ002828,贝肯能源,8.45,4015263,150389087,200987600,169834.522
2021-07-12,SZ002826,易明医药,8.96,2705100,133917562,191190375,171306.576
2021-07-12,SH603036,如通股份,8.2,1033900,204159500,206673000,169471.86
2021-07-12,SZ002827,高争民爆,10.67,4205650,276000000,276000000,294492
2021-07-12,SH603928,兴业股份,11.03,1201100,201600000,201600000,222364.8
2021-07-12,SZ002830,名雕股份,9.89,1792950,66665000,133340000,131873.26
2021-07-12,SZ002829,星网宇达,35.51,3569874,85660354,154685040,549286.57704
2021-07-12,SZ300571,平治信息,35.89,2073602,96367036,124581650,447123.54185
2021-07-12,SH603708,家家悦,16.13,3528941,608401048,608401048,981350.890424
2021-07-12,SH603585,苏利股份,15.28,527500,180000000,180000000,275040
2021-07-12,SH603389,*ST亚振,4.93,2636194,262752000,262752000,129536.736
2021-07-12,SZ002831,裕同科技,30.9,3907712,519874947,930513553,2875286.87877
2021-07-12,SH603098,森特股份,40.83,15254419,538799978,538799978,2199920.310174
2021-07-12,SH603878,武进不锈,7.06,2551289,400758848,400758848,282935.746688
2021-07-12,SZ300581,晨曦航空,35.87,25925016,309168000,309168000,1108985.616
2021-07-12,SH603823,百合花,15.05,1955685,315000000,317725200,478176.426
2021-07-12,SZ300576,容大感光,42.79,9384659,93676854,188104018,804897.093022
2021-07-12,SZ300575,中旗股份,21.72,1936878,129930098,207015750,449638.209
2021-07-12,SZ300577,开润股份,20.61,1044721,129054162,240165285,494980.652385
2021-07-12,SH603416,信捷电气,66.2,2285240,91224840,140560000,930507.2
2021-07-12,SH603577,汇金通,8.73,644900,245028000,288268235,251658.169155
2021-07-12,SH603058,永吉股份,6.89,1783800,419074400,419074400,288742.2616
2021-07-12,SZ002832,比音勒芬,23.57,4625534,368569823,549859523,1296018.895711
2021-07-12,SZ300579,数字认证,49.62,10454604,174315056,180000000,893160
2021-07-12,SH600996,贵广网络,5.26,15285220,1051702531,1051702531,553195.531306
2021-07-12,SH603298,杭叉集团,17.02,4868489,866395852,866395852,1474605.740104
2021-07-12,SH603218,日月股份,28.36,23680824,964024769,967604009,2744124.969524
2021-07-12,SZ002833,弘亚数控,36.1,3891362,179870810,303020032,1093902.31552
2021-07-12,SZ300582,英飞特,29.68,19369400,204201685,296380343,879656.858024
2021-07-12,SZ002835,同为股份,12.6,5631276,125487888,219612708,276712.01208
2021-07-12,SH603886,元祖股份,16.72,1034234,240000000,240000000,401280
2021-07-12,SZ002837,英维克,18.06,1936150,252845284,322236160,581958.50496
2021-07-12,SZ002836,新宏泽,8.73,1031000,160000000,160000000,139680
2021-07-12,SZ300585,奥联电子,13.41,2311699,160000000,160000000,214560
2021-07-12,SH603929,亚翔集成,11.33,3419300,213360000,213360000,241736.88
2021-07-12,SH603239,浙江仙通,16.83,1535000,270720000,270720000,455621.76
2021-07-12,SH603186,华正新材,42.76,14245701,140132181,142045312,607385.754112
2021-07-12,SH601375,中原证券,4.63,82911595,3447519700,4642884700,2149655.6161
2021-07-12,SZ300586,美联新材,9.84,28602914,288986361,524471403,516079.860552
2021-07-12,SH603444,吉比特,533,1202580,71864552,71864552,3830380.6216
2021-07-12,SZ300588,熙菱信息,17.29,25824800,104954975,165604000,286329.316
2021-07-12,SH603035,常熟汽饰,14.5,24762060,359134106,359134106,520744.4537
2021-07-12,SH603032,德新科技,17.6,1834128,160008000,160008000,281614.08
2021-07-12,SZ300587,天铁科技,13.06,18366850,475828063,579152735,756373.47191
2021-07-12,SZ002838,道恩股份,17.33,2240429,347517001,407990695,707047.874435
2021-07-12,SH603228,景旺电子,28,16076309,840631807,853230152,2389044.4256
2021-07-12,SZ300583,赛托生物,22.73,778318,83755942,107252567,243785.084791
2021-07-12,SH603877,太平鸟,49.42,2131046,476727790,476727790,2355988.73818
2021-07-12,SZ002840,华统股份,8.79,3247859,436170833,447633233,393469.611807
2021-07-12,SZ300591,万里马,9.05,18347444,205918910,329724410,298400.59105
2021-07-12,SH603689,皖天然气,9.61,1028999,336000000,336000000,322896
2021-07-12,SH603266,天龙股份,12.7,3115188,197713834,198910550,252616.3985
2021-07-12,SH603579,荣泰健康,37.16,849500,140000481,140000481,520241.787396
2021-07-12,SZ300580,贝斯特,20.91,4893081,186517870,200000995,418202.080545
2021-07-12,SZ300590,移为通信,21.05,13810437,210180286,290660400,611840.142
2021-07-12,SZ300584,海辰药业,19.75,650078,64045251,120000000,237000
2021-07-12,SH603628,清源股份,10.95,16178874,273800000,273800000,299811
2021-07-12,SH603639,海利尔,18.11,1382206,332259906,340008066,615754.607526
2021-07-12,SZ002824,和胜股份,42.79,9527408,112261444,183531030,785329.27737
2021-07-12,SZ300589,江龙船艇,27.51,6619224,102386894,202807800,557924.2578
2021-07-12,SZ300593,新雷能,45.19,5625640,198287114,264863040,1196916.07776
2021-07-12,SH603690,至纯科技,46.94,28229194,307400989,318530474,1495182.044956
2021-07-12,SH603039,泛微网络,76.11,1197653,256853268,260617793,1983562.022523
2021-07-12,SH603038,华立股份,14.75,5123155,184131867,184131867,271594.503825
2021-07-12,SZ300595,欧普康视,99.32,8667894,612658753,850671998,8448874.284136
2021-07-12,SH603165,荣晟环保,12.95,1306345,263166028,263166028,340800.00626
2021-07-12,SH603668,天马科技,7.45,4607032,338506752,339757252,253119.15274
2021-07-12,SH601858,中国科传,8.85,1970700,790500000,790500000,699592.5
2021-07-12,SH603337,杰克科技,26.25,2901021,444488220,445868520,1170404.865
2021-07-12,SZ002842,翔鹭钨业,10.19,16343888,212200073,273643726,278842.956794
2021-07-12,SZ300596,利安隆,41.38,2041102,182250937,205010420,848333.11796
2021-07-12,SZ002841,视源股份,117.13,830864,400509024,668030956,7824646.587628
2021-07-12,SZ002843,泰嘉股份,7.97,1101700,209996625,210000000,167370
2021-07-12,SZ300592,华凯易佰,26.33,4793500,95403825,266448353,701558.513449
2021-07-12,SH603037,凯众股份,16.72,3468528,104901350,104901350,175395.0572
2021-07-12,SH603638,艾迪精密,41,1361670,782586112,841558502,3450389.8582
2021-07-12,SZ300598,诚迈科技,79.49,9803070,158328853,158346402,1258695.549498
2021-07-12,SZ300597,吉大通信,9.82,17612200,220738140,240000000,235680
2021-07-12,SZ300599,雄塑科技,11.64,5543186,152825725,358131567,416865.143988
2021-07-12,SH601881,中国银河,10.14,31258210,6446274124,10137258757,10279180.379598
2021-07-12,SH603429,集友股份,32.09,1649765,372566957,380238957,1220186.813013
2021-07-12,SZ002839,张家港行,5.29,14708858,1439744399,1807957814,956409.683606
2021-07-12,SH603358,华达科技,17.89,3302008,439040000,439040000,785442.56
2021-07-12,SZ300600,国瑞科技,13.47,5761686,205768980,296847720,399853.87884
2021-07-12,SZ300578,会畅科技,27.71,4327983,138757174,173878395,481817.032545
2021-07-12,SZ002845,同兴达,26.49,4927563,157772059,234314304,620698.591296
2021-07-12,SH603966,法兰泰克,11.96,2535340,213726903,214918743,257042.816628
2021-07-12,SZ300603,立昂技术,10,10441778,241341027,421529461,421529.461
2021-07-12,SH603089,正裕工业,9.31,4111733,222497721,222497721,207145.378251
2021-07-12,SZ300602,飞荣达,20.66,8945460,311137621,506411377,1046245.904882
2021-07-12,SH603360,百傲化学,14.04,1095087,255885400,261346400,366930.3456
2021-07-12,SH603677,奇精机械,11.81,1288910,192137625,192137625,226914.535125
2021-07-12,SH603177,德创环保,12.94,1594700,202000000,202000000,261388
2021-07-12,SZ002846,英联股份,8.59,3213660,222713963,318393413,273499.941767
2021-07-12,SZ300601,康泰生物,148.67,8369588,531083646,686413309,10204906.664903
2021-07-12,SZ300606,金太阳,19.18,1026600,55449718,93434000,179206.412
2021-07-12,SZ002847,盐津铺子,99.97,2797414,113295042,129360000,1293211.92
2021-07-12,SH603881,数据港,34.15,5500173,328927197,328927197,1123286.377755
2021-07-12,SH603637,镇海股份,7.26,1649508,243678373,243702033,176927.675958
2021-07-12,SZ300605,恒锋信息,13.57,8371684,102899577,165258469,224255.742433
2021-07-12,SH603626,科森科技,9.45,6511190,484469010,490885460,463886.7597
2021-07-12,SH603040,新坐标,20.06,734142,133989109,133989109,268782.152654
2021-07-12,SZ300607,拓斯达,20.67,5639631,276895611,425869449,880272.151083
2021-07-12,SH603208,江山欧派,92.19,498237,105060879,105060879,968556.243501
2021-07-12,SZ300608,思特奇,19.18,34208831,163152907,209891910,402572.68338
2021-07-12,SH603330,天洋新材,27.19,2974782,152880000,169809124,461711.008156
2021-07-12,SZ300610,晨化股份,13.29,14343464,158934485,212879800,282917.2542
2021-07-12,SH603615,茶花股份,9.56,2062000,241820000,243140000,232441.84
2021-07-12,SZ002848,*ST高斯,9.55,4062800,158563425,167150000,159628.25
2021-07-12,SH603839,安正时尚,9.35,1725000,400102220,400102220,374095.5757
2021-07-12,SZ300609,汇纳科技,17.8,4991109,90786200,121922390,217021.8542
2021-07-12,SH601212,白银有色,2.69,55754300,7404774511,7404774511,1991884.343459
2021-07-12,SZ300615,欣天科技,14.6,9152065,102652326,188500000,275210
2021-07-12,SZ300612,宣亚国际,16.33,2293350,160762444,162000000,264546
2021-07-12,SH603603,退市博天,5.76,12134300,256265738,417784056,240643.616256
2021-07-12,SZ002849,威星智能,12.55,1299489,100626589,132356050,166106.84275
2021-07-12,SZ300613,富瀚微,176.3,2366033,113203143,120083746,2117076.44198
2021-07-12,SH603817,海峡环保,5.62,2630285,450167317,450167317,252994.032154
2021-07-12,SZ300611,美力科技,10.66,4761800,121732750,178950550,190761.2863
2021-07-12,SH600939,重庆建工,3.48,1272400,1814537166,1814537166,631458.933768
2021-07-12,SH603345,安井食品,198,4006743,240340360,244424360,4839602.328
2021-07-12,SH603238,诺邦股份,15.05,618915,174000000,179075000,269507.875
2021-07-12,SZ300617,安靠智电,48.5,1376177,64685255,129343605,627316.48425
2021-07-12,SZ300619,金银河,26.1,5200346,56620864,74685686,194929.64046
2021-07-12,SZ002850,科达利,123.78,7296017,153977312,232920451,2883089.342478
2021-07-12,SZ300618,寒锐钴业,99.8,29824999,221763961,309617139,3089979.04722
2021-07-12,SH603138,海量数据,13.2,4000549,252664524,257550000,339966
2021-07-12,SH603578,三星新材,14.09,439869,128000120,128394920,180908.44228
2021-07-12,SZ002851,麦格米特,29.3,4249950,384427896,501907534,1470589.07462
2021-07-12,SZ300616,尚品宅配,79.55,1065603,130125262,198675000,1580459.625
2021-07-12,SH603908,牧高笛,24.56,982009,66690000,66690000,163790.64
2021-07-12,SH603991,至正股份,48.78,648200,74534998,74534998,363581.720244
2021-07-12,SH603955,大千生态,13.6,1208720,135720000,135720000,184579.2
2021-07-12,SZ002852,道道全,14.46,2885715,205377517,289000000,417894
2021-07-12,SZ002853,皮阿诺,20.96,1200200,74342808,186542748,390993.599808
2021-07-12,SZ300620,光库科技,63.6,4970144,101565812,108516677,690166.06572
2021-07-12,SH603630,拉芳家化,21.81,7213690,224447000,226681000,494391.261
2021-07-12,SH603665,康隆达,14.28,777456,158242578,158242578,225970.401384
2021-07-12,SH603960,克来机电,31.49,5604420,260169835,260944500,821714.2305
2021-07-12,SZ300623,捷捷微电,35.76,33335268,640783567,736497298,2633714.337648
2021-07-12,SH603903,中持股份,10.13,1066276,202303752,202303752,204933.700776
2021-07-12,SH603811,诚意药业,16.01,1378860,233788800,233788800,374295.8688
2021-07-12,SZ300622,博士眼镜,21.52,2189570,106404030,172501597,371223.436744
2021-07-12,SZ300621,维业股份,9.58,6929171,193799186,208056700,199318.3186
2021-07-12,SH603179,新泉股份,33.73,3482662,369874874,369874874,1247587.950002
2021-07-12,SZ300625,三雄极光,16.33,3009703,138395802,280000000,457240
2021-07-12,SH603517,ST绝味,82.09,6367230,608630695,614224695,5042170.521255
2021-07-12,SZ300628,亿联网络,85.07,2926256,482234723,902985540,7681697.98878
2021-07-12,SH603133,退市碳元,10.84,3791800,209185200,210117000,227766.828
2021-07-12,SZ300626,华瑞股份,9.69,5236160,121105500,180000000,174420
2021-07-12,SZ002856,美芝股份,11.75,718680,97573033,135312808,158992.5494
2021-07-12,SZ300627,华测导航,31.5,4229677,270412481,377083348,1187812.5462
2021-07-12,SH603656,泰禾智能,15.7,1293201,148881600,153811600,241484.212
2021-07-12,SZ002855,捷荣技术,9.58,1857532,246208232,250612402,240086.681116
2021-07-12,SZ300631,久吾高科,43.88,26826630,106258815,108639690,476710.95972
2021-07-12,SZ002857,三晖电气,14.9,1879300,91293374,128000000,190720
2021-07-12,SH603388,*ST元成,6.06,1209617,285142060,285142060,172796.08836
2021-07-12,SH603768,常青股份,15.68,449900,204000000,204000000,319872
2021-07-12,SZ002858,力盛体育,17.82,5080400,95472225,126320000,225102.24
2021-07-12,SZ300629,新劲刚,21.98,2633750,81888389,131526341,289094.897518
2021-07-12,SZ002774,快意电梯,6.55,2917600,281823935,336687900,220530.5745
2021-07-12,SH603717,天域生物,14.6,4611604,241796240,290146240,423613.5104
2021-07-12,SH603833,欧派家居,135.45,2326920,606255626,606255626,8211732.45417
2021-07-12,SZ300630,普利退,47.88,2691362,321326853,437029279,2092496.187852
2021-07-12,SH603178,圣龙股份,10.24,3376378,200963000,200963000,205786.112
2021-07-12,SH601228,广州港,3.13,6618500,6193180000,6193180000,1938465.34
2021-07-12,SH603303,得邦照明,16.9,5320099,476944575,476944575,806036.33175
2021-07-12,SH603041,美思德,12.08,576000,140854840,140899640,170206.76512
2021-07-12,SZ300635,中达安,19.18,1201000,86027210,136322000,261465.596
2021-07-12,SZ300636,同和药业,15.31,1149240,175506171,205862272,315175.138432
2021-07-12,SH601200,上海环境,12.38,8311246,1121858543,1121858543,1388860.876234
2021-07-12,SH603385,惠达卫浴,10.06,1168988,369396444,384482298,386789.191788
2021-07-12,SZ300632,光莆股份,15.01,8673423,200435515,306169356,459560.203356
2021-07-12,SH603586,金麒麟,13.47,2692565,202113700,203458700,274058.8689
2021-07-12,SZ300633,开立医疗,31.65,6715948,400010000,401920000,1272076.8
2021-07-12,SH603538,美诺华,41.12,4228207,147814250,149585850,615097.0152
2021-07-12,SZ002859,洁美科技,31.28,8037870,402833517,410000619,1282481.936232
2021-07-12,SH603078,江化微,26,7604598,195972241,195972241,509527.8266
2021-07-12,SH603906,龙蟠科技,37.6,8363180,482091352,482091352,1812663.48352
2021-07-12,SZ002862,实丰文化,14.17,4210800,61608488,120000000,170040
2021-07-12,SZ002860,星帅尔,16.9,3245413,142455785,200953283,339611.04827
2021-07-12,SH601366,利群股份,6.3,2874100,834037615,860517957,542126.31291
2021-07-12,SZ300637,扬帆新材,9.86,14335550,234204070,234750130,231463.62818
2021-07-12,SZ300639,凯普生物,30.24,4152204,288667699,293893744,888734.681856
2021-07-12,SZ300638,广和通,45.36,0,257384134,413350127,1874956.176072
2021-07-12,SH603797,联泰环保,7.27,969056,449806865,584060502,424611.984954
2021-07-12,SZ002861,瀛通通讯,14.74,1728490,107980658,158106350,233048.7599
2021-07-12,SH603826,坤彩科技,37.08,1198430,468000000,468000000,1735344
2021-07-12,SH603050,科林电气,13.59,4931280,161552350,162210100,220443.5259
2021-07-12,SZ300640,德艺文创,6.6,1334550,118505760,286850254,189321.16764
2021-07-12,SZ300604,长川科技,85.93,7132915,186820569,313790502,2696401.783686
2021-07-12,SZ002863,今飞凯达,5.15,8738857,498813060,498813060,256888.7259
2021-07-12,SZ300641,正丹股份,8.41,23608337,489600000,489600000,411753.6
2021-07-12,SH603225,新凤鸣,21.49,7272149,1373347718,1401727051,3012311.432599
2021-07-12,SH603803,瑞斯康达,9.23,7425159,421055557,421055557,388634.279111
2021-07-12,SH603081,大丰实业,10.93,954200,401813397,401813397,439182.042921
2021-07-12,SH603232,格尔软件,18.59,12670214,231722033,231722033,430771.259347
2021-07-12,SZ300645,正元智慧,17.37,4772874,127321425,127321425,221157.315225
2021-07-12,SZ300554,三超新材,19.74,6226526,52836069,93612501,184791.076974
2021-07-12,SZ300642,透景生命,80.01,1187200,74808480,91067855,728633.907855
2021-07-12,SH603139,康惠股份,16.99,411434,99880000,99880000,169696.12
2021-07-12,SH603096,新经典,32.38,301013,162503585,162503585,526186.60823
2021-07-12,SZ002865,钧达股份,22.1,3234867,128697201,132505551,292837.26771
2021-07-12,SZ300648,星云股份,38.05,11419054,79892224,147783896,562317.72428
2021-07-12,SH603920,世运电路,13.53,6390185,529179560,532233000,720111.249
2021-07-12,SZ002866,传艺科技,15.2,5309886,171298806,287655011,437235.61672
2021-07-12,SZ300514,友讯达,10.62,8319084,152912000,200000000,212400
2021-07-12,SZ002867,周大生,18,6164548,1073159283,1096223401,1973202.1218
2021-07-12,SH603787,新日股份,22.59,2782200,204000000,204000000,460836
2021-07-12,SH603320,迪贝电气,11.81,1744850,130007528,130007528,153538.890568
2021-07-12,SZ300647,超频三,10.65,19083015,219045836,430618755,458608.974075
2021-07-12,SZ002868,*ST绿康,10.98,338704,155415837,155415837,170646.589026
2021-07-12,SZ300650,太龙股份,24.35,1950150,54078200,107351600,261401.146
2021-07-12,SH603505,金石资源,25.41,17501434,309420968,311611052,791803.683132
2021-07-12,SH603501,豪威集团,341.56,8759539,785449955,868580764,29667244.575184
2021-07-12,SZ300643,万通智控,12.71,6483426,200000000,200000000,254200
2021-07-12,SZ300649,杭州园林,18.06,5060700,103271450,128000000,231168
2021-07-12,SH603985,恒润股份,17.1,5234737,264992000,264992000,453136.32
2021-07-12,SH603229,奥翔药业,30.77,4068017,283571904,287047646,883245.606742
2021-07-12,SZ300651,金陵体育,41.08,917200,68642963,128746780,528891.77224
2021-07-12,SH603728,鸣志电器,17.3,2899390,416000000,416000000,719680
2021-07-12,SH603926,铁流股份,15.84,3782021,160201600,160201600,253759.3344
2021-07-12,SH603896,寿仙谷,38.04,1258644,151621339,151621339,576767.573556
2021-07-12,SH603113,金能科技,16.73,7538783,720309497,851715541,1424920.100093
2021-07-12,SH603086,先达股份,9.28,2011548,219520000,221886000,205910.208
2021-07-12,SZ002871,伟隆股份,9.77,1129740,88263784,169186000,165294.722
2021-07-12,SH603180,金牌家居,45.27,693999,142112180,154581556,699790.704012
2021-07-12,SZ002870,香山股份,31.16,2233475,48420000,110670000,344847.72
2021-07-12,SH601952,苏垦农发,10.42,17130219,1378000000,1378000000,1435876
2021-07-12,SZ002869,金溢科技,21.61,6306991,149168870,180636097,390354.605617
2021-07-12,SH603488,展鹏科技,7.5,4957772,291990440,292517400,219388.05
2021-07-12,SZ300652,雷迪克,20.44,1339705,83506071,94080115,192299.75506
2021-07-12,SZ300653,正海生物,70.15,2233796,120000000,120000000,841800
2021-07-12,SH603758,秦安股份,8.19,2265637,438797049,438797049,359374.783131
2021-07-12,SH603269,海鸥股份,10.98,852475,112518866,112518866,123545.714868
2021-07-12,SZ002872,ST天圣,5.55,1454050,215038268,318000000,176490
2021-07-12,SZ300656,民德电子,33.48,2571380,82715623,119790000,401056.92
2021-07-12,SZ002873,新天药业,17.62,1653561,111149480,117159502,206435.042524
2021-07-12,SH603197,保隆科技,33.72,4541888,163941057,206671478,696896.223816
2021-07-12,SH603383,顶点软件,25.9,2392233,168250516,168250516,435768.83644
2021-07-12,SZ300657,弘信电子,18.96,17882059,323252472,341738495,647936.18652
2021-07-12,SZ300655,晶瑞电材,40.18,29086545,286360710,339878679,1365632.532222
2021-07-12,SH603855,华荣股份,16.68,5731840,333502000,337640000,563183.52
2021-07-12,SZ002876,三利谱,66,3659407,133112045,173884932,1147640.5512
2021-07-12,SH603580,*ST艾艾,10.82,916526,130673200,130673200,141388.4024
2021-07-12,SZ300659,中孚信息,41.4,12977222,148535377,226689141,938493.04374
2021-07-12,SH603196,日播时尚,8.46,8536300,240000000,240000000,203040
2021-07-12,SZ002875,安奈儿,11.54,3258100,79338974,170315462,196544.043148
2021-07-12,SH603200,上海洗霸,17.25,656425,125296539,125959473,217280.090925
2021-07-12,SZ300658,延江股份,10.81,2801200,134968444.5,227655000,246095.055
2021-07-12,SH603042,华脉科技,13.19,3681416,136000000,136000000,179384
2021-07-12,SZ300660,江苏雷利,21.2,2888964,124103897,259342568,549806.24416
2021-07-12,SZ002877,智能自控,6.74,1958669,205863891,332523682,224120.961668
2021-07-12,SZ300661,圣邦股份,242.4,4879310,217439389,234739716,5690090.71584
2021-07-12,SZ002878,元隆雅图,18.53,3407787,188128520,221414107,410280.340271
2021-07-12,SH600732,爱旭股份,14.7,30916862,652824037,2036329187,2993403.90489
2021-07-12,SH603496,恒为科技,15.47,3793792,198867502,199046493,307924.924671
2021-07-12,SZ300662,科锐国际,53.9,1229700,180749340,182792840,985253.4076
2021-07-12,SZ300663,科蓝软件,39.48,39151685,240146361,310992278,1227797.513544
2021-07-12,SH603536,惠发食品,12.45,1193412,168000000,171886000,213998.07
2021-07-12,SH603767,中马传动,6.7,1488613,301628000,306098000,205085.66
2021-07-12,SZ300665,飞鹿股份,8.64,2096699,128818045,173264515,149700.54096
2021-07-12,SH603879,永悦科技,7.84,6580532,362314440,362314440,284054.52096
2021-07-12,SZ300666,江丰电子,50.79,7536690,135811706,224491267,1140191.145093
2021-07-12,SH603980,吉华集团,6.57,2266740,700000000,700000000,459900
2021-07-12,SH603226,菲林格尔,6.56,1093671,273455208,273455208,179386.616448
2021-07-12,SZ002880,卫光生物,38.24,1625673,226800000,226800000,867283.2
2021-07-12,SH603326,我乐家居,10.96,311760,314579440,322204550,353136.1868
2021-07-12,SH603316,诚邦股份,5.45,3828298,264264000,264264000,144023.88
2021-07-12,SZ300667,必创科技,24.35,3668267,144403413,198786299,484044.638065
2021-07-12,SZ300668,杰恩设计,13.57,1345163,56872707,105400000,143027.8
2021-07-12,SH603335,迪生力,4.46,3717789,428144600,428144600,190952.4916
2021-07-12,SZ002883,中设股份,11.25,764040,89326002,130257852,146540.0835
2021-07-12,SH603679,华体科技,16.18,875061,141570216,142886916,231191.030088
2021-07-12,SH603380,易德龙,27,6724303,160000000,161289000,435480.3
2021-07-12,SZ002881,美格智能,28.81,6483273,107489950,184539000,531656.859
2021-07-12,SH601878,浙商证券,12.32,42764319,3614044514,3878168795,4777903.95544
2021-07-12,SZ002885,京泉华,15.53,5650547,98977506,180000000,279540
2021-07-12,SH603043,广州酒家,25.55,2387036,565594658,565594658,1445094.35119
2021-07-12,SZ002886,沃特股份,16.07,6790062,171609179,226573529,364103.661103
2021-07-12,SH603286,日盈电子,15.11,1476400,88076000,88076000,133082.836
2021-07-12,SH603938,三孚股份,44.28,14844772,195216580,195216580,864419.01624
2021-07-12,SZ300669,沪宁股份,20.7,1630550,100679946,111051892,229877.41644
2021-07-12,SH603801,志邦家居,31.89,1882811,304750158,312482358,996506.239662
2021-07-12,SH603617,君禾股份,10.42,1702376,199460557,199460557,207837.900394
2021-07-12,SZ300670,大烨智能,7.78,4086750,298887142,315890479,245762.792662
2021-07-12,SH603331,百达精工,10.31,915340,178158245,178158245,183681.150595
2021-07-12,SZ300671,富满微,151.65,17258315,204952494,204952494,3108104.57151
2021-07-12,SH603933,睿能科技,14.39,3571484,201233200,201233200,289574.5748
2021-07-12,SZ002879,长缆科技,16.03,853450,128326721,193107640,309551.54692
2021-07-12,SH603305,旭升集团,35.55,5468637,447038482,447038482,1589221.80351
2021-07-12,SH603757,大元泵业,21.2,3991609,164248000,167583000,355275.96
2021-07-12,SZ002884,凌霄泵业,21.15,2140971,270996640,355597743,752089.226445
2021-07-12,SZ300673,佩蒂股份,22.95,4872599,162384480,253411200,581578.704
2021-07-12,SZ300672,国科微,118.3,6387151,173072403,180317642,2133157.70486
2021-07-12,SH603595,ST东尼,24.71,5633805,161319108,212925243,526138.275453
2021-07-12,SZ300676,华大基因,115.01,2958621,248324007,413914325,4760428.651825
2021-07-12,SH603387,基蛋生物,21,1726585,363813302,363852903,764091.0963
2021-07-12,SZ002882,金龙羽,8.74,656800,246525000,432900000,378354.6
2021-07-12,SH603612,索通发展,17.91,12837510,429809049,459268184,822549.317544
2021-07-12,SZ300675,建科院,17.59,4299201,146666700,146666700,257986.7253
2021-07-12,SH603707,健友股份,39.22,2972529,933792932,936041484,3671154.700248
2021-07-12,SH601619,嘉泽新能,3.91,53448434,2292560694,2361530694,923358.501354
2021-07-12,SH603676,卫信康,7.87,970400,423000000,434459000,341919.233
2021-07-12,SZ300677,英科医疗,116.25,15471902,251923440,366185060,4256901.3225
2021-07-12,SZ002888,惠威科技,12.08,912580,75191926,149611680,180730.90944
2021-07-12,SZ300680,隆盛科技,30.06,10796917,137419751,201851388,606765.272328
2021-07-12,SZ300681,英搏尔,36.94,1317873,43672500,75600000,279266.4
2021-07-12,SH603063,禾望电气,16.71,13968674,431161000,434155000,725473.005
2021-07-12,SZ300678,中科信息,20.09,8056764,180000000,180000000,361620
2021-07-12,SH603730,岱美股份,18.01,1085194,724415505,724415505,1304672.324505
2021-07-12,SZ002889,东方嘉盛,24.63,569600,90221804,138101429,340143.819627
2021-07-12,SH603233,大参林,46.49,4087880,787609651,790346251,3674319.720899
2021-07-12,SH600710,苏美达,6.67,27850787,1306749434,1306749434,871601.872478
2021-07-12,SZ300679,电连技术,35.44,24386803,310249661,421200000,1492732.8
2021-07-12,SH603357,设计总院,8.6,1547934,454542698,454542698,390906.72028
2021-07-12,SZ300682,朗新科技,17.7,7429496,708047252,1022069685,1809063.34245
2021-07-12,SZ002887,绿茵生态,11.73,10437276,161576025,312000000,365976
2021-07-12,SH603860,中公高科,21,248179,66680000,66680000,140028
2021-07-12,SH603825,ST华扬,18.89,6741840,226399672,228615614,431854.894846
2021-07-12,SZ300685,艾德生物,99.86,2063202,219598800,221722500,2214120.885
2021-07-12,SZ002890,弘宇股份,16.39,4599171,66671865,93338000,152980.982
2021-07-12,SZ300687,赛意信息,22.37,17880967,253782037,352675659,788935.449183
2021-07-12,SZ300686,智动力,17.31,3868642,137627045,265752240,460017.12744
2021-07-12,SH603880,南卫股份,7.02,1022152,285610000,292734000,205499.268
2021-07-12,SH603978,深圳新星,19.73,2061112,160003669,160003669,315687.238937
2021-07-12,SH603535,嘉诚国际,32.84,686177,150400000,150400000,493913.6
2021-07-12,SZ300683,海特生物,42.49,714605,95057790,103355040,439155.56496
2021-07-12,SZ300690,双一科技,26.16,5942204,108710809,166317757,435087.252312
2021-07-12,SZ300689,澄天伟业,43.38,1451000,57218742,68000000,294984
2021-07-12,SH603458,勘设股份,11.3,3612312,307574807,313869212,354672.20956
2021-07-12,SZ300688,创业黑马,19.74,2023141,74117407,109208976,215578.518624
2021-07-12,SH603602,纵横通信,10.71,4366991,203848501,203848501,218321.744571
2021-07-12,SZ300691,联合光电,17.8,4616972,183059648,225202128,400859.78784
2021-07-12,SH603721,*ST天择,15.93,5379160,130000000,130000000,207090
2021-07-12,SH601326,秦港股份,2.65,3310100,4757559000,5587412000,1480664.18
2021-07-12,SH603776,永安行,19.4,10585544,229443611,230143811,446478.99334
2021-07-12,SZ002892,科力尔,25.61,9358252,116144945,198968000,509557.048
2021-07-12,SH603129,春风动力,130.61,1619044,134066200,134377300,1755101.9153
2021-07-12,SH603557,ST起步,5.7,2550400,494029168,496010168,282725.79576
2021-07-12,SH601949,中国出版,6.05,6233251,1822500000,1822500000,1102612.5
2021-07-12,SZ002891,中宠股份,40,3235090,294103332,294112698,1176450.792
2021-07-12,SZ300692,中赋科技,7.82,10764964,374573514,423750439,331372.843298
2021-07-12,SH603976,正川股份,36.5,989087,151200000,151200000,551880
2021-07-12,SZ300693,盛弘股份,19.7,19964821,140687778,205275493,404392.72121
2021-07-12,SZ300696,爱乐达,43.9,4467570,142737177,232395150,1020214.7085
2021-07-12,SH603079,圣达生物,16.22,735656,171188958,171188958,277668.489876
2021-07-12,SH603181,皇马科技,16.94,4802735,406000000,406000000,687764
2021-07-12,SH603127,昭衍新药,175.65,4509408,227070811,270820329,4756959.078885
2021-07-12,SZ002895,川恒股份,24.21,32625942,483820000,488423000,1182472.083
2021-07-12,SZ002896,中大力德,20.35,2082280,104000000,104000000,211640
2021-07-12,SZ300698,万马科技,20.56,4387830,105629223,134000000,275504
2021-07-12,SH603359,东珠生态,10.97,2502808,446096000,446096000,489367.312
2021-07-12,SZ300699,光威复材,75.66,6845875,516362000,518350000,3921836.1
2021-07-12,SH603500,祥和实业,9.25,1835899,245548776,245548776,227132.6178
2021-07-12,SH603183,建研院,5.75,3518561,394088495,417369292,239987.3429
2021-07-12,SH603725,天安新材,7.39,2509940,205352000,209442000,154777.638
2021-07-12,SZ300697,电工合金,14.05,17225484,145600000,332800000,467584
2021-07-12,SH603527,众源新材,7.73,2266436,243824000,243824000,188475.952
2021-07-12,SZ002897,意华股份,21.08,3544140,157008149,170672000,359776.576
2021-07-12,SH603882,金域医学,133.91,2581052,459487577,462611275,6194827.583525
2021-07-12,SZ300695,兆丰股份,51.7,154694,66677700,66677700,344723.709
2021-07-12,SH603277,银都股份,20,1692975,408172500,420220000,840440
2021-07-12,SZ300700,岱勒新材,13.61,3153370,77227899,107137290,145813.85169
2021-07-12,SZ002898,*ST赛隆,9.85,673304,100985061,176000000,173360
2021-07-12,SH603386,骏亚科技,19.22,6305032,221957568,223281808,429147.634976
2021-07-12,SH603648,畅联股份,8.18,1418837,368666700,368666700,301569.3606
2021-07-12,SZ300701,森霸传感,22.4,5284425,180000000,180000000,403200
2021-07-12,SZ002899,英派斯,13.01,1508300,119998500,120000000,156120
2021-07-12,SH603321,梅轮电梯,7.03,1305200,307000000,307000000,215821
2021-07-12,SZ002893,京能热力,9.87,6693861,201769119,202800000,200163.6
2021-07-12,SH603813,*ST原尚,13.69,556000,88782000,88782000,121542.558
2021-07-12,SZ300703,创源股份,10.64,3146210,159689720,183784920,195547.15488
2021-07-12,SZ300702,天宇股份,34.11,2089306,191819587,347977159,1186950.089349
2021-07-12,SH603106,恒银科技,5.51,3778469,520520000,520520000,286806.52
2021-07-12,SH603055,台华新材,7.42,5957341,774242463,832045931,617378.080802
2021-07-12,SH603533,掌阅科技,26.55,5527404,401000000,438896835,1165271.096925
2021-07-12,SZ002901,大博医疗,66.02,1312150,340627949,405139820,2674733.09164
2021-07-12,SZ002900,哈三联,29.78,15897698,170799675,316600050,942834.9489
2021-07-12,SH603963,*ST大药,7.7,1409644,219700000,219700000,169169
2021-07-12,SH603157,退市拉夏,2.95,6231733,332603027,547671642,161563.13439
2021-07-12,SZ300706,阿石创,28.2,6897225,81613930,141120000,397958.4
2021-07-12,SZ300654,世纪天鸿,8.6,2014745,172944779,182032500,156547.95
2021-07-12,SH603363,傲农生物,9.66,8712820,636347798,685260893,661962.022638
2021-07-12,SH603136,天目湖,15.2,1122011,186294283,186294283,283167.31016
2021-07-12,SH603378,亚士创能,55.31,1278031,192477631,206173329,1140344.682699
2021-07-12,SH603367,辰欣药业,12.33,1082766,448278000,453353000,558984.249
2021-07-12,SH601086,国芳集团,3.85,1864500,666000000,666000000,256410
2021-07-12,SZ002902,铭普光磁,13.54,9396038,133809375,210000000,284340
2021-07-12,SZ300705,九典制药,41.28,1802600,133299459,234680000,968759.04
2021-07-12,SZ300707,威唐工业,17.02,1872000,111081766,157068940,267331.33588
2021-07-12,SH603103,横店影视,14.97,2326314,634200000,634200000,949397.4
2021-07-12,SH603110,东方材料,33.39,2295692,201226732,201226732,671896.058148
2021-07-12,SZ002903,宇环数控,14.27,5331103,91290801,152350000,217403.45
2021-07-12,SZ002906,华阳集团,32.8,9932016,471179433,474159860,1555244.3408
2021-07-12,SH603499,翔港科技,7.7,569500,201089029,201239949,154954.76073
2021-07-12,SZ300708,聚灿光电,33.67,21309315,188805631,302235637,1017627.389779
2021-07-12,SZ002905,金逸影视,8.72,3415014,349440000,376320000,328151.04
2021-07-12,SH603829,洛凯股份,11.13,1803597,72400000,160000000,178080
2021-07-12,SH603396,金辰股份,64.2,5607199,105779334,105779334,679103.32428
2021-07-12,SZ300709,精研科技,39.99,2869715,106480514,138650243,554462.321757
2021-07-12,SZ300710,万隆光电,29.52,1236600,68614000,68614000,202548.528
2021-07-12,SZ002908,德生科技,18.41,12645569,147876228,200906074,369868.082234
2021-07-12,SH603466,风语筑,16.51,3905837,419786665,422038805,696786.067055
2021-07-12,SZ002907,华森制药,12.97,1356275,283818576,401702250,521007.81825
2021-07-12,SH603683,晶华新材,9.52,2870180,177338000,182721000,173950.392
2021-07-12,SH603922,金鸿顺,15.3,890900,128000000,128000000,195840
2021-07-12,SH601108,财通证券,10.31,37300825,3589009508,3589009508,3700268.802748
2021-07-12,SH603607,京华激光,14.6,1604318,178516800,178516800,260634.528
2021-07-12,SH603722,阿科力,47.68,2109700,87021750,87937500,419286
2021-07-12,SZ002909,集泰股份,9.38,3912786,248948785,266518148,249994.022824
2021-07-12,SZ300715,凯伦股份,23.66,3946862,272446448,390156028,923109.162248
2021-07-12,SH603260,合盛硅业,81.99,11221490,938000000,1074165577,8807083.565823
2021-07-12,SZ002910,庄园牧场,11.32,6838981,171061950,232381032,263055.328224
2021-07-12,SZ300712,永福股份,70.06,7464400,182104000,182104000,1275820.624
2021-07-12,SH603289,泰瑞机器,9.74,3130390,265721200,296800000,289083.2
2021-07-12,SZ300713,英可瑞,18.3,8070265,90487702.8,157781250,288739.6875
2021-07-12,SZ300711,广哈通信,15.54,7895891,206017762,207642172,322675.935288
2021-07-12,SH603912,佳力图,16.91,7814869,216889702,216917242,366807.056222
2021-07-12,SH603937,丽岛新材,14.23,13205000,208880000,208880000,297236.24
2021-07-12,SH603659,璞泰来,175.18,8401698,692362915,694439710,12165194.83978
2021-07-12,SH603856,东宏股份,11.02,1835093,256414600,258034600,284354.1292
2021-07-12,SH603507,振江股份,21.85,1664237,124406400,126836400,277137.534
2021-07-12,SZ300717,华信新材,16.24,2022400,101478400,102400000,166297.6
2021-07-12,SZ300720,海川智能,12.61,3095084,99644580,194400000,245138.4
2021-07-12,SZ300718,长盛轴承,17.55,10366032,168918750,297222000,521624.61
2021-07-12,SH600903,贵州燃气,9.18,2332947,1138185027,1138185027,1044853.854786
2021-07-12,SZ300719,安达维尔,14.7,6936600,180415882,254029250,373422.9975
2021-07-12,SZ300716,ST泉为,9.95,6042472,160020000,160020000,159219.9
2021-07-12,SH603916,苏博特,20.62,2750063,414915998,420308798,866676.741476
2021-07-12,SH603083,剑桥科技,14.4,14143318,252220566,252220566,363197.61504
2021-07-12,SZ300722,新余国科,52.76,4615199,161616000,174720000,921822.72
2021-07-12,SZ300725,药石科技,149.1,4975384,162563992,199699696,2977522.46736
2021-07-12,SH603076,乐惠国际,48.34,1890046,104300000,120701344,583470.296896
2021-07-12,SH603278,大业股份,8.87,3078520,289955116,289955116,257190.187892
2021-07-12,SZ300721,怡达股份,42.43,3444100,79350000,86375267,366490.257881
2021-07-12,SH603605,珀莱雅,183.99,1588670,200662765,201116925,3700350.303075
2021-07-12,SZ300723,一品红,30.4,3612679,125567462,288653748,877507.39392
2021-07-12,SZ002864,盘龙药业,24.24,1043400,55299863,86670000,210088.08
2021-07-12,SH603970,中农立华,22.77,1235261,95520096,192000096,437184.218592
2021-07-12,SH603619,中曼石油,9.41,3942900,400000100,400000100,376400.0941
2021-07-12,SH600933,爱柯迪,14.3,7095907,857209450,860984000,1231207.12
2021-07-12,SH603365,水星家纺,13.78,996200,266670000,266670000,367471.26
2021-07-12,SZ300726,宏达电子,80,7662571,182778875,400100000,3200800
2021-07-12,SZ002912,中新赛克,42.85,6431303,117004960,175071680,750182.1488
2021-07-12,SH603661,恒林股份,49.66,274800,100000000,100000000,496600
2021-07-12,SZ002911,佛燃能源,9.06,1320980,944591145,945200000,856351.2
2021-07-12,SH601019,山东出版,5.62,1459906,2086900000,2086900000,1172837.8
2021-07-12,SH603685,晨丰科技,12.28,1327091,169000000,169000000,207532
2021-07-12,SZ300727,润禾材料,38,11534690,112628815,126880000,482144
2021-07-12,SH603809,豪能股份,16.31,16677776,292702480,302887480,494009.47988
2021-07-12,SH603711,香飘飘,16.49,1395292,406526600,416450600,686727.0394
2021-07-12,SZ002913,奥士康,79.29,992883,129253412,158868152,1259665.577208
2021-07-12,SH603848,好太太,12.09,748800,401000000,401000000,484809
2021-07-12,SZ300729,乐歌股份,24.08,1314869,172894191,180565359,434801.384472
2021-07-12,SH603917,合力科技,10.52,7089227,156800000,156800000,164953.6
2021-07-12,SZ002915,中欣氟材,20.51,4659591,147783714,207840455,426280.773205
2021-07-12,SZ300730,科创信息,17.97,9929086,117267652,159533198,286681.156806
2021-07-12,SZ300731,科创新源,28.15,2379206,117462292,125872867,354332.120605
2021-07-12,SZ002917,金奥博,8.96,1718060,185808000,271344000,243124.224
2021-07-12,SH603890,春秋电子,12.57,5884717,383927780,390306930,490615.81101
2021-07-12,SZ300732,设研院,10.84,1793313,267806970,275296402,298421.299768
2021-07-12,SZ002916,深南电路,106.89,4193447,483408660,489315846,5230297.077894
2021-07-12,SH600025,华能水电,5.61,23763281,18000000000,18000000000,10098000
2021-07-12,SZ002919,名臣健康,42.97,840731,68397370,122135745,524817.296265
2021-07-12,SH603477,巨星农牧,11.08,4851500,240000000,506093443,560751.534844
2021-07-12,SZ000155,川能动力,17.21,182963112,1270000000,1270000000,2185670
2021-07-12,SZ002918,蒙娜丽莎,29.58,2510077,212791748,408371498,1207962.891084
2021-07-12,SH603283,赛腾股份,30.97,7167263,178875208,182006398,563673.814606
2021-07-12,SZ001965,招商公路,7.17,3390089,1932803685,6178229565,4429790.598105
2021-07-12,SZ002920,德赛西威,117.5,7054194,549850000,550000000,6462500
2021-07-12,SZ300684,中石科技,21.37,9314801,171531054,280951707,600393.797859
2021-07-12,SZ002921,联诚精密,15.83,1322330,81816213,106080708,167925.760764
2021-07-12,SZ300735,光弘科技,11.62,6925364,750391959,774621120,900109.74144
2021-07-12,SZ002922,伊戈尔,10.9,21483554,276807771,296320455,322989.29595
2021-07-12,SH603655,朗博科技,20.55,1229400,106000000,106000000,217830
2021-07-12,SH603329,上海雅仕,12.18,1223600,132000000,158756195,193365.04551
2021-07-12,SH603080,新疆火炬,12.06,1853500,141500000,141500000,170649
2021-07-12,SH603161,科华控股,14.87,3550241,133400000,133400000,198365.8
2021-07-12,SZ300664,鹏鹞环保,6.61,9212700,704473050,714244800,472115.8128
2021-07-12,SZ002923,润都股份,24.06,4237573,141973195,185869600,447202.2576
2021-07-12,SZ300736,百邦科技,10.79,4032260,127306879,130273360,140564.95544
2021-07-12,SZ002925,盈趣科技,38.07,2602700,728750252,781547439,2975351.100273
2021-07-12,SZ300733,西菱动力,23.75,4152287,118879093,171399371,407073.506125
2021-07-12,SH603056,德邦股份,10.77,3140213,960000000,1026957470,1106033.19519
2021-07-12,SH601828,美凯龙,11.98,17676153,3163714366,3905000000,4678190
2021-07-12,SZ300624,万兴科技,58,6649714,110673130,129947040,753692.832
2021-07-12,SZ300738,奥飞数据,22.42,8586529,378339854,381644654,855647.314268
2021-07-12,SH603895,天永智能,17.9,371420,108080000,108080000,193463.2
2021-07-12,SH603356,华菱精工,10.51,2115168,133340000,133340000,140140.34
2021-07-12,SZ300737,科顺股份,17.06,19762042,843274476,1145867580,1954850.09148
2021-07-12,SH601838,成都银行,12.16,61693783,3599710164,3612251334,4392497.622144
2021-07-12,SH603506,南都物业,14.31,492430,187777779,187777779,268710.001749
2021-07-12,SZ300739,明阳电路,16.94,5278061,272675575,279221575,473001.34805
2021-07-12,SH603516,淳中科技,21.47,2628769,184314710,186554010,400531.45947
2021-07-12,SZ002926,华西证券,9.28,15243273,1876228713,2625000000,2436000
2021-07-12,SZ300644,南京聚隆,20.7,4618497,94386315,108779000,225172.53
2021-07-12,SH603871,嘉友国际,16.36,628917,285382753,285382753,466886.183908
2021-07-12,SZ300740,水羊股份,19.66,7239907,377240469,411060477,808144.897782
2021-07-12,SH603709,中源家居,18.1,643300,80000000,80000000,144800
2021-07-12,SH603156,养元饮品,29.84,4486759,1265493600,1265493600,3776232.9024
2021-07-12,SZ002927,泰永长征,10.1,1106211,222358240,223663700,225900.337
2021-07-12,SH603712,七一二,34.1,2455464,772000000,772000000,2632520
2021-07-12,SH603680,今创集团,11.95,1612302,252953782,789964721,944007.841595
2021-07-12,SH601360,三六零,13.52,184583998,7145363197,7145363197,9660531.042344
2021-07-12,SZ002929,润建股份,26.23,2395576,161937321,220749070,579024.81061
2021-07-12,SH600901,江苏金租,5.18,6442403,2957490012,2986649968,1547084.683424
2021-07-12,SZ300741,华宝股份,49.1,1666539,115877150,615880000,3023970.8
2021-07-12,SH603059,倍加洁,23.87,1483625,100000000,100000000,238700
2021-07-12,SZ002928,华夏航空,13.44,18515562,1013567644,1013567644,1362234.913536
2021-07-12,SZ300634,彩讯股份,20.66,11562339,375623750,444011100,917326.9326
2021-07-12,SH600929,雪天盐业,6.49,4269969,917762808,931882808,604791.942392
2021-07-12,SZ002930,宏川智慧,17.25,4109934,428945317,445367108,768258.2613
2021-07-12,SZ300504,天邑股份,18.61,10113235,208739295,271900000,506005.9
2021-07-12,SH603214,爱婴室,20.78,1812380,140516936,142638216,296402.212848
2021-07-12,SZ002931,锋龙股份,12.75,3337220,178614184,199091200,253841.28
2021-07-12,SH603897,长城科技,28.67,6882799,178409070,178409070,511498.80369
2021-07-12,SH603301,振德医疗,42.28,1913977,226311711,227204736,960621.623808
2021-07-12,SH603773,沃格光电,27.23,1249604,94595556,94595556,257583.698988
2021-07-12,SH603876,鼎胜新材,28.88,17146493,471480910,471480910,1361636.86808
2021-07-12,SH603733,仙鹤股份,41.71,8674336,705972266,705972266,2944610.321486
2021-07-12,SH603348,文灿股份,32.13,6746815,253584460,261484460,840149.56998
2021-07-12,SH603596,伯特利,38.68,6649977,406626000,408561000,1580313.948
2021-07-12,SZ300743,天地数码,12.84,3888374,98171506,138535260,177879.27384
2021-07-12,SZ300742,越博退,27.92,4667544,43110007,78498570,219168.00744
2021-07-12,SH603259,药明康德,160.7,30160520,2546102159,2950624991,47416543.60537
2021-07-12,SH603013,亚普股份,14.26,1288700,510000000,514224500,733284.137
2021-07-12,SZ300454,深信服,298.01,7446436,266326628,413874278,12333867.358678
2021-07-12,SH603045,福达合金,12.56,3433300,137620000,137620000,172850.72
2021-07-12,SZ300745,欣锐科技,24.44,2832894,114512352,114592352,280063.708288
2021-07-12,SZ300746,汉嘉数智,12.57,11852279,209361696,225738328,283753.078296
2021-07-12,SH603486,科沃斯,220.46,4887469,560140000,572544025,12622305.57515
2021-07-12,SH601138,工业富联,12,30460747,3038808454,19867148010,23840577.612
2021-07-12,SH601330,绿色动力,8.81,7377188,896184208,1393440000,1227620.64
2021-07-12,SZ300750,宁德时代,565.79,15476312,2029741222,2329007802,131772932.429358
2021-07-12,SH603666,亿嘉和,90.81,600678,137543938,147663260,1340930.06406
2021-07-12,SH601990,南京证券,10.3,86048130,3619930567,3686361034,3796951.86502
2021-07-12,SH601066,中信建投,29.75,28734279,3811362018,7756694797,23076167.021075
2021-07-12,SH603587,地素时尚,25.7,3351720,157606296,481200000,1236684
2021-07-12,SZ300747,锐科激光,106.4,2859161,250724717,288000000,3064320
2021-07-12,SH603650,彤程新材,53.41,12652977,585987500,585987500,3129759.2375
2021-07-12,SH603693,江苏新能,13.63,7702942,618000000,618000000,842334
2021-07-12,SH603706,东方环宇,13.68,700100,160000000,189382714,259075.552752
2021-07-12,SH603105,芯能科技,9.04,23594076,500000000,500000000,452000
2021-07-12,SZ002932,明德生物,99.6,3111063,66585147,69005147,687291.26412
2021-07-12,SH603713,密尔克卫,102.75,1056562,68589844,164484436,1690077.5799
2021-07-12,SH601869,长飞光纤,24,1533669,106573510,757905108,1818972.2592
2021-07-12,SH603657,春光科技,31.24,3345671,40075000,134400000,419865.6
2021-07-12,SH601606,长城军工,10.13,5151802,297726841,724228400,733643.3692
2021-07-12,SZ300724,捷佳伟创,116.94,7841307,169209262,347700245,4066006.66503
2021-07-12,SZ000629,钒钛股份,2.46,183727570,8589393822,8589746202,2113077.565692
2021-07-12,SH603590,康辰药业,35.34,1053873,83367640,160000000,565440
2021-07-12,SH603192,汇得科技,22.28,1307607,26666667,106666667,237653.334076
2021-07-12,SZ002933,新兴装备,25.32,2928382,50891741,117350000,297130.2
2021-07-12,SZ000950,重药控股,4.98,3323953,1728184696,1743367337,868196.933826
2021-07-12,SH601068,中铝国际,3.78,33886550,295906667,2959066667,1118527.200126
2021-07-12,SZ002935,天奥电子,20.4,6235717,109171465,208006500,424333.26
2021-07-12,SH603297,永新光学,63.63,1267384,51469673,110495000,703079.685
2021-07-12,SH603790,雅运股份,10.61,1283360,61582040,191360000,203032.96
2021-07-12,SH603810,丰山集团,15.36,753973,77443146,162676080,249870.45888
2021-07-12,SZ002938,鹏鼎控股,36,15169872,517185821,2321475816,8357312.9376
2021-07-12,SZ002936,郑州银行,3.6,9978922,2199763261,7514125090,2705085.0324
2021-07-12,SZ300748,金力永磁,36.88,63749389,414798582,690732617,2547421.891496
2021-07-12,SH603583,捷昌驱动,47.26,5655839,241473493,381915845,1804934.28347
2021-07-12,SZ300749,顶固集创,9.28,2527060,85255200,205169400,190397.2032
2021-07-12,SZ002937,兴瑞科技,14.57,6527379,97561988,297526500,433496.1105
2021-07-12,SH601577,长沙银行,8.53,11898584,995332714,4021553754,3430385.352162
2021-07-12,SZ300694,蠡湖股份,11.87,9510000,129955944,215316977,255581.251699
2021-07-12,SZ300760,迈瑞医疗,458.61,4200846,499134264,1215691266,55752817.150026
2021-07-12,SH601162,天风证券,4.69,66260951,3838479938,8665757464,4064240.250616
2021-07-12,SZ002940,昂利康,36.03,3698837,49825258,95946819,345696.388857
2021-07-12,SZ002939,长城证券,9.79,17261276,1664180931,3103405351,3038233.838629
2021-07-12,SZ300674,宇信科技,17.92,7960655,441741464,662152800,1186577.8176
2021-07-12,SZ300751,迈为股份,453.37,1798222,52472164,103101705,4674321.999585
2021-07-12,SH603220,中贝通信,11.98,4388353,185645200,337760000,404636.48
2021-07-12,SH601319,中国人保,5.82,27889836,5601567019,44223990583,25738362.519306
2021-07-12,SZ002941,新疆交建,10.63,3540853,192676457,645022457,685658.871791
2021-07-12,SH603187,海容冷链,41.5,1394580,185397219,240964964,1000004.6006
2021-07-12,SZ002943,宇晶股份,20.58,13276709,52852725,100000000,205800
2021-07-12,SZ300752,隆利科技,20.63,10272354,54477771,192840356,397829.654428
2021-07-12,SZ002942,新农股份,23.38,1714300,39112500,120000000,280560
2021-07-12,SZ300753,爱朋医疗,21.36,775180,58982552,126048000,269238.528
2021-07-12,SH603629,利通电子,23.92,6513933,30000000,100000000,239200
2021-07-12,SZ001872,招商港口,17.17,3701166,593820070,1922365124,3300700.917908
2021-07-12,SH603185,弘元绿能,205.15,5487119,79110831,275253734,5646830.35301
2021-07-12,SZ300756,金马游乐,28.94,1771072,33352838,101604244,294042.682136
2021-07-12,SH601860,紫金银行,3.55,15046072,1753017541,3660913465,1299624.280075
2021-07-12,SZ300757,罗博特科,39.74,1206990,54867800,104000000,413296
2021-07-12,SH601975,招商南油,2.06,24157845,3495358087,4852783848,999673.472688
2021-07-12,SH603121,华培动力,11.87,30016644,118887120,263653000,312956.111
2021-07-12,SH603739,蔚蓝生物,17.28,1232116,104126400,252084840,435602.60352
2021-07-12,SZ002948,青岛银行,4.92,12662800,605052226,4509690000,2218767.48
2021-07-12,SH603332,苏州龙杰,17.69,3083200,29735000,118938000,210401.322
2021-07-12,SZ002945,华林证券,12.64,8332237,754789089,2700000000,3412800
2021-07-12,SH601598,中国外运,5.33,63763105,1351637231,7400803875,3944628.465375
2021-07-12,SH601298,青岛港,6.12,6455188,1869896000,6491100000,3972553.2
2021-07-12,SH603700,宁水集团,22.2,746216,103323308,203242000,451197.24
2021-07-12,SH601615,明阳智能,17.52,63604675,1478418357,1950928712,3418027.103424
2021-07-12,SZ002946,新乳业,14.89,8206684,146254261,867270799,1291366.219711
2021-07-12,SZ300759,康龙化成,224.4,6251425,284742686,794387462,17826054.64728
2021-07-12,SZ300755,华致酒行,37.73,3234420,119606430,416798400,1572580.3632
2021-07-12,SH603351,威尔药业,19.8,522423,59665803,130666732,258720.12936
2021-07-12,SZ002947,恒铭达,24.98,3126580,63230233,164644363,411281.618774
2021-07-12,SH601865,福莱特,41.17,25792795,448028107,2146193254,8835877.626718
2021-07-12,SZ300761,立华股份,32.06,1559026,119461250,403880000,1294839.28
2021-07-12,SZ300758,七彩化学,24.6,2241500,123476760,241401600,593847.936
2021-07-12,SH603956,威派格,16.94,4014223,87860355,425960355,721576.84137
2021-07-12,SZ002949,华阳国际,16.36,697000,93501861,196034861,320713.032596
2021-07-12,SH600928,西安银行,4.65,7562304,1155635387,4444444445,2066666.666925
2021-07-12,SZ002950,奥美医疗,16.22,2664296,223523212,633265407,1027156.490154
2021-07-12,SZ300762,上海瀚讯,28.21,4557457,172835162,391949968,1105690.859728
2021-07-12,SZ002951,金时科技,10.52,783100,71666666,405000000,426060
2021-07-12,SZ300763,锦浪科技,201.2,4058129,107353121,247580246,4981314.54952
2021-07-12,SZ300765,新诺威,13.98,1772860,136500000,546000000,763308
2021-07-12,SZ300766,每日互动,15.94,20378331,309503134,400100000,637759.4
2021-07-12,SH603681,永冠新材,25.6,2313088,61657184,166591604,426474.50624
2021-07-12,SZ002958,青农商行,4.11,13655404,2695512227,5555593191,2283348.801501
2021-07-12,SZ002952,亚世光电,14.27,968225,69663938,164340000,234513.18
2021-07-12,SZ300767,震安科技,80.38,2350774,120073968,201600000,1620460.8
2021-07-12,SH603379,三美股份,21.79,14276504,193060783,610479037,1330233.821623
2021-07-12,SZ300768,迪普科技,44.82,8338994,138597011,400010000,1792844.82
2021-07-12,SH603068,博通集成,79.4,3918900,105864863,150424966,1194374.23004
2021-07-12,SZ300769,德方纳米,250.05,3963149,54578000,89624698,2241065.57349
2021-07-12,SH603317,天味食品,31.23,4932247,184573450,756185690,2361567.90987
2021-07-12,SZ300770,新媒股份,56.78,15967050,141532002,231058146,1311948.152988
2021-07-12,SZ300771,智莱科技,23.47,943780,74638000,160000000,375520
2021-07-12,SZ300773,拉卡拉,28.27,6771113,383007612,800020000,2261656.54
2021-07-12,SZ300772,运达股份,20.43,8037913,154892334,301837984,616655.001312
2021-07-12,SH603967,中创物流,11.69,798955,93306700,266666700,311733.3723
2021-07-12,SH603697,有友食品,19.99,3859011,89902922,308125000,615941.875
2021-07-12,SZ002953,日丰股份,14.73,2599119,73779226,243380379,358499.298267
2021-07-12,SZ300778,新城市,19.6,1611420,57622625,125000000,245000
2021-07-12,SH603267,鸿远电子,135.8,6110210,157512356,232404000,3156046.32
2021-07-12,SH600989,宝丰能源,14.58,117047122,1994270000,7333360000,10692038.88
2021-07-12,SZ300777,中简科技,45.2,3450819,264440368,400010000,1808045.2
2021-07-12,SZ300776,帝尔激光,164.86,1624528,45453467,105800240,1744222.75664
2021-07-12,SZ300775,三角防务,36.42,9069377,264000000,495500000,1804611
2021-07-12,SH603982,泉峰汽车,17.24,4940035,81723140,201415700,347240.6668
2021-07-12,SZ300779,惠城环保,21.91,19661480,69276663,100000000,219100
2021-07-12,SH603327,福蓉科技,14.91,1220143,102470650,401000000,597891
2021-07-12,SZ002955,鸿合科技,19.26,2223041,97248383,236281302,455077.787652
2021-07-12,SZ300780,德恩精工,15.15,1320381,63851000,146670000,222205.05
2021-07-12,SZ300781,因赛集团,21.77,1875126,35810580,109903846,239260.672742
2021-07-12,SH603915,国茂股份,38.82,4879517,124927400,472477400,1834157.2668
2021-07-12,SZ300782,卓胜微,481.94,6109920,191104562,333560779,16075628.183126
2021-07-12,SZ002956,西麦食品,32.08,5285186,68365880,160000000,513280
2021-07-12,SH603217,元利科技,32.34,7007833,45699380,127456000,412192.704
2021-07-12,SH603863,松炀资源,8.31,1780400,108644000,205894000,171097.914
2021-07-12,SZ300594,朗进科技,20.05,976700,67871700,89981700,180413.3085
2021-07-12,SH600968,海油发展,2.56,32906124,1865104199,10165104199,2602266.674944
2021-07-12,SH603867,新化股份,31.21,22567029,84703624,140900000,439748.9
2021-07-12,SH601698,中国卫通,14.99,6575870,407637548,4000000000,5996000
2021-07-12,SZ300788,中信出版,36.22,1242657,50390151,190151515,688728.78733
2021-07-12,SH601236,红塔证券,13.41,17849487,1474920119,3633405396,4872396.636036
2021-07-12,SZ300783,三只松鼠,44.34,2398710,226976000,401000000,1778034
2021-07-12,SZ300785,值得买,91.72,816726,31315974,88833256,814778.624032
2021-07-12,SH603236,移远通信,167.99,3224244,92320800,145370828,2442084.539572
2021-07-12,SH603256,宏和科技,9.03,2700900,135973021,877800000,792653.4
2021-07-12,SH688122,西部超导,67.1,8138858,310388000,441272000,2960935.12
2021-07-12,SH688088,虹软科技,53.61,3977932,266106280,406000000,2176566
2021-07-12,SH688333,铂力特,169.9,758194,45306751,80000000,1359200
2021-07-12,SH688001,华兴源创,40.35,2173731,49211551,438536773,1769495.879055
2021-07-12,SH688388,嘉元科技,112,7577650,166145958,230876000,2585811.2
2021-07-12,SH688012,中微公司,175.98,14266433,245402535,615091572,10824381.484056
2021-07-12,SH688019,安集科技,298.5,655097,29996397,53220580,1588634.313
2021-07-12,SH688022,瀚川智能,45,6220202,57988919,108000000,486000
2021-07-12,SH688003,天准科技,39.87,2471061,71366000,193600000,771883.2
2021-07-12,SH688005,容百科技,152.49,10177141,274010300,447383383,6822149.207367
2021-07-12,SH688006,杭可科技,101.04,3558111,110746099,402695000,4068830.28
2021-07-12,SH688007,光峰科技,36.88,3037377,283300135,452756901,1669767.450888
2021-07-12,SH688008,澜起科技,63.59,7699615,421418275,1131030341,7192221.938419
2021-07-12,SH688009,中国通号,5.61,18312524,1980591576,10589819000,5940888.459
2021-07-12,SH688018,乐鑫科技,248.11,976705,44452969,80112969,1987682.873859
2021-07-12,SH688033,天宜新材,18.59,13585627,305693136,448737188,834202.432492
2021-07-12,SH688016,心脉医疗,392.88,1391309,36894736,71978147,2827877.439336
2021-07-12,SH688002,睿创微纳,109.24,4514275,230371670,445000000,4861180
2021-07-12,SH688029,南微医学,270,1528552,42849554,133340000,3600180
2021-07-12,SH688010,福光股份,29.92,1590972,94995901,153581943,459517.173456
2021-07-12,SH688015,交控科技,32.33,3298824,90669718,160000000,517280
2021-07-12,SH688020,方邦股份,89.65,956241,36662518,80000000,717200
2021-07-12,SH688011,新光光电,40.27,2145207,41000099,100000000,402700
2021-07-12,SH688028,沃尔德,37.13,967607,37560998,80000000,297040
2021-07-12,SH688066,航天宏图,44.89,2339055,97222615,166318933,746605.690237
2021-07-12,SZ300786,国林科技,22.2,1332500,51993400,85440000,189676.8
2021-07-12,SH603983,丸美生物,45.95,1038261,77000000,401819600,1846361.062
2021-07-12,SH603687,大胜达,7.86,1153983,141815647,410858347,322934.660742
2021-07-12,SZ002957,科瑞技术,30.03,8017173,153887203,411819100,1236692.7573
2021-07-12,SH603279,景津装备,23.22,3611300,190310651,411949500,956546.739
2021-07-12,SH603613,国联股份,117.3,5491290,222132681,343900282,4033950.30786
2021-07-12,SZ002966,苏州银行,7.6,23159761,1624836520,3333333334,2533333.33384
2021-07-12,SH603530,神马电力,17.27,744500,40044490,400044490,690876.83423
2021-07-12,SH603662,柯力传感,19.11,770960,106659014,234024890,447221.56479
2021-07-12,SH688099,晶晨股份,104.58,4480132,211534414,411120000,4299492.96
2021-07-12,SH688188,柏楚电子,434.7,328852,25997895,100297785,4359944.71395
2021-07-12,SZ002960,青鸟消防,27.2,6656635,174401415,347967885,946472.6472
2021-07-12,SH603115,海星股份,14.24,1195765,52000000,208000000,296192
2021-07-12,SH688321,微芯生物,42,3129876,253092822,410720500,1725026.1
2021-07-12,SZ300787,海能实业,30.25,3478740,52073600,152784000,462171.6
2021-07-12,SZ002959,小熊电器,66.96,707529,76221075,156444000,1047549.024
2021-07-12,SH603992,松霖科技,19.56,2187170,44800000,401009858,784375.282248
2021-07-12,SZ003816,中国广核,2.59,106910285,9754355725,50498611100,13079140.2749
2021-07-12,SZ300789,唐源电气,24.24,307720,30813946,82768966,200631.973584
2021-07-12,SH603755,日辰股份,59.33,218038,34200024,98613681,585074.969373
2021-07-12,SH603093,南华期货,14.35,1592500,110399100,610065893,875444.556455
2021-07-12,SZ002961,瑞达期货,20.79,2662022,108685092,445006592,925168.704768
2021-07-12,SH688168,安博通,63.16,1801680,28479250,51180000,323252.88
2021-07-12,SH603927,中科软,29.36,8642491,454423424,593600000,1742809.6
2021-07-12,SZ002962,五方光电,14.2,5083223,165193128,293638800,416967.096
2021-07-12,SZ300790,宇瞳光学,44.03,8818397,108018197,219119144,964781.591032
2021-07-12,SH688116,天奈科技,161.8,4613017,176547919,231858116,3751464.31688
2021-07-12,SZ300791,仙乐健康,51.43,2632326,51436800,180000000,925740
2021-07-12,SZ300792,壹网壹创,47.48,2073914,91996781,216392390,1027431.06772
2021-07-12,SH688036,传音控股,179,8050288,389174724,800000000,14320000
2021-07-12,SH688068,热景生物,161.36,2661808,43028271,62196341,1003600.158376
2021-07-12,SH688030,山石网科,30.3,6032481,93621370,180223454,546077.06562
2021-07-12,SH688368,晶丰明源,466.1,693650,15723364,62030080,2891222.0288
2021-07-12,SH603786,科博达,67,1460981,40100000,400100000,2680670
2021-07-12,SZ300793,佳禾智能,16.8,6068546,101888000,266688000,448035.84
2021-07-12,SH603815,交建股份,8.5,1620600,163287540,618924235,526085.59975
2021-07-12,SZ300795,米奥会展,18.12,372500,36915994,100164000,181497.168
2021-07-12,SH688139,海尔生物,107.56,1741502,181205918,317071758,3410423.829048
2021-07-12,SZ002965,祥鑫科技,26,2227608,74950000,150700000,391820
2021-07-12,SH688098,申联生物,14.07,1891802,261898983,410644000,577776.108
2021-07-12,SZ002963,豪尔赛,16.26,1871700,68994530,150359930,244485.24618
2021-07-12,SH603610,麒盛科技,18.03,1140612,162662318,280069727,504965.717781
2021-07-12,SZ300799,左江退,67.61,4196828,32633625,102080000,690162.88
2021-07-12,SH601077,渝农商行,3.93,43796939,5874465018,11357000000,4463301
2021-07-12,SH688108,赛诺医疗,10.48,3098965,287380545,410000000,429680
2021-07-12,SH688366,昊海生科,252.8,2421533,42106581,176622100,4465006.688
2021-07-12,SH688369,致远互联,69.39,722156,58369703,76989583,534230.716437
2021-07-12,SH688025,杰普特,48.18,2394524,49625316,92368576,445031.799168
2021-07-12,SH688058,宝兰德,92,453886,21842000,40000000,368000
2021-07-12,SZ300797,钢研纳克,16.74,10689300,76366983,248200000,415486.8
2021-07-12,SH688389,普门科技,28.05,1704846,155871020,422200000,1184271
2021-07-12,SH688199,久日新材,45.67,2178458,80329547,111226800,507972.7956
2021-07-12,SH688128,中国电研,23.86,8766403,94345609,404500000,965137
2021-07-12,SH688023,安恒信息,276,2945073,51648314,74074075,2044444.47
2021-07-12,SH688202,美迪西,454.88,1150951,26159554,62000000,2820256
2021-07-12,SH688021,奥福科技,44.63,1073601,45698311,77283584,344916.635392
2021-07-12,SH688363,华熙生物,285.61,3007545,93341956,480000000,13709280
2021-07-12,SH688299,长阳科技,30.08,15035300,222632850,282568577,849966.279616
2021-07-12,SZ300800,力合科技,21.28,5381750,144800000,238400000,507315.2
2021-07-12,SH688288,鸿泉技术,49.58,1792519,51670226,100343920,497505.15536
2021-07-12,SZ300564,筑博设计,22.05,858997,33750000,102930000,226960.65
2021-07-12,SZ002967,广电计量,40.1,6653919,189480945,575225846,2306655.64246
2021-07-12,SH688166,博瑞医药,39.21,1206639,180478161,410000000,1607610
2021-07-12,SH603489,八方股份,227.05,355201,71400000,120314955,2731751.053275
2021-07-12,SZ300802,矩子科技,39.98,6462559,83772465,162452482,649485.023036
2021-07-12,SZ300796,贝斯美,19.42,1027000,61852778,121150000,235273.3
2021-07-12,SH688300,联瑞新材,66.5,942083,52621930,85973400,571723.11
2021-07-12,SH688101,三达膜,20.8,12322397,179550680,333880000,694470.4
2021-07-12,SZ300803,指南针,36.95,10625518,220106474,404999999,1496474.996305
2021-07-12,SH688111,金山办公,397,2487317,215819451,461000000,18301700
2021-07-12,SH688138,清溢光电,21.5,4314167,78210000,266800000,573620
2021-07-12,SZ300805,电声股份,13.63,1189300,128030000,423230000,576862.49
2021-07-12,SH688196,卓越新能,56.81,469618,29085200,120000000,681720
2021-07-12,SZ300798,锦鸡股份,9.45,7381200,209951808,417748945,394772.753025
2021-07-12,SZ300806,斯迪克,50.5,1683574,104206905,190007006,959535.3803
2021-07-12,SH603390,通达电气,9.37,1803800,128526384,351686984,329530.704008
2021-07-12,SH601916,浙商银行,3.95,15817424,7010646184,21268696778,8401135.22731
2021-07-12,SZ300801,泰和科技,17.85,1042592,83482760,216000000,385560
2021-07-12,SZ300808,久量股份,15.18,2437700,49600000,160000000,242880
2021-07-12,SZ002969,嘉美包装,5.06,10341010,444176962,960333535,485928.76871
2021-07-12,SH688358,祥生医疗,53.78,407042,19200000,80000000,430240
2021-07-12,SZ002968,新大正,46.19,1133558,69683910,162775500,751860.0345
2021-07-12,SH688310,迈得医疗,29.66,1062522,36941800,83600000,247957.6
2021-07-12,SH688118,普元信息,24.85,1207480,66504659,95400000,237069
2021-07-12,SZ300809,华辰装备,20.27,1245532,45495000,156920000,318076.84
2021-07-12,SH688357,建龙微纳,145.3,534027,26267000,57820000,840124.6
2021-07-12,SH688399,硕世生物,152,658304,34427400,58620000,891024
2021-07-12,SZ300810,中科海讯,25.96,1441750,78109143,118050000,306457.8
2021-07-12,SH688258,卓易信息,48.71,1263942,42366935,86956591,423565.554761
2021-07-12,SH688198,佰仁医疗,219.89,289331,22800000,96000000,2110944
2021-07-12,SH601658,邮储银行,4.74,155871081,11274461418,92383967605,43790000.64477
2021-07-12,SH688218,江苏北人,16.96,1406430,82422671,117340000,199008.64
2021-07-12,SH688039,当虹科技,56.51,2024550,48316260,80000000,452080
2021-07-12,SZ001914,招商积余,15.82,7057702,666863166,1060346060,1677467.46692
2021-07-12,SH688037,芯源微,186.13,2221865,44335650,84000000,1563492
2021-07-12,SZ002970,锐明技术,40.3,657773,86658000,173100000,697593
2021-07-12,SH603053,成都燃气,9.92,1455422,560890000,888890000,881778.88
2021-07-12,SZ300807,天迈科技,28.66,3878526,29568957,67851000,194460.966
2021-07-12,SH688089,嘉必优,49.27,1796989,65400000,120000000,591240
2021-07-12,SH601512,中新集团,9.6,1580257,797410000,1498890000,1438934.4
2021-07-12,SH688123,聚辰股份,50.4,2430103,82607063,120841867,609043.00968
2021-07-12,SH603995,甬金股份,42.1,2750432,111824211,233127400,981466.354
2021-07-12,SH688268,华特气体,76.1,2258251,33654800,120000000,913200
2021-07-12,SZ002972,科安达,16.94,276000,58532849,176320000,298686.08
2021-07-12,SZ300811,铂科新材,61.1,3341738,50477976,103680000,633484.8
2021-07-12,SH688078,龙软科技,42.98,2237316,27586957,70750000,304083.5
2021-07-12,SH603109,神驰机电,23.63,1718800,46670000,146670000,346581.21
2021-07-12,SH688181,八亿时空,57.17,3610132,75247033,96473014,551536.221038
2021-07-12,SH688081,兴图新科,30.56,1126773,30851530,73600000,224921.6
2021-07-12,SZ002973,侨银股份,16.05,830704,106472601,408661579,655901.834295
2021-07-12,SZ300812,易天股份,25.25,4674352,60546029,139521029,352290.598225
2021-07-12,SZ002971,和远气体,18.21,2177592,105522044,160000000,291360
2021-07-12,SZ300813,泰林生物,43.48,236400,16316750,51970000,225965.56
2021-07-12,SH688178,万德斯,26.77,544110,34317470,84997844,227539.228388
2021-07-12,SH603551,奥普科技,11.4,1177300,133736339,405505000,462275.7
2021-07-12,SH601816,京沪高铁,5.27,42989806,27328695141,49106484611,25879117.389997
2021-07-12,SH688278,特宝生物,38.73,2002828,220325444,406800000,1575536.4
2021-07-12,SH688158,优刻得,39.3,1294568,313173600,422532164,1660551.40452
2021-07-12,SH688100,威胜信息,26.35,1271196,164452867,500000000,1317500
2021-07-12,SH688026,洁特生物,87.58,900121,47744987,100000000,875800
2021-07-12,SZ300815,玉禾田,34.68,1854121,116569816,276800000,959942.4
2021-07-12,SH688159,有方科技,26.6,1105809,61049891,91679495,243867.4567
2021-07-12,SH688266,泽璟制药,66.4,1590744,133033200,240000000,1593600
2021-07-12,SH603290,斯达半导,349,2866340,78957232,160000000,5584000
2021-07-12,SH688298,东方生物,202.5,2162569,60227520,120000000,2430000
2021-07-12,SZ002975,博杰股份,85.1,1159175,38933400,139688000,1188744.88
2021-07-12,SH603195,公牛集团,227,2214494,75581304,600544900,13632369.23
2021-07-12,SH603893,瑞芯微,144.41,7224917,188000000,416807000,6019109.887
2021-07-12,SZ300816,艾可蓝,82.5,485010,47391428,80000000,660000
2021-07-12,SH688398,赛特新材,39.58,300251,33875850,80000000,316640
2021-07-12,SH688186,广大特材,41.68,7266388,92010005,164800000,686886.4
2021-07-12,SZ300818,耐普矿机,27.52,601100,32643000,70000000,192640
2021-07-12,SH688080,映翰通,50.46,1565923,37119426,52428786,264555.654156
2021-07-12,SH688208,道通科技,86.9,3246513,249811250,450000000,3910500
2021-07-12,SZ300820,英杰电气,74.22,4433373,29799982,95327000,707516.994
2021-07-12,SH688090,瑞松科技,33.75,368862,45428893,67360588,227341.9845
2021-07-12,SH688200,华峰测控,470.34,652052,35849289,61328754,2884536.615636
2021-07-12,SZ300817,双飞集团,24.23,6547828,41932800,121276800,293853.6864
2021-07-12,SH688177,百奥泰,24.41,907408,95911922,414080000,1010769.28
2021-07-12,SH688169,石头科技,1073,858949,40760227,66666667,7153333.3691
2021-07-12,SH688233,神工股份,53.06,2808103,81512284,160000000,848960
2021-07-12,SH603719,良品铺子,40.48,2787515,223696635,401000000,1623248
2021-07-12,SH688086,退市紫晶,25.56,4187654,108131781,190381503,486615.121668
2021-07-12,SH601696,中银证券,17.41,50501818,1451684209,2778000000,4836498
2021-07-12,SH688396,华润微,86.83,17631760,329130549,1320091861,11462357.629063
2021-07-12,SH603948,建业股份,19.66,1288888,75052847,160000000,314560
2021-07-12,SZ002976,瑞玛精密,20.52,1185740,35265000,120000000,246240
2021-07-12,SH603949,雪龙集团,14.25,1473610,52458000,209806100,298973.6925
2021-07-12,SZ300821,东岳硅材,13.05,34392772,417000000,1200000000,1566000
2021-07-12,SZ300819,聚杰微纤,30.52,2409970,29470000,99470000,303582.44
2021-07-12,SZ300822,贝仕达克,27.52,3455769,41505000,160005000,440333.76
2021-07-12,SZ002977,天箭科技,83.01,646500,45750000,71500000,593521.5
2021-07-12,SZ300823,建科智能,23.38,592004,38174531,93559091,218741.154758
2021-07-12,SH688051,佳华科技,70.2,1681097,21693143,77334000,542884.68
2021-07-12,SH603221,爱丽家居,10.44,703900,60720000,240000000,250560
2021-07-12,SH688189,南新制药,42.25,958336,98600000,140000000,591500
2021-07-12,SZ300825,阿尔特,28.14,7960620,244650973,305658743,860123.702802
2021-07-12,SH688228,开普云,38.87,791888,26813249,67133440,260947.68128
2021-07-12,SZ300826,测绘股份,19.99,596100,50852336,112000000,223888
2021-07-12,SH603353,和顺石油,29.48,1432336,61802000,173394000,511165.512
2021-07-12,SZ002979,雷赛智能,33.4,7108632,163236166,301600000,1007344
2021-07-12,SH688096,京源环保,15.97,1830037,64485125,107293500,171347.7195
2021-07-12,SH688085,三友医疗,42,3387939,82544160,205333500,862400.7
2021-07-12,SZ300827,上能电气,52.55,5925903,53925480,132000480,693662.5224
2021-07-12,SZ002980,华盛昌,35.16,345700,33333400,133333400,468800.2344
2021-07-12,SH603095,越剑智能,23.61,779911,37399900,132000000,311652
2021-07-12,SH688222,成都先导,28.41,4465127,278202572,400680000,1138331.88
2021-07-12,SZ002981,朝阳科技,25.1,382600,24000000,96000000,240960
2021-07-12,SZ002978,安宁股份,62.58,4025325,95000000,401000000,2509458
2021-07-12,SH688126,沪硅产业,29.45,23527449,1105337654,2480260000,7304365.7
2021-07-12,SZ300828,锐新科技,21.22,1283400,55574625,110280000,234014.16
2021-07-12,SH603682,锦和商管,6.49,1672144,179550000,472500000,306652.5
2021-07-12,SZ300829,金丹科技,63.83,2233360,99325747,180654547,1153117.973501
2021-07-12,SH601609,金田股份,9.11,25281417,597449500,1480471500,1348709.5365
2021-07-12,SZ002982,湘佳股份,41.4,602956,46137500,101880000,421783.2
2021-07-12,SH688318,财富趋势,178.13,1019180,19128555,66670000,1187592.71
2021-07-12,SZ002983,芯瑞达,23.39,2931902,51589572,184184000,430806.376
2021-07-12,SH603439,三力制药,14.19,3573000,162283576,407322216,577990.224504
2021-07-12,SZ002985,北摩高科,96.2,4568427,165736125,255272000,2455716.64
2021-07-12,SH603392,万泰生物,263.99,1786215,150814275,607040000,16025248.96
2021-07-12,SH688365,光云科技,19.16,4020699,173402520,401000000,768316
2021-07-12,SH603212,赛伍技术,31.49,5950059,255241976,400010000,1259631.49
2021-07-12,SZ300830,金现代,10.11,8401405,191268750,430125000,434856.375
2021-07-12,SZ300831,派瑞股份,16.3,13472797,184484240,320000000,521600
2021-07-12,SZ002987,京北方,30.53,2020280,92980716,224927335,686703.153755
2021-07-12,SH688466,金科环境,23.67,1342022,27561600,102760000,243232.92
2021-07-12,SH688588,凌志软件,19.6,9532073,241774625,400010003,784019.60588
2021-07-12,SZ300832,新产业,57.4,2724867,271043460,786659285,4515424.2959
2021-07-12,SH688598,金博股份,286.95,1283160,63151868,80000000,2295600
2021-07-12,SZ002988,豪美新材,14.55,6698014,84219359,232770000,338680.35
2021-07-12,SH688566,吉贝尔,24.66,543112,65605984,186941600,460997.9856
2021-07-12,SH601778,晶科科技,5.69,37789104,1741192922,2765501922,1573570.593618
2021-07-12,SZ300833,浩洋股份,47.14,654735,21082000,84327000,397517.478
2021-07-12,SH688516,奥特维,139.81,1150126,48565229,98670000,1379505.27
2021-07-12,SH605001,威奥股份,8.89,1127902,239338667,392886000,349275.654
2021-07-12,SZ002990,盛视科技,30.78,1158978,63120000,256979000,790981.362
2021-07-12,SZ300835,龙磁科技,48.38,4179300,40301000,70670000,341901.46
2021-07-12,SH603950,长源东谷,19.68,1215600,88060895,231522000,455635.296
2021-07-12,SZ300836,佰奥智能,37.27,400100,31773220,49255720,183576.06844
2021-07-12,SH605168,三人行,145.62,492430,30326388,69677800,1014648.1236
2021-07-12,SH605288,凯迪股份,102.24,168200,12500000,50492400,516234.2976
2021-07-12,SH688360,德马科技,25.85,631203,41235565,85676599,221474.008415
2021-07-12,SZ002986,宇新股份,27.1,2047176,106613500,158676000,430011.96
2021-07-12,SH600918,中泰证券,10.16,52371240,2609069526,6968625756,7080123.768096
2021-07-12,SH601827,三峰环境,9.26,5726416,799741000,1678268000,1554076.168
2021-07-12,SZ300837,浙矿股份,45.82,804200,33250000,100000000,458200
2021-07-12,SH601399,国机重装,3.36,10721484,2377412281,7268263664,2442136.591104
2021-07-12,SZ300838,浙江力诺,16.35,3629222,51444000,136340000,222915.9
2021-07-12,SH688312,燕麦科技,27.63,1548343,66333283,143478696,396431.637048
2021-07-12,SH688157,松井股份,115.94,717678,34155300,79600000,922882.4
2021-07-12,SH688599,天合光能,32.13,24989495,1216883953,2068026375,6644568.742875
2021-07-12,SZ002989,中天精装,29.45,1143300,83810000,151400000,445873
2021-07-12,SH688004,博汇科技,35.98,568823,39388620,56800000,204366.4
2021-07-12,SZ300841,康华生物,236.55,768650,63126563,90000000,2128950
2021-07-12,SH688106,金宏气体,29.11,17202417,258915732,484333400,1409894.5274
2021-07-12,SH605166,聚合顺,9.1,1289100,187605112,315547000,287147.77
2021-07-12,SZ300842,帝科股份,72.5,0,69511174,100000000,725000
2021-07-12,SH688505,复旦张江,16.9,2038352,263842098,1043000000,1762670
2021-07-12,SZ300824,北鼎股份,23.34,1823941,96147250,217400000,507411.6
2021-07-12,SH688520,神州细胞,49.71,1324262,71059240,435335714,2164053.834294
2021-07-12,SH688518,联赢激光,24.16,21559743,246037485,299200000,722867.2
2021-07-12,SH688555,退市泽达,33.75,1658584,40994700,83110000,280496.25
2021-07-12,SH603087,甘李药业,96.21,2143784,288286046,561540000,5402576.34
2021-07-12,SH600956,新天绿能,12.33,19836156,134750000,3849910396,4746939.518268
2021-07-12,SH688558,国盛智科,41.12,2015178,31705900,132000000,542784
2021-07-12,SZ300839,博汇股份,19.86,1193300,46304700,104000000,206544
2021-07-12,SH688528,秦川物联,13.96,856629,49827000,168000000,234528
2021-07-12,SZ300846,首都在线,13.84,4814948,265458267,411316277,569261.727368
2021-07-12,SZ300843,胜蓝股份,27.06,2922086,37230000,148900000,402923.4
2021-07-12,SZ300845,捷安高科,21.54,2079900,63243024,92356000,198934.824
2021-07-12,SH688600,皖仪科技,16.35,683308,66727110,133340000,218010.9
2021-07-12,SH688277,天智航,26.17,6172788,297088088,419846848,1098739.201216
2021-07-12,SH688568,中科星图,63.9,1099131,62857319,220000000,1405800
2021-07-12,SH688377,迪威尔,16.58,988028,107483650,194667000,322757.886
2021-07-12,SZ300840,酷特智能,13.63,1964389,154313413,240000000,327120
2021-07-12,SZ300847,中船汉光,16.49,11160500,151026388,296010000,488120.49
2021-07-12,SH688027,国盾量子,212,1337545,42752250,80000000,1696000
2021-07-12,SZ300849,锦盛新材,13.64,1867850,87221146,150000000,204600
2021-07-12,SH605199,ST葫芦娃,26.45,2786020,82740752,400108752,1058287.64904
2021-07-12,SH688060,云涌科技,69.18,828474,25500000,60000000,415080
2021-07-12,SZ300850,新强联,117.03,3096086,45050000,180200000,2108880.6
2021-07-12,SZ300852,四会富仕,42.91,1016640,25488000,101930760,437384.89116
2021-07-12,SH688309,恒誉环保,28.07,426141,19002565,80010733,224590.127531
2021-07-12,SH688180,君实生物,74.46,2086283,72588186,910756700,6781494.3882
2021-07-12,SH688165,埃夫特,11.22,2826796,124147626,521780000,585437.16
2021-07-12,SH688500,慧辰股份,36.38,509015,17640197,74274510,270210.66738
2021-07-12,SH605108,同庆楼,18.5,1341079,65000000,260000000,481000
2021-07-12,SH688981,中芯国际,56.61,32769081,1095653000,7901110626,44728187.253786
2021-07-12,SH688579,地纬智能,13.41,1483579,38009500,400010000,536413.41
2021-07-12,SH688567,孚能科技,39.57,14672149,154311144,1070669685,4236639.943545
2021-07-12,SZ300851,交大思诺,32.69,352600,21733400,86933400,284185.2846
2021-07-12,SZ300848,美瑞新材,30.9,1911000,33340000,133340000,412020.6
2021-07-12,SH688488,艾迪药业,22.85,2014479,54140815,420000000,959700
2021-07-12,SH688256,寒武纪,131.81,1573532,32995464,400100000,5273718.1
2021-07-12,SH688580,伟思医疗,152.68,1021518,16403201,68346667,1043516.911756
2021-07-12,SH688336,三生国健,19.4,1225908,59491973,616211413,1195450.14122
2021-07-12,SH688561,奇安信,122.76,9543526,73164782,679616000,8342966.016
2021-07-12,SZ300856,科思股份,48.19,491500,28220000,112880000,543968.72
2021-07-12,SH688077,大地熊,53.22,4279938,19000000,80000000,425760
2021-07-12,SH688589,力合微,38.46,2136817,25650000,100000000,384600
2021-07-12,SH688069,德林海,60.92,407305,14274762,59470000,362291.24
2021-07-12,SH688418,震有科技,19.55,1512532,41148500,193610000,378507.55
2021-07-12,SH688508,芯朋微,103.99,2408568,26790000,112800000,1173007.2
2021-07-12,SZ300855,图南股份,39.88,1393048,50000000,200000000,797600
2021-07-12,SZ300853,申昊科技,42.29,4048635,36732600,146930400,621368.6616
2021-07-12,SZ300857,协创数据,28.98,3878972,51639446,206557782,598604.452236
2021-07-12,SZ300858,科拓生物,36.03,1916566,37134000,148531845.6,535160.2396968
2021-07-12,SH605188,国光连锁,8.73,1142100,49580000,495580000,432641.34
2021-07-12,SH688050,爱博医疗,300.1,1097074,22468750,105139272,3155229.55272
2021-07-12,SH603408,建霖家居,14.8,306298,45000000,446680000,661086.4
2021-07-12,SH605118,力鼎光电,14.32,1262099,41000000,405500000,580676
2021-07-12,SH605222,起帆电缆,20.44,1775131,50000000,400580000,818785.52
2021-07-12,SZ002991,甘源食品,60.08,745980,23304000,93215831,560040.712648
2021-07-12,SH601456,国联民生,14.21,23815084,475719000,2378119000,3379307.099
2021-07-12,SH688586,江航装备,28.29,5220831,92861229,403744467,1142193.097143
2021-07-12,SH688311,盟升电子,75.6,2318807,27523200,114670000,866905.2
2021-07-12,SH605318,法狮龙,14.54,700300,32292788,129171152,187814.855008
2021-07-12,SZ002992,宝明科技,15.89,618668,44850000,179349235,284985.934415
2021-07-12,SH605399,晨光新材,21.47,5540972,46000000,184000000,395048
2021-07-12,SZ002995,天地在线,29.77,354078,22638000,90538000,269531.626
2021-07-12,SH605158,华达新材,8.26,1304060,127920000,511420000,422432.92
2021-07-12,SZ300859,西域旅游,24.5,3629573,38750000,155000000,379750
2021-07-12,SH688338,赛科希德,54.36,444893,19595520,81648000,443838.528
2021-07-12,SH605066,天正电气,13.21,924880,71000000,404115500,533836.5755
2021-07-12,SH688556,高测股份,24.7,3062159,38439755,161851400,399772.958
2021-07-12,SH688339,亿华通,297.53,737750,16146418,70500000,2097586.5
2021-07-12,SH688286,敏芯股份,148.59,889565,12661737,53200000,790498.8
2021-07-12,SH688155,先惠技术,136.31,1939803,17964500,75630036,1030913.020716
2021-07-12,SH605100,华丰股份,40.09,320430,21700000,86700000,347580.3
2021-07-12,SH688313,仕佳光子,17.72,2304520,43700000,458802328,812997.725216
2021-07-12,SH605366,宏柏新材,11.96,4291400,83000000,332000000,397072
2021-07-12,SH688065,凯赛生物,116.99,1452930,40199570,416681976,4874762.437224
2021-07-12,SH688185,康希诺,698,771724,24022921,247449899,17272002.9502
2021-07-12,SZ002993,奥海科技,43.55,3921913,58760000,235040000,1023599.2
2021-07-12,SH605088,冠盛股份,15.88,440141,40000000,165935000,263504.78
2021-07-12,SH600610,中毅达,13.73,19034653,448675225,1071274605,1470860.032665
2021-07-12,SH688055,龙腾光电,7.89,14780052,283333390,3333333400,2630000.0526
2021-07-12,SH688335,复洁科技,34.18,274684,17334574,72521508,247878.514344
2021-07-12,SH688229,博睿数据,76.08,271464,10545000,44400000,337795.2
2021-07-12,SH688521,芯原股份,72.35,1571337,45214647,490196451,3546571.322985
2021-07-12,SH605388,均瑶健康,20.99,3752400,70000000,430000000,902570
2021-07-12,SH605333,沪光股份,13.86,2511500,40100000,401000000,555786
2021-07-12,SH688519,南亚新材,42.06,2311417,50899510,234400000,985886.4
2021-07-12,SH603931,格林达,35.78,4993663,35635460,142541700,510014.2026
2021-07-12,SH688379,华光新材,25.07,1224166,20900000,88000000,220616
2021-07-12,SH688596,正帆科技,21.38,9573591,56968396,256500000,548397
2021-07-12,SH688393,安必平,36.89,965809,22173000,93340000,344331.26
2021-07-12,SH605178,时空科技,37.1,667560,24817800,99251600,368223.436
2021-07-12,SH605008,长鸿高科,20.61,3966612,64400000,642380414,1323946.033254
2021-07-12,SZ300873,海晨股份,42.42,980802,33333334,133333334,565600.002828
2021-07-12,SZ300872,天阳科技,36.43,3663456,56200000,224682030,818516.63529
2021-07-12,SZ300871,回盛生物,35.02,2454556,41550000,165760527,580493.365554
2021-07-12,SZ300875,捷强装备,69.4,415889,19199000,76795963,532963.98322
2021-07-12,SZ300877,金春股份,36.67,917613,30000000,120000000,440040
2021-07-12,SZ300864,南大环境,52.68,1303532,22800000,91200000,480441.6
2021-07-12,SZ300862,蓝盾光电,37.84,1869160,32970000,131869930,498995.81512
2021-07-12,SZ300878,维康药业,47.23,1011276,20110000,80439068,379913.718164
2021-07-12,SZ300865,大宏立,29.01,1064393,23920000,95680000,277567.68
2021-07-12,SZ300866,安克创新,139.99,1541057,37937335,406427207,5689574.470793
2021-07-12,SZ300870,欧陆通,57.3,979578,25300000,101200000,579876
2021-07-12,SZ300869,康泰医学,67.19,1237694,41000000,401796800,2699672.6992
2021-07-12,SZ300860,锋尚文化,55.06,1501202,34238000,136940708,753995.538248
2021-07-12,SZ300868,杰美特,30.45,1517341,32000000,128000000,389760
2021-07-12,SZ300876,蒙泰高新,33.05,1600076,24000000,96000000,317280
2021-07-12,SZ300867,圣元环保,31.11,4419688,62616857,271741053,845386.415883
2021-07-12,SZ300863,卡倍亿,77.42,871912,13810000,55230000,427590.66
2021-07-12,SZ300861,美畅股份,82.51,1497835,40010000,400010000,3300482.51
2021-07-12,SH605255,天普股份,15.11,870200,33520000,134080000,202594.88
2021-07-12,SH605123,派克新材,74.78,1267915,27000000,108000000,807624
2021-07-12,SH688356,键凯科技,225,1159730,14250000,60000000,1350000
2021-07-12,SH688408,中信博,211.98,1695635,31647326,135715480,2876896.74504
2021-07-12,SZ002996,顺博合金,17.51,5905300,53000000,439000000,768689
2021-07-12,SH688017,绿的谐波,125.7,1053916,28900032,120416700,1513637.919
2021-07-12,SH688289,圣湘生物,93.36,468514,34864054,400000000,3734400
2021-07-12,SH688215,瑞晟智能,42.85,210135,9509500,40040000,171571.4
2021-07-12,SH688569,铁科轨道,18.66,780430,50560032,210666700,393104.0622
2021-07-12,SZ300881,盛德鑫泰,30.26,2610985,25000000,100000000,302600
2021-07-12,SZ300880,迦南智能,23.59,1350915,40008000,160032000,377515.488
2021-07-12,SZ300879,大叶股份,23.59,738481,40000000,160000000,377440
2021-07-12,SH603155,新亚强,52.47,2881386,38890000,155560000,816223.32
2021-07-12,SH688550,瑞联新材,95.51,611025,17022389,70181579,670304.261029
2021-07-12,SH688513,苑东生物,45.38,357516,25877400,120090000,544968.42
2021-07-12,SH688056,莱伯泰科,64.1,652863,16150000,67000000,429470
2021-07-12,SH605006,山东玻纤,13.72,12557741,100000000,500000000,686000
2021-07-12,SZ002999,天禾股份,7.63,3381964,86912000,347592000,265212.696
2021-07-12,SZ002997,瑞鹄模具,17.37,2754898,45900000,183600000,318913.2
2021-07-12,SH688378,奥来德,71.91,852891,15724412,73136700,525926.0097
2021-07-12,SH688390,固德威,355.01,1188159,20945426,88000000,3124088
2021-07-12,SH601702,华峰铝业,7.21,13693659,249630000,998530600,719940.5626
2021-07-12,SH605003,众望布艺,25.3,1751525,27500000,110000000,278300
2021-07-12,SH688095,福昕软件,239,370674,11421299,48140000,1150546
2021-07-12,SH688559,海目星,45.86,9115741,47500000,200000000,917200
2021-07-12,SH688551,科威尔,50,3133304,19000000,80000000,400000
2021-07-12,SZ300882,万胜智能,16.28,1503948,51106120,204429420,332811.09576
2021-07-12,SZ300885,海昌新材,23.09,2761361,38000000,152000000,350968
2021-07-12,SZ300883,龙利得,11.9,1810522,86500000,346000000,411740
2021-07-12,SZ002984,森麒麟,36.25,1844800,69000000,649668900,2355049.7625
2021-07-12,SH605358,立昂微,120.99,8674760,40580000,400580000,4846617.42
2021-07-12,SH605009,豪悦护理,69,771884,39738300,158938300,1096674.27
2021-07-12,SZ003000,劲仔食品,13.23,1150420,40010000,403200000,533433.6
2021-07-12,SH605128,上海沿浦,37.69,536707,20000000,80000000,301520
2021-07-12,SH605369,拱东医疗,123.37,1976140,28000000,112000000,1381744
2021-07-12,SZ300889,爱克股份,22.74,1092679,39000000,156000000,354744
2021-07-12,SH688577,浙海德曼,50.1,254523,12825000,53971720,270398.3172
2021-07-12,SZ300886,华业香料,31.66,667722,18655000,74555000,236041.13
2021-07-12,SZ300887,谱尼测试,75.88,4254801,30787813.8,136800000,1038038.4
2021-07-12,SH603112,华翔股份,10.83,1205800,53200000,436090490,472286.00067
2021-07-12,SZ300890,翔丰华,63.66,5862554,25000000,100000000,636600
2021-07-12,SZ300891,惠云钛业,18.18,16691980,100000000,400000000,727200
2021-07-12,SZ300888,稳健医疗,115.9,1431879,47284096,426492308,4943045.84972
2021-07-12,SH688301,奕瑞科技,301.5,700904,16335925,72547826,2187316.9539
2021-07-12,SH605198,安德利,22.12,601083,20000000,367300000,812467.6
2021-07-12,SZ003006,百亚股份,22.32,1556638,42777800,427777800,954800.0496
2021-07-12,SZ003003,天元股份,14.42,1336527,44200000,176720000,254830.24
2021-07-12,SH605116,奥锐特,14.12,1073794,41000000,401000000,566212
2021-07-12,SH688536,思瑞浦,631.83,945135,18963565,80000000,5054640
2021-07-12,SH688127,蓝特光学,26.25,2544564,38855000,402845000,1057468.125
2021-07-12,SZ003002,壶化股份,12.34,1049300,50000000,200000000,246800
2021-07-12,SH688526,科前生物,33.76,1593737,84000000,465000000,1569840
2021-07-12,SZ003005,竞业达,37.61,824778,26500000,106000000,398666
2021-07-12,SH688156,路德科技,18.75,693304,21812003,91840000,172200
2021-07-12,SZ003008,开普检测,32.98,504000,20000000,80000000,263840
2021-07-12,SZ003007,直真科技,20.58,929262,26000000,104000000,214032
2021-07-12,SH605050,福然德,10.7,1099259,75000000,435000000,465450
2021-07-12,SZ300893,松原安全,22.48,2229065,37500000,150000000,337200
2021-07-12,SZ300895,铜牛信息,35.24,4944441,29100000,116364180,410067.37032
2021-07-12,SZ300892,品渥食品,45.28,781864,25000000,100000000,452800
2021-07-12,SZ002998,优彩资源,10.43,3787513,81599600,326398400,340433.5312
2021-07-12,SZ003009,中天火箭,53.43,1590582,38848100,155392313,830261.128359
2021-07-12,SH603565,中谷物流,28.61,2362827,86666667,866666667,2479533.334287
2021-07-12,SZ003010,若羽臣,26.24,742093,30430000,121699840,319340.38016
2021-07-12,SH605218,伟时电子,14.04,1149700,53208365,212833460,298818.17784
2021-07-12,SZ300897,山科智能,35.13,494301,17000000,68000000,238884
2021-07-12,SH688595,芯海科技,86.71,1775684,21250000,100000000,867100
2021-07-12,SH688585,上纬新材,10.62,1763622,41401800,403200000,428198.4
2021-07-12,SZ300896,爱美客,769,2826344,49378687,216360000,16638084
2021-07-12,SH605111,新洁能,173.87,4814990,35420000,141680000,2463390.16
2021-07-12,SH688013,天臣医疗,30.67,371234,17000000,80000000,245360
2021-07-12,SH605136,丽人丽妆,30,1828064,40010000,401630000,1204890
2021-07-12,SH605018,长华集团,13.64,2219300,41680000,416680000,568351.52
2021-07-12,SZ003011,海象新材,32.44,565060,25676000,102676000,333080.944
2021-07-12,SH688093,世华科技,38.8,1555396,40850000,172000000,667360
2021-07-12,SH605099,共创草坪,39.1,1671845,40090000,402252000,1572805.32
2021-07-12,SH605338,巴比食品,32.1,4038316,62000000,248000000,796080
2021-07-12,SZ003001,中岩大地,24.28,1156524,31492342,127537903,309662.028484
2021-07-12,SZ300999,金龙鱼,82.58,17596462,393004808,5421591536,44771502.904288
2021-07-12,SH688330,宏力达,77.22,536157,24250000,100000000,772200
2021-07-12,SZ300899,*ST凯鑫,42.37,4197921,15950000,63783466,270250.545442
2021-07-12,SH688386,泛亚微透,69.85,1480672,15009500,70000000,488950
2021-07-12,SZ300898,熊猫乳品,36.48,1249168,31000000,124000000,452352
2021-07-12,SH605336,帅丰电器,25.89,902720,35200000,142025000,367702.725
2021-07-12,SZ003012,东鹏控股,14.89,5164200,142999000,1173000000,1746597
2021-07-12,SH601568,北元集团,8.71,7277700,361111112,3611111112,3145277.778552
2021-07-12,SH605058,澳弘电子,23.83,1582688,35731000,142923950,340587.77285
2021-07-12,SZ003015,日久光电,12.72,2529700,70266667,281066667,357516.800424
2021-07-12,SZ003013,地铁设计,20.32,2683976,40010000,400010000,812820.32
2021-07-12,SH688788,科思科技,137.69,1080951,17405916,75534232,1040030.840408
2021-07-12,SH688129,东来技术,19.84,1829555,28500000,120000000,238080
2021-07-12,SH688179,阿拉丁,124.69,1703908,23971730,100933400,1258538.5646
2021-07-12,SZ003017,大洋生物,40.19,417700,15000000,60000000,241140
2021-07-12,SZ003016,欣贺股份,17.96,9473323,106666700,431668700,775276.9852
2021-07-12,SH601187,厦门银行,8.97,12505258,263912789,2639127888,2367297.715536
2021-07-12,SH688221,前沿生物,19.61,2750286,87033171,359760000,705489.36
2021-07-12,SZ300900,广联航空,34.03,3166464,46964030,210240000,715446.72
2021-07-12,SH689009,九号公司,75.3,1371214,60551890,704091670,5301810.2751
2021-07-12,SZ300902,国安达,23.45,961640,31995000,127980000,300113.1
2021-07-12,SZ300901,中胤时尚,16.07,2185692,60000000,240000000,385680
2021-07-12,SH605169,洪通燃气,14.51,1573754,52000000,208000000,301808
2021-07-12,SH688133,泰坦科技,306.11,986178,16256602,76248960,2334056.91456
2021-07-12,SH601995,中金公司,58.14,31025009,321012300,4827256868,28065671.430552
2021-07-12,SZ300903,科翔股份,31.97,3806642,43100000,172337694,550963.607718
2021-07-12,SZ300906,日月明,35.17,637625,20000000,80000000,281360
2021-07-12,SZ300905,宝丽迪,28.25,990939,36000000,144000000,406800
2021-07-12,SZ003018,金富科技,11.34,1265038,65000000,260000000,294840
2021-07-12,SH688529,豪森智能,27.25,2658654,30400000,128000000,348800
2021-07-12,SH605007,五洲特纸,19.03,758200,40010000,400010000,761219.03
2021-07-12,SH688057,金达莱,31.08,747817,66869119,276000000,857808
2021-07-12,SH688135,利扬芯片,51.4,3343942,29695900,136400000,701096
2021-07-12,SH688160,步科股份,46.3,1171435,19950000,84000000,388920
2021-07-12,SZ300884,狄耐克,24.99,2084428,45000000,180000000,449820
2021-07-12,SZ003019,宸展光电,26.28,912034,32000000,128000000,336384
2021-07-12,SZ300909,汇创达,42.43,906805,25226666,100906663,428146.971109
2021-07-12,SZ300907,康平科技,29.36,799382,24000000,96000000,281856
2021-07-12,SH688219,会通股份,21.07,8865589,43631946,459283632,967710.612624
2021-07-12,SZ300908,仲景食品,57.21,1023435,25000000,100000000,572100
2021-07-12,SH605068,明新旭腾,34.1,921599,41500000,166000000,566060
2021-07-12,SH688777,中控技术,104.8,2647559,41050739,494084000,5178000.32
2021-07-12,SH605177,东亚药业,32.42,818414,28400000,113600000,368291.2
2021-07-12,SZ003004,*ST声迅,27.19,419124,20460000,81840000,222522.96
2021-07-12,SZ300910,瑞丰新材,87.5,2277788,37500000,150000000,1312500
2021-07-12,SH605266,健之佳,84.64,337170,17225000,69525820,588466.54048
2021-07-12,SZ300916,朗特智能,63.12,920255,15975000,63870000,403147.44
2021-07-12,SH688557,兰剑智能,33.66,351507,17261500,72670000,244607.22
2021-07-12,SH688578,艾力斯,30.55,2711592,73414900,450000000,1374750
2021-07-12,SZ300915,海融科技,57,2067372,22500000,90000000,513000
2021-07-12,SH605258,协和电子,31.73,748733,22000000,88000000,279224
2021-07-12,SZ300911,亿田智能,67.93,1029406,26666700,106666700,724586.8931
2021-07-12,SZ003021,兆威机电,56.24,1128262,42672000,171434720,964148.86528
2021-07-12,SH601686,友发集团,11.08,2227941,142000000,1438556600,1593920.7128
2021-07-12,SH605183,确成股份,17.64,4238584,48720400,414018000,730327.752
2021-07-12,SZ300912,凯龙高科,34.76,994100,28000000,111968000,389200.768
2021-07-12,SZ300913,兆龙互连,25.65,2618873,30625000,122500000,314212.5
2021-07-12,SH688590,新致软件,23.79,9620376,38679760,182022280,433031.00412
2021-07-12,SH605376,博迁新材,86.14,2960800,65400000,261600000,2253422.4
2021-07-12,SZ003022,联泓新科,39.07,19325595,191568000,1335568000,5218064.176
2021-07-12,SH688308,欧科亿,70.65,1467830,25000000,100000000,706500
2021-07-12,SZ003025,思进智能,27.24,2439334,28140000,112546000,306575.304
2021-07-12,SZ003023,彩虹集团,29.33,421390,20300000,81032000,237666.856
2021-07-12,SH688571,杭华股份,9.19,4063293,80000000,320000000,294080
2021-07-12,SH688136,科兴制药,34.69,1433375,42720758,198700650,689292.55485
2021-07-12,SZ003020,立方制药,48.98,815074,23160000,92640000,453750.72
2021-07-12,SH605299,舒华体育,18.38,5487964,50000000,411499000,756335.162
2021-07-12,SH605151,西上海,18.42,1127519,33340000,133340000,245612.28
2021-07-12,SH688608,恒玄科技,331.98,1433724,24000000,120000000,3983760
2021-07-12,SH688510,航亚科技,24.65,1724446,52502200,258382608,636913.12872
2021-07-12,SZ000995,皇台酒业,26.2,11516800,177408000,177408000,464808.96
2021-07-12,SZ003027,同兴科技,27.68,1999208,32505000,130005000,359853.84
2021-07-12,SZ003026,中晶科技,94.72,2942775,24947000,99760000,944926.72
2021-07-12,SH688699,明微电子,352,2331044,17662400,74368000,2617753.6
2021-07-12,SH688668,鼎通科技,48.29,3513675,21290000,85140000,411141.06
2021-07-12,SZ300917,特发服务,26.46,832287,29380000,130000000,343980
2021-07-12,SH605500,森林包装,17.7,1463092,50000000,200000000,354000
2021-07-12,SH605186,健麾信息,45.4,4071599,34000000,136000000,617440
2021-07-12,SZ300921,南凌科技,26.32,3466233,32814000,131687370,346601.15784
2021-07-12,SZ300918,南山智尚,10.39,3841877,90000000,360000000,374040
2021-07-12,SH688678,福立旺,23.1,1772723,36847500,173350000,400438.5
2021-07-12,SZ300919,中伟新材,156.12,4325654,50285900,569650000,8893375.8
2021-07-12,SZ300923,研奥股份,30.68,472381,19650000,78600000,241144.8
2021-07-12,SH688658,悦康药业,21.85,1336188,90000000,450000000,983250
2021-07-12,SZ003029,吉大正元,25.19,6144146,45100000,180400000,454427.6
2021-07-12,SH688560,明冠新材,26.3,6261397,36919800,164087736,431550.74568
2021-07-12,SZ300922,天秦装备,34.23,1545906,28002000,112008000,383403.384
2021-07-12,SZ300920,润阳科技,36.25,1064488,25000000,100000000,362500
2021-07-12,SH688679,通源环境,13.35,845830,32922399,131689675,175805.716125
2021-07-12,SH601956,东贝集团,7.72,4736280,207000000,511320000,394739.04
2021-07-12,SH605179,一鸣食品,17.4,2227694,61000000,401000000,697740
2021-07-12,SZ003028,振邦智能,43.06,2024026,27400000,111002880,477978.40128
2021-07-12,SH605377,华旺科技,17.18,4911498,71353380,285413380,490340.18684
2021-07-12,SH688698,伟创电气,21,2632502,38250000,180000000,378000
2021-07-12,SH688618,三旺通信,42.42,493039,11385765,50527495,214337.63379
2021-07-12,SH688063,派能科技,228.39,3840659,37109412,154844533,3536494.289187
2021-07-12,SZ300925,法本信息,26.67,6181445,55029000,220099166,587004.475722
2021-07-12,SZ300894,火星人,72.77,2002800,40500000,405000000,2947185
2021-07-12,SH688686,奥普特,434.1,513594,17793572,82475670,3580268.8347
2021-07-12,SH605155,西大门,22.42,1190353,24000000,96000000,215232
2021-07-12,SZ003031,中瓷电子,55.72,2163032,37333333,149333333,832085.331476
2021-07-12,SZ003030,祖名股份,29.64,1953554,31200000,124780000,369847.92
2021-07-12,SH605277,新亚电子,21.07,1069096,33360000,136424400,287446.2108
2021-07-12,SZ300928,华安鑫创,47.87,1571015,20000000,80000000,382960
2021-07-12,SZ300926,博俊科技,22.15,3190078,35533400,142133400,314825.481
2021-07-12,SH688617,惠泰医疗,369.59,443814,14336200,66670000,2464056.53
2021-07-12,SZ300927,江天化学,32.75,2854392,20050000,80200000,262655
2021-07-12,SZ003033,征和工业,30.42,823887,20450000,81750000,248683.5
2021-07-12,SZ003032,*ST传智,32.38,14261513,40244750,402447500,1303125.005
2021-07-12,SH688656,浩欧博,78.67,993759,12835105,63058328,496079.866376
2021-07-12,SH688819,天能股份,45.74,7216313,101058309,972100000,4446385.4
2021-07-12,SH688317,之江生物,59.95,988441,40872677,194704350,1167252.57825
2021-07-12,SZ003035,南网能源,9.7,31665106,757575757,3787878787,3674242.42339
2021-07-12,SH605005,合兴股份,15.75,1803159,40100000,401000000,631575
2021-07-12,SH605228,神通科技,9.33,1790774,80000000,420000000,391860
2021-07-12,SZ300929,华骐环保,30.51,1431644,17931079,82583098,251961.031998
2021-07-12,SZ300935,盈建科,72.4,500478,14130000,56505000,409096.2
2021-07-12,SH605398,新炬网络,43.03,515600,14874552,59498208,256020.789024
2021-07-12,SZ300931,通用电梯,13.38,2685769,56944102,240146000,321315.348
2021-07-12,SZ300930,屹通新材,26.39,3475802,23711575,100000000,263900
2021-07-12,SZ300932,三友联众,32.73,1510864,29876414,125629513,411185.396049
2021-07-12,SZ300933,中辰股份,10.39,2839761,86105161,458500000,476381.5
2021-07-12,SH688680,海优新材,277,1119813,19332265,84020000,2327354
2021-07-12,SH688669,聚石化学,34.52,906465,19025201,93333334,322186.668968
2021-07-12,SZ300936,中英科技,46.21,1209283,18800000,75200000,347499.2
2021-07-12,SZ300937,药易购,55.81,2667407,22716390,95666682,533915.752242
2021-07-12,SH688689,银河微电,36.63,3179638,29203262,128400000,470329.2
2021-07-12,SZ300938,信测标准,48.1,893841,16275000,65100000,313131
2021-07-12,SZ003036,泰坦股份,14.31,2688121,54000000,216000000,309096
2021-07-12,SZ300939,秋田微,60.37,1635973,20000000,80000000,482960
2021-07-12,SH688350,富淼科技,26.04,3515902,24876283,122150000,318078.6
2021-07-12,SH605055,迎丰股份,9.1,4938665,80000000,440000000,400400
2021-07-12,SH605368,蓝天燃气,14.1,1401404,65500000,462702000,652409.82
2021-07-12,SH688628,优利德,38,2254679,25010620,110000000,418000
2021-07-12,SH688607,康众医疗,55,1653793,18378074,88129027,484709.6485
2021-07-12,SZ300940,南极光,44.93,1577265,28078527,118425692,532086.634156
2021-07-12,SZ003037,三和管桩,13.37,5810199,68000000,503836583,673629.511471
2021-07-12,SH601963,重庆银行,10.18,10578544,347450534,3474505339,3537046.435102
2021-07-12,SH600916,中国黄金,15.52,9228005,180000000,1680000000,2607360
2021-07-12,SH688687,凯因科技,28.99,1058035,38623697,169828422,492332.595378
2021-07-12,SH688059,华锐精密,170.52,282968,8952195,44008000,750424.416
2021-07-12,SH605337,李子园,57.33,3462495,54180000,216720000,1242455.76
2021-07-12,SZ300946,恒而达,58.64,563101,16670000,66670000,390952.88
2021-07-12,SH605077,华康股份,44.83,585190,40796000,163184000,731553.872
2021-07-12,SZ300941,创识科技,49.39,2193897,32365656,136500000,674173.5
2021-07-12,SZ300942,易瑞生物,28.28,2228505,38364876,400860000,1133632.08
2021-07-12,SH688665,四方光电,114.22,710716,14387354,70000000,799540
2021-07-12,SH605081,*ST太和,38.75,582100,19530000,78101429,302643.037375
2021-07-12,SZ300947,德必集团,32.84,360750,20211000,80843998,265491.689432
2021-07-12,SZ003038,鑫铂股份,28.88,3122016,26610000,106437540,307391.61552
2021-07-12,SZ300943,春晖智控,23.48,1710922,29014567,135880000,319046.24
2021-07-12,SZ300945,曼卡龙,20.65,5396088,48366804,204000000,421260
2021-07-12,SH688070,纵横股份,34.13,695779,17989657,87580000,298910.54
2021-07-12,SH688619,罗普特,28.46,3197693,42880099,187288015,533021.69069
2021-07-12,SH605133,嵘泰股份,20.93,1517005,40000000,160000000,334880
2021-07-12,SH605268,王力安防,13.35,1604307,67000000,436000000,582060
2021-07-12,SZ300948,冠中生态,28.5,4621624,33198151,140010000,399028.5
2021-07-12,SH688183,生益电子,15.19,7783401,110004789,831821175,1263536.364825
2021-07-12,SH688677,海泰新光,120.45,437806,17732992,86980000,1047674.1
2021-07-12,SZ300951,博硕科技,87.13,797991,20000000,80000000,697040
2021-07-12,SZ300949,奥雅股份,52.61,363600,15000000,60000000,315660
2021-07-12,SH605060,联德股份,15.81,1063363,60000000,240000000,379440
2021-07-12,SH605298,必得科技,19.65,479293,27000000,108000000,212220
2021-07-12,SH605303,园林股份,18.11,1417956,40309352,161237408,292000.945888
2021-07-12,SH688079,美迪凯,17.83,5894761,69736598,401333334,715577.334522
2021-07-12,SH688696,极米科技,745.72,472907,10332340,50000000,3728600
2021-07-12,SZ300950,德固特,40.64,1885652,23710435,100000000,406400
2021-07-12,SZ003039,顺控发展,37.94,4896483,62000000,617518730,2342866.06162
2021-07-12,SH605208,永茂泰,23.44,5648988,47000000,188000000,440672
2021-07-12,SH688328,深科达,48.83,2489928,16493306,81040000,395718.32
2021-07-12,SH688676,金盘科技,16.99,2233644,34380787,425700000,723264.3
2021-07-12,SH605122,四方新材,25.71,956364,43260000,172354000,443122.134
2021-07-12,SH688083,中望软件,565.01,527445,13494557,61943857,3499889.864357
2021-07-12,SZ300952,恒辉安防,27.16,1367606,34362417,144927653,393623.505548
2021-07-12,SH688667,菱电电控,104.07,767931,11844249,51600000,537001.2
2021-07-12,SH688316,青云科技,70.6,552978,10835126,47462175,335082.9555
2021-07-12,SH688456,有研粉材,31.3,3797017,27296102,103660000,324455.8
2021-07-12,SH688616,西力科技,14.88,2652359,34118656,150000000,223200
2021-07-12,SZ300953,震裕科技,119.06,2026043,19857846,93080000,1108210.48
2021-07-12,SH688092,爱科科技,35.87,586828,12027160,59158392,212201.152104
2021-07-12,SH605389,长龄液压,57.04,822883,24333400,97333400,555189.7136
2021-07-12,SH605286,同力天启,19.68,1608294,42000000,168000000,330624
2021-07-12,SZ300959,线上线下,61.14,1105312,20000000,80000000,489120
2021-07-12,SZ003040,楚天龙,28.39,8496090,78393115,461135972,1309165.024508
2021-07-12,SH688609,九联科技,16.9,19014239,80765500,500000000,845000
2021-07-12,SH688633,星球石墨,61.28,1563791,16543284,72733334,445709.870752
2021-07-12,SZ300955,嘉亨家化,47.38,1331900,23878829,100800000,477590.4
2021-07-12,SH688606,奥泰生物,144.23,412300,12497021,53904145,777459.483335
2021-07-12,SZ300957,贝泰妮,263.9,1991366,53738412,423600000,11178804
2021-07-12,SZ300956,英力股份,25.49,1474868,31299187,132000000,336468
2021-07-12,SH688195,腾景科技,22.39,2039317,29376504,129350000,289614.65
2021-07-12,SH603759,海天股份,19.84,3783689,78000000,312000000,619008
2021-07-12,SH688329,艾隆科技,66.78,2137510,15704226,77200000,515541.6
2021-07-12,SZ300960,通业科技,24.15,1096946,24278373,102385812,247261.73598
2021-07-12,SZ300958,建工修复,32.99,10849279,30434354,142656479,470623.724221
2021-07-12,SH688661,和林微纳,99.03,2093552,16282298,80000000,792240
2021-07-12,SH688109,品茗科技,78.9,913467,12375507,54374000,429010.86
2021-07-12,SZ300961,深水海纳,24.39,3277550,42034150,177280000,432385.92
2021-07-12,SH688626,翔宇医疗,81.5,3350777,36728986,160000000,1304000
2021-07-12,SH688659,元琛科技,13.73,2562538,36396148,160000000,219680
2021-07-12,SH688662,富信科技,39.72,2313173,20055026,88240000,350489.28
2021-07-12,SH688630,芯碁微装,80.44,2464521,24555071,120800000,971715.2
2021-07-12,SZ300965,恒宇信通,80.56,590975,15000000,60000000,483360
2021-07-12,SZ003041,真爱美家,26.18,1137013,25000000,100000000,261800
2021-07-12,SZ003042,中农联合,27.7,1194296,27400000,109600000,303592
2021-07-12,SH688260,昀冢科技,20.55,1942310,27296137,120000000,246600
2021-07-12,SZ003043,华亚智能,54.16,4912722,20000000,80000000,433280
2021-07-12,SH603324,盛剑科技,52.64,13956442,30987004,123920000,652314.88
2021-07-12,SH688191,智洋创新,21.59,3557977,34790224,153046047,330426.415473
2021-07-12,SH688636,智明达,123.08,863724,10175476,50000000,615400
2021-07-12,SZ300966,共同药业,47.18,3157301,27503009,115277000,543876.886
2021-07-12,SZ300963,中洲特材,32.7,3403340,28453578,120000000,392400
2021-07-12,SH688468,科美诊断,21.06,1528456,33139075,401000000,844506
2021-07-12,SZ300962,中金辐照,23.53,3123931,62597111,264001897,621196.463641
2021-07-12,SH688611,杭州柯林,49.87,1018559,12689810,55900000,278773.3
2021-07-12,SZ300969,恒帅股份,37.17,602000,20000000,80000000,297360
2021-07-12,SH688683,莱尔科技,17.64,2777037,30202856,148560000,262059.84
2021-07-12,SZ300970,华绿生物,27.81,1699748,29180000,116700000,324542.7
2021-07-12,SH605378,野马电池,45.65,6608999,33340000,133340000,608697.1
2021-07-12,SH688315,诺禾致源,41.13,989089,32487793,400200000,1646022.6
2021-07-12,SZ300967,晓鸣股份,16.18,1884838,44575849,187506000,303384.708
2021-07-12,SH688663,新风光,24.13,5513070,30147345,139950000,337699.35
2021-07-12,SZ300971,博亚精工,35.35,1453920,19915411,84000000,296940
2021-07-12,SZ300973,立高食品,143,1530564,36133423,169340000,2421562
2021-07-12,SZ300968,格林精密,16.42,6531052,87355101,413380000,678769.96
2021-07-12,SH601279,英利汽车,10.14,11009876,149425316,1494253157,1515172.701198
2021-07-12,SH605086,龙高股份,25.59,8209766,32000000,128000000,327552
2021-07-12,SZ300972,万辰集团,17.01,1435300,36398574,153500000,261103.5
2021-07-12,SH688533,上声电子,24.19,3952114,32559446,160000000,387040
2021-07-12,SZ300976,达瑞电子,86.19,848640,23496600,93986400,810068.7816
2021-07-12,SH605117,德业股份,121.95,3212130,42667000,170667000,2081284.065
2021-07-12,SH688682,霍莱沃,173.19,1548546,7517116,37000000,640803
2021-07-12,SZ300983,尤安设计,92.14,404004,20000000,80000000,737120
2021-07-12,SZ300977,深圳瑞捷,70.53,1833200,16800000,67200000,473961.6
2021-07-12,SZ300980,祥源新材,42.57,1110432,17974514,71898056,306070.024392
2021-07-12,SH605016,百龙创园,31.15,1861713,31800000,126800000,394982
2021-07-12,SH688201,信安世纪,65.06,3997760,18955867,93127756,605889.180536
2021-07-12,SH605098,行动教育,57.36,1096913,21090000,84341857,483784.891752
2021-07-12,SZ300975,商络电子,18.71,3724474,42586414,420000000,785820
2021-07-12,SH688639,华恒生物,53.61,990104,23704753,108000000,578988
2021-07-12,SZ300979,华利集团,104.95,3204755,76983681,1167000000,12247665
2021-07-12,SZ300978,东箭科技,18.48,1666722,39904806,422702739,781154.661672
2021-07-12,SH605289,罗曼股份,27.37,806339,21670000,86670000,237215.79
2021-07-12,SZ300981,中红医疗,109.89,2510509,39520703,166670000,1831536.63
2021-07-12,SZ300982,苏文电能,67.21,3456501,33271360,140318267,943079.072507
2021-07-12,SH605089,味知香,86.74,2324385,25000000,100000000,867400
2021-07-12,SH688383,新益昌,129.24,1329795,23196636,102133600,1319974.6464
2021-07-12,SZ001201,东瑞股份,39.58,1095193,44338000,177338000,701903.804
2021-07-12,SH688323,瑞华泰,36.72,4759002,36637767,180000000,660960
2021-07-12,SZ001202,炬申股份,19.06,1029036,32242000,128800000,245492.8
2021-07-12,SZ300985,致远新能,30.18,2421271,31612152,133333400,402400.2012
2021-07-12,SH688395,正弦电气,29,2010867,17505420,86000000,249400
2021-07-12,SH605300,佳禾食品,33,11810864,40010000,400010000,1320033
2021-07-12,SH605180,华生科技,37.86,2093241,25000000,100000000,378600
2021-07-12,SZ300986,志特新材,43.98,2278677,27754571,117066667,514859.201466
2021-07-12,SH688113,联测科技,69.96,1415592,14558920,63700000,445645.2
2021-07-12,SH605305,中际联合,51.07,685651,27500000,110000000,561770
2021-07-12,SH605080,浙江自然,62.04,1828652,25280900,101123600,627370.8144
2021-07-12,SH600906,财达证券,15.9,108850183,500000000,3245000000,5159550
2021-07-12,SZ300989,蕾奥规划,47.27,301100,15000000,60000000,283620
2021-07-12,SZ001203,大中矿业,20.62,23301405,218940000,1508000000,3109496
2021-07-12,SZ300987,川网传媒,34.88,1886498,28468988,133360000,465159.68
2021-07-12,SH605196,华通线缆,11.61,7563561,76000000,506822098,588420.455778
2021-07-12,SH688655,迅捷兴,20.85,3284856,30289596,133390000,278118.15
2021-07-12,SZ300988,津荣天宇,36.42,647776,18476800,73880000,269070.96
2021-07-12,SH688097,博众精工,35.69,1529367,37028567,401000000,1431169
2021-07-12,SZ300990,同飞股份,77,409900,13000000,52000000,400400
2021-07-12,SH688355,明志科技,26.5,1546459,25024014,123077692,326155.8838
2021-07-12,SZ001205,盛航股份,30.86,3853553,30066667,120266667,371142.934362
2021-07-12,SH688685,迈信林,26.41,2256324,22750378,111866667,295439.867547
2021-07-12,SH605488,福莱新材,27.39,1531220,30000000,120000000,328680
2021-07-12,SH688565,力源科技,18.33,2736227,24338236,106950000,196039.35
2021-07-12,SH688217,睿昂基因,92.99,520106,11304597,55577060,516811.08094
2021-07-12,SH688575,亚辉龙,42.32,1593580,33132997,405000000,1713960
2021-07-12,SH688314,康拓医疗,114.11,789950,11808428,58027980,662157.27978
2021-07-12,SH605339,南侨食品,41.7,4324224,63529412,423529412,1766117.64804
2021-07-12,SZ001206,依依股份,62.81,1364274,23583400,94333576,592509.190856
2021-07-12,SH688660,电气风电,9.03,16658479,364216788,1333333400,1204000.0602
2021-07-12,SZ300991,创益通,34.68,1116571,21338204,90000000,312120
2021-07-12,SH688076,ST诺泰,61.39,3582553,43196753,213183800,1308735.3482
2021-07-12,SH688613,奥精医疗,85.66,1255504,27399171,133333334,1142133.339044
2021-07-12,SH688359,三孚新科,44.4,1691451,20896635,92180000,409279.2
2021-07-12,SZ300993,玉马科技,26.17,3072259,31223318,131680000,344606.56
2021-07-12,SZ300992,泰福泵业,30.15,7821194,21529330,90800000,273762
2021-07-12,SZ300614,百川畅银,55.92,4617401,38039259,160434469,897149.550648
2021-07-12,SH600032,浙江新能,11.22,29204109,208000000,2080000000,2333760
2021-07-12,SH605090,九丰能源,31.34,2275681,82969866,442969866,1388267.560044
2021-07-12,SZ300995,奇德新材,30.68,2202223,19955189,84160000,258202.88
2021-07-12,SH603836,海程邦达,21.47,1902955,51310000,205235237,440640.053839
2021-07-12,SH605499,东鹏饮料,246.28,3791403,40010000,400010000,9851446.28
2021-07-12,SH605296,神农集团,45.95,1369693,40030000,400229012,1839052.31014
2021-07-12,SZ301001,凯淳股份,37.59,844828,20000000,80000000,300720
2021-07-12,SH605189,富春染织,23.79,5686905,31200000,124800000,296899.2
2021-07-12,SZ301000,肇民科技,72.26,620106,13333500,53333500,385387.871
2021-07-12,SH688538,和辉光电,3.73,54508810,2182502798,13809437625,5150920.234125
2021-07-12,SH603511,爱慕股份,31.02,2106506,40010000,400010000,1240831.02
2021-07-12,SZ301005,超捷股份,55.74,1843097,14281726,57126903,318425.357322
2021-07-12,SZ301003,江苏博云,59.4,819466,14566667,58266667,346104.00198
2021-07-12,SH600634,退市富控,0.29,23187144,575732081,575732081,16696.230349
2021-07-12,SZ300998,宁波方正,31.26,2555130,22699400,106400000,332606.4
2021-07-12,SZ300997,欢乐家,20.98,16070839,84507994,450000000,944100
2021-07-12,SZ002711,欧浦退,0.29,72337425,1052408276,1056070400,30626.0416
2021-07-12,SH600614,退市鹏起,0.25,69157853,1511487658,1752773758,43819.34395
2021-07-12,SH688117,圣诺生物,46.48,832915,18165717,80000000,371840
2021-07-12,SZ300996,普联软件,61.45,4414598,20960165,88131662,541569.06299
2021-07-12,SZ301002,崧盛股份,97.7,1625143,22406254,94520000,923460.4
2021-07-12,SH688625,呈和科技,53.11,1439084,27135202,133333400,708133.6874
2021-07-12,SZ301006,迈拓股份,31.64,2790865,33041584,139280000,440681.92
2021-07-12,SH605319,无锡振华,17.49,3953160,50000000,200000000,349800
2021-07-12,SH688319,欧林生物,36.77,3627675,32757126,405265000,1490159.405
2021-07-12,SH688131,皓元医药,310.3,1264193,15245051,74342007,2306832.47721
2021-07-12,SH601156,东航物流,22.18,5841473,158755556,1587555556,3521198.223208
2021-07-12,SH688269,凯立新材,119.7,1295947,21253911,93360000,1117519.2
2021-07-12,SZ002359,北讯退,0.32,58658662,831604776,1087191760,34790.13632
2021-07-12,SH600905,三峡能源,6.78,1183712733,6949457019,28571000000,19371138
2021-07-12,SZ000760,斯太退,0.26,34981745,654444268,771844628,20067.960328
2021-07-12,SH688345,博力威,80.59,4919011,20271218,100000000,805900
2021-07-12,SZ301008,宏昌科技,48.48,849002,16666667,66666667,323200.001616
2021-07-12,SH603529,爱玛科技,56.69,13046400,65000000,403660003,2288348.557007
2021-07-12,SH688700,东威科技,60.6,3893890,33470072,147200000,892032
2021-07-12,SH605259,绿田机械,33.68,1395012,22000000,88000000,296384
2021-07-12,SH688681,科汇股份,18.9,1674472,21391352,104670000,197826.3
2021-07-12,SZ301007,德迈仕,19.94,3769873,36359728,153340000,305759.96
2021-07-12,SH688067,爱威科技,33.03,1577200,13840371,68000000,224604
2021-07-12,SH688597,煜邦电力,13.72,4394587,35917397,176472980,242120.92856
2021-07-12,SZ301011,华立科技,49.31,4807701,18519044,86800000,428010.8
2021-07-12,SZ301009,可靠股份,30.44,5962623,58009264,271860000,827541.84
2021-07-12,SZ301010,晶雪节能,28.71,9156539,25602586,108000000,310068
2021-07-12,SH688517,金冠电气,13.92,1792555,30963399,136109184,189463.984128
2021-07-12,SZ300984,金沃股份,46.08,679900,12000000,48000000,221184
2021-07-12,SH601665,齐鲁银行,8.1,79594834,458083334,4580833334,3710475.00054
2021-07-12,SH688621,阳光诺和,82.65,1034320,16255307,80000000,661200
2021-07-12,SH688425,铁建重工,5.88,48866265,1049018078,5140720000,3022743.36
2021-07-12,SZ301012,扬电科技,34.1,2121968,19912152,84000000,286440
2021-07-12,SH688690,纳微科技,113.08,5965551,35561783,400145948,4524850.379984
2021-07-12,SH688216,气派科技,70.54,3937540,21631528,106270000,749628.58
2021-07-12,SZ001207,联科科技,24.8,6307810,45500000,182000000,451360
2021-07-12,SZ001208,华菱线缆,12.58,58650932,133606000,534424000,672305.392
2021-07-12,SZ301004,嘉益股份,23.15,3087844,23711016,100000000,231500
2021-07-12,SH601528,瑞丰银行,12.33,43156925,150935492,1509354919,1861034.615127
2021-07-12,SH688276,百克生物,96.02,1383579,31424856,412840698,3964096.382196
2021-07-12,SH688601,力芯微,167.63,2173722,13026658,64000000,1072832
2021-07-12,SH688367,工大高科,24.39,3609830,19738811,86753000,211590.567
2021-07-12,SZ301019,宁波色母,49.73,3153554,20000000,80000000,397840
2021-07-12,SZ301013,利和兴,27.06,5990829,33246306,155828704,421672.473024
2021-07-12,SH688161,威高骨科,89.91,4087146,33952449,400000000,3596400
2021-07-12,SH603171,税友股份,41.15,26222172,40590000,405890000,1670237.35
2021-07-12,SZ301016,雷尔伟,29.26,3790629,28452437,120000000,351120
2021-07-12,SZ301015,百洋医药,33.91,7008441,44442200,525100000,1780614.1
2021-07-12,SH605011,杭州热电,19.04,487804,40100000,400100000,761790.4
2021-07-12,SH688499,利元亨,214.02,3272873,17970980,88000000,1883376
2021-07-12,SZ301022,海泰科,41.92,2101576,16000000,64000000,268288
2021-07-12,SZ301017,漱玉平民,23.38,7808940,34255193,405340000,947684.92
2021-07-12,SH688239,航宇科技,47.1,7784459,28465496,140000000,659400
2021-07-12,SZ301020,密封科技,26.53,9088402,34712856,146400000,388399.2
2021-07-12,SH605287,德才股份,39.79,6700998,25000000,100000000,397900
2021-07-12,SZ301021,英诺激光,49,12256543,32427666,151645082,743060.9018
2021-07-12,SH605162,新中港,11.63,931688,80090200,400451000,465724.513
2021-07-12,SZ301018,申菱环境,22.2,14048970,51214100,240010000,532822.2
2021-07-12,SZ301023,奕帆传动,80.88,1449340,9333500,37333500,301953.348
2021-07-12,SH688226,威腾电气,18.48,10516517,31755028,156000000,288288
2021-07-12,SZ301039,中集车辆,13.95,60508108,172478045,2017600000,2814552
2021-07-12,SH688789,宏华数科,183.01,3063041,15440365,76000000,1390876
2021-07-12,SH605020,永和股份,10.98,113413,66670000,266670000,292803.66
2021-07-12,SH688087,英科再生,87.55,10892042,27070190,133032493,1164699.476215
2021-07-12,SH688305,科德数控,105.02,8456661,18465866,90720000,952741.44
2021-07-12,SH605028,世茂能源,20.42,214873,40000000,160000000,326720
