日期,代码,名称,日收盘价,日交易量,流通股本,总股本,总市值(万)
2020-01-23,SZ000005,ST星源,2.97,10441073,1057946242,1058536842,314385.442074
2020-01-23,SH600652,退市游久,2.55,13057536,832703498,832703498,212339.39199
2020-01-23,SH600654,中安科,2.12,10177338,755043154,1283020992,272000.450304
2020-01-23,SH600651,飞乐音响,3.46,21942863,985220002,985220002,340886.120692
2020-01-23,SH600602,云赛智联,9.01,28837842,1033464671,1367673455,1232273.782955
2020-01-23,SH600601,方正科技,3.43,17826158,2194891204,2194891204,752847.682972
2020-01-23,SH600653,申华控股,1.92,15503308,1946380317,1946380317,373705.020864
2020-01-23,SZ000004,*ST国华,22.82,2626572,82604584,165052625,376650.09025
2020-01-23,SZ000002,万  科Ａ,28.98,98694879,9715170043,11302143001,32753610.416898
2020-01-23,SZ000001,平安银行,15.54,110059207,19405752680,19405918198,30156796.879692
2020-01-23,SZ000009,中国宝安,6.48,117736685,2543836879,2579213965,1671330.64932
2020-01-23,SH600603,广汇物流,5.56,14366263,510426189,1254766752,697650.314112
2020-01-23,SZ000012,南  玻Ａ,4.6,21115312,1957552744,3108196163,1429770.23498
2020-01-23,SZ000016,深康佳Ａ,5.21,137399153,1596574300,2407945408,1254539.557568
2020-01-23,SH600605,汇通能源,11.1,1108308,147344592,147344592,163552.49712
2020-01-23,SH600608,*ST沪科,4.6,3920712,318371441,328861441,151276.26286
2020-01-23,SH600604,市北高新,8.1,20075898,1407454804,1873304804,1517376.89124
2020-01-23,SH600606,绿地控股,6.49,35215884,12168154385,12168154385,7897132.195865
2020-01-23,SZ000011,深物业A,8.82,2807531,526442569,595979092,525653.559144
2020-01-23,SZ000017,深中华A,4,9572479,302981008,551347947,220539.1788
2020-01-23,SZ000007,全新好,9.11,2973857,308948044.5,346448044,315614.168084
2020-01-23,SZ000006,深振业Ａ,5.08,13235710,1348307972,1349995046,685797.483368
2020-01-23,SZ000020,深华发Ａ,10.22,1996409,181165391,283161227,289390.773994
2020-01-23,SZ000008,神州高铁,3.42,25438497,2593770878,2780795346,951032.008332
2020-01-23,SZ000014,沙河股份,9.12,2277600,201705187,201705187,183955.130544
2020-01-23,SH600609,金杯汽车,3.9,4576598,1092667132,1092667132,426140.18148
2020-01-23,SH600611,大众交通,3.93,11634339,1563316364,2364122864,929100.285552
2020-01-23,SH600612,老凤祥,50.12,1433766,317109630,523117764,2621866.233168
2020-01-23,SH600614,退市鹏起,1.79,16951008,1511487658,1752773758,313746.502682
2020-01-23,SH600655,豫园股份,7.59,10432490,1602416519,3883761964,2947775.330676
2020-01-23,SH600616,金枫酒业,4.79,3203080,514619192,514619192,246502.592968
2020-01-23,SZ000019,深粮控股,5.87,5038186,415920398,1152535254,676538.194098
2020-01-23,SH600618,氯碱化工,7.78,14832681,749839976,1156399976,899679.181328
2020-01-23,SH600619,海立股份,8,2583227,582141047,883300255,706640.204
2020-01-23,SH600620,天宸股份,6.21,3841399,686677113,686677113,426426.487173
2020-01-23,SZ000501,武商集团,11.08,20175419,767757255,768992731,852043.945948
2020-01-23,SZ000502,绿景退,7.01,4312882,183346957,184819607,129558.544507
2020-01-23,SZ000503,国新健康,16.36,14215601,898779932,898822204,1470473.125744
2020-01-23,SH600621,华鑫股份,13.97,26654252,535250026,1060899292,1482076.310924
2020-01-23,SH600622,光大嘉宝,3.71,17500792,1499685402,1499685402,556383.284142
2020-01-23,SH600623,华谊集团,6.38,9332674,1862196763,2105296763,1343179.334794
2020-01-23,SZ000504,*ST生物,7.53,2041500,310673201,311573901,234615.147453
2020-01-23,SZ000505,京粮控股,5.47,8911100,406127806,685790364,375127.329108
2020-01-23,SH600624,ST复华,9.43,50873476,684712010,684712010,645683.42543
2020-01-23,SH600626,申达股份,6.28,22811504,808156847,852291316,535238.946448
2020-01-23,SH600628,新世界,8.27,4052941,646875384,646875384,534965.942568
2020-01-23,SH600630,龙头股份,9,68216798,424861597,424861597,382375.4373
2020-01-23,SH600635,大众公用,4.72,28304401,2418791675,2952434675,1393549.1666
2020-01-23,SH600637,东方明珠,10.62,34185236,3414500201,3414500201,3626199.213462
2020-01-23,SH600636,*ST国化,10.57,6452276,446936885,446936885,472412.287445
2020-01-23,SH600638,新黄浦,6.12,7309117,673396786,673396786,412118.833032
2020-01-23,SH600639,浦东金桥,13.38,2339408,850236703,1122412893,1501788.450834
2020-01-23,SZ000507,珠海港,5.79,6168302,772143777,930424895,538716.014205
2020-01-23,SH600641,先导基电,20.2,30279477,806158748,806158748,1628440.67096
2020-01-23,SH600640,国脉文化,21.93,27513714,589399727,795695940,1744961.19642
2020-01-23,SH600642,申能股份,5.54,12339095,4552038316,4912038316,2721269.227064
2020-01-23,SH600644,乐山电力,5.42,2058000,538400659,538400659,291813.157178
2020-01-23,SH600643,爱建集团,9.09,26147464,1434058576,1621922452,1474327.508868
2020-01-23,SZ000023,*ST深天,12.35,1901794,138756240,138756240,171363.9564
2020-01-23,SH600647,退市同达,13.25,1556927,139143550,139143550,184365.20375
2020-01-23,SH600648,外高桥,16.93,2920407,934791624,1135349124,1922146.066932
2020-01-23,SH600645,中源协和,17.06,8198834,383774589,467969890,798356.63234
2020-01-23,SZ000509,华塑控股,2.16,19191103,825479873,825483117,178304.353272
2020-01-23,SZ000510,新金路,4.09,10078700,549479157,609182254,249155.541886
2020-01-23,SH600649,城投控股,5.48,9047404,2420792222,2529575634,1386207.447432
2020-01-23,SH600657,信达地产,3.68,7816201,1524260442,2851878595,1049491.32296
2020-01-23,SH600658,电子城,4.76,2734100,1118585045,1118585045,532446.48142
2020-01-23,SZ000026,飞亚达,10.3,14988714,356716368,442968881,456257.94743
2020-01-23,SH600650,锦江在线,9.9,2047202,390560075,551610107,546094.00593
2020-01-23,SH600660,福耀玻璃,24.59,18759408,2002986332,2508617532,6168690.511188
2020-01-23,SH600662,外服控股,4.43,8596541,1053362191,1053362191,466639.450613
2020-01-23,SH600661,昂立教育,15.82,1163648,259076526,286548830,453320.24906
2020-01-23,SZ000025,特  力Ａ,20.04,4343651,392778320,431058320,863840.87328
2020-01-23,SH600663,陆家嘴,12.92,4154169,2933461440,4034197440,5212183.09248
2020-01-23,SH600664,哈药股份,4.05,67370745,2506955076,2507019076,1015342.72578
2020-01-23,SH600665,天地源,3.56,2598358,864122521,864122521,307627.617476
2020-01-23,SH600666,奥瑞德,2.28,28654581,803655532,1227326240,279830.38272
2020-01-23,SZ000514,渝 开 发,4.16,6783206,843770965,843770965,351008.72144
2020-01-23,SH600668,尖峰集团,14.3,15099171,344083828,344083828,492039.87404
2020-01-23,SH600667,太极实业,9.6,114997780,2106190178,2106190178,2021942.57088
2020-01-23,SZ000516,国际医学,4.9,19881930,1929001640,1971049302,965814.15798
2020-01-23,SZ000028,国药一致,49.48,3093961,367733625,428126983,2118372.311884
2020-01-23,SH600671,天目药业,12.48,4140462,121720533,121778885,151980.04848
2020-01-23,SH600600,青岛啤酒,48.33,6416079,695913617,1350982795,6529299.848235
2020-01-23,SZ000027,深圳能源,5.91,10075455,3964491597,3964491597,2343014.533827
2020-01-23,SZ000029,深深房Ａ,10.97,0,891660000,1011660000,1109791.02
2020-01-23,SH600673,东阳光,9.21,56222222,2458926257,3013897259,2775799.375539
2020-01-23,SH600675,中华企业,4.56,5994037,2240471278,6096135252,2779837.674912
2020-01-23,SH600674,川投能源,9.11,18904555,4402140480,4402140480,4010349.97728
2020-01-23,SH600676,交运股份,4.28,9550009,1028492944,1028492944,440194.980032
2020-01-23,SH600677,*ST航通,7.98,112700,453824669,521791700,416389.7766
2020-01-23,SZ000030,富奥股份,4.67,5874269,1759880870,1810552111,845527.835837
2020-01-23,SZ000031,大悦城,6.34,15681520,1813722958,4286313339,2717522.656926
2020-01-23,SH600678,四川金顶,6.5,18807556,348990000,348990000,226843.5
2020-01-23,SZ000519,中兵红箭,7.68,32118949,932647561,1392558982,1069485.298176
2020-01-23,SH600679,上海凤凰,11.86,1863963,230598947,402198947,477007.951142
2020-01-23,SH600682,南京新百,9.91,19366913,1002156751,1346132221,1334017.031011
2020-01-23,SZ000521,长虹美菱,3.31,10695568,872090413,1044597881,345761.898611
2020-01-23,SH600683,京投发展,4.13,3086428,740777597,740777597,305941.147561
2020-01-23,SH600684,珠江股份,3.54,4524336,853460723,853460723,302125.095942
2020-01-23,SH600685,中船防务,14.59,5968681,821435181,1413506378,2062305.805502
2020-01-23,SZ000513,丽珠集团,37.95,11258071,594968659,934762675,3547424.351625
2020-01-23,SZ000525,红太阳,8.46,17109326,574398865,580772873,491333.850558
2020-01-23,SZ000032,深桑达Ａ,14.48,17721306,411283660,413219661,598342.069128
2020-01-23,SZ000526,学大教育,28.25,630560,96195107,96195107,271751.177275
2020-01-23,SH600687,退市刚泰,1.44,25442045,1488715304,1488715304,214375.003776
2020-01-23,SH600688,上海石化,3.88,6265978,7328813500,10823813500,4199639.638
2020-01-23,SH600686,金龙汽车,6.88,6170997,606738511,606738511,417436.095568
2020-01-23,SH600689,上海三毛,9.2,2586647,152204143,200991343,184912.03556
2020-01-23,SZ000523,红棉股份,6.63,18363064,626903116,627533125,416054.461875
2020-01-23,SZ000524,岭南控股,7.14,3848004,272301442,670208597,478528.938258
2020-01-23,SZ000528,柳    工,6.61,19334836,1462632724,1475921376,975584.029536
2020-01-23,SH600692,亚通股份,6.16,4609341,255010517,351764064,216686.663424
2020-01-23,SH600690,海尔智家,18.57,45741075,6308552654,6579566627,12218255.226339
2020-01-23,SH600691,潞化科技,1.97,20904928,1756390906,2375981952,468068.444544
2020-01-23,SH600693,东百集团,5.27,4723653,897247594,898229148,473366.760996
2020-01-23,SH600695,退市绿庭,7.4,35401667,366467152,711132100,526237.754
2020-01-23,SH600694,大商股份,26.37,2767598,293718653,293718653,774536.087961
2020-01-23,SZ000541,佛山照明,5.1,16198566,1072554652,1399346154,713666.53854
2020-01-23,SZ000539,粤电力Ａ,3.97,6212816,2553907040,5250283986,2084362.742442
2020-01-23,SZ000547,航天发展,13.3,50600931,1101872269,1605678881,2135552.91173
2020-01-23,SZ000550,江铃汽车,13.89,8414235,518463085,863214000,1199004.246
2020-01-23,SZ000553,安道麦A,9.55,3611879,468616702,2446553582,2336458.67081
2020-01-23,SH600699,均胜电子,21.73,41289189,1237263065,1237263065,2688572.640245
2020-01-23,SH600696,*ST岩石,11.3,1471501,334469431,334469431,377950.45703
2020-01-23,SH600697,欧亚集团,16.88,1242800,155156015,159088075,268540.6706
2020-01-23,SH600800,渤海化学,5.23,6333107,610956047,1002406266,524258.477118
2020-01-23,SZ000544,中原环保,6.32,4913145,974684488,974684488,616000.596416
2020-01-23,SZ000530,冰山冷热,3.74,6294915,597747977,843212507,315361.477618
2020-01-23,SZ000537,绿发电力,7.23,9391425,512717581,1862520720,1346602.48056
2020-01-23,SZ000554,泰山石油,4.76,9109046,362649713,480793320,228857.62032
2020-01-23,SZ000538,云南白药,86.6,5909210,608965833,1277403317,11062312.72522
2020-01-23,SZ000543,皖能电力,4.36,24725356,1790395978,2266863331,988352.412316
2020-01-23,SZ000548,湖南投资,4.04,4741311,499169124,499215811,201683.187644
2020-01-23,SH600805,悦达投资,4.81,4911677,850275368,850894494,409280.251614
2020-01-23,SZ000533,顺钠股份,2.73,11636747,684902400,690816000,188592.768
2020-01-23,SH600804,退市鹏博,5.43,17154200,1432357859,1432394299,777790.104357
2020-01-23,SH600803,新奥股份,10.34,9572636,1229355783,1229355783,1271153.879622
2020-01-23,SH600802,福建水泥,8.68,35183774,381873666,381873666,331466.342088
2020-01-23,SH600801,华新建材,21.4,33381719,1361879855,2096599855,4486723.6897
2020-01-23,SZ000532,华金资本,11.06,6631801,343483446,344708340,381247.42404
2020-01-23,SH600807,济高发展,3.78,6164899,787018464,884634731,334391.928318
2020-01-23,SZ000551,创元科技,7.18,8435842,400080405,400080405,287257.73079
2020-01-23,SZ000531,穗恒运Ａ,6.58,4538661,685082820,685082820,450784.49556
2020-01-23,SH600808,马钢股份,2.84,19799395,5967751186,7700681186,2186993.456824
2020-01-23,SH600809,山西汾酒,91.68,4928013,865848266,871528266,7990171.142688
2020-01-23,SH600810,神马股份,7.29,7550650,574964000,574964000,419148.756
2020-01-23,SH600811,*ST东方,3.24,21911750,3714576124,3714576124,1203522.664176
2020-01-23,SZ000564,供销大集,2.15,33653032,2005895931,6007828231,1291683.069665
2020-01-23,SZ000563,陕国投Ａ,4.14,62635643,3964012846,3964012846,1641101.318244
2020-01-23,SZ000534,万泽股份,9.45,1861862,491375657,491785096,464736.91572
2020-01-23,SZ000559,万向钱潮,5.9,16719645,2753149374,2753159454,1624364.07786
2020-01-23,SH600812,华北制药,9.22,57792701,1630804729,1630804729,1503601.960138
2020-01-23,SH600814,杭州解百,5.12,4388116,715026758,715026758,366093.700096
2020-01-23,SH600816,建元信托,3.68,19667400,5264290520,5469137919,2012642.754192
2020-01-23,SH600815,厦工股份,2.56,8712780,1774094480,1774094480,454168.18688
2020-01-23,SH600820,隧道股份,5.82,19326058,3144096094,3144096094,1829863.926708
2020-01-23,SH600819,耀皮玻璃,4.94,10137372,747416067,934916069,461848.538086
2020-01-23,SH600821,金开新能,4.2,12742104,416268225,416268225,174832.6545
2020-01-23,SZ000021,深科技,14.91,102555124,1469327064,1471259363,2193647.710233
2020-01-23,SZ000540,*ST中天,3.06,32740583,6957049188,7005254679,2143607.931774
2020-01-23,SH600825,新华传媒,5.27,12298008,1044887850,1044887850,550655.89695
2020-01-23,SH600824,益民集团,3.35,4009594,1054027073,1054027073,353099.069455
2020-01-23,SH600822,上海物贸,10.18,8822599,396147908,495972914,504900.426452
2020-01-23,SH600823,*ST世茂,4.09,13652010,3751168261,3751168261,1534227.818749
2020-01-23,SH600827,百联股份,8.37,8441327,1604449920,1784168117,1493348.713929
2020-01-23,SH600826,兰生股份,11.25,5200667,420642288,420642288,473222.574
2020-01-23,SH600834,申通地铁,6.82,1875632,477381905,477381905,325574.45921
2020-01-23,SH600829,人民同泰,7.14,4571972,579888597,579888597,414040.458258
2020-01-23,SH600831,广电网络,9.2,32131396,708845828,708845828,652138.16176
2020-01-23,SH600830,香溢融通,5.25,4676054,454322747,454322747,238519.442175
2020-01-23,SH600835,上海机电,16.18,4341580,806504300,1022739308,1654792.200344
2020-01-23,SH600836,*ST易连,4.23,24263546,662753072,662753072,280344.549456
2020-01-23,SH600828,茂业商业,4.43,4211045,655131907,1731982546,767268.267878
2020-01-23,SH600838,上海九百,5.88,4209537,400881981,400881981,235718.604828
2020-01-23,SH600843,上工申贝,7.21,1282913,304645850,548589600,395533.1016
2020-01-23,SH600846,同济科技,9.22,20931958,624761516,624761516,576030.117752
2020-01-23,SH600841,动力新科,6.97,2087312,521892530,866689830,604082.81151
2020-01-23,SH600839,四川长虹,2.64,44160580,4614322151,4616244222,1218688.474608
2020-01-23,SH600848,上海临港,23.59,5605206,906163969,2102068212,4958778.912108
2020-01-23,SH600850,电科数字,27.35,8829900,426852228,426852228,1167440.84358
2020-01-23,SH600847,万里股份,10.75,843954,153287400,153287400,164783.955
2020-01-23,SH600851,海欣股份,8.1,5895825,738206110,1207056692,977715.92052
2020-01-23,SZ000555,神州信息,16.24,30899150,941084909,970381273,1575899.187352
2020-01-23,SZ000039,中集集团,9.17,9446360,1523044521,3583536482,3286102.953994
2020-01-23,SZ000035,中国天楹,5.54,9963110,1281089502,2523777297,1398172.622538
2020-01-23,SZ000565,渝三峡Ａ,4.98,3760838,433592220,433592220,215928.92556
2020-01-23,SH600857,宁波中百,9.39,975200,224319919,224319919,210636.403941
2020-01-23,SH600856,退市中天,1.97,8065000,1343422057,1366654379,269230.912663
2020-01-23,SH600859,王府井,13.52,6378712,568777123,776250350,1049490.4732
2020-01-23,SH600860,京城股份,4.86,1758800,322000000,422000000,205092
2020-01-23,SZ000558,天府文旅,3.15,8375410,1288419854,1289223949,406105.543935
2020-01-23,SZ000034,神州数码,22.76,29256991,485475941,654070434,1488664.307784
2020-01-23,SZ000568,泸州老窖,82.65,18786248,1460105295,1464752476,12106179.21414
2020-01-23,SH600861,北京人力,9.56,2062709,316804949,316804949,302865.531244
2020-01-23,SH600863,内蒙华电,2.54,18236512,5808492784,5808492784,1475357.167136
2020-01-23,SZ000566,海南海药,6.51,23858357,1203496461,1335979264,869722.500864
2020-01-23,SZ000567,海德股份,8.73,8630261,217783026,641138926,559714.282398
2020-01-23,SZ000571,新大洲A,2.58,5593531,806168744,814064000,210028.512
2020-01-23,SZ000036,华联控股,3.93,8172996,1475023303,1483934025,583186.071825
2020-01-23,SZ000570,苏常柴Ａ,4.41,2777679,411374326,561374326,247566.077766
2020-01-23,SZ000037,深南电A,11.45,2239025,338894012,602762596,690163.17242
2020-01-23,SZ000040,*ST旭蓝,3.65,69265045,1060340595,1486873870,542708.96255
2020-01-23,SZ000572,海马汽车,2.2,17625548,1642155224,1644636426,361820.01372
2020-01-23,SH600864,哈投股份,7.14,30526848,2080570520,2080570520,1485527.35128
2020-01-23,SH600865,百大集团,6.34,3319778,376240316,376240316,238536.360344
2020-01-23,SZ000045,深纺织Ａ,7.31,6531200,457021849,509338429,372326.391599
2020-01-23,SZ000573,粤宏远Ａ,3,8153758,629098003,648730604,194619.1812
2020-01-23,SH600866,星湖科技,5.4,48001494,645393465,739019166,399070.34964
2020-01-23,SH600867,通化东宝,12.16,40297430,2033988517,2033988517,2473330.036672
2020-01-23,SZ000576,甘化科工,6.92,7330600,427984418,442861324,306460.036208
2020-01-23,SH600868,梅雁吉祥,3.37,25382959,1898148679,1898148679,639676.104823
2020-01-23,SZ000046,*ST泛海,4.57,30643482,5174964633,5196200656,2374663.699792
2020-01-23,SZ000042,中洲控股,9.92,1750600,662202464,664831139,659512.489888
2020-01-23,SZ000048,京基智农,21.94,978516,402428671,402491731,883066.857814
2020-01-23,SH600872,中炬高新,37.86,11565640,796637194,796637194,3016068.416484
2020-01-23,SH600869,远东股份,4.97,25794515,2219352746,2219352746,1103018.314762
2020-01-23,SZ000050,深天马Ａ,16.54,39897506,1828857609,2048123051,3387595.526354
2020-01-23,SZ000049,德赛电池,46.5,10602246,205243738,207197738,963469.4817
2020-01-23,SH600871,石化油服,2.34,27725512,12042660995,18984340033,4442335.567722
2020-01-23,SH600874,创业环保,7.33,7972400,1087228430,1427228430,1046158.43919
2020-01-23,SH600875,东方电气,8.88,16418621,1996900368,3118792130,2769487.41144
2020-01-23,SH600877,电科芯片,6.72,14437377,687282040,822161695,552492.65904
2020-01-23,SZ000010,美丽生态,3.71,3760214,522093498,819854713,304166.098523
2020-01-23,SH600876,凯盛新能,14.6,12802951,279045877,552396509,806498.90314
2020-01-23,SZ000582,北部湾港,8.57,2778437,596378712,1634616854,1400866.643878
2020-01-23,SH600879,航天电子,6.14,62800629,2417698526,2719271284,1669632.568376
2020-01-23,SH600880,博瑞传播,3.91,12066425,1093030175,1093332092,427492.847972
2020-01-23,SH600881,亚泰集团,3.05,20267884,3223381674,3248913588,990918.64434
2020-01-23,SZ000584,工智退,5.91,6748308,598315925,613324339,362474.684349
2020-01-23,SH600882,妙可蓝多,18.4,5544813,406006045,409357045,753216.9628
2020-01-23,SH600883,博闻科技,9.4,4143420,236088000,236088000,221922.72
2020-01-23,SZ000586,汇源通信,10.03,6883287,193440000,193440000,194020.32
2020-01-23,SH600886,国投电力,8.16,22924443,6786023347,6786023347,5537395.051152
2020-01-23,SZ000590,古汉医药,11.37,6417300,223236227,239471267,272278.830579
2020-01-23,SH600884,杉杉股份,13.49,23980533,1122764986,1122764986,1514609.966114
2020-01-23,SH600885,宏发股份,34.37,8322569,744761552,744761552,2559745.454224
2020-01-23,SZ000591,太阳能,3.55,20496520,2037098929,3007098032,1067519.80136
2020-01-23,SH600888,新疆众和,4.34,7686623,840475734,1035473240,449395.38616
2020-01-23,SZ000589,贵州轮胎,4.39,14685504,775388237,775464304,340428.829456
2020-01-23,SH600889,南京化纤,4.58,2612405,338044124,366346010,167786.47258
2020-01-23,SZ000593,德龙汇能,5.76,3260113,358483169,358631009,206571.461184
2020-01-23,SH600887,伊利股份,30.64,76416673,5912631662,6096378858,18679304.820912
2020-01-23,SH600890,退市中房,7.07,6133201,579194925,579194925,409490.811975
2020-01-23,SH600894,广日股份,7.3,10382585,859946895,859946895,627761.23335
2020-01-23,SH600893,航发动力,21.59,11484407,1947726550,2249844450,4857414.16755
2020-01-23,SZ000055,方大集团,4.45,6951650,678283904,1123384189,499905.964105
2020-01-23,SZ000595,*ST宝实,3.08,13864491,751761850,764279250,235398.009
2020-01-23,SH600895,张江高科,14.5,15643306,1548689550,1548689550,2245599.8475
2020-01-23,SZ000587,*ST金洲,1.61,73889058,1213011850,2123749330,341923.64213
2020-01-23,SZ000599,青岛双星,4.25,16283200,767691542,828503191,352113.856175
2020-01-23,SH600896,退市海医,4.17,5196050,869099075,869099075,362414.314275
2020-01-23,SH600706,曲江文旅,8.11,3343271,213490410,215411610,174698.81571
2020-01-23,SH600707,彩虹股份,3.9,17247300,1287966470,3588389732,1399471.99548
2020-01-23,SZ000597,东北制药,8.95,64876905,817230853,907867630,812541.52885
2020-01-23,SH600702,舍得酒业,28.68,11027931,329519000,337037000,966622.116
2020-01-23,SH600701,退市工新,1.89,1356200,775878533,1034735218,195564.956202
2020-01-23,SZ000598,兴蓉环境,4.45,19037948,2986218602,2986218602,1328867.27789
2020-01-23,SH600711,盛屯矿业,4.93,42731808,1519844138,2308034195,1137860.858135
2020-01-23,SH600897,厦门空港,21.14,1388337,297810000,297810000,629570.34
2020-01-23,SZ000600,建投能源,4.64,13821800,1090044126,1791626376,831314.638464
2020-01-23,SH600704,物产中大,5.05,24167366,4306682417,5062182040,2556401.9302
2020-01-23,SH600714,金瑞矿业,5.52,1988577,288176273,288176273,159073.302696
2020-01-23,SH600708,光明地产,3.24,16963436,2225277771,2228636743,722078.304732
2020-01-23,SZ000401,金隅冀东,15.3,34458094,1347214601,1347522914,2061710.05842
2020-01-23,SH600717,天津港,6.18,9135220,2009722944,2009722944,1242008.779392
2020-01-23,SH600718,东软集团,11.48,28373224,1242370295,1242370295,1426241.09866
2020-01-23,SZ000404,长虹华意,3.75,7270551,694622798,695995979,260998.492125
2020-01-23,SH600712,南宁百货,7.48,51208489,538371891,544655360,407402.20928
2020-01-23,SZ000402,金 融 街,7.5,11052128,2987631546,2988929907,2241697.43025
2020-01-23,SH600722,金牛化工,4.68,6201056,680319676,680319676,318389.608368
2020-01-23,SZ000408,藏格矿业,7.03,10134064,473486085,1993779522,1401627.003966
2020-01-23,SH600713,南京医药,4.52,18494222,897425598,1041611244,470808.282288
2020-01-23,SH600715,文投控股,3.3,15217503,1284199600,1854853500,612101.655
2020-01-23,SH600726,华电能源,1.76,6821527,1534675151,1966675153,346134.826928
2020-01-23,SH600716,凤凰股份,4.02,7485494,936060590,936060590,376296.35718
2020-01-23,SH600729,重庆百货,27.7,7400816,406426465,406528465,1126083.84805
2020-01-23,SH600725,云维股份,2.5,4458410,1232470000,1232470000,308117.5
2020-01-23,SZ000407,胜利股份,3.46,9963000,875743830,880084656,304509.290976
2020-01-23,SZ000056,皇庭国际,3.96,9792082,903728783,1174528720,465113.37312
2020-01-23,SZ000415,渤海租赁,3.46,22345100,3547396604,6184521282,2139844.363572
2020-01-23,SH600720,中交设计,11.54,17899532,776162687,776290282,895838.985428
2020-01-23,SH600723,首商股份,5.94,3635100,658069554,658407554,391094.087076
2020-01-23,SH600728,佳都科技,9.59,49406433,1637140326,1670818826,1602315.254134
2020-01-23,SH600724,宁波富达,3.45,3922768,1444942664,1445241071,498608.169495
2020-01-23,SH600719,大连热电,4.25,3409264,404599600,404599600,171954.83
2020-01-23,SZ000410,沈阳机床,6.63,10123536,1680914444,1684035944,1116515.830872
2020-01-23,SZ000416,*ST民控,4.97,12272578,531641098,531871494,264340.132518
2020-01-23,SH600735,ST新华锦,6.56,7052000,375992296,375992296,246650.946176
2020-01-23,SH600730,中国高科,4.62,8435433,586656002,586656002,271035.072924
2020-01-23,SZ000423,东阿阿胶,34.13,8076399,653867313,654021537,2232175.505781
2020-01-23,SH600737,中粮糖业,8.22,16455285,2051876155,2138848228,1758133.243416
2020-01-23,SH600738,丽尚国潮,4.98,8063004,411627393,773464476,385185.309048
2020-01-23,SH600731,湖南海利,6.66,8444665,326653117,355222698,236578.316868
2020-01-23,SZ000420,吉林化纤,2.11,11010200,1850480524,1970706656,415819.104416
2020-01-23,SZ000421,南京公用,4.36,2661040,572646934,572646934,249674.063224
2020-01-23,SH600740,山西焦化,6.33,10602190,656832758,1516048020,959658.39666
2020-01-23,SZ000428,华天酒店,2.54,4581959,1018884450,1018926000,258807.204
2020-01-23,SZ000417,合百集团,4.8,10963127,779027451,779884200,374344.416
2020-01-23,SZ000422,湖北宜化,2.73,6306890,897812984,897866712,245117.612376
2020-01-23,SH600736,苏州高新,5.38,11297998,1151292907,1151292907,619395.583966
2020-01-23,SZ000419,通程控股,4.38,5295091,543289983,543582655,238089.20289
2020-01-23,SH600733,北汽蓝谷,6.48,32186810,1686342519,3493659337,2263891.250376
2020-01-23,SH600739,辽宁成大,16.33,23995913,1529709816,1529709816,2498016.129528
2020-01-23,SZ000603,盛达资源,12.84,10961262,586512974,689969346,885920.640264
2020-01-23,SH600741,华域汽车,26.7,15428274,3152723984,3152723984,8417773.03728
2020-01-23,SH600742,富维股份,12.8,4631711,507656160,507656160,649799.8848
2020-01-23,SZ000425,徐工机械,5.19,114385168,6995037403,7833668430,4065673.91517
2020-01-23,SZ000426,兴业银锡,5.07,34913207,1461084117,1837192219,931456.455033
2020-01-23,SZ000430,ST张家界,4.91,2747900,331738800,404817686,198765.483826
2020-01-23,SZ000607,华媒控股,4.73,10384494,884840694,1017698410,481371.34793
2020-01-23,SZ000601,韶能股份,6.35,22002873,1079832057,1080551669,686150.309815
2020-01-23,SH600744,华银电力,2.38,7843306,827634402,1781124274,423907.577212
2020-01-23,SZ000605,渤海股份,6.78,1656674,272987492,352658600,239102.5308
2020-01-23,SH600746,江苏索普,7.98,18084345,304660915,306421452,244524.318696
2020-01-23,SZ000608,*ST阳光,4.67,1905313,749801859,749913309,350209.515303
2020-01-23,SH600756,浪潮软件,20.99,20218890,324098753,324098753,680283.282547
2020-01-23,SH600750,华润江中,12.88,12003932,525000000,525000000,676200
2020-01-23,SH600748,上实发展,5.37,15787526,1844562892,1844562892,990530.273004
2020-01-23,SZ000413,ST旭电,3.05,261009420,4864155314,5730250118,1747726.28599
2020-01-23,SZ000610,西安旅游,7.95,7305237,235277769,236747901,188214.581295
2020-01-23,SZ000612,焦作万方,4.04,6960625,1189200727,1192199394,481648.555176
2020-01-23,SH600753,*ST海钦,14.83,1342901,128000000,128000000,189824
2020-01-23,SZ000596,古井贡酒,143.2,2550383,383600000,503600000,7211552
2020-01-23,SH600757,长江传媒,5.87,11517102,1213497103,1213650273,712412.710251
2020-01-23,SH600755,厦门国贸,7.04,17971795,1850070531,1850070531,1302449.653824
2020-01-23,SZ000606,顺利退,4.74,29552025,707201606,765799353,362988.893322
2020-01-23,SZ000611,天首退,3.84,2050800,319347925,337822022,129723.656448
2020-01-23,SH600761,安徽合力,9.75,6360493,740180802,740180802,721676.28195
2020-01-23,SZ000609,ST中迪,4.81,6895817,291973722,299265522,143946.716082
2020-01-23,SH600760,中航沈飞,29,9004640,398522095,1400389285,4061128.9265
2020-01-23,SH600754,锦江酒店,26.05,7939155,801936440,957936440,2495424.4262
2020-01-23,SH600749,西藏旅游,9.02,1606493,226965517,226965517,204722.896334
2020-01-23,SZ000615,*ST美谷,3.98,8029010,749491368,782307677,311358.455446
2020-01-23,SZ000617,中油资本,10.85,2823566,2045171019,9030056485,9797611.286225
2020-01-23,SZ000619,海螺新材,5.44,4930700,360000000,360000000,195840
2020-01-23,SH600766,退市园城,7.49,8616977,223932072,224226822,167945.889678
2020-01-23,SZ000623,吉林敖东,16.33,13545318,1142040509,1163032942,1899232.794286
2020-01-23,SH600758,辽宁能源,3.99,10106900,1320743394,1322017394,527484.940206
2020-01-23,SH600763,通策医疗,102.5,4808881,320640000,320640000,3286560
2020-01-23,SH600769,祥龙电业,5.33,3962597,374977200,374977200,199862.8476
2020-01-23,SH600764,中国海防,28.25,2955799,328765729,631668138,1784462.48985
2020-01-23,SH600771,广誉远,15.27,11085964,491999697,491999697,751283.537319
2020-01-23,SH600765,中航重机,9.56,8543193,778003200,933603840,892525.27104
2020-01-23,SZ000616,*ST海投,2.35,8469887,1430234425,1430234425,336105.089875
2020-01-23,SH600774,汉商集团,11.18,1318339,226757731,226948002,253727.866236
2020-01-23,SH600773,西藏城投,5.76,6616500,746104694,819660744,472124.588544
2020-01-23,SH600768,宁波富邦,11.75,4883920,133747200,133747200,157152.96
2020-01-23,SZ000627,*ST天茂,6.48,15416348,4303129165,4940629165,3201527.69892
2020-01-23,SZ000633,合金投资,3.85,4306086,385104123,385106373,148265.953605
2020-01-23,SZ000637,茂化实华,4.28,5201261,366494967,519875356,222506.652368
2020-01-23,SH600767,退市运盛,4.13,1878400,340910182,341010182,140837.205166
2020-01-23,SZ000651,格力电器,63.94,53157650,5969919153,6015730878,38464583.233932
2020-01-23,SH600775,南京熊猫,9.5,10306652,671838529,913838529,868146.60255
2020-01-23,SZ000628,高新发展,9.59,3580428,187980340,311480000,298709.32
2020-01-23,SZ000630,铜陵有色,2.21,58696365,10526435376,10526533308,2326363.861068
2020-01-23,SZ000635,英 力 特,7.8,4525760,303087602,303087602,236408.32956
2020-01-23,SH600770,综艺股份,5.18,23090099,1300000000,1300000000,673400
2020-01-23,SZ000632,三木集团,6.09,2568610,465485356,465519570,283501.41813
2020-01-23,SH600777,*ST新潮,2.04,84316519,4051236570,6800495825,1387301.1483
2020-01-23,SZ000639,西王食品,4.37,8916792,1076348725,1079428095,471710.077515
2020-01-23,SH600776,东方通信,19.41,14090117,956000064,1256000064,2437896.124224
2020-01-23,SZ000626,远大控股,8.37,9235402,463946400,542874902,454386.292974
2020-01-23,SZ000652,泰达股份,5.08,174857281,1474125684,1475573852,749591.516816
2020-01-23,SZ000655,金岭矿业,6.41,20423137,595340230,595340230,381613.08743
2020-01-23,SZ000656,*ST金科,7.14,33162880,5247238049,5339715816,3812557.092624
2020-01-23,SZ000636,风华高科,16.34,87317334,895233111,895233111,1462810.903374
2020-01-23,SH600778,友好集团,5.15,6041923,311214882,311491352,160418.04628
2020-01-23,SZ000659,珠海中富,2.53,8066509,1285702520,1285702520,325282.73756
2020-01-23,SH600780,通宝能源,3.4,2310800,1146502523,1146502523,389810.85782
2020-01-23,SZ000667,ST美置,2.7,12416379,2447314632,2466988633,666086.93091
2020-01-23,SZ000663,永安林业,4.14,5708377,255037222,336683929,139387.146606
2020-01-23,SH600779,水井坊,51.39,10824214,488303498,488545698,2510636.342022
2020-01-23,SZ000669,ST金鸿,3.12,16902100,666445749,680408797,212287.544664
2020-01-23,SZ000666,经纬纺机,10.37,4763796,293518766,704130000,730182.81
2020-01-23,SZ000668,*ST荣控,13.69,1915229,146688393,146841890,201026.54741
2020-01-23,SZ000665,湖北广电,5.05,8474253,963499292,963577097,486606.433985
2020-01-23,SZ000662,天夏退,4.12,11349600,1092980729,1093097734,450356.266408
2020-01-23,SZ000671,ST阳光城,7.17,39248537,3971888118,4050073315,2903902.566855
2020-01-23,SH600781,退市辅仁,5.31,10930173,374263222,627157512,333020.638872
2020-01-23,SZ000661,长春高新,498,2307824,170011995,202360145,10077535.221
2020-01-23,SZ000676,智度股份,9.4,37459617,658705034,1326000097,1246440.09118
2020-01-23,SH600783,鲁信创投,14.35,9240754,744359294,744359294,1068155.58689
2020-01-23,SH600784,鲁银投资,4.89,3532200,568177846,568177846,277838.966694
2020-01-23,SH600782,新钢股份,4.71,27178800,3188722696,3188722696,1501888.389816
2020-01-23,SZ000677,恒天海龙,3.48,16326915,863977948,863977948,300664.325904
2020-01-23,SZ000058,深 赛 格,7.26,15913069,538039603,1235656249,897086.436774
2020-01-23,SH600785,新华百货,14.52,855157,225631280,225631280,327616.61856
2020-01-23,SZ000061,农 产 品,5.21,8983814,1695416233,1696964131,884118.312251
2020-01-23,SZ000682,东方电子,5.08,20413845,978022745,1340727007,681089.319556
2020-01-23,SH600787,中储股份,5.01,10487952,2199801033,2199801033,1102100.317533
2020-01-23,SZ000680,山推股份,3.39,9319925,1056929932,1240787611,420627.000129
2020-01-23,SH600792,云煤能源,3.32,7887800,989923600,989923600,328654.6352
2020-01-23,SZ000060,中金岭南,4.06,35922695,3568237689,3569685327,1449292.242762
2020-01-23,SZ000685,中山公用,8.25,6358218,1253229908,1475111351,1216966.864575
2020-01-23,SZ000673,当代退,4.13,5009500,789510358,791550442,326910.332546
2020-01-23,SZ000679,大连友谊,3.47,5837150,356350622,356400000,123670.8
2020-01-23,SZ000690,宝新能源,5.93,12392561,2084122681,2175887862,1290301.502166
2020-01-23,SH600791,京能置业,3.49,5020406,452313696,452880000,158055.12
2020-01-23,SZ000062,深圳华强,13.97,7739230,1044645006,1045909322,1461135.322834
2020-01-23,SZ000059,华锦股份,5.83,12113601,1599439081,1599442537,932474.999071
2020-01-23,SZ000683,博源化工,2.22,32014467,3562782624,3924398991,871216.576002
2020-01-23,SH600793,宜宾纸业,15.12,1264850,105300000,126360000,191056.32
2020-01-23,SZ000698,ST沈化,3.56,25337636,785684657,819514395,291747.12462
2020-01-23,SZ000687,华讯退,6.09,5715000,752778276,766199362,466615.411458
2020-01-23,SZ000701,厦门信达,4.52,5030899,406613056,406613056,183789.101312
2020-01-23,SH600789,鲁抗医药,11.39,269600027,852121628,880229735,1002581.668165
2020-01-23,SZ000686,东北证券,8.63,35947882,2340452915,2340452915,2019810.865645
2020-01-23,SZ000692,惠天热电,2.89,3205900,532785880,532832976,153988.730064
2020-01-23,SH600790,轻纺城,3.35,10743760,1465790928,1465790928,491039.96088
2020-01-23,SZ000700,模塑科技,12.29,178210837,717211149,827181823,1016606.460467
2020-01-23,SZ000691,*ST亚太,3.75,3089200,290486300,323270000,121226.25
2020-01-23,SZ001696,宗申动力,5.54,10996954,891179600,1145026920,634344.91368
2020-01-23,SH600794,保税科技,3.77,24757597,1212152157,1212152157,456981.363189
2020-01-23,SH600795,国电电力,2.22,58648602,19650397845,19650397845,4362388.32159
2020-01-23,SZ000702,正虹科技,5.29,7256000,266634576,266634576,141049.690704
2020-01-23,SZ000697,ST炼石,10.42,4913125,565706433,671616059,699823.933478
2020-01-23,SZ000708,中信特钢,21.38,6013142,449408480,2968907902,6347525.094476
2020-01-23,SZ000703,恒逸石化,13.72,14698220,2330869870,2841725474,3898847.350328
2020-01-23,SH600796,钱江生化,5.27,3697132,301402144,301402144,158838.929888
2020-01-23,SH600051,宁波联合,5.84,2095500,310880000,310880000,181553.92
2020-01-23,SZ000705,浙江震元,7.5,27901814,281983639,334123286,250592.4645
2020-01-23,SZ000711,ST京蓝,4.68,6782840,782931395,1023667816,479076.537888
2020-01-23,SH600052,东望时代,5.05,36657183,871789092,871789092,440253.49146
2020-01-23,SZ000707,双环科技,3.18,3678292,464144265,464145765,147598.35327
2020-01-23,SZ000712,锦龙股份,13.94,17010058,795996797,896000000,1249024
2020-01-23,SZ000758,中色股份,5,68458520,1969189481,1969378424,984689.212
2020-01-23,SZ000709,河钢股份,2.41,33802281,10616892601,10618607852,2559084.492332
2020-01-23,SZ000716,黑芝麻,3.5,22508542,664981157,746395905,261238.56675
2020-01-23,SH600797,浙大网新,9.34,36108714,1023798659,1046635611,977557.660674
2020-01-23,SZ000400,许继电气,11.58,21607492,1008180305,1008327309,1167643.023822
2020-01-23,SZ000713,国投丰乐,8.29,18931118,388538758,438582129,363584.584941
2020-01-23,SZ000710,贝瑞基因,40.8,5844444,230742749,354605865,1446791.9292
2020-01-23,SH600060,海信视像,12.48,28298425,1308481222,1308481222,1632984.565056
2020-01-23,SH600798,宁波海运,3.4,6339817,1030850948,1206534201,410221.62834
2020-01-23,SZ000736,*ST中地,7.2,3567660,534948992,534948992,385163.27424
2020-01-23,SZ000737,北方铜业,2.78,5417300,548760000,548760000,152555.28
2020-01-23,SZ000721,西安饮食,3.98,12626800,435840445,499055920,198624.25616
2020-01-23,SZ000766,通化金马,6.5,32114277,707024245,966494707,628221.55955
2020-01-23,SH600069,退市银鸽,2.02,14633800,1623833844,1623833844,328014.436488
2020-01-23,SH600054,黄山旅游,8.7,6124587,513300000,729379440,634560.1128
2020-01-23,SH600064,南京高科,9.52,15411834,1235956888,1235956888,1176630.957376
2020-01-23,SZ000717,中南股份,4.2,41067616,2419524410,2419524410,1016200.2522
2020-01-23,SZ000715,中兴商业,5.71,2191960,415057259,415718940,237375.51474
2020-01-23,SH600067,冠城新材,3.81,3522805,1492110725,1492110725,568494.186225
2020-01-23,SH600066,宇通客车,15.78,25568039,2213939223,2213939223,3493596.093894
2020-01-23,SZ000739,普洛药业,14.5,19053421,1146824065,1178523492,1708859.0634
2020-01-23,SZ000720,新能泰山,5.55,13425972,863460000,1289650962,715756.28391
2020-01-23,SH600056,中国医药,13.32,17257441,1068108198,1068485534,1423222.731288
2020-01-23,SZ000723,美锦能源,7.79,75067458,3775958971,4099263052,3193325.917508
2020-01-23,SH600059,古越龙山,8.25,5686890,808524165,808524165,667032.436125
2020-01-23,SZ000759,中百集团,6.38,4610701,680610192,681021500,434491.717
2020-01-23,SH600055,万东医疗,10.9,10761850,540816199,540816199,589489.65691
2020-01-23,SH600061,国投资本,13.96,43482835,4173831926,4227129727,5901073.098892
2020-01-23,SH600077,*ST宋都,3.03,7946338,1340122326,1340122326,406057.064778
2020-01-23,SZ000727,冠捷科技,1.97,45933908,2930655908,4529566980,892324.69506
2020-01-23,SH600062,华润双鹤,13.77,25286437,1043237710,1043237710,1436538.32667
2020-01-23,SH600076,康欣新材,4.2,13689857,1034264129,1034264129,434390.93418
2020-01-23,SH600068,葛洲坝,6.29,38358351,4604777412,4604777412,2896404.992148
2020-01-23,SH600071,凤凰光学,10.91,2426568,237472456,281573889,307197.112899
2020-01-23,SH600058,五矿发展,7.56,4025057,1071910711,1071910711,810364.497516
2020-01-23,SZ000779,甘咨询,9.85,1385400,175640547,380330518,374625.56023
2020-01-23,SH600063,皖维高新,3.6,22554332,1925894692,1925894692,693322.08912
2020-01-23,SH600072,中船科技,13.72,14873329,736249883,736249883,1010134.839476
2020-01-23,SH600070,*ST富润,10.67,25258143,479096966,521946118,556916.507906
2020-01-23,SH600086,退市金钰,2.3,16135600,1056845016,1350000000,310500
2020-01-23,SZ000778,新兴铸管,3.84,29200512,3921069772,3990880176,1532497.987584
2020-01-23,SZ000780,ST平能,2.86,2696400,1014306324,1014306324,290091.608664
2020-01-23,SH600079,ST人福,14.67,17195311,1286049062,1353704302,1985884.211034
2020-01-23,SZ000786,北新建材,25.75,10967142,1689507842,1689507842,4350482.69315
2020-01-23,SZ000767,晋控电力,2.38,5269644,2912294234,3076942219,732312.248122
2020-01-23,SZ000625,长安汽车,9.88,44864757,3900643469,4802648511,4745016.728868
2020-01-23,SZ000735,罗 牛 山,10.17,67486708,1150886809,1151513578,1171089.308826
2020-01-23,SZ000776,广发证券,14.81,55375906,5919291464,7621087664,11286830.830384
2020-01-23,SZ000068,华控赛格,3.83,13913568,1006671464,1006671464,385555.170712
2020-01-23,SH600080,金花股份,6.06,6882781,305295872,373270285,226201.79271
2020-01-23,SH600088,中视传媒,14.78,13126895,397706400,397706400,587810.0592
2020-01-23,SZ000788,北大医药,7.33,23399762,595987425,595987425,436858.782525
2020-01-23,SZ000728,国元证券,8.69,20483816,2946129600,3365447047,2924573.483843
2020-01-23,SH600090,退市济堂,4.22,27205366,1439662945,1439662945,607537.76279
2020-01-23,SZ000731,四川美丰,4.99,6220963,591484352,591484352,295150.691648
2020-01-23,SH600075,新疆天业,4.88,12857112,972522352,972522352,474590.907776
2020-01-23,SZ000828,东莞控股,7.95,4074700,1039515642,1039516992,826416.00864
2020-01-23,SH600089,特变电工,6.36,26311306,3714312789,3714312789,2362302.933804
2020-01-23,SZ000800,一汽解放,9.68,9518378,1411754078,1627500000,1575420
2020-01-23,SH600106,重庆路桥,2.96,9177533,1208204602,1208204602,357628.562192
2020-01-23,SZ000782,恒申新材,3.36,10294302,446316970,528139623,177454.913328
2020-01-23,SH600097,开创国际,9.63,2509469,226273033,240936559,232021.906317
2020-01-23,SH600082,海泰发展,3.75,5314116,634289782,646115826,242293.43475
2020-01-23,SH600085,同仁堂,27.35,8852968,1371470262,1371470262,3750971.16657
2020-01-23,SZ000819,岳阳兴长,8.11,3499768,284886434,284905005,231057.959055
2020-01-23,SZ000752,ST西发,4.63,2798407,263758491,263758491,122120.181333
2020-01-23,SZ000838,财信发展,3.1,5210538,846109019,1100462170,341143.2727
2020-01-23,SZ000738,航发控制,12.9,8864528,1145634399,1145642349,1477878.63021
2020-01-23,SZ000753,漳州发展,2.85,6451383,991481071,991481071,282572.105235
2020-01-23,SZ000768,中航西飞,16.64,34465269,2768628046,2768645071,4607025.398144
2020-01-23,SH600093,退市易见,13.95,30705018,1122447500,1122447500,1565814.2625
2020-01-23,SZ000066,中国长城,14.18,83969054,2490702309,2928182053,4152162.151154
2020-01-23,SZ000755,山西高速,3.9,4587863,469264621,469264621,183013.20219
2020-01-23,SH600100,同方股份,8.81,90018903,2963898951,2963898951,2611194.975831
2020-01-23,SH600101,明星电力,6.63,4557321,421432670,421432670,279409.86021
2020-01-23,SZ000760,斯太退,1.54,15347180,654444268,771844628,118864.072712
2020-01-23,SH600078,澄星股份,4.7,18503031,662572861,662572861,311409.24467
2020-01-23,SH600081,东风科技,11.59,5525931,313560000,313560000,363416.04
2020-01-23,SH600103,青山纸业,2.04,11432670,2305817807,2305817807,470386.832628
2020-01-23,SZ000796,凯撒旅业,7.54,13261794,802525358,803000258,605462.194532
2020-01-23,SZ000733,振华科技,19,19287796,514805618,514805618,978130.6742
2020-01-23,SH600099,林海股份,6.28,3457770,219120000,219120000,137607.36
2020-01-23,SH600073,光明肉业,7.31,12608534,937729472,937729472,685480.244032
2020-01-23,SH600091,退市明科,3.54,2507254,437412524,437412524,154844.033496
2020-01-23,SZ000762,西藏矿业,7.75,10214269,520795518,520819240,403634.911
2020-01-23,SH600095,湘财股份,9.55,25408707,361263565,361263565,345006.704575
2020-01-23,SZ000750,国海证券,4.65,114340426,5444522139,5444525514,2531704.36401
2020-01-23,SH600096,云天化,5.18,10135707,1321379138,1432434738,742001.194284
2020-01-23,SZ000777,中核科技,12.27,5333567,383406551,383417593,470453.386611
2020-01-23,SH600084,中信尼雅,2.53,7024350,1123726830,1123726830,284302.88799
2020-01-23,SZ000785,居然智家,9.64,11398167,251093698,6019830101,5803116.217364
2020-01-23,SZ000797,中国武夷,3.54,7835985,1562453872,1571514753,556316.222562
2020-01-23,SZ000729,燕京啤酒,6.31,12605392,2509443521,2818539341,1778498.324171
2020-01-23,SH600098,广州发展,6.26,3330157,2726196558,2726196558,1706599.045308
2020-01-23,SZ000799,酒鬼酒,37.02,12364793,324928980,324928980,1202887.08396
2020-01-23,SZ000868,安凯客车,5.54,14951800,695560203,733329168,406264.359072
2020-01-23,SZ000088,盐 田 港,5.31,5578543,1942200000,1942200000,1031308.2
2020-01-23,SZ000793,*ST华闻,3.35,68611700,1942659530,1997245457,669077.228095
2020-01-23,SZ000783,长江证券,6.88,63747562,5529462808,5529563428,3804339.638464
2020-01-23,SH600116,三峡水利,7.7,4244200,993005502,993005502,764614.23654
2020-01-23,SZ000756,新华制药,8.51,19110183,399495076,621859447,529202.389397
2020-01-23,SH600109,国金证券,8.83,34333501,3024359310,3024359310,2670509.27073
2020-01-23,SZ000795,英洛华,5.67,18053735,1131082293,1133684103,642798.886401
2020-01-23,SZ000816,智慧农业,1.34,16140067,1336277472,1418803318,190119.644612
2020-01-23,SH600108,亚盛集团,2.83,13645772,1946915121,1946915121,550976.979243
2020-01-23,SH600128,苏豪弘业,7.8,8263411,246767500,246767500,192478.65
2020-01-23,SZ000792,盐湖股份,8.48,16264435,2749899995,2786090601,2362604.829648
2020-01-23,SH600118,中国卫星,29.48,78846632,1182489135,1182489135,3485977.96998
2020-01-23,SZ000069,华侨城Ａ,7.08,48395407,7036209909,8202506415,5807374.54182
2020-01-23,SZ000789,万年青,10.91,21515427,797354771,797373678,869934.682698
2020-01-23,SH600111,北方稀土,10.14,33882052,3633066000,3633066000,3683928.924
2020-01-23,SZ000836,ST富通,3.56,25549579,1208408049,1208455224,430210.059744
2020-01-23,SH600105,永鼎股份,4.16,20318130,1238312350,1245447400,518106.1184
2020-01-23,SH600110,诺德股份,4.71,57480516,1150312097,1150312097,541796.997687
2020-01-23,SZ000823,超声电子,13.5,39171148,536920512,536966000,724904.1
2020-01-23,SZ000791,甘肃能源,3.51,9292221,1359529430,1359576680,477211.41468
2020-01-23,SH600117,西宁特钢,3.37,6376700,1045118252,1045118252,352204.850924
2020-01-23,SZ000818,航锦科技,28.4,55742016,676472452,689890000,1959287.6
2020-01-23,SZ000888,峨眉山Ａ,6.28,6765862,526913102,526913102,330901.428056
2020-01-23,SH600113,浙江东日,6.9,5839294,411431160,411431160,283887.5004
2020-01-23,SH600132,重庆啤酒,47.91,4278757,483971198,483971198,2318706.009618
2020-01-23,SZ000839,国安股份,3.44,40282232,3919007202,3919826352,1348420.265088
2020-01-23,SH600115,中国东航,5.1,74164645,9808485682,16379509203,8353549.69353
2020-01-23,SH600107,ST尔雅,6.75,14114124,360000000,360000000,243000
2020-01-23,SZ000848,承德露露,7.37,13095745,978355383,978562728,721200.730536
2020-01-23,SH600129,太极集团,11.36,11951921,543891070,556890744,632627.885184
2020-01-23,SZ000063,中兴通讯,39.17,111597708,3433568341,4192671843,16422695.609031
2020-01-23,SH600104,上汽集团,22.61,24893614,11683461365,11683461365,26416306.146265
2020-01-23,SZ000899,赣能股份,4.65,1770000,975674006,975677760,453690.1584
2020-01-23,SH600112,*ST天成,1.91,6608826,509204846,509204846,97258.125586
2020-01-23,SH600120,浙江东方,9.21,17336166,1210526446,1591386330,1465666.80993
2020-01-23,SZ000829,天音控股,6.09,11607805,929597944,1037325399,631731.167991
2020-01-23,SH600138,中青旅,11.4,21306152,723840000,723840000,825177.6
2020-01-23,SZ000889,中嘉博创,9.24,6518479,621643712,669101883,618250.139892
2020-01-23,SZ000898,鞍钢股份,3.03,13608771,7993692993,9405250201,2849790.810903
2020-01-23,SH600121,郑州煤电,2.23,9845000,1218412038,1218412038,271705.884474
2020-01-23,SZ000802,北京文化,10,21245970,711287755,715900255,715900.255
2020-01-23,SZ000761,本钢板材,3.73,4865342,3475371532,3875371532,1445513.581436
2020-01-23,SH600119,长江投资,5.95,5436702,307400000,307400000,182903
2020-01-23,SZ001896,豫能控股,3.36,14365700,929519373,1150587847,386597.516592
2020-01-23,SH600135,乐凯胶片,7.86,17761124,372991735,498534017,391847.737362
2020-01-23,SZ000886,海南高速,4.48,28149735,971960198,988828300,442995.0784
2020-01-23,SH600133,东湖高新,5.04,7503690,693170825,753802489,379916.454456
2020-01-23,SZ000798,中水渔业,5.68,3209917,319389000,319455000,181450.44
2020-01-23,SH600009,上海机场,68.98,21706716,1093476397,1926958448,13292159.374304
2020-01-23,SZ000429,粤高速Ａ,8.07,5980553,1302772793,2090806126,1687280.543682
2020-01-23,SH600139,*ST西源,3.29,19639321,661890508,661890508,217761.977132
2020-01-23,SH600136,ST明诚,11.9,13536151,486882186,584618623,695696.16137
2020-01-23,SZ000803,山高环能,13.2,487820,127730893,135350893,178663.17876
2020-01-23,SZ000876,新 希 望,18.14,39677688,4199538589,4216015009,7647851.226326
2020-01-23,SH600126,杭钢股份,4.91,15755854,3377189083,3377189083,1658199.839753
2020-01-23,SH600158,中体产业,9.77,13747861,657495392,843735373,824329.459421
2020-01-23,SZ000790,华神科技,5.1,44462106,615770240,616360564,314343.88764
2020-01-23,SH600131,国网信通,16.92,10540162,407658931,1107346251,1873629.856692
2020-01-23,SZ000807,云铝股份,4.72,63588325,2606691975,3128206556,1476513.494432
2020-01-23,SH600137,浪莎股份,14.26,751050,97217588,97217588,138632.280488
2020-01-23,SZ000806,银河退,2.03,13956877,698446876,1099911762,223282.087686
2020-01-23,SZ000089,深圳机场,9.03,25120336,2050769509,2050769509,1851844.866627
2020-01-23,SH600122,*ST宏图,2.19,59812241,1158258350,1158258350,253658.57865
2020-01-23,SH600168,武汉控股,6.52,2986124,709569692,709569692,462639.439184
2020-01-23,SZ000858,五 粮 液,126.16,41593668,3795770918,3881608005,48970366.59108
2020-01-23,SH600127,金健米业,3.88,12233550,641783218,641783218,249011.888584
2020-01-23,SZ000801,四川九洲,5.27,6056186,1022806646,1022806646,539019.102442
2020-01-23,SH600125,铁龙物流,5.61,13949842,1305521874,1305521874,732397.771314
2020-01-23,SH600157,永泰能源,1.42,127081698,12425795326,12425795326,1764462.936292
2020-01-23,SZ000883,湖北能源,3.83,15958771,6504493911,6507449486,2492353.153138
2020-01-23,SZ000813,德展健康,6.04,19213648,2241480450,2241481800,1353855.0072
2020-01-23,SH600150,中国船舶,21.41,10510192,1378117598,1378117598,2950549.777318
2020-01-23,SH600148,长春一东,12.91,993169,141516450,141516450,182697.73695
2020-01-23,SH600159,大龙地产,2.42,2604900,830003232,830003232,200860.782144
2020-01-23,SH600156,华升股份,4.23,4483124,402110702,402110702,170092.826946
2020-01-23,SZ000811,冰轮环境,7,9161880,745825443,745837804,522086.4628
2020-01-23,SH600165,ST宁科,3.69,8970103,684883775,684883775,252722.112975
2020-01-23,SZ000810,创维数字,14.2,31278021,981850051,1058283534,1502762.61828
2020-01-23,SZ000878,云南铜业,12.05,29369326,1416391956,1699678560,2048112.6648
2020-01-23,SH600163,中闽能源,3.39,5854850,999465230,999465230,338818.71297
2020-01-23,SH600166,福田汽车,2,52531809,6575192047,6575192047,1315038.4094
2020-01-23,SZ000065,北方国际,8.1,4914413,673081824,769505410.5,623299.382505
2020-01-23,SH600151,航天机电,4.62,13011437,1434252287,1434252287,662624.556594
2020-01-23,SZ000815,美利云,6.81,12655852,695263035,695263035,473474.126835
2020-01-23,SH600152,维科技术,7.01,22527919,300274190,420920087,295064.980987
2020-01-23,SH600162,香江控股,2.22,8863000,2981208559,3395781424,753863.476128
2020-01-23,SH600161,天坛生物,31.32,16550074,1045366807,1045366807,3274088.839524
2020-01-23,SZ000809,和展能源,2.2,6877327,824791293,824791293,181454.08446
2020-01-23,SZ000882,华联股份,2.18,32994708,2482155138,2737351947,596742.724446
2020-01-23,SH600153,建发股份,8.57,17988864,2835200530,2835200530,2429766.85421
2020-01-23,SH600170,上海建工,3.38,29213975,8486909929,8904397728,3009686.432064
2020-01-23,SZ000812,陕西金叶,3.15,14505189,670303990,768692614,242138.17341
2020-01-23,SZ000821,ST京机,6.15,28756387,451915213,538235280,331014.6972
2020-01-23,SH600160,巨化股份,6.97,28573303,2745166103,2745166103,1913380.773791
2020-01-23,SH600188,兖矿能源,9.68,21306844,2959879500,4912016000,4754831.488
2020-01-23,SH600180,瑞茂通,6.73,2997228,1016477464,1016477464,684089.333272
2020-01-23,SZ000822,山东海化,4.37,11546658,895091926,895091926,391155.171662
2020-01-23,SH600196,复星医药,26.18,29110099,2010958045,2562898545,6709668.39081
2020-01-23,SZ000830,鲁西化工,9.66,24812709,1464110715,1464860778,1415055.511548
2020-01-23,SH600199,金种子酒,5.84,11416739,555775002,657796824,384153.345216
2020-01-23,SZ000856,冀东装备,10.14,5182238,227000000,227000000,230178
2020-01-23,SH600186,莲花控股,2.76,28863581,1379923955,1379923955,380859.01158
2020-01-23,SZ000881,中广核技,6.97,4392900,308054400,945425815,658961.793055
2020-01-23,SH600169,ST太重,2.08,21160934,2563955000,2563955000,533302.64
2020-01-23,SZ000862,银星能源,4.95,8644940,501352890,706118997,349528.903515
2020-01-23,SH600155,华创云信,12.72,21999784,1739556648,1739556648,2212716.056256
2020-01-23,SH600171,上海贝岭,19.21,96395841,673807773,703840714,1352078.011594
2020-01-23,SZ000581,威孚高科,18.28,13666767,836490491,1008950570,1844361.64196
2020-01-23,SZ000837,秦川机床,3.99,16774723,582606476,693370910,276654.99309
2020-01-23,SZ000850,华茂股份,4.03,18926917,943382489,943665009,380296.998627
2020-01-23,SH600189,泉阳泉,3.51,4718539,477009588,716874877,251623.081827
2020-01-23,SH600178,东安动力,4.71,3308800,462080000,462080000,217639.68
2020-01-23,SZ000825,太钢不锈,3.85,24464222,5696058301,5696247796,2193055.40146
2020-01-23,SH600198,大唐电信,9.51,13756728,880454735,882108472,838885.156872
2020-01-23,SH600183,生益科技,24.32,57257656,2276191340,2276191340,5535697.33888
2020-01-23,SZ000861,海印股份,2.37,8988532,2044777556,2236285619,529999.691703
2020-01-23,SZ000860,顺鑫农业,52.4,10936277,741766989,741766989,3886859.02236
2020-01-23,SH600179,安通控股,4.52,17380451,673639430.8,1486979915.4,672114.9217608
2020-01-23,SZ000833,粤桂股份,4.8,4088219,378084222,668401851,320832.88848
2020-01-23,SZ000859,国风新材,5.19,28546873,739312480,739449730,383774.40987
2020-01-23,SH600177,雅戈尔,6.92,29448732,5014026294,5014026294,3469706.195448
2020-01-23,SZ000852,石化机械,6.1,16264964,777604997,777604997,474339.04817
2020-01-23,SH600172,黄河旋风,2.74,16579626,1186683183,1442184476,395158.546424
2020-01-23,SH600218,全柴动力,10.35,11646370,368755000,368755000,381661.425
2020-01-23,SZ000887,中鼎股份,9.46,23597459,1218101024,1220820947,1154896.615862
2020-01-23,SH600191,华资实业,4.81,5434425,484932000,484932000,233252.292
2020-01-23,SZ000895,双汇发展,29.26,14900997,882554826,3319282190,9712219.68794
2020-01-23,SH600123,兰花科创,6.09,11581204,1142400000,1142400000,695721.6
2020-01-23,SZ000078,海王生物,4.82,220608655,2621960808,2762583257,1331565.129874
2020-01-23,SH600192,长城电工,4.99,4212897,441748000,441748000,220432.252
2020-01-23,SZ000893,亚钾国际,6.22,1950701,400741950,756903272,470793.835184
2020-01-23,SH600195,中牧股份,11.77,26354654,842408000,842408000,991514.216
2020-01-23,SZ000877,天山股份,10.69,16672083,880094899,1048722959,1121084.843171
2020-01-23,SZ000892,欢瑞世纪,5.57,32378482,538176216,980980473,546406.123461
2020-01-23,SH600201,生物股份,20.16,19008486,1126240241,1126240241,2270500.325856
2020-01-23,SZ000890,法尔胜,5.19,17256443,379624602,379641600,197033.9904
2020-01-23,SH600228,*ST返利,6.11,1673501,241320000,241320000,147446.52
2020-01-23,SZ000900,现代投资,4.22,8785905,1517099610,1517828334,640523.556948
2020-01-23,SH600167,联美控股,12.7,4197948,2288119475,2288119475,2905911.73325
2020-01-23,SH600266,城建发展,7.73,11510128,1880448000,1880448000,1453586.304
2020-01-23,SZ000908,*ST景峰,3.36,17397047,708262389,879774351,295604.181936
2020-01-23,SZ000928,中钢国际,4.47,6972942,806384679,1256662942,561728.335074
2020-01-23,SH600007,中国国贸,15.71,2307045,1007282534,1007282534,1582440.860914
2020-01-23,SH600206,有研新材,13.44,74248757,838778332,846681332,1137939.710208
2020-01-23,SZ000917,电广传媒,6.38,26522150,1294639951,1417556338,904400.943644
2020-01-23,SH600209,退市罗顿,3.26,6990992,439011169,439011169,143117.641094
2020-01-23,SH600200,退市苏吴,7.37,104820470,710764866,712388832,525030.569184
2020-01-23,SZ000901,航天科技,11.77,18910724,567006340,614190718,722902.475086
2020-01-23,SZ000902,新洋丰,7.58,15931500,1172878750,1304529290,988833.20182
2020-01-23,SH600175,退市美都,1.54,38782300,3576488773,3576488773,550779.271042
2020-01-23,SH600173,卧龙新能,4.88,3670987,699804244,701118244,342145.703072
2020-01-23,SZ000903,ST云动,2.66,13571160,1767232428,1970800857,524233.027962
2020-01-23,SH600176,中国巨石,10,49609606,3502306849,3502306849,3502306.849
2020-01-23,SZ000897,津滨发展,2.17,23333300,1617244634,1617272234,350948.074778
2020-01-23,SH600359,新农开发,5.3,12289768,381512820,381512820,202201.7946
2020-01-23,SZ000905,厦门港务,6.91,7137542,531000000,625191522,432007.341702
2020-01-23,SZ000909,ST数源,7.87,7262249,312352464,312352464,245821.389168
2020-01-23,SH600203,福日电子,6.74,12231432,456447120,456447120,307645.35888
2020-01-23,SZ000913,钱江摩托,10.96,4961476,453536000,453536000,497075.456
2020-01-23,SH600193,*ST创兴,3.56,2722031,425373000,425373000,151432.788
2020-01-23,SZ000911,广农糖业,6.33,4057502,324080937,324080937,205143.233121
2020-01-23,SZ000912,泸天化,4.59,6225802,1568000000,1568000000,719712
2020-01-23,SH600202,哈空调,4.71,3220671,383340672,383340672,180553.456512
2020-01-23,SH600190,退市锦港,2.91,4159825,1779484530,2002291500,582666.8265
2020-01-23,SZ000915,华特达因,25.41,5858345,233432457,234331485,595436.303385
2020-01-23,SH600185,珠免集团,4.62,4895678,2061091430,2061091430,952224.24066
2020-01-23,SZ000925,众合科技,7.25,18295838,453227361,549564903,398434.554675
2020-01-23,SZ000920,沃顿科技,6.48,3063031,421811575,422000000,273456
2020-01-23,SH600141,兴发集团,10.08,13276876,713646993,1028232663,1036458.524304
2020-01-23,SZ000922,佳电股份,7.51,6252668,485302919,498663378,374496.196878
2020-01-23,SZ000926,福星股份,6.03,13466855,946496227,962462474,580364.871822
2020-01-23,SH600208,衢州发展,3.51,113859509,8598171921,8599343536,3018369.581136
2020-01-23,SZ000929,*ST兰黄,6.7,1867441,185754223,185766000,124463.22
2020-01-23,SZ000835,长动退,4.21,17197067,302895000,326760374,137566.117454
2020-01-23,SZ000910,大亚圣象,13.1,16156962,547152425,553669500,725307.045
2020-01-23,SH600146,退市环球,12.71,13547670,469970000,469970000,597331.87
2020-01-23,SZ000906,浙商中拓,5.83,4915668,654865632,674657975,393325.599425
2020-01-23,SZ000930,中粮科技,6.69,30140324,812411115,1847644377,1236074.088213
2020-01-23,SZ000931,中 关 村,9.24,16826427,702090549,753126982,695889.331368
2020-01-23,SZ000921,海信家电,11.31,14932627,902124952,1362725370,1541242.39347
2020-01-23,SZ000923,河钢资源,14.13,4708055,198000000,652728961,922306.021893
2020-01-23,SH600207,安彩高科,4.59,6177100,862955974,862955974,396096.792066
2020-01-23,SZ000918,*ST嘉凯,5.74,5271501,1804191500,1804191500,1035605.921
2020-01-23,SZ000090,天健集团,5.06,15376889,1868415681,1868545434,945483.989604
2020-01-23,SH600211,西藏药业,34.95,3612349,143068254,177098459,618959.114205
2020-01-23,SZ000927,中国铁物,4.29,20904001,1595170960,1595174020,684329.65458
2020-01-23,SH600006,东风股份,4.35,12154523,2000000000,2000000000,870000
2020-01-23,SZ000932,华菱钢铁,4.43,44013273,4221497778,4221910035,1870306.145505
2020-01-23,SZ000936,华西股份,7.61,26854200,885337139,886012887,674255.807007
2020-01-23,SH600212,绿能慧充,3.72,10290129,511697213,511697213,190351.363236
2020-01-23,SZ000935,四川双马,14.26,11576358,763438646,763440333,1088665.914858
2020-01-23,SH600210,紫江企业,3.73,9164690,1516736158,1516736158,565742.586934
2020-01-23,SZ000933,神火股份,4.85,37083023,1900468250,1900500000,921742.5
2020-01-23,SH600215,派斯林,9.4,23176020,465032880,465032880,437130.9072
2020-01-23,SZ000937,冀中能源,3.44,14925901,2906599842,3533546850,1215540.1164
2020-01-23,SH600197,伊力特,14.96,6852243,434340528,434340528,649773.429888
2020-01-23,SH600145,退市新亿,1.87,0,1491100380,1491100380,278835.77106
2020-01-23,SH600220,ST阳光,2.17,8985196,1783340326,1783340326,386984.850742
2020-01-23,SZ000948,南天信息,10.78,5351942,320451898,320587859,345593.712002
2020-01-23,SH600149,廊坊发展,5.12,3692400,380160000,380160000,194641.92
2020-01-23,SZ000949,新乡化纤,3.57,20434852,1257115303,1257656049,448983.209493
2020-01-23,SH600216,浙江医药,13.3,38211642,965123725,965128000,1283620.24
2020-01-23,SZ000938,紫光股份,33.06,17484580,2042914196,2042914196,6753874.331976
2020-01-23,SH600222,太龙药业,5.52,57288379,570382633,573886283,316785.228216
2020-01-23,SH600000,浦发银行,11.35,76534796,28103763899,29352080397,33314611.250595
2020-01-23,SZ000952,广济药业,10.26,11899497,251695243,251705513,258249.856338
2020-01-23,SH600226,亨通股份,2.85,81835756,1992869005.4,3138640148.8,894512.442408
2020-01-23,SZ000919,金陵药业,7.25,8586845,502789277,504000000,365400
2020-01-23,SH600268,国电南自,5.08,8948145,635246434,695265184,353194.713472
2020-01-23,SH600221,海航控股,1.67,109582979,16436002728,16806120330,2806622.09511
2020-01-23,SZ000953,河化股份,3.95,2523000,294059437,340260127,134402.750165
2020-01-23,SH600239,云南城投,2.88,16984086,1605686909,1605686909,462437.829792
2020-01-23,SZ000955,欣龙控股,7.31,98396450,537598350,538395000,393566.745
2020-01-23,SH600217,中再资环,5.74,24866038,1318910776,1388659782,797090.714868
2020-01-23,SZ000959,首钢股份,3.35,8136670,5057099619,5289389600,1771945.516
2020-01-23,SZ000958,电投产融,5.26,10792647,1099273226,5383418520,2831678.14152
2020-01-23,SH600219,南山铝业,2.24,94352715,9787339527,11950481520,2676907.86048
2020-01-23,SZ000957,中通客车,7.15,20562558,592892704,592903936,423926.31424
2020-01-23,SH600223,福瑞达,10.12,77946590,1000968000,1000968000,1012979.616
2020-01-23,SZ000962,东方钽业,6.81,5871780,440831060,440832644,300207.030564
2020-01-23,SH600238,*ST椰岛,5.47,1233373,445001580,448200000,245165.4
2020-01-23,SZ000963,华东医药,20.85,22762510,1749784303,1749809548,3648352.90758
2020-01-23,SZ000960,锡业股份,10.56,22251853,1668768729,1668776379,1762227.856224
2020-01-23,SH600227,赤天化,2.63,8039794,1278179547,1693134201,445294.294863
2020-01-23,SH600500,中化国际,5.21,15253511,2707916472,2707916472,1410824.481912
2020-01-23,SZ000961,ST中南,9.29,29148641,3699838250,3709788797,3446393.792413
2020-01-23,SH600229,城市传媒,9.72,29429419,702096010,702096010,682437.32172
2020-01-23,SZ000999,华润三九,35.76,20370475,978395308,978900000,3500546.4
2020-01-23,SZ000966,长源电力,4.49,12960523,1108284080,1108284080,497619.55192
2020-01-23,SH600236,桂冠电力,4.57,7409109,7882377802,7882377802,3602246.655514
2020-01-23,SZ000967,盈峰环境,6.12,9972128,2004068402,3163062146,1935794.033352
2020-01-23,SH600230,沧州大化,9.6,7196552,411863502,411863502,395388.96192
2020-01-23,SZ000965,天保基建,3.15,5837495,1109830895,1109830895,349596.731925
2020-01-23,SZ000518,*ST四环,5.49,152181750,1029535693,1029556222,565226.365878
2020-01-23,SZ000970,中科三环,10.75,37336205,1065200000,1065200000,1145090
2020-01-23,SH600299,安迪苏,10.87,7763585,2681901273,2681901273,2915226.683751
2020-01-23,SH600008,首创环保,3.27,24935656,5685448207,5685448207,1859141.563689
2020-01-23,SZ000971,*ST高升,2.33,1032000,789769436,1055307925,245886.746525
2020-01-23,SZ000070,特发信息,10.37,17145679,793667949,815002299,845157.384063
2020-01-23,SH600231,凌钢股份,2.53,8341667,2771082743,2771082743,701083.933979
2020-01-23,SH600269,赣粤高速,3.98,13619100,2335407014,2335407014,929491.991572
2020-01-23,SZ000978,桂林旅游,5.01,3849783,360053425,360100000,180410.1
2020-01-23,SZ000973,佛塑科技,4.35,29301523,967399968,967423171,420829.079385
2020-01-23,SH600256,广汇能源,3.25,31891747,6751242780,6793974970,2208041.86525
2020-01-23,SZ000301,东方盛虹,5.05,10652978,1218236445,4029053222,2034671.87711
2020-01-23,SZ000969,安泰科技,7.01,20686346,1000760192,1026008097,719231.675997
2020-01-23,SH600258,首旅酒店,17.2,19053496,978891302,987722962,1698883.49464
2020-01-23,SZ000976,*ST华铁,5.01,23126674,1594435724,1595678796,799435.076796
2020-01-23,SH600232,金鹰股份,7.53,25232316,364718544,364718544,274633.063632
2020-01-23,SZ000988,华工科技,22.12,91454173,1005176982,1005502707,2224171.987884
2020-01-23,SH600233,圆通速递,13.96,16297204,2835759286,2842571478,3968229.783288
2020-01-23,SZ000977,浪潮信息,34.13,50179202,1289252171,1289252171,4400217.659623
2020-01-23,SZ000975,山金国际,12.39,20882748,1237422864,1983373047,2457399.205233
2020-01-23,SH600237,铜峰电子,3.34,10632122,564369565,564369565,188499.43471
2020-01-23,SH600257,大湖股份,3.97,6058900,481237188,481237188,191051.163636
2020-01-23,SH600235,民丰特纸,4.85,7591200,351300000,351300000,170380.5
2020-01-23,SH600234,科新发展,9.56,834653,202445880,202445880,193538.26128
2020-01-23,SZ000980,众泰汽车,2.56,28918353,1245944713,2027671288,519083.849728
2020-01-23,SZ000968,蓝焰控股,9.64,3547147,513514730,967502660,932672.56424
2020-01-23,SZ000989,九芝堂,9.38,20759033,588888095,869354236,815454.273368
2020-01-23,SH600240,退市华业,0.41,56775752,1424253600,1424253600,58394.3976
2020-01-23,SH600262,北方股份,17.43,905168,170000000,170000000,296310
2020-01-23,SH600300,维维股份,2.94,21169496,1672000000,1672000000,491568
2020-01-23,SH600130,*ST波导,3.65,14052402,768000000,768000000,280320
2020-01-23,SZ000982,中银绒业,1.54,17053800,4261877053,4261877053,656329.066162
2020-01-23,SZ000990,诚志股份,13.63,5023216,834025091,1253011919,1707855.245597
2020-01-23,SH600260,*ST凯乐,12.8,62117406,948779934,1000715029,1280915.23712
2020-01-23,SH600278,东方创业,10.9,11544191,522241739,522241739,569243.49551
2020-01-23,SH600301,华锡有色,6.73,1044207,235148140,235148140,158254.69822
2020-01-23,SZ000996,中期退,9.54,13039721,345000000,345000000,329130
2020-01-23,SZ000987,越秀资本,9.02,14770122,2667282870,2752884754,2483102.048108
2020-01-23,SH600018,上港集团,5.2,56259057,23173674650,23173674650,12050310.818
2020-01-23,SH600289,ST信通,3.4,7213600,565922684,631052069,214557.70346
2020-01-23,SH600261,阳光照明,4.4,21034651,1452102930,1452102930,638925.2892
2020-01-23,SZ000096,广聚能源,10.82,1491318,510848000,528000000,571296
2020-01-23,SZ000158,常山北明,7.01,72705068,1569910190,1598616721,1120630.321421
2020-01-23,SH600267,海正药业,11.52,70670204,965531842,965531842,1112292.681984
2020-01-23,SH600277,ST亿利,4.13,26588100,2674005085,2738940149,1131182.281537
2020-01-23,SZ000985,大庆华科,15.19,1689396,129639500,129639500,196922.4005
2020-01-23,SZ000983,山西焦煤,5.58,27093655,3151197660,3151200000,1758369.6
2020-01-23,SZ000099,中信海直,7.1,5143093,606070420,606070420,430309.9982
2020-01-23,SH600291,退市西水,8.24,14065701,1093064378,1093064378,900685.047472
2020-01-23,SZ000993,闽东电力,6.95,5753529,373000000,457951455,318276.261225
2020-01-23,SH600279,重庆港,4.19,5046203,692958572,1186866283,497296.972577
2020-01-23,SZ000150,*ST宜康,4.24,24199615,805990242,877697557,372143.764168
2020-01-23,SZ000997,新 大 陆,18.67,37744194,1016136566,1051889717,1963878.101639
2020-01-23,SH600275,退市昌鱼,2.03,6619310,508837238,508837238,103293.959314
2020-01-23,SH600298,安琪酵母,27.97,7612214,824080943,824080943,2304954.397571
2020-01-23,SH600265,ST景谷,23.79,86507,129800000,129800000,308794.2
2020-01-23,SH600287,苏豪时尚,5.86,4619069,436796074,436796074,255962.499364
2020-01-23,SZ000151,中成股份,9.7,4745625,266543967,295980000,287100.6
2020-01-23,SH600282,南钢股份,3.23,22454000,4429543457,4429543457,1430742.536611
2020-01-23,SH600293,三峡新材,3.01,14898917,1162132046,1162132046,349801.745846
2020-01-23,SZ000153,丰原药业,6.87,10065163,311977230,312141230,214441.02501
2020-01-23,SH600358,ST联合,3.88,11127800,504936660,504936660,195915.42408
2020-01-23,SH600246,万通发展,5.2,13043605,2054009302,2054009302,1068084.83704
2020-01-23,SZ000159,国际实业,5.53,13197700,480685993,480685993,265819.354129
2020-01-23,SH600280,中央商场,2.28,8878000,1148334872,1148334872,261820.350816
2020-01-23,SZ000972,*ST中基,3.4,3990501,771283579,771283579,262236.41686
2020-01-23,SH600308,华泰股份,4.5,14239380,1167561419,1167561419,525402.63855
2020-01-23,SZ000157,中联重科,6.3,46299865,6417383926,7873274641,4960163.02383
2020-01-23,SH600283,钱江水利,9.7,1605131,352995758,352995758,342405.88526
2020-01-23,SH600276,恒瑞医药,87.99,23701555,4410020063,4422814197,38916342.119403
2020-01-23,SH600285,羚锐制药,9.96,10343687,567808992,567808992,565537.756032
2020-01-23,SZ000869,张  裕Ａ,27.37,1952489,453460800,685464000,1876114.968
2020-01-23,SH600366,宁波韵升,6.19,24171187,989113721,989113721,612261.393299
2020-01-23,SH600292,电投水电,5.54,4998171,780816890,780816890,432572.55706
2020-01-23,SH600290,*ST华仪,2.17,24630171,759903511,759903511,164899.061887
2020-01-23,SH600281,华阳新材,3.96,3608633,514402025,514402025,203703.2019
2020-01-23,SH600297,广汇汽车,3.69,46893313,8110301750,8159979350,3011032.38015
2020-01-23,SH600243,*ST海华,3.57,11688565,438850000,438850000,156669.45
2020-01-23,SZ000488,ST晨鸣,4.95,19682250,1656524003,2904608200,1437781.059
2020-01-23,SH600255,鑫科材料,1.4,19917500,1769593555,1769593555,247743.0977
2020-01-23,SH600247,*ST成城,3.87,2070194,336441600,336441600,130202.8992
2020-01-23,SH600337,美克家居,4.27,13511674,1728311198,1770912736,756179.738272
2020-01-23,SH600241,时代万恒,4.4,5435763,251567072,294302115,129492.9306
2020-01-23,SH600288,大恒科技,12.64,10134874,436800000,436800000,552115.2
2020-01-23,SH600252,中恒集团,3.27,37976724,3475107147,3475107147,1136360.037069
2020-01-23,SH600422,昆药集团,11.13,22579417,759710592,760947792,846934.892496
2020-01-23,SH600318,新力金融,6.32,6587800,484000000,513364429,324446.319128
2020-01-23,SH600333,长春燃气,5.08,3955413,529619808,609030684,309387.587472
2020-01-23,SZ000998,隆平高科,17.97,60720745,965064493,1316970298,2366595.625506
2020-01-23,SH600019,宝钢股份,5.43,72919584,22155349100,22274460375,12095031.983625
2020-01-23,SH600302,标准股份,4.33,3172272,346009804,346009804,149822.245132
2020-01-23,SH600316,洪都航空,13.92,13493499,717114512,717114512,998223.400704
2020-01-23,SH600038,中直股份,44.43,4718910,589476716,589476716,2619045.049188
2020-01-23,SH600016,民生银行,6.08,117284146,35462123213,43782418502,26619710.449216
2020-01-23,SH600307,酒钢宏兴,1.9,34426900,6263357424,6263357424,1190037.91056
2020-01-23,SH600368,五洲交通,4.36,13094669,1125632068,1125632068,490775.581648
2020-01-23,SH600320,振华重工,3.54,8066701,3321997661,5268353501,1864997.139354
2020-01-23,SH600328,中盐化工,8.39,22768621,438031073,836084045,701474.513755
2020-01-23,SH600345,长江通信,20.73,4136412,198000000,198000000,410454
2020-01-23,SH600323,瀚蓝环境,19.99,6504049,766264018,766264018,1531761.771982
2020-01-23,SZ000726,鲁  泰Ａ,9.15,3256417,561077152,858121541,785181.210015
2020-01-23,SH600339,中油工程,3.18,25045166,5583147471,5583147471,1775440.895778
2020-01-23,SH600306,退市商城,5.21,3096895,177455496,178138918,92810.376278
2020-01-23,SH600303,曙光股份,3.43,8701288,675604211,675604211,231732.244373
2020-01-23,SH600338,西藏珠峰,10.89,11132623,914210168,914210168,995574.872952
2020-01-23,SH600398,海澜之家,7.44,12954439,4420012481,4420012481,3288489.285864
2020-01-23,SH600399,抚顺特钢,3.44,10614136,1972100000,1972100000,678402.4
2020-01-23,SH600336,澳柯玛,4.45,10431186,776753269,799183269,355636.554705
2020-01-23,SH600388,龙净环保,9.68,7587572,1069050000,1069050000,1034840.4
2020-01-23,SH600309,万华化学,51.91,24097403,1423756420,3139746626,16298424.735566
2020-01-23,SH600400,红豆股份,3.56,32844107,2533256912,2533256912,901839.460672
2020-01-23,SH600369,西南证券,5.07,63552853,5645109124,5645109124,2862070.325868
2020-01-23,SH600389,江山股份,19.92,1815202,297000000,297000000,591624
2020-01-23,SH600378,昊华科技,17.8,5380695,202171540,896624657,1595991.88946
2020-01-23,SZ000725,京东方Ａ,4.72,1068219516,33859749557,34798398763,16424844.216136
2020-01-23,SH600365,ST通葡,3.79,9557659,400000000,400000000,151600
2020-01-23,SH600390,五矿资本,7.92,24561214,4498065459,4498065459,3562467.843528
2020-01-23,SH600377,宁沪高速,11.43,10051179,3799766821,5037747500,5758145.3925
2020-01-23,SH600326,西藏天路,6.92,14143731,865384510,865384510,598846.08092
2020-01-23,SH600382,广东明珠,6.77,3969100,606872165,606872165,410852.455705
2020-01-23,SH600330,天通股份,8.75,66524103,996565730,996565730,871995.01375
2020-01-23,SH600332,白云山,37.68,33086410,1405890949,1625790949,6125980.295832
2020-01-23,SH600305,恒顺醋业,16.64,22664464,783559400,783559400,1303842.8416
2020-01-23,SH600037,歌华有线,9.13,17229622,1391777884,1391777884,1270693.208092
2020-01-23,SH600033,福建高速,3.03,7879652,2744400000,2744400000,831553.2
2020-01-23,SH600466,*ST蓝光,6.87,21481763,3012516035,3012516035,2069598.516045
2020-01-23,SH600386,北巴传媒,3.7,7052140,806400000,806400000,298368
2020-01-23,SH600312,平高电气,6.35,10699621,1356921309,1356921309,861645.031215
2020-01-23,SH600558,大西洋,3.09,9284898,897604831,897604831,277359.892779
2020-01-23,SH600272,开开实业,7.36,1162397,160000000,243000000,178848
2020-01-23,SH600550,保变电气,3.17,8253037,1534607067,1841528480,583764.52816
2020-01-23,SH600310,广西能源,4.13,4632717,827775000,827775000,341871.075
2020-01-23,SH600335,国机汽车,5.67,8256500,1029736837,1456875351,826048.324017
2020-01-23,SH600250,南京商旅,5.99,2125800,258692460,310593879,186045.733521
2020-01-23,SH600010,包钢股份,1.25,272354815,31677211587,45585032648,5698129.081
2020-01-23,SH600376,首开股份,7.42,8542344,2579565242,2579565242,1914037.409564
2020-01-23,SH600315,上海家化,28.45,6891507,671248461,671248461,1909701.871545
2020-01-23,SH600360,*ST华微,7.25,101623767,959348429,963971304,698879.1954
2020-01-23,SH600393,ST粤泰,2.83,21965071,988205552,2536247870,717758.14721
2020-01-23,SH600518,康美药业,3.44,70253777,4407830716,4973861675,1711008.4162
2020-01-23,SH600367,红星发展,7.64,3921958,291200000,298045000,227706.38
2020-01-23,SH600319,亚星化学,5.72,13410710,315594000,315594000,180519.768
2020-01-23,SH600555,退市海创,2.02,20774150,973500000,1303500000,263307
2020-01-23,SH600396,华电辽能,1.95,6103000,1472706817,1472706817,287177.829315
2020-01-23,SH600363,联创光电,15.2,12932261,443476750,443476750,674084.66
2020-01-23,SH600383,金地集团,13.17,27661660,4514583572,4514583572,5945706.564324
2020-01-23,SH600356,恒丰纸业,7.32,2883329,298731378,298731378,218671.368696
2020-01-23,SH600295,鄂尔多斯,8.2,5047419,612000000,1427947069,1170916.59658
2020-01-23,SH600381,*ST春天,5.28,6432246,587060741,587060741,309968.071248
2020-01-23,SH600588,用友网络,32.56,30642315,2492673206,2503898164,8152692.421984
2020-01-23,SH600568,ST中珠,1.54,54628931,1564948288,1992869681,306901.930874
2020-01-23,SH600321,正源股份,2.19,8437901,1510550000,1510550000,330810.45
2020-01-23,SH600528,中铁工业,10.35,7529359,1837748895,2221551588,2299305.89358
2020-01-23,SH600395,盘江股份,5.84,5921231,1655051861,1655051861,966550.286824
2020-01-23,SH600329,达仁堂,14.13,8741636,565868076,772803076,1091970.746388
2020-01-23,SH600380,健康元,10.38,25954216,1938033338,1938033338,2011678.604844
2020-01-23,SH600589,大位科技,5.09,10844700,704033281,704033281,358352.940029
2020-01-23,SH600468,百利电气,3.82,12070531,1121895038,1121895038,428563.904516
2020-01-23,SH600501,航天晨光,8.58,13392878,421283600,421283600,361461.3288
2020-01-23,SH600488,津药药业,4.65,20738336,976578766,1091886680,507727.3062
2020-01-23,SH600311,*ST荣华,2.74,71893965,665600000,665600000,182374.4
2020-01-23,SH600419,天润乳业,12.17,5724302,268599337,268599337,326885.393129
2020-01-23,SH600530,交大昂立,4.19,5090700,780000000,780000000,326820
2020-01-23,SH600028,中国石化,4.94,110492183,95557771046,121071209646,59809177.565124
2020-01-23,SH600569,安阳钢铁,2.32,15292600,2393684489,2872421386,666401.761552
2020-01-23,SH600346,恒力石化,17.07,27035868,4631935609,7039099786,12015743.334702
2020-01-23,SH600566,济川药业,26.06,12090437,814922174,814922174,2123687.185444
2020-01-23,SH600498,烽火通信,26,21296153,1106939199,1170984634,3044560.0484
2020-01-23,SH600418,江淮汽车,4.9,21749197,1893312117,1893312117,927722.93733
2020-01-23,SH600539,狮头股份,6.42,678900,230000000,230000000,147660
2020-01-23,SH600519,贵州茅台,1052.8,5346843,1256197800,1256197800,132252504.384
2020-01-23,SH600599,*ST熊猫,9.85,4101940,166000000,166000000,163510
2020-01-23,SH600508,上海能源,8.98,3549070,722718000,722718000,649000.764
2020-01-23,SH600448,华纺股份,5,8950500,514697434,524849718,262424.859
2020-01-23,SH600596,新安股份,9.26,15504797,694830633,705284633,653093.570158
2020-01-23,SH600322,津投城开,2.83,14271496,1105700000,1105700000,312913.1
2020-01-23,SH600361,创新新材,3.61,5612101,665807918,665807918,240356.658398
2020-01-23,SH600011,华能国际,5.41,27433052,10997709919,15698093359,8492668.507219
2020-01-23,SH600391,航发科技,14.51,5874670,330129367,330129367,479017.711517
2020-01-23,SH600567,山鹰国际,3.35,42261841,4584723439,4584723439,1535882.352065
2020-01-23,SH600331,宏达股份,2.49,20846524,2032000000,2032000000,505968
2020-01-23,SH600548,深高速,10.43,6378553,1433270326,2180770326,2274543.450018
2020-01-23,SH600506,统一股份,9.51,2604951,147706873,147706873,140469.236223
2020-01-23,SH600523,贵航股份,13.78,6470090,404044620,404311320,557140.99896
2020-01-23,SH600520,三佳科技,10.69,2066207,158430000,158430000,169361.67
2020-01-23,SH600362,江西铜业,15.13,25554533,2075247405,3462729405,5239109.589765
2020-01-23,SH600379,宝光股份,5.37,2239761,330201564,330201564,177318.239868
2020-01-23,SH600317,营口港,2.42,10707200,6472983003,6472983003,1566461.886726
2020-01-23,SH600583,海油工程,7.19,24970172,4421354800,4421354800,3178954.1012
2020-01-23,SH600585,海螺水泥,48,43507835,3999702579,5299302579,25436652.3792
2020-01-23,SH600509,天富能源,3.38,7077302,905696586,1151415017,389178.275746
2020-01-23,SH600373,中文传媒,14.37,32548056,1355063719,1355063719,1947226.564203
2020-01-23,SH600350,山东高速,4.5,6916510,4811165857,4811165857,2165024.63565
2020-01-23,SH600533,栖霞建设,3.2,10774364,1050000000,1050000000,336000
2020-01-23,SH600598,北大荒,9.8,21816738,1777679909,1777679909,1742126.31082
2020-01-23,SH600036,招商银行,36.81,78750274,20628944429,25219845601,92834251.657281
2020-01-23,SH600456,宝钛股份,25.11,14012912,430265700,430265700,1080397.1727
2020-01-23,SH600855,航天长峰,11.8,7187475,340931629,439591087,518717.48266
2020-01-23,SH600428,中远海特,3.56,10214104,2146650771,2146650771,764207.674476
2020-01-23,SH600486,扬农化工,64.52,4266808,309898907,309898907,1999467.747964
2020-01-23,SH600833,第一医药,9.79,4316401,223086347,223086347,218401.533713
2020-01-23,SH600837,海通证券,14.55,89055792,8092131180,11501700000,16734973.5
2020-01-23,SH600415,小商品城,3.91,20159822,5443214176,5443214176,2128296.742816
2020-01-23,SH600578,京能电力,2.92,6291300,5335024303,6746734457,1970046.461444
2020-01-23,SH600582,天地科技,3.1,24156888,4138588892,4138588892,1282962.55652
2020-01-23,SH600536,中国软件,72.3,23702338,494562782,494562782,3575688.91386
2020-01-23,SH600083,*ST博信,21.92,2337100,227993326,230000000,504160
2020-01-23,SH600845,宝信软件,37.62,6828969,833078779,1140370252,4290072.888024
2020-01-23,SH600026,中远海能,5.92,18540326,2736032861,4032032861,2386963.453712
2020-01-23,SH600505,西昌电力,8.96,4905100,364567500,364567500,326652.48
2020-01-23,SH600529,山东药玻,32.21,5547589,594967747,594967747,1916391.113087
2020-01-23,SH600496,精工钢构,3.17,27807879,1510445200,1810445200,573911.1284
2020-01-23,SH600580,卧龙电驱,11.8,35281406,1298655586,1301211586,1535429.67148
2020-01-23,SH600355,*ST精伦,3.18,10800907,492089200,492089200,156484.3656
2020-01-23,SH600510,黑牡丹,6.54,4430145,1047095025,1047095025,684800.14635
2020-01-23,SH600426,华鲁恒升,18.21,28781588,1619800949,1626659750,2962147.40475
2020-01-23,SZ000411,英特集团,12.39,2990200,207317071,248939935,308436.579465
2020-01-23,SH600327,大东方,4.38,77892295,884779518,884779518,387533.428884
2020-01-23,SH600595,中孚实业,2.11,6780334,1741540403,1961224057,413818.276027
2020-01-23,SZ000536,华映科技,2.51,40955262,2763081622,2766032803,694274.233553
2020-01-23,SH600818,中路股份,11,1959482,237957910,321447910,353592.701
2020-01-23,SH600397,江钨装备,2.42,15666800,989959882,989959882,239570.291444
2020-01-23,SH600590,泰豪科技,5.68,9869220,844175885,866298784,492057.709312
2020-01-23,SH600503,华丽家族,3.47,81449211,1602290000,1602290000,555994.63
2020-01-23,SH600721,百花医药,6.53,7550222,306020714,400386394,261452.315282
2020-01-23,SH600593,大连圣亚,40.6,1221786,128800000,128800000,522928
2020-01-23,SH600561,江西长运,5.32,6074337,237064000,237064000,126118.048
2020-01-23,SH600416,湘电股份,6.97,13548322,945834325,945834325,659246.524525
2020-01-23,SH600526,菲达环保,5.41,7251890,547404672,547404672,296145.927552
2020-01-23,SH600565,ST迪马,3.17,15642369,2368776284,2435976284,772204.482028
2020-01-23,SH600531,豫光金铅,4.43,17607013,1090242634,1090242634,482977.486862
2020-01-23,SH600592,龙溪股份,13.56,10204347,399553571,399553571,541794.642276
2020-01-23,SH600515,海南机场,4.95,57586896,1658295366,3907592460,1934258.2677
2020-01-23,SZ000546,金圆股份,9.31,6576301,667936120,714644396,665333.932676
2020-01-23,SH600579,中化装备,5.89,6029157,410447424,883396363,520320.457807
2020-01-23,SH600586,金晶科技,2.76,8643122,1428770000,1428770000,394340.52
2020-01-23,SH600581,八一钢铁,3.21,20139683,1532897870,1532897870,492060.21627
2020-01-23,SH600535,天士力,15.66,28122489,1512666229,1512666229,2368835.314614
2020-01-23,SH600597,光明乳业,11.51,13350280,1224302009,1224487509,1409385.122859
2020-01-23,SH600516,方大炭素,11.22,53836416,2718550263,2718550263,3050213.395086
2020-01-23,SH600743,华远控股,2.29,6742973,2346100874,2346100874,537257.100146
2020-01-23,SH600551,时代出版,7.9,3187290,505825296,505825296,399601.98384
2020-01-23,SH600577,精达股份,2.66,17202038,1921405191,1921405191,511093.780806
2020-01-23,SH600371,万向德农,11.34,8682448,225060000,225060000,255218.04
2020-01-23,SH600557,康缘药业,15.47,9332399,574963152,592881038,917186.965786
2020-01-23,SH600560,金自天正,8.5,3513994,223645500,223645500,190098.675
2020-01-23,SZ000875,电投绿能,3.8,39057713,2146292305,2146313980,815599.3124
2020-01-23,SH600351,亚宝药业,5.28,11118310,770000023,770000023,406560.012144
2020-01-23,SH600587,新华医疗,16.82,26518160,403466668,406428091,683612.049062
2020-01-23,SH600853,龙建股份,3.21,9496276,697849955,837417955,268811.163555
2020-01-23,SH600050,中国联通,5.65,200335479,21196596395,31033705687,17534043.713155
2020-01-23,SH600499,科达制造,4.63,17306642,1411464322,1577205702,730246.240026
2020-01-23,SZ000585,东电退,1.85,6509501,609420978,873370000,161573.45
2020-01-23,SZ000613,东海A退,6.3,20348933,265876600,364100000,229383
2020-01-23,SH600522,中天科技,8.26,49244929,3066082230,3066082230,2532583.92198
2020-01-23,SH600559,老白干酒,10.78,16721662,824688153,897287444,967275.864632
2020-01-23,SH600532,退市未来,3.37,8625300,516065720,516065720,173914.14764
2020-01-23,SH600571,信雅达,10.28,15407843,431111108,439679218,451990.236104
2020-01-23,SH600549,厦门钨业,12.5,11341613,1406046200,1406046200,1757557.75
2020-01-23,SH600552,凯盛科技,5.86,26154700,763884003,763884003,447636.025758
2020-01-23,SH600353,旭光电子,5.42,8549570,543720000,543720000,294696.24
2020-01-23,SH600511,国药股份,29.6,5768268,277643426,754502998,2233328.87408
2020-01-23,SH600525,ST长园,5.58,18440694,1305775152,1305775152,728622.534816
2020-01-23,SH600563,法拉电子,54.22,3270556,225000000,225000000,1219950
2020-01-23,SZ000557,西部创业,3.18,5777395,1457916198,1458374735,463763.16573
2020-01-23,SH600458,时代新材,6.76,8152606,802798152,802798152,542691.550752
2020-01-23,SH600512,腾达建设,2.94,65017337,1598902832,1598902832,470077.432608
2020-01-23,SH600030,中信证券,23.9,245248379,9814661700,12116908400,28959411.076
2020-01-23,SH600759,洲际油气,2.67,36731625,2258184018,2263507518,604356.507306
2020-01-23,SH600012,皖通高速,5.6,4035117,1165600000,1658610000,928821.6
2020-01-23,SH600538,国发股份,4.55,3659709,464401185,464401185,211302.539175
2020-01-23,SH600537,亿晶光电,3.09,8116055,1176359268,1176359268,363495.013812
2020-01-23,SH600562,国睿科技,14.13,5132055,622350719,622350719,879381.565947
2020-01-23,SH600408,安泰集团,2.36,8186822,1006800000,1006800000,237604.8
2020-01-23,SH600576,祥源文旅,4.28,9184443,619402409,619402409,265104.231052
2020-01-23,SH600573,惠泉啤酒,6.17,3152701,250000000,250000000,154250
2020-01-23,SH600521,华海药业,17.49,21694534,1250838638,1322370952,2312826.795048
2020-01-23,SH600370,三房巷,2.82,6312302,797244230,797244230,224822.87286
2020-01-23,SH600460,士兰微,16.95,119610004,1312061614,1312061614,2223944.43573
2020-01-23,SH600513,联环药业,13.35,54603859,285456270,288105370,384620.66895
2020-01-23,SH600039,四川路桥,3.33,25325725,3457072825,3610525510,1202304.99483
2020-01-23,SH600575,淮河能源,2.57,17651892,3886261065,3886261065,998769.093705
2020-01-23,SH600375,汉马科技,4.52,7720700,555740597,555740597,251194.749844
2020-01-23,SH600343,航天动力,8.61,7954169,638206348,638206348,549495.665628
2020-01-23,SH600502,安徽建工,3.76,10649330,910730023,1721160272,647156.262272
2020-01-23,SH600481,双良节能,3.17,6134144,1627255808,1637335808,519035.451136
2020-01-23,SH600004,白云机场,15.34,43961567,2069320514,2069320514,3174337.668476
2020-01-23,SH600459,贵研铂业,14.8,12282156,437708011,437708011,647807.85628
2020-01-23,SH600392,盛和资源,8.1,24504787,1434272352,1755167067,1421685.32427
2020-01-23,SH600584,长电科技,26.24,115494978,984570000,1602874555,4205942.83232
2020-01-23,SH600251,冠农股份,5.32,5343561,784842008,784842008,417535.948256
2020-01-23,SH600436,片仔癀,128.79,7634844,603317210,603317210,7770122.34759
2020-01-23,SH600409,三友化工,5.85,67135409,2037322421,2064349448,1207644.42708
2020-01-23,SH600433,冠豪高新,3.25,11492900,1271315443,1271315443,413177.518975
2020-01-23,SH600490,鹏欣资源,4.34,17470390,1491369704,2215767079,961642.912286
2020-01-23,SH600273,嘉化能源,9.97,31640953,1413732631,1432730543,1428432.351371
2020-01-23,SH600031,三一重工,16.03,100976705,8421113690,8426246247,13507272.733941
2020-01-23,SH600435,北方导航,8.46,23631475,1489320000,1489320000,1259964.72
2020-01-23,SH600439,瑞贝卡,3.37,11051986,1131985440,1131985440,381479.09328
2020-01-23,SH600271,航天信息,22.9,16848476,1852797571,1862517511,4265165.10019
2020-01-23,SH600423,柳化股份,3.02,1685072,798695026,798695026,241205.897852
2020-01-23,SH600475,华光环能,9.86,1822085,140495478,559392211,551560.720046
2020-01-23,SH600425,青松建化,3.75,23994913,1378790086,1378790086,517046.28225
2020-01-23,SH600029,南方航空,6.43,120064456,8111520431,12267172286,7887791.779898
2020-01-23,SH600546,山煤国际,9.15,52662391,1982456140,1982456140,1813947.3681
2020-01-23,SH600352,浙江龙盛,13.37,67494657,3253331860,3253331860,4349704.69682
2020-01-23,SH600485,*ST信威,2.44,4650600,1895000042,2923742782,713393.238808
2020-01-23,SH600020,中原高速,4.26,21461735,2247371832,2247371832,957380.400432
2020-01-23,SH600489,中金黄金,8.11,32885574,3451137189,3451137189,2798872.260279
2020-01-23,SH600480,凌云股份,7.91,12222639,545329655,548480723,433848.251893
2020-01-23,SH600348,华阳股份,5.09,18249834,2405000000,2405000000,1224145
2020-01-23,SH600487,亨通光电,16.58,50231524,1860333226,1903693659,3156324.086622
2020-01-23,SH600547,山东黄金,32.47,37029667,2196496472,3099611632,10064438.969104
2020-01-23,SH600449,宁夏建材,10.26,10689909,478181042,478181042,490613.749092
2020-01-23,SH600462,退市九有,1.52,12965200,533780000,533780000,81134.56
2020-01-23,SH600858,银座股份,4.97,3472700,517548029,520066589,258473.094733
2020-01-23,SH600015,华夏银行,7.4,29193159,12822686653,15387223983,11386545.74742
2020-01-23,SH600429,三元股份,5.18,2820363,885000000,1497557426,775734.746668
2020-01-23,SH600478,科力远,4.54,23344660,1469686680,1653281386,750589.749244
2020-01-23,SH600507,方大特钢,9.15,10180833,1386956166,1447770416,1324709.93064
2020-01-23,SH600403,大有能源,3.63,3975000,2390812402,2390812402,867864.901926
2020-01-23,SH600517,国网英大,7.35,14000688,1356167823,1356167823,996783.349905
2020-01-23,SH600406,国电南瑞,18.17,25339052,2934898892,4621940818,8398066.466306
2020-01-23,SH600469,风神股份,5.25,12154834,562413222,562413222,295266.94155
2020-01-23,SH600021,上海电力,7.46,6066864,2347246305,2617164197,1952404.490962
2020-01-23,SZ000678,襄阳轴承,6.68,2469644,459611797,459611797,307020.680396
2020-01-23,SH600184,光电股份,10.94,3080360,508760826,508760826,556584.343644
2020-01-23,SZ000826,启迪环境,8.79,13772432,1190391969,1430578784,1257478.751136
2020-01-23,SZ000560,我爱我家,4.05,17147274,1797750374,2355500851,953977.844655
2020-01-23,SH600477,杭萧钢构,3.49,42412603,2153592409,2153737411,751654.356439
2020-01-23,SH600900,长江电力,17.15,35236838,22000000000,22000000000,37730000
2020-01-23,SH600527,江南高纤,2.83,235024204,1203134085,1443134085,408406.946055
2020-01-23,SH600545,卓郎智能,6.08,11219062,1124327097,1895412995,1152411.10096
2020-01-23,SH600476,湘邮科技,14.01,4444957,161070000,161070000,225659.07
2020-01-23,SH600570,恒生电子,88.69,28850056,803146734,803146734,7123108.383846
2020-01-23,SZ000851,*ST高鸿,5.42,25936842,870690122,907629867,491935.387914
2020-01-23,SH600446,金证股份,20.53,33751224,853210484,860440484,1766484.313652
2020-01-23,SH600340,华夏幸福,26.4,13924814,2979222909,3013285909,7955074.79976
2020-01-23,SH600540,新赛股份,3.73,3529546,470923313,470923313,175654.395749
2020-01-23,SZ000885,城发环境,11.15,9621488,496381983,496381983,553465.911045
2020-01-23,SH600354,敦煌种业,4.16,52076790,527802080,527802080,219565.66528
2020-01-23,SH600249,两面针,4.12,6742001,550000000,550000000,226600
2020-01-23,SZ000100,TCL科技,5.06,446644635,12783844749,13528438719,6845389.991814
2020-01-23,SH600387,退市海越,8.03,5848635,386622000,471774464,378834.894592
2020-01-23,SH600444,国机通用,10.03,782701,146421932,146421932,146861.197796
2020-01-23,SH600325,华发股份,7.28,32824563,2107614366,2117219616,1541335.880448
2020-01-23,SH600438,通威股份,13.54,41476629,3882594596,3882594596,5257033.082984
2020-01-23,SH600452,涪陵电力,16.8,3854435,313600000,313600000,526848
2020-01-23,SH600470,六国化工,3.68,4108500,521600000,521600000,191948.8
2020-01-23,SH600035,楚天高速,3.27,14190494,1525318247,1692927321,553587.233967
2020-01-23,SH600479,千金药业,9.15,10078585,418507117,418507117,382934.012055
2020-01-23,SH600284,浦东建设,6.65,34806401,970256000,970256000,645220.24
2020-01-23,SH600463,空港股份,6.85,2319919,300000000,300000000,205500
2020-01-23,SH600594,益佰制药,5.39,19672784,791927400,791927400,426848.8686
2020-01-23,SH600543,莫高股份,5.58,3475162,321120000,321120000,179184.96
2020-01-23,SH600405,动力源,5.29,13096354,553275448,559942948,296209.819492
2020-01-23,SH600467,好当家,2.35,16938104,1460994304,1460994304,343333.66144
2020-01-23,SH600960,渤海汽车,3.07,6294355,713610706,950515518,291808.264026
2020-01-23,SH600969,郴电国际,6.45,3056433,370050484,370050484,238682.56218
2020-01-23,SH600572,康恩贝,6.07,116718133,2660578347,2667320200,1619063.3614
2020-01-23,SH600988,赤峰黄金,5.74,113267203,1426381496,1555169374,892667.220676
2020-01-23,SH600976,健民集团,17.7,4289695,153298600,153398600,271515.522
2020-01-23,SH600497,驰宏锌锗,4.1,29010108,4309898186,5091291568,2087429.54288
2020-01-23,SH600493,凤竹纺织,5.3,2677227,272000000,272000000,144160
2020-01-23,SH600986,浙文互联,4.46,17387100,1283075912,1325192361,591035.793006
2020-01-23,SH600410,华胜天成,10.39,42084493,1098743383,1098743383,1141594.374937
2020-01-23,SH600985,淮北矿业,9.26,4380363,552747504,2172412235,2011653.72961
2020-01-23,SH600990,四创电子,42.9,2709564,136702040,159179110,682878.3819
2020-01-23,SH600114,东睦股份,11.86,50407453,610161557,616490037,731157.183882
2020-01-23,SH600980,北矿科技,13.1,2976503,152209880,155209880,203324.9428
2020-01-23,SH600992,贵绳股份,6.57,2198503,245090000,245090000,161024.13
2020-01-23,SH600993,马应龙,17.31,10331404,430307016,431053891,746154.285321
2020-01-23,SH600967,内蒙一机,10.61,12501322,960498197,1689631817,1792699.357837
2020-01-23,SH600491,龙元建设,7.9,21592619,1529757955,1529757955,1208508.78445
2020-01-23,SH600963,岳阳林纸,4.31,11089893,1043159148,1397733148,602422.986788
2020-01-23,SH600495,晋西车轴,4.08,13061484,1208190886,1208190886,492941.881488
2020-01-23,SH600483,福能股份,8.58,3743460,1551833806,1551833806,1331473.405548
2020-01-23,SH600461,洪城环境,6.32,12911355,789593625,948038351,599160.237832
2020-01-23,SH600997,开滦股份,5.08,8739701,1234640000,1587799851,806602.324308
2020-01-23,SH600421,*ST华嵘,9.09,926200,195600000,195600000,177800.4
2020-01-23,SH600966,博汇纸业,6.94,26602295,1336844288,1336844288,927769.935872
2020-01-23,SH600975,新五丰,7.16,17359526,652675584,652675584,467315.718144
2020-01-23,SH600995,南网储能,7.62,6993479,478526400,478526400,364637.1168
2020-01-23,SH600420,国药现代,9.64,22508871,575470104,1026940260,989970.41064
2020-01-23,SH600962,国投中鲁,7.83,2373600,254020000,262210000,205310.43
2020-01-23,SH600143,金发科技,9.19,116164067,2573622343,2573622343,2365158.933217
2020-01-23,SZ002001,新 和 成,23.57,21804520,2121481362,2148662300,5064397.0411
2020-01-23,SZ002002,ST鸿达,4.03,30967039,2549857401,2588713789,1043251.656967
2020-01-23,SZ002007,华兰生物,36.09,34362837,1203611055,1403059020,5063640.00318
2020-01-23,SZ002005,ST德豪,1.85,25884000,1691897655,1764720000,326473.2
2020-01-23,SZ002003,伟星股份,6.3,3861484,647237558,758020428,477552.86964
2020-01-23,SZ002008,大族激光,43.46,14163253,993395156,1067069265,4637483.02569
2020-01-23,SZ002004,华邦健康,4.89,24549689,1808805429,1979919191,968180.484399
2020-01-23,SZ002006,精工科技,4.49,5304152,455160000,455160000,204366.84
2020-01-23,SZ002009,天奇股份,8.37,7891535,311679022,370549434,310149.876258
2020-01-23,SH600022,山东钢铁,1.35,61505203,10946549616,10946549616,1477784.19816
2020-01-23,SZ002010,传化智联,7.1,19241292,3182651867,3257814678,2313048.42138
2020-01-23,SH600981,苏豪汇鸿,3.54,9448700,730852181,2242433192,793821.349968
2020-01-23,SZ002012,凯恩股份,5.75,37027920,465738541,467625470,268884.64525
2020-01-23,SZ002013,中航机电,6.84,24593922,3608413291,3608664457,2468326.488588
2020-01-23,SZ002011,盾安环境,4.9,13719536,913601102,917212180,449433.9682
2020-01-23,SH600982,宁波能源,2.94,4639900,746930000,1086695511,319488.480234
2020-01-23,SH600984,建设机械,11.13,13143451,786115464,827793464,921334.125432
2020-01-23,SZ002015,协鑫能科,5.97,15076834,400703825,1352461312,807419.403264
2020-01-23,SZ002016,世荣兆业,8.08,6764019,686845632,809095632,653749.270656
2020-01-23,SZ002014,永新股份,9.1,2692503,501163694,503616724,458291.21884
2020-01-23,SZ002019,亿帆医药,17.9,24740671,810077347,1236904577,2214059.19283
2020-01-23,SZ002017,东信和平,13.9,13474186,444944856,446486084,620615.65676
2020-01-23,SH600965,福成股份,7.48,4814609,818700955,818700955,612388.31434
2020-01-23,SH600482,中国动力,19.28,4451328,869828568,1694995962,3267952.214736
2020-01-23,SZ002020,京新药业,10.97,24364873,588493803,724872000,795184.584
2020-01-23,SZ002021,中捷资源,2.22,3553583,687372540,687815040,152694.93888
2020-01-23,SZ002023,海特高新,12.43,37958829,659280517,756791003,940691.216729
2020-01-23,SZ002022,科华生物,16.17,77540991,512999993,514526593,831989.500881
2020-01-23,SZ002024,ST易购,10,87667674,7775189273,9310039655,9310039.655
2020-01-23,SZ002025,航天电器,25.2,5654438,428898773,429000000,1081080
2020-01-23,SZ002026,山东威达,4.99,5118100,404841322,420098419,209629.111081
2020-01-23,SH600983,惠而浦,4.6,2356400,532800000,766439000,352561.94
2020-01-23,SH600973,宝胜股份,3.84,7982856,1222112517,1222112517,469291.206528
2020-01-23,SZ002027,分众传媒,5.88,276947717,14677880280,14677880280,8630593.60464
2020-01-23,SZ002028,思源电气,14.82,16314238,587233961,760209282,1126630.155924
2020-01-23,SZ002029,七 匹 狼,5.64,5907519,744272168,755670000,426197.88
2020-01-23,SH600987,航民股份,6.3,5435881,921199500,1080818841,680915.86983
2020-01-23,SZ002030,达安基因,14.91,97562768,760112495,797412519,1188942.065829
2020-01-23,SZ002031,巨轮智能,1.94,32991272,1893048638,2199395670,426682.75998
2020-01-23,SZ002032,苏 泊 尔,70.62,1887990,610728493,821119910,5798748.80442
2020-01-23,SH600971,恒源煤电,5.44,10410293,1200004884,1200004884,652802.656896
2020-01-23,SH600978,*ST宜生,2.76,32190826,1482870004,1482870004,409272.121104
2020-01-23,SZ002033,丽江股份,5.8,6249034,549480181,549490711,318704.61238
2020-01-23,SZ002034,旺能环境,14.59,2690363,268780508,420765045,613896.200655
2020-01-23,SH600961,株冶集团,8.3,2946237,527457914,527457914,437790.06862
2020-01-23,SZ002035,华帝股份,11.99,25289006,782922612,869230324,1042207.158476
2020-01-23,SZ002036,联创电子,18.9,58506009,710589052,715291441,1351900.82349
2020-01-23,SH600979,广安爱众,4.06,3250486,947892146,947892146,384844.211276
2020-01-23,SZ002037,保利联合,6.8,3418631,327368160,487625309,331585.21012
2020-01-23,SZ002038,双鹭药业,14.2,29037026,1027350000,1027350000,1458837
2020-01-23,SZ000695,滨海能源,7.38,898782,221721339,222147539,163944.883782
2020-01-23,SH600891,退市秋林,1.32,2010300,384242051,617585803,81521.325996
2020-01-23,SH600873,梅花生物,4.29,20010932,3080746328,3104289638,1331740.254702
2020-01-23,SZ000951,中国重汽,19.13,8520783,670902360,671080800,1283777.5704
2020-01-23,SH600862,中航高科,11.15,17540145,1393049107,1393049107,1553249.754305
2020-01-23,SH600182,S佳通,16.01,2184676,170000000,340000000,544340
2020-01-23,SH600613,神奇制药,8.57,32771180,479319978,534071628,457699.385196
2020-01-23,SH600615,鑫源智造,9.84,4744699,187624508,188020508,185012.179872
2020-01-23,SH600053,九鼎投资,26.09,7338541,433540800,433540800,1131107.9472
2020-01-23,SH600027,华电国际,3.54,31456506,6995743053,9862976653,3491493.735162
2020-01-23,SZ002039,黔源电力,14.03,2442470,305391913,305398662,428474.322786
2020-01-23,SZ002040,南 京 港,6.76,3278577,483966800,483966800,327161.5568
2020-01-23,SH600970,中材国际,6.38,19203645,1737054416,1739573853,1109848.118214
2020-01-23,SZ002041,登海种业,9.97,29340560,871815591,880000000,877360
2020-01-23,SZ002042,华孚时尚,7.47,5707521,1518145368,1519375555,1134973.539585
2020-01-23,SZ002043,兔 宝 宝,7.77,12399031,742518584,774756002,601985.413554
2020-01-23,SZ002044,美年健康,14.07,39457064,3391307051,3919920974,5515328.810418
2020-01-23,SZ002045,国光电器,12.81,23692172,467057688,468383913,599999.792553
2020-01-23,SZ002046,国机精工,6.36,5627906,408699325,524349078,333486.013608
2020-01-23,SZ000409,云鼎科技,5.31,4037281,405631244,510931158,271304.444898
2020-01-23,SZ002047,*ST宝鹰,5.62,23149206,1263063110,1341296921,753808.869602
2020-01-23,SZ002048,宁波华翔,18.14,24193472,544966742,626227314,1135976.347596
2020-01-23,SZ002049,紫光国微,55.84,39025447,606232395,606817968,3388471.533312
2020-01-23,SZ002050,三花智控,20.8,50683001,2418567363,2765657898,5752568.42784
2020-01-23,SZ000561,烽火电子,6.59,6561691,596494745,604692321,398492.239539
2020-01-23,SH600751,海航科技,2.93,59113735,2573189052,2899337783,849505.970419
2020-01-23,SH600617,国新能源,4.64,2824000,974914344,1084663692,503283.953088
2020-01-23,SH600892,*ST大晟,3.99,17506402,540359536,559464188,223226.211012
2020-01-23,SZ000718,苏宁环球,3.39,22167792,2289353431,3034636384,1028741.734176
2020-01-23,SH600844,金煤科技,4.63,5791701,822730634,1016524240,470650.72312
2020-01-23,SZ000552,甘肃能化,2.43,9293711,2283741262,2286971050,555733.96515
2020-01-23,SZ002051,中工国际,8.98,6886138,1111141542,1237408937,1111193.225426
2020-01-23,SH601001,晋控煤业,4.14,13566230,1673700000,1673700000,692911.8
2020-01-23,SZ002053,云南能投,7.2,2753858,371702206,760978566,547904.56752
2020-01-23,SZ002052,同洲电子,3.02,38366818,745953215,745959694,225279.827588
2020-01-23,SH601988,中国银行,3.61,141334873,210765514846,294387791241,106273992.638001
2020-01-23,SZ002055,ST得润,11.5,29181675,429583088,479694096,551648.2104
2020-01-23,SZ002054,德美化工,7.2,12017824,312619636,419230828,301846.19616
2020-01-23,SH600048,保利发展,15.33,82177127,11932675162,11932675162,18292791.023346
2020-01-23,SH601006,大秦铁路,7.7,35035022,14866791491,14866791491,11447429.44807
2020-01-23,SZ002056,横店东磁,9.76,63415894,1624372835,1643600000,1604153.6
2020-01-23,SZ002057,中钢天源,8.02,14783900,479464106,575287776,461380.796352
2020-01-23,SZ002058,*ST威尔,21.07,1588885,143200281,143448332,302245.635524
2020-01-23,SZ002060,广东建工,2.92,8220740,1201721856,1202262058,351060.520936
2020-01-23,SZ002059,云南旅游,4.75,4377000,730792576,1012434813,480906.536175
2020-01-23,SZ002061,浙江交科,5.5,7269100,770706585,1375638998,756601.4489
2020-01-23,SZ002062,宏润建设,3.51,2730880,959590528,1102500000,386977.5
2020-01-23,SH601111,中国国航,8.25,102471148,9448653003,14524815185,11982972.527625
2020-01-23,SZ002066,瑞泰科技,7.57,2258979,231000000,231000000,174867
2020-01-23,SZ002063,远光软件,11.09,31363951,780314325,848066240,940505.46016
2020-01-23,SZ002064,华峰化学,6.66,27405407,1556099200,4298159221,2862574.041186
2020-01-23,SZ002065,东华软件,13.92,128377157,2807535989,3115482375,4336751.466
2020-01-23,SZ002068,黑猫股份,4.19,6533536,606993221,727063596,304639.646724
2020-01-23,SZ002067,景兴纸业,3.28,14022828,973576000,1111201000,364473.928
2020-01-23,SH601699,潞安环能,6.7,17626557,2991409200,2991409200,2004244.164
2020-01-23,SZ002069,獐子岛,2.55,7534303,688740444,711112194,181333.60947
2020-01-23,SZ002071,长城退,3.03,12298845,521660350,525429878,159205.253034
2020-01-23,SH601588,北辰实业,3.08,10680407,2660000000,3367020000,1037042.16
2020-01-23,SH600017,日照港,2.79,15589652,3075653888,3075653888,858107.434752
2020-01-23,SZ002073,软控股份,4.45,17749134,818968500,933986674,415624.06993
2020-01-23,SZ002072,凯瑞德,5.56,1727500,166148433,176000000,97856
2020-01-23,SZ002074,国轩高科,24.95,128618757,1011697085,1136650819,2835943.793405
2020-01-23,SZ002076,*ST星光,2.13,26499039,489692376,774181046,164900.562798
2020-01-23,SH601398,工商银行,5.72,200037655,269612212539,356406257089,203864379.054908
2020-01-23,SZ002078,太阳纸业,9.29,27804202,2573171737,2591769487,2407753.853423
2020-01-23,SZ002079,苏州固锝,12.96,95347506,726134008,727971487,943451.047152
2020-01-23,SZ002077,大港股份,6.6,31159393,540602575,580348513,383030.01858
2020-01-23,SZ002081,金 螳 螂,8.68,26466516,2596214928,2684408689,2330066.742052
2020-01-23,SZ002082,万邦德,9.6,2641866,238000000,238000000,228480
2020-01-23,SZ002080,中材科技,13.07,32460353,1678123584,1678123584,2193307.524288
2020-01-23,SH601666,平煤股份,3.96,22466886,2361164982,2361164982,935021.332872
2020-01-23,SZ002084,海鸥住工,6,7726448,490610934,506392628,303835.5768
2020-01-23,SZ002083,孚日股份,6.42,11411662,876673945,908000005,582936.00321
2020-01-23,SZ002086,东方海洋,3.5,8200206,544267200,756350000,264722.5
2020-01-23,SZ002085,万丰奥威,7.25,13656910,2113735508,2186879678,1585487.76655
2020-01-23,SZ002089,新海退,2,62281936,1154830710,1374669616,274933.9232
2020-01-23,SZ002087,新纺退,3.46,12831979,815637690,816794335,282610.83991
2020-01-23,SZ002088,鲁阳节能,10.17,3629794,313597708,361702033,367850.967561
2020-01-23,SH601872,招商轮船,6.31,116588880,5299458112,6740120114,4253015.791934
2020-01-23,SZ002092,中泰化学,6.2,42672026,2146346698,2146449598,1330798.75076
2020-01-23,SZ002091,江苏国泰,7.53,18424461,1509923901,1563536598,1177343.058294
2020-01-23,SZ002090,金智科技,9.7,7665927,388750184,404264936,392136.98792
2020-01-23,SZ002095,生 意 宝,22.3,4372890,251638091,252720000,563565.6
2020-01-23,SZ002093,国脉科技,7.93,12730456,1002646150,1007500000,798947.5
2020-01-23,SZ002094,青岛金王,4.73,18177199,651557918,690897549,326794.540677
2020-01-23,SH601991,大唐发电,2.33,14467201,9994360000,18506710504,4312063.547432
2020-01-23,SZ002096,易普力,6.08,3143102,370852000,371287000,225742.496
2020-01-23,SZ002097,山河智能,5.7,9928150,858582618,1087737465,620010.35505
2020-01-23,SZ002098,浔兴股份,6.52,8053900,358000000,358000000,233416
2020-01-23,SH601333,广深铁路,2.87,60861944,5652237000,7083537000,2032975.119
2020-01-23,SZ002100,天康生物,10.98,44468747,1065709511,1065709511,1170149.043078
2020-01-23,SZ002099,海翔药业,7.16,67707173,1604440653,1618715253,1159000.121148
2020-01-23,SZ002102,能特科技,2.27,39265485,1964495753,2633836290,597880.83783
2020-01-23,SZ002101,广东鸿图,7.66,7993611,425575704,532363366,407790.338356
2020-01-23,SH601628,中国人寿,32.26,16915609,20823530000,28264705000,91181938.33
2020-01-23,SZ002103,广博股份,4.67,21335413,385792327,545623431,254806.142277
2020-01-23,SZ002104,恒宝股份,7.51,21478292,587997929,696921354,523387.936854
2020-01-23,SZ002105,信隆健康,6.7,18214193,368500000,368500000,246895
2020-01-23,SZ002106,莱宝高科,9.54,33856612,703866327,705816160,673348.61664
2020-01-23,SZ002108,沧州明珠,3.73,34305948,1417924199,1417924199,528885.726227
2020-01-23,SZ002107,沃华医药,11.7,18288265,349210190,360756000,422084.52
2020-01-23,SZ002110,三钢闽光,8.46,16203325,2203583557,2451576238,2074033.497348
2020-01-23,SZ002111,威海广泰,15.9,9257972,340285644,381827504,607105.73136
2020-01-23,SH601002,晋亿实业,5.62,10516533,792690000,792690000,445491.78
2020-01-23,SZ002109,兴化股份,3.28,7041264,1052944789,1052944789,345365.890792
2020-01-23,SH601166,兴业银行,18.59,108558674,19052336751,20774190751,38619220.606109
2020-01-23,SZ002112,三变科技,6.48,3511200,198802893,201600000,130636.8
2020-01-23,SZ002113,*ST天润,1.82,8054700,940807095,1532692930,278950.11326
2020-01-23,SZ002116,中国海诚,8.18,2525400,415594834,417628938,341620.471284
2020-01-23,SZ002115,三维通信,11.87,74301553,531677874,719190079,853678.623773
2020-01-23,SZ002114,罗平锌电,7.15,2977692,323373742,323395267,231227.615905
2020-01-23,SH601003,柳钢股份,5.15,8742796,2562793200,2562793200,1319838.498
2020-01-23,SH601005,重庆钢铁,1.75,29563464,8380475067,8918602267,1560755.396725
2020-01-23,SH601318,中国平安,83.49,108002062,10832664498,18280241410,152621735.53209
2020-01-23,SZ002117,东港股份,11.63,20525745,545491147,545666421,634610.047623
2020-01-23,SZ002119,康强电子,15.36,50405466,367503500,375284000,576436.224
2020-01-23,SZ002118,*ST紫鑫,6.08,33094574,1280421780,1280759826,778701.974208
2020-01-23,SZ002120,韵达股份,29.66,12021674,2224857963,2226286468,6603165.664088
2020-01-23,SZ002121,科陆电子,3.88,14399947,928554719,1408349147,546439.469036
2020-01-23,SZ002122,ST汇洲,1.83,5499805,1187999775,1188000000,217404
2020-01-23,SZ002123,梦网科技,19.3,62080697,662366720,804100735,1551914.41855
2020-01-23,SZ000650,仁和药业,7.18,128286386,1180393145,1238340076,889128.174568
2020-01-23,SZ002124,天邦食品,9.96,42687419,941049998,1159628098,1154989.585608
2020-01-23,SZ002125,湘潭电化,7.5,71666044,552959976,552959976,414719.982
2020-01-23,SH601007,金陵饭店,8.51,1431800,300000000,300000000,255300
2020-01-23,SZ002127,南极电商,10.26,47583220,1896227927,2454870403,2518697.033478
2020-01-23,SZ002128,电投能源,7.96,11352691,1634378473,1921573493,1529572.500428
2020-01-23,SZ002126,银轮股份,8.31,20710316,757654633,792095104,658231.031424
2020-01-23,SZ002130,沃尔核材,4.96,18834764,994047130,1258983062,624455.598752
2020-01-23,SZ002129,TCL中环,15.68,167459798,2683260854,2785156473,4367125.349664
2020-01-23,SH601008,连云港,3.78,7447212,1015215101,1093826212,413466.308136
2020-01-23,SZ002132,恒星科技,3.04,15121582,1252165684,1256498403,381975.514512
2020-01-23,SZ002131,利欧股份,3.05,319224259,5407376344,6681442413,2037839.935965
2020-01-23,SZ002133,广宇集团,3.12,5613288,635113201,774144175,241532.9826
2020-01-23,SH601998,中信银行,5.82,23235334,31905178590,48934811106,28480060.063692
2020-01-23,SZ000880,潍柴重机,7.46,1491701,135135000,276100500,205970.973
2020-01-23,SZ000338,潍柴动力,13.53,110121469,4245035750,7933873895,10734531.379935
2020-01-23,SH601600,中国铝业,3.3,73309576,10959832268,17022672951,5617482.07383
2020-01-23,SH601328,交通银行,5.47,107220725,39250864015,74262726645,40621711.474815
2020-01-23,SZ002134,天津普林,9.61,9539960,245849768,245849768,236261.627048
2020-01-23,SZ002135,东南网架,6.07,5369800,958510982,1034402200,627882.1354
2020-01-23,SZ002136,安 纳 达,7.22,4217529,214009360,215020000,155244.44
2020-01-23,SZ002137,实益达,8.35,45845061,364844109,577504854,482216.55309
2020-01-23,SZ002138,顺络电子,25.32,36782217,699064330,806318354,2041598.072328
2020-01-23,SH601919,中远海控,4.75,43835861,7635674357,12259529227,5823276.382825
2020-01-23,SZ002139,拓邦股份,5.82,48665233,798313244,1018775769,592927.497558
2020-01-23,SH600213,*ST亚星,8.17,9228612,220000000,220000000,179740
2020-01-23,SZ002140,东华科技,6.79,3575088,527463307,545366440,370303.81276
2020-01-23,SH601168,西部矿业,6.49,36021290,2383000000,2383000000,1546567
2020-01-23,SZ002142,宁波银行,26.93,23061235,5621572789,5628329528,15157091.418904
2020-01-23,SH601009,南京银行,8.27,48320226,8482207924,8482207924,7014785.953148
2020-01-23,SZ002141,贤丰控股,3.53,9245503,636608000,1134656519,400533.751207
2020-01-23,SZ002144,宏达高科,9.64,3245801,139703695,176762528,170399.076992
2020-01-23,SZ002145,钛能化学,4.26,16235763,1591144326,1591245576,677870.615376
2020-01-23,SZ002146,荣盛发展,9.06,23024425,3893567908,4348163851,3939436.449006
2020-01-23,SZ002147,新光退,2.1,10917210,536987008,1828076415,383896.04715
2020-01-23,SZ002150,正泰电源,6.43,3891666,355087703,356517053,229240.465079
2020-01-23,SZ002148,北纬科技,4.98,9604510,443611676,565773727,281755.316046
2020-01-23,SZ002149,西部材料,7.34,7713822,425339274,425414274,312254.077116
2020-01-23,SZ002151,北斗星通,26.75,30999166,366947494,489925027,1310549.447225
2020-01-23,SZ002153,石基信息,37.56,6903441,485587571,1067913281,4011082.283436
2020-01-23,SZ002152,广电运通,10.13,71711740,2393360487,2408993951,2440310.872363
2020-01-23,SZ002156,通富微电,24.68,81474487,1153504307,1153704572,2847342.883696
2020-01-23,SZ002155,湖南黄金,7.65,19491641,1201927655,1202039474,919560.19761
2020-01-23,SZ002154,报 喜 鸟,2.98,15404706,1107418877,1217611874,362848.338452
2020-01-23,SZ002157,正邦科技,13.84,78557070,2195285648,2434922788,3369933.138592
2020-01-23,SZ002159,三特索道,11.23,1780100,138549311,138666666,155722.665918
2020-01-23,SZ002158,汉钟精机,8.7,8665538,529915044,535028782,465475.04034
2020-01-23,SZ002160,常铝股份,3.5,24329197,682423556,795581976,278453.6916
2020-01-23,SZ002161,远 望 谷,10.61,56745593,698585463,739757400,784882.6014
2020-01-23,SZ002164,宁波东力,3.61,6673584,436125157,699347282,252464.368802
2020-01-23,SZ002163,海南发展,6.28,15380650,803450108,803550000,504629.4
2020-01-23,SZ002162,悦心健康,3.52,11164970,852942372,853775000,300528.8
2020-01-23,SZ002167,东方锆业,6.5,6946014,618601500,620946000,403614.9
2020-01-23,SZ002166,莱茵生物,10.84,92670941,443584584,565214740,612692.77816
2020-01-23,SZ002165,红 宝 丽,4.4,6727300,592964269,602058110,264905.5684
2020-01-23,SZ002168,*ST惠程,7.92,12684391,794579643,801929568,635128.217856
2020-01-23,SZ002170,芭田股份,3.71,28531962,693220702,886862627,329026.034617
2020-01-23,SZ002169,智光电气,6.92,33942599,763482417,787791994,545152.059848
2020-01-23,SH601169,北京银行,5.42,93182630,18248010822,21142984272,11459497.475424
2020-01-23,SZ002172,澳洋健康,3.62,14133602,773118646,776481362,281086.253044
2020-01-23,SZ002171,楚江新材,7.02,16790985,1055033559,1333667825,936234.81315
2020-01-23,SZ002174,游族网络,27.7,38103255,644886620,888467873,2461056.00821
2020-01-23,SZ002173,创新医疗,5.54,4128724,370907568,454856365,251990.42621
2020-01-23,SH601939,建设银行,6.97,125598990,9593657606,250010977486,174257651.307742
2020-01-23,SH601808,中海油服,16.46,21023139,2960468000,4771592000,7854040.432
2020-01-23,SH601088,中国神华,17.28,41988547,16491037955,19889620455,34369264.14624
2020-01-23,SZ002176,江特电机,3.42,12154700,1705449384,1706325581,583563.348702
2020-01-23,SZ002175,东方智造,2.28,28180525,753748767,753778212,171861.432336
2020-01-23,SH600629,华建集团,8.3,1553481,447448448,534153038,443347.02154
2020-01-23,SZ002179,中航光电,37.37,10161627,1062033557,1100907225,4114090.299825
2020-01-23,SZ002177,御银股份,5.41,23826427,761191294,761191294,411804.490054
2020-01-23,SZ002178,延华智能,3.81,8358200,711256616,712153001,271330.293381
2020-01-23,SH601857,中国石油,5.64,81444447,161922077818,183020977818,103223831.489352
2020-01-23,SZ002182,宝武镁业,10.51,34586836,489317520,646422538,679390.087438
2020-01-23,SZ002183,怡 亚 通,4.04,26086674,2120369182,2122697819,857569.918876
2020-01-23,SZ002180,纳思达,39,17648659,1002290080,1063413323,4147311.9597
2020-01-23,SZ002184,海得控制,10.78,6040017,156952154,240254489,258994.339142
2020-01-23,SZ002181,粤 传 媒,5.49,17085184,1134432577,1161058174,637420.937526
2020-01-23,SZ002185,华天科技,9.41,288863965,2740003774,2740003774,2578343.551334
2020-01-23,SZ002186,全 聚 德,10.04,1911302,305757607,308463955,309697.81082
2020-01-23,SZ002188,中天服务,3.75,466100,241381840,295627524,110860.3215
2020-01-23,SZ002187,广百股份,8.88,2099032,342422568,342422568,304071.240384
2020-01-23,SZ002190,成飞集成,25.3,7240481,345188382,358729343,907585.23779
2020-01-23,SZ002189,中光学,19.72,6309611,199240000,262568166,517784.423352
2020-01-23,SH601390,中国中铁,5.56,50555718,18636911543,24570929283,13661436.681348
2020-01-23,SZ002191,劲嘉股份,11.09,38696849,1272285656,1464870450,1624541.32905
2020-01-23,SZ002192,融捷股份,21.87,1732800,259120228,259655203,567865.928961
2020-01-23,SZ002193,如意集团,7.51,2669630,260930713,261715550,196548.37805
2020-01-23,SZ002194,武汉凡谷,18.31,12697502,371688939,564669722,1033910.260982
2020-01-23,SZ002196,方正电机,5.32,5333472,370132742,468694930,249345.70276
2020-01-23,SZ002195,岩山科技,3.16,151433726,5661917619,5770427743,1823455.166788
2020-01-23,SH601866,中远海发,2.43,21378544,7932125000,11608125000,2820774.375
2020-01-23,SZ002198,嘉应制药,5.21,23734483,507509848,507509848,264412.630808
2020-01-23,SZ002197,证通电子,8.29,17768810,434561814,515156948,427065.109892
2020-01-23,SH601918,新集能源,3.04,30116286,2590541800,2590541800,787524.7072
2020-01-23,SZ002199,*ST东晶,9.22,9613718,243442363,243442363,224453.858686
2020-01-23,SZ002200,*ST交投,6.87,2632320,131618104,184132890,126499.29543
2020-01-23,SH601999,出版传媒,7.68,12515639,550914700,550914700,423102.4896
2020-01-23,SH601601,中国太保,35.96,20100483,6286700000,9062000000,32586952
2020-01-23,SZ002202,金风科技,11.77,26861797,3386946950,4225067647,4972904.620519
2020-01-23,SZ002201,九鼎新材,18.95,8476562,331635324,332467470,630025.85565
2020-01-23,SH601099,太平洋,3.52,123158037,6816316370,6816316370,2399343.36224
2020-01-23,SZ002203,海亮股份,9.77,4097089,1825556187,1952107432,1907208.961064
2020-01-23,SZ002204,大连重工,3.14,6521240,1931370032,1931370032,606450.190048
2020-01-23,SZ002205,国统股份,13.22,4010081,116152018,116152018,153552.967796
2020-01-23,SZ002206,海 利 得,4.07,7854478,971494550,1223028645,497772.658515
2020-01-23,SZ002207,准油股份,5.95,1501300,237387884,239177378,142310.53991
2020-01-23,SZ002208,合肥城建,6.66,5794710,510848511,512160000,341098.56
2020-01-23,SZ002209,达 意 隆,6.69,3162123,154524582,195244050,130618.26945
2020-01-23,SZ002210,飞马国际,1.27,33448398,1324957931,1652880386,209915.809022
2020-01-23,SZ002212,天融信,21.8,22708524,896421771,1158483285,2525493.5613
2020-01-23,SH601898,中煤能源,4.67,18237587,9152000400,13258663400,6191795.8078
2020-01-23,SZ002211,ST宏达,6.16,4493051,310188279,432475779,266405.079864
2020-01-23,SZ002213,大为股份,12.22,4062700,206000000,206000000,251732
2020-01-23,SZ002214,*ST大立,13.04,52905790,357321401,458666666,598101.332464
2020-01-23,SZ002215,诺 普 信,6.4,10147062,718157148,914076384,585008.88576
2020-01-23,SZ002217,合力泰,6.1,119426456,2699964957,3116416220,1901013.8942
2020-01-23,SZ002216,三全食品,13.54,7419628,565564489,799258226,1082195.638004
2020-01-23,SZ002218,拓日新能,3.14,20112210,1215717329,1236342104,388211.420656
2020-01-23,SZ002220,天宝退,1.33,10510840,661128653,766480153,101941.860349
2020-01-23,SZ002219,新里程,2.27,33696564,1844188972,1865236430,423408.66961
2020-01-23,SZ002221,东华能源,8.02,38860972,1531313794,1649782824,1323125.824848
2020-01-23,SH601186,中国铁建,9.42,53343554,11503245500,13579541500,12791928.093
2020-01-23,SZ002222,福晶科技,12.46,15865794,422924999,427500000,532665
2020-01-23,SZ000592,平潭发展,2.69,30525494,1913936916,1931780892,519649.059948
2020-01-23,SH601958,金钼股份,7.29,13437718,3226604400,3226604400,2352194.6076
2020-01-23,SZ002223,鱼跃医疗,24.41,50226443,866855646,1002476929,2447046.183689
2020-01-23,SZ002225,濮耐股份,4.11,4285091,685820165,1033758779,424874.858169
2020-01-23,SZ002224,三 力 士,6.85,28637432,533057168,719957123,493170.629255
2020-01-23,SH601899,紫金矿业,4.29,295411006,19221766892,25377259946,10886844.516834
2020-01-23,SZ002227,奥 特 迅,11.92,2920409,220306588,220597400,262952.1008
2020-01-23,SZ002226,江南化工,5.17,10643849,958293393,1248981690,645723.53373
2020-01-23,SZ002228,合兴包装,3.88,12715037,1165437058,1169516948,453772.575824
2020-01-23,SZ002229,鸿博股份,7.07,15927223,415641938,498344263,352329.393941
2020-01-23,SZ002232,启明信息,9.07,8263797,403712418,408548455,370553.448685
2020-01-23,SZ002230,科大讯飞,35.19,64969974,1850710309,2198575067,7736785.660773
2020-01-23,SZ002231,*ST奥维,7.21,7526762,288925000,356800000,257252.8
2020-01-23,SZ002235,安妮股份,9.85,86550308,533343191,580586284,571877.48974
2020-01-23,SZ002234,民和股份,26.41,14189532,206154259,302046632,797705.155112
2020-01-23,SZ002233,塔牌集团,11.12,17157312,1162049705,1192275016,1325809.817792
2020-01-23,SZ002236,大华股份,20.12,72829412,1813640519,3007991230,6052078.35476
2020-01-23,SZ002237,恒邦股份,13.59,26188200,851675000,910400000,1237233.6
2020-01-23,SZ002241,歌尔股份,23.61,62433104,2765752003,3245103948,7661690.421228
2020-01-23,SZ002239,奥特佳,1.98,65212220,3092283285,3131359417,620009.164566
2020-01-23,SZ002240,盛新锂能,8.57,17122809,490631775,657206069,563225.601133
2020-01-23,SZ002238,天威视讯,8.06,6230738,617353200,617353200,497586.6792
2020-01-23,SZ002243,力合科创,14.37,8370992,364948956,1164606059,1673538.906783
2020-01-23,SZ002242,九阳股份,26.82,9680736,763038540,767312000,2057930.784
2020-01-23,SZ002244,滨江集团,4.4,14951296,2702903890,3111443890,1369035.3116
2020-01-23,SZ002245,蔚蓝锂芯,4.88,28247121,914773979,981311778,478880.147664
2020-01-23,SZ002246,北化股份,8.35,22979788,449896561,549034794,458444.05299
2020-01-23,SZ002247,聚力文化,2.59,31446801,544521481,850870049,220375.342691
2020-01-23,SZ002248,华东数控,7.61,2587568,292998237,307495600,234004.1516
2020-01-23,SZ002249,大洋电机,3.84,42800352,1636014320,2365530164,908363.582976
2020-01-23,SZ002250,联化科技,16.77,21047201,896649776,923878056,1549343.499912
2020-01-23,SZ002251,步步高,8.77,6328980,863903951,863903951,757643.765027
2020-01-23,SZ002252,上海莱士,8.01,124908095,4972388449,4974622099,3984672.301299
2020-01-23,SZ002253,*ST智胜,14.43,4165742,207372219,225626095,325578.455085
2020-01-23,SZ002254,泰和新材,11.73,7113405,610827019,610833600,716507.8128
2020-01-23,SZ002256,兆新股份,2.3,19225848,1388957513,1882411872,432954.73056
2020-01-23,SZ002255,海陆重工,3.01,10310289,644431087,842271055,253523.587555
2020-01-23,SH600703,三安光电,22.56,131083308,4078424928,4078424928,9200926.637568
2020-01-23,SH600745,闻泰科技,125,22617983,637266387,1124033709,14050421.3625
2020-01-23,SZ002258,利尔化学,13.17,6511769,522215015,524376406,690603.726702
2020-01-23,SZ002259,升达林业,1.93,14348771,715724519,752328267,145199.355531
2020-01-23,SZ002262,恩华药业,11.6,13062164,887229194,1019387711,1182489.74476
2020-01-23,SZ002261,拓维信息,10.09,86301778,879173176,1100766874,1110673.775866
2020-01-23,SZ002263,大东南,2,33341200,1878345700,1878360100,375672.02
2020-01-23,SZ002264,新 华 都,4.63,7741133,679407963,684563880,316953.07644
2020-01-23,SZ002266,浙富控股,4.57,20953521,1637548918,1978719849,904274.970993
2020-01-23,SZ002265,建设工业,8.49,3363452,304055131,318566172,270462.680028
2020-01-23,SZ002268,电科网安,25.72,20830696,809894075,838336028,2156200.264016
2020-01-23,SZ002267,陕天然气,6.87,5172602,1112075445,1112075445,763995.830715
2020-01-23,SH601766,中国中车,6.76,79101364,24327798048,28698864088,19400432.123488
2020-01-23,SZ002269,美邦服饰,2.13,11972804,2512500000,2512500000,535162.5
2020-01-23,SZ002270,华明装备,4.85,7928350,738926458,759239130,368230.97805
2020-01-23,SZ002271,东方雨虹,27.17,15773342,990609194,1487735509,4042177.377953
2020-01-23,SZ002273,水晶光电,16.63,94669418,1116938124,1156001063,1922429.767769
2020-01-23,SZ002272,川润股份,4.42,4244200,324658288,430200000,190148.4
2020-01-23,SZ002274,华昌化工,5.97,38736903,937999130,952364646,568561.693662
2020-01-23,SH601727,上海电气,4.85,19265658,10283818533,15152462418,7348944.27273
2020-01-23,SH600248,陕建股份,4.11,5877646,656684064,917952672,377278.548192
2020-01-23,SH600734,实达集团,5.77,4190600,519192602,622372316,359108.826332
2020-01-23,SH600242,退市中昌,7.65,22586956,412640699,456665122,349348.81833
2020-01-23,SH600259,中稀有色,32.64,5757509,301802291,301802291,985082.677824
2020-01-23,SH600187,国中水务,2.49,13871550,1455624228,1653935128,411829.846872
2020-01-23,SZ000506,招金黄金,2.76,16074511,928670961,929017761,256408.902036
2020-01-23,SZ000638,*ST万方,4.77,4085813,309400000,309400000,147583.8
2020-01-23,SZ000631,顺发恒能,2.85,2943551,2432519168,2432519168,693267.96288
2020-01-23,SZ002276,万马股份,9.08,54225205,1033881936,1035489098,940224.100984
2020-01-23,SZ002275,桂林三金,13.31,2281094,533391150,590200000,785556.2
2020-01-23,SZ002277,友阿股份,3.45,63273666,1394172800,1394172800,480989.616
2020-01-23,SH601107,四川成渝,3.87,6183800,2162740000,3058060000,1183469.22
2020-01-23,SH601668,中国建筑,5.47,241172602,41141075044,41975629711,22960669.451917
2020-01-23,SZ002278,神开股份,6.5,5558686,343984823,363909648,236541.2712
2020-01-23,SZ002279,久其软件,6.64,30509463,604210417,711253742,472272.484688
2020-01-23,SH601788,光大证券,12.4,26867520,3906698839,4610787639,5717376.67236
2020-01-23,SZ002282,博深股份,8.07,1927530,235175226,437738511,353254.978377
2020-01-23,SZ002283,天润工业,3.63,9451500,963067440,1127553978,409302.094014
2020-01-23,SZ002280,ST联络,3.58,10057900,1763026360,2177149675,779419.58365
2020-01-23,SZ002281,光迅科技,29.55,21088390,628561752,677031918,2000629.31769
2020-01-23,SZ002286,保龄宝,5.95,4646974,369252663,369256000,219707.32
2020-01-23,SZ002287,奇正藏药,22.39,2560276,527123969,530180979,1187075.211981
2020-01-23,SZ002285,世联行,3.24,13284994,2009761878,2037756672,660233.161728
2020-01-23,SZ002284,亚太股份,5.09,8252120,686022839,737607197,375442.063273
2020-01-23,SZ002290,禾盛新材,4.69,1742926,216003546,242712330,113832.08277
2020-01-23,SZ002288,*ST超华,4.98,36136781,757412797,931643744,463958.584512
2020-01-23,SZ002291,遥望科技,27.09,53534926,398921895,738487091,2000561.529519
2020-01-23,SZ002289,*ST宇顺,10.61,4311166,258767577,280253733,297349.210713
2020-01-23,SZ002292,奥飞娱乐,8.84,17025462,813500409,1357159525,1199729.0201
2020-01-23,SZ002294,信立泰,18.56,11634388,1045869300,1046016000,1941405.696
2020-01-23,SZ002293,罗莱生活,8.77,3226218,774126715,830607261,728442.567897
2020-01-23,SZ000517,荣安地产,2.79,20717213,3035707316,3183922485,888314.373315
2020-01-23,SZ000529,广弘控股,6.8,11174789,569884377,583790330,396977.4244
2020-01-23,SH601618,中国中冶,2.69,45591800,17852619170,20723619170,5574653.55673
2020-01-23,SZ002297,博云新材,6.08,6991001,470091046,471315045,286559.54736
2020-01-23,SZ002295,精艺股份,7.01,2360543,250180250,250616000,175681.816
2020-01-23,SZ002296,辉煌科技,8.3,30489623,328961911,376656420,312624.8286
2020-01-23,SZ002298,中电鑫龙,8.55,26467400,527793918,691505915,591237.557325
2020-01-23,SH601888,中国中免,82,24809160,1952475544,1952475544,16010299.4608
2020-01-23,SZ002300,太阳电缆,6.65,4536184,596924139,596970000,396985.05
2020-01-23,SZ002299,圣农发展,20.95,19079786,1110900000,1239480517,2596711.683115
2020-01-23,SZ002301,齐心集团,12.55,6224314,640478520,734020099,921195.224245
2020-01-23,SH600225,退市卓朗,2.42,14671845,932881354,935492615,226389.21283
2020-01-23,SZ300002,神州泰岳,3.29,39180062,1415030218,1961091984,645199.262736
2020-01-23,SZ300001,特锐德,25.03,42836577,921684344,997570075,2496917.897725
2020-01-23,SZ300027,华谊兄弟,4.23,48690152,2211464192,2787959919,1179307.045737
2020-01-23,SZ300026,红日药业,4.02,97069699,2433631065,3005704837,1208293.344474
2020-01-23,SZ300025,华星创业,4.98,13257302,399093794,428530562,213408.219876
2020-01-23,SZ300024,机器人,15.13,47821829,1513626845,1560239617,2360642.540521
2020-01-23,SZ300023,宝德退,6.88,2912964,144408844,316106775,217481.4612
2020-01-23,SZ300022,吉峰科技,3.85,7765500,342780262,380240380,146392.5463
2020-01-23,SZ300021,大禹节水,5.08,16726500,648427009,797360687,405059.228996
2020-01-23,SZ300020,ST银江,9.01,21744405,617431768,655789086,590865.966486
2020-01-23,SZ300019,硅宝科技,10.78,7834371,272449462,330901951,356712.303178
2020-01-23,SZ300018,中元股份,5.05,15609905,377833935,482517536,243671.35568
2020-01-23,SZ300017,网宿科技,8.2,86463136,2176079499,2434015604,1995892.79528
2020-01-23,SZ300016,北陆药业,9.65,17490825,372301781,494689876,477375.73034
2020-01-23,SZ300015,爱尔眼科,40,42563268,2512727331,3097811227,12391244.908
2020-01-23,SZ300014,亿纬锂能,60.3,25712377,819115278,969139695,5843912.36085
2020-01-23,SZ300013,新宁物流,5.68,20276670,409032203,446687115,253718.28132
2020-01-23,SZ300012,华测检测,16.2,31946814,1505584026,1657530714,2685199.75668
2020-01-23,SZ300011,鼎汉技术,6.13,16248877,447665258,558650387,342452.687231
2020-01-23,SZ300010,豆神教育,12.74,33118798,710604919,868324647,1106245.600278
2020-01-23,SZ300009,安科生物,16.46,51489042,686785184,1050319818,1728826.420428
2020-01-23,SZ300008,天海防务,2.9,15084537,602489946,960016185,278404.69365
2020-01-23,SZ300007,汉威科技,14.73,14390840,236560436,293022806,431622.593238
2020-01-23,SZ300006,莱美药业,5.45,37226744,671349659,812241205,442671.456725
2020-01-23,SZ300005,探路者,4.41,16219986,707393823,891293904,393060.611664
2020-01-23,SZ300004,南风股份,6.65,23547895,392188515,479993598,319195.74267
2020-01-23,SZ300003,乐普医疗,31.91,20975835,1515249711,1781652921,5685254.470911
2020-01-23,SZ002302,西部建设,10.88,14307496,1239058850,1262354304,1373441.482752
2020-01-23,SZ002303,美盈森,5.08,43233926,1530758335,1531323685,777912.43198
2020-01-23,SZ002305,*ST南置,1.99,26375171,1731735031,1734215770,345108.93823
2020-01-23,SZ002304,洋河股份,107.16,7179696,1248939574,1506988000,16148883.408
2020-01-23,SZ002307,北新路桥,5.65,8771256,891710820,898206436,507486.63634
2020-01-23,SZ002306,*ST云网,2.54,3699401,792447062,800000000,203200
2020-01-23,SH600854,春兰股份,3.61,4749800,519458538,519458538,187524.532218
2020-01-23,SH600999,招商证券,18.75,31510636,5719008149,6699409329,12561392.491875
2020-01-23,SZ002310,东方新能,5.13,25751491,1647452803,2685462004,1377642.008052
2020-01-23,SZ002311,海大集团,34.05,9805176,1553492505,1580357494,5381117.26707
2020-01-23,SZ002308,*ST威创,5.34,98346479,902850299,906214651,483918.623634
2020-01-23,SZ002309,中利集团,6.14,6292985,696499514,871787068,535277.259752
2020-01-23,SZ002312,川发龙蟒,4.68,38549875,1348632537,1378091733,644946.931044
2020-01-23,SZ002313,日海智能,18.96,5353666,311350599,312000000,591552
2020-01-23,SZ002314,南山控股,2.87,7117242,1137489881,2707782513,777133.581231
2020-01-23,SZ002315,焦点科技,22.81,10461630,117390322,235000000,536035
2020-01-23,SZ002316,亚联发展,8.38,30416888,293413643,393120000,329434.56
2020-01-23,SZ002319,乐通股份,8.16,2085400,199962031,200000000,163200
2020-01-23,SZ002317,众生药业,14.34,26312618,781748280,814461076,1167937.182984
2020-01-23,SZ002318,久立特材,8.97,25189384,817747748,841537803,754859.409291
2020-01-23,SZ002321,华英农业,5.18,11397169,531040914,534291100,276762.7898
2020-01-23,SZ002320,海峡股份,14.45,24354134,837545775,990636972,1431470.42454
2020-01-23,SH601989,中国重工,5.04,77806596,18283907147,22802035324,11492225.803296
2020-01-23,SZ002324,普利特,14.74,17521750,306777722,528157457,778504.091618
2020-01-23,SZ002323,雅博股份,2.74,1139800,317618625,745729656,204329.925744
2020-01-23,SZ002322,理工能科,11.51,3779163,350954475,396662205,456558.197955
2020-01-23,SZ002325,*ST洪涛,3.22,14913738,929834849,1249442021,402320.330762
2020-01-23,SZ002326,永太科技,11.56,61987278,657894302,878996469,1016119.918164
2020-01-23,SH601139,深圳燃气,7.11,10130504,2865707534,2876767544,2045381.723784
2020-01-23,SZ300029,*ST天龙,6,6890289,200000000,200000000,120000
2020-01-23,SZ300030,阳普医疗,8.57,39306119,257939049,308795815,264638.013455
2020-01-23,SZ300031,宝通科技,17.44,9889773,324074208,396767886,691963.193184
2020-01-23,SZ300036,超图软件,24.87,22122716,372491838,449537367,1117999.431729
2020-01-23,SZ300035,中科电气,9.33,35200410,406698386,640604424,597683.927592
2020-01-23,SZ300034,钢研高纳,14.84,6089778,421741183,469500916,696739.359344
2020-01-23,SZ300033,同花顺,109.05,11757154,268887618,537600000,5862528
2020-01-23,SZ300032,金龙机电,3.78,10607000,803169608,803169608,303598.111824
2020-01-23,SZ002328,新朋股份,4.17,28231589,550524957,761770000,317658.09
2020-01-23,SZ002327,富安娜,6.92,5057681,498642468,850067251,588246.537692
2020-01-23,SZ002331,皖通科技,10.28,3724626,336531035,412072469,423610.498132
2020-01-23,SZ002329,皇氏集团,4.7,8507500,496986446,837640035,393690.81645
2020-01-23,SZ002330,得利斯,6.88,7269345,501868900,502000000,345376
2020-01-23,SH601117,中国化学,7.02,46260749,4933000000,4933000000,3462966
2020-01-23,SZ300041,回天新材,9.94,6605002,305968274,425712412,423158.137528
2020-01-23,SZ300037,新宙邦,36.59,14435914,257013022,378801368,1386034.205512
2020-01-23,SZ300040,九洲集团,5.55,4215029,247780277,343032004,190382.76222
2020-01-23,SZ300039,上海凯宝,6.1,90557857,1036847993,1046000000,638060
2020-01-23,SZ300038,数知退,9.96,41615623,805721756,1171827123,1167139.814508
2020-01-23,SZ300042,朗科科技,15.62,4385727,167805630,200400000,313024.8
2020-01-23,SZ002332,仙琚制药,10.68,51739770,904009941,916212166,978514.593288
2020-01-23,SZ002333,罗普斯金,4.52,3966620,484969720,502603600,227176.8272
2020-01-23,SZ002334,英威腾,4.26,4857600,608438570,753498210,320990.23746
2020-01-23,SZ002335,科华数据,17.52,3801128,222912860,271510230,475685.92296
2020-01-23,SZ002336,人乐退,5.59,3705127,373175000,440000000,245960
2020-01-23,SZ002338,奥普光电,13.13,4601566,239978550,240000000,315120
2020-01-23,SZ002337,赛象科技,3.5,4281513,587730751,588615750,206015.5125
2020-01-23,SH601801,皖新传媒,5.24,7229927,1989204737,1989204737,1042343.282188
2020-01-23,SZ300049,福瑞医科,7.56,4325138,228024122,263053100,198868.1436
2020-01-23,SZ300050,世纪鼎利,5.04,13876579,404692410,544846718,274602.745872
2020-01-23,SZ300048,合康新能,2.31,17791604,1089536182,1114177357,257374.969467
2020-01-23,SZ300047,天源迪科,7.57,23992606,495525648,637744672,482772.716704
2020-01-23,SZ300043,星辉娱乐,5.56,30442834,914862420,1244198401,691774.310956
2020-01-23,SZ300044,ST赛为,6.85,16347735,529521245,793089508,543266.31298
2020-01-23,SZ300045,华力创通,9.78,40050646,413210012,615001387,601471.356486
2020-01-23,SZ300046,台基股份,16.51,22729796,213120000,213120000,351861.12
2020-01-23,SH601877,正泰电器,26.66,9052261,2150963266,2151239916,5735205.616056
2020-01-23,SZ002340,格林美,5.77,190317306,4124745207,4149633873,2394338.744721
2020-01-23,SZ002341,ST新纶,6.4,94938485,867030161,1152214592,737417.33888
2020-01-23,SZ002339,积成电子,6.45,8342941,428627588,511804800,330114.096
2020-01-23,SZ002342,巨力索具,3.09,7727300,881135625,960000000,296640
2020-01-23,SZ002343,慈文传媒,10.94,20937480,402390210,474949686,519594.956484
2020-01-23,SZ002344,海宁皮城,4.18,9615206,1275433383,1282745046,536187.429228
2020-01-23,SZ002346,柘中股份,11.95,3654432,394632807,441575416,527682.62212
2020-01-23,SZ002345,潮宏基,4,8275454,878699215,905412707,362165.0828
2020-01-23,SH601179,中国西电,3.52,9843460,5125882352,5125882352,1804310.587904
2020-01-23,SZ002347,泰尔股份,4.35,5235660,316774985,447019662,194453.55297
2020-01-23,SZ002349,精华制药,4.88,13574766,821250432,835724374,407833.494512
2020-01-23,SZ002348,高乐股份,3.08,6189300,743090529,947200000,291737.6
2020-01-23,SZ002350,北京科锐,5.82,4864492,488464608,493066161,286964.505702
2020-01-23,SZ002351,漫步者,19.84,36114693,291341200,592765000,1176045.76
2020-01-23,SZ002352,顺丰控股,39.22,25060037,4345694211,4414585265,17314003.40933
2020-01-23,SZ002353,杰瑞股份,36.98,14799970,666029647,957853992,3542144.062416
2020-01-23,SZ002354,天娱数科,2.67,18533885,700094581,932142900,248882.1543
2020-01-23,SZ002355,兴民智通,6.13,7154681,577846869,620570400,380409.6552
2020-01-23,SZ002356,赫美集团,1.95,10854700,480239402,527806548,102922.27686
2020-01-23,SH601106,中国一重,2.88,21341050,6538000000,6857782927,1975041.482976
2020-01-23,SZ002357,富临运业,5.81,3544899,313235258,313489036,182137.129916
2020-01-23,SZ002358,森源电气,6.52,8466598,910424530,929756977,606201.549004
2020-01-23,SZ002359,北讯退,2,15448200,708560000,1087191760,217438.352
2020-01-23,SZ300053,航宇微,13.16,53621339,588731277,702158212,924040.206992
2020-01-23,SZ300051,琏升科技,7.69,8861305,224896706,365698690,281222.29261
2020-01-23,SZ300054,鼎龙股份,9.91,41237678,709430614,981468251,972635.036741
2020-01-23,SZ300052,ST中青宝,15.67,15909260,260041157,263671800,413173.7106
2020-01-23,SH601678,滨化股份,4.9,23984890,1544400000,1544400000,756756
2020-01-23,SZ300056,中创环保,6.35,1994315,315873396,385490443,244786.431305
2020-01-23,SZ300058,蓝色光标,6.21,70374600,2177592614,2491037834,1546934.494914
2020-01-23,SZ300057,万顺新材,5.61,16438253,497541385,673756195,377977.225395
2020-01-23,SH601688,华泰证券,18.94,87161835,7357604320,9076650000,17191175.1
2020-01-23,SZ300055,万邦达,6.5,12763600,863099140,865184815,562370.12975
2020-01-23,SZ002362,汉王科技,17.34,9450003,178815976,216989292,376259.432328
2020-01-23,SZ002361,神剑股份,4.41,8105248,624655349,837574116,369370.185156
2020-01-23,SZ002360,同德化工,5.31,5686788,296579467,391512600,207893.1906
2020-01-23,SZ002365,永安药业,10.13,8179311,241099309,294682500,298513.3725
2020-01-23,SZ002363,隆基机械,5.85,4693363,415758242,416100301,243418.676085
2020-01-23,SZ002364,中恒电气,12.41,12083626,515243737,563564960,699384.11536
2020-01-23,SH601607,上海医药,18.91,18446295,1922935018,2842089322,5374390.907902
2020-01-23,SZ002366,融发核电,6.43,22087390,499821631,867057350,557517.87605
2020-01-23,SZ002367,康力电梯,8.42,41279933,524281658,797652687,671623.562454
2020-01-23,SZ002368,太极股份,41.66,14863073,404875710,412777523,1719631.160818
2020-01-23,SZ002369,卓翼科技,9.98,43914167,419606535,577906704,576750.890592
2020-01-23,SZ002371,北方华创,118.5,15981999,457896374,490646773,5814164.26005
2020-01-23,SZ002370,亚太药业,6.91,44793126,463212972,536507786,370726.880126
2020-01-23,SZ002374,中锐股份,2.83,12864668,790829858,877427468,248311.973444
2020-01-23,SZ002372,伟星新材,12.4,7879456,1414687687,1573112988,1950660.10512
2020-01-23,SZ002373,千方科技,22.71,32546605,953401207,1491019775,3386105.909025
2020-01-23,SH601188,龙江交通,2.91,4394900,1315878571,1315878571,382920.664161
2020-01-23,SZ300062,中能电气,5.28,3726190,189343550,308000000,162624
2020-01-23,SH601518,吉林高速,2.57,3266935,1213200000,1350395121,347051.546097
2020-01-23,SZ300061,旗天科技,5.86,9638660,463624125,676914013,396671.611618
2020-01-23,SZ300059,东方财富,15.08,244497237,5435397370,6715608655,10127137.85174
2020-01-23,SZ002377,国创高新,4.18,15120576,485966859,916325201,383023.934018
2020-01-23,SZ002376,新北洋,11.74,10722930,645508142,665712402,781546.359948
2020-01-23,SZ002375,亚厦股份,5.38,7372593,1213301153,1339996498,720918.115924
2020-01-23,SZ300063,天龙集团,3.98,29033926,581915916,749001950,298102.7761
2020-01-23,SZ300064,金刚退,3.1,9553903,605655065,1205476595,373697.74445
2020-01-23,SZ300066,三川智慧,5.2,31901413,996050114,1040033262,540817.29624
2020-01-23,SZ300065,海兰信,11.87,5531232,333429336,398174035,472632.579545
2020-01-23,SH601158,重庆水务,5.52,4620016,4800000000,4800000000,2649600
2020-01-23,SZ002378,章源钨业,4.86,9291698,923218050,924167436,449145.373896
2020-01-23,SZ002380,科远智慧,13.65,3262210,143353629,239991649,327588.600885
2020-01-23,SH601101,昊华能源,4.47,10383858,1199998272,1199998272,536399.227584
2020-01-23,SZ002379,宏桥控股,4.09,43961587,926400000,926400000,378897.6
2020-01-23,SZ002381,双箭股份,8.62,13800538,312960244,411572264,354775.291568
2020-01-23,SZ002383,合众思壮,10.68,30761678,522566142,745158184,795828.940512
2020-01-23,SZ002382,蓝帆医疗,14.1,39441221,640366838,964031086,1359283.83126
2020-01-23,SZ002385,大北农,5.85,244877102,2781543701,4195329495,2454267.754575
2020-01-23,SZ002386,天原股份,5.75,6152000,780778873,780857017,448992.784775
2020-01-23,SZ002384,东山精密,28.7,70315181,1222666662,1606572477,4610863.00899
2020-01-23,SZ002387,维信诺,15.5,8270428,1067812149,1367663046,2119877.7213
2020-01-23,SZ002389,航天彩虹,12.35,16724372,596685522,946062685,1168387.415975
2020-01-23,SZ002388,新亚制程,7.09,6813778,399600000,503766600,357170.5194
2020-01-23,SZ002391,长青股份,8.16,3565858,334526549,539262563,440038.251408
2020-01-23,SZ002390,信邦制药,5.56,18708180,1595731746,1667228611,926979.107716
2020-01-23,SZ300070,碧水源,8.57,47474372,2181205923,3164596594,2712059.281058
2020-01-23,SZ300071,福石控股,2.69,51530116,638566889,671386420,180602.94698
2020-01-23,SZ300067,安诺其,4.1,16987698,647905958,930499272,381504.70152
2020-01-23,SZ300068,南都电源,12.05,31745569,825141812,880234655,1060682.759275
2020-01-23,SZ300069,金利华电,14.33,1170933,84196762,117000000,167661
2020-01-23,SZ002393,力生制药,26.94,2025910,182454992,182454992,491533.748448
2020-01-23,SZ002394,联发股份,9.18,1925898,322063209,336648000,309042.864
2020-01-23,SZ002392,北京利尔,3.71,10103769,808957697,1190490839,441672.101269
2020-01-23,SZ300073,当升科技,31.76,49665419,430131531,436722773,1387031.527048
2020-01-23,SZ300072,海新能科,6.2,34693510,2141571903,2349720302,1456826.58724
2020-01-23,SZ300075,数字政通,12.09,14902510,321730312,426552605,515702.099445
2020-01-23,SZ300074,华平股份,4.11,9537825,493641011,536198900,220377.7479
2020-01-23,SH601369,陕鼓动力,6.43,6931108,1638770233,1678330233,1079166.339819
2020-01-23,SZ002395,双象股份,26.79,1835260,178806000,178806000,479021.274
2020-01-23,SZ002397,梦洁股份,4.87,8948089,484563204,764071443,372102.792741
2020-01-23,SZ300078,思创智联,12.03,30081292,729292321,859275466,1033708.385598
2020-01-23,SZ300079,数码视讯,6.68,84380406,1237585166,1429808862,955112.319816
2020-01-23,SZ300076,GQY视讯,5.51,8793820,369565530,424000000,233624
2020-01-23,SZ300077,国民技术,7.56,64372897,545056700,557615000,421556.94
2020-01-23,SZ002398,垒知集团,6.53,12424280,529785465,692508627,452208.133431
2020-01-23,SZ002401,中远海科,11.12,5781181,302167026,303240000,337202.88
2020-01-23,SZ002400,省广集团,3.11,27513498,1674758193,1743337128,542177.846808
2020-01-23,SZ002399,海普瑞,22.8,13466038,1247201704,1247201704,2843619.88512
2020-01-23,SZ002404,嘉欣丝绸,6.06,15117864,459065751,577673641,350070.226446
2020-01-23,SZ002402,和而泰,12.75,41915666,755840654,872747028,1112752.4607
2020-01-23,SZ002403,爱仕达,8.75,2999598,315618676,350320801,306530.700875
2020-01-23,SH600870,退市厦华,2.99,2152791,523199665,523199665,156436.699835
2020-01-23,SZ002406,远东传动,5.57,6432502,415701778,561000000,312477
2020-01-23,SZ002405,四维图新,15.75,74463835,1575550208,1961563170,3089461.99275
2020-01-23,SZ002407,多氟多,12.05,30527879,579408936,683920481,824124.179605
2020-01-23,SZ002408,齐翔腾达,6.96,14202341,1739120321,1775209253,1235545.640088
2020-01-23,SZ300084,海默科技,4.3,5763796,329752181,384765738,165449.26734
2020-01-23,SZ300082,奥克股份,6.38,12376879,675948651,680720000,434299.36
2020-01-23,SZ300081,恒信东方,12.4,31035049,361843033,529157876,656155.76624
2020-01-23,SZ300083,创世纪,4.56,51069896,1250623861,1430937068,652507.303008
2020-01-23,SZ002409,雅克科技,33.38,22216993,232847334,462853503,1545004.993014
2020-01-23,SZ002411,必康退,12.39,87088781,1426455765,1532283909,1898499.763251
2020-01-23,SZ002412,汉森制药,8.65,7772452,489302500,503200000,435268
2020-01-23,SZ002410,广联达,40,7826141,890785233,1127551939,4510207.756
2020-01-23,SZ300085,银之杰,16.23,22107311,415061607,706640535,1146877.588305
2020-01-23,SZ300086,康芝药业,5.19,21101689,435663113,450000000,233550
2020-01-23,SZ300087,荃银高科,13.6,21260750,348779501,430330071,585248.89656
2020-01-23,SZ300088,长信科技,12.67,230418042,2394619615,2432025094,3081375.794098
2020-01-23,SZ002416,爱施德,7.16,29245909,1223336055,1239281806,887325.773096
2020-01-23,SZ002413,雷科防务,5.6,24145376,1037395307,1081167450,605453.772
2020-01-23,SZ002415,海康威视,36,57062403,8090272351,9345010696,33642038.5056
2020-01-23,SZ002418,康盛股份,2.49,14558286,1003138026,1136400000,282963.6
2020-01-23,SZ002419,天虹股份,9.77,8058781,1199842061,1200300000,1172693.1
2020-01-23,SZ002420,毅昌科技,3.88,4354701,391717442,401000000,155588
2020-01-23,SZ002417,深南退,6.71,9421915,229455967,270000000,181170
2020-01-23,SZ002421,达实智能,3.44,27886292,1648243380,1935039229,665653.494776
2020-01-23,SZ002424,ST百灵,9.07,12001675,727806738,1411200000,1279958.4
2020-01-23,SZ002423,中粮资本,8.9,4666510,502986577,2304105575,2050653.96175
2020-01-23,SZ002422,科伦药业,25,20755713,1033440419,1439786060,3599465.15
2020-01-23,SZ002425,凯撒文化,5.85,37890679,813594332,813744432,476040.49272
2020-01-23,SZ002426,胜利精密,2.04,81447536,2792384567,3441517719,702069.614676
2020-01-23,SZ002427,尤夫股份,8.63,2337510,384659624,398154658,343607.469854
2020-01-23,SZ002428,云南锗业,11.02,68725790,644313818,653120000,719738.24
2020-01-23,SZ002429,兆驰股份,3.89,113570691,4496301410,4526940607,1760979.896123
2020-01-23,SZ002430,杭氧股份,14.72,14489300,950185972,964603777,1419896.759744
2020-01-23,SZ002431,棕榈股份,2.9,18885251,1324570934,1486985450,431225.7805
2020-01-23,SZ002432,九安医疗,5.66,27336671,432805921,432805921,244968.151286
2020-01-23,SZ002435,ST长康,4.17,9251165,1199594549,1235983020,515404.91934
2020-01-23,SZ002436,兴森科技,10.47,145761719,1262559237,1487907504,1557839.156688
2020-01-23,SZ002433,太安退,4.6,13714816,736923200,766773200,352715.672
2020-01-23,SZ002434,万里扬,9.98,10942111,1173787044,1340000000,1337320
2020-01-23,SZ002437,誉衡药业,3.04,52643036,2174785679,2198122950,668229.3768
2020-01-23,SZ002438,江苏神通,8.3,7284746,401554436,485756156,403177.60948
2020-01-23,SZ002396,星网锐捷,34.41,23524093,560740315,583280278,2007067.436598
2020-01-23,SZ002439,启明星辰,39.19,12368627,674748199,896701866,3514174.612854
2020-01-23,SZ300089,文化退,3.13,20460050,277875667,481056870,150570.80031
2020-01-23,SZ300080,易成新能,5.02,6355780,502002465,2024061798,1016079.022596
2020-01-23,SZ300091,*ST金灵,3.76,21891122,829550212,1230264538,462579.466288
2020-01-23,SZ300090,盛运退,1.4,26107888,1141515393,1319952922,184793.40908
2020-01-23,SH601000,唐山港,2.47,38194922,5925928614,5925928614,1463704.367658
2020-01-23,SZ002442,龙星科技,4.6,20320401,479552250,480000000,220800
2020-01-23,SZ002440,闰土股份,11.04,12290209,937307012,1150500000,1270152
2020-01-23,SZ002443,金洲管道,6.45,6986582,510693003,520535520,335745.4104
2020-01-23,SZ002441,众业达,8.79,15843394,393763423,544602079,478705.227441
2020-01-23,SZ300092,科新机电,7.05,3078200,167193164,231599000,163277.295
2020-01-23,SZ300093,*ST金刚,10.9,6684801,215646750,216000000,235440
2020-01-23,SZ300094,国联水产,4.04,6931007,749185766,910118815,367688.00126
2020-01-23,SZ002446,盛路通信,8.77,40975214,620495937,897096020,786753.20954
2020-01-23,SZ002444,巨星科技,11.7,19457776,1011675504,1075247700,1258039.809
2020-01-23,SZ002447,晨鑫退,2.75,17417500,1350699863,1427193000,392478.075
2020-01-23,SZ002445,中南文化,1.26,11068798,1281928899,1389390631,175063.219506
2020-01-23,SH601288,农业银行,3.52,243127436,294055293904,349983033873,123194027.923296
2020-01-23,SZ002414,高德红外,31.07,22778991,733758750,936384046,2909345.230922
2020-01-23,SZ002448,中原内配,5.35,6895374,470952495,607370105,324943.006175
2020-01-23,SZ002449,国星光电,13.72,32274148,607750975,618477169,848550.675868
2020-01-23,SZ002450,康得退,3.52,0,3230554226,3540900282,1246396.899264
2020-01-23,SZ002453,华软科技,4.98,18720322,554715172,571300000,284507.4
2020-01-23,SZ002454,松芝股份,5.23,12428959,624422478,628581600,328748.1768
2020-01-23,SZ002452,长高电新,4.99,6403540,441158754,529400000,264170.6
2020-01-23,SZ002451,摩恩电气,9.17,5765504,416344700,439200000,402746.4
2020-01-23,SZ300097,ST智云,8.74,5704953,201844042,288549669,252192.410706
2020-01-23,SZ300096,ST易联众,10.06,21558704,376522079,430000000,432580
2020-01-23,SZ300095,华伍股份,5.79,3942076,275359222.5,378710854,219273.584466
2020-01-23,SZ300098,高新兴,5.28,66305403,1319898492,1763862482,931319.390496
2020-01-23,SZ002457,青龙管业,7.94,5816717,334452486,334992000,265983.648
2020-01-23,SZ002456,欧菲光,17.92,218772484,2668030164,2712867125,4861457.888
2020-01-23,SZ002455,百川股份,5.46,9600094,393944665,516977142,282269.519532
2020-01-23,SH601717,中创智领,6.51,26068929,1483125419,1732471370,1127838.86187
2020-01-23,SZ300101,振芯科技,11.07,32101091,550699535,558345000,618087.915
2020-01-23,SZ300100,双林股份,6.02,11778848,381079873,456566616,274853.102832
2020-01-23,SZ300099,尤洛卡,6.28,10756887,448438908,669164255,420235.15214
2020-01-23,SZ002458,益生股份,25.55,21232780,355464560,574025758,1466635.81169
2020-01-23,SZ002460,赣锋锂业,43.37,59039851,786244635,1292600809,5606009.708633
2020-01-23,SZ002459,晶澳科技,14.04,19469354,388689351,1341675370,1883712.21948
2020-01-23,SZ300102,乾照光电,4.54,9303249,707500811,707515811,321212.178194
2020-01-23,SZ300103,达刚控股,8.98,2854850,245246050,317601000,285205.698
2020-01-23,SH601718,际华集团,3.68,136921618,4391629404,4391629404,1616119.620672
2020-01-23,SH601818,光大银行,4.02,178341834,39810587601,52489323101,21100707.886602
2020-01-23,SZ002463,沪电股份,23.97,88713477,1688286541,1724717363,4134147.519111
2020-01-23,SZ002462,嘉事堂,16.09,4658481,249182370,291707120,469356.75608
2020-01-23,SZ002461,珠江啤酒,7.01,5819527,1360321586,2213328480,1551543.26448
2020-01-23,SZ300107,建新股份,6.7,6521298,334432597,549597522,368230.33974
2020-01-23,SZ300105,龙源技术,4.45,7074982,513216000,513216000,228381.12
2020-01-23,SZ300106,西部牧业,5.75,5861780,211332310,211332310,121516.07825
2020-01-23,SZ300108,*ST吉药,3.48,13477573,430075064,666014674,231773.106552
2020-01-23,SZ300109,新开源,16.11,7387197,117393252,323068983,520464.131613
2020-01-23,SZ300110,华仁药业,4.19,23477140,1178031950,1182212982,495347.239458
2020-01-23,SZ300113,顺网科技,30.1,23045630,477749284,694287240,2089804.5924
2020-01-23,SZ300114,中航电测,10.92,11010377,590760499,590760499,645110.464908
2020-01-23,SZ300111,向日葵,2.24,7007973,1117239595,1119800000,250835.2
2020-01-23,SZ300112,万讯自控,8.68,13388989,196439413,286214080,248433.82144
2020-01-23,SZ002466,天齐锂业,30.82,51799190,1477099383,1477099383,4552420.298406
2020-01-23,SZ002465,海格通信,11.92,65736817,2149537202,2305324840,2747947.20928
2020-01-23,SZ002464,众应退,6.18,18377521,521749964,521794388,322468.931784
2020-01-23,SZ300115,长盈精密,20.49,64434633,905422002,909860262,1864303.676838
2020-01-23,SZ300116,*ST保力,1.78,96202300,1969454870,2432524564,432989.372392
2020-01-23,SZ300118,东方日升,15.58,31836570,695766970,901359941,1404318.788078
2020-01-23,SZ300117,*ST嘉寓,3.73,7278547,714285000,716760000,267351.48
2020-01-23,SZ002470,金正大,2.56,53846042,2836557330,3286027742,841223.101952
2020-01-23,SZ002467,二六三,6.11,93390935,1153778304,1353705178,827113.863758
2020-01-23,SZ002469,三维化学,4.13,4575761,463423225,503262849,207847.556637
2020-01-23,SZ002468,申通快递,19.01,8614378,1530802166,1530802166,2910054.917566
2020-01-23,SZ002472,双环传动,5.49,4593410,555924326,686549741,376915.807809
2020-01-23,SZ002471,中超控股,2.16,12849442,1265090031,1268000000,273888
2020-01-23,SZ002473,圣莱退,7.37,2087000,160000000,160000000,117920
2020-01-23,SZ002475,立讯精密,45.15,76007749,5343639875,5349001738,24150742.84707
2020-01-23,SZ002474,榕基软件,8.3,14263210,469278270,622200000,516426
2020-01-23,SZ002476,宝莫股份,6.27,7701831,577756912,612000000,383724
2020-01-23,SZ300121,阳谷华泰,8.05,6055510,359974331,388611706,312832.42333
2020-01-23,SZ300120,经纬辉开,6.77,11763261,234229161,464756611,314640.225647
2020-01-23,SZ300119,瑞普生物,15,11117687,243915088,404493463,606740.1945
2020-01-23,SH600372,中航机载,14.35,5996726,1759523045,1759523045,2524915.569575
2020-01-23,SZ002479,富春环保,6.5,14477405,882144220,888888000,577777.2
2020-01-23,SZ002478,常宝股份,5.84,8220600,596984755,959992879,560635.841336
2020-01-23,SZ002480,新筑股份,3.65,7371000,639996775,651026035,237624.502775
2020-01-23,SZ002481,双塔食品,8,38692574,1107127652,1243390000,994712
2020-01-23,SZ300124,汇川技术,29.25,12403916,1381440471,1731694256,5065205.6988
2020-01-23,SH601018,宁波港,3.66,19478042,12800000000,13172847809,4821262.298094
2020-01-23,SZ300122,智飞生物,59.59,14170991,875769025,1600000000,9534400
2020-01-23,SZ300123,亚光科技,10.22,110608054,578209405,1007630823,1029798.701106
2020-01-23,SZ002483,润邦股份,4.25,15205993,671230146,672447760,285790.298
2020-01-23,SZ002484,江海股份,8.28,31178440,763647129,815155441,674948.705148
2020-01-23,SZ002482,广田集团,4.27,10258980,1529294596,1537279657,656418.413539
2020-01-23,SZ000732,ST泰禾,5.61,24470367,2486109396,2488901440,1396273.70784
2020-01-23,SH601177,杭齿前进,9.11,3291610,400060000,400060000,364454.66
2020-01-23,SZ300125,*ST聆达,14.9,2483344,263777292,265499995,395594.99255
2020-01-23,SZ300128,锦富技术,3.66,20386754,1072205348,1094115412,400446.240792
2020-01-23,SZ300127,银河磁体,17.2,5401302,227113140,323146360,555811.7392
2020-01-23,SZ300126,锐奇股份,5.75,3676409,210662529,303957600,174775.62
2020-01-23,SH601377,兴业证券,6.8,68758363,6696671674,6696671674,4553736.73832
2020-01-23,SZ002487,大金重工,5.08,10455534,537355625,555090000,281985.72
2020-01-23,SZ002485,ST雪发,6.37,4736482,544000000,544000000,346528
2020-01-23,SZ002486,嘉麟杰,3.04,16582700,832000000,832000000,252928
2020-01-23,SZ300131,英唐智控,5.49,36128672,787815026,1069526426,587170.007874
2020-01-23,SZ300130,新国都,17.57,22232829,341023760,484268046,850858.956822
2020-01-23,SZ300129,泰胜风能,4.82,13437819,556829736,719153256,346631.869392
2020-01-23,SZ002489,浙江永强,4.78,21116383,1878686453,2175736503,1040002.048434
2020-01-23,SZ002488,金固股份,6.98,22662118,769805365,1011717794,706179.020212
2020-01-23,SZ002491,通鼎互联,6.41,15897374,1176508371,1261553144,808655.565304
2020-01-23,SZ002490,山东墨龙,3.54,4229010,347571750,797848400,282438.3336
2020-01-23,SZ300133,华策影视,7.73,54302163,1381220960,1755673701,1357135.770873
2020-01-23,SZ300132,青松股份,12.66,15721614,385920000,516580886,653991.401676
2020-01-23,SZ300135,宝利国际,2.56,8157600,921600000,921600000,235929.6
2020-01-23,SZ300134,大富科技,15,21569729,712416506,767498006,1151247.009
2020-01-23,SH601098,中南传媒,12.24,4825196,1796000000,1796000000,2198304
2020-01-23,SZ002495,佳隆股份,2.78,5393700,713934903,935625600,260103.9168
2020-01-23,SZ002492,恒基达鑫,5.43,10143650,398131742,405000000,219915
2020-01-23,SZ002493,荣盛石化,11.5,5603290,5816219475,6291107750,7234773.9125
2020-01-23,SH600998,九州通,16.46,37185864,1673455320,1877664155,3090635.19913
2020-01-23,SZ002494,华斯股份,5.09,7339808,295947607,385560818,196250.456362
2020-01-23,SZ300137,先河环保,7.9,22357376,471030180,551032550,435315.7145
2020-01-23,SZ300138,晨光生物,7.45,5330135,405272977,511867534,381341.31283
2020-01-23,SZ300136,信维通信,44,40451065,810050663,968639966,4262015.8504
2020-01-23,SZ002496,*ST辉丰,2.5,10919635,968751818,1507562244,376890.561
2020-01-23,SZ002497,雅化集团,9.1,68192884,845922747,958709703,872425.82973
2020-01-23,SZ002498,汉缆股份,2.93,19114100,3326796000,3326796000,974751.228
2020-01-23,SZ002499,科林退,3.91,1203792,188984175,189000000,73899
2020-01-23,SZ300142,沃森生物,28.22,35182920,1454504651,1537436984,4338647.168848
2020-01-23,SZ300141,和顺电气,6.75,3978311,165552919,255459600,172435.23
2020-01-23,SZ300140,节能环境,9.99,4475600,365475976,427244052,426816.807948
2020-01-23,SZ300139,晓程科技,8.61,12916498,217917179,274000000,235914
2020-01-23,SZ002500,山西证券,7.92,26644614,2828725153,2828725153,2240350.321176
2020-01-23,SZ002503,*ST搜特,2.22,50641168,2122707917,3092505396,686536.197912
2020-01-23,SZ002501,利源股份,2,27572116,1135079586,1214835580,242967.116
2020-01-23,SZ002502,ST鼎龙,2.99,13527928,756523863,859828874,257088.833326
2020-01-23,SZ002504,*ST弘高,2.87,12145872,414548971,1025800523,294404.750101
2020-01-23,SZ002505,鹏都农牧,1.7,37127471,5485372200,5485372200,932513.274
2020-01-23,SZ002509,天茂退,1.24,46767949,2088435205,2492492696,309069.094304
2020-01-23,SZ002507,涪陵榨菜,23.55,14048990,777530872,789357241,1858936.302555
2020-01-23,SZ002508,老板电器,32.82,13097096,934900781,949024050,3114696.9321
2020-01-23,SH601777,千里科技,2.73,20830954,1285826279,1313757579,358655.819067
2020-01-23,SZ002511,中顺洁柔,12.94,19861075,1265126421,1308891273,1693705.307262
2020-01-23,SZ002510,天汽模,5.88,108576274,786930677,920851132,541460.465616
2020-01-23,SZ002513,蓝丰生化,6.17,1843800,314399207,340086278,209833.233526
2020-01-23,SZ002512,达华智能,6.02,38588356,854834684,1144709132,689114.897464
2020-01-23,SZ002514,宝馨科技,5.5,5570002,405543559,554034264,304718.8452
2020-01-23,SZ002515,金字火腿,5.1,28867329,848818557,978313280,498939.7728
2020-01-23,SH601880,辽港股份,1.96,27370880,7735820000,12894535999,2527329.055804
2020-01-23,SZ002517,恺英网络,2.62,44758123,1600041927,2152517634,563959.620108
2020-01-23,SZ002516,旷达科技,2.84,8972395,938521289,1470838682,417718.185688
2020-01-23,SZ002518,科士达,12.41,14237964,559458131,582445394,722814.733954
2020-01-23,SZ002519,银河电子,4.06,19208144,994452003,1126430898,457330.944588
2020-01-23,SZ300143,盈康生命,8.89,3816511,510693501,545854264,485264.440696
2020-01-23,SZ300144,宋城演艺,26.94,26835951,1175775732,1452607800,3913325.4132
2020-01-23,SZ300145,南方泵业,3.4,27080662,1409646726,1923438236,653969.00024
2020-01-23,SZ002523,天桥起重,2.94,10148022,1348516654,1416640800,416492.3952
2020-01-23,SZ002522,浙江众成,6,12990524,855186034,905779387,543467.6322
2020-01-23,SZ002520,日发精机,7.41,3455950,504177277,755861482,560093.358162
2020-01-23,SZ002521,齐峰新材,5.93,8667699,424914173,494685819,293348.690667
2020-01-23,SZ300147,ST香雪,11.3,90002442,651409714,661476335,747468.25855
2020-01-23,SZ300146,汤臣倍健,16.8,14810161,881880833,1582492554,2658587.49072
2020-01-23,SZ300148,天舟文化,4.35,47540644,780428000,844934446,367546.48401
2020-01-23,SH601933,永辉超市,7.57,93722996,9467923538,9570462108,7244839.815756
2020-01-23,SZ002524,光正眼科,9.94,21055800,484227195,515729591,512635.213454
2020-01-23,SZ002526,山东矿机,2.21,41290204,1690241943,1782793836,393997.437756
2020-01-23,SZ300150,世纪瑞尔,4.66,7421200,471805929,585106053,272659.420698
2020-01-23,SZ300151,昌红科技,8.14,3078135,287030305,502500000,409035
2020-01-23,SZ300149,睿智医药,13.38,4531199,405145879,499776892,668701.481496
2020-01-23,SZ002528,ST英飞拓,4.9,13346817,1045709950,1198675082,587350.79018
2020-01-23,SZ002529,*ST海源,5.86,14495733,260000000,260000000,152360
2020-01-23,SZ002527,新时达,5.24,5930064,447662093,620191351,324980.267924
2020-01-23,SH601890,亚星锚链,5.79,16247956,959400000,959400000,555492.6
2020-01-23,SZ300153,科泰电源,6.3,3958833,317347386,320000000,201600
2020-01-23,SZ300154,瑞凌股份,5.41,3216780,317377150,455770000,246571.57
2020-01-23,SZ300152,ST新动力,3.24,12366200,712691200,712800000,230947.2
2020-01-23,SZ002532,天山铝业,6.21,5275135,430858429,503080023,312412.694283
2020-01-23,SZ002531,天顺风能,6.18,32819380,1769006513,1779019047,1099433.771046
2020-01-23,SZ002530,金财互联,15.06,20479101,636881940,779198175,1173472.45155
2020-01-23,SZ002533,金杯电工,5.16,7744554,517207095,565180080,291632.92128
2020-01-23,SH601126,四方股份,5.49,3228035,795516599,813172000,446431.428
2020-01-23,SZ300157,新锦动力,3.83,9839500,707057451,712113257,272739.377431
2020-01-23,SZ300158,振东制药,4.95,29784948,1007830672,1033054660,511362.0567
2020-01-23,SZ300159,*ST新研,3.82,20547640,1092842052,1490360202,569317.597164
2020-01-23,SH601118,海南橡胶,4.78,30350720,4279427797,4279427797,2045566.486966
2020-01-23,SZ300155,安居宝,5.7,9817862,277858687,543370602,309721.24314
2020-01-23,SZ300156,神雾退,1.46,20974388,721800000,1010024415,147463.56459
2020-01-23,SZ002534,西子洁能,7.97,3499176,729795236,739265850,589194.88245
2020-01-23,SZ002537,海联金汇,6.69,22496152,1237835239,1243535239,831925.074891
2020-01-23,SZ002536,飞龙股份,5.01,6009450,471171227,500711814,250856.618814
2020-01-23,SZ002535,林州重机,2.7,10650220,569303753,801683074,216454.42998
2020-01-23,SZ300162,雷曼光电,9.04,21657014,229196698,349510030,315957.06712
2020-01-23,SZ300163,先锋新材,3.47,7452580,341721842,474000000,164478
2020-01-23,SZ300161,华中数控,15.37,7121675,167929991,172765551,265540.651887
2020-01-23,SZ300160,秀强股份,4.4,24780715,581150566,618502423,272141.06612
2020-01-23,SH601558,退市锐电,1.08,38409500,6030600000,6030600000,651304.8
2020-01-23,SZ300164,通源石油,5.82,14237400,320533829,451202159,262599.656538
2020-01-23,SZ002541,鸿路钢构,11.21,9738328,369524687,523718853,587088.834213
2020-01-23,SZ002540,亚太科技,4.54,5555410,894932863,1270529500,576820.393
2020-01-23,SZ002539,云图控股,4.61,9144861,605549663,1010100000,465656.1
2020-01-23,SZ002538,司尔特,4.57,7552105,698469106,718126381,328183.756117
2020-01-23,SH601700,风范股份,6.02,21074475,1133232000,1133232000,682205.664
2020-01-23,SZ300166,东方国信,15.04,33310890,818033875,1056680094,1589246.861376
2020-01-23,SZ300165,ST天瑞,4.42,9874039,319409769,461760000,204097.92
2020-01-23,SZ300168,万达信息,15.56,22446044,1131007695,1139854276,1773613.253456
2020-01-23,SZ300169,天晟新材,5.43,7582293,262601015,325984340,177009.49662
2020-01-23,SZ300167,ST迪威迅,5.39,14450202,300240000,300240000,161829.36
2020-01-23,SH601137,博威合金,10.54,11433146,614506331,684520473,721484.578542
2020-01-23,SZ002542,中化岩土,3.82,9872931,1203108857,1805548184,689719.406288
2020-01-23,SZ002544,普天科技,13.83,12402385,512662189,571157220,789910.43526
2020-01-23,SH601519,大智慧,7.76,40854406,1987700000,1987700000,1542455.2
2020-01-23,SZ002543,万和电气,9.15,2103284,630839397.5,743600000,680394
2020-01-23,SZ300171,东富龙,7.96,14383734,333626971,628337040,500156.28384
2020-01-23,SZ300170,汉得信息,10.02,35073988,730413170,884016939,885784.972878
2020-01-23,SH601799,星宇股份,98.5,1188190,276155232,276155232,2720129.0352
2020-01-23,SZ300172,中电环保,5.03,3530719,352160025,521950000,262540.85
2020-01-23,SH601616,广电电气,2.94,13362029,935575000,935575000,275059.05
2020-01-23,SZ300173,ST福能,6.3,22995970,439682537,586180503,369293.71689
2020-01-23,SZ300174,元力股份,15.5,1366000,241835665,244800000,379440
2020-01-23,SZ002546,新联电子,4.03,7970439,781903697,834049096,336121.785688
2020-01-23,SZ002545,东方铁塔,6.62,6692700,1032167030,1244062083,823569.098946
2020-01-23,SZ300179,四方达,6.42,12252672,334369463,495535459,318133.764678
2020-01-23,SZ300176,鸿特科技,8.71,8518926,367795968,387280800,337321.5768
2020-01-23,SZ300175,ST朗源,6.62,8063000,461610280,470800000,311669.6
2020-01-23,SZ300177,中海达,10.03,51406195,503969029,675015286,677040.331858
2020-01-23,SZ300178,腾邦退,4.27,17713400,584299186,616508293,263249.041111
2020-01-23,SZ002549,凯美特气,6.96,11303189,620234925,623700000,434095.2
2020-01-23,SZ002547,春兴精工,8.19,41507119,762893868,1128057168,923878.820592
2020-01-23,SZ002550,千红制药,4.52,13219914,904938714,1279975000,578548.7
2020-01-23,SZ002548,金新农,8.06,6614094,397400563,432809780,348844.68268
2020-01-23,SZ300184,力源信息,7.72,49008094,615309822,1178158222,909538.147384
2020-01-23,SZ300180,华峰超纤,9.02,11631363,1026002059.5,1703753565,1536785.71563
2020-01-23,SZ300183,东软载波,16.72,24680475,272100487,468707317,783678.634024
2020-01-23,SH601216,君正集团,2.92,47074301,8438017390,8438017390,2463901.07788
2020-01-23,SZ300182,捷成股份,5.3,156932430,1791033007,2574960807,1364729.22771
2020-01-23,SZ300181,佐力药业,5.16,9199445,463805438,608624848,314050.421568
2020-01-23,SZ002553,南方精工,5.02,4856829,234294201,348000000,174696
2020-01-23,SZ002552,宝鼎科技,21.61,8228624,200148944,306232338,661768.082418
2020-01-23,SZ002551,尚荣医疗,5.29,35298430,446581588,705967762,373456.946098
2020-01-23,SZ002554,惠博普,3,14159800,769855201,1070810000,321243
2020-01-23,SH601992,金隅集团,3.4,35618699,8334158264,10677771134,3630442.18556
2020-01-23,SH601116,三江购物,12.89,3359001,410758800,547678400,705957.4576
2020-01-23,SZ002557,洽洽食品,35.9,4410306,507000000,507000000,1820130
2020-01-23,SZ002556,辉隆股份,5.83,17098722,715587023,717600000,418360.8
2020-01-23,SZ002555,三七互娱,32.41,46136667,1347770584,2112251697,6845807.749977
2020-01-23,SZ002558,巨人网络,18.1,9662169,2024379932,2024379932,3664127.67692
2020-01-23,SZ002560,通达股份,5.74,6450400,270332025,443856103,254773.403122
2020-01-23,SZ002561,徐家汇,7.91,2025408,397149645,415763000,328868.533
2020-01-23,SZ002559,亚威股份,6.15,17223701,475713915,556723012,342384.65238
2020-01-23,SZ300185,通裕重工,1.78,19155553,2721653644,3267743928,581658.419184
2020-01-23,SZ300187,永清环保,4.49,4444760,634148382,644500165,289380.574085
2020-01-23,SH601011,宝泰隆,4.12,22010600,1604807397,1610394597,663482.573964
2020-01-23,SZ002564,天沃科技,4.46,9594060,868150976,869375282,387741.375772
2020-01-23,SZ002562,兄弟科技,4.63,14152854,539092814,902031312,417640.497456
2020-01-23,SZ002563,森马服饰,9.33,5541400,1848510367,2698536100,2517734.1813
2020-01-23,SZ300188,国投智能,20.82,21285078,532362259,803993717,1673914.918794
2020-01-23,SZ300190,维尔利,7.26,10692035,729152411,783784957,569027.878782
2020-01-23,SZ300189,神农种业,3.46,9329317,956191220,1024000000,354304
2020-01-23,SZ300191,潜能恒信,21.58,4368437,207020000,320000000,690560
2020-01-23,SH601199,江南水务,3.74,4499700,935210292,935210292,349768.649208
2020-01-23,SZ002566,益盛药业,6.95,9016154,229191535,330951600,230011.362
2020-01-23,SZ002565,顺灏股份,5.63,51193297,1056097754,1060156922,596868.347086
2020-01-23,SZ300193,佳士科技,8.57,5868360,457382855,506901310,434414.42267
2020-01-23,SZ300194,福安药业,5.78,44974505,892703831,1189712382,687653.756796
2020-01-23,SZ300192,科德教育,13.79,13949827,172364189,242550000,334476.45
2020-01-23,SZ002567,唐人神,7.4,39458036,775831630,836570799,619062.39126
2020-01-23,SZ002568,百润股份,27.16,4230694,348862833,519802650,1411783.9974
2020-01-23,SZ300196,长海股份,11.66,5013956,251841675,415190679,484112.331714
2020-01-23,SZ300195,长荣股份,7.23,5765774,302668255,433483630,313408.66449
2020-01-23,SZ300197,节能铁汉,2.89,30550290,1666752069,2346325939,678088.196371
2020-01-23,SZ300198,ST纳川,4.04,17383300,830621054,1031548540,416745.61016
2020-01-23,SZ300199,翰宇药业,5.72,21025121,598717742,916927040,524482.26688
2020-01-23,SZ300201,海伦哲,3.62,7594357,909062876,1040921518,376813.589516
2020-01-23,SZ300200,高盟新材,11.86,8123532,202380992,266639171,316234.056806
2020-01-23,SZ002075,沙钢股份,6.16,38919220,2206770722,2206771772,1359371.411552
2020-01-23,SZ002572,索菲亚,19.69,17016819,637175338,912370038,1796456.604822
2020-01-23,SZ002569,*ST步森,11.3,976000,139775250,140010000,158211.3
2020-01-23,SZ002571,德力股份,4.71,4778311,284179188,391950700,184608.7797
2020-01-23,SZ002570,贝因美,5.48,16952448,1022465250,1022520000,560340.96
2020-01-23,SZ300202,聚龙退,10.71,19411462,424647206,549504000,588518.784
2020-01-23,SZ300204,舒泰神,11.79,2385668,467166382,476034544,561244.727376
2020-01-23,SZ300203,聚光科技,14.63,13079705,451463900,452517400,662032.9562
2020-01-23,SZ300206,理邦仪器,7.48,13247336,340438065,581721846,435127.940808
2020-01-23,SZ300205,*ST天喻,11.49,12824409,425988788,430056000,494134.344
2020-01-23,SZ300207,欣旺达,24.3,32296438,1385857017,1569135331,3812998.85433
2020-01-23,SZ002573,清新环境,6.3,9645480,1078525625,1081272100,681201.423
2020-01-23,SZ002574,明牌珠宝,4.93,5384316,528000000,528000000,260304
2020-01-23,SZ002575,群兴玩具,6.43,6743733,587899500,618720000,397836.96
2020-01-23,SZ300208,中程退,6.36,4707525,639792576,749475000,476666.1
2020-01-23,SZ300210,森远股份,3.09,12802299,400124143,484219953,149623.965477
2020-01-23,SZ300209,行云科技,14.34,8757971,263760568,426169680,611127.32112
2020-01-23,SZ002578,闽发铝业,3.29,5414225,645330133,988093296,325082.694384
2020-01-23,SH601258,*ST庞大,1.5,63160617,10227225070,10227225070,1534083.7605
2020-01-23,SZ002576,通达动力,9.45,2691154,164415254,165100000,156019.5
2020-01-23,SZ002577,雷柏科技,11.39,6453502,280763011,282880000,322200.32
2020-01-23,SZ300212,易华录,37.35,11662759,508625447,541707345,2023276.933575
2020-01-23,SZ300213,佳讯飞鸿,6.62,9379006,437548133,594926386,393841.267532
2020-01-23,SZ300211,*ST亿通,7.05,7107225,149247047,302675973,213386.560965
2020-01-23,SZ002580,圣阳股份,5.21,5419289,312472087,349129995,181896.727395
2020-01-23,SH601218,吉鑫科技,2.92,12814088,977360000,991760000,289593.92
2020-01-23,SZ002579,中京电子,15.25,18728837,356117593,396158821,604142.202025
2020-01-23,SH601113,华鼎股份,3.14,10985735,907682240,1141481073,358425.056922
2020-01-23,SZ300215,电科院,6.66,7799160,608165462,758322487,505042.776342
2020-01-23,SZ300214,日科化学,8.54,8440000,338258634,425812614,363643.972356
2020-01-23,SZ300219,鸿利智汇,7.18,4927172,606368428,711181006,510627.962308
2020-01-23,SZ300218,安利股份,7.69,3551547,216276394,216987000,166863.003
2020-01-23,SZ300217,东方电热,2.28,16681471,879158247,1273493706,290356.564968
2020-01-23,SH601233,桐昆股份,14.16,39680208,1847930806,1847930806,2616670.021296
2020-01-23,SH601208,东材科技,5.5,11476925,626601000,626601000,344630.55
2020-01-23,SZ002582,好想你,8.95,8045826,411793075,515684160,461537.3232
2020-01-23,SZ002581,ST未名,8.13,45273078,400791161,659735586,536365.031418
2020-01-23,SZ300222,科大智能,8.04,13723772,465798410,724750590,582699.47436
2020-01-23,SZ300220,金运激光,44.99,1719010,125151549,126000000,566874
2020-01-23,SZ300221,银禧科技,5.55,16313601,410719647,452316363,251035.581465
2020-01-23,SH601599,浙文影业,2.95,22713737,892724964,892724964,263353.86438
2020-01-23,SZ002583,海能达,8.22,21292312,1047614133,1839573991,1512129.820602
2020-01-23,SH601566,九牧王,11.4,2638800,574637150,574637150,655086.351
2020-01-23,SZ300225,*ST金泰,5.8,10605729,468606681,470340000,272797.2
2020-01-23,SZ300223,北京君正,101.78,13344689,127435202,201327568,2049111.987104
2020-01-23,SZ300224,正海磁材,9.08,11503152,736059474,820216556,744756.632848
2020-01-23,SZ002585,双星新材,4.5,11784276,852192212,1156278085,520325.13825
2020-01-23,SZ002584,西陇科学,6.42,89586988,387640092,585216422,375708.942924
2020-01-23,SZ002586,ST围海,2.83,8204700,735414952,1144223714,323815.311062
2020-01-23,SH601311,骆驼股份,9.87,19221793,863823718,863823718,852594.009666
2020-01-23,SH601010,文峰股份,3.16,13686364,1848000000,1848000000,583968
2020-01-23,SZ300226,上海钢联,80.4,4562530,152798742,159108850,1279235.154
2020-01-23,SZ300227,光韵达,15.45,6303777,155779278,249994674,386241.77133
2020-01-23,SZ300228,富瑞特装,4.26,20114422,413822892,472741642,201387.939492
2020-01-23,SZ002590,万安科技,7.63,10685549,434475848,479646926,365970.604538
2020-01-23,SZ002587,奥拓电子,7.82,17758817,422156664,620037084,484868.999688
2020-01-23,SZ002589,瑞康医药,6.96,39493725,1162632790,1504710471,1047278.487816
2020-01-23,SZ002588,史丹利,4.02,5140764,752118272,1156884000,465067.368
2020-01-23,SZ300231,银信科技,8.76,23637357,358682201,442100220,387279.79272
2020-01-23,SZ300230,永利股份,5.3,69688887,542907540,816206041,432589.20173
2020-01-23,SH601567,三星医疗,8.07,9314451,1386569053,1386569053,1118961.225771
2020-01-23,SZ300229,拓尔思,14.16,13693857,464814995,478011220,676863.88752
2020-01-23,SZ002591,恒大高新,9.36,7901000,190028656,306671584,287044.602624
2020-01-23,SZ300233,金城医药,19.77,2572953,355037697,393152238,777261.974526
2020-01-23,SZ300232,洲明科技,11.06,32318237,618964636,924539406,1022540.583036
2020-01-23,SH601798,蓝科高新,6,1022310,354528198,354528198,212716.9188
2020-01-23,SZ300234,开尔新材,10.23,5593700,171502703,289534588,296193.883524
2020-01-23,SZ002593,日上集团,3.63,9158653,467067880,701110000,254502.93
2020-01-23,SZ002595,豪迈科技,20.91,1773543,527051434,800000000,1672800
2020-01-23,SZ300235,方直科技,13.05,8302482,111020161,167831090,219019.57245
2020-01-23,SZ300237,ST美晨,2.46,29394035,1439848252,1453072510,357455.83746
2020-01-23,SZ300236,上海新阳,39,47872994,285371067,290648916,1133530.7724
2020-01-23,SZ002594,比亚迪,59.83,29158496,1140661634,2728142855,16322478.701465
2020-01-23,SH601058,赛轮轮胎,4.7,38876074,2063341941,2700260678,1269122.51866
2020-01-23,SZ300239,东宝生物,5.31,22641020,444990890,522746108,277578.183348
2020-01-23,SZ300240,飞力达,6.13,4931064,365035204,365559750,224088.12675
2020-01-23,SZ300238,冠昊生物,17.86,6332055,261639080,265155701,473568.081986
2020-01-23,SZ002596,海南瑞泽,6.66,60185332,981854688,1150662718,766341.370188
2020-01-23,SZ002598,山东章鼓,6.31,2824341,270107663,312000000,196872
2020-01-23,SZ002597,金禾实业,23.85,5372122,557037011,558771351,1332669.672135
2020-01-23,SZ000620,盈新发展,3.8,7943002,1896614445,1896690420,720742.3596
2020-01-23,SZ300241,瑞丰光电,6.37,25787996,417412869,534744963,340632.541431
2020-01-23,SZ300242,佳云科技,4.1,16516400,580186302,634555224,260167.64184
2020-01-23,SZ300243,瑞丰高材,7.27,1875877,186816980,232322851,168898.712677
2020-01-23,SZ002601,龙佰集团,16.19,15487102,2027184087,2032020889,3289841.819291
2020-01-23,SZ002600,领益智造,12.96,132387934,1724161666,6827077440,8847892.36224
2020-01-23,SZ002599,盛通股份,4.4,10908261,341528108,548301013,241252.44572
2020-01-23,SZ300246,宝莱特,16.5,8955653,107753865,146088000,241045.2
2020-01-23,SZ300245,天玑科技,9.55,6106462,307960307,313457493,299351.905815
2020-01-23,SZ300244,迪安诊断,24.47,10361999,454199348,620458296,1518261.450312
2020-01-23,SH600898,*ST美讯,6.58,3091400,252523820,252523820,166160.67356
2020-01-23,SZ002603,以岭药业,16.23,66681296,986986957,1203717463,1953633.442449
2020-01-23,SZ002602,世纪华通,12.7,46039303,2592394078,5956432890,7564669.7703
2020-01-23,SZ300247,融捷健康,2.68,15432766,658613576,804040313,215482.803884
2020-01-23,SZ300248,新开普,9.88,24936476,320292769,481092495,475319.38506
2020-01-23,SZ300251,光线传媒,10.57,58051952,2783841404,2933608432,3100824.112624
2020-01-23,SZ300250,初灵信息,13.47,6652218,151064705,219989902,296326.397994
2020-01-23,SZ300249,依米康,6.32,12994735,305462750,437470194,276481.162608
2020-01-23,SZ002606,大连电瓷,5.73,5145588,406596000,407496000,233495.208
2020-01-23,SZ002605,姚记科技,38.2,19583142,269692810,399413589,1525759.90998
2020-01-23,SH601222,林洋能源,5.16,20123436,1748878860,1757670860,906958.16376
2020-01-23,SZ002608,江苏国信,7.32,2487467,3778079704,3778079704,2765554.343328
2020-01-23,SH601901,方正证券,8.04,70135179,8232101395,8232101395,6618609.52158
2020-01-23,SZ002607,中公教育,16.76,17457636,667243986,6167399389,10336561.375964
2020-01-23,SH601636,旗滨集团,5.4,54427731,2660259040,2687702940,1451359.5876
2020-01-23,SZ002610,ST爱康,1.57,70734840,4387047197,4489120772,704791.961204
2020-01-23,SZ002609,捷顺科技,10.81,10252490,366606553,645399741,697677.120021
2020-01-23,SH601789,宁波建工,3.85,19138930,976080000,976080000,375790.8
2020-01-23,SZ300253,卫宁健康,15.93,35093114,1319644733,1641103846,2614278.426678
2020-01-23,SH601886,江河集团,7.76,4256300,1154050000,1154050000,895542.8
2020-01-23,SZ300252,金信诺,10.32,16477803,378689716,577803834,596293.556688
2020-01-23,SH600727,鲁北化工,7.2,10404420,350926607,350986607,252710.35704
2020-01-23,SZ300257,开山股份,10.02,4150354,817730632,858000000,859716
2020-01-23,SZ300256,星星科技,7.11,101745632,793996511,957936396,681092.777556
2020-01-23,SZ300254,仟源医药,8.61,10813914,162066854,208308000,179353.188
2020-01-23,SZ300255,常山药业,5.78,13696254,598283868,934966878,540410.855484
2020-01-23,SZ300258,精锻科技,10.82,1993463,376679533,405000000,438210
2020-01-23,SZ000981,山子高科,1.57,17813100,2574315600,4027989882,632394.411474
2020-01-23,SH600057,厦门象屿,4.04,9809418,2157454085,2157454085,871611.45034
2020-01-23,SZ002612,朗姿股份,8.53,4383275,209576508,435070744,371115.344632
2020-01-23,SZ002613,北玻股份,2.73,7041510,509102342,937170000,255847.41
2020-01-23,SZ002611,东方精工,4.72,39584760,1106787620,1545126957,729299.923704
2020-01-23,SZ300259,新天科技,5.06,37288187,725196175,1175657958,594882.926748
2020-01-23,SZ300261,雅本化学,4.12,10296288,928273678,963309471,396883.502052
2020-01-23,SZ300260,新莱应材,12.33,4423304,126680522,201940000,248992.02
2020-01-23,SH601908,京运通,2.97,9085387,1993017701,1993017701,591926.257197
2020-01-23,SH600681,百川能源,6.13,6173186,1402390712,1442740310,884399.81003
2020-01-23,SZ002615,哈尔斯,5.32,2651450,225249553,410400000,218332.8
2020-01-23,SZ002614,奥佳华,10.43,7785511,335950682,561252500,585386.3575
2020-01-23,SZ300265,通光线缆,7.42,3279695,336764250,337500000,250425
2020-01-23,SZ300262,*ST巴安,4.79,6755222,456281914,669766999,320818.392521
2020-01-23,SZ300263,隆华科技,5.29,24525887,673858851,914869304,483965.861816
2020-01-23,SZ300264,佳创视讯,6.6,30373129,322432245,413100000,272646
2020-01-23,SH601677,明泰铝业,11.38,6970564,574634313,616295313,701344.066194
2020-01-23,SZ002618,丹邦退,12.56,12990190,547920000,547920000,688187.52
2020-01-23,SZ002616,长青集团,8.41,4615905,459407044,741883144,623923.724104
2020-01-23,SZ002617,露笑科技,5.6,34777890,1065045834,1510668434,845974.32304
2020-01-23,SZ300267,尔康制药,5.15,35154921,1414561835,2062604870,1062241.50805
2020-01-23,SZ300266,兴源环境,3.51,22588157,1507842566,1564431057,549115.301007
2020-01-23,SZ300268,*ST佳沃,13.62,978357,98218306,134000000,182508
2020-01-23,SH601633,长城汽车,8.35,17722720,6027729000,9127269000,7621269.615
2020-01-23,SZ002619,*ST艾格,3.15,33662140,1420812318,1844896231,581142.312765
2020-01-23,SZ002621,*ST美吉,11.05,4910382,544315562,590881492,652924.04866
2020-01-23,SH600633,浙数文化,9.2,12660683,1301923953,1301923953,1197770.03676
2020-01-23,SZ002620,ST瑞和,6.14,3832334,303632488,378630000,232478.82
2020-01-23,SH601996,丰林集团,2.73,10461400,1075726900,1145736800,312786.1464
2020-01-23,SH600094,大名城,6.21,48951963,2276604962,2475325057,1537176.860397
2020-01-23,SZ300270,中威电子,8.47,12053669,184468926,302806028,256476.705716
2020-01-23,SZ300269,联建光电,4.49,14116111,407197211,591587831,265622.936119
2020-01-23,SZ002623,亚玛顿,32.59,5170613,159573625,160000000,521440
2020-01-23,SH601669,中国电建,4.07,47266719,11144401540,15299035024,6226707.254768
2020-01-23,SZ002622,皓宸医疗,3.59,20281308,839977500,840000000,301560
2020-01-23,SH600313,农发种业,2.84,30238112,1019397107,1082198663,307344.420292
2020-01-23,SZ300271,华宇软件,28.23,9910784,582990631,809390723,2284910.011029
2020-01-23,SZ300273,和佳退,4.84,17574911,580856192,794580776,384577.095584
2020-01-23,SH601100,恒立液压,50.49,5059805,882000000,882000000,4453218
2020-01-23,SZ002624,完美世界,47.49,34448921,1159947933,1292697883,6139022.246367
2020-01-23,SZ002626,金达威,20.86,8931821,616391927,616481927,1285981.299722
2020-01-23,SZ300275,梅安森,11.77,5977900,117588078,168114000,197870.178
2020-01-23,SZ300274,阳光电源,11.39,44348137,1074514101,1457086850,1659621.92215
2020-01-23,SZ300272,开能健康,4.48,3611517,375291389,583018109,261192.112832
2020-01-23,SZ002628,成都路桥,4.41,11635600,732627906,762216215,336137.350815
2020-01-23,SZ002627,三峡旅游,9.4,6224968,277320514,334003673,313963.45262
2020-01-23,SZ002629,仁智股份,2.65,7317307,344600433,411948000,109166.22
2020-01-23,SZ002625,光启技术,8.44,11803062,510848232,2154587862,1818472.155528
2020-01-23,SH601028,玉龙股份,5.3,5249855,783025760,783025760,415003.6528
2020-01-23,SZ002631,德尔未来,8.12,13383363,651828593,669045772,543265.166864
2020-01-23,SZ002630,ST华西,2.34,33225914,971481912,1180800000,276307.2
2020-01-23,SZ002592,ST八菱,12.55,3592749,245774005,283331157,355580.602035
2020-01-23,SZ300276,三丰智能,7.62,4669073,363025266,795169157,605918.897634
2020-01-23,SZ002632,道明光学,7,8978750,577274292,624599090,437219.363
2020-01-23,SZ002633,申科股份,8.55,1292969,149418750,150000000,128250
2020-01-23,SZ300277,海联讯,8.69,4754427,334390625,335000000,291115
2020-01-23,SZ002636,金安国纪,8.63,11434937,723107222,728000000,628264
2020-01-23,SZ002637,赞宇科技,10.2,10500457,372847415,422680000,431133.6
2020-01-23,SZ002638,勤上股份,3.18,32449253,979369882,1518685574,482942.012532
2020-01-23,SZ002635,安洁科技,24.6,68705583,362559361,689210071,1695456.77466
2020-01-23,SH601928,凤凰传媒,7.13,11252684,2544900000,2544900000,1814513.7
2020-01-23,SZ000719,中原传媒,7.26,4184206,667147543,1023203749,742845.921774
2020-01-23,SZ002639,雪人集团,8.18,43660531,532063117,674072767,551391.523406
2020-01-23,SZ002634,棒杰股份,5.56,12707784,316009042,459352513,255399.997228
2020-01-23,SZ002640,跨境通,7.03,57094231,1122280491,1558041330,1095303.05499
2020-01-23,SZ002641,公元股份,6.84,31361520,910286978,1123200000,768268.8
2020-01-23,SH601555,东吴证券,9.14,55298150,3000000000,3000000000,2742000
2020-01-23,SZ300278,华昌达,4.09,19475986,289712004,597183412,244248.015508
2020-01-23,SH601336,新华保险,47.99,13691438,2085439340,3119546600,14970704.1334
2020-01-23,SZ002642,荣联科技,7.12,19785200,520639426,661580313,471045.182856
2020-01-23,SZ002645,华宏科技,8.48,8532770,395571367,462873491,392516.720368
2020-01-23,SZ002643,万润股份,15.54,14589390,909133215,909133215,1412793.01611
2020-01-23,SZ002644,佛慈制药,7.93,13621618,510657000,510657000,404951.001
2020-01-23,SZ002646,天佑德酒,10.2,2179807,449817000,450000000,459000
2020-01-23,SZ002648,卫星化学,16.26,22886106,1037990226,1065705806,1732837.640556
2020-01-23,SZ002647,*ST仁东,20.15,7178092,559936650,559936650,1128272.34975
2020-01-23,SZ300281,金明精机,6.68,6384800,298112398,418923580,279840.95144
2020-01-23,SZ300280,紫天退,17,6961964,134034875,162065744,275511.7648
2020-01-23,SZ300279,和晶科技,6.64,32753219,437020365,448941998,298097.486672
2020-01-23,SZ300282,三盛退,7.51,12243263,365064737,377098455,283200.939705
2020-01-23,SZ002650,ST加加,3.53,13293032,946449260,1152000000,406656
2020-01-23,SZ002649,博彦科技,10.34,25905663,424259478,525199734,543056.524956
2020-01-23,SZ002651,利君股份,4.7,4317700,527138641,1017500000,478225
2020-01-23,SZ300283,温州宏丰,4.35,5718094,225749813,414361350,180247.18725
2020-01-23,SZ300284,苏交科,8.13,6784598,663367984,971405980,789753.06174
2020-01-23,SZ300286,安科瑞,11.65,1794179,170517537,215015625,250493.203125
2020-01-23,SZ300285,国瓷材料,24.55,8825811,707310760,963341059,2365002.299845
2020-01-23,SZ002653,海思科,23.12,6595371,484849050,1084300000,2506901.6
2020-01-23,SZ002652,扬子新材,3.73,3903216,447136485,512064000,190999.872
2020-01-23,SZ300287,飞利信,4.33,86792422,1131539707,1435273808,621473.558864
2020-01-23,SZ300291,百纳千成,5.65,11055829,708361939,817461176,461865.56444
2020-01-23,SH601515,衢州东峰,6.4,8061576,1334400000,1334400000,854016
2020-01-23,SZ300288,朗玛信息,12.92,7245303,208376513,337941402,436620.291384
2020-01-23,SZ300289,利德曼,5.96,5841253,416851310,421051985,250946.98306
2020-01-23,SZ300290,荣科科技,6.25,5488161,482945962,553756711,346097.944375
2020-01-23,SZ002655,共达电声,12.61,19430620,360000000,360000000,453960
2020-01-23,SZ002654,万润科技,4.94,14874800,618310185,881141619,435283.959786
2020-01-23,SH601231,环旭电子,19.77,43104834,2179088030,2179088030,4308057.03531
2020-01-23,SH601929,吉视传媒,2.08,20665559,3111061278,3111061278,647100.745824
2020-01-23,SZ002656,*ST摩登,2.58,7998000,481673391,712519844,183830.119752
2020-01-23,SZ002657,中科金财,17.22,35941379,282205806,337576686,581307.053292
2020-01-23,SZ300292,吴通控股,5.16,45424800,1029616865,1274850476,657822.845616
2020-01-23,SZ300293,蓝英装备,7.64,4917200,270000000,270000000,206280
2020-01-23,SZ300294,博雅生物,30.4,6329093,433324863,433324863,1317307.58352
2020-01-23,SZ002662,峰璟股份,2.45,20526775,1458971100,1500000000,367500
2020-01-23,SH601800,中国交建,8.4,43001985,11747235425,16174735425,13586777.757
2020-01-23,SZ002658,雪迪龙,6.87,1545400,304773104,604897469,415564.561203
2020-01-23,SZ002659,凯文教育,6.31,5167286,498561737,498566987,314595.768797
2020-01-23,SZ300296,利亚德,7.56,68354517,1860226351,2542876576,1922414.691456
2020-01-23,SZ300295,三六五网,13.29,5818868,149682787,192625800,255999.6882
2020-01-23,SZ300297,蓝盾退,5.3,62562804,972231718,1249796194,662391.98282
2020-01-23,SZ002660,茂硕电源,8.82,10870264,205409345,274327707,241957.037574
2020-01-23,SZ002664,信质集团,14.92,5282128,349952625,400020000,596829.84
2020-01-23,SZ002663,普邦股份,2.56,46034359,1282216566,1795890452,459747.955712
2020-01-23,SZ002661,克明食品,11.55,6931680,324457746,328808450,379773.75975
2020-01-23,SZ300299,富春股份,4.22,21038174,620310206,710800925,299957.99035
2020-01-23,SZ300298,三诺生物,14.81,3800416,439761190,565314734,837231.121054
2020-01-23,SZ300303,聚飞光电,6.97,195371505,1142675340,1278023219,890782.183643
2020-01-23,SZ300300,海峡创新,9.7,33501290,671349962,679945828,659547.45316
2020-01-23,SZ300304,云意电气,4.36,16125000,843869734,866036018,377591.703848
2020-01-23,SZ300302,同有科技,14,13433433,246632731,456176704,638647.3856
2020-01-23,SZ300301,ST长方,3.54,11475266,601365958,790108769,279698.504226
2020-01-23,SZ002665,ST航高,3.2,40266464,2256372539,2538720737,812390.63584
2020-01-23,SZ002666,德联集团,6.02,28799626,444179948,754329268,454106.219336
2020-01-23,SH601238,广汽集团,10.86,14994347,6084340880,10237707541,11118150.389526
2020-01-23,SZ300307,慈星股份,4.45,7540292,793223271,802000000,356890
2020-01-23,SZ300305,裕兴股份,7.86,1314114,232595319,288753000,226959.858
2020-01-23,SZ300306,远方信息,12.1,5820541,147282541,274374306,331992.91026
2020-01-23,SZ002667,威领股份,6.65,3185660,163942125,231132000,153702.78
2020-01-23,SZ300308,中际旭创,53.46,9828811,350587489,713165136,3812580.817056
2020-01-23,SZ300309,吉艾退,4.2,22249799,784483094,886123765,372171.9813
2020-01-23,SH601012,隆基绿能,29.05,60602707,3767549777,3772016757,10957708.679085
2020-01-23,SZ002669,康达新材,13.4,9226692,234920918,252492921,338340.51414
2020-01-23,SZ002668,TCL智家,5.4,49464582,654301348,1084111428,585420.17112
2020-01-23,SZ002670,国盛证券,11.5,23264203,1622905870,1935084653,2225347.35095
2020-01-23,SH601388,怡球资源,1.8,24630440,2025400000,2025400000,364572
2020-01-23,SZ300311,ST任子行,8.35,66288556,510408932,679988821,567790.665535
2020-01-23,SZ300310,宜通世纪,4.97,21317941,680024755,881658531,438184.289907
2020-01-23,SZ300313,*ST天山,5.03,3461170,184122102,312977396,157427.630188
2020-01-23,SH603001,奥康国际,8.37,1926296,400980000,400980000,335620.26
2020-01-23,SZ002671,龙泉股份,4.49,3971022,339389527,472441974,212126.446326
2020-01-23,SZ002672,东江环保,9.11,6458466,660418451,879267102,801012.329922
2020-01-23,SH603000,人民网,21.24,29902753,1105691056,1105691056,2348487.802944
2020-01-23,SH603123,翠微股份,7.09,5722992,524144222,524144222,371618.253398
2020-01-23,SZ002673,西部证券,9.25,28916135,3501838770,3501839770,3239201.78725
2020-01-23,SH603333,尚纬股份,9.25,9509925,513275363,519905000,480912.125
2020-01-23,SZ002674,兴业科技,10.54,1679682,299082870,302082162,318394.598748
2020-01-23,SZ300314,戴维医疗,9.38,4266798,189128636,288000000,270144
2020-01-23,SZ300312,邦讯退,6.39,30738106,191360401,320040000,204505.56
2020-01-23,SZ300316,晶盛机电,19.55,47976380,1204346640,1284489364,2511176.70662
2020-01-23,SZ300317,珈伟新能,4.1,11041880,656229120,839735401,344291.51441
2020-01-23,SZ300315,掌趣科技,6.11,114949522,2600371261,2757484192,1684822.841312
2020-01-23,SH603002,宏昌电子,4.39,18871990,614411700,614411700,269726.7363
2020-01-23,SH603366,日出东方,6.43,38933353,800000000,800000000,514400
2020-01-23,SZ300321,同大股份,18.01,3116794,82742274,88800000,159928.8
2020-01-23,SZ300319,麦捷科技,12.33,50330034,641181727,697119971,859548.924243
2020-01-23,SZ300318,博晖创新,4.35,10196474,725394829,816900495,355351.715325
2020-01-23,SZ002677,浙江美大,12.88,8788647,313338522,646051647,832114.521336
2020-01-23,SZ002676,顺威股份,3.02,9441742,719964834,720000000,217440
2020-01-23,SZ002675,东诚药业,15.51,10590308,662015542,802214326,1244234.419626
2020-01-23,SH603128,华贸物流,6.01,20944017,1012038353,1012038353,608235.050153
2020-01-23,SZ002678,珠江钢琴,8.04,1096840,1356981160,1358320323,1092089.539692
2020-01-23,SZ300323,华灿光电,7.18,28829200,831980874,1092161429,784171.906022
2020-01-23,SZ300320,海达股份,5.4,10155442,502972962,601234191,324666.46314
2020-01-23,SZ300325,德威退,2.99,28232800,996433025,1005743085,300717.182415
2020-01-23,SZ002681,奋达科技,5.1,60061725,1079592001,2033394372,1037031.12972
2020-01-23,SZ002679,福建金森,15.9,2145530,235756000,235756000,374852.04
2020-01-23,SZ300322,硕贝德,19.5,35019899,370878960,406769850,793201.2075
2020-01-23,SZ300324,旋极信息,7.18,111194204,1149148669,1749134595,1255878.63921
2020-01-23,SH601965,中国汽研,8.18,5853531,961179867,969817167,793310.442606
2020-01-23,SZ002683,广东宏大,24,21394080,607459551,707108951,1697061.4824
2020-01-23,SZ002682,龙洲股份,4.54,5463300,444083638,562368594,255315.341676
2020-01-23,SH601339,百隆东方,3.85,8660080,1500000000,1500000000,577500
2020-01-23,SZ002685,华东重机,6.29,6386870,770686627,1007690641,633837.413189
2020-01-23,SZ002684,猛狮退,5.88,7817453,403535058,567374389,333616.140732
2020-01-23,SZ300326,ST凯利,15.9,13170245,704568637,722329308,1148503.59972
2020-01-23,SZ300327,中颖电子,33.33,16183341,253210900,254058596,846777.300468
2020-01-23,SZ000722,湖南发展,6.58,4435238,464158282,464158282,305416.149556
2020-01-23,SZ300328,宜安科技,14.57,28350872,460282400,460282400,670631.4568
2020-01-23,SZ300329,海伦钢琴,8.03,5148280,251714581,253579380,203624.24214
2020-01-23,SZ300330,计通退,9.53,5399065,167641461,168000000,160104
2020-01-23,SZ300332,天壕能源,3.86,5912000,835396036,880200859,339757.531574
2020-01-23,SZ300331,苏大维格,23.58,7742311,165423071,226048841,533023.167078
2020-01-23,SZ300333,兆日科技,10.16,27551822,330895068,336000000,341376
2020-01-23,SH600455,博通股份,28.18,5093075,62458000,62458000,176006.644
2020-01-23,SH600634,退市富控,1.46,11529701,575732081,575732081,84056.883826
2020-01-23,SZ002686,亿利达,5.47,4952085,340778014,435568564,238256.004508
2020-01-23,SZ300334,津膜科技,6.2,5291859,292013370,302065356,187280.52072
2020-01-23,SH601608,中信重工,3.78,20839765,4339419293,4339419293,1640300.492754
2020-01-23,SZ300336,新文退,7.63,134844064,705168070,806230192,615153.636496
2020-01-23,SZ300335,迪森股份,5.51,4733802,272395047,362918035,199967.837285
2020-01-23,SZ002687,乔治白,5.86,6788733,293765000,350000000,205100
2020-01-23,SZ002688,金河生物,7.38,24642812,623277733,635289655,468843.76539
2020-01-23,SZ002689,ST远智,3.33,5463446,1040832010,1043310725,347422.471425
2020-01-23,SH603008,喜临门,14.34,4325600,387417787,391137787,560891.586558
2020-01-23,SZ300337,银邦股份,3.22,6613400,707770357,821920000,264658.24
2020-01-23,SZ300339,润和软件,12.69,6044900,743084742,796410841,1010645.357229
2020-01-23,SZ300340,科恒股份,11.58,6995088,172470396,212144720,245663.58576
2020-01-23,SZ300342,天银机电,11.08,46122434,402375465,431844272,478483.453376
2020-01-23,SZ300338,ST开元,9.22,7637373,198715873,343289092,316512.542824
2020-01-23,SZ300341,麦克奥迪,13.5,17205055,509642686,510163336,688720.5036
2020-01-23,SZ002691,冀凯股份,5.75,3148013,339090099,340000000,195500
2020-01-23,SH603077,和邦生物,1.47,97177652,8831250228,8831250228,1298193.783516
2020-01-23,SZ002690,美亚光电,36.89,4970283,327889799,676000000,2493764
2020-01-23,SZ300343,ST联创,2.98,29871300,792929741,1175708024,350360.991152
2020-01-23,SZ300345,华民股份,7.02,10991340,319571472,441295483,309789.429066
2020-01-23,SZ300344,*ST立方,5.12,6863598,296791778,496114864,254010.810368
2020-01-23,SZ000863,三湘印象,4.41,2864700,1179742872,1371271098,604730.554218
2020-01-23,SZ300346,南大光电,22.07,51148382,368218835,406890845,898008.094915
2020-01-23,SH601038,一拖股份,6.36,12431661,593910000,985850000,627000.6
2020-01-23,SZ002693,*ST双成,4.79,6917007,403416821,405000000,193995
2020-01-23,SZ002692,远程股份,3.49,1952382,715383900,718146000,250632.954
2020-01-23,SH603766,隆鑫通用,3.63,15740774,2053541850,2053541850,745435.69155
2020-01-23,SZ002694,顾地科技,3.2,15648943,508788944,597196800,191102.976
2020-01-23,SZ300349,金卡智能,16.17,10110720,371977533,429119485,693886.207245
2020-01-23,SH603003,退市龙宇,7.25,3550908,416532402,416532402,301985.99145
2020-01-23,SZ300347,泰格医药,73.26,6613744,528770451,749557126,5491255.505076
2020-01-23,SZ300348,长亮科技,25.35,38011298,357421615,481810269,1221389.031915
2020-01-23,SZ300350,华鹏飞,4.45,14609432,310018560,476724433,212142.372685
2020-01-23,SH603399,永杉锂业,9.41,23867691,508050649,543850649,511763.460709
2020-01-23,SH600705,中航产融,4.54,40859690,8976325766,8976325766,4075251.897764
2020-01-23,SZ002695,煌上煌,15.91,7931446,457610081,513378396,816785.028036
2020-01-23,SZ002696,百洋股份,5.62,7192305,182907705,349386910,196355.44342
2020-01-23,SZ002697,红旗连锁,7.26,12896479,1078210000,1360000000,987360
2020-01-23,SH603167,渤海轮渡,10.09,3582882,460974603,472806603,477061.862427
2020-01-23,SZ002698,博实股份,10.2,11160178,822990960,1022550000,1043001
2020-01-23,SZ002699,*ST美盛,6.39,17171646,794238125,909572725,581216.971275
2020-01-23,SZ300352,北信源,7.56,244072125,1097464400,1449824087,1096067.009772
2020-01-23,SZ300351,永贵电器,8.12,6144726,239294188,383641857,311517.187884
2020-01-23,SZ300354,东华测试,11.98,2331002,76932237,138320201,165707.600798
2020-01-23,SZ002700,万憬能源,6.77,3400545,313130880,422426880,285982.99776
2020-01-23,SZ300355,蒙草生态,3.18,16583584,1240011948,1604242081,510148.981758
2020-01-23,SZ300353,东土科技,13.91,0,367136780,510980897,710774.427727
2020-01-23,SZ300356,光一退,7.41,14849850,368627935,411118370,304638.71217
2020-01-23,SH603993,洛阳钼业,4.12,182479649,17665772583,21599240583,8898887.120196
2020-01-23,SZ002701,奥瑞金,4.69,27945420,2331228786,2355225600,1104600.8064
2020-01-23,SZ002702,海欣食品,4.11,8486920,318835000,480760000,197592.36
2020-01-23,SZ000156,华数传媒,9.92,16917607,1280295337,1433351902,1421885.086784
2020-01-23,SZ002703,浙江世宝,4.67,7295514,553065952,789644637,368764.045479
2020-01-23,SZ000498,山东路桥,4.5,4383637,1120080313,1120139063,504062.57835
2020-01-23,SH600817,宇通重工,9.31,55900,155679074,160910082,149807.286342
2020-01-23,SZ000831,中国稀土,11.43,25351085,980888981,980888981,1121156.105283
2020-01-23,SZ000038,大通退,10.84,5571175,231571139,522777419,566690.722196
2020-01-23,SZ000622,恒立退,4.99,11500403,425226000,425226000,212187.774
2020-01-23,SZ000403,派林生物,33.85,3738189,271404099,272577599,922675.172615
2020-01-23,SZ000681,视觉中国,17.8,9630835,661177568,700577436,1247027.83608
2020-01-23,SZ000757,浩物股份,4.39,9109489,451619600,664714511,291809.670329
2020-01-23,SH600556,天下秀,13.16,6467261,348753656,1680420315,2211433.13454
2020-01-23,SZ000670,盈方微,1.81,18986073,600167286,816627360,147809.55216
2020-01-23,SZ000657,中钨高新,6.81,7285826,773520517,880116529,599359.356249
2020-01-23,SZ000672,上峰水泥,17.26,20706882,813609521,813619871,1404307.897346
2020-01-23,SZ000688,国城矿业,13.83,5296800,1137294994,1137299314,1572884.951262
2020-01-23,SZ000820,*ST节能,1.45,7032159,287656920,637245222,92400.55719
2020-01-23,SH600698,湖南天雁,2.83,12819281,737575229,1064410032,301228.039056
2020-01-23,SZ000545,金浦钛业,2.91,8346942,959403096,986833096,287168.430936
2020-01-23,SZ000333,美的集团,55.1,59653651,6801812922,6938903035,38233355.72285
2020-01-23,SH600023,浙能电力,3.75,16775901,13600689988,13600689988,5100258.7455
2020-01-23,SH603699,纽威股份,13.29,3437145,750000000,750000000,996750
2020-01-23,SZ300362,天翔退,2.37,8831138,315394569,436999190,103568.80803
2020-01-23,SZ002708,光洋股份,7.37,5318690,383482664,468861076,345550.613012
2020-01-23,SZ300357,我武生物,48.38,6406608,457393493,523584000,2533099.392
2020-01-23,SZ300360,炬华科技,11.68,5909977,310922477,387990097,453172.433296
2020-01-23,SZ300359,全通教育,5.62,8951476,499980286,634203422,356422.323164
2020-01-23,SZ002706,良信股份,8.35,7325423,588295706,785015910,655488.28485
2020-01-23,SZ300358,楚天科技,7.35,11430218,441690140,467887363,343897.211805
2020-01-23,SZ002705,新宝股份,21.04,4363140,795993925,801472885,1686298.95004
2020-01-23,SH603308,应流股份,15.81,5980718,433754341,487962086,771468.057966
2020-01-23,SZ002712,思美传媒,7.05,8961970,375951625,581202488,409747.75404
2020-01-23,SZ300368,汇金股份,8.11,14448825,459073045,531943475,431406.158225
2020-01-23,SZ300373,扬杰科技,24.28,37742806,293578356,472133293,1146339.635404
2020-01-23,SZ002707,众信旅游,5.5,28740106,548586620,879115016,483513.2588
2020-01-23,SZ300365,恒华科技,13.28,7795680,343519893,605838969,804554.150832
2020-01-23,SZ002709,天赐材料,25.15,17018037,541957833,548324289,1379035.586835
2020-01-23,SZ300371,汇中股份,13,2887203,108891645,167822200,218168.86
2020-01-23,SZ300370,安控科技,3.75,74536449,722444570,957146344,358929.879
2020-01-23,SH603555,ST贵人,3.9,2037900,628602143,628602143,245154.83577
2020-01-23,SZ300378,鼎捷数智,14.71,15331922,264643078,265949953,391212.380863
2020-01-23,SZ002711,欧浦退,1.19,7953508,1053098491,1056070400,125672.3776
2020-01-23,SZ300375,鹏翎股份,3.52,15561322,437811417,748743376,263557.668352
2020-01-23,SZ300366,ST创意,10.31,18577100,332285441,525576150,541869.01065
2020-01-23,SZ002721,金一文化,5.12,10506584,620920496,834718154,427375.694848
2020-01-23,SZ300376,易事特,4.86,14742190,2308196846,2319825036,1127434.967496
2020-01-23,SZ300377,赢时胜,11.73,36532485,566514602,742092080,870474.00984
2020-01-23,SH601225,陕西煤业,8.39,33067531,10000000000,10000000000,8390000
2020-01-23,SZ002722,物产金轮,14,3219728,172237562,175466542,245653.1588
2020-01-23,SZ002716,湖南白银,2.35,34077023,622512275,960478192,225712.37512
2020-01-23,SZ002718,友邦吊顶,15.54,966692,66393702,131447829,204269.926266
2020-01-23,SZ300379,东通退,47.91,18606790,230477327,277031708,1327258.913028
2020-01-23,SZ300380,安硕信息,20.51,2564200,121201177,137440000,281889.44
2020-01-23,SZ300381,溢多利,10.03,6387459,430487062,439841924,441161.449772
2020-01-23,SZ002714,牧原股份,81.68,16275277,1166990330,2204608322,18007240.774096
2020-01-23,SZ002719,麦趣尔,9.99,2054327,161872295,174139457,173965.317543
2020-01-23,SZ300382,斯莱克,5.69,13016130,564511590,564569415,321239.997135
2020-01-23,SZ002725,跃岭股份,11.08,18045309,176574850,256000000,283648
2020-01-23,SZ300363,博腾股份,15.76,8954043,427616852,542747533,855370.112008
2020-01-23,SZ002723,小崧股份,9.35,2162197,173605075,191850000,179379.75
2020-01-23,SZ300383,光环新网,21.2,39289282,1487419373,1542365279,3269814.39148
2020-01-23,SZ300369,绿盟科技,19.88,10117625,726159902,798117661,1586657.910068
2020-01-23,SZ300367,网力退,3.93,41822800,835060640,1195772516,469938.598788
2020-01-23,SH603005,晶方科技,80.9,26950945,229679455,229679455,1858106.79095
2020-01-23,SH603288,海天味业,107.21,4615831,2700369340,2700369340,28950659.69414
2020-01-23,SZ002713,*ST东易,6.48,1943009,401334349,419536980,271859.96304
2020-01-23,SZ002715,登云股份,21.49,2637102,85191957,92000000,197708
2020-01-23,SZ002717,ST岭南,6.09,40381540,1051974022,1535474733,935104.112397
2020-01-23,SZ300386,飞天诚信,16.88,13541090,219250600,418044000,705658.272
2020-01-23,SZ002726,龙大美食,6.51,11423568,980344674,998801700,650219.9067
2020-01-23,SZ300385,雪浪环境,11.34,2233703,117502395,208216208,236117.179872
2020-01-23,SH603006,联明股份,10.73,1812084,185738186,191078186,205026.893578
2020-01-23,SH603328,依顿电子,11.87,21918593,998292105,998292105,1184972.728635
2020-01-23,SH603168,莎普爱思,9.05,7426907,317592500,322592499,291946.211595
2020-01-23,SZ002727,一心堂,22.92,8555735,300154647,567770067,1301328.993564
2020-01-23,SZ300387,富邦科技,10.38,3244662,289057018,291797018,302885.304684
2020-01-23,SH603369,今世缘,30.86,11167948,1254500000,1254500000,3871387
2020-01-23,SH603009,北特科技,6.38,9309300,328041393,359002153,229043.373614
2020-01-23,SZ002728,特一药业,17.29,1894066,122119911,203194911,351324.001119
2020-01-23,SH603126,中材节能,4.6,4792128,610500000,610500000,280830
2020-01-23,SZ300390,天华新能,7,22531516,338655776,551276000,385893.2
2020-01-23,SZ300384,三联虹普,18.4,7645747,183799581,319205969,587338.98296
2020-01-23,SZ300388,节能国祯,10.71,10774537,549487723,670587008,718198.685568
2020-01-23,SZ300389,艾比森,11.34,3864539,162392927,319802313,362655.822942
2020-01-23,SZ300391,*ST长药,8.13,15536210,326566389,350336112,284823.259056
2020-01-23,SH603111,康尼机电,5.47,22913476,835983250,993275484,543321.689748
2020-01-23,SH603100,川仪股份,8.99,2443759,395000000,395000000,355105
2020-01-23,SH600385,退市金泰,7.69,859300,142773814,148107148,113894.396812
2020-01-23,SZ000751,锌业股份,3.13,12030874,1409866379,1409869279,441289.084327
2020-01-23,SH603609,禾丰股份,11.27,7075724,831176469,922304396,1039437.054292
2020-01-23,SH603099,长白山,8.65,3306612,266670000,266670000,230669.55
2020-01-23,SH601579,会稽山,8.39,1008236,497360000,497360000,417285.04
2020-01-23,SH603806,福斯特,48.7,3146971,522600000,522600000,2545062
2020-01-23,SH603188,亚邦股份,6.78,2864315,576000000,576000000,390528
2020-01-23,SZ300396,迪瑞医疗,17.39,8833068,250008630,276030000,480016.17
2020-01-23,SZ300395,菲利华,23.43,8098850,270165421,338158344,792304.999992
2020-01-23,SZ300392,腾信退,7.48,7381509,259003594,384000000,287232
2020-01-23,SZ300397,天和防务,40.89,0,154430700,240000000,981360
2020-01-23,SZ002729,好利科技,44.92,1077456,66680000,66680000,299526.56
2020-01-23,SZ300393,中来股份,16.49,8736892,180139112,359124920,592196.99308
2020-01-23,SH603306,华懋科技,13.83,2117620,307019706,310574706,429524.818398
2020-01-23,SH601016,节能风电,2.37,21991239,4155560000,4155560000,984867.72
2020-01-23,SH600917,重庆燃气,7.06,3777900,1556000000,1556000000,1098536
2020-01-23,SZ300398,飞凯材料,15.81,22816843,429489214,517642028,818392.046268
2020-01-23,SZ300399,天利科技,13.34,3398756,134055262.9,197600000,263598.4
2020-01-23,SH603169,兰石重装,5.33,11940065,1043676438,1051502526,560450.846358
2020-01-23,SZ002730,电光科技,7.83,1825000,290499000,322674000,252653.742
2020-01-23,SZ300401,花园生物,12.5,16250644,459009675,479288315,599110.39375
2020-01-23,SH603010,万盛股份,11.91,3988140,344036124,346791324,413028.466884
2020-01-23,SZ300402,宝色股份,8.81,2091217,202000000,202000000,177962
2020-01-23,SZ300400,劲拓股份,13.36,4899700,171565353,243993800,325975.7168
2020-01-23,SH603456,九洲药业,15.98,6249414,803210771,805662371,1287448.468858
2020-01-23,SH603018,华设集团,10.11,4181534,459975200,464372640,469480.73904
2020-01-23,SH603606,东方电缆,11.94,14890936,638843652,654104521,781000.798074
2020-01-23,SZ300403,汉宇集团,5.05,7072594,380942197,603000000,304515
2020-01-23,SZ300405,科隆股份,6.23,4180666,130945712,222469156,138598.284188
2020-01-23,SZ300406,九强生物,16.34,6670294,330204363,501787943,819921.498862
2020-01-23,SH603688,石英股份,23.2,19205569,337209221,337296600,782528.112
2020-01-23,SH603988,中电电机,10.1,3448532,235200000,235200000,237552
2020-01-23,SZ002724,海洋王,7.16,10720719,332084162,720000000,515520
2020-01-23,SZ002731,ST萃华,7.08,4389662,219629771,256156000,181358.448
2020-01-23,SH601015,陕西黑猫,3.01,9203655,1458736842,1629789473,490566.631373
2020-01-23,SH603019,中科曙光,41.65,65134075,900308972,900308972,3749786.86838
2020-01-23,SH603011,合锻智能,4.84,3890476,448647694,453074794,219288.200296
2020-01-23,SH603088,宁波精达,9.68,3309950,156800000,156800000,151782.4
2020-01-23,SH603166,福达股份,5.75,2105138,592018710,595258710,342273.75825
2020-01-23,SZ300407,凯发电气,8.23,3843956,197804873,305048133,251054.613459
2020-01-23,SZ002733,雄韬股份,24.83,16884310,325594923,350113207,869331.092981
2020-01-23,SZ300408,三环集团,23.21,15954156,1655875606,1743163022,4045881.374062
2020-01-23,SZ300409,道氏技术,14.63,13697023,315234356,459988994,672963.898222
2020-01-23,SH603518,锦泓集团,6.71,3106644,248438115.8,252372390.2,169341.8738242
2020-01-23,SZ002735,王子新材,18.15,1473592,75881642,142701230,259002.73245
2020-01-23,SH603368,柳药集团,34.56,3200614,256290441,259073441,895357.812096
2020-01-23,SH603998,方盛制药,7.95,11621499,425196720,434456720,345393.0924
2020-01-23,SZ002732,燕塘乳业,20.79,3726600,155580075,157350000,327130.65
2020-01-23,SH601969,海南矿业,5.47,5035700,1954720314,1954720314,1069232.011758
2020-01-23,SH601226,华电科工,4.11,3331807,1155000000,1155000000,474705
2020-01-23,SH603588,高能环境,10.36,8969867,668684449,674361049,698638.046764
2020-01-23,SZ002736,国信证券,12.3,22466372,8200000000,8200000000,10086000
2020-01-23,SH603636,南威软件,10.97,9857095,526373912,526487912,577557.239464
2020-01-23,SZ002738,中矿资源,17.09,3894836,185004356,277926476,474976.347484
2020-01-23,SZ002737,葵花药业,15.16,10949227,533387645,584000000,885344
2020-01-23,SZ300412,迦南科技,6.75,6226698,222065025,258319500,174365.6625
2020-01-23,SZ300411,金盾股份,8.07,10436679,147922309,456350089,368274.521823
2020-01-23,SZ300410,正业科技,6.72,11488875,356923480,381290226,256227.031872
2020-01-23,SH603017,中衡设计,10.15,1637450,271127427,275114728,279241.44892
2020-01-23,SH603889,新澳股份,5.78,2295588,511746388,511746388,295789.412264
2020-01-23,SH603788,宁波高发,15.92,4060500,223065068,223065068,355119.588256
2020-01-23,SZ300413,芒果超媒,45.99,14334477,834020248,1780377511,8187956.173089
2020-01-23,SH601021,春秋航空,39.17,8423709,916462713,916727713,3590822.451821
2020-01-23,SZ300364,中文在线,3.94,17017286,536479891,727295310,286554.35214
2020-01-23,SZ300418,昆仑万维,18.78,44340630,894250021,1148369254,2156637.459012
2020-01-23,SZ300419,ST浩丰,5.9,9368656,243475440,367753770,216974.7243
2020-01-23,SH601069,西部黄金,14.67,13041271,636000000,636000000,933012
2020-01-23,SH603601,再升科技,8.38,12513520,702815912,702815912,588959.734256
2020-01-23,SZ300416,苏试试验,37.41,5864256,134572527,135577527,507195.528507
2020-01-23,SZ002739,万达电影,17.29,50071443,1761201224,2078428288,3593602.509952
2020-01-23,SZ002740,*ST爱迪,8.03,14704406,235395500,454061077,364611.044831
2020-01-23,SZ300417,南华仪器,42.55,1910100,41185688,81600000,347208
2020-01-23,SH603600,永艺股份,13.42,9606404,301809320,302543600,406013.5112
2020-01-23,SZ300415,伊之密,8.85,8663220,408925066,432000000,382320
2020-01-23,SZ000166,申万宏源,4.82,69337126,22534414205,25039944560,12069253.27792
2020-01-23,SH603686,福龙马,11.68,14109669,415655737,415655737,485485.900816
2020-01-23,SH603678,火炬电子,23.32,11814739,452665950,452665950,1055616.9954
2020-01-23,SH603899,晨光股份,50.1,3612795,920000000,920000000,4609200
2020-01-23,SZ002734,利民股份,13.75,4111849,206074916,286557570,394016.65875
2020-01-23,SH603558,健盛集团,10.39,3786900,384238214,416356349,432594.246611
2020-01-23,SH603698,航天工程,12.33,2902522,535990000,535990000,660875.67
2020-01-23,SH603611,诺力股份,15.81,2501500,264719054,267535854,422974.185174
2020-01-23,SH603799,华友钴业,47.2,59034687,1078671471,1078671471,5091329.34312
2020-01-23,SZ002741,光华科技,12.6,5760213,222099508,374235028,471536.13528
2020-01-23,SZ300425,中建环能,4.67,4948162,638712077,676072346,315725.785582
2020-01-23,SZ002746,仙坛股份,14.3,10125280,363117511,463692511,663080.29073
2020-01-23,SZ300423,昇辉科技,13.9,5078324,249718118,499308190,694038.3841
2020-01-23,SZ002745,木林森,13.92,18144014,732038690,1277168540,1777818.60768
2020-01-23,SH603898,好莱客,15.64,1144501,309600686,309600686,484215.472904
2020-01-23,SZ300420,五洋自控,5.88,21751600,469195741,715630489,420790.727532
2020-01-23,SZ300421,力星股份,6.45,4596467,183580573,245714404,158485.79058
2020-01-23,SZ002743,富煌钢构,6.25,4600569,335399630,336325880,210203.675
2020-01-23,SZ300426,华智数媒,5.53,9569081,246893310,420775000,232688.575
2020-01-23,SH603939,益丰药房,83,2488719,366931004,378922506,3145056.7998
2020-01-23,SZ300422,博世科,10.81,13430562,253327221,355835250,384657.90525
2020-01-23,SZ300427,红相股份,14.61,5862649,247618753,358340754,523535.841594
2020-01-23,SZ300394,天孚通信,37.79,5039599,175749060,198901910,751650.31789
2020-01-23,SH603618,杭电股份,5.22,7197606,691025863,691025863,360715.500486
2020-01-23,SH603222,济民健康,53.1,715945,320000000,320000000,1699200
2020-01-23,SZ002742,*ST三圣,5.93,3265500,269770600,432000000,256176
2020-01-23,SH603118,共进股份,12.98,35666702,775733332,775733332,1006901.864936
2020-01-23,SH601198,东兴证券,12.27,24649265,2757960657,2757960657,3384017.726139
2020-01-23,SH603828,ST柯利达,5.08,3623045,547560000,553334476,281093.913808
2020-01-23,SH603969,银龙股份,4.03,7618419,841000000,841000000,338923
2020-01-23,SH603997,继峰股份,7.78,4497647,632353300,1023602921,796363.072538
2020-01-23,SH603309,维力医疗,15.83,8762436,200000000,200000000,316600
2020-01-23,SH603015,弘讯科技,6,1727409,404219000,407088000,244252.8
2020-01-23,SZ300433,蓝思科技,20.68,128621910,4235261341,4251016654,8791102.440472
2020-01-23,SH601689,拓普集团,22.99,22506759,1048431391,1054987749,2425416.834951
2020-01-23,SH603519,立霸股份,14.68,1803140,221939866,221939866,325807.723288
2020-01-23,SZ300430,诚益通,7.77,4312603,223510537,272008896,211350.912192
2020-01-23,SZ300374,中铁装配,9.01,1641752,170416625,245912337,221567.015637
2020-01-23,SZ002748,世龙实业,7.2,1737664,240000000,240000000,172800
2020-01-23,SZ300432,富临精工,10.3,20683235,386203476,434724852,447766.59756
2020-01-23,SH603268,*ST松发,16.5,1049905,124168800,124168800,204878.52
2020-01-23,SZ300428,立中集团,16.23,6194668,148841332,578369253,938693.297619
2020-01-23,SZ002747,埃斯顿,10.78,21335649,727869449,840718816,906294.883648
2020-01-23,SZ002749,国光股份,11.87,2141027,237655890,372408863,442049.320381
2020-01-23,SH603030,全筑股份,5.86,5403700,535799433,538152633,315357.442938
2020-01-23,SH603158,腾龙股份,21.44,5424811,216971200,216971200,465186.2528
2020-01-23,SH603012,创力集团,8.12,27350122,636560000,636560000,516886.72
2020-01-23,SH600958,东方证券,10.29,36442845,5677360540,6993655803,7196471.821287
2020-01-23,SZ300429,强力新材,17.26,40047106,300310599,515253388,889327.347688
2020-01-23,SZ300431,暴风退,3.06,13139676,243154209,329524513,100834.500978
2020-01-23,SZ002750,龙津退,12.4,9311085,397288326,400500000,496620
2020-01-23,SH603729,龙韵股份,16.26,2334250,93338000,93338000,151767.588
2020-01-23,SH603020,爱普股份,8.15,4562641,320000000,320000000,260800
2020-01-23,SH603338,浙江鼎力,69.78,1939063,346775408,346775408,2419798.797024
2020-01-23,SH603199,九华旅游,21.93,766883,110680000,110680000,242721.24
2020-01-23,SZ300435,中泰股份,10.42,2468124,118747252,378251800,394138.3756
2020-01-23,SH603869,ST智知,11.18,2647442,504500508,504500508,564031.567944
2020-01-23,SZ002752,昇兴股份,6.12,2085395,830073005,833180519,509906.477628
2020-01-23,SZ300449,汉邦高科,10.2,9909840,247956611,302758679,308813.85258
2020-01-23,SZ300436,广生堂,32.03,3074848,112391900,140000000,448420
2020-01-23,SZ300424,航新科技,15.71,3156257,192232730,239867904,376832.477184
2020-01-23,SZ300447,全信股份,9.78,3766970,174534920,291069255,284665.73139
2020-01-23,SH603808,歌力思,14.21,8967295,332515611,332522111,472513.919731
2020-01-23,SZ300443,金雷股份,14.07,4495818,159451183,238056802,334945.920414
2020-01-23,SZ300439,美康生物,12.53,8855600,201208470,345302620,432664.18286
2020-01-23,SH603025,大豪科技,8.74,4238862,915876774,926151711,809456.595414
2020-01-23,SH603818,曲美家居,7.67,2407800,484120000,488677000,374815.259
2020-01-23,SZ300444,双杰电气,4.24,23438536,319083449,585720642,248345.552208
2020-01-23,SZ300440,运达科技,8.91,6994392,441866106,448000000,399168
2020-01-23,SZ300437,清水源,9.84,3622816,134027473,218324973,214831.773432
2020-01-23,SH603883,老百姓,73.5,2141790,267001848,286687533,2107153.36755
2020-01-23,SZ300446,航天智造,15.38,4441470,177785898,184200000,283299.6
2020-01-23,SH603703,盛洋科技,15.25,1536670,108950000,229700000,350292.5
2020-01-23,SZ300441,鲍斯股份,8.88,21402876,269537970,661417502,587338.741776
2020-01-23,SH603021,ST华鹏,8,3456540,319948070,319948070,255958.456
2020-01-23,SZ300404,博济医药,17.14,1990224,110553560,173342000,297108.188
2020-01-23,SZ300448,浩云科技,12.57,58762395,420960815,692321414,870248.017398
2020-01-23,SZ002751,易尚退,26.24,7734578,118036206,154600613,405672.008512
2020-01-23,SZ300438,鹏辉能源,27.39,15452528,212241878,281151873,770074.980147
2020-01-23,SH603567,珍宝岛,12.65,3682745,849160000,849160000,1074187.4
2020-01-23,SZ300434,金石亚药,8.28,9637314,226145120,401743872,332643.926016
2020-01-23,SH603318,水发燃气,10.1,15469683,402162277,402162277,406183.89977
2020-01-23,SZ300442,润泽科技,17.1,3050133,72150625,100000000,171000
2020-01-23,SH603315,福鞍股份,12.97,3635936,219950901,307026264,398213.064408
2020-01-23,SZ300445,康斯特,16.36,2767330,96553094,163924320,268180.18752
2020-01-23,SH603789,*ST星农,14.2,2201780,260000000,260000000,369200
2020-01-23,SH600959,江苏有线,3.81,24443370,4456983535,5000717686,1905273.438366
2020-01-23,SZ300414,中光防雷,11.8,5924768,300687433,324733466,383185.48988
2020-01-23,SH603355,莱克电气,23.7,1590724,401000000,401000000,950370
2020-01-23,SH603599,广信股份,14.6,3313844,464679135,464679135,678431.5371
2020-01-23,SZ300457,赢合科技,39.35,4126416,280790141,376003470,1479573.65445
2020-01-23,SZ300456,赛微电子,30.2,38770937,324029939,641898580,1938533.7116
2020-01-23,SZ300451,创业慧康,19.17,31041952,550048114,739751425,1418103.481725
2020-01-23,SH603718,海利生物,16.97,11383156,644000000,644000000,1092868
2020-01-23,SH603227,雪峰科技,4.66,10008600,658700000,658700000,306954.2
2020-01-23,SZ300452,山河药辅,15.2,2753299,109862181,139200000,211584
2020-01-23,SZ300459,汤姆猫,3.32,70775605,2268723295,3543544059,1176456.627588
2020-01-23,SZ300453,三鑫医疗,9.83,14324850,150604795,262705000,258239.015
2020-01-23,SZ300455,航天智装,13.26,26880092,500432075,717767936,951760.283136
2020-01-23,SZ300458,全志科技,36.69,21083443,213136159,330610757,1213010.867433
2020-01-23,SZ002755,奥赛康,15.58,3940360,143027537,928160351,1446073.826858
2020-01-23,SH603989,艾华集团,26.29,3745448,390002162,390002162,1025315.683898
2020-01-23,SZ002756,永兴材料,20.33,10739977,184617339,360000000,731880
2020-01-23,SZ300460,ST惠伦,22.53,12626511,168274200,168274200,379121.7726
2020-01-23,SH603968,醋化股份,14.7,2766996,204480000,204480000,300585.6
2020-01-23,SH603311,金海高科,11.11,2433815,210000000,210000000,233310
2020-01-23,SZ300450,先导智能,43.99,22820037,847893280,881446270,3877482.14173
2020-01-23,SH603022,新通联,15.03,15236702,200000000,200000000,300600
2020-01-23,SH603566,普莱柯,17.1,2961900,321496000,321496000,549758.16
2020-01-23,SZ002753,永东股份,7.42,1858788,200442026,375437911,278574.929962
2020-01-23,SZ300461,田中精机,18.61,1538249,62477472,121642380,226376.46918
2020-01-23,SZ002758,浙农股份,10.7,4790700,175366396,210143883,224853.95481
2020-01-23,SZ002757,南兴股份,17.88,4479327,157683621,196995362,352227.707256
2020-01-23,SH603108,润达医疗,10.6,5832981,579534079,579534079,614306.12374
2020-01-23,SH603885,吉祥航空,13.2,16044212,1797013477,1966144157,2595310.28724
2020-01-23,SZ300468,四方精创,38.8,22117935,186283084,188968261,733196.85268
2020-01-23,SH603023,威帝股份,4.51,10410197,453335227,453335227,204454.187377
2020-01-23,SH603598,引力传媒,17.3,20429049,267862900,270623000,468177.79
2020-01-23,SZ300462,ST华铭,26.25,4378080,77372400,188265025,494195.690625
2020-01-23,SZ300467,迅游科技,17.57,16934109,132677297,223348069,392422.557233
2020-01-23,SZ002759,天际股份,8.68,7680843,402152567,402152567,349068.428156
2020-01-23,SH603568,伟明环保,26.35,5101074,951830220,954636870,2515468.15245
2020-01-23,SZ300466,赛摩智能,5.5,5610840,338141492,538873335,296380.33425
2020-01-23,SZ300465,高伟达,13.87,34415365,446762257,446762257,619659.250459
2020-01-23,SH603669,灵康药业,7.76,4618453,509600000,509600000,395449.6
2020-01-23,SH603918,金桥信息,11,4577255,231068110,233325300,256657.83
2020-01-23,SH603198,迎驾贡酒,18.65,7563090,800000000,800000000,1492000
2020-01-23,SZ300463,迈克生物,29.91,3275221,376761803,557699240,1668078.42684
2020-01-23,SH603300,海南华铁,8.21,17894158,636364887,680083044,558348.179124
2020-01-23,SH603901,永创智能,12.29,4750032,223389026,439389026,540009.112954
2020-01-23,SH603026,石大胜华,34.03,16249083,202680000,202680000,689720.04
2020-01-23,SZ300464,星徽股份,15.03,7081150,197551281,353122175,530742.629025
2020-01-23,SZ300475,香农芯创,11.68,4539606,193551282,300000000,350400
2020-01-23,SZ300478,杭州高新,11.35,2007896,125954448,126673000,143773.855
2020-01-23,SZ300477,ST合纵,7.31,13064474,479674098,832975698,608905.235238
2020-01-23,SH601985,中国核电,4.85,26289493,15565446753,15565446753,7549241.675205
2020-01-23,SZ002762,*ST金比,5.66,6373629,190069755,354025000,200378.15
2020-01-23,SZ002761,浙江建投,10.28,9724482,345364005,346800000,356510.4
2020-01-23,SZ002763,汇洁股份,8.47,2308964,182874195,411725000,348731.075
2020-01-23,SZ002766,索菱股份,4.35,7515812,295017915,421754014,183462.99609
2020-01-23,SZ300471,厚普股份,10,17066757,271734557,364720000,364720
2020-01-23,SZ300472,*ST新元,12.25,9501233,163391457,208848264,255839.1234
2020-01-23,SZ002760,凤形股份,18.21,1435500,72564804,88000000,160248
2020-01-23,SZ300469,信息发展,15.58,5266349,165741206,205135376,319600.915808
2020-01-23,SH603066,音飞储存,7.56,2391600,300702900,300702900,227331.3924
2020-01-23,SH601968,宝钢包装,5.06,10800991,833333300,833333300,421666.6498
2020-01-23,SZ300476,胜宏科技,21.67,13910982,759624011,779149975,1688417.995825
2020-01-23,SH603616,韩建河山,7.92,2584203,293360000,293360000,232341.12
2020-01-23,SZ300479,神思电子,15.83,5316601,161644064,169287237,267981.696171
2020-01-23,SH601368,绿城水务,5.65,1733925,735810898,882973077,498879.788505
2020-01-23,SZ002767,先锋电子,13.6,836596,123641875,150000000,204000
2020-01-23,SZ300473,德尔股份,43,1046271,111771421,113343284,487376.1212
2020-01-23,SZ300470,中密控股,27.17,1978999,179727300,196747100,534561.8707
2020-01-23,SZ002765,蓝黛科技,4.74,5380500,254394250,481481597,228222.276978
2020-01-23,SZ300485,赛升药业,9.32,5407039,248252300,484166000,451242.712
2020-01-23,SZ002773,康弘药业,38.25,3100380,621260356,875597684,3349161.1413
2020-01-23,SH601211,国泰海通,17.57,48067887,7516120979,8907948159,15651264.915363
2020-01-23,SZ002776,*ST柏龙,8.8,28712965,339358421,537989106,473430.41328
2020-01-23,SZ002772,众兴菌业,6.81,2483020,255777161,367698409,250402.616529
2020-01-23,SZ002771,真视通,11.1,3818172,128456869,209865500,232950.705
2020-01-23,SZ002769,普路通,8.16,3988884,236436179,373318054,304627.532064
2020-01-23,SH603116,红蜻蜓,6.45,1686560,576200800,576200800,371649.516
2020-01-23,SZ002775,文科股份,5.61,3070001,416461500,512760300,287658.5283
2020-01-23,SH603117,万林物流,3.87,12871608,633144502,643016885,248847.534495
2020-01-23,SH603589,口子窖,51,5978613,600000000,600000000,3060000
2020-01-23,SZ300482,万孚生物,60.8,5553497,240657366,342693153,2083574.37024
2020-01-23,SZ300483,首华燃气,39.31,562121,50443500,123219968,484377.694208
2020-01-23,SH603223,恒通股份,6.21,1892880,282240000,282240000,175271.04
2020-01-23,SH603979,金诚信,8.97,3788109,583408432,583408432,523317.363504
2020-01-23,SZ002768,国恩股份,24.43,3421018,176689825,271250000,662663.75
2020-01-23,SH603085,天成自控,7.23,11946122,290986132,290986132,210382.973436
2020-01-23,SZ300486,东杰智能,22.87,1771500,139036604,180670836,413194.201932
2020-01-23,SZ300481,濮阳惠成,16.81,9113735,254612550,257059500,432117.0195
2020-01-23,SZ002770,科迪退,2.25,13860679,602719372,1094867797,246345.254325
2020-01-23,SZ300488,恒锋工具,16.75,1937280,49977643,167092123,279879.306025
2020-01-23,SZ300489,光智科技,19.8,1411238,71540626,90750000,179685
2020-01-23,SH603838,*ST四通,8.36,1432706,266680000,266680000,222944.48
2020-01-23,SZ300487,蓝晓科技,37.68,3509849,110089788,206653750,778671.33
2020-01-23,SZ300480,光力科技,19.4,12561599,94237381,191802931,372097.68614
2020-01-23,SZ002506,协鑫集成,5.89,72720241,5071097658,5081594800,2993059.3372
2020-01-23,SZ000520,凤凰航运,3.93,7619679,1012083455,1012083455,397748.797815
2020-01-23,SZ300498,温氏股份,32.68,36002339,4020938943,5311509547,17358013.199596
2020-01-23,SH601155,新城控股,34,20622826,2246355186,2256724186,7672862.2324
2020-01-23,SZ002779,中坚科技,15.48,494259,118434525,132000000,204336
2020-01-23,SZ002780,三夫户外,17.21,5011428,104745468,145571324,250528.248604
2020-01-23,SH603398,*ST沐邦,10.04,4833591,296382800,296382800,297568.3312
2020-01-23,SH603936,博敏电子,23.03,18144429,268376689,315038283,725533.165749
2020-01-23,SZ002783,凯龙股份,11.12,9053222,316000624,375343174,417381.609488
2020-01-23,SH603696,安记食品,8.35,3042102,235200000,235200000,196392
2020-01-23,SH603999,读者传媒,7.59,13211266,576000000,576000000,437184
2020-01-23,SZ300496,中科创达,58.1,16683633,283191797,402515097,2338612.71357
2020-01-23,SZ300493,润欣科技,9.4,35498956,477068962,477068962,448444.82428
2020-01-23,SH603800,洪田股份,12.48,1907160,208000000,208000000,259584
2020-01-23,SZ300497,富祥药业,19.47,13153812,193655208,273278118,532072.495746
2020-01-23,SZ002781,奇信退,16.06,592200,202948437,225000000,361350
2020-01-23,SH603866,桃李面包,38.33,5718024,658876400,658876400,2525473.2412
2020-01-23,SH603996,退市中新,3.88,4541495,300150000,300150000,116458.2
2020-01-23,SZ002782,可立克,10.72,3793984,426000000,426000000,456672
2020-01-23,SZ300495,*ST美尚,10.63,10931104,361337487,674279488,716759.095744
2020-01-23,SZ300492,华图山鼎,48.83,835559,60167914,83200000,406265.6
2020-01-23,SZ002786,银宝山新,8.06,6103251,379740000,381240000,307279.44
2020-01-23,SZ002785,万里石,14.13,2125541,154725949,200000000,282600
2020-01-23,SH603508,思维列控,56.6,2432482,157623313,194738751,1102221.33066
2020-01-23,SZ001979,招商蛇口,18.13,17481138,7912646191,7913074050,14346403.25265
2020-01-23,SZ002777,久远银海,36.64,3295366,189982000,224302769,821845.345616
2020-01-23,SH603299,苏盐井神,6.85,8983538,559440000,775730854,531375.63499
2020-01-23,SZ002787,华源控股,7.6,3049584,167031459,311023803,236378.09028
2020-01-23,SH603778,国晟科技,3.88,6550236,500000000,500000000,194000
2020-01-23,SZ300494,盛天网络,16.49,12285355,147917175,240000000,395760
2020-01-23,SZ300491,通合科技,13.02,2221471,118211443,160761503,209311.476906
2020-01-23,SZ300490,华自科技,10.36,3373600,234368069,261818005,271243.45318
2020-01-23,SZ002778,中晟高科,21.82,1400373,57909165,89109500,194436.929
2020-01-23,SZ300499,高澜股份,15.44,15237135,123216831,185816850,286901.2164
2020-01-23,SZ300501,海顺新材,11.74,1463959,83644496,156529800,183765.9852
2020-01-23,SZ300500,启迪设计,15.96,3464009,155119096,174480186,278470.376856
2020-01-23,SH603377,ST东时,17.22,5945207,588000000,588000000,1012536
2020-01-23,SH601900,南方传媒,9.32,3312474,889449953,895876566,834956.959512
2020-01-23,SZ002788,鹭燕医药,8.37,5231316,317826455,326830440,273557.07828
2020-01-23,SH603608,天创时尚,10.3,21614249,323617465,430065867,442967.84301
2020-01-23,SZ300502,新易盛,51.9,15220759,157997443,236459150,1227222.9885
2020-01-23,SH603027,千禾味业,20.13,6155115,461383756,465850722,937757.503386
2020-01-23,SZ002790,瑞尔特,6.26,2352180,252928000,409600000,256409.6
2020-01-23,SZ300503,昊志机电,11.85,3244500,154993179,283989089,336527.070465
2020-01-23,SH603520,司太立,46.8,4451100,167898388,167898388,785764.45584
2020-01-23,SH603919,金徽酒,16.63,6583842,364000000,390199998,648902.596674
2020-01-23,SZ002789,*ST建艺,15.79,1639970,81220758,138040000,217965.16
2020-01-23,SZ300505,川金诺,21.55,1582451,51962652,100526122,216633.79291
2020-01-23,SH601020,华钰矿业,8.48,3699516,522861530,525916790,445977.43792
2020-01-23,SH603861,白云电器,8.48,1153335,409100000,451930648,383237.189504
2020-01-23,SZ300484,蓝海华腾,8.95,3234935,139081645,208000000,186160
2020-01-23,SZ300506,ST名家汇,7.66,8441725,400381902,655045776,501765.064416
2020-01-23,SZ002792,通宇通讯,27.13,8989879,149898307,337840200,916560.4626
2020-01-23,SZ002791,坚朗五金,41.85,6125556,161106333,321540000,1345644.9
2020-01-23,SH603028,赛福天,11.41,2752800,220800000,220800000,251932.8
2020-01-23,SZ300474,景嘉微,64.02,9160037,143204210,301273134,1928750.603868
2020-01-23,SH603798,康普顿,11.46,3659662,200000000,200000000,229200
2020-01-23,SH603701,德宏股份,12.31,4177513,201047616,203959728,251074.425168
2020-01-23,SZ002793,罗欣药业,14.68,16516410,237660888,359704432,528046.106176
2020-01-23,SH603868,飞科电器,37.16,1411013,435600000,435600000,1618689.6
2020-01-23,SZ300508,维宏股份,28.6,831932,41326187,90912000,260008.32
2020-01-23,SH603726,朗迪集团,11.76,1417156,185651200,185651200,218325.8112
2020-01-23,SZ300509,新美星,8.82,2034900,126426000,228000000,201096
2020-01-23,SH603029,天鹅股份,14.2,491400,93340000,93340000,132542.8
2020-01-23,SH603822,ST嘉澳,26.9,1281973,73355023,73355023,197325.01187
2020-01-23,SZ002795,永和智控,13.46,2485500,200000000,200000000,269200
2020-01-23,SZ300507,苏奥传感,13.17,5582010,128839779,220086000,289853.262
2020-01-23,SH603528,多伦科技,6.95,5130921,622096500,626895000,435692.025
2020-01-23,SZ300511,雪榕生物,7.14,7023437,246467424,429239925,306477.30645
2020-01-23,SZ300510,金冠股份,5.43,25880833,505263003,882884984,479406.546312
2020-01-23,SH603101,汇嘉时代,7.21,4803020,336000000,336000000,242256
2020-01-23,SZ002796,世嘉科技,36.87,8195640,133073098,168291382,620490.325434
2020-01-23,SZ002797,第一创业,7.7,117247214,3502400000,3502400000,2696848
2020-01-23,SH603779,威龙股份,5.84,2369758,305450232,332749154,194325.505936
2020-01-23,SH603959,百利科技,8.51,3785100,439040000,439040000,373623.04
2020-01-23,SH603339,四方科技,12.89,2085456,209081875,210674875,271559.913875
2020-01-23,SZ002798,帝欧水华,22.39,3673927,189774154,384960564,861926.702796
2020-01-23,SZ300512,中亚股份,11.06,1349936,216480011,270000000,298620
2020-01-23,SZ002800,天顺股份,26.8,2621800,71398750,74680000,200142.4
2020-01-23,SZ300513,恒实科技,17.35,41288982,229176198,313691155,544254.153925
2020-01-23,SZ300516,久之洋,30.93,2522580,180000000,180000000,556740
2020-01-23,SH603737,三棵树,91.29,1240455,184529845,186225972,1700056.898388
2020-01-23,SH601611,中国核建,6.83,11269200,2625009713,2625009713,1792881.633979
2020-01-23,SH603131,上海沪工,15.39,3692560,70000000,317974252,489362.373828
2020-01-23,SZ002799,环球印务,19.39,3833448,150000000,150000000,290850
2020-01-23,SZ300515,三德科技,9.41,4650475,171679275,201970000,190053.77
2020-01-23,SH601127,赛力斯,10.27,3635100,933385382,939945382,965323.907314
2020-01-23,SZ002801,微光股份,37.35,2108500,58144000,117760000,439833.6
2020-01-23,SZ300518,新迅达,27,2406598,61968106,93340000,252018
2020-01-23,SZ300519,新光药业,13.8,2106751,114100000,160000000,220800
2020-01-23,SH603909,建发合诚,13.97,1568160,141475250,143318000,200215.246
2020-01-23,SH603958,哈森股份,7.42,1987179,217360000,217360000,161281.12
2020-01-23,SZ002802,洪汇新材,19.7,851511,60517398,108346500,213442.605
2020-01-23,SH603016,新宏泰,17.83,3032474,89885000,148160000,264169.28
2020-01-23,SZ300521,爱司凯,10.49,2029020,143999055,144000000,151056
2020-01-23,SZ300522,世名科技,19.62,1842433,76597976,120981000,237364.722
2020-01-23,SH601966,玲珑轮胎,22.06,10144603,1187207153,1200014153,2647231.221518
2020-01-23,SZ002805,丰元股份,13.48,11706762,96845175,145370700,195959.7036
2020-01-23,SZ300520,科大国创,21.23,12563897,197394548,250384762,531566.849726
2020-01-23,SH603069,海汽集团,13.6,11567500,316000000,316000000,429760
2020-01-23,SZ002803,吉宏股份,34.8,3644231,122846080,222593699,774626.07252
2020-01-23,SZ300517,海波重科,15.09,1568360,61344100,106738000,161067.642
2020-01-23,SZ300525,博思软件,32.33,7785619,139006909,212543701,687153.785333
2020-01-23,SZ002806,华锋股份,13.59,1503690,97643134,176239202,239509.075518
2020-01-23,SZ300523,辰安科技,49.1,3112998,221386265,232637638,1142250.80258
2020-01-23,SH603322,超讯通信,18.32,3845560,156520000,156520000,286744.64
2020-01-23,SH603663,三祥新材,12.99,1325628,188646584,189991704,246799.223496
2020-01-23,SH600919,江苏银行,6.95,36118326,11405777258,11544499981,8023427.486795
2020-01-23,SZ300529,健帆生物,80.78,2936688,229525105,418663360,3381962.62208
2020-01-23,SZ300526,中潜退,54.54,1320523,170097241,170660816,930784.090464
2020-01-23,SZ300527,ST应急,11.46,20992227,913808115,913808115,1047224.09979
2020-01-23,SZ300528,幸福蓝海,6.79,4207215,216020807,372608054,253000.868666
2020-01-23,SH601811,新华文轩,12.58,2604778,791903900,1233841000,1552171.978
2020-01-23,SH600977,中国电影,13.81,26528391,1867000000,1867000000,2578327
2020-01-23,SZ300530,领湃科技,32.38,507650,51791272,105609000,341961.942
2020-01-23,SZ300531,优博讯,16.53,4145232,280000000,323053129,534006.822237
2020-01-23,SH603569,长久物流,10.14,1155420,560274537,560274537,568118.380518
2020-01-23,SZ300535,达威股份,13.23,1365340,64608952,103937993,137509.964739
2020-01-23,SH603159,上海亚虹,11.37,1595265,66809750,140000000,159180
2020-01-23,SZ002808,*ST恒久,9.38,6159406,160127646,268800000,252134.4
2020-01-23,SH600936,北投科技,3.72,4552302,1671026239,1671026239,621621.760908
2020-01-23,SH601997,贵阳银行,8.87,20939471,3069839646,3218028660,2854391.42142
2020-01-23,SH601595,上海电影,13.52,4530559,373500000,373500000,504972
2020-01-23,SH603986,兆易创新,283,10307637,283066188,321075826,9086445.8758
2020-01-23,SZ300532,今天国际,11.72,7986616,164434617,275034744,322340.719968
2020-01-23,SZ300533,冰川网络,50.1,4574492,63389593,100781200,504913.812
2020-01-23,SH603515,欧普照明,26.9,3705370,545310814,756063755,2033811.50095
2020-01-23,SH603031,安孚科技,31.57,2686409,112000000,112000000,353584
2020-01-23,SZ300540,蜀道装备,13.31,1547750,84969256,124710000,165989.01
2020-01-23,SZ002809,红墙股份,17.27,2549496,120000000,120000000,207240
2020-01-23,SZ002810,山东赫达,19.69,5610673,136397257,190296960,374694.71424
2020-01-23,SH603007,*ST花王,6.85,2900500,333375000,337093800,230909.253
2020-01-23,SZ300538,同益股份,18,4562353,76398488,151629768,272933.5824
2020-01-23,SZ300537,广信材料,18.98,12424144,118039081,193027584,366366.354432
2020-01-23,SZ300539,横河精密,7.08,2165760,113094005,219982099,155747.326092
2020-01-23,SH603090,宏盛股份,16.36,1979820,100000000,100000000,163600
2020-01-23,SH603658,安图生物,113.5,1850315,420000000,420000000,4767000
2020-01-23,SZ002807,江阴银行,4.45,12524876,2157119909,2171984125,966532.935625
2020-01-23,SH603843,*ST正平,4.49,5531280,560004200,560004200,251441.8858
2020-01-23,SZ002811,郑中设计,15.07,1135330,162348428,180002965,271264.468255
2020-01-23,SZ300543,朗科智能,22.88,3222676,78407376,121437400,277848.7712
2020-01-23,SH601163,三角轮胎,15.18,7024305,800000000,800000000,1214400
2020-01-23,SH603393,新天然气,28.26,6531961,158960333,224000000,633024
2020-01-23,SH603067,振华股份,5.85,3605538,431200000,431200000,252252
2020-01-23,SZ300541,先进数通,25.3,9836188,140284745,181096722,458174.70666
2020-01-23,SZ300534,陇神戎发,6.03,9406955,303345000,303345000,182917.035
2020-01-23,SZ002812,恩捷股份,59.1,13548789,459898960,805370770,4759741.2507
2020-01-23,SH603189,网达软件,22.58,13268635,220800000,220800000,498566.4
2020-01-23,SH601500,通用股份,6.19,1677501,726919085,872290090,539947.56571
2020-01-23,SZ300542,新晨科技,16.58,8599233,162031043,231730104,384208.512432
2020-01-23,SZ300536,农尚环境,8.03,5499820,219337158,293288133,235510.370799
2020-01-23,SH600908,无锡银行,5.29,14303827,1696842586,1848258899,977728.957571
2020-01-23,SZ300546,雄帝科技,30.7,3330071,81791988,136641500,419489.405
2020-01-23,SH603738,泰晶科技,27.6,13345476,167111516,167111516,461227.78416
2020-01-23,SZ300545,联得装备,33.45,5173253,71693612,144087472,481972.59384
2020-01-23,SZ300547,川环科技,9.26,2929107,159191004,216906174,200855.117124
2020-01-23,SZ300549,优德精密,12.98,993317,89385825,133340000,173075.32
2020-01-23,SH601128,常熟银行,8.34,36481569,2575087223,2740855925,2285873.84145
2020-01-23,SH603887,城地香江,26.37,4264933,141439200,268310822,707535.637614
2020-01-23,SH603421,鼎信通讯,17.4,5794446,464312465,469107265,816246.6411
2020-01-23,SZ002813,路畅科技,23.63,1092880,120000000,120000000,283560
2020-01-23,SZ300548,长芯博创,77.4,2591806,64497500,83370000,645283.8
2020-01-23,SZ002815,崇达技术,18.38,22658024,417496858,884026738,1624841.144444
2020-01-23,SH603777,来伊份,11.01,4089879,336559908,339067764,373313.608164
2020-01-23,SH603313,梦百合,23.42,6334654,331381953,333585453,781257.130926
2020-01-23,SH603816,顾家家居,45.81,2751792,584841757,601813677,2756908.454337
2020-01-23,SH603160,汇顶科技,338.06,6993229,448847579,455732298,15406486.066188
2020-01-23,SZ300550,和仁科技,28.1,2397361,113060500,117306000,329629.86
2020-01-23,SZ300555,ST路通,8.88,3747720,156759922,200000000,177600
2020-01-23,SZ300551,古鳌科技,28.23,11619535,77569575,112640000,317982.72
2020-01-23,SH603859,能科科技,26.6,6088358,126452000,139152295,370145.1047
2020-01-23,SZ300552,万集科技,91.51,3226438,47258482,109937600,1006038.9776
2020-01-23,SZ300553,集智股份,37.8,430900,25012284,48000000,181440
2020-01-23,SZ002816,*ST和科,21.78,1108300,98953075,100000000,217800
2020-01-23,SZ002817,黄山胶囊,23.02,2557541,56272500,86670000,199514.34
2020-01-23,SH603667,五洲新春,8.77,5422031,263120000,292324683,256368.746991
2020-01-23,SH603258,电魂网络,28.96,18425314,240000000,244181000,707148.176
2020-01-23,SH600926,杭州银行,9.17,26992983,4686183095,5130200432,4704393.796144
2020-01-23,SH603888,新华网,27.85,21883759,519029360,519029360,1445496.7676
2020-01-23,SH603716,塞力医疗,19.1,10498530,191220587,205143709,391824.48419
2020-01-23,SZ300559,佳发教育,28.47,5155594,160608531,266353495,758308.400265
2020-01-23,SZ300557,理工光科,26.26,1534738,55383465,55668540,146185.58604
2020-01-23,SZ300560,中富通,15.97,3103608,187430760,189324000,302350.428
2020-01-23,SZ300556,丝路视觉,17,3947100,84514524,115176600,195800.22
2020-01-23,SZ300558,贝达药业,73.29,5702427,379375817,401000000,2938929
2020-01-23,SH601882,海天精工,7.25,1193500,522000000,522000000,378450
2020-01-23,SH603203,快克智能,27.82,1784530,156489912,157379112,437828.689584
2020-01-23,SH603060,国检集团,22.51,2437538,308000000,308000000,693308
2020-01-23,SZ002818,富森美,12.31,3183839,743285924,756494900,931245.2219
2020-01-23,SH603556,海兴电力,16.15,5189019,488684040,490401470,791998.37405
2020-01-23,SZ002819,东方中科,25.3,7889570,139135542,157538236,398571.73708
2020-01-23,SH603977,国泰集团,8.05,3327100,309512000,391233980,314943.3539
2020-01-23,SZ300563,神宇股份,28.31,2124949,48835456,80000000,226480
2020-01-23,SZ300566,激智科技,25.26,4382565,96878116,155200500,392036.463
2020-01-23,SZ300562,乐心医疗,20.39,30384791,115068281,189797349,386996.794611
2020-01-23,SH601229,上海银行,8.91,41509573,13261782279,14206528700,12658017.0717
2020-01-23,SH603633,徕木股份,11.66,4359152,203391500,203391500,237154.489
2020-01-23,SZ300561,*ST汇科,15.09,12700041,134454546,253736848,382888.903632
2020-01-23,SH603858,步长制药,20.79,15702734,1141580610,1141580610,2373346.08819
2020-01-23,SZ002821,凯莱英,152.01,1908500,228835786,231382162,3517240.244562
2020-01-23,SZ002820,桂发祥,11.52,2179020,202735721,204800000,235929.6
2020-01-23,SH603987,康德莱,9.63,10541318,441609000,441609000,425269.467
2020-01-23,SH603727,博迈科,21.28,3413615,234145000,234145000,498260.56
2020-01-23,SZ300565,科信技术,10.63,3284519,116827282,208000000,221104
2020-01-23,SZ300567,精测电子,65,24782313,163613418,245401621,1595110.5365
2020-01-23,SH603900,莱绅通灵,8.82,1825680,340473840,340473840,300297.92688
2020-01-23,SZ002823,凯中精密,11.28,11175368,155476225,289372016,326411.634048
2020-01-23,SH603336,宏辉果蔬,13.24,3785351,133788363,225361500,298378.626
2020-01-23,SZ300569,天能重工,14.58,9997145,143787375,225018000,328076.244
2020-01-23,SH603819,神力股份,12.98,2478470,167642860,168314860,218472.68828
2020-01-23,SH603323,苏农银行,4.96,28202753,1362185043,1803065243,894320.360528
2020-01-23,SZ002825,纳尔股份,12.74,919014,68131981,146870159,187112.582566
2020-01-23,SZ002822,ST中装,10.7,21059786,622559979,683316991,731149.18037
2020-01-23,SH603319,美湖股份,18.46,1739641,104901550,104901550,193648.2613
2020-01-23,SH603660,苏州科达,12.07,21995787,494165507,503806417,608094.345319
2020-01-23,SZ300568,星源材质,34.45,9334901,146246639,231453134,797356.04663
2020-01-23,SH603559,ST通脉,17.29,3542228,123685356,143313207,247788.534903
2020-01-23,SZ300572,安车检测,52.18,2799360,122626183,193649184,1010461.442112
2020-01-23,SH600909,华安证券,6.97,57215400,3621000000,3621000000,2523837
2020-01-23,SZ300570,太辰光,27.32,8349135,131546201,229996800,628351.2576
2020-01-23,SH603033,三维股份,18.95,1236904,122059000,304418146,576872.38667
2020-01-23,SZ300573,兴齐眼药,77.84,1587100,59739500,82430000,641635.12
2020-01-23,SH603990,麦迪科技,44.29,6321118,112000000,112454776,498062.202904
2020-01-23,SZ002828,贝肯能源,10.77,6641124,200941700,203202700,218849.3079
2020-01-23,SZ002826,易明医药,10.65,2958700,133709361,193210000,205768.65
2020-01-23,SH603036,如通股份,10.22,1816610,146014526,206033000,210565.726
2020-01-23,SZ002827,高争民爆,9.67,1515150,275992744,276000000,266892
2020-01-23,SH603928,兴业股份,11.69,1178069,119761875,201600000,235670.4
2020-01-23,SZ002830,名雕股份,13.34,1002900,66665000,133340000,177875.56
2020-01-23,SZ002829,星网宇达,27.19,3101300,87022827,156954420,426759.06798
2020-01-23,SZ300571,平治信息,50.85,3871461,96252196,124597715,633579.380775
2020-01-23,SH603708,家家悦,22.8,2527808,608400000,608400000,1387152
2020-01-23,SH603585,苏利股份,20.12,1339600,180000000,180000000,362160
2020-01-23,SH603389,*ST亚振,5.04,4548749,262752000,262752000,132427.008
2020-01-23,SZ002831,裕同科技,30.33,5357231,429559711,877098616,2660240.102328
2020-01-23,SH603098,森特股份,10.19,710420,449907000,480012000,489132.228
2020-01-23,SH603878,武进不锈,11.9,5057027,203189208,286256320,340645.0208
2020-01-23,SZ300581,晨曦航空,16.4,4200525,171760000,171760000,281686.4
2020-01-23,SH603823,百合花,24.61,1830300,67934661,225000000,553725
2020-01-23,SZ300576,容大感光,27.03,11116717,59040950,120000000,324360
2020-01-23,SZ300575,中旗股份,26.4,3175000,87013980,132030000,348559.2
2020-01-23,SZ300577,开润股份,35.53,1990134,92434581,217414785,772474.731105
2020-01-23,SH603416,信捷电气,28.81,1196095,91224840,140560000,404953.36
2020-01-23,SH603577,汇金通,10.65,1725044,174963750,205905882,219289.76433
2020-01-23,SH603058,永吉股份,7.31,3265205,224110400,419074400,306343.3864
2020-01-23,SZ002832,比音勒芬,25.1,3157635,200768300,308276300,773773.513
2020-01-23,SZ300579,数字认证,40.05,8147614,174033458,180000000,720900
2020-01-23,SH600996,贵广网络,8.23,13184155,1051695292,1051695292,865545.225316
2020-01-23,SH603298,杭叉集团,13.41,2728300,618854180,618854180,829883.45538
2020-01-23,SH603218,日月股份,20.49,3113222,132015065,531347000,1088730.003
2020-01-23,SZ002833,弘亚数控,44.88,1099778,76518575,135279500,607134.396
2020-01-23,SZ300582,英飞特,14.12,8571383,130410311,198000000,279576
2020-01-23,SZ002835,同为股份,12.6,5765130,117187562,220937059,278380.69434
2020-01-23,SH603886,元祖股份,17.05,4316600,240000000,240000000,409200
2020-01-23,SZ002837,英维克,28.88,22691728,152391526,214824107,620412.021016
2020-01-23,SZ002836,新宏泽,11.14,1088200,160000000,160000000,178240
2020-01-23,SZ300585,奥联电子,15.81,5938163,97168000,160000000,252960
2020-01-23,SH603929,亚翔集成,14.6,3463100,213360000,213360000,311505.6
2020-01-23,SH603239,浙江仙通,11.01,4680443,135720000,270720000,298062.72
2020-01-23,SH603186,华正新材,44.86,4087330,129350000,129350000,580264.1
2020-01-23,SH601375,中原证券,5.36,36424057,2673705700,3869070700,2073821.8952
2020-01-23,SZ300586,美联新材,19.48,11892774,153217500,240000000,467520
2020-01-23,SH603444,吉比特,372.5,1470584,49070407,71882225,2677612.88125
2020-01-23,SZ300588,熙菱信息,9.76,3935340,104966000,163251500,159333.464
2020-01-23,SH603035,常熟汽饰,15.41,14300770,199948322,280000000,431480
2020-01-23,SH603032,德新科技,21.13,2809600,160008000,160008000,338096.904
2020-01-23,SZ300587,天铁科技,16.42,4867148,120119273,181713000,298372.746
2020-01-23,SZ002838,道恩股份,11.46,8398986,344004016,407027500,466453.515
2020-01-23,SH603228,景旺电子,49.2,3665030,599011610,602371610,2963668.3212
2020-01-23,SZ300583,赛托生物,32.65,849808,81978667,107783667,351913.672755
2020-01-23,SH603877,太平鸟,15.31,1763528,471939790,478879150,733163.97865
2020-01-23,SZ002840,华统股份,15,1897794,268000050,277400050,416100.075
2020-01-23,SZ300591,万里马,5.72,5333490,188194500,312000000,178464
2020-01-23,SH603689,皖天然气,11.4,4114149,336000000,336000000,383040
2020-01-23,SH603266,天龙股份,12.14,5041135,176353450,199074840,241676.85576
2020-01-23,SH603579,荣泰健康,31.92,1738796,89975000,140000000,446880
2020-01-23,SZ300580,贝斯特,16.6,4128604,101343050,200000000,332000
2020-01-23,SZ300590,移为通信,47.04,5691906,110941200,161490000,759648.96
2020-01-23,SZ300584,海辰药业,28.42,1878687,74203435,120000000,341040
2020-01-23,SH603628,清源股份,7.9,2677270,273800000,273800000,216302
2020-01-23,SH603639,海利尔,24.14,1400563,91128291,169638860,409508.20804
2020-01-23,SZ002824,和胜股份,10.82,1793912,106479938.5,183614800,198671.2136
2020-01-23,SZ300589,江龙船艇,12.63,4223704,94730036,202807800,256146.2514
2020-01-23,SZ300593,新雷能,18.89,4803200,117863263,165580800,312782.1312
2020-01-23,SH603690,至纯科技,37.78,9743678,151705600,258908558,978156.532124
2020-01-23,SH603039,泛微网络,73.01,602594,109866737,151640296,1107125.801096
2020-01-23,SH603038,华立股份,14.49,938356,73259018,131571566,190647.199134
2020-01-23,SZ300595,欧普康视,52.18,5167420,287885929,404638680,2111404.63224
2020-01-23,SH603165,荣晟环保,17.21,1647942,97168440,177352000,305222.792
2020-01-23,SH603668,天马科技,8.25,4923971,273041483.25,340636002,281024.70165
2020-01-23,SH601858,中国科传,11.29,5314222,190500000,790500000,892474.5
2020-01-23,SH603337,杰克科技,22.65,1390092,444488220,445949820,1010076.3423
2020-01-23,SZ002842,翔鹭钨业,11.43,3126161,274601600,274601600,313869.6288
2020-01-23,SZ300596,利安隆,37.37,2328805,180000000,205010420,766123.93954
2020-01-23,SZ002841,视源股份,83.37,1873451,365962807,655661477,5466249.733749
2020-01-23,SZ002843,泰嘉股份,7.86,2461527,210000000,210000000,165060
2020-01-23,SZ300592,华凯易佰,10.57,3267243,95150475,122381100,129356.8227
2020-01-23,SH603037,凯众股份,18.48,3237177,85879628,105823700,195562.1976
2020-01-23,SH603638,艾迪精密,28.86,1754705,313232259,412972149,1191837.622014
2020-01-23,SZ300598,诚迈科技,202.39,4234161,80000000,80000000,1619120
2020-01-23,SZ300597,吉大通信,11.43,3284534,137089291,240000000,274320
2020-01-23,SZ300599,雄塑科技,10.48,2538146,136118925,304000000,318592
2020-01-23,SH601881,中国银河,11.22,75775347,6446274124,10137258757,11374004.325354
2020-01-23,SH603429,集友股份,40.37,2924770,126854000,266119255,1074323.432435
2020-01-23,SZ002839,张家港行,5.48,19372225,865623318,1807563674,990544.893352
2020-01-23,SH603358,华达科技,16.01,4888146,137701564,313600000,502073.6
2020-01-23,SZ300600,国瑞科技,9.41,4222640,118872000,303586200,285674.6142
2020-01-23,SZ300578,会畅科技,29.9,10984800,60540480,174196955,520848.89545
2020-01-23,SZ002845,同兴达,19.25,4112982,75875984,202787968,390366.8384
2020-01-23,SH603966,法兰泰克,10.24,5239561,93882984,210979600,216043.1104
2020-01-23,SZ300603,立昂技术,31.91,8982215,82076578,281056658,896851.795678
2020-01-23,SH603089,正裕工业,13.67,1638105,45609576,154671500,211435.9405
2020-01-23,SZ300602,飞荣达,47.37,10007770,95156250,306252000,1450715.724
2020-01-23,SH603360,百傲化学,32.51,2184663,78409332,186676000,606883.676
2020-01-23,SH603677,奇精机械,12.16,1140126,57096378,193649466,235477.750656
2020-01-23,SH603177,德创环保,9.4,1545600,61750000,202000000,189880
2020-01-23,SZ002846,英联股份,21,3795100,52932320,194534400,408522.24
2020-01-23,SZ300601,康泰生物,100.22,4896022,262279645,645220910,6466403.96002
2020-01-23,SZ300606,金太阳,23.23,1955800,38839953,89200000,207211.6
2020-01-23,SZ002847,盐津铺子,40.41,2692698,36068538,128400000,518864.4
2020-01-23,SH603881,数据港,39.45,4846487,127844558,210586508,830763.77406
2020-01-23,SH603637,镇海股份,16.28,0,43552327,174128001,283480.385628
2020-01-23,SZ300605,恒锋信息,13.15,5963481,73484818,165300469,217370.116735
2020-01-23,SH603626,科森科技,12.1,18078024,169009606,423809606,512809.62326
2020-01-23,SH603040,新坐标,30.87,667268,32129435,79482884,245363.662908
2020-01-23,SZ300607,拓斯达,46.12,2015691,73645992,147934337,682273.162244
2020-01-23,SH603208,江山欧派,67.07,1674919,30816061,80816100,542033.5827
2020-01-23,SZ300608,思特奇,17.55,2513716,102544620,157651712,276678.75456
2020-01-23,SH603330,天洋新材,15.07,1530418,44132907,109200000,164564.4
2020-01-23,SZ300610,晨化股份,11.81,1655536,49944565,150680000,177953.08
2020-01-23,SH603615,茶花股份,9.13,2050900,74862385,244660000,223374.58
2020-01-23,SZ002848,*ST高斯,12.34,5499600,88477825,167150000,206263.1
2020-01-23,SH603839,安正时尚,14.96,8925444,105514220,401827916,601134.562336
2020-01-23,SZ300609,汇纳科技,37.9,1272264,55381345,101089168,383127.94672
2020-01-23,SH601212,白银有色,3.32,25510108,1964675085,7404774511,2458385.137652
2020-01-23,SZ300615,欣天科技,18.97,2184880,53732250,189834320,360115.70504
2020-01-23,SZ300612,宣亚国际,16.8,2369650,45337444,162000000,272160
2020-01-23,SH603603,退市博天,8.18,8659400,234830015,417784056,341747.357808
2020-01-23,SZ002849,威星智能,13.64,1105225,66380363,132515050,180750.5282
2020-01-23,SZ300613,富瀚微,179.8,1885400,12944500,44444800,799117.504
2020-01-23,SH603817,海峡环保,6.43,2116500,180003612,450003612,289352.322516
2020-01-23,SZ300611,美力科技,9.3,1580200,67772225,178950550,166424.0115
2020-01-23,SH600939,重庆建工,4.45,4651010,409575584,1814500000,807452.5
2020-01-23,SH603345,安井食品,53.85,1676837,136876049,236376649,1272888.254865
2020-01-23,SH603238,诺邦股份,19.97,5079976,30000000,120000000,239640
2020-01-23,SZ300617,安靠智电,33.52,4083573,36705000,100005000,335216.76
2020-01-23,SZ300619,金银河,23.07,1003700,30086961,74680000,172286.76
2020-01-23,SZ002850,科达利,54.4,4602780,92898132,210000000,1142400
2020-01-23,SZ300618,寒锐钴业,81.75,6863785,159622847,268845247,2197809.894225
2020-01-23,SH603138,海量数据,25.45,11117637,67064427,210609840,536002.0428
2020-01-23,SH603578,三星新材,22,1021700,32520803,89550803,197011.7666
2020-01-23,SZ002851,麦格米特,22.44,11728599,258470846,469457706,1053463.092264
2020-01-23,SZ300616,尚品宅配,73.05,703981,69110449,198678600,1451347.173
2020-01-23,SH603908,牧高笛,23.9,787600,23049305,66690000,159389.1
2020-01-23,SH603991,至正股份,16.76,1273300,41078918,74534998,124920.656648
2020-01-23,SH603955,大千生态,15.89,667920,71320213,113100000,179715.9
2020-01-23,SZ002852,道道全,12.8,1654182,124617626,289000000,369920
2020-01-23,SZ002853,皮阿诺,17.34,1230450,49880186,155341500,269362.161
2020-01-23,SZ300620,光库科技,39.98,1661254,22799600,90337000,361167.326
2020-01-23,SH603630,拉芳家化,14.05,4481578,80528124,226720000,318541.6
2020-01-23,SH603665,康隆达,21.51,552900,37270834,100000000,215100
2020-01-23,SH603960,克来机电,32.27,2166807,67350956,175760000,567177.52
2020-01-23,SZ300623,捷捷微电,39.93,27227560,120880377,305249337,1218860.602641
2020-01-23,SH603903,中持股份,13.45,1716040,103800026,144614400,194506.368
2020-01-23,SH603811,诚意药业,25.2,3128138,80262000,119280000,300585.6
2020-01-23,SZ300622,博士眼镜,19.98,6036459,54200979,122093998,243943.808004
2020-01-23,SZ300621,维业股份,10.6,1456842,65571295,208243000,220737.58
2020-01-23,SH603179,新泉股份,21.21,1569628,96357377,227626477,482795.757717
2020-01-23,SZ300625,三雄极光,17.01,3314368,92327552,280000000,476280
2020-01-23,SH603517,ST绝味,38.18,8586080,263814055,608630695,2323751.99351
2020-01-23,SZ300628,亿联网络,82.08,3147152,99360000,599466000,4920416.928
2020-01-23,SH603133,退市碳元,23.05,6024240,112958895,211085000,486550.925
2020-01-23,SZ300626,华瑞股份,8.52,3069152,96287625,180000000,153360
2020-01-23,SZ002856,美芝股份,18.16,1622040,30408000,121608000,220840.128
2020-01-23,SZ300627,华测导航,28.03,13070756,103097565,243880020,683595.69606
2020-01-23,SH603656,泰禾智能,14.44,815670,63331128,148881600,214985.0304
2020-01-23,SZ002855,捷荣技术,13.95,10598653,83400000,251477900,350811.6705
2020-01-23,SZ300631,久吾高科,16.44,1504900,70323000,105554000,173530.776
2020-01-23,SZ002857,三晖电气,12.05,807527,49478259,128000000,154240
2020-01-23,SH603388,*ST元成,7.91,2375127,122182060,288627500,228304.3525
2020-01-23,SH603768,常青股份,10.6,692900,70125000,204000000,216240
2020-01-23,SZ002858,力盛体育,14.08,2595495,61201000,126320000,177858.56
2020-01-23,SZ300629,新劲刚,21.89,4673316,43534842,121255773,265428.887097
2020-01-23,SZ002774,快意电梯,7.34,1719500,89855892,341347200,250548.8448
2020-01-23,SH603717,天域生物,8.83,3040040,122079440,241796240,213506.07992
2020-01-23,SH603833,欧派家居,113,2187461,94586407,420170165,4747922.8645
2020-01-23,SZ300630,普利退,64.97,2142049,148464743,274764645,1785145.898565
2020-01-23,SH603178,圣龙股份,10.48,6134714,50963000,201841800,211530.2064
2020-01-23,SH601228,广州港,3.74,10017311,1443180000,6193180000,2316249.32
2020-01-23,SH603303,得邦照明,9.87,3724259,120515366,487715366,481375.066242
2020-01-23,SH603041,美思德,17.39,1158700,46525000,100642600,175017.4814
2020-01-23,SZ300635,中达安,17.5,3863828,59609480,136334000,238584.5
2020-01-23,SZ300636,同和药业,28.15,1297849,47147894,80951000,227877.065
2020-01-23,SH601200,上海环境,11.6,10697765,874111231,913387595,1059529.6102
2020-01-23,SH603385,惠达卫浴,10.95,4393780,263726927,369396444,404489.10618
2020-01-23,SZ300632,光莆股份,25.81,6287934,57821691,182982997,472279.115257
2020-01-23,SH603586,金麒麟,18.43,4026453,91507814,203738700,375490.4241
2020-01-23,SZ300633,开立医疗,27.59,2651114,196559600,405760000,1119491.84
2020-01-23,SH603538,美诺华,23.03,6235865,91158200,149682000,344717.646
2020-01-23,SZ002859,洁美科技,38.62,3907671,109570253,258470000,998211.14
2020-01-23,SH603078,江化微,39.95,5881757,62239905,109200000,436254
2020-01-23,SH603906,龙蟠科技,10.37,4073256,111990528,302613120,313809.80544
2020-01-23,SZ002862,实丰文化,21.22,1383692,31160000,80000000,169760
2020-01-23,SZ002860,星帅尔,22.9,3797784,48247371,117168020,268314.7658
2020-01-23,SH601366,利群股份,5.58,5104800,475028176,860500460,480159.25668
2020-01-23,SZ300637,扬帆新材,12.35,7013834,126051320,234760200,289928.847
2020-01-23,SZ300639,凯普生物,28.58,4320741,108318177,217381347,621275.889726
2020-01-23,SZ300638,广和通,67.78,3542031,40479000,134224205,909771.66149
2020-01-23,SH603797,联泰环保,11.4,4767104,94771826,318771826,363399.88164
2020-01-23,SZ002861,瀛通通讯,31,2102330,50244525,122698400,380365.04
2020-01-23,SH603826,坤彩科技,21.54,6419313,189457572,468000000,1008072
2020-01-23,SH603050,科林电气,12.66,5740160,81201100,162224500,205376.217
2020-01-23,SZ300640,德艺文创,7.61,2341450,79362525,220864000,168077.504
2020-01-23,SZ300604,长川科技,29.78,15831093,126712927,314274791,935910.327598
2020-01-23,SZ002863,今飞凯达,5.38,2705840,185787080,376554280,202586.20264
2020-01-23,SZ300641,正丹股份,4.88,14524928,223380000,489600000,238924.8
2020-01-23,SH603225,新凤鸣,11.82,4183049,166644452,1399567784,1654289.120688
2020-01-23,SH603803,瑞斯康达,13.75,13973478,218602104,421055557,578951.390875
2020-01-23,SH603081,大丰实业,13.4,4482400,77731178,401804928,538418.60352
2020-01-23,SH603232,格尔软件,41.05,4028044,72661400,121268000,497805.14
2020-01-23,SZ300645,正元智慧,14.21,2182760,86296287.8,126666667,179993.333807
2020-01-23,SZ300554,三超新材,15.39,2580929,46589225,93600000,144050.4
2020-01-23,SZ300642,透景生命,44.63,2408100,53508045,90817470,405318.36861
2020-01-23,SH603139,康惠股份,17.18,1304623,53630000,99880000,171593.84
2020-01-23,SH603096,新经典,57.43,1114036,54184250,135308000,777073.844
2020-01-23,SZ002865,钧达股份,14.62,2526304,38102773,120898773,176754.006126
2020-01-23,SZ300648,星云股份,15.31,2761000,60041338,135400000,207297.4
2020-01-23,SH603920,世运电路,29.6,42667344,131101418,409671200,1212626.752
2020-01-23,SZ002866,传艺科技,17.2,6220606,80625390,247775390,426173.6708
2020-01-23,SZ300514,友讯达,12.89,2733300,90320000,200000000,257800
2020-01-23,SZ002867,周大生,20.43,7420431,247405797,730905188,1493239.299084
2020-01-23,SH603787,新日股份,12.71,7461165,70890000,204000000,259284
2020-01-23,SH603320,迪贝电气,16.01,881660,32500000,100000000,160100
2020-01-23,SZ300647,超频三,13.39,2646564,85846026,237940408,318602.206312
2020-01-23,SZ002868,*ST绿康,17.46,1742446,38460000,120000000,209520
2020-01-23,SZ300650,太龙股份,15.83,1003906,45773500,107351600,169937.5828
2020-01-23,SH603505,金石资源,24.4,7630176,110667300,240000000,585600
2020-01-23,SH603501,豪威集团,185.55,7665182,140535394,863662098,16025250.22839
2020-01-23,SZ300643,万通智控,19.05,17907083,83734941,200000000,381000
2020-01-23,SZ300649,杭州园林,19.45,776200,32000000,128000000,248960
2020-01-23,SH603985,恒润股份,15.7,1628640,93184000,145600000,228592
2020-01-23,SH603229,奥翔药业,23.11,2265800,53980000,160000000,369760
2020-01-23,SZ300651,金陵体育,26.78,960238,44757326,128746780,344783.87684
2020-01-23,SH603728,鸣志电器,11.78,2266966,175760000,416000000,490048
2020-01-23,SH603926,铁流股份,11.59,1194975,85954079,160364100,185861.9919
2020-01-23,SH603896,寿仙谷,31.71,1860326,62039984,143871604,456216.856284
2020-01-23,SH603113,金能科技,10.35,6149417,331865255,675939455,699597.335925
2020-01-23,SH603086,先达股份,22.78,1356684,72513743,112000000,255136
2020-01-23,SZ002871,伟隆股份,19.92,2166850,29220000,116722000,232510.224
2020-01-23,SH603180,金牌家居,62.1,999405,18416471,67215881,417410.62101
2020-01-23,SZ002870,香山股份,20.93,4030112,40120000,110670000,231632.31
2020-01-23,SH601952,苏垦农发,6.74,14823284,409303574,1378000000,928772
2020-01-23,SZ002869,金溢科技,68,5026331,45350305,120518161,819523.4948
2020-01-23,SH603488,展鹏科技,8.52,1866942,96771270,208941000,178017.732
2020-01-23,SZ300652,雷迪克,20.08,485652,29522217,88000000,176704
2020-01-23,SZ300653,正海生物,77.22,1396719,43280000,80000000,617760
2020-01-23,SH603758,秦安股份,6.35,3041855,150798880,438797049,278636.126115
2020-01-23,SH603269,海鸥股份,13.82,1318000,59095000,91470000,126411.54
2020-01-23,SZ002872,ST天圣,4.97,3651801,215038268,318000000,158046
2020-01-23,SZ300656,民德电子,23.6,3396929,51136225,99000000,233640
2020-01-23,SZ002873,新天药业,17.31,2737853,61539664,117096000,202693.176
2020-01-23,SH603197,保隆科技,31.81,5434190,98401678,166077947,528293.949407
2020-01-23,SH603383,顶点软件,70.46,1863402,58691430,120185240,846825.20104
2020-01-23,SZ300657,弘信电子,34.9,6658703,111630657,207113428,722825.86372
2020-01-23,SZ300655,晶瑞电材,39.27,9019699,103623675,151375222,594450.496794
2020-01-23,SH603855,华荣股份,9.42,1803914,201540000,337190000,317632.98
2020-01-23,SZ002876,三利谱,49.75,4172250,70535602,104000000,517400
2020-01-23,SH603580,*ST艾艾,12.19,2297712,42228200,130673200,159290.6308
2020-01-23,SZ300659,中孚信息,81.86,2121976,65507729,132766280,1086824.76808
2020-01-23,SH603196,日播时尚,8.37,7457684,65400000,240000000,200880
2020-01-23,SZ002875,安奈儿,14.9,1352264,39380653,131713803,196253.56647
2020-01-23,SH603200,上海洗霸,20.04,1920170,34829730,101302785,203010.78114
2020-01-23,SZ300658,延江股份,14.61,2340250,42000000,151675000,221597.175
2020-01-23,SH603042,华脉科技,15.85,7733269,101028572,136000000,215560
2020-01-23,SZ300660,江苏雷利,15.58,1702962,65367491,259372220,404101.91876
2020-01-23,SZ002877,智能自控,8.21,4751520,166593200,332492800,272976.5888
2020-01-23,SZ300661,圣邦股份,275.11,2431457,55957558,103618645,2850652.542595
2020-01-23,SZ002878,元隆雅图,37.16,3420365,40020384,130310737,484234.698692
2020-01-23,SH600732,爱旭股份,8.71,8122314,446383080,1829888230,1593832.64833
2020-01-23,SH603496,恒为科技,27.03,5895908,109228590,202666406,547807.295418
2020-01-23,SZ300662,科锐国际,33.8,2473409,90607725,182287000,616130.06
2020-01-23,SZ300663,科蓝软件,25.4,6610132,184702338,300425156,763079.89624
2020-01-23,SH603536,惠发食品,12.4,8900858,60254067,168000000,208320
2020-01-23,SH603767,中马传动,7.34,2500580,94738000,306098000,224675.932
2020-01-23,SZ300665,飞鹿股份,10.15,1725380,72926504,121600000,123424
2020-01-23,SH603879,永悦科技,9.32,2946603,112212000,200412000,186783.984
2020-01-23,SZ300666,江丰电子,52.74,12556815,93851746,218760000,1153740.24
2020-01-23,SH603980,吉华集团,7.75,4268846,343886323,700000000,542500
2020-01-23,SH603226,菲林格尔,16.71,4986254,38637498,151331050,252874.18455
2020-01-23,SZ002880,卫光生物,60.24,2785442,34830000,108000000,650592
2020-01-23,SH603326,我乐家居,17.58,1394501,64366400,226230000,397712.34
2020-01-23,SH603316,诚邦股份,8.88,1475300,99021098,203280000,180512.64
2020-01-23,SZ300667,必创科技,28.88,4433200,53774232,121605923,351197.905624
2020-01-23,SZ300668,杰恩设计,17.72,2796772,44611428,106352500,188456.63
2020-01-23,SH603335,迪生力,4.73,5291200,203374600,428144600,202512.3958
2020-01-23,SZ002883,中设股份,19.36,1075597,45322292,86906012,168250.039232
2020-01-23,SH603679,华体科技,46.7,2088924,40480659,102070000,476666.9
2020-01-23,SH603380,易德龙,16.19,2190645,47894800,160000000,259040
2020-01-23,SZ002881,美格智能,25.5,2874110,45339000,181339000,462414.45
2020-01-23,SH601878,浙商证券,10.57,76981354,1208521315,3333346474,3523347.223018
2020-01-23,SZ002885,京泉华,16.55,4030500,67692015,180000000,297900
2020-01-23,SH603043,广州酒家,26.61,2908775,124005084,403996184,1075033.845624
2020-01-23,SZ002886,沃特股份,23.83,7926457,49609013,118837250,283189.16675
2020-01-23,SH603286,日盈电子,16.99,4921132,39994750,88076000,149641.124
2020-01-23,SH603938,三孚股份,25.92,5365536,50786600,150166600,389231.8272
2020-01-23,SZ300669,沪宁股份,29.57,1202142,25550000,85424533,252600.344081
2020-01-23,SH603801,志邦家居,22.68,3282963,114558728,223333360,506520.06048
2020-01-23,SH603617,君禾股份,14.93,2650740,43363180,142504600,212759.3678
2020-01-23,SZ300670,大烨智能,7.89,2752943,140400000,315890479,249237.587931
2020-01-23,SH603331,百达精工,16.39,897256,31813300,128432300,210500.5397
2020-01-23,SZ300671,富满微,27.22,20144604,73133857,141890000,386224.58
2020-01-23,SH603933,睿能科技,14.65,3650652,50313200,201233200,294806.638
2020-01-23,SZ002879,长缆科技,15.93,1719436,111715648,193107640,307620.47052
2020-01-23,SH603305,旭升集团,51.91,18937073,63265919,400602423,2079527.177793
2020-01-23,SH603757,大元泵业,15.42,1388674,49000000,164248000,253270.416
2020-01-23,SZ002884,凌霄泵业,15.49,2904365,104748931,192686796,298471.847004
2020-01-23,SZ300673,佩蒂股份,26,1586480,46697040,146607000,381178.2
2020-01-23,SZ300672,国科微,59,8790560,109543825,179994462,1061967.3258
2020-01-23,SH603595,ST东尼,28.41,6177043,70875952,214110651,608288.359491
2020-01-23,SZ300676,华大基因,79.5,21540863,244501679,400100000,3180795
2020-01-23,SH603387,基蛋生物,24.7,7380706,129267704,260380071,643138.77537
2020-01-23,SZ002882,金龙羽,10.35,1722900,86250000,432900000,448051.5
2020-01-23,SH603612,索通发展,12.2,5856009,178862130,336986860,411123.9692
2020-01-23,SZ300675,建科院,13.92,1929456,80666700,146666700,204160.0464
2020-01-23,SH603707,健友股份,49.74,3411317,370832475,718474289,3573691.113486
2020-01-23,SH601619,嘉泽新能,3.64,7096716,503754688,2074100000,754972.4
2020-01-23,SH603676,卫信康,11.14,4288989,66660480,423000000,471222
2020-01-23,SZ300677,英科医疗,23.61,4384332,113333254,198299014,468183.972054
2020-01-23,SZ002888,惠威科技,20.2,2529979,35576100,124676400,251846.328
2020-01-23,SZ300680,隆盛科技,21.99,3268004,41446823,74312721,163413.673479
2020-01-23,SZ300681,英搏尔,35.48,701266,18900000,75600000,268228.8
2020-01-23,SH603063,禾望电气,9.27,2693743,255300000,430890000,399435.03
2020-01-23,SZ300678,中科信息,22.3,4668522,107127000,180000000,401400
2020-01-23,SH603730,岱美股份,33.71,2306505,72843983,400594520,1350404.12692
2020-01-23,SZ002889,东方嘉盛,24.8,1331894,37202554,138101429,342491.54392
2020-01-23,SH603233,大参林,58.17,4298928,110334075,546950545,3181611.320265
2020-01-23,SH600710,苏美达,5.28,10090862,1003228235,1306749434,689963.701152
2020-01-23,SZ300679,电连技术,39.87,6651402,133390938,280800000,1119549.6
2020-01-23,SH603357,设计总院,10.3,3229100,222142698,454542698,468178.97894
2020-01-23,SZ300682,朗新科技,26.49,15957888,171455402,680253493,1801991.502957
2020-01-23,SZ002887,绿茵生态,15.42,1501970,66740830,208000000,320736
2020-01-23,SH603860,中公高科,26.2,247600,22941250,66680000,174701.6
2020-01-23,SH603825,ST华扬,27.02,16094950,94490675,231021796,624220.892792
2020-01-23,SZ300685,艾德生物,71.5,1467038,91101600,147206000,1052522.9
2020-01-23,SZ002890,弘宇股份,27.3,1016506,39045737,66670000,182009.1
2020-01-23,SZ300687,赛意信息,20.08,15095451,94432118,217611750,436964.394
2020-01-23,SZ300686,智动力,21.91,14173398,88072242,204464000,447980.624
2020-01-23,SH603880,南卫股份,12.98,12571966,82429750,169000000,219362
2020-01-23,SH603978,深圳新星,25.33,5790508,76121680,160000000,405280
2020-01-23,SH603535,嘉诚国际,17.42,1057100,65112500,150400000,261996.8
2020-01-23,SZ300683,海特生物,30.55,3278836,47449965,103355040,315749.6472
2020-01-23,SZ300690,双一科技,26.1,3411598,52245728,110928979,289524.63519
2020-01-23,SZ300689,澄天伟业,43.19,2464461,19040000,68000000,293692
2020-01-23,SH603458,勘设股份,18.29,2604087,124289602,185890627,339993.956783
2020-01-23,SZ300688,创业黑马,20.77,1424100,51154131,95200000,197730.4
2020-01-23,SH603602,纵横通信,22.28,5122197,92918426,156800000,349350.4
2020-01-23,SZ300691,联合光电,19.17,6328472,97277952,225064704,431449.037568
2020-01-23,SH603721,*ST天择,24.72,4267330,61549927,130000000,321360
2020-01-23,SH601326,秦港股份,3.05,9389942,1653244796,5587412000,1704160.66
2020-01-23,SH603776,永安行,19.92,7316931,120011737,187580000,373659.36
2020-01-23,SZ002892,科力尔,26.57,3890565,44771200,142120000,377612.84
2020-01-23,SH603129,春风动力,46,2533328,65568054,134385400,618172.84
2020-01-23,SH603557,ST起步,8.88,6760500,218902458,474239658,421124.816304
2020-01-23,SH601949,中国出版,6.22,12675467,401005541,1822500000,1133595
2020-01-23,SZ002891,中宠股份,24.15,3833650,91561397,170008350,410570.16525
2020-01-23,SZ300692,中赋科技,12.28,2575857,101644791,164644791,202183.803348
2020-01-23,SH603976,正川股份,16.5,3270060,38299938,151200000,249480
2020-01-23,SZ300693,盛弘股份,17.33,10434985,70420469,136850329,237161.620157
2020-01-23,SZ300696,爱乐达,31.07,4315747,49179655,119200000,370354.4
2020-01-23,SH603079,圣达生物,36.54,934109,36511560,112000000,409248
2020-01-23,SH603181,皇马科技,16.7,5278309,138600000,280000000,467600
2020-01-23,SH603127,昭衍新药,68.6,2647468,78794744,161716920,1109378.0712
2020-01-23,SZ002895,川恒股份,11.96,3264100,89042000,407626000,487520.696
2020-01-23,SZ002896,中大力德,22.79,1114800,34250000,80000000,182320
2020-01-23,SZ300698,万马科技,16.17,2133512,42119796,134000000,216678
2020-01-23,SH603359,东珠生态,16.57,2761732,152950280,318640000,527986.48
2020-01-23,SZ300699,光威复材,46.9,6365590,322598060,518350000,2431061.5
2020-01-23,SH603500,祥和实业,12.8,2853040,50400000,176400000,225792
2020-01-23,SH603183,建研院,10.31,2492236,103968711,190865276,196782.099556
2020-01-23,SH603725,天安新材,6.76,3615885,131562654,205352000,138817.952
2020-01-23,SZ300697,电工合金,14.4,2434001,52000000,208000000,299520
2020-01-23,SH603527,众源新材,12.56,3166460,107526752,174160000,218744.96
2020-01-23,SZ002897,意华股份,27.38,4609420,67651765,170672000,467299.936
2020-01-23,SH603882,金域医学,50.45,20099782,279639368,457884577,2310027.690965
2020-01-23,SZ300695,兆丰股份,59.54,607095,16677700,66677700,396999.0258
2020-01-23,SH603277,银都股份,10.18,2004900,159996000,410070000,417451.26
2020-01-23,SZ300700,岱勒新材,18.06,2477684,44605521,82404396,148822.339176
2020-01-23,SZ002898,*ST赛隆,13.45,1519822,59838027,160000000,215200
2020-01-23,SH603386,骏亚科技,16.21,4771961,56675000,226300768,366833.544928
2020-01-23,SH603648,畅联股份,9.66,3418375,273187206,368666700,356132.0322
2020-01-23,SZ300701,森霸传感,30.53,4457927,36874878,120000000,366360
2020-01-23,SZ002899,英派斯,13.31,1478500,79336500,120000000,159720
2020-01-23,SH603321,梅轮电梯,8.1,4901000,99626250,307000000,248670
2020-01-23,SZ002893,京能热力,11.68,2219180,83642462,159749200,186587.0656
2020-01-23,SH603813,*ST原尚,18.65,679100,47322000,89702000,167294.23
2020-01-23,SZ300703,创源股份,13.31,10825253,99084375,182550400,242974.5824
2020-01-23,SZ300702,天宇股份,56.62,3481536,53057127,182223560,1031749.79672
2020-01-23,SH603106,恒银科技,8.09,7625885,169455000,400400000,323923.6
2020-01-23,SH603055,台华新材,6.55,2049820,141087783,766641971,502150.491005
2020-01-23,SH603533,掌阅科技,16.93,5701178,163151535,401000000,678893
2020-01-23,SZ002901,大博医疗,63.78,2242484,40098500,402265100,2565646.8078
2020-01-23,SZ002900,哈三联,12.29,4766252,119426550,316600050,389101.46145
2020-01-23,SH603963,*ST大药,11.7,2981185,99287500,169000000,197730
2020-01-23,SH603157,退市拉夏,5.31,19855631,145803027,547671642,290813.641902
2020-01-23,SZ300706,阿石创,27.27,9480006,61778574,141120000,384834.24
2020-01-23,SZ300654,世纪天鸿,10.73,2336050,65541490,140025000,150246.825
2020-01-23,SH603363,傲农生物,13.81,5792304,183992944,434205750,599638.14075
2020-01-23,SH603136,天目湖,22.88,1699270,29000000,116000000,265408
2020-01-23,SH603378,亚士创能,24.63,2322339,68980000,194800000,479792.4
2020-01-23,SH603367,辰欣药业,17.66,14114244,287679800,453353000,800621.398
2020-01-23,SH601086,国芳集团,5.2,5238752,166000000,666000000,346320
2020-01-23,SZ002902,铭普光磁,23.39,12186174,108412500,210000000,491190
2020-01-23,SZ300705,九典制药,12.5,7294720,99059240,234680000,293350
2020-01-23,SZ300707,威唐工业,18.48,12860177,77194182,157200000,290505.6
2020-01-23,SH603103,横店影视,15.97,6430346,74200000,634200000,1012817.4
2020-01-23,SH603110,东方材料,15.72,2921220,54300540,143733380,225948.87336
2020-01-23,SZ002903,宇环数控,13.86,3300200,66000000,150000000,207900
2020-01-23,SZ002906,华阳集团,13.62,12323376,202248648,473100000,644362.2
2020-01-23,SH603499,翔港科技,14.83,1407785,35527268,141846460,210358.30018
2020-01-23,SZ300708,聚灿光电,14,11046820,88055975,259910000,363874
2020-01-23,SZ002905,金逸影视,14.42,6414538,67200000,268800000,387609.6
2020-01-23,SH603829,洛凯股份,10.34,1394400,72400000,160000000,165440
2020-01-23,SH603396,金辰股份,23.25,3755174,44196842,105779334,245936.95155
2020-01-23,SZ300709,精研科技,109.6,2460612,56581360,88753700,972740.552
2020-01-23,SZ300710,万隆光电,26.1,3220736,33524000,68614000,179082.54
2020-01-23,SZ002908,德生科技,13.01,4553123,117752005,200862150,261321.65715
2020-01-23,SH603466,风语筑,14.62,4560070,89119300,291751000,426539.962
2020-01-23,SZ002907,华森制药,17.68,8589820,61960841,401546590,709934.37112
2020-01-23,SH603683,晶华新材,12.59,2078400,45962000,126670000,159477.53
2020-01-23,SH603922,金鸿顺,15.4,925500,32000000,128000000,197120
2020-01-23,SH601108,财通证券,10.82,108666060,2406692646,3589000000,3883298
2020-01-23,SH603607,京华激光,20.94,2172040,31892000,127512000,267010.128
2020-01-23,SH603722,阿科力,34.2,1891455,40730000,87690000,299899.8
2020-01-23,SZ002909,集泰股份,11.32,3816877,75894642,168000000,190176
2020-01-23,SZ300715,凯伦股份,20.67,1546004,78360400,170907500,353265.8025
2020-01-23,SH603260,合盛硅业,27.9,2936129,365178527,938000000,2617020
2020-01-23,SZ002910,庄园牧场,10.9,1882979,74117900,190680600,207841.854
2020-01-23,SZ300712,永福股份,11.47,1291895,78499244,182104000,208873.288
2020-01-23,SH603289,泰瑞机器,8.96,2277182,136204782,266800000,239052.8
2020-01-23,SZ300713,英可瑞,13.99,2755900,64223749.5,143437500,200669.0625
2020-01-23,SZ300711,广哈通信,16.45,4875040,55760400,173035144,284642.81188
2020-01-23,SH603912,佳力图,14.02,3631217,109088000,216951400,304165.8628
2020-01-23,SH603937,丽岛新材,10.66,1535400,75858268,208880000,222666.08
2020-01-23,SH603659,璞泰来,89.44,4911670,193530088,435218821,3892597.135024
2020-01-23,SH603856,东宏股份,10.61,7469882,91429000,256414600,272055.8906
2020-01-23,SH603507,振江股份,25.56,915820,80377060,128071400,327350.4984
2020-01-23,SZ300717,华信新材,15.59,1350452,42496000,102400000,159641.6
2020-01-23,SZ300720,海川智能,14.68,834600,41806800,108000000,158544
2020-01-23,SZ300718,长盛轴承,26.04,4125370,49500000,198000000,515592
2020-01-23,SH600903,贵州燃气,13.88,9402891,631723187,1138185027,1579800.817476
2020-01-23,SZ300719,安达维尔,11.38,3768300,130720474,254281000,289371.778
2020-01-23,SZ300716,ST泉为,9.75,2092452,94770000,160020000,156019.5
2020-01-23,SH603916,苏博特,16.4,5422632,130972000,310610000,509400.4
2020-01-23,SH603083,剑桥科技,26.4,5812932,112165799,169448940,447345.2016
2020-01-23,SZ300722,新余国科,20.64,1119765,28000000,112000000,231168
2020-01-23,SZ300725,药石科技,70.4,2601952,97284383,144789501,1019318.08704
2020-01-23,SH603076,乐惠国际,22.5,639511,26849199,74500000,167625
2020-01-23,SH603278,大业股份,8.8,1245020,119875625,289929145,255137.6476
2020-01-23,SZ300721,怡达股份,21.18,7857090,42007956,80585000,170679.03
2020-01-23,SH603605,珀莱雅,105,1011629,62461300,201269560,2113330.38
2020-01-23,SZ300723,一品红,40.67,1304700,46324743,161142800,655367.7676
2020-01-23,SZ002864,盘龙药业,27.72,1633143,44932250,86670000,240249.24
2020-01-23,SH603970,中农立华,12.48,2176096,95520096,192000096,239616.119808
2020-01-23,SH603619,中曼石油,14.65,9864847,143321614,400000100,586000.1465
2020-01-23,SH600933,爱柯迪,14,4204118,267267695,857377900,1200329.06
2020-01-23,SH603365,水星家纺,14.75,2159100,88584000,266670000,393338.25
2020-01-23,SZ300726,宏达电子,27.8,8236465,107732500,400100000,1112278
2020-01-23,SZ002912,中新赛克,135.13,2060184,51820000,106720000,1442107.36
2020-01-23,SH603661,恒林股份,41.8,1869960,28750000,100000000,418000
2020-01-23,SZ002911,佛燃能源,15.14,1446400,270789850,556000000,841784
2020-01-23,SH601019,山东出版,6.78,5449517,426900000,2086900000,1414918.2
2020-01-23,SH603685,晨丰科技,12.36,1922902,57460000,169000000,208884
2020-01-23,SZ300727,润禾材料,14.32,1398515,38590000,126880000,181692.16
2020-01-23,SH603809,豪能股份,10.99,2669760,115071600,209073200,229771.4468
2020-01-23,SH603711,香飘飘,23.95,3418711,48381485,418171100,1001519.7845
2020-01-23,SZ002913,奥士康,57.37,2334089,36626131,147979614,848959.045518
2020-01-23,SH603848,好太太,13.72,1312503,71105000,401000000,550172
2020-01-23,SZ300729,乐歌股份,22.26,1911012,25159448,87230830,194175.82758
2020-01-23,SH603917,合力科技,10.25,1949791,80257912,156800000,160720
2020-01-23,SZ002915,中欣氟材,23.37,4140676,34370000,142161423,332231.245551
2020-01-23,SZ300730,科创信息,14.22,3753002,84369589,158008198,224687.657556
2020-01-23,SZ300731,科创新源,35.52,3291488,82224380,124866547,443525.974944
2020-01-23,SZ002917,金奥博,15.7,3516340,54176000,180896000,284006.72
2020-01-23,SH603890,春秋电子,10.63,10955362,135494800,273985000,291246.055
2020-01-23,SZ300732,设研院,16.81,1434652,120697709,191875842,322543.290402
2020-01-23,SZ002916,深南电路,177.49,6292124,98720885,339360000,6023300.64
2020-01-23,SH600025,华能水电,3.96,33940151,8928000000,18000000000,7128000
2020-01-23,SZ002919,名臣健康,14.75,2199500,42280995,122135745,180150.223875
2020-01-23,SH603477,巨星农牧,10.31,9003830,113500000,240000000,247440
2020-01-23,SZ000155,川能动力,4.73,37584565,1270000000,1270000000,600710
2020-01-23,SZ002918,蒙娜丽莎,19.64,3254721,135315750,402186000,789893.304
2020-01-23,SH603283,赛腾股份,44.81,6272958,41017300,176090417,789061.158577
2020-01-23,SZ001965,招商公路,8.26,4225261,554838705,6178217338,5103207.521188
2020-01-23,SZ002920,德赛西威,34.4,4698508,122350000,550000000,1892000
2020-01-23,SZ300684,中石科技,29.89,7563818,104120237,252050400,753378.6456
2020-01-23,SZ002921,联诚精密,17.69,953201,48275000,80000000,141520
2020-01-23,SZ300735,光弘科技,26.24,11130867,165801411,461084000,1209884.416
2020-01-23,SZ002922,伊戈尔,14.6,1941326,58028986,135151475,197321.1535
2020-01-23,SH603655,朗博科技,22,1803158,34000000,106000000,233200
2020-01-23,SH603329,上海雅仕,12.79,2775948,64680000,132000000,168828
2020-01-23,SH603080,新疆火炬,15.68,1376364,87235000,141500000,221872
2020-01-23,SH603161,科华控股,13.09,1652728,69400000,133400000,174620.6
2020-01-23,SZ300664,鹏鹞环保,12.83,5674730,335531900,480000000,615840
2020-01-23,SZ002923,润都股份,18.01,3886284,60018750,185419500,333940.5195
2020-01-23,SZ300736,百邦科技,10.16,2002680,79977421,130572240,132661.39584
2020-01-23,SZ002925,盈趣科技,55.05,5452307,165925358,458128400,2521996.842
2020-01-23,SZ300733,西菱动力,10.89,1987600,67837508,160000000,174240
2020-01-23,SH603056,德邦股份,10.78,4140000,217658855,960000000,1034880
2020-01-23,SH601828,美凯龙,11.68,10403898,395788197,3550000000,4146400
2020-01-23,SZ300624,万兴科技,70.71,4085679,49796660,81427500,575773.8525
2020-01-23,SZ300738,奥飞数据,33.69,3000356,60256800,117478800,395786.0772
2020-01-23,SH603895,天永智能,21.7,2797432,32767140,108080000,234533.6
2020-01-23,SH603356,华菱精工,13.03,2369413,90240000,133340000,173742.02
2020-01-23,SZ300737,科顺股份,11.73,10982740,300420980,607723600,712859.7828
2020-01-23,SH601838,成都银行,8.68,24442814,1894168568,3612251334,3135434.157912
2020-01-23,SH603506,南都物业,19.6,2186795,33531746.1,134126985,262888.8906
2020-01-23,SZ300739,明阳电路,20.31,8830601,70200000,277200000,562993.2
2020-01-23,SH603516,淳中科技,45.52,3716648,88276580,130965380,596154.40976
2020-01-23,SZ002926,华西证券,10.6,45434941,1778147433,2625000000,2782500
2020-01-23,SZ300644,南京聚隆,29.93,1356600,41221882,64000000,191552
2020-01-23,SH603871,嘉友国际,31.94,2544755,39200000,156800000,500819.2
2020-01-23,SZ300740,水羊股份,8.48,8922001,223530054,411120808,348630.445184
2020-01-23,SH603709,中源家居,23.69,499600,20000000,80000000,189520
2020-01-23,SH603156,养元饮品,28.65,3114245,639445325,1054578000,3021365.97
2020-01-23,SZ002927,泰永长征,18.4,2746496,71926400,170716000,314117.44
2020-01-23,SH603712,七一二,24.5,10310456,366436800,772000000,1891400
2020-01-23,SH603680,今创集团,10,1529037,246411896,790970700,790970.7
2020-01-23,SH601360,三六零,24.57,29839878,397182443,6764055167,16619283.545319
2020-01-23,SZ002929,润建股份,26.87,3149169,76601373,220746347,593145.434389
2020-01-23,SH600901,江苏金租,5.88,19483480,1820449968,2986649968,1756150.181184
2020-01-23,SZ300741,华宝股份,30.33,1598052,115880000,615880000,1867964.04
2020-01-23,SH603059,倍加洁,25.33,1377280,25000000,100000000,253300
2020-01-23,SZ002928,华夏航空,11.4,11043902,204187770,600750000,684855
2020-01-23,SZ300634,彩讯股份,17.61,3719376,200885000,400010000,704417.61
2020-01-23,SH600929,雪天盐业,6.68,8191900,337345234,917751148,613057.766864
2020-01-23,SZ002930,宏川智慧,14.25,5505450,137712820,341317508,486377.4489
2020-01-23,SZ300504,天邑股份,22.42,6352948,104760000,267408000,599528.736
2020-01-23,SH603214,爱婴室,37.73,2412932,55202839,102059000,385068.607
2020-01-23,SZ002931,锋龙股份,27.88,1550234,26452385,88880000,247797.44
2020-01-23,SH603897,长城科技,18.52,1149396,55538354,178401654,330399.863208
2020-01-23,SH603301,振德医疗,30.12,21862467,54505500,140000000,421680
2020-01-23,SH603773,沃格光电,35.7,4500917,64327305,94595556,337706.13492
2020-01-23,SH603876,鼎胜新材,14.76,6983634,239249523,433624323,640029.500748
2020-01-23,SH603733,仙鹤股份,14.28,2000183,62000000,612000000,873936
2020-01-23,SH603348,文灿股份,23.67,10251164,71012106,221012106,523135.654902
2020-01-23,SH603596,伯特利,28.72,6627128,171793500,408561000,1173387.192
2020-01-23,SZ300743,天地数码,19.25,1471100,54617454,98157000,188952.225
2020-01-23,SZ300742,越博退,21.59,1853600,42960832,78498570,169478.41263
2020-01-23,SH603259,药明康德,95.79,10354742,1006076502,1651126531,15816141.040449
2020-01-23,SH603013,亚普股份,14.41,2566000,60000000,510000000,734910
2020-01-23,SZ300454,深信服,154,3053068,210303440,408927140,6297477.956
2020-01-23,SH603045,福达合金,14.12,2996639,94932694,137620000,194319.44
2020-01-23,SZ300745,欣锐科技,21.48,1586775,64218515,114512352,245972.532096
2020-01-23,SZ300746,汉嘉数智,12.74,1642400,63025000,225738328,287590.629872
2020-01-23,SH603486,科沃斯,22.1,4444103,179648728,564477600,1247495.496
2020-01-23,SH601138,工业富联,20,74880577,1838814023,19854831899,39709663.798
2020-01-23,SH601330,绿色动力,10.31,8204273,255650590,1161200000,1197197.2
2020-01-23,SZ300750,宁德时代,130.57,35986224,1202589511,2208399700,28835074.8829
2020-01-23,SH603666,亿嘉和,85.94,1308832,28245670,99027670,851043.79598
2020-01-23,SH601990,南京证券,12.74,253908859,2060988373,3298823404,4202701.016696
2020-01-23,SH601066,中信建投,33.9,93651867,864375185,7646385238,25921245.95682
2020-01-23,SH603587,地素时尚,25.69,3017341,95000000,401000000,1030169
2020-01-23,SZ300747,锐科激光,101.9,4408934,98408137,192000000,1956480
2020-01-23,SH603650,彤程新材,18.35,5410897,131417500,585987500,1075287.0625
2020-01-23,SH603693,江苏新能,9.95,2322323,193000000,618000000,614910
2020-01-23,SH603706,东方环宇,19.18,2083400,58339615,160000000,306880
2020-01-23,SH603105,芯能科技,6.81,7310008,308300000,500000000,340500
2020-01-23,SZ002932,明德生物,40.99,3604750,29992197,66585147,272932.517553
2020-01-23,SH603713,密尔克卫,38.98,1743019,68024094,154736984,603164.763632
2020-01-23,SH601869,长飞光纤,32.88,4152549,106573510,757905108,2491991.995104
2020-01-23,SH603657,春光科技,25.36,1009800,28531250,96000000,243456
2020-01-23,SH601606,长城军工,11.08,7991357,297726841,724228400,802445.0672
2020-01-23,SZ300724,捷佳伟创,55.3,5004191,170001888,320000000,1769600
2020-01-23,SZ000629,钒钛股份,2.62,34390687,4767139025,8589746202,2250513.504924
2020-01-23,SH603590,康辰药业,36.57,2758716,83367640,160000000,585120
2020-01-23,SH603192,汇得科技,26.95,968000,26666667,106666667,287466.667565
2020-01-23,SZ002933,新兴装备,38.01,1203289,47864865,117350000,446047.35
2020-01-23,SZ000950,重药控股,5.9,15047278,868132776,1728184696,1019628.97064
2020-01-23,SH601068,中铝国际,5.01,9472727,295906667,2959066667,1482492.400167
2020-01-23,SZ002935,天奥电子,29.3,4112788,81118193,160005000,468814.65
2020-01-23,SH603297,永新光学,35.89,1393255,51081173,109200000,391918.8
2020-01-23,SH603790,雅运股份,15.82,2465532,57653180,191360000,302731.52
2020-01-23,SH603810,丰山集团,28.9,443089,39511809,83005000,239884.45
2020-01-23,SZ002938,鹏鼎控股,49.98,7708908,231143082,2311430816,11552531.218368
2020-01-23,SZ002936,郑州银行,4.43,19794835,1505833235,5921931900,2623415.8317
2020-01-23,SZ300748,金力永磁,36.21,7764939,257923188,413424188,1497008.984748
2020-01-23,SH603583,捷昌驱动,49.37,1859644,67224537,177501750,876326.13975
2020-01-23,SZ300749,顶固集创,12.66,2744537,86267700,205169400,259744.4604
2020-01-23,SZ002937,兴瑞科技,15.23,5058576,95929504,294400000,448371.2
2020-01-23,SH601577,长沙银行,8.64,16118989,995332714,3421553754,2956222.443456
2020-01-23,SZ300694,蠡湖股份,13.58,4002600,129039150,215316977,292400.454766
2020-01-23,SZ300760,迈瑞医疗,187.68,4394808,499134264,1215691266,22816093.680288
2020-01-23,SH601162,天风证券,6.4,77978121,2352512658,5180000000,3315200
2020-01-23,SZ002940,昂利康,35,3272943,42575000,90000000,315000
2020-01-23,SZ002939,长城证券,13.65,63901198,1664180931,3103405351,4236148.304115
2020-01-23,SZ300674,宇信科技,36.95,4834905,276099140,400010000,1478036.95
2020-01-23,SZ300751,迈为股份,179.98,1417688,28918888,52000000,935896
2020-01-23,SH603220,中贝通信,20.48,6852169,185645200,337760000,691732.48
2020-01-23,SH601319,中国人保,7.26,64130730,5601567019,44223990583,32106617.163258
2020-01-23,SZ002941,新疆交建,16.25,8626300,172750000,645000000,1048125
2020-01-23,SH603187,海容冷链,31.03,2043694,84007700,113200000,351259.6
2020-01-23,SZ002943,宇晶股份,21.52,1178579,51844875,100000000,215200
2020-01-23,SZ300752,隆利科技,28.28,1507593,29064480,119752220,338659.27816
2020-01-23,SZ002942,新农股份,26.6,2062023,39112500,120000000,319200
2020-01-23,SZ300753,爱朋医疗,51.09,9533428,35492553,80800000,412807.2
2020-01-23,SH603629,利通电子,26.28,843104,30000000,100000000,262800
2020-01-23,SZ001872,招商港口,16.52,2140696,464858324,1922365124,3175747.184848
2020-01-23,SH603185,弘元绿能,32,8785177,44299500,176400000,564480
2020-01-23,SZ300756,金马游乐,34.54,566500,23579856,72887000,251751.698
2020-01-23,SH601860,紫金银行,4.88,37791720,1735050814,3660888889,1786513.777832
2020-01-23,SZ300757,罗博特科,32.79,876588,38624690,104000000,341016
2020-01-23,SH601975,招商南油,2.68,43599899,3665974263,5023400024,1346271.206432
2020-01-23,SH603121,华培动力,19.66,2934583,93028200,216000000,424656
2020-01-23,SH603739,蔚蓝生物,25.57,3273324,62903250,154667000,395483.519
2020-01-23,SZ002948,青岛银行,5.59,16612288,605002601,4509690000,2520916.71
2020-01-23,SH603332,苏州龙杰,26.56,1660043,29735000,118938000,315899.328
2020-01-23,SZ002945,华林证券,14.6,38496490,754789089,2700000000,3942000
2020-01-23,SH601598,中国外运,4.11,21147854,1351637231,7400803875,3041730.392625
2020-01-23,SH601298,青岛港,6.56,10957804,1869896000,6491100000,4258161.6
2020-01-23,SH603700,宁水集团,26.72,4526731,78315698,156340000,417740.48
2020-01-23,SH601615,明阳智能,12.63,30025894,924742323,1379722378,1742589.363414
2020-01-23,SZ002946,新乳业,11.8,3150207,85371067,853710666,1007378.58588
2020-01-23,SZ300759,康龙化成,58.6,2613936,65630000,794387462,4655110.52732
2020-01-23,SZ300755,华致酒行,22.08,4232237,103943640,416798400,920290.8672
2020-01-23,SH603351,威尔药业,32.91,719840,23333380,93333380,307160.15358
2020-01-23,SZ002947,恒铭达,59.45,1779578,30378003,121512010,722388.89945
2020-01-23,SH601865,福莱特,13.12,12626593,150000000,1950000000,2558400
2020-01-23,SZ300761,立华股份,49.65,2846311,41280000,403880000,2005264.2
2020-01-23,SZ300758,七彩化学,32.58,1127506,26680000,106680000,347563.44
2020-01-23,SH603956,威派格,15.81,1711783,42596100,425960100,673442.9181
2020-01-23,SZ002949,华阳国际,20.4,2315474,49030000,196030000,399901.2
2020-01-23,SH600928,西安银行,6.87,20686241,444444445,4444444445,3053333.333715
2020-01-23,SZ002950,奥美医疗,34.32,2968108,48000000,422176938,1448911.251216
2020-01-23,SZ300762,上海瀚讯,53.64,1599470,33360000,133360000,715343.04
2020-01-23,SZ002951,金时科技,16.04,1241100,45000000,405000000,649620
2020-01-23,SZ300763,锦浪科技,50.25,2297793,20000000,79999952,401999.7588
2020-01-23,SZ300765,新诺威,35.62,2150230,50000000,200000000,712400
2020-01-23,SZ300766,每日互动,38.5,3478773,40100000,400100000,1540385
2020-01-23,SH603681,永冠新材,23.19,2336944,41647901,166591604,386325.929676
2020-01-23,SZ002958,青农商行,5.91,19536847,555555556,5555555556,3283333.333596
2020-01-23,SZ002952,亚世光电,31.98,1046928,22860000,109560000,350372.88
2020-01-23,SZ300767,震安科技,58.8,1453430,20000000,80000000,470400
2020-01-23,SH603379,三美股份,34.74,2215154,59733761,436056455,1514860.12467
2020-01-23,SZ300768,迪普科技,36.74,3907755,40010000,400010000,1469636.74
2020-01-23,SH603068,博通集成,99.95,4465834,34678384,138713534,1386441.77233
2020-01-23,SZ300769,德方纳米,135.97,981594,10690000,42745652,581212.630244
2020-01-23,SH603317,天味食品,39.4,3802900,41320000,413155000,1627830.7
2020-01-23,SZ300770,新媒股份,162.77,1264268,32100000,128365637,2089407.473449
2020-01-23,SZ300771,智莱科技,59.08,2022493,25000000,100000000,590800
2020-01-23,SZ300773,拉卡拉,77.39,4421825,40010000,400010000,3095677.39
2020-01-23,SZ300772,运达股份,17,5977512,73490000,293960000,499732
2020-01-23,SH603967,中创物流,15.2,2649989,66666700,266666700,405333.384
2020-01-23,SH603697,有友食品,12.66,2968800,79500000,304545000,385553.97
2020-01-23,SZ002953,日丰股份,20.55,3203113,43020000,172079292,353622.94506
2020-01-23,SZ300778,新城市,39.45,922500,20000000,80000000,315600
2020-01-23,SH603267,鸿远电子,49.62,2947631,41340000,165340000,820417.08
2020-01-23,SH600989,宝丰能源,9.08,12715409,733360000,7333360000,6658690.88
2020-01-23,SZ300777,中简科技,33.95,4748566,40010000,400010000,1358033.95
2020-01-23,SZ300776,帝尔激光,145.01,2355027,16536000,66125150,958880.80015
2020-01-23,SZ300775,三角防务,34.27,3874925,49550000,495500000,1698078.5
2020-01-23,SH603982,泉峰汽车,17.04,3749900,50000000,200000000,340800
2020-01-23,SZ300779,惠城环保,33.88,2105457,25000000,100000000,338800
2020-01-23,SH603327,福蓉科技,32,7688712,51000000,401000000,1283200
2020-01-23,SZ002955,鸿合科技,55.56,1922792,34310000,139090854,772788.784824
2020-01-23,SZ300780,德恩精工,20.31,1963835,36670000,146670000,297886.77
2020-01-23,SZ300781,因赛集团,33.35,1714114,21135355,84541420,281945.6357
2020-01-23,SH603915,国茂股份,14.42,2168286,84380000,463327400,668118.1108
2020-01-23,SZ300782,卓胜微,469,1643180,25000000,100000000,4690000
2020-01-23,SZ002956,西麦食品,49.3,1174451,20000000,80000000,394400
2020-01-23,SH603217,元利科技,46.24,706600,22760000,91040000,420968.96
2020-01-23,SH603863,松炀资源,14.55,2752234,51474000,205894000,299575.77
2020-01-23,SZ300594,朗进科技,32.67,975411,22226700,88906700,290458.1889
2020-01-23,SH600968,海油发展,2.79,67025020,1865104199,10165104199,2836064.071521
2020-01-23,SH603867,新化股份,23.14,1506330,35000000,140000000,323960
2020-01-23,SH601698,中国卫通,13.7,85756389,400000000,4000000000,5480000
2020-01-23,SZ300788,中信出版,48.69,1954951,47537879,190151515,925847.726535
2020-01-23,SH601236,红塔证券,18.06,69567827,364000000,3633405396,6561930.145176
2020-01-23,SZ300783,三只松鼠,61.55,1981081,41000000,401000000,2468155
2020-01-23,SZ300785,值得买,160.23,1178700,13333334,53333334,854560.010682
2020-01-23,SH603236,移远通信,179.31,2100018,22300000,89180000,1599086.58
2020-01-23,SH603256,宏和科技,13.77,6197056,87800000,877800000,1208730.6
2020-01-23,SH688122,西部超导,36.41,3266985,41990000,441272000,1606671.352
2020-01-23,SH688088,虹软科技,76,4870718,40265522,406000000,3085600
2020-01-23,SH688333,铂力特,59.2,1849972,19000000,80000000,473600
2020-01-23,SH688001,华兴源创,49.3,6428587,38451196,401000000,1976930
2020-01-23,SH688388,嘉元科技,58.96,4506714,55676858,230876000,1361244.896
2020-01-23,SH688012,中微公司,183.38,8784483,51417972,534862237,9808303.702106
2020-01-23,SH688019,安集科技,175,2223806,12206040,53108380,929396.65
2020-01-23,SH688022,瀚川智能,58.9,4439130,25650000,108000000,636120
2020-01-23,SH688003,天准科技,32.3,3473586,46464000,193600000,625328
2020-01-23,SH688005,容百科技,34.04,5506255,43200000,443285700,1508944.5228
2020-01-23,SH688006,杭可科技,42.3,2913195,39360000,401000000,1696230
2020-01-23,SH688007,光峰科技,29.34,3881948,60731315,451554411,1324860.641874
2020-01-23,SH688008,澜起科技,96.62,17136583,79088809,1129813889,10916261.795518
2020-01-23,SH688009,中国通号,6.76,66054626,1260000000,10589819000,7158717.644
2020-01-23,SH688018,乐鑫科技,223.89,1822991,18359425,80000000,1791120
2020-01-23,SH688033,天宜新材,29.69,3504551,45916328,448737188,1332300.711172
2020-01-23,SH688016,心脉医疗,163.67,987918,14727383,71978147,1178066.331949
2020-01-23,SH688002,睿创微纳,50,8342791,54600000,445000000,2225000
2020-01-23,SH688029,南微医学,180.87,1604526,32196054,133340000,2411720.58
2020-01-23,SH688010,福光股份,46.13,3868301,37213958,153581943,708473.503059
2020-01-23,SH688015,交控科技,37.09,2933971,34544000,160000000,593440
2020-01-23,SH688020,方邦股份,103.25,1473892,19200000,80000000,826000
2020-01-23,SH688011,新光光电,45.53,1898197,23949856,100000000,455300
2020-01-23,SH688028,沃尔德,70.53,2285026,19000000,80000000,564240
2020-01-23,SH688066,航天宏图,47.7,8033629,39425000,165983333,791740.49841
2020-01-23,SZ300786,国林科技,50.4,1720141,13350000,53400000,269136
2020-01-23,SH603983,丸美生物,67.5,2778273,41000000,401000000,2706750
2020-01-23,SH603687,大胜达,13.77,2771196,50000000,410830732,565713.917964
2020-01-23,SZ002957,科瑞技术,29.68,2592205,41000000,410000000,1216880
2020-01-23,SH603279,景津装备,24.15,5184811,40500000,400035000,966084.525
2020-01-23,SH603613,国联股份,74.41,2157816,35210000,140815000,1047804.415
2020-01-23,SZ002966,苏州银行,9.25,27822049,333333334,3333333334,3083333.33395
2020-01-23,SH603530,神马电力,19.22,2240950,40044490,400044490,768885.50978
2020-01-23,SH603662,柯力传感,48.94,4363843,29850114,119400454,584345.821876
2020-01-23,SH688099,晶晨股份,78.52,5727831,37325470,411120000,3228114.24
2020-01-23,SH688188,柏楚电子,165.07,1344910,22909369,100000000,1650700
2020-01-23,SZ002960,青鸟消防,26.07,2299635,60000000,240000000,625680
2020-01-23,SH603115,海星股份,19.59,3423763,52000000,208000000,407472
2020-01-23,SH688321,微芯生物,63.8,3828622,40578325,410000000,2615800
2020-01-23,SZ300787,海能实业,64.44,2813691,21220000,84880000,546966.72
2020-01-23,SZ002959,小熊电器,60.12,2307169,30000000,120000000,721440
2020-01-23,SH603992,松霖科技,18.29,3020601,41000000,401009858,733447.030282
2020-01-23,SZ003816,中国广核,3.57,74227884,2047241574,50498611100,18028004.1627
2020-01-23,SZ300789,唐源电气,84.04,1857300,11500000,45982759,386439.106636
2020-01-23,SH603755,日辰股份,41.98,2110829,24660000,98613681,413980.232838
2020-01-23,SH603093,南华期货,23.65,6699996,70000000,580000000,1371700
2020-01-23,SZ002961,瑞达期货,33.17,5140385,45000000,445000000,1476065
2020-01-23,SH688168,安博通,111,1278478,11605632,51180000,568098
2020-01-23,SH603927,中科软,69.6,3662674,42400000,424000000,2951040
2020-01-23,SZ002962,五方光电,35.23,5917749,50400000,201600000,710236.8
2020-01-23,SZ300790,宇瞳光学,41.9,2520689,28580000,114286247,478859.37493
2020-01-23,SH688116,天奈科技,42.8,3653815,52775785,231858116,992352.73648
2020-01-23,SZ300791,仙乐健康,56.55,1004767,20000000,80000000,452400
2020-01-23,SZ300792,壹网壹创,199,737108,20000000,80000000,1592000
2020-01-23,SH688036,传音控股,73,8547924,71562850,800000000,5840000
2020-01-23,SH688068,热景生物,71.25,6285179,14140014,62196341,443148.929625
2020-01-23,SH688030,山石网科,46.3,3040860,36650573,180223454,834434.59202
2020-01-23,SH688368,晶丰明源,116.03,1620163,14075300,61600000,714744.8
2020-01-23,SH603786,科博达,66.84,1034338,40100000,400100000,2674268.4
2020-01-23,SZ300793,佳禾智能,46.24,4642410,41680000,166680000,770728.32
2020-01-23,SH603815,交建股份,14.88,5939388,49900000,499000000,742512
2020-01-23,SZ300795,米奥会展,25.89,3189384,25041000,100164000,259324.596
2020-01-23,SH688139,海尔生物,32.2,5901232,72779282,317071758,1020971.06076
2020-01-23,SZ002965,祥鑫科技,34.25,6718950,37680000,150700000,516147.5
2020-01-23,SH688098,申联生物,19.39,5825247,45151691,409700000,794408.3
2020-01-23,SZ002963,豪尔赛,31.55,2266330,37590000,150359930,474385.57915
2020-01-23,SH603610,麒盛科技,46.3,2627703,37583200,150332650,696040.1695
2020-01-23,SZ300799,左江退,99.2,3436627,17000000,68000000,674560
2020-01-23,SH601077,渝农商行,6.39,44223975,1100269468,11357000000,7257123
2020-01-23,SH688108,赛诺医疗,18.12,5590699,45170013,410000000,742920
2020-01-23,SH688366,昊海生科,99.47,1287107,14662238,177845300,1769027.1991
2020-01-23,SH688369,致远互联,64,2754478,17658681,76989583,492733.3312
2020-01-23,SH688025,杰普特,49.55,3317365,21100684,92368576,457686.29408
2020-01-23,SH688058,宝兰德,131.12,919962,9096687,40000000,524480
2020-01-23,SZ300797,钢研纳克,18.94,7515837,62050000,248200000,470090.8
2020-01-23,SH688389,普门科技,18.65,4895117,34751805,422200000,787403
2020-01-23,SH688199,久日新材,66.3,2388221,25765513,111226800,737433.684
2020-01-23,SH688128,中国电研,21.44,5498237,45477849,404500000,867248
2020-01-23,SH688023,安恒信息,179.43,644155,15483808,74074075,1329111.127725
2020-01-23,SH688202,美迪西,65.3,1688090,12621172,62000000,404860
2020-01-23,SH688021,奥福科技,42.35,1348016,18200320,77283584,327295.97824
2020-01-23,SH688363,华熙生物,85,3666904,45665637,480000000,4080000
2020-01-23,SH688299,长阳科技,22.4,7696449,64650370,282568577,632953.61248
2020-01-23,SZ300800,力合科技,77.05,2284101,20000000,80000000,616400
2020-01-23,SH688288,鸿泉技术,38.6,3671218,20356072,100000000,386000
2020-01-23,SZ300564,筑博设计,34,2350153,25000000,100000000,340000
2020-01-23,SZ002967,广电计量,35.78,4808824,82670000,330670000,1183137.26
2020-01-23,SH688166,博瑞医药,38.3,1576684,36964527,410000000,1570300
2020-01-23,SH603489,八方股份,101,2644290,30000000,120000000,1212000
2020-01-23,SZ300802,矩子科技,48.3,2101734,25000000,100000000,483000
2020-01-23,SZ300796,贝斯美,22.45,3696320,30300000,121150000,271981.75
2020-01-23,SH688300,联瑞新材,50.21,1681344,19546404,85973400,431672.4414
2020-01-23,SH688101,三达膜,21.55,7566055,76600487,333880000,719511.4
2020-01-23,SZ300803,指南针,43.33,10490859,56900000,404999999,1754864.995667
2020-01-23,SH688111,金山办公,179.5,1793507,66642202,461000000,8274950
2020-01-23,SH688138,清溢光电,20.33,12072996,60787477,266800000,542404.4
2020-01-23,SZ300805,电声股份,24.32,4612015,42330000,423230000,1029295.36
2020-01-23,SH688196,卓越新能,44.5,3042208,27589792,120000000,534000
2020-01-23,SZ300798,锦鸡股份,14.79,3914260,41780000,417748945,617850.689655
2020-01-23,SZ300806,斯迪克,37.46,5951377,29210000,116838879,437678.440734
2020-01-23,SH603390,通达电气,16.28,9314332,87921800,351686984,572546.409952
2020-01-23,SH601916,浙商银行,4.56,81527704,2067567287,21268696778,9698525.730768
2020-01-23,SZ300801,泰和科技,36.3,1906750,30000000,120000000,435600
2020-01-23,SZ300808,久量股份,23.29,4672620,40000000,160000000,372640
2020-01-23,SZ002969,嘉美包装,9.68,12194841,95263100,952630735,922146.55148
2020-01-23,SH688358,祥生医疗,53.54,1373556,18375812,80000000,428320
2020-01-23,SZ002968,新大正,59.66,1223731,17910667,71642667,427420.151322
2020-01-23,SH688310,迈得医疗,32.15,2345976,19022242,83600000,268774
2020-01-23,SH688118,普元信息,46.08,3724841,21668799,95400000,439603.2
2020-01-23,SZ300809,华辰装备,26.06,3224735,39230000,156920000,408933.52
2020-01-23,SH688357,建龙微纳,56.13,2034117,13141305,57820000,324543.66
2020-01-23,SH688399,硕世生物,97.9,6237650,13338470,58620000,573889.8
2020-01-23,SZ300810,中科海讯,64.1,1633262,19700000,78700000,504467
2020-01-23,SH688258,卓易信息,91.7,2629540,19782525,86956591,797391.93947
2020-01-23,SH688198,佰仁医疗,53.75,2344840,19538607,96000000,516000
2020-01-23,SH601658,邮储银行,5.67,64874834,2973992297,86978562200,49316844.7674
2020-01-23,SH688218,江苏北人,29.99,3547705,24322740,117340000,351902.66
2020-01-23,SH688039,当虹科技,113.18,1931311,16469297,80000000,905440
2020-01-23,SZ001914,招商积余,19.8,8059224,666793416,1060346060,2099485.1988
2020-01-23,SH688037,芯源微,127.5,6385191,17683745,84000000,1071000
2020-01-23,SZ002970,锐明技术,137.69,3640947,21600000,86400000,1189641.6
2020-01-23,SH603053,成都燃气,17.74,10522820,88890000,888890000,1576890.86
2020-01-23,SZ300807,天迈科技,50.1,2179052,17000000,67851000,339933.51
2020-01-23,SH688089,嘉必优,37.98,2864642,25581581,120000000,455760
2020-01-23,SH601512,中新集团,12.38,8691699,149890000,1498890000,1855625.82
2020-01-23,SH688123,聚辰股份,80,4689261,27568824,120841867,966734.936
2020-01-23,SH603995,甬金股份,24.21,3399471,57670000,230670000,558452.07
2020-01-23,SH688268,华特气体,70,3352266,27227108,120000000,840000
2020-01-23,SZ002972,科安达,23.55,3697863,44080000,176320000,415233.6
2020-01-23,SZ300811,铂科新材,80.7,2858865,14400000,57600000,464832
2020-01-23,SH688078,龙软科技,55.74,4195165,16099056,70750000,394360.5
2020-01-23,SH603109,神驰机电,23.6,3157686,36670000,146670000,346141.2
2020-01-23,SH688181,八亿时空,60,3548051,20281855,96473014,578838.084
2020-01-23,SH688081,兴图新科,54.28,4000956,16724400,73600000,399500.8
2020-01-23,SZ002973,侨银股份,17.3,10590727,40890000,408660000,706981.8
2020-01-23,SZ300812,易天股份,76.5,11831168,19380000,77511700,592964.505
2020-01-23,SZ002971,和远气体,25.27,17254023,40000000,160000000,404320
2020-01-23,SZ300813,泰林生物,51.5,131420,13000000,51970000,267645.5
2020-01-23,SH688178,万德斯,47.66,4082592,19335434,84997844,405099.724504
2020-01-23,SH603551,奥普科技,18.95,6267972,40010000,400010000,758018.95
2020-01-23,SH601816,京沪高铁,7.05,483174530,2604210267,49106484611,34620071.650755
2020-01-23,SH688278,特宝生物,42.16,8268399,38205081,406800000,1715068.8
2020-01-23,SH688158,优刻得,63.2,9454173,43738930,422532164,2670403.27648
2020-01-23,SH688100,威胜信息,33.01,12269177,39984985,500000000,1650500
2020-01-23,SH688026,洁特生物,58.52,13301573,22676252,100000000,585200
2020-01-23,SZ300815,玉禾田,42.55,304197,34600000,138400000,588892
2020-01-23,SH688159,有方科技,56.61,12622376,18660655,91679495,518997.621195
2020-01-23,SH688266,泽璟制药,74.59,35144625,54807914,240000000,1790160
