日期,代码,名称,日收盘价,日交易量,流通股本,总股本,总市值(万)
2020-12-10,SZ000005,ST星源,2.55,7863245,1057946242,1058536842,269926.89471
2020-12-10,SH600652,退市游久,2.14,3371500,832703498,832703498,178198.548572
2020-12-10,SH600654,中安科,2,11455958,755043154,1283020992,256604.1984
2020-12-10,SH600651,飞乐音响,3.52,5936726,985220002,2507028015,882473.86128
2020-12-10,SH600602,云赛智联,6.1,2049840,1074302990,1367673455,834280.80755
2020-12-10,SH600601,方正科技,4.39,22425394,2194891204,2194891204,963557.238556
2020-12-10,SH600653,申华控股,1.85,13084447,1946380317,1946380317,360080.358645
2020-12-10,SZ000004,*ST国华,24.79,3001300,83918684,165052625,409165.457375
2020-12-10,SZ000002,万  科Ａ,28.58,57886966,9714314935,11617732201,33203478.630458
2020-12-10,SZ000001,平安银行,18.65,60786655,19405752680,19405918198,36192037.43927
2020-12-10,SZ000009,中国宝安,7.07,23159756,2551897988,2579213965,1823504.273255
2020-12-10,SH600603,广汇物流,5.24,26183721,1249198847,1257026847,658682.067828
2020-12-10,SZ000012,南  玻Ａ,6.97,101135982,1957059361,3070692107,2140272.398579
2020-12-10,SZ000016,深康佳Ａ,6.65,34080175,1596574300,2407945408,1601283.69632
2020-12-10,SH600605,汇通能源,12.41,1100401,147344592,147344592,182854.638672
2020-12-10,SH600608,*ST沪科,4.31,726200,318371441,328861441,141739.281071
2020-12-10,SH600604,市北高新,7.15,4754940,1407454804,1873304804,1339412.93486
2020-12-10,SH600606,绿地控股,6.35,22370378,12168154385,12168154385,7726778.034475
2020-12-10,SZ000011,深物业A,12.49,5130152,526475543,595979092,744377.885908
2020-12-10,SZ000017,深中华A,2.56,1978300,302981008,551347947,141145.074432
2020-12-10,SZ000007,全新好,8.08,7188140,308948044.5,346448044,279930.019552
2020-12-10,SZ000006,深振业Ａ,5.45,7166550,1348307972,1349995046,735747.30007
2020-12-10,SZ000020,深华发Ａ,9.96,606072,181165391,283161227,282028.582092
2020-12-10,SZ000008,神州高铁,2.68,11890781,2665182273,2780795346,745253.152728
2020-12-10,SZ000014,沙河股份,8.82,2070140,201705187,201705187,177903.974934
2020-12-10,SH600609,金杯汽车,5.4,9916786,1092667132,1311200558,708048.30132
2020-12-10,SH600611,大众交通,3.56,3538900,1563316364,2364122864,841627.739584
2020-12-10,SH600612,老凤祥,47.39,1141187,317109630,523117764,2479055.083596
2020-12-10,SH600655,豫园股份,8.83,8745728,1602998144,3883498464,3429129.143712
2020-12-10,SH600616,金枫酒业,7.79,93972266,669004950,669004950,521154.85605
2020-12-10,SZ000019,深粮控股,7.82,4328699,416184832,1152535254,901282.568628
2020-12-10,SH600618,氯碱化工,7.51,5222040,749839976,1156399976,868456.381976
2020-12-10,SH600619,海立股份,7.6,1937328,582141047,883300255,671308.1938
2020-12-10,SH600620,天宸股份,6.74,1736156,686677113,686677113,462820.374162
2020-12-10,SZ000501,武商集团,12.78,19048850,767815624,768992731,982772.710218
2020-12-10,SZ000502,绿景退,8.28,7040628,183347957,184819607,153030.634596
2020-12-10,SZ000503,国新健康,10.09,5823326,898779932,898822204,906911.603836
2020-12-10,SH600621,华鑫股份,21.39,93464328,1060899292,1060899292,2269263.585588
2020-12-10,SH600622,光大嘉宝,3.59,7572400,1499685402,1499685402,538387.059318
2020-12-10,SH600623,华谊集团,6.6,22531341,1862196763,2105296763,1389495.86358
2020-12-10,SZ000504,*ST生物,11.28,301487,310673201,311573901,351455.360328
2020-12-10,SZ000505,京粮控股,8.96,11907735,454638266,726950251,651347.424896
2020-12-10,SH600624,ST复华,8.47,4816355,684712010,684712010,579951.07247
2020-12-10,SH600626,申达股份,4.02,3943816,808156847,852291316,342621.109032
2020-12-10,SH600628,新世界,8.61,873885,646875384,646875384,556959.705624
2020-12-10,SH600630,龙头股份,6.3,2602050,424861597,424861597,267662.80611
2020-12-10,SH600635,大众公用,4.22,6522111,2418791675,2952434675,1245927.43285
2020-12-10,SH600637,东方明珠,9.21,7223748,3414500201,3414500201,3144754.685121
2020-12-10,SH600636,*ST国化,12.91,3446894,446936885,446936885,576995.518535
2020-12-10,SH600638,新黄浦,6.44,1042380,673396786,673396786,433667.530184
2020-12-10,SH600639,浦东金桥,12.9,3294495,850236703,1122412893,1447912.63197
2020-12-10,SZ000507,珠海港,5.51,2963800,841204550,930424895,512664.117145
2020-12-10,SH600641,先导基电,17.11,8872285,957930404,957930404,1639018.921244
2020-12-10,SH600640,国脉文化,14.32,3685448,795695940,795695940,1139436.58608
2020-12-10,SH600642,申能股份,5.39,9308497,4552038316,4912038316,2647588.652324
2020-12-10,SH600644,乐山电力,5.23,2422639,538400659,538400659,281583.544657
2020-12-10,SH600643,爱建集团,8.06,10459813,1434058576,1621922452,1307269.496312
2020-12-10,SZ000023,*ST深天,17.02,655389,138756240,138756240,236163.12048
2020-12-10,SH600647,退市同达,14.05,2293748,139143550,139143550,195496.68775
2020-12-10,SH600648,外高桥,14.15,2914219,934791624,1135349124,1606519.01046
2020-12-10,SH600645,中源协和,20.75,5618863,410968113,467969890,971037.52175
2020-12-10,SZ000509,华塑控股,2.54,14980755,825368348,825483117,209672.711718
2020-12-10,SZ000510,新金路,4.34,9046001,549479157,609182254,264385.098236
2020-12-10,SH600649,城投控股,5.55,3915679,2529575634,2529575634,1403914.47687
2020-12-10,SH600657,信达地产,4.34,6615838,1524260442,2851878595,1237715.31023
2020-12-10,SH600658,电子城,5.53,13638392,1118585045,1118585045,618577.529885
2020-12-10,SZ000026,飞亚达,12.12,5791720,356716368,428091881,518847.359772
2020-12-10,SH600650,锦江在线,8.95,647791,390560075,551610107,493691.045765
2020-12-10,SH600660,福耀玻璃,38.42,16497059,2002986332,2508617532,9638108.557944
2020-12-10,SH600662,外服控股,8.47,3442090,1053362191,1053362191,892197.775777
2020-12-10,SH600661,昂立教育,14.85,325100,286548830,286548830,425525.01255
2020-12-10,SZ000025,特  力Ａ,17.83,2549779,392778320,431058320,768576.98456
2020-12-10,SH600663,陆家嘴,11.32,1719291,2933461440,4034197440,4566711.50208
2020-12-10,SH600664,哈药股份,3.28,13629849,2506955076,2506955076,822281.264928
2020-12-10,SH600665,天地源,3.41,1298300,864122521,864122521,294665.779661
2020-12-10,SH600666,奥瑞德,1.31,5522208,803655532,1227326240,160779.73744
2020-12-10,SZ000514,渝 开 发,3.91,2131547,843770965,843770965,329914.447315
2020-12-10,SH600668,尖峰集团,14.48,2227580,344083828,344083828,498233.382944
2020-12-10,SH600667,太极实业,10.23,25209662,2106190178,2106190178,2154632.552094
2020-12-10,SZ000516,国际医学,9.25,36743095,1928934684,1971049302,1823220.60435
2020-12-10,SZ000028,国药一致,52.8,13683288,367733625,428126983,2260510.47024
2020-12-10,SH600671,天目药业,9.12,281184,121720533,121778885,111062.34312
2020-12-10,SH600600,青岛啤酒,98.68,4066098,695913617,1364182795,13461755.82106
2020-12-10,SZ000027,深圳能源,5.49,7789299,4757389916,4757389916,2611807.063884
2020-12-10,SZ000029,深深房Ａ,7.98,8668680,891660000,1011660000,807304.68
2020-12-10,SH600673,东阳光,5.37,8725506,2458926257,3013897259,1618462.828083
2020-12-10,SH600675,中华企业,3.74,5468627,2240471278,6096135252,2279954.584248
2020-12-10,SH600674,川投能源,9.89,11469542,4402144257,4402144257,4353720.670173
2020-12-10,SH600676,交运股份,4.86,2932978,1028492944,1028492944,499847.570784
2020-12-10,SZ000030,富奥股份,6.98,6182307,1759880870,1810552111,1263765.373478
2020-12-10,SZ000031,大悦城,4.7,4258153,1813674958,4286313339,2014567.26933
2020-12-10,SH600678,四川金顶,6.29,5286948,348990000,348990000,219514.71
2020-12-10,SZ000519,中兵红箭,9.28,17042336,1391492468,1392558982,1292294.735296
2020-12-10,SH600679,上海凤凰,15.51,11932598,230598947,402198947,623810.566797
2020-12-10,SH600682,南京新百,12.17,24997455,1165030275,1346132221,1638242.912957
2020-12-10,SZ000521,长虹美菱,4.11,118327215,872528625,1044597881,429329.729091
2020-12-10,SH600683,京投发展,4.21,2125429,740777597,740777597,311867.368337
2020-12-10,SH600684,珠江股份,3.18,2737500,853460723,853460723,271400.509914
2020-12-10,SH600685,中船防务,25.11,10090102,821435181,1413506378,3549314.515158
2020-12-10,SZ000513,丽珠集团,43.64,4177426,605286873,944552216,4122025.870624
2020-12-10,SZ000525,红太阳,6.55,8869299,574514828,580772873,380406.231815
2020-12-10,SZ000032,深桑达Ａ,19.53,2239044,411424109,413219661,807017.997933
2020-12-10,SZ000526,学大教育,56.52,712268,96195107,96195107,543694.744764
2020-12-10,SH600687,退市刚泰,0.72,5528100,1488715304,1488715304,107187.501888
2020-12-10,SH600688,上海石化,3.44,9510000,7328813500,10823813500,3723391.844
2020-12-10,SH600686,金龙汽车,7.3,14298000,606738511,717047417,523444.61441
2020-12-10,SH600689,上海三毛,7.5,1189701,152204143,200991343,150743.50725
2020-12-10,SZ000523,红棉股份,3.71,6174579,626953976,627533125,232814.789375
2020-12-10,SZ000524,岭南控股,7.89,4219479,670139867,670208597,528794.583033
2020-12-10,SZ000528,柳    工,7.39,19589023,1462632724,1475921376,1090705.896864
2020-12-10,SH600692,亚通股份,6.77,3584724,255010517,351764064,238144.271328
2020-12-10,SH600690,海尔智家,26.2,33025119,6308552654,6579566627,17238464.56274
2020-12-10,SH600691,潞化科技,2.22,15131936,1756390906,2375981952,527467.993344
2020-12-10,SH600693,东百集团,4.41,4418648,897247594,898229148,396119.054268
2020-12-10,SH600695,退市绿庭,7.09,21118437,366467152,711132100,504192.6589
2020-12-10,SH600694,大商股份,21.54,2723926,293718653,293718653,632669.978562
2020-12-10,SZ000541,佛山照明,5.9,5665562,1072393367,1399346154,825614.23086
2020-12-10,SZ000539,粤电力Ａ,3.74,1738510,2553907040,5250283986,1963606.210764
2020-12-10,SZ000547,航天发展,22.88,25275828,1205405063,1605421646,3673204.726048
2020-12-10,SZ000550,江铃汽车,18.16,9567917,518463085,863214000,1567596.624
2020-12-10,SZ000553,安道麦A,8.08,1381529,2177067461,2344121302,1894050.012016
2020-12-10,SH600699,均胜电子,23.59,12753381,1237263065,1368084624,3227311.628016
2020-12-10,SH600696,*ST岩石,9.06,1379811,334469431,334469431,303029.304486
2020-12-10,SH600697,欧亚集团,13.79,3326600,155156015,159088075,219382.455425
2020-12-10,SH600800,渤海化学,5.45,29756846,611271047,1002406266,546311.41497
2020-12-10,SZ000544,中原环保,6.93,3839874,974684488,974684488,675456.350184
2020-12-10,SZ000530,冰山冷热,4.06,23641956,598606016,843212507,342344.277842
2020-12-10,SZ000537,绿发电力,6.56,3039702,1731406933,1862520720,1221813.59232
2020-12-10,SZ000554,泰山石油,4.53,4058315,362649713,480793320,217799.37396
2020-12-10,SZ000538,云南白药,103.53,10567834,602166957,1277403317,13224956.540901
2020-12-10,SZ000543,皖能电力,4.01,10554890,1790395978,2266863331,909012.195731
2020-12-10,SZ000548,湖南投资,4.03,3812502,499188811,499215811,201183.971833
2020-12-10,SH600805,悦达投资,4.99,74166845,850275368,850894494,424596.352506
2020-12-10,SZ000533,顺钠股份,3,4980761,684902400,690816000,207244.8
2020-12-10,SH600804,退市鹏博,7.31,15730024,1432357859,1432394299,1047080.232569
2020-12-10,SH600803,新奥股份,13.98,8290949,1229355783,2599982463,3634775.483274
2020-12-10,SH600802,福建水泥,8.37,4656797,458248400,458248400,383553.9108
2020-12-10,SH600801,华新建材,23.59,6457567,1361879855,2096599855,4945879.057945
2020-12-10,SZ000532,华金资本,12.4,5492439,343549746,344708340,427438.3416
2020-12-10,SH600807,济高发展,3.68,3682700,787018464,884634731,325545.581008
2020-12-10,SZ000551,创元科技,8.53,3231300,400080405,400080405,341268.585465
2020-12-10,SZ000531,穗恒运Ａ,9.28,3059397,685082820,685082820,635756.85696
2020-12-10,SH600808,马钢股份,2.74,56433378,5967751186,7700681186,2109986.644964
2020-12-10,SH600809,山西汾酒,279.58,7728810,865848266,871528266,24366187.260828
2020-12-10,SH600810,神马股份,9.63,12974530,574964000,837375757,806392.853991
2020-12-10,SH600811,*ST东方,3.87,15766719,3714576124,3714576124,1437540.959988
2020-12-10,SZ000564,供销大集,2.96,46210400,2005895931,5982004024,1770673.191104
2020-12-10,SZ000563,陕国投Ａ,3.71,17367554,3964012846,3964012846,1470648.765866
2020-12-10,SZ000534,万泽股份,13.21,7127826,491507596,491785096,649648.111816
2020-12-10,SZ000559,万向钱潮,5.92,22945539,2753147124,3303791344,1955844.475648
2020-12-10,SH600812,华北制药,10.22,10582311,1630804729,1630804729,1666682.433038
2020-12-10,SH600814,杭州解百,6.02,2214674,715026758,715026758,430446.108316
2020-12-10,SH600816,建元信托,1.45,7890817,5264290520,5469137919,793024.998255
2020-12-10,SH600815,厦工股份,2.45,2381352,1774094480,1774094480,434653.1476
2020-12-10,SH600820,隧道股份,5.63,6754838,3144096094,3144096094,1770126.100922
2020-12-10,SH600819,耀皮玻璃,5.14,20796446,747416067,934916069,480546.859466
2020-12-10,SH600821,金开新能,4.64,2321300,416268225,1221498013,566775.078032
2020-12-10,SZ000021,深科技,20.46,11175249,1469024359,1471259363,3010196.656698
2020-12-10,SZ000540,*ST中天,3.36,60989219,6967815997,7005254679,2353765.572144
2020-12-10,SH600825,新华传媒,4.89,4103116,1044887850,1044887850,510950.15865
2020-12-10,SH600824,益民集团,3.87,1121691,1054027073,1054027073,407908.477251
2020-12-10,SH600822,上海物贸,10.31,1094623,396147908,495972914,511348.074334
2020-12-10,SH600823,*ST世茂,5.69,13106003,3751168261,3751168261,2134414.740509
2020-12-10,SH600827,百联股份,13.05,15373894,1604449920,1784168117,2328339.392685
2020-12-10,SH600826,兰生股份,9.7,948957,420642288,535920895,519843.26815
2020-12-10,SH600834,申通地铁,9.32,1776000,477381905,477381905,444919.93546
2020-12-10,SH600829,人民同泰,7.32,4355004,579888597,579888597,424478.453004
2020-12-10,SH600831,广电网络,7.1,6324294,710457531,710457531,504424.84701
2020-12-10,SH600830,香溢融通,5.61,2289408,454322747,454322747,254875.061067
2020-12-10,SH600835,上海机电,19.17,2760168,806504300,1022739308,1960591.253436
2020-12-10,SH600836,*ST易连,5.34,3933800,662753072,662753072,353910.140448
2020-12-10,SH600828,茂业商业,3.91,1875138,1731360181,1731982546,677205.175486
2020-12-10,SH600838,上海九百,7.87,11392290,400881981,400881981,315494.119047
2020-12-10,SH600843,上工申贝,6.38,682800,304645850,548589600,350000.1648
2020-12-10,SH600846,同济科技,8.31,3342418,624761516,624761516,519176.819796
2020-12-10,SH600841,动力新科,10.4,7760880,521892530,866689830,901357.4232
2020-12-10,SH600839,四川长虹,3.01,98136956,4614958631,4616244222,1389489.510822
2020-12-10,SH600848,上海临港,21.73,3189798,1214582225,2102068212,4567794.224676
2020-12-10,SH600850,电科数字,24.54,2127237,426852228,426852228,1047495.367512
2020-12-10,SH600847,万里股份,10.61,1527400,153287400,153287400,162637.9314
2020-12-10,SH600851,海欣股份,7.58,1487100,738206110,1207056692,914948.972536
2020-12-10,SZ000555,神州信息,16.71,6958686,962309736,972534764,1625105.590644
2020-12-10,SZ000039,中集集团,15.04,26358398,1534521629,3595013590,5406900.43936
2020-12-10,SZ000035,中国天楹,4.45,2810588,2453345376,2523777297,1123080.897165
2020-12-10,SZ000565,渝三峡Ａ,5.21,3265802,433592220,433592220,225901.54662
2020-12-10,SH600857,宁波中百,8.89,344500,224319919,224319919,199420.407991
2020-12-10,SH600856,退市中天,1.42,4057500,1343422057,1366654379,194064.921818
2020-12-10,SH600859,王府井,32.26,7985489,568777123,776250350,2504183.6291
2020-12-10,SH600860,京城股份,4.07,1116426,322000000,485000000,197395
2020-12-10,SZ000558,天府文旅,3.37,0,1288419854,1289223949,434468.470813
2020-12-10,SZ000034,神州数码,22.85,14349103,497336653,659458406,1506862.45771
2020-12-10,SZ000568,泸州老窖,190.7,8881802,1464306555,1464752476,27932829.71732
2020-12-10,SH600861,北京人力,19.51,2175450,316804949,316804949,618086.455499
2020-12-10,SH600863,内蒙华电,2.56,11971950,5808527792,5808527792,1486983.114752
2020-12-10,SZ000566,海南海药,9.67,26573340,1203327155,1335979264,1291891.948288
2020-12-10,SZ000567,海德股份,9.7,3855130,217847261,641138926,621904.75822
2020-12-10,SZ000571,新大洲A,2.94,1953970,806539020,814064000,239334.816
2020-12-10,SZ000036,华联控股,4.1,4438001,1479474430,1483934025,608412.95025
2020-12-10,SZ000570,苏常柴Ａ,4.89,2723746,411374326,561374326,274512.045414
2020-12-10,SZ000037,深南电A,11.14,8528190,338894012,602762596,671477.531944
2020-12-10,SZ000040,*ST旭蓝,3.32,21765454,1060340595,1486873870,493642.12484
2020-12-10,SZ000572,海马汽车,2.9,20339838,1642155224,1644636426,476944.56354
2020-12-10,SH600864,哈投股份,6.72,34760208,2080570520,2080570520,1398143.38944
2020-12-10,SH600865,百大集团,7.72,8153025,376240316,376240316,290457.523952
2020-12-10,SZ000045,深纺织Ａ,7.71,2191300,457017874,507772279,391492.427109
2020-12-10,SZ000573,粤宏远Ａ,3.1,16057123,632005829,638280604,197866.98724
2020-12-10,SH600866,星湖科技,4.62,3288512,722353211,739019166,341426.854692
2020-12-10,SH600867,通化东宝,13.44,18826727,2033988517,2033988517,2733680.566848
2020-12-10,SZ000576,甘化科工,10.66,5694709,427979000,442861324,472090.171384
2020-12-10,SH600868,梅雁吉祥,3.2,19579775,1898148679,1898148679,607407.57728
2020-12-10,SZ000046,*ST泛海,3.84,5914923,5170078782,5196200656,1995341.051904
2020-12-10,SZ000042,中洲控股,9,693784,662341514,664831139,598348.0251
2020-12-10,SZ000048,京基智农,23.65,2652604,402407651,402491731,951892.943815
2020-12-10,SH600872,中炬高新,68.23,10478340,796637194,796637194,5435455.574662
2020-12-10,SH600869,远东股份,3.8,9630627,2219352746,2219352746,843354.04348
2020-12-10,SZ000050,深天马Ａ,15.12,10416972,1828917759,2457747661,3716114.463432
2020-12-10,SZ000049,德赛电池,53,3734939,205243738,207197738,1098148.0114
2020-12-10,SH600871,石化油服,2.18,105756865,12042660995,18984340033,4138586.127194
2020-12-10,SH600874,创业环保,6.81,7539024,1087228430,1427228430,971942.56083
2020-12-10,SH600875,东方电气,10.19,14665792,1996900368,3119764130,3179039.64847
2020-12-10,SH600877,电科芯片,5.91,0,687282040,822161695,485897.561745
2020-12-10,SZ000010,美丽生态,4.01,2217600,522171498,819854713,328761.739913
2020-12-10,SH600876,凯盛新能,16.64,14761810,278620175,548540432,912771.278848
2020-12-10,SZ000582,北部湾港,10.38,4156382,1266813790,1634616854,1696732.294452
2020-12-10,SH600879,航天电子,6.57,27309917,2719271284,2719271284,1786561.233588
2020-12-10,SH600880,博瑞传播,3.82,3808440,1093030175,1093332092,417652.859144
2020-12-10,SH600881,亚泰集团,3.15,8679943,3248913588,3248913588,1023407.78022
2020-12-10,SZ000584,工智退,6.37,3434005,598315925,760937539,484717.212343
2020-12-10,SH600882,妙可蓝多,39.17,0,408779545,409309045,1603263.529265
2020-12-10,SH600883,博闻科技,8.99,10175668,236088000,236088000,212243.112
2020-12-10,SZ000586,汇源通信,8.01,2482200,193440000,193440000,154945.44
2020-12-10,SH600886,国投电力,8.6,26776433,6965873347,6965873347,5990651.07842
2020-12-10,SZ000590,古汉医药,9.96,1294200,239376227,239471267,238513.381932
2020-12-10,SH600884,杉杉股份,16.08,65891114,1628009229,1628009229,2617838.840232
2020-12-10,SH600885,宏发股份,49.91,5798916,744761552,744761552,3717104.906032
2020-12-10,SZ000591,太阳能,4.62,45443118,2037098929,3007098032,1389279.290784
2020-12-10,SH600888,新疆众和,6.27,18398882,928319769,1024705400,642490.2858
2020-12-10,SZ000589,贵州轮胎,6.28,12435375,775464304,797589304,500886.082912
2020-12-10,SH600889,南京化纤,7.1,51600819,338044124,366346010,260105.6671
2020-12-10,SZ000593,德龙汇能,6.3,55522127,358209794,358631009,225937.53567
2020-12-10,SH600887,伊利股份,39.43,53594121,5930237087,6083211833,23986104.257519
2020-12-10,SH600890,退市中房,6.63,2276000,579194925,579194925,384006.235275
2020-12-10,SH600894,广日股份,8.23,5341777,859946895,859946895,707736.294585
2020-12-10,SH600893,航发动力,45.05,26332331,2108139305,2665594238,12008502.04219
2020-12-10,SZ000055,方大集团,4.55,2779812,678272529,1088278951,495166.922705
2020-12-10,SZ000595,*ST宝实,2.18,3777502,1138640006,1148498366,250372.643788
2020-12-10,SH600895,张江高科,17.92,6206177,1548689550,1548689550,2775251.6736
2020-12-10,SZ000587,*ST金洲,1.6,10170100,1213011850,2123749330,339799.8928
2020-12-10,SZ000599,青岛双星,4.54,4062471,767689142,822259233,373305.691782
2020-12-10,SH600896,退市海医,4.55,38324324,869099075,1024805419,466286.465645
2020-12-10,SH600706,曲江文旅,7.48,1505875,213490410,215411610,161127.88428
2020-12-10,SH600707,彩虹股份,6.26,120938467,2474910089,3588389732,2246331.972232
2020-12-10,SZ000597,东北制药,5.43,2830800,1248738208,1350702476,733431.444468
2020-12-10,SH600702,舍得酒业,72.09,15712859,331517030,336179100,2423515.1319
2020-12-10,SZ000598,兴蓉环境,4.99,7996253,2986218602,2986218602,1490123.082398
2020-12-10,SH600711,盛屯矿业,6.02,60071155,1913701673,2314463888,1393307.260576
2020-12-10,SH600897,厦门空港,17.31,2635937,297810000,297810000,515509.11
2020-12-10,SZ000600,建投能源,5.42,6609966,1090044126,1791626376,971061.495792
2020-12-10,SH600704,物产中大,4.55,17375485,5062182040,5062182040,2303292.8282
2020-12-10,SH600714,金瑞矿业,5.65,2658200,288176273,288176273,162819.594245
2020-12-10,SH600708,光明地产,2.64,7971723,2225277771,2228636743,588360.100152
2020-12-10,SZ000401,金隅冀东,15.26,7532518,1347214076,1347522914,2056319.966764
2020-12-10,SH600717,天津港,4.69,4986125,2411667532,2411667532,1131072.072508
2020-12-10,SH600718,东软集团,11.08,6554568,1242370295,1242370295,1376546.28686
2020-12-10,SZ000404,长虹华意,4.66,32091382,694350760,695995979,324334.126214
2020-12-10,SH600712,南宁百货,5.05,6352800,538371891,544655360,275050.9568
2020-12-10,SZ000402,金 融 街,6.74,4306319,2987636046,2988929907,2014538.757318
2020-12-10,SH600722,金牛化工,4.3,21080272,680319676,680319676,292537.46068
2020-12-10,SZ000408,藏格矿业,7.75,2039870,473486085,1993779522,1545179.12955
2020-12-10,SH600713,南京医药,4.48,2894812,897425598,1041611244,466641.837312
2020-12-10,SH600715,文投控股,2.54,5834802,1854853500,1854853500,471132.789
2020-12-10,SH600726,华电能源,2.27,8191438,1534675151,1966675153,446435.259731
2020-12-10,SH600716,凤凰股份,4.22,6858666,936060590,936060590,395017.56898
2020-12-10,SH600729,重庆百货,29.45,1872086,406426465,406528465,1197226.329425
2020-12-10,SH600725,云维股份,1.86,2993257,1232470000,1232470000,229239.42
2020-12-10,SZ000407,胜利股份,4.34,8699694,875743830,880084656,381956.740704
2020-12-10,SZ000056,皇庭国际,3.35,2907540,903728783,1174528720,393467.1212
2020-12-10,SZ000415,渤海租赁,2.62,11985369,3547396604,6184521282,1620344.575884
2020-12-10,SH600720,中交设计,14.59,13708388,776162687,776290282,1132607.521438
2020-12-10,SH600723,首商股份,9.21,4532552,658069554,658407554,606393.357234
2020-12-10,SH600728,佳都科技,8.76,8138417,1729328097,1757407497,1539488.967372
2020-12-10,SH600724,宁波富达,3.76,1819900,1444942664,1445241071,543410.642696
2020-12-10,SH600719,大连热电,3.87,3069616,404599600,404599600,156580.0452
2020-12-10,SZ000410,沈阳机床,4.21,2325618,1680913944,1684035944,708979.132424
2020-12-10,SZ000416,*ST民控,5.97,5599883,531641098,531871494,317527.281918
2020-12-10,SH600735,ST新华锦,5.53,1971600,375992296,375992296,207923.739688
2020-12-10,SH600730,中国高科,4.82,2741714,586656002,586656002,282768.192964
2020-12-10,SZ000423,东阿阿胶,42.05,3733426,653867313,654021537,2750160.563085
2020-12-10,SH600737,中粮糖业,8.6,24522368,2111098760,2138848228,1839409.47608
2020-12-10,SH600738,丽尚国潮,7.58,12868866,740467673,773464476,586286.072808
2020-12-10,SH600731,湖南海利,12.14,6048400,326729674,355222698,431240.355372
2020-12-10,SZ000420,吉林化纤,2.03,7800800,1850467588,1970706656,400053.451168
2020-12-10,SZ000421,南京公用,6.01,4376155,572646934,572646934,344160.807334
2020-12-10,SH600740,山西焦化,6.03,47338710,962925831.4,1970862426,1188430.042878
2020-12-10,SZ000428,华天酒店,2.66,5012430,1018835400,1018926000,271034.316
2020-12-10,SZ000417,合百集团,5.09,2143201,779027451,779884200,396961.0578
2020-12-10,SZ000422,湖北宜化,3.12,7309032,897812984,897866712,280134.414144
2020-12-10,SH600736,苏州高新,4.94,5820861,1151292907,1151292907,568738.696058
2020-12-10,SZ000419,通程控股,4.89,4627648,543289983,543582655,265811.918295
2020-12-10,SH600733,北汽蓝谷,8.11,78663604,1824652719,3493659337,2833357.722307
2020-12-10,SH600739,辽宁成大,24.42,25549707,1529709816,1529709816,3735551.370672
2020-12-10,SZ000603,盛达资源,14.34,7457850,578804715,689969346,989416.042164
2020-12-10,SH600741,华域汽车,29.37,20075099,3152723984,3152723984,9259550.341008
2020-12-10,SH600742,富维股份,10.39,4444190,669120968,669120968,695216.685752
2020-12-10,SZ000425,徐工机械,5.5,41727554,6995037403,7833668430,4308517.6365
2020-12-10,SZ000426,兴业银锡,7.25,14732436,1475294430,1837192219,1331964.358775
2020-12-10,SZ000430,ST张家界,5.05,1592800,331738800,404817686,204432.93143
2020-12-10,SZ000607,华媒控股,3.99,1902423,884859969,1017698410,406061.66559
2020-12-10,SZ000601,韶能股份,7.04,4332084,1079786307,1080551669,760708.374976
2020-12-10,SH600744,华银电力,2.76,25779996,827634402,1781124274,491590.299624
2020-12-10,SZ000605,渤海股份,6.05,873300,335693601,352658600,213358.453
2020-12-10,SH600746,江苏索普,8.85,38335127,304661953,1048348300,927788.2455
2020-12-10,SZ000608,*ST阳光,3.65,3003175,749769709,749913309,273718.357785
2020-12-10,SH600756,浪潮软件,17.13,18267474,324098753,324098753,555181.163889
2020-12-10,SH600750,华润江中,11.11,3886792,630000000,630000000,699930
2020-12-10,SH600748,上实发展,5.16,3748600,1844562892,1844562892,951794.452272
2020-12-10,SZ000413,ST旭电,2.77,106739143,4864124064,5730250118,1587279.282686
2020-12-10,SZ000610,西安旅游,8.68,3492073,235394869,236747901,205497.178068
2020-12-10,SZ000612,焦作万方,7.36,25401533,1191057144,1192199394,877458.753984
2020-12-10,SH600753,*ST海钦,18.62,2885656,179200000,179200000,333670.4
2020-12-10,SZ000596,古井贡酒,229.61,2675386,383600000,503600000,11563159.6
2020-12-10,SH600757,长江传媒,5.39,8937536,1213497103,1213650273,654157.497147
2020-12-10,SH600755,厦门国贸,6.91,9451159,1850073364,1870873364,1292773.494524
2020-12-10,SZ000606,顺利退,4.24,11842774,707201606,765799353,324698.925672
2020-12-10,SZ000611,天首退,3.18,605600,319347925,337822022,107427.402996
2020-12-10,SH600761,安徽合力,15.02,8208452,740180802,740180802,1111751.564604
2020-12-10,SZ000609,ST中迪,5.19,4021600,292002672,299265522,155318.805918
2020-12-10,SH600760,中航沈飞,60.89,18489986,399578038,1400389285,8526970.356365
2020-12-10,SH600754,锦江酒店,51.37,2182682,801936440,957936440,4920919.49228
2020-12-10,SH600749,西藏旅游,9.23,1001602,226965517,226965517,209489.172191
2020-12-10,SZ000615,*ST美谷,5.65,48011312,773813610,781180319,441366.880235
2020-12-10,SZ000617,中油资本,6.81,3395776,12642079079,12642079079,8609255.852799
2020-12-10,SZ000619,海螺新材,6.4,5668021,360000000,360000000,230400
2020-12-10,SH600766,退市园城,6.78,2487300,223932072,224226822,152025.785316
2020-12-10,SZ000623,吉林敖东,16.92,6091203,1160085042,1163040875,1967865.1605
2020-12-10,SH600758,辽宁能源,3.3,53071311,1320743394,1322017394,436265.74002
2020-12-10,SH600763,通策医疗,243.19,3334567,320640000,320640000,7797644.16
2020-12-10,SH600769,祥龙电业,5.26,1692001,374977200,374977200,197238.0072
2020-12-10,SH600764,中国海防,31.98,4990855,328765729,710629386,2272592.776428
2020-12-10,SH600771,广誉远,15.6,21666929,491999697,491999697,767519.52732
2020-12-10,SH600765,中航重机,20.53,38641047,778003200,939680840,1929164.76452
2020-12-10,SZ000616,*ST海投,2.86,41944702,1430234425,1430234425,409047.04555
2020-12-10,SH600774,汉商集团,13.2,675100,226757731,226948002,299571.36264
2020-12-10,SH600773,西藏城投,6.21,6616825,746104694,819660744,509009.322024
2020-12-10,SH600768,宁波富邦,9.55,1469400,133747200,133747200,127728.576
2020-12-10,SZ000627,*ST天茂,5.08,14571596,4462504165,4940629165,2509839.61582
2020-12-10,SZ000633,合金投资,4.9,39413743,385104123,385106373,188702.12277
2020-12-10,SZ000637,茂化实华,4.18,2350117,366494967,519875356,217307.898808
2020-12-10,SH600767,退市运盛,3.02,1704905,340910182,341010182,102985.074964
2020-12-10,SZ000651,格力电器,62.83,41285201,5970130003,6015730878,37796837.106474
2020-12-10,SH600775,南京熊猫,7.17,2591119,671838529,913838529,655222.225293
2020-12-10,SZ000628,高新发展,8.21,2879561,187980340,352280000,289221.88
2020-12-10,SZ000630,铜陵有色,2.51,125275038,10526351975,10526533308,2642159.860308
2020-12-10,SZ000635,英 力 特,8.95,7886466,303087602,303087602,271263.40379
2020-12-10,SH600770,综艺股份,5.58,11740977,1300000000,1300000000,725400
2020-12-10,SZ000632,三木集团,4.11,1989900,465481606,465519570,191328.54327
2020-12-10,SH600777,*ST新潮,1.62,64718786,6232078317,6800495825,1101680.32365
2020-12-10,SZ000639,西王食品,5.64,6617859,1075322635,1079428095,608797.44558
2020-12-10,SH600776,东方通信,12.52,4040409,956000064,1256000064,1572512.080128
2020-12-10,SZ000626,远大控股,12.47,13297814,463946400,542874902,676965.002794
2020-12-10,SZ000652,泰达股份,4.82,10473166,1474125684,1475573852,711226.596664
2020-12-10,SZ000655,金岭矿业,8,49335467,595340230,595340230,476272.184
2020-12-10,SZ000656,*ST金科,7.27,34684667,5286626206,5339715816,3881973.398232
2020-12-10,SZ000636,风华高科,35.42,19988616,895233111,895233111,3170915.679162
2020-12-10,SH600778,友好集团,4.39,1949440,311214882,311491352,136744.703528
2020-12-10,SZ000659,珠海中富,2.64,12089210,1285702520,1285702520,339425.46528
2020-12-10,SH600780,通宝能源,3.34,2751002,1146502523,1146502523,382931.842682
2020-12-10,SZ000667,ST美置,3.82,12512760,2447314632,2466988633,942389.657806
2020-12-10,SZ000663,永安林业,3.9,1049400,291338251,336683929,131306.73231
2020-12-10,SH600779,水井坊,72.6,7065791,488303498,488435598,3546042.44148
2020-12-10,SZ000669,ST金鸿,2.2,7026408,680408797,680408797,149689.93534
2020-12-10,SZ000666,经纬纺机,8.45,2236071,293485665,704130000,594989.85
2020-12-10,SZ000668,*ST荣控,16.39,763501,146688393,146841890,240673.85771
2020-12-10,SZ000665,湖北广电,4.83,4257401,981828818,981883523,474249.741609
2020-12-10,SZ000662,天夏退,1.12,23334570,1092980729,1093097734,122426.946208
2020-12-10,SZ000671,ST阳光城,6.9,14183728,4037183233,4120361855,2843049.67995
2020-12-10,SH600781,退市辅仁,3.51,4521079,374263222,627157512,220132.286712
2020-12-10,SZ000661,长春高新,378,3831261,340021540,404720290,15298426.962
2020-12-10,SZ000676,智度股份,5.88,7104112,1021384882,1325700535,779511.91458
2020-12-10,SH600783,鲁信创投,15.64,3520053,744359294,744359294,1164177.935816
2020-12-10,SH600784,鲁银投资,5.45,4521710,568177846,568177846,309656.92607
2020-12-10,SH600782,新钢股份,4.74,102063625,3188722696,3188722696,1511454.557904
2020-12-10,SZ000677,恒天海龙,2.92,5108230,863977948,863977948,252281.560816
2020-12-10,SZ000058,深 赛 格,6.78,4182900,538282117,1235656249,837774.936822
2020-12-10,SH600785,新华百货,14.15,507927,225631280,225631280,319268.2612
2020-12-10,SZ000061,农 产 品,6.77,7262172,1695421233,1696964131,1148844.716687
2020-12-10,SZ000682,东方电子,5.27,17021102,978022745,1340727007,706563.132689
2020-12-10,SH600787,中储股份,4.65,4458803,2199801033,2199801033,1022907.480345
2020-12-10,SZ000680,山推股份,3.8,17010289,1056931007,1240787611,471499.29218
2020-12-10,SH600792,云煤能源,3.78,87811897,989923600,989923600,374191.1208
2020-12-10,SZ000060,中金岭南,4.59,42750302,3568471150,3569685327,1638485.565093
2020-12-10,SZ000685,中山公用,8.46,4811604,1253229908,1475111351,1247944.202946
2020-12-10,SZ000673,当代退,1.37,3622110,789510358,791550442,108442.410554
2020-12-10,SZ000679,大连友谊,3.22,724800,356334163,356400000,114760.8
2020-12-10,SZ000690,宝新能源,7.05,13028161,2084122831,2175887862,1534000.94271
2020-12-10,SH600791,京能置业,4.45,7610302,452313696,452880000,201531.6
2020-12-10,SZ000062,深圳华强,13.8,2980096,1044639729,1045909322,1443354.86436
2020-12-10,SZ000059,华锦股份,5.49,8787057,1599409531,1599442537,878093.952813
2020-12-10,SZ000683,博源化工,2.12,29442487,3554467624,3924206991,831931.882092
2020-12-10,SH600793,宜宾纸业,9.36,746277,176904002,176904002,165582.145872
2020-12-10,SZ000698,ST沈化,4.92,9022521,785690924,819514395,403201.08234
2020-12-10,SZ000687,华讯退,1.81,9829800,752864376,766199362,138682.084522
2020-12-10,SZ000701,厦门信达,5.7,1976301,406486156,418713056,238666.44192
2020-12-10,SH600789,鲁抗医药,8.91,6938502,852121628,880229735,784284.693885
2020-12-10,SZ000686,东北证券,9.63,22018978,2340452915,2340452915,2253856.157145
2020-12-10,SZ000692,惠天热电,3.34,15852469,532785880,532832976,177966.213984
2020-12-10,SH600790,轻纺城,3.25,6652969,1465790928,1465790928,476382.0516
2020-12-10,SZ000700,模塑科技,6.06,9075515,807078899,917049573,555732.041238
2020-12-10,SZ000691,*ST亚太,4.94,11351745,290486300,323270000,159695.38
2020-12-10,SZ001696,宗申动力,7.92,8828572,879115799,1145026920,906861.32064
2020-12-10,SH600794,保税科技,3.31,5283300,1212152157,1212152157,401222.363967
2020-12-10,SH600795,国电电力,2.14,89140439,19650397845,19650397845,4205185.13883
2020-12-10,SZ000702,正虹科技,6.3,20748610,266634576,266634576,167979.78288
2020-12-10,SZ000697,ST炼石,9.06,4811800,576888733,671616059,608484.149454
2020-12-10,SZ000708,中信特钢,20.23,4987656,1259156149,5047143433,10210371.164959
2020-12-10,SZ000703,恒逸石化,12.42,14386025,3315236580,3681645407,4572603.595494
2020-12-10,SH600796,钱江生化,5.09,1848700,301402144,301402144,153413.691296
2020-12-10,SH600051,宁波联合,9.25,1261201,310880000,310880000,287564
2020-12-10,SZ000705,浙江震元,7.59,1731958,281983639,334123286,253599.574074
2020-12-10,SZ000711,ST京蓝,3.26,23664141,821865026,1023667816,333715.708016
2020-12-10,SH600052,东望时代,3.11,2710300,844194741,844194741,262544.564451
2020-12-10,SZ000707,双环科技,2.46,1641617,464144265,464145765,114179.85819
2020-12-10,SZ000712,锦龙股份,15.45,31137464,795996797,896000000,1384320
2020-12-10,SZ000758,中色股份,4.74,23237715,1969193931,1969378424,933485.372976
2020-12-10,SZ000709,河钢股份,2.26,82079483,10616892601,10618607852,2399805.374552
2020-12-10,SZ000716,黑芝麻,3.54,21172002,678480382,743999550,263375.8407
2020-12-10,SH600797,浙大网新,8.01,7362085,1027527102,1027527102,823049.208702
2020-12-10,SZ000400,许继电气,15.47,12612941,1008270140,1008327309,1559882.347023
2020-12-10,SZ000713,国投丰乐,10.83,36781598,399248262,438582129,474984.445707
2020-12-10,SZ000710,贝瑞基因,45.3,3618800,354088027,354605865,1606364.56845
2020-12-10,SH600060,海信视像,10.59,31582859,1308481222,1308481222,1385681.614098
2020-12-10,SH600798,宁波海运,3.42,16895959,1030850948,1206534201,412634.696742
2020-12-10,SZ000736,*ST中地,6.95,2192019,695433689,695433689,483326.413855
2020-12-10,SZ000737,北方铜业,4.6,7814702,548760000,548760000,252429.6
2020-12-10,SZ000721,西安饮食,4.29,6953034,435952795,499055920,214094.98968
2020-12-10,SZ000766,通化金马,3.99,43477997,706995720,966494707,385631.388093
2020-12-10,SH600054,黄山旅游,8.43,1459329,513300000,729379440,614866.86792
2020-12-10,SH600064,南京高科,10.42,7355665,1235956888,1235956888,1287867.077296
2020-12-10,SZ000717,中南股份,4.72,55205523,2419524410,2419524410,1142015.52152
2020-12-10,SZ000715,中兴商业,5.41,551789,415059494,415718940,224903.94654
2020-12-10,SH600067,冠城新材,3.75,6545259,1492110725,1492110725,559541.521875
2020-12-10,SH600066,宇通客车,16.94,14723121,2213939223,2213939223,3750413.043762
2020-12-10,SZ000739,普洛药业,23,5123618,1178398671,1178523492,2710604.0316
2020-12-10,SZ000720,新能泰山,3.98,2870201,863460000,1289650962,513281.082876
2020-12-10,SH600056,中国医药,15.01,8534694,1068108198,1068485534,1603796.786534
2020-12-10,SZ000723,美锦能源,6.6,116401199,3773971471,4078093052,2691541.41432
2020-12-10,SH600059,古越龙山,11.62,48932713,808524165,808524165,939505.07973
2020-12-10,SZ000759,中百集团,6.38,6213905,680610192,681021500,434491.717
2020-12-10,SH600055,万东医疗,11.06,2861948,540816199,540816199,598142.716094
2020-12-10,SH600061,国投资本,14.05,25699556,4227129727,4227129727,5939117.266435
2020-12-10,SH600077,*ST宋都,3.67,3672146,1340122326,1340122326,491824.893642
2020-12-10,SZ000727,冠捷科技,2.49,12969100,2930655908,4529566980,1127862.17802
2020-12-10,SH600062,华润双鹤,12.29,3822166,1043237710,1043237710,1282139.14559
2020-12-10,SH600076,康欣新材,3.74,19064482,1034264129,1034264129,386814.784246
2020-12-10,SH600068,葛洲坝,6.76,29894221,4604777412,4604777412,3112829.530512
2020-12-10,SH600071,凤凰光学,10.53,5861392,237472456,281573889,296497.305117
2020-12-10,SH600058,五矿发展,7,10068872,1071910711,1071910711,750337.4977
2020-12-10,SZ000779,甘咨询,10,432000,175031047,380330518,380330.518
2020-12-10,SH600063,皖维高新,3.74,15917201,1925894692,1925894692,720284.614808
2020-12-10,SH600072,中船科技,13.03,48430596,736249883,736249883,959333.597549
2020-12-10,SH600070,*ST富润,10.41,9518187,521946118,521946118,543345.908838
2020-12-10,SH600086,退市金钰,0.91,19602424,1056845016,1350000000,122850
2020-12-10,SZ000778,新兴铸管,3.72,22845642,3884910628,3990880176,1484607.425472
2020-12-10,SZ000780,ST平能,3.36,2301700,1014306324,1014306324,340806.924864
2020-12-10,SH600079,ST人福,33.3,5261404,1353704302,1544024713,5141602.29429
2020-12-10,SZ000786,北新建材,37.55,7318084,1689507842,1689507842,6344101.94671
2020-12-10,SZ000767,晋控电力,2.53,5297900,2912297572,3076942219,778466.381407
2020-12-10,SZ000625,长安汽车,22.59,181951831,3900643469,5363396174,12115911.957066
2020-12-10,SZ000735,罗 牛 山,9.66,20952502,1150886809,1151513578,1112362.116348
2020-12-10,SZ000776,广发证券,16.15,44859621,5919291464,7621087664,12308056.57736
2020-12-10,SZ000068,华控赛格,3.03,5247238,1006671464,1006671464,305021.453592
2020-12-10,SH600080,金花股份,5.97,1030601,305295872,373270285,222842.360145
2020-12-10,SH600088,中视传媒,10.95,1663969,397706400,397706400,435488.508
2020-12-10,SZ000788,北大医药,6.61,2351401,595987425,595987425,393947.687925
2020-12-10,SZ000728,国元证券,8.7,48598170,4291290330,4363777891,3796486.76517
2020-12-10,SH600090,退市济堂,1.74,7139100,1439662945,1439662945,250501.35243
2020-12-10,SZ000731,四川美丰,5.01,3571922,591484352,591484352,296333.660352
2020-12-10,SH600075,新疆天业,6.8,39925336,972522352,1359727738,924614.86184
2020-12-10,SZ000828,东莞控股,10.42,29033242,1039515642,1039516992,1083176.705664
2020-12-10,SH600089,特变电工,8.15,40002397,3714312789,3714312789,3027164.923035
2020-12-10,SZ000800,一汽解放,11.79,16395446,764516311,4609666212,5434796.463948
2020-12-10,SH600106,重庆路桥,2.67,5689277,1329025062,1329025062,354849.691554
2020-12-10,SZ000782,恒申新材,3.44,2708100,528135152,528139623,181680.030312
2020-12-10,SH600097,开创国际,10.4,11847219,240936559,240936559,250574.02136
2020-12-10,SH600082,海泰发展,3.22,2506501,634289782,646115826,208049.295972
2020-12-10,SH600085,同仁堂,24.66,21198959,1371470262,1371470262,3382045.666092
2020-12-10,SZ000819,岳阳兴长,7.09,1038284,299150255,299150255,212097.530795
2020-12-10,SZ000752,ST西发,4.14,6955252,263758491,263758491,109196.015274
2020-12-10,SZ000838,财信发展,2.89,4318007,845929644,1100462170,318033.56713
2020-12-10,SZ000738,航发控制,19.92,16196809,1145632374,1145642349,2282119.559208
2020-12-10,SZ000753,漳州发展,2.98,6013829,991481071,991481071,295461.359158
2020-12-10,SZ000768,中航西飞,30.25,40652001,2768625846,2768645071,8375151.339775
2020-12-10,SH600093,退市易见,8.5,5172900,1122447500,1122447500,954080.375
2020-12-10,SZ000066,中国长城,14.63,37540945,2927811543,2928182053,4283930.343539
2020-12-10,SZ000755,山西高速,3.62,4156933,469264621,469264621,169873.792802
2020-12-10,SH600100,同方股份,6.4,9378682,2963898951,2963898951,1896895.32864
2020-12-10,SH600101,明星电力,5.66,1566952,421432670,421432670,238530.89122
2020-12-10,SH600078,澄星股份,4.23,3241002,662572861,662572861,280268.320203
2020-12-10,SH600081,东风科技,12.11,6046683,313560000,313560000,379721.16
2020-12-10,SH600103,青山纸业,2.12,55944898,2305817807,2305817807,488833.375084
2020-12-10,SZ000796,凯撒旅业,13.02,3434600,802598183,803000258,1045506.335916
2020-12-10,SZ000733,振华科技,42.92,7791323,514805618,514805618,2209545.712456
2020-12-10,SH600099,林海股份,6.52,2984001,219120000,219120000,142866.24
2020-12-10,SH600073,光明肉业,9.9,12821810,937729472,937729472,928352.17728
2020-12-10,SH600091,退市明科,2.2,1310400,437412524,437412524,96230.75528
2020-12-10,SZ000762,西藏矿业,12.35,20304652,520795518,520819240,643211.7614
2020-12-10,SH600095,湘财股份,14.39,32129150,361263565,2681990294,3859384.033066
2020-12-10,SZ000750,国海证券,5.41,105698277,5444520789,5444525514,2945488.303074
2020-12-10,SH600096,云天化,5.73,13543641,1321379138,1425916538,817050.176274
2020-12-10,SZ000777,中核科技,12.2,1770662,383406551,383417593,467769.46346
2020-12-10,SH600084,中信尼雅,2.37,9017497,1123726830,1123726830,266323.25871
2020-12-10,SZ000785,居然智家,8.13,1322167,251093698,6529036899,5308106.998887
2020-12-10,SZ000797,中国武夷,3.2,4131190,1563086667,1570998213,502719.42816
2020-12-10,SZ000729,燕京啤酒,8.38,22339718,2509443521,2818539341,2361935.967758
2020-12-10,SH600098,广州发展,6.12,7227011,2726196558,2726196558,1668432.293496
2020-12-10,SZ000799,酒鬼酒,115.62,9792732,324928980,324928980,3756828.86676
2020-12-10,SZ000868,安凯客车,4.2,12599402,695560053,733329168,307998.25056
2020-12-10,SZ000088,盐 田 港,6.43,7314078,2249161747,2249161747,1446211.003321
2020-12-10,SZ000793,*ST华闻,2.8,12574000,1961008615,1997245457,559228.72796
2020-12-10,SZ000783,长江证券,8.23,30123480,5529588127,5529588127,4550851.028521
2020-12-10,SH600116,三峡水利,8.47,3851200,993005502,1912142904,1619585.039688
2020-12-10,SZ000756,新华制药,9.83,1920829,426847845,621859447,611287.836401
2020-12-10,SH600109,国金证券,16.77,72645674,3024359310,3024359310,5071850.56287
2020-12-10,SZ000795,英洛华,5.54,7209900,1130649656,1133684103,628060.993062
2020-12-10,SZ000816,智慧农业,3.39,203758431,1336277472,1424503318,482906.624802
2020-12-10,SH600108,亚盛集团,3.39,36683645,1946915121,1946915121,660004.226019
2020-12-10,SH600128,苏豪弘业,6.94,2280102,246767500,246767500,171256.645
2020-12-10,SH600118,中国卫星,31.46,8572460,1182489135,1182489135,3720110.81871
2020-12-10,SZ000069,华侨城Ａ,6.8,29091462,7056748141,8201793915,5577219.8622
2020-12-10,SZ000789,万年青,14.16,6533044,797354771,797373678,1129081.128048
2020-12-10,SH600111,北方稀土,12.45,82526816,3633066000,3633066000,4523167.17
2020-12-10,SZ000836,ST富通,3.04,10254614,1208315049,1208455224,367370.388096
2020-12-10,SH600105,永鼎股份,3.82,48635473,1364709217,1364709217,521318.920894
2020-12-10,SH600110,诺德股份,7.68,28865946,1150312097,1397268615,1073102.29632
2020-12-10,SZ000823,超声电子,12.26,10914506,536920512,536966000,658320.316
2020-12-10,SZ000791,甘肃能源,3.67,14462670,1359548680,1359576680,498964.64156
2020-12-10,SH600117,西宁特钢,4.27,20208419,1045118252,1045118252,446265.493604
2020-12-10,SZ000818,航锦科技,18.63,6201089,677228500,689890000,1285265.07
2020-12-10,SZ000888,峨眉山Ａ,6.02,6030284,526913102,526913102,317201.687404
2020-12-10,SH600113,浙江东日,6.91,15270028,411431160,411431160,284298.93156
2020-12-10,SH600132,重庆啤酒,117.74,2144436,483971198,483971198,5698276.885252
2020-12-10,SZ000839,国安股份,2.57,15630961,3919826352,3919826352,1007395.372464
2020-12-10,SH600115,中国东航,4.83,29515941,9808485682,16379509203,7911302.945049
2020-12-10,SH600107,ST尔雅,8.54,2623817,360000000,360000000,307440
2020-12-10,SZ000848,承德露露,7.1,13731249,1076275559,1076419000,764257.49
2020-12-10,SH600129,太极集团,14.56,1454753,543891070,556890744,810832.923264
2020-12-10,SZ000063,中兴通讯,32.84,31550865,3475832306,4613434898,15150520.205032
2020-12-10,SH600104,上汽集团,23.76,44004806,11683461365,11683461365,27759904.20324
2020-12-10,SZ000899,赣能股份,4.53,3536429,975674006,975677760,441982.02528
2020-12-10,SH600112,*ST天成,1.35,2754500,509204846,509204846,68742.65421
2020-12-10,SH600120,浙江东方,6.41,16043726,2227940862,2227940862,1428110.092542
2020-12-10,SZ000829,天音控股,6.99,7820389,929328294,1032675249,721839.999051
2020-12-10,SH600138,中青旅,10.91,10170797,723840000,723840000,789709.44
2020-12-10,SZ000889,中嘉博创,5.6,9343315,869849677,936291116,524323.02496
2020-12-10,SZ000898,鞍钢股份,3.19,76056671,7993702743,9405250201,3000274.814119
2020-12-10,SH600121,郑州煤电,4.73,256863101,1218412038,1218412038,576308.893974
2020-12-10,SZ000802,北京文化,6.87,11221251,710971505,715900255,491823.475185
2020-12-10,SZ000761,本钢板材,3.34,4476819,3475371532,3875371532,1294374.091688
2020-12-10,SH600119,长江投资,8.04,1233600,307400000,307400000,247149.6
2020-12-10,SZ001896,豫能控股,3.82,5518076,1150587847,1150587847,439524.557554
2020-12-10,SH600135,乐凯胶片,6.86,2375900,372991735,553307099,379568.669914
2020-12-10,SZ000886,海南高速,5.28,18144414,971960198,988828300,522101.3424
2020-12-10,SH600133,东湖高新,5.85,8387801,775853074,795469152,465349.45392
2020-12-10,SZ000798,中水渔业,10.66,40029171,319389000,319455000,340539.03
2020-12-10,SH600009,上海机场,75,9974405,1093476397,1926958448,14452188.36
2020-12-10,SZ000429,粤高速Ａ,6.59,5778869,1302910534,2090806126,1377841.237034
2020-12-10,SH600139,*ST西源,3.26,17273898,661890508,661890508,215776.305608
2020-12-10,SH600136,ST明诚,7.73,5532304,486882186,584618623,451910.195579
2020-12-10,SZ000803,山高环能,13.89,145900,127730893,191090731,265425.025359
2020-12-10,SZ000876,新 希 望,24.46,63407555,4323337448,4504101656,11017032.650576
2020-12-10,SH600126,杭钢股份,5.64,17869179,3377189083,3377189083,1904734.642812
2020-12-10,SH600158,中体产业,13.84,30437704,657495392,959513067,1327966.084728
2020-12-10,SZ000790,华神科技,4.9,1804335,615911713,616360564,302016.67636
2020-12-10,SH600131,国网信通,17.89,6736096,495707224,1195394544,2138560.839216
2020-12-10,SZ000807,云铝股份,8.49,89702661,2606690725,3128206556,2655847.366044
2020-12-10,SH600137,浪莎股份,15.31,492200,97217588,97217588,148840.127228
2020-12-10,SZ000806,银河退,1.67,8139381,699303274,1099911762,183685.264254
2020-12-10,SZ000089,深圳机场,8.31,8494586,2050769509,2050769509,1704189.461979
2020-12-10,SH600122,*ST宏图,1.15,9078701,1158258350,1158258350,133199.71025
2020-12-10,SH600168,武汉控股,7.03,1348494,709569692,709569692,498827.493476
2020-12-10,SZ000858,五 粮 液,267.67,13410208,3795811143,3881608005,103899001.469835
2020-12-10,SH600127,金健米业,10.39,17933829,641783218,641783218,666812.763502
2020-12-10,SZ000801,四川九洲,5.8,5707942,1022806646,1022806646,593227.85468
2020-12-10,SH600125,铁龙物流,5.14,7786459,1305521874,1305521874,671038.243236
2020-12-10,SH600157,永泰能源,1.42,43999457,12425795326,12425795326,1764462.936292
2020-12-10,SZ000883,湖北能源,3.82,12271895,6504474811,6507449486,2485845.703652
2020-12-10,SZ000813,德展健康,6.1,22306265,2219869572,2241481800,1367303.898
2020-12-10,SH600150,中国船舶,18.76,14075921,1378117598,4472428758,8390276.350008
2020-12-10,SH600148,长春一东,14.38,1979400,141516450,141516450,203500.6551
2020-12-10,SH600159,大龙地产,2.59,4391901,830003232,830003232,214970.837088
2020-12-10,SH600156,华升股份,4.43,1799600,402110702,402110702,178135.040986
2020-12-10,SZ000811,冰轮环境,8.83,56615859,745821393,745837804,658574.780932
2020-12-10,SH600165,ST宁科,7.31,10919202,684883775,684883775,500650.039525
2020-12-10,SZ000810,创维数字,8.83,4822507,1022950501,1063360972,938947.738276
2020-12-10,SZ000878,云南铜业,15.37,30734066,1641882205,1699678560,2612405.94672
2020-12-10,SH600163,中闽能源,3.47,6202926,999465230,1689302988,586188.136836
2020-12-10,SH600166,福田汽车,3.19,188780124,6575192047,6575192047,2097486.262993
2020-12-10,SZ000065,北方国际,7.56,3511309,673092072,769515658,581753.837448
2020-12-10,SH600151,航天机电,7.37,13357126,1434252287,1434252287,1057043.935519
2020-12-10,SZ000815,美利云,6.03,15026265,695263035,695263035,419243.610105
2020-12-10,SH600152,维科技术,6.94,6974744,303325190,420920087,292118.540378
2020-12-10,SH600162,香江控股,1.97,15151386,3395781424,3395781424,668968.940528
2020-12-10,SH600161,天坛生物,39.87,11674466,1254440168,1254440168,5001452.949816
2020-12-10,SZ000809,和展能源,2.08,6000555,824791293,824791293,171556.588944
2020-12-10,SZ000882,华联股份,1.96,8273040,2737348016,2737351947,536520.981612
2020-12-10,SH600153,建发股份,9.08,15673224,2835200530,2863552530,2600105.69724
2020-12-10,SH600170,上海建工,3.04,26563867,8904397728,8904397728,2706936.909312
2020-12-10,SZ000812,陕西金叶,3.35,49479059,670303990,768692614,257512.02569
2020-12-10,SZ000821,ST京机,7.59,15410466,457006641,538235280,408520.57752
2020-12-10,SH600160,巨化股份,7.39,23270645,2699746081,2699746081,1995112.353859
2020-12-10,SH600188,兖矿能源,10.91,49771042,2959879500,4860000000,5302260
2020-12-10,SH600180,瑞茂通,5.94,1191600,1016477464,1016477464,603787.613616
2020-12-10,SZ000822,山东海化,3.71,5824900,895091926,895091926,332079.104546
2020-12-10,SH600196,复星医药,54.84,47632001,2010958045,2562898545,14054935.62078
2020-12-10,SZ000830,鲁西化工,12.93,30416515,1464043385,1464860778,1894064.985954
2020-12-10,SH600199,金种子酒,11.38,88347360,606469391,657796824,748572.785712
2020-12-10,SZ000856,冀东装备,7.89,1563400,227000000,227000000,179103
2020-12-10,SH600186,莲花控股,2.88,16788052,1379923955,1379923955,397418.09904
2020-12-10,SZ000881,中广核技,8.99,3187164,691733536,945425815,849937.807685
2020-12-10,SH600169,ST太重,2.09,30393381,2563955000,2563955000,535866.595
2020-12-10,SZ000862,银星能源,4.53,83322783,501352890,706118997,319871.905641
2020-12-10,SH600155,华创云信,13.14,51973883,1739556648,1739556648,2285777.435472
2020-12-10,SH600171,上海贝岭,15.27,11627454,673807773,704121614,1075193.704578
2020-12-10,SZ000581,威孚高科,23.76,8374230,816940552,1008950570,2397266.55432
2020-12-10,SZ000837,秦川机床,7.45,5790199,693094024,693370910,516561.32795
2020-12-10,SZ000850,华茂股份,4.38,29371492,943382489,943665009,413325.273942
2020-12-10,SH600189,泉阳泉,9.3,52228703,562801649,715197812,665133.96516
2020-12-10,SH600178,东安动力,8.42,18787620,462080000,462080000,389071.36
2020-12-10,SZ000825,太钢不锈,3.68,18567211,5696176066,5696247796,2096219.188928
2020-12-10,SH600198,大唐电信,11.68,25250349,880454735,882108472,1030302.695296
2020-12-10,SH600183,生益科技,27.96,31574469,2289960471,2289960471,6402729.476916
2020-12-10,SZ000861,海印股份,2.87,81705913,2167693125,2325445588,667402.883756
2020-12-10,SZ000860,顺鑫农业,63.32,9722678,741766989,741766989,4696868.574348
2020-12-10,SH600179,安通控股,4.15,233100,3564945567,4364286051,1811178.711165
2020-12-10,SZ000833,粤桂股份,4.65,1872027,378085022,668401851,310806.860715
2020-12-10,SZ000859,国风新材,5.34,11516050,739312480,739449730,394866.15582
2020-12-10,SH600177,雅戈尔,7.16,14708684,4629002973,4629002973,3314366.128668
2020-12-10,SZ000852,石化机械,4.64,1678539,777604997,777604997,360808.718608
2020-12-10,SH600172,黄河旋风,3.33,20491955,1224222286,1442184476,480247.430508
2020-12-10,SH600218,全柴动力,9.84,8078441,368755000,368755000,362854.92
2020-12-10,SZ000887,中鼎股份,12,14892974,1218109106,1220836529,1465003.8348
2020-12-10,SH600191,华资实业,6.16,38896164,484932000,484932000,298718.112
2020-12-10,SZ000895,双汇发展,46.7,9892440,1343445191,3464661213,16179967.86471
2020-12-10,SH600123,兰花科创,5.62,22445095,1142400000,1142400000,642028.8
2020-12-10,SZ000078,海王生物,4.03,12066686,2621199543,2750833257,1108585.802571
2020-12-10,SH600192,长城电工,4.99,3874347,441748000,441748000,220432.252
2020-12-10,SZ000893,亚钾国际,8.54,8857246,399837600,756903272,646395.394288
2020-12-10,SH600195,中牧股份,12.69,20885541,1015610601,1015610601,1288809.852669
2020-12-10,SZ000877,天山股份,15.25,12996074,880094899,1048722959,1599302.512475
2020-12-10,SZ000892,欢瑞世纪,3.02,3296400,538176216,980980473,296256.102846
2020-12-10,SH600201,生物股份,22.36,11122597,1119961241,1126240241,2518273.178876
2020-12-10,SZ000890,法尔胜,2.69,1951405,379594602,379641600,102123.5904
2020-12-10,SH600228,*ST返利,11.89,4002983,241320000,241320000,286929.48
2020-12-10,SZ000900,现代投资,4.06,25514876,1517214416,1517828334,616238.303604
2020-12-10,SH600167,联美控股,12.41,5328175,2288119475,2288119475,2839556.268475
2020-12-10,SH600266,城建发展,5.47,3383543,2256537600,2256537600,1234326.0672
2020-12-10,SZ000908,*ST景峰,5.62,27291772,723338504,879774351,494433.185262
2020-12-10,SZ000928,中钢国际,4.08,5613898,1256662942,1256662942,512718.480336
2020-12-10,SH600007,中国国贸,12.86,880702,1007282534,1007282534,1295365.338724
2020-12-10,SH600206,有研新材,14.22,12376451,841477732,846620932,1203894.965304
2020-12-10,SZ000917,电广传媒,5.31,2943068,1295200789,1417556338,752722.415478
2020-12-10,SH600209,退市罗顿,4.91,1249000,439011169,439011169,215554.483979
2020-12-10,SH600200,退市苏吴,5.65,13865307,712388832,712388832,402499.69008
2020-12-10,SZ000901,航天科技,9.85,6377611,762848553,798201406,786228.38491
2020-12-10,SZ000902,新洋丰,13.65,8335795,1186309098,1304529290,1780682.48085
2020-12-10,SH600173,卧龙新能,4.87,1397411,700416244,700989244,341381.761828
2020-12-10,SZ000903,ST云动,4.11,31068600,1767232428,1970800857,809999.152227
2020-12-10,SH600176,中国巨石,16.68,0,3502306849,3502306849,5841847.824132
2020-12-10,SZ000897,津滨发展,2.51,7032376,1617244634,1617272234,405935.330734
2020-12-10,SH600359,新农开发,8.07,8714003,381512820,381512820,307880.84574
2020-12-10,SZ000905,厦门港务,7,4011646,530998500,625191522,437634.0654
2020-12-10,SZ000909,ST数源,8.06,1451185,312352464,378753525,305275.34115
2020-12-10,SH600203,福日电子,10.73,14676340,456447120,456447120,489767.75976
2020-12-10,SZ000913,钱江摩托,26.65,5070541,453536000,453536000,1208673.44
2020-12-10,SH600193,*ST创兴,4.91,1401756,425373000,425373000,208858.143
2020-12-10,SZ000911,广农糖业,7.74,3048221,324080937,324080937,250838.645238
2020-12-10,SZ000912,泸天化,4.04,3442100,1568000000,1568000000,633472
2020-12-10,SH600202,哈空调,4.28,2228940,383340672,383340672,164069.807616
2020-12-10,SH600190,退市锦港,2.92,2634849,1779484530,2002291500,584669.118
2020-12-10,SZ000915,华特达因,25.16,1317811,234161315,234331485,589578.01626
2020-12-10,SH600185,珠免集团,7.49,40442624,2061091430,2061091430,1543757.48107
2020-12-10,SZ000925,众合科技,6.61,5537056,530680490,543489381,359246.480841
2020-12-10,SZ000920,沃顿科技,7.87,4832453,421821575,422000000,332114
2020-12-10,SH600141,兴发集团,11.72,9938515,743191541,1119392663,1311928.201036
2020-12-10,SZ000922,佳电股份,7.68,7309172,582363502,598396053,459568.168704
2020-12-10,SZ000926,福星股份,5.13,5103680,946409258,962462474,493743.249162
2020-12-10,SH600208,衢州发展,3.2,28993089,8598171921,8599343536,2751789.93152
2020-12-10,SZ000929,*ST兰黄,9.29,8488994,185754223,185766000,172576.614
2020-12-10,SZ000835,长动退,1.95,23210506,302895000,326760374,63718.27293
2020-12-10,SZ000910,大亚圣象,17.76,9409158,547152500,547397500,972177.96
2020-12-10,SH600146,退市环球,1.41,9804594,469970000,469970000,66265.77
2020-12-10,SZ000906,浙商中拓,6.8,3269045,661511654,674436311,458616.69148
2020-12-10,SZ000930,中粮科技,8.73,17478621,964411115,1865763788,1628811.786924
2020-12-10,SZ000931,中 关 村,7.42,1974138,746191907,753126982,558820.220644
2020-12-10,SZ000921,海信家电,14.7,5227982,902123060,1362725370,2003206.2939
2020-12-10,SZ000923,河钢资源,26.57,20893830,627893854,652728961,1734300.849377
2020-12-10,SH600207,安彩高科,5.75,9941200,862955974,862955974,496199.68505
2020-12-10,SZ000918,*ST嘉凯,4.16,2463202,1804191500,1804191500,750543.664
2020-12-10,SZ000090,天健集团,6.48,6421071,1868295089,1868545434,1210817.441232
2020-12-10,SH600211,西藏药业,63.27,6093197,247937843,247937843,1568702.732661
2020-12-10,SZ000927,中国铁物,4.19,8563105,1595170960,5571801435,2334584.801265
2020-12-10,SH600006,东风股份,5.72,40123742,2000000000,2000000000,1144000
2020-12-10,SZ000932,华菱钢铁,5.2,67985395,4221730353,6129077211,3187120.14972
2020-12-10,SZ000936,华西股份,8.24,25336279,885374639,886012887,730074.618888
2020-12-10,SH600212,绿能慧充,3.03,2577800,511697213,511697213,155044.255539
2020-12-10,SZ000935,四川双马,13.27,1850641,763436593,763440333,1013085.321891
2020-12-10,SH600210,紫江企业,4.35,9485141,1516736158,1516736158,659780.22873
2020-12-10,SZ000933,神火股份,7.83,75170191,1900457400,1900500000,1488091.5
2020-12-10,SH600215,派斯林,5.55,1215951,465032880,465032880,258093.2484
2020-12-10,SZ000937,冀中能源,3.95,29818648,2906599842,3533546850,1395751.00575
2020-12-10,SH600197,伊力特,25.7,70038893,434616331,434616331,1116963.97067
2020-12-10,SH600145,退市新亿,1.55,2702520,1491100380,1491100380,231120.5589
2020-12-10,SH600220,ST阳光,2.86,26653710,1783340326,1783340326,510035.333236
2020-12-10,SZ000948,南天信息,10.42,2349430,320454382,381165677,397174.635434
2020-12-10,SH600149,廊坊发展,4.78,1764700,380160000,380160000,181716.48
2020-12-10,SZ000949,新乡化纤,3.31,21727392,1257077352,1257656049,416284.152219
2020-12-10,SH600216,浙江医药,14.1,14809955,965123725,965128000,1360830.48
2020-12-10,SZ000938,紫光股份,21.4,19161309,2860079874,2860079874,6120570.93036
2020-12-10,SH600222,太龙药业,5.35,3978798,573886283,573886283,307029.161405
2020-12-10,SH600000,浦发银行,9.82,39400878,29352134127,29352134127,28823795.712714
2020-12-10,SZ000952,广济药业,8.18,1461125,301435271,346995039,283841.941902
2020-12-10,SH600226,亨通股份,1.9,29029020,2449908106,3129012583,594512.39077
2020-12-10,SZ000919,金陵药业,7.5,40815394,502782070,504000000,378000
2020-12-10,SH600268,国电南自,7.1,8046361,635246434,695265184,493638.28064
2020-12-10,SH600221,海航控股,1.56,171329913,16436002728,16806120330,2621754.77148
2020-12-10,SZ000953,河化股份,4.82,1467400,294059437,366122195,176470.89799
2020-12-10,SH600239,云南城投,2.68,19570417,1605686909,1605686909,430324.091612
2020-12-10,SZ000955,欣龙控股,7.08,6370350,537597100,538395000,381183.66
2020-12-10,SH600217,中再资环,5.7,18990390,1388659782,1388659782,791536.07574
2020-12-10,SZ000959,首钢股份,3.98,15767692,5057103246,5289389600,2105177.0608
2020-12-10,SZ000958,电投产融,4.43,6003700,1099032476,5383418520,2384854.40436
2020-12-10,SH600219,南山铝业,2.66,99865344,11950481520,11950481520,3178828.08432
2020-12-10,SZ000957,中通客车,7.84,15576664,592892704,592903936,464836.685824
2020-12-10,SH600223,福瑞达,11.17,22078514,1008830903,1008830903,1126864.118651
2020-12-10,SZ000962,东方钽业,8.09,5200009,440831060,440832644,356633.608996
2020-12-10,SH600238,*ST椰岛,5.91,3766851,445001580,448200000,264886.2
2020-12-10,SZ000963,华东医药,28.67,10784922,1749784303,1749809548,5016703.974116
2020-12-10,SZ000960,锡业股份,10.74,18044440,1668776379,1668776379,1792265.831046
2020-12-10,SH600227,赤天化,2.83,5907100,1278179547,1693134201,479156.978883
2020-12-10,SH600500,中化国际,5.16,15923240,2707916472,2761156472,1424756.739552
2020-12-10,SZ000961,ST中南,9.32,17095404,3752292470,3766642797,3510511.086804
2020-12-10,SH600229,城市传媒,6.91,1233899,702096010,702096010,485148.34291
2020-12-10,SZ000999,华润三九,26.12,3491263,978395308,978900000,2556886.8
2020-12-10,SZ000966,长源电力,3.73,8137854,1108284080,1108284080,413389.96184
2020-12-10,SH600236,桂冠电力,4.41,7024420,7882377802,7882377802,3476128.610682
2020-12-10,SZ000967,盈峰环境,8.88,5573350,2004705502,3163062146,2808799.185648
2020-12-10,SH600230,沧州大化,9.31,2373020,411863502,411863502,383444.920362
2020-12-10,SZ000965,天保基建,3.15,2200660,1109830895,1109830895,349596.731925
2020-12-10,SZ000518,*ST四环,4.65,7555800,1029535693,1029556222,478743.64323
2020-12-10,SZ000970,中科三环,9.73,10778212,1065200000,1065200000,1036439.6
2020-12-10,SH600299,安迪苏,12.41,5930184,2681901273,2681901273,3328239.479793
2020-12-10,SH600008,首创环保,2.94,27963971,7340590677,7340590677,2158133.659038
2020-12-10,SZ000971,*ST高升,2.44,2407600,805728157,1055307925,257495.1337
2020-12-10,SZ000070,特发信息,10.04,6209813,795224866,816559217,819825.453868
2020-12-10,SH600231,凌钢股份,2.46,71368542,2771082743,2771082743,681686.354778
2020-12-10,SH600269,赣粤高速,3.43,8946100,2335407014,2335407014,801044.605802
2020-12-10,SZ000978,桂林旅游,4.69,1815500,360053425,360100000,168886.9
2020-12-10,SZ000973,佛塑科技,4.62,8754781,967399968,967423171,446949.505002
2020-12-10,SH600256,广汇能源,2.96,23866288,6754032780,6754032780,1999193.70288
2020-12-10,SZ000301,东方盛虹,10,15066273,1260792182,4834863866,4834863.866
2020-12-10,SZ000969,安泰科技,6.8,9390004,1000831205,1026008097,697685.50596
2020-12-10,SH600258,首旅酒店,24.02,6064777,978891302,987715462,2372492.539724
2020-12-10,SZ000976,*ST华铁,5.51,11821046,1594400916,1595678796,879219.016596
2020-12-10,SH600232,金鹰股份,5.94,1911595,364718544,364718544,216642.815136
2020-12-10,SZ000988,华工科技,23.88,13071897,1005075732,1005502707,2401140.464316
2020-12-10,SH600233,圆通速递,13.24,9964301,3157644396,3159830675,4183615.8137
2020-12-10,SZ000977,浪潮信息,28.1,16221091,1452808551,1453721310,4084956.8811
2020-12-10,SZ000975,山金国际,8.86,21898397,1734198010,2776722265,2460175.92679
2020-12-10,SH600237,铜峰电子,4.91,67900984,564369565,564369565,277105.456415
2020-12-10,SH600257,大湖股份,6.23,170104971,481237188,481237188,299810.768124
2020-12-10,SH600235,民丰特纸,5.73,39378714,351300000,351300000,201294.9
2020-12-10,SH600234,科新发展,9.2,97023,202445880,202445880,186250.2096
2020-12-10,SZ000980,众泰汽车,1.48,14681700,1245944713,2027671288,300095.350624
2020-12-10,SZ000968,蓝焰控股,7.95,4592694,967327670,967502660,769164.6147
2020-12-10,SZ000989,九芝堂,8.36,2651431,588757592,869354236,726780.141296
2020-12-10,SH600262,北方股份,17.51,546000,170000000,170000000,297670
2020-12-10,SH600300,维维股份,4.23,115599163,1672000000,1672000000,707256
2020-12-10,SH600130,*ST波导,3.97,8137500,768000000,768000000,304896
2020-12-10,SZ000982,中银绒业,1.13,14745919,4261877053,4261877053,481592.106989
2020-12-10,SZ000990,诚志股份,13.2,3910300,834025091,1253011919,1653975.73308
2020-12-10,SH600260,*ST凯乐,11.33,8057599,972573474,997181220,1129806.32226
2020-12-10,SH600278,东方创业,9.26,2580473,522241739,711786907,659114.675882
2020-12-10,SH600301,华锡有色,6.56,913451,235148140,235148140,154257.17984
2020-12-10,SZ000996,中期退,9.4,5405528,345000000,345000000,324300
2020-12-10,SZ000987,越秀资本,14.71,50240908,2667288007,2752884754,4049493.473134
2020-12-10,SH600018,上港集团,4.47,26085449,23173674650,23173674650,10358632.56855
2020-12-10,SH600289,ST信通,3.94,2206008,565922684,631052069,248634.515186
2020-12-10,SH600261,阳光照明,4.05,17463168,1452102930,1452102930,588101.68665
2020-12-10,SZ000096,广聚能源,9.9,541122,510848000,528000000,522720
2020-12-10,SZ000158,常山北明,6.98,23966867,1573483915,1598616721,1115834.471258
2020-12-10,SH600267,海正药业,16.17,4067502,965531842,965531842,1561264.988514
2020-12-10,SH600277,ST亿利,3.22,13950144,2738940149,2738940149,881938.727978
2020-12-10,SZ000985,大庆华科,14.07,1527900,129639500,129639500,182402.7765
2020-12-10,SZ000983,山西焦煤,5.78,147787055,4096556958,4096560000,2367811.68
2020-12-10,SZ000099,中信海直,7.28,2982873,606070420,606070420,441219.26576
2020-12-10,SH600291,退市西水,5.94,42790775,1093064378,1093064378,649280.240532
2020-12-10,SZ000993,闽东电力,6.04,2598800,373000000,457951455,276602.67882
2020-12-10,SH600279,重庆港,3.74,2093100,692958572,1186866283,443887.989842
2020-12-10,SZ000150,*ST宜康,3.13,27285690,805990242,877697557,274719.335341
2020-12-10,SZ000997,新 大 陆,15.47,6808474,1016025066,1050441717,1625033.336199
2020-12-10,SH600275,退市昌鱼,2.67,2853582,508837238,508837238,135859.542546
2020-12-10,SH600298,安琪酵母,48.76,11730892,824080943,824080943,4018218.678068
2020-12-10,SH600265,ST景谷,16.52,105210,129800000,129800000,214429.6
2020-12-10,SH600287,苏豪时尚,5.89,2935100,436796074,436796074,257272.887586
2020-12-10,SZ000151,中成股份,8.73,2636388,266543967,295980000,258390.54
2020-12-10,SH600282,南钢股份,3.3,79419788,4447105958,6145269731,2027939.01123
2020-12-10,SH600293,三峡新材,2.51,13392450,1160145046,1160145046,291196.406546
2020-12-10,SZ000153,丰原药业,8.07,2179231,311977230,312141230,251897.97261
2020-12-10,SH600358,ST联合,3.15,1056200,504936660,504936660,159055.0479
2020-12-10,SH600246,万通发展,7.42,16651482,2054009302,2054009302,1524074.902084
2020-12-10,SZ000159,国际实业,5.43,7869536,480685993,480685993,261012.494199
2020-12-10,SH600280,中央商场,2.61,2975700,1148334872,1148334872,299715.401592
2020-12-10,SZ000972,*ST中基,2.51,1483501,771283579,771283579,193592.178329
2020-12-10,SH600308,华泰股份,5.39,15515344,1167561419,1167561419,629315.604841
2020-12-10,SZ000157,中联重科,9.83,132034033,6461215302,7919058698,7784434.700134
2020-12-10,SH600283,钱江水利,10.43,976500,352995758,352995758,368174.575594
2020-12-10,SH600276,恒瑞医药,89,17235143,5295737921,5331717041,47452281.6649
2020-12-10,SH600285,羚锐制药,9.11,2338874,567808992,567808992,517273.991712
2020-12-10,SZ000869,张  裕Ａ,44.65,14468136,453460800,685464000,3060596.76
2020-12-10,SH600366,宁波韵升,6.6,17114524,989113721,989113721,652815.05586
2020-12-10,SH600292,电投水电,5.55,3350558,780816890,780816890,433353.37395
2020-12-10,SH600290,*ST华仪,2.05,11826519,759903511,759903511,155780.219755
2020-12-10,SH600281,华阳新材,4.19,14285531,514402025,514402025,215534.448475
2020-12-10,SH600297,广汇汽车,3.36,42393583,8110301750,8110301750,2725061.388
2020-12-10,SH600243,*ST海华,2.63,337825,438850000,438850000,115417.55
2020-12-10,SZ000488,ST晨鸣,6.32,49159551,1659372085,2984208200,1886019.5824
2020-12-10,SH600255,鑫科材料,1.88,21069300,1769593555,1769593555,332683.58834
2020-12-10,SH600247,*ST成城,1.6,6558567,336441600,336441600,53830.656
2020-12-10,SH600337,美克家居,4.9,11022726,1766772736,1766772736,865718.64064
2020-12-10,SH600241,时代万恒,3.38,1148300,251567072,294302115,99474.11487
2020-12-10,SH600288,大恒科技,11.09,1394568,436800000,436800000,484411.2
2020-12-10,SH600252,中恒集团,3.18,8014567,3475107147,3475107147,1105084.072746
2020-12-10,SH600422,昆药集团,9.2,3925848,757383069,758387769,697716.74748
2020-12-10,SH600318,新力金融,10.22,17861796,504209477,513364429,524658.446438
2020-12-10,SH600333,长春燃气,5.84,80553801,609030684,609030684,355673.919456
2020-12-10,SZ000998,隆平高科,17.49,25286406,969394389,1316970298,2303381.051202
2020-12-10,SH600019,宝钢股份,6.16,160216703,22155982625,22269447650,13717979.7524
2020-12-10,SH600302,标准股份,4.42,2534600,346009804,346009804,152936.333368
2020-12-10,SH600316,洪都航空,36.85,21022334,717114512,717114512,2642566.97672
2020-12-10,SH600038,中直股份,51.55,8144604,589476716,589476716,3038752.47098
2020-12-10,SH600016,民生银行,5.3,79535015,35462123213,43782418502,23204681.80606
2020-12-10,SH600307,酒钢宏兴,1.68,91326466,6263357424,6263357424,1052244.047232
2020-12-10,SH600368,五洲交通,3.59,5313716,1125632068,1125632068,404101.912412
2020-12-10,SH600320,振华重工,3.07,4792642,3321997661,5268353501,1617384.524807
2020-12-10,SH600328,中盐化工,6.7,6622952,559611620,957664592,641635.27664
2020-12-10,SH600345,长江通信,18.9,1019100,198000000,198000000,374220
2020-12-10,SH600323,瀚蓝环境,23.23,2657776,766264018,766264018,1780031.313814
2020-12-10,SZ000726,鲁  泰Ａ,6.87,2761770,561255850,858121541,589529.498667
2020-12-10,SH600339,中油工程,2.98,20047124,5583147471,5583147471,1663777.946358
2020-12-10,SH600306,退市商城,5.66,5090030,177455496,178138918,100826.627588
2020-12-10,SH600303,曙光股份,4.65,27540515,675604211,675604211,314155.958115
2020-12-10,SH600338,西藏珠峰,9.27,17425166,914210168,914210168,847472.825736
2020-12-10,SH600398,海澜之家,6.62,8975573,4319589640,4319589640,2859568.34168
2020-12-10,SH600399,抚顺特钢,12.22,14564953,1972100000,1972100000,2409906.2
2020-12-10,SH600336,澳柯玛,9.7,97308233,783851569,799183269,775207.77093
2020-12-10,SH600388,龙净环保,9.59,17165193,1069052325,1069052325,1025221.179675
2020-12-10,SH600309,万华化学,82.12,11530855,1423756420,3139746626,25783599.292712
2020-12-10,SH600400,红豆股份,3.2,5117300,2533256912,2533256912,810642.21184
2020-12-10,SH600369,西南证券,5.15,27044434,5645109124,6645109124,3422231.19886
2020-12-10,SH600389,江山股份,21.76,1934331,297000000,297000000,646272
2020-12-10,SH600378,昊华科技,21.62,3595305,356631950,917229657,1983050.518434
2020-12-10,SZ000725,京东方Ａ,5.18,696977191,33858753464,34798398763,18025570.559234
2020-12-10,SH600365,ST通葡,2.48,15440040,400000000,400000000,99200
2020-12-10,SH600390,五矿资本,6.99,14768982,4498065459,4498065459,3144147.755841
2020-12-10,SH600377,宁沪高速,9.51,3699992,3799766821,5037747500,4790897.8725
2020-12-10,SH600326,西藏天路,7.49,6123390,918525707,918525707,687975.754543
2020-12-10,SH600382,广东明珠,5.85,38540453,788933815,788933815,461526.281775
2020-12-10,SH600330,天通股份,9.65,21913107,996565730,996565730,961685.92945
2020-12-10,SH600332,白云山,30.5,4040854,1405890949,1625790949,4958662.39445
2020-12-10,SH600305,恒顺醋业,23.02,14702632,1002956032,1002956032,2308804.785664
2020-12-10,SH600037,歌华有线,10.3,6495695,1391777884,1391777884,1433531.22052
2020-12-10,SH600033,福建高速,2.65,13989503,2744400000,2744400000,727266
2020-12-10,SH600466,*ST蓝光,4.97,12968600,3034930435,3034930435,1508360.426195
2020-12-10,SH600386,北巴传媒,3.73,3856889,806400000,806400000,300787.2
2020-12-10,SH600312,平高电气,7.25,41608845,1356921309,1356921309,983767.949025
2020-12-10,SH600558,大西洋,3.37,32525815,897604831,897604831,302492.828047
2020-12-10,SH600272,开开实业,7.63,793800,160000000,243000000,185409
2020-12-10,SH600550,保变电气,4.7,8674343,1534607067,1841528480,865518.3856
2020-12-10,SH600310,广西能源,3.89,4973200,827775000,827775000,322004.475
2020-12-10,SH600335,国机汽车,6.21,21197890,1029736837,1456875351,904719.592971
2020-12-10,SH600250,南京商旅,5.99,3346402,258692460,310593879,186045.733521
2020-12-10,SH600010,包钢股份,1.19,241603100,31677211587,45585032648,5424618.885112
2020-12-10,SH600376,首开股份,6.15,2829831,2579565242,2579565242,1586432.62383
2020-12-10,SH600315,上海家化,38.95,3283502,671248461,677969461,2640691.050595
2020-12-10,SH600360,*ST华微,8.73,117070953,960295304,960295304,838337.800392
2020-12-10,SH600393,ST粤泰,2.97,16215600,988205552,2536247870,753265.61739
2020-12-10,SH600518,康美药业,2.9,17467902,4408786966,4973861675,1442419.88575
2020-12-10,SH600367,红星发展,7.74,8196796,291200000,295652150,228834.7641
2020-12-10,SH600319,亚星化学,4.78,611900,315594000,315594000,150853.932
2020-12-10,SH600555,退市海创,1.64,4954100,973500000,1303500000,213774
2020-12-10,SH600396,华电辽能,2.4,6218500,1472706817,1472706817,353449.63608
2020-12-10,SH600363,联创光电,23.4,21354196,443476750,443476750,1037735.595
2020-12-10,SH600383,金地集团,14.08,26229958,4514583572,4514583572,6356533.669376
2020-12-10,SH600356,恒丰纸业,8.25,988200,298731378,298731378,246453.38685
2020-12-10,SH600295,鄂尔多斯,10.67,25951781,652540540,1427947069,1523619.522623
2020-12-10,SH600381,*ST春天,6.86,54257880,587060741,587060741,402723.668326
2020-12-10,SH600588,用友网络,44.63,9378163,3250447976,3270195732,14594883.551916
2020-12-10,SH600568,ST中珠,1.53,6687820,1564948288,1992869681,304909.061193
2020-12-10,SH600321,正源股份,2.27,50398859,1510550000,1510550000,342894.85
2020-12-10,SH600528,中铁工业,9.13,4487631,2221551588,2221551588,2028276.599844
2020-12-10,SH600395,盘江股份,7.87,33901533,1655051861,1655051861,1302525.814607
2020-12-10,SH600329,达仁堂,16.69,2176466,565868076,773643076,1291210.293844
2020-12-10,SH600380,健康元,14.63,9986409,1950787472,1950787472,2854002.071536
2020-12-10,SH600589,大位科技,3.65,4988400,704033281,704033281,256972.147565
2020-12-10,SH600468,百利电气,4.5,6458050,1121895038,1121895038,504852.7671
2020-12-10,SH600501,航天晨光,10,4437650,421283600,421283600,421283.6
2020-12-10,SH600488,津药药业,4.93,3578100,987061304,1100906680,542746.99324
2020-12-10,SH600311,*ST荣华,1.64,15245199,665600000,665600000,109158.4
2020-12-10,SH600419,天润乳业,15.2,5259746,268599337,268599337,408270.99224
2020-12-10,SH600530,交大昂立,2.9,3194703,780000000,780000000,226200
2020-12-10,SH600028,中国石化,4.06,73559154,95557771046,121071209646,49154911.116276
2020-12-10,SH600569,安阳钢铁,2.43,121706489,2393684489,2872421386,697998.396798
2020-12-10,SH600346,恒力石化,24.54,19571929,4631935609,7039099786,17273950.874844
2020-12-10,SH600566,济川药业,21.82,2183525,814927365,888257218,1938177.249676
2020-12-10,SH600498,烽火通信,23.58,6692208,1131541577,1170152750,2759220.1845
2020-12-10,SH600418,江淮汽车,11.13,289149183,1893312117,1893312117,2107256.386221
2020-12-10,SH600539,狮头股份,7.03,155840,230000000,230000000,161690
2020-12-10,SH600519,贵州茅台,1832.9,3265354,1256197800,1256197800,230248494.762
2020-12-10,SH600599,*ST熊猫,5.47,2161200,166000000,166000000,90802
2020-12-10,SH600508,上海能源,9.56,6118704,722718000,722718000,690918.408
2020-12-10,SH600448,华纺股份,3.88,5948761,629819662,629819662,244370.028856
2020-12-10,SH600596,新安股份,12.71,76559014,699865633,788100633,1001675.904543
2020-12-10,SH600322,津投城开,2.48,8187872,1105700000,1105700000,274213.6
2020-12-10,SH600361,创新新材,4.24,3466716,665807918,665807918,282302.557232
2020-12-10,SH600011,华能国际,4.74,16526855,10997709919,15698093359,7440896.252166
2020-12-10,SH600391,航发科技,23.05,8164725,330129367,330129367,760948.190935
2020-12-10,SH600567,山鹰国际,3.16,41638315,4595590029,4595590029,1452206.449164
2020-12-10,SH600331,宏达股份,2.75,79961145,2032000000,2032000000,558800
2020-12-10,SH600548,深高速,9.08,3324318,1433270326,2180770326,1980139.456008
2020-12-10,SH600506,统一股份,10.05,3779376,147706873,147706873,148445.407365
2020-12-10,SH600523,贵航股份,15.91,3861441,404044620,404311320,643259.31012
2020-12-10,SH600520,三佳科技,7.74,2342904,158430000,158430000,122624.82
2020-12-10,SH600362,江西铜业,20.47,54358201,2075247405,3462729405,7088207.092035
2020-12-10,SH600379,宝光股份,5.5,2154780,330201564,330201564,181610.8602
2020-12-10,SH600317,营口港,2.58,10899323,6472983003,6472983003,1670029.614774
2020-12-10,SH600583,海油工程,4.42,16738447,4421354800,4421354800,1954238.8216
2020-12-10,SH600585,海螺水泥,52.91,16007381,3999702579,5299302579,28038609.945489
2020-12-10,SH600509,天富能源,5.37,160409264,1151415017,1151415017,618309.864129
2020-12-10,SH600373,中文传媒,11.28,5226582,1355063719,1355063719,1528511.875032
2020-12-10,SH600350,山东高速,6.53,9681525,4811165857,4811165857,3141691.304621
2020-12-10,SH600533,栖霞建设,3.3,11763600,1050000000,1050000000,346500
2020-12-10,SH600598,北大荒,17.03,12461625,1777679909,1777679909,3027388.885027
2020-12-10,SH600036,招商银行,44.28,36887355,20628944429,25219845601,111673476.321228
2020-12-10,SH600456,宝钛股份,41.29,7875028,430265700,430265700,1776567.0753
2020-12-10,SH600855,航天长峰,13.63,3037894,340931629,438536633,597725.430779
2020-12-10,SH600428,中远海特,3.91,35395335,2146650771,2146650771,839340.451461
2020-12-10,SH600486,扬农化工,119.79,1362587,309898907,309898907,3712279.006953
2020-12-10,SH600833,第一医药,10.53,886820,223086347,223086347,234909.923391
2020-12-10,SH600837,海通证券,12.75,89503226,8092131180,13064200000,16656855
2020-12-10,SH600415,小商品城,5.35,11335691,5443214176,5443214176,2912119.58416
2020-12-10,SH600578,京能电力,2.98,2995246,6746734457,6746734457,2010526.868186
2020-12-10,SH600582,天地科技,3.19,19405198,4138588892,4138588892,1320209.856548
2020-12-10,SH600536,中国软件,73.94,9203469,494562782,494562782,3656797.210108
2020-12-10,SH600083,*ST博信,6.45,1180900,227993326,230000000,148350
2020-12-10,SH600845,宝信软件,64.1,4858426,836369810,1155615252,7407493.76532
2020-12-10,SH600026,中远海能,6.53,16316359,2736032861,4762691885,3110037.800905
2020-12-10,SH600505,西昌电力,6.82,1546700,364567500,364567500,248635.035
2020-12-10,SH600529,山东药玻,49.91,40480008,594967747,594967747,2969484.025277
2020-12-10,SH600496,精工钢构,5.42,18600533,1510445200,2012874349,1090977.897158
2020-12-10,SH600580,卧龙电驱,14.11,31927515,1306619586,1307942586,1845506.988846
2020-12-10,SH600355,*ST精伦,2.91,9896592,492089200,492089200,143197.9572
2020-12-10,SH600510,黑牡丹,7.22,3730001,1047095025,1047095025,756002.60805
2020-12-10,SH600426,华鲁恒升,34.64,12235898,1620329750,1626659750,5634749.374
2020-12-10,SZ000411,英特集团,21.16,21082496,207322071,248939935,526756.90246
2020-12-10,SH600327,大东方,4.55,29090458,884779518,884779518,402574.68069
2020-12-10,SH600595,中孚实业,2.82,4787883,1741540403,1961224057,553065.184074
2020-12-10,SZ000536,华映科技,2.58,61553643,2763082516,2766032803,713636.463174
2020-12-10,SH600818,中路股份,9.76,3356501,237957910,321447910,313733.16016
2020-12-10,SH600397,江钨装备,3.33,80775162,989959882,989959882,329656.640706
2020-12-10,SH600590,泰豪科技,5.51,3711762,844925860,858782308,473189.051708
2020-12-10,SH600503,华丽家族,3.97,25032981,1602290000,1602290000,636109.13
2020-12-10,SH600721,百花医药,4.04,474800,360813552,375134355,151554.27942
2020-12-10,SH600593,大连圣亚,22.05,17974996,128800000,128800000,284004
2020-12-10,SH600561,江西长运,4.9,1139860,237064000,284476800,139393.632
2020-12-10,SH600416,湘电股份,17.03,3943949,945834325,945834325,1610755.855475
2020-12-10,SH600526,菲达环保,4.82,2315819,547404672,547404672,263849.051904
2020-12-10,SH600565,ST迪马,2.85,13103641,2402376284,2562236284,730237.34094
2020-12-10,SH600531,豫光金铅,5.35,29496526,1090242634,1090242634,583279.80919
2020-12-10,SH600592,龙溪股份,10.3,1754600,399553571,399553571,411540.17813
2020-12-10,SH600515,海南机场,6.39,32891841,1658295366,3907592460,2496951.58194
2020-12-10,SZ000546,金圆股份,7.72,3282900,688483928,714644396,551705.473712
2020-12-10,SH600579,中化装备,5.16,7483258,409521624,734237993,378866.804388
2020-12-10,SH600586,金晶科技,4.74,30563804,1428770000,1428770000,677236.98
2020-12-10,SH600581,八一钢铁,3.75,78699848,1532897870,1532897870,574836.70125
2020-12-10,SH600535,天士力,15.81,6284310,1512666229,1512666229,2391525.308049
2020-12-10,SH600597,光明乳业,15.26,8247001,1224302009,1224487509,1868567.938734
2020-12-10,SH600516,方大炭素,6.79,53874114,3805970368,3805970368,2584253.879872
2020-12-10,SH600743,华远控股,2.23,16796871,2346100874,2346100874,523180.494902
2020-12-10,SH600551,时代出版,7.75,963392,505825296,505825296,392014.6044
2020-12-10,SH600577,精达股份,3.26,10783632,1921405191,1921405191,626378.092266
2020-12-10,SH600371,万向德农,13.53,6957832,292578000,292578000,395858.034
2020-12-10,SH600557,康缘药业,11.55,3002972,592881038,592881038,684777.59889
2020-12-10,SH600560,金自天正,9.53,1257600,223645500,223645500,213134.1615
2020-12-10,SZ000875,电投绿能,3.91,9643722,2146308730,2146313980,839208.76618
2020-12-10,SH600351,亚宝药业,5.2,7404589,770000023,770000023,400400.01196
2020-12-10,SH600587,新华医疗,14.92,2736909,403466668,406428091,606390.711772
2020-12-10,SH600853,龙建股份,2.72,4627720,837419946,1004901546,273333.220512
2020-12-10,SH600050,中国联通,4.7,78496605,30537265087,31015595487,14577329.87889
2020-12-10,SH600499,科达制造,5.9,18141187,1577205702,1888419929,1114167.75811
2020-12-10,SZ000585,东电退,1.84,2772400,609420978,873370000,160700.08
2020-12-10,SZ000613,东海A退,5.66,4123000,265876600,364100000,206080.6
2020-12-10,SH600522,中天科技,10.69,18741107,3066146825,3066146825,3277710.955925
2020-12-10,SH600559,老白干酒,23.29,144761790,876723465,897287444,2089782.457076
2020-12-10,SH600532,退市未来,14.1,5544400,516065720,516065720,727652.6652
2020-12-10,SH600571,信雅达,8.33,3005602,430710823,439277429,365918.098357
2020-12-10,SH600549,厦门钨业,14.84,12180055,1406046200,1406046200,2086572.5608
2020-12-10,SH600552,凯盛科技,6.49,17345150,763884003,763884003,495760.717947
2020-12-10,SH600353,旭光电子,5.59,3051163,543720000,543720000,303939.48
2020-12-10,SH600511,国药股份,58.7,73695861,553346424,754502998,4428932.59826
2020-12-10,SH600525,ST长园,6.5,11816108,1305775152,1305775152,848753.8488
2020-12-10,SH600563,法拉电子,94.77,2412595,225000000,225000000,2132325
2020-12-10,SZ000557,西部创业,3.56,29392380,1457916198,1458374735,519181.40566
2020-12-10,SH600458,时代新材,7.61,6309900,802798152,802798152,610929.393672
2020-12-10,SH600512,腾达建设,3,11107101,1598902832,1598902832,479670.8496
2020-12-10,SH600030,中信证券,29.16,105444462,9814661700,12926776029,37694478.900564
2020-12-10,SH600759,洲际油气,2,24347784,2258184018,2263507518,452701.5036
2020-12-10,SH600012,皖通高速,6.39,10066354,1165600000,1658610000,1059851.79
2020-12-10,SH600538,国发股份,5.9,4492400,464401185,464401185,273996.69915
2020-12-10,SH600537,亿晶光电,3.91,19605076,1176359268,1176359268,459956.473788
2020-12-10,SH600562,国睿科技,15.67,11423654,622350719,1241857840,1945991.23528
2020-12-10,SH600408,安泰集团,2.03,10517279,1006800000,1006800000,204380.4
2020-12-10,SH600576,祥源文旅,3.68,1392405,619402409,619402409,227940.086512
2020-12-10,SH600573,惠泉啤酒,9.83,14389567,250000000,250000000,245750
2020-12-10,SH600521,华海药业,33.99,10650018,1454608047,1454608047,4944212.751753
2020-12-10,SH600370,三房巷,3.23,2452950,797244230,3657166407,1181264.749461
2020-12-10,SH600460,士兰微,20.1,85118856,1312061614,1312061614,2637243.84414
2020-12-10,SH600513,联环药业,10.1,2123100,285456270,287990370,290870.2737
2020-12-10,SH600039,四川路桥,4.61,25698605,3610525510,4769600289,2198785.733229
2020-12-10,SH600575,淮河能源,2.22,20521248,3886261065,3886261065,862749.95643
2020-12-10,SH600375,汉马科技,8.3,28652370,555740597,555740597,461264.69551
2020-12-10,SH600343,航天动力,9.01,3691962,638206348,638206348,575023.919548
2020-12-10,SH600502,安徽建工,3.9,5654866,1721160272,1721160272,671252.50608
2020-12-10,SH600481,双良节能,3.9,35274123,1627255808,1632295808,636595.36512
2020-12-10,SH600004,白云机场,14.35,6337776,2069320514,2366718283,3396240.736105
2020-12-10,SH600459,贵研铂业,24.8,15447877,437708011,437708011,1085515.86728
2020-12-10,SH600392,盛和资源,8.65,54100208,1755167067,1755167067,1518219.512955
2020-12-10,SH600584,长电科技,41.81,40089496,1208991732,1602874555,6701618.514455
2020-12-10,SH600251,冠农股份,7.06,6831476,777462008,784842008,554098.457648
2020-12-10,SH600436,片仔癀,245.87,6027987,603317210,603317210,14833760.24227
2020-12-10,SH600409,三友化工,8.48,33755224,2064349448,2064349448,1750568.331904
2020-12-10,SH600433,冠豪高新,4.22,34660536,1271315443,1271315443,536495.116946
2020-12-10,SH600490,鹏欣资源,3.97,19072022,1678704228,2212887079,878516.170363
2020-12-10,SH600273,嘉化能源,10.46,21159332,1432730543,1432730543,1498636.147978
2020-12-10,SH600031,三一重工,30.85,44749806,8475715239,8475715239,26147581.512315
2020-12-10,SH600435,北方导航,8.42,11037230,1489320000,1489320000,1254007.44
2020-12-10,SH600439,瑞贝卡,2.83,7003390,1131985440,1131985440,320351.87952
2020-12-10,SH600271,航天信息,13.12,11081380,1852848628,1857497048,2437036.126976
2020-12-10,SH600423,柳化股份,2.68,644082,798695026,798695026,214050.266968
2020-12-10,SH600475,华光环能,12.34,1228500,543503349,559392211,690289.988374
2020-12-10,SH600425,青松建化,3.9,11923629,1378790086,1378790086,537728.13354
2020-12-10,SH600029,南方航空,6.08,30017326,8111520431,15329302395,9320215.85616
2020-12-10,SH600546,山煤国际,8.79,172088127,1982456140,1982456140,1742578.94706
2020-12-10,SH600352,浙江龙盛,14.07,20931804,3253331860,3253331860,4577437.92702
2020-12-10,SH600020,中原高速,3.42,6673500,2247371832,2247371832,768601.166544
2020-12-10,SH600489,中金黄金,9.04,33084902,3451137189,4847312564,4381970.557856
2020-12-10,SH600480,凌云股份,8.84,14331577,763461517,765340374,676560.890616
2020-12-10,SH600348,华阳股份,5.39,33251355,2405000000,2405000000,1296295
2020-12-10,SH600487,亨通光电,14.48,11792072,1905123032,1952764320,2827602.73536
2020-12-10,SH600547,山东黄金,23.7,16584750,3290443133,4339456283,10284511.39071
2020-12-10,SH600449,宁夏建材,14.3,3137436,478181042,478181042,683798.89006
2020-12-10,SH600462,退市九有,2.27,2877261,533780000,583850000,132533.95
2020-12-10,SH600858,银座股份,7.3,2137701,517548029,520066589,379648.60997
2020-12-10,SH600015,华夏银行,6.31,23858128,12822686653,15387223983,9709338.333273
2020-12-10,SH600429,三元股份,5.02,2793100,1497557426,1497557426,751773.827852
2020-12-10,SH600478,科力远,4.38,31424056,1604131503,1653281386,724137.247068
2020-12-10,SH600507,方大特钢,6.76,64108281,2155950223,2155950223,1457422.350748
2020-12-10,SH600403,大有能源,4.26,64971300,2390812402,2390812402,1018486.083252
2020-12-10,SH600517,国网英大,5.98,14236277,1763018169,5718435744,3419624.574912
2020-12-10,SH600406,国电南瑞,22.44,10656495,2934898892,4621735487,10371174.432828
2020-12-10,SH600469,风神股份,5.09,3021800,562413222,731137184,372148.826656
2020-12-10,SH600021,上海电力,7.16,4526200,2347246305,2617164197,1873889.565052
2020-12-10,SZ000678,襄阳轴承,5.11,5215015,459611797,459611797,234861.628267
2020-12-10,SH600184,光电股份,11.03,5743600,508760826,508760826,561163.191078
2020-12-10,SZ000826,启迪环境,7.54,5750608,1426254868,1430578784,1078656.403136
2020-12-10,SZ000560,我爱我家,3.81,12893063,1917414419,2355500851,897445.824231
2020-12-10,SH600477,杭萧钢构,4.06,11710186,2153592409,2153737411,874417.388866
2020-12-10,SH600900,长江电力,19.95,19335150,22741859230,22741859230,45370009.16385
2020-12-10,SH600527,江南高纤,2.71,12475460,1731760902,1731760902,469307.204442
2020-12-10,SH600545,卓郎智能,4.01,10940663,1895412995,1895412995,760060.610995
2020-12-10,SH600476,湘邮科技,12.63,3752691,161070000,161070000,203431.41
2020-12-10,SH600570,恒生电子,102.59,13301961,1044090754,1044090754,10711327.045286
2020-12-10,SZ000851,*ST高鸿,7.68,32714931,870796168,907629867,697059.737856
2020-12-10,SH600446,金证股份,17.39,8444087,855328034,860440484,1496306.001676
2020-12-10,SH600340,华夏幸福,14.07,8840276,3893355062,3913720342,5506604.521194
2020-12-10,SH600540,新赛股份,5.15,9463970,470923313,470923313,242525.506195
2020-12-10,SZ000885,城发环境,11.88,2452600,642078255,642078255,762788.96694
2020-12-10,SH600354,敦煌种业,4.2,12056194,527802080,527802080,221676.8736
2020-12-10,SH600249,两面针,5.05,12174540,550000000,550000000,277750
2020-12-10,SZ000100,TCL科技,6.83,224627780,12659960284,14030788362,9583028.451246
2020-12-10,SH600387,退市海越,6.49,1073558,404048492,471774464,306181.627136
2020-12-10,SH600444,国机通用,10.35,1060800,146421932,146421932,151546.69962
2020-12-10,SH600325,华发股份,6.27,13796677,2110811616,2117219616,1327496.699232
2020-12-10,SH600438,通威股份,30.9,152668816,4287855684,4501548184,13909783.88856
2020-12-10,SH600452,涪陵电力,17.6,2548730,439040000,439040000,772710.4
2020-12-10,SH600470,六国化工,4.19,4991991,521600000,521600000,218550.4
2020-12-10,SH600035,楚天高速,2.91,5319020,1604398269,1610115901,468543.727191
2020-12-10,SH600479,千金药业,9.11,5958900,418507117,418507117,381259.983587
2020-12-10,SH600284,浦东建设,6.28,2375709,970256000,970256000,609320.768
2020-12-10,SH600463,空港股份,6.67,873796,300000000,300000000,200100
2020-12-10,SH600594,益佰制药,5.55,5509414,791927400,791927400,439519.707
2020-12-10,SH600543,莫高股份,9.75,45047623,321120000,321120000,313092
2020-12-10,SH600405,动力源,5.55,6744223,553275448,557143948,309214.89114
2020-12-10,SH600467,好当家,2.92,90253673,1460994304,1460994304,426610.336768
2020-12-10,SH600960,渤海汽车,3.69,17569098,950515518,950515518,350740.226142
2020-12-10,SH600969,郴电国际,6.48,1914560,370050484,370050484,239792.713632
2020-12-10,SH600572,康恩贝,5.04,16762402,2660578347,2667320200,1344329.3808
2020-12-10,SH600988,赤峰黄金,17.04,34097809,1426381496,1663911378,2835304.988112
2020-12-10,SH600976,健民集团,27.12,849900,153298600,153398600,416017.0032
2020-12-10,SH600497,驰宏锌锗,4.59,61328879,5091291568,5091291568,2336902.829712
2020-12-10,SH600493,凤竹纺织,5.48,2677200,272000000,272000000,149056
2020-12-10,SH600986,浙文互联,4.41,15648167,1311443434,1324552361,584127.591201
2020-12-10,SH600410,华胜天成,9.73,10057986,1098743383,1098743383,1069077.311659
2020-12-10,SH600985,淮北矿业,11.69,19849563,650125582,2172457461,2539602.771909
2020-12-10,SH600990,四创电子,43.73,1659524,159179110,159179110,696090.24803
2020-12-10,SH600114,东睦股份,8.22,14318340,613308037,616454517,506725.612974
2020-12-10,SH600980,北矿科技,14.01,1637900,152209880,155209880,217449.04188
2020-12-10,SH600992,贵绳股份,6.63,997800,245090000,245090000,162494.67
2020-12-10,SH600993,马应龙,22.16,12253980,430307016,431053891,955215.422456
2020-12-10,SH600967,内蒙一机,9.81,9343631,1689631817,1689631817,1657528.812477
2020-12-10,SH600491,龙元建设,5.8,7481341,1529757955,1529757955,887259.6139
2020-12-10,SH600963,岳阳林纸,4.3,13824240,1805053109,1805053109,776172.83687
2020-12-10,SH600495,晋西车轴,3.96,4912740,1208190886,1208190886,478443.590856
2020-12-10,SH600483,福能股份,7.71,823013,1551835852,1760376808,1357250.518968
2020-12-10,SH600461,洪城环境,6.76,3248300,910569606,948038351,640873.925276
2020-12-10,SH600997,开滦股份,5.64,19257506,1587799851,1587799851,895519.115964
2020-12-10,SH600421,*ST华嵘,10.66,305500,195600000,195600000,208509.6
2020-12-10,SH600966,博汇纸业,13.88,6874958,1336844288,1336844288,1855539.871744
2020-12-10,SH600975,新五丰,8.41,12574713,652675584,652675584,548900.166144
2020-12-10,SH600995,南网储能,7.83,2107999,478526400,478526400,374686.1712
2020-12-10,SH600420,国药现代,10.01,3671860,1026958366,1026958366,1027985.324366
2020-12-10,SH600962,国投中鲁,8.69,5691300,254020000,262210000,227860.49
2020-12-10,SH600143,金发科技,17.04,26763572,2573622343,2573622343,4385452.472472
2020-12-10,SZ002001,新 和 成,33.33,16312846,2121481362,2148662300,7161491.4459
2020-12-10,SZ002002,ST鸿达,3.8,91448690,2585127988,2588980263,983812.49994
2020-12-10,SZ002007,华兰生物,42.27,20282720,1566968387,1824366726,7711598.150802
2020-12-10,SZ002005,ST德豪,1.39,11662921,1691897655,1764720000,245296.08
2020-12-10,SZ002003,伟星股份,7.03,3869860,646575078,775850428,545422.850884
2020-12-10,SZ002008,大族激光,38.01,17858028,993450014,1067071408,4055938.421808
2020-12-10,SZ002004,华邦健康,5.67,22343514,1812666589,1979919191,1122614.181297
2020-12-10,SZ002006,精工科技,5.53,30962601,455160000,455160000,251703.48
2020-12-10,SZ002009,天奇股份,9,5896300,369977559,370549434,333494.4906
2020-12-10,SH600022,山东钢铁,1.44,127005282,10946549616,10946549616,1576303.144704
2020-12-10,SZ002010,传化智联,5.23,13909107,3182651867,3257814678,1703837.076594
2020-12-10,SH600981,苏豪汇鸿,3.19,3380552,2242433192,2242433192,715336.188248
2020-12-10,SZ002012,凯恩股份,5.69,5697801,466537641,467625470,266078.89243
2020-12-10,SZ002013,中航机电,10.68,46061158,3884714400,3884824789,4148992.874652
2020-12-10,SZ002011,盾安环境,4.01,12292213,913825602,917212180,367802.08418
2020-12-10,SH600982,宁波能源,3.2,17738900,746930000,1117768211,357685.82752
2020-12-10,SH600984,建设机械,14.31,13593540,859055388,966956865,1383715.273815
2020-12-10,SZ002015,协鑫能科,5.7,4991916,400703825,1352461312,770902.94784
2020-12-10,SZ002016,世荣兆业,6.5,4610023,686845632,809095632,525912.1608
2020-12-10,SZ002014,永新股份,10.39,1301562,501422662,514016724,534063.376236
2020-12-10,SZ002019,亿帆医药,21.29,10697230,824708347,1234677077,2628627.496933
2020-12-10,SZ002017,东信和平,10.45,2316119,445137837,446486084,466577.95778
2020-12-10,SH600965,福成股份,6.12,4151464,818700955,818700955,501044.98446
2020-12-10,SH600482,中国动力,16.92,4295040,633843249,2160681619,3655873.299348
2020-12-10,SZ002020,京新药业,10.94,3299988,590545913,705507776,771825.506944
2020-12-10,SZ002021,中捷资源,1.99,2996377,687439340,687815040,136875.19296
2020-12-10,SZ002023,海特高新,15,13151216,659280517,756791003,1135186.5045
2020-12-10,SZ002022,科华生物,17.37,5142521,513136006,514781793,894175.974441
2020-12-10,SZ002024,ST易购,8.68,19562775,7773832373,9310039655,8081114.42054
2020-12-10,SZ002025,航天电器,51.5,4411206,428898773,429000000,2209350
2020-12-10,SZ002026,山东威达,10.48,5421168,420098419,420098419,440263.143112
2020-12-10,SH600983,惠而浦,6.61,6388634,532800000,766439000,506616.179
2020-12-10,SH600973,宝胜股份,4.37,5829669,1222112517,1371366248,599287.050376
2020-12-10,SZ002027,分众传媒,10.48,92747001,14677880280,14677880280,15382418.53344
2020-12-10,SZ002028,思源电气,21.45,9959088,588258062,761200533,1632775.143285
2020-12-10,SZ002029,七 匹 狼,5.39,5394266,734952668,755670000,407306.13
2020-12-10,SH600987,航民股份,5.42,2942538,921199500,1080818841,585803.811822
2020-12-10,SZ002030,达安基因,32.74,12548385,856379036,877153770,2871801.44298
2020-12-10,SZ002031,巨轮智能,2.03,20850764,1892271229,2199395670,446477.32101
2020-12-10,SZ002032,苏 泊 尔,71.45,992150,611187713,821083860,5866644.1797
2020-12-10,SH600971,恒源煤电,5.7,42919851,1200004884,1200004884,684002.78388
2020-12-10,SH600978,*ST宜生,1.08,10289161,1482870004,1482870004,160149.960432
2020-12-10,SZ002033,丽江股份,6.21,1802520,549480181,549490711,341233.731531
2020-12-10,SZ002034,旺能环境,15.58,1532494,268780763,421365045,656486.74011
2020-12-10,SH600961,株冶集团,7.35,6497141,527457914,527457914,387681.56679
2020-12-10,SZ002035,华帝股份,9.44,11013795,783551124,869230324,820553.425856
2020-12-10,SZ002036,联创电子,10.97,20641308,925247547,1047896002,1149541.914194
2020-12-10,SH600979,广安爱众,3.34,9012528,1232259790,1232259790,411574.76986
2020-12-10,SZ002037,保利联合,7.25,1649108,327368160,487625309,353528.349025
2020-12-10,SZ002038,双鹭药业,10.97,6455741,851751183,1027350000,1127002.95
2020-12-10,SZ000695,滨海能源,6.79,3071399,221721339,222147539,150838.178981
2020-12-10,SH600873,梅花生物,5.1,20306367,3087003728,3100021848,1581011.14248
2020-12-10,SZ000951,中国重汽,33,2768327,670902360,671080800,2214566.64
2020-12-10,SH600862,中航高科,25.02,8772074,1393049107,1393049107,3485408.865714
2020-12-10,SH600182,S佳通,16.65,2208901,170000000,340000000,566100
2020-12-10,SH600613,神奇制药,5.11,1676100,479319978,534071628,272910.601908
2020-12-10,SH600615,鑫源智造,7.83,1051700,187624508,188020508,147220.057764
2020-12-10,SH600053,九鼎投资,21.42,3381432,433540800,433540800,928644.3936
2020-12-10,SH600027,华电国际,3.42,22513801,8145743053,9862976653,3373138.015326
2020-12-10,SZ002039,黔源电力,15.28,2937820,305395288,305398662,466649.155536
2020-12-10,SZ002040,南 京 港,6.3,5160400,483966800,483966800,304899.084
2020-12-10,SH600970,中材国际,7.26,15311900,1737646983,1737646983,1261531.709658
2020-12-10,SZ002041,登海种业,18.3,22147591,880000000,880000000,1610400
2020-12-10,SZ002042,华孚时尚,6.97,14433401,1518145368,1519375555,1059004.761835
2020-12-10,SZ002043,兔 宝 宝,8.92,5123409,719031283,774756002,691082.353784
2020-12-10,SZ002044,美年健康,12.3,35735823,3830363460,3914253923,4814532.32529
2020-12-10,SZ002045,国光电器,8.32,2194400,467165688,468383913,389695.415616
2020-12-10,SZ002046,国机精工,8.41,2751100,408699325,524349078,440977.574598
2020-12-10,SZ000409,云鼎科技,4.18,1958719,405627494,510931158,213569.224044
2020-12-10,SZ002047,*ST宝鹰,4.4,9982916,1335619499,1341296921,590170.64524
2020-12-10,SZ002048,宁波华翔,15.84,4514683,544884507,626227314,991944.065376
2020-12-10,SZ002049,紫光国微,113.08,12816273,606040767,606817968,6861897.582144
2020-12-10,SZ002050,三花智控,22.2,54050357,3520351286,3592041778,7974332.74716
2020-12-10,SZ000561,烽火电子,6.99,3403176,599386035,604692321,422679.932379
2020-12-10,SH600751,海航科技,3.19,55918362,2573189052,2899337783,924888.752777
2020-12-10,SH600617,国新能源,4.41,1687153,974914344,1084663692,478336.688172
2020-12-10,SH600892,*ST大晟,3.15,1914200,540359536,559464188,176231.21922
2020-12-10,SZ000718,苏宁环球,3.34,20146797,2289182406,3034636384,1013568.552256
2020-12-10,SH600844,金煤科技,3.99,102253177,822730634,1016524240,405593.17176
2020-12-10,SZ000552,甘肃能化,2.93,72853144,2283741262,2286971050,670082.51765
2020-12-10,SZ002051,中工国际,7.31,3064252,1111638011,1237408937,904545.932947
2020-12-10,SH601001,晋控煤业,5.95,54037664,1673700000,1673700000,995851.5
2020-12-10,SZ002053,云南能投,7.44,1050824,558329336,760978566,566168.053104
2020-12-10,SZ002052,同洲电子,1.23,25186400,745956530,745959694,91753.042362
2020-12-10,SH601988,中国银行,3.22,123330010,210765514846,294387791241,94792868.779602
2020-12-10,SZ002055,ST得润,14.17,4544784,433651267,473485580,670929.06686
2020-12-10,SZ002054,德美化工,8.64,10996153,310625259,419230828,362215.435392
2020-12-10,SH600048,保利发展,16.21,47426545,11967615691,11967615691,19399505.035111
2020-12-10,SH601006,大秦铁路,6.81,78637771,14866791491,14866791491,10124285.005371
2020-12-10,SZ002056,横店东磁,13.9,31691436,1624339935,1643600000,2284604
2020-12-10,SZ002057,中钢天源,7.3,7111075,575287776,575287776,419960.07648
2020-12-10,SZ002058,*ST威尔,17.44,706670,143200281,143448332,250173.891008
2020-12-10,SZ002060,广东建工,3.12,3660651,1201914981,1202262058,375105.762096
2020-12-10,SZ002059,云南旅游,4.7,2797902,730792576,1012434813,475844.36211
2020-12-10,SZ002061,浙江交科,5.39,3178100,1375645212,1375645212,741472.769268
2020-12-10,SZ002062,宏润建设,4.2,5045440,965500802,1102500000,463050
2020-12-10,SH601111,中国国航,7.72,35890004,9962131821,14524815185,11213157.32282
2020-12-10,SZ002066,瑞泰科技,9.38,1733404,231000000,231000000,216678
2020-12-10,SZ002063,远光软件,8.11,8001100,1014307027,1102486112,894116.236832
2020-12-10,SZ002064,华峰化学,9.23,16328990,1519381200,4633519221,4276738.240983
2020-12-10,SZ002065,东华软件,9.04,24794619,2807662252,3115482375,2816396.067
2020-12-10,SZ002068,黑猫股份,6.21,14764259,726996659,744793596,462516.823116
2020-12-10,SZ002067,景兴纸业,3.54,11560950,973576000,1111201000,393365.154
2020-12-10,SH601699,潞安环能,6.47,26611793,2991409200,2991409200,1935441.7524
2020-12-10,SZ002069,獐子岛,4.32,37198271,688807344,711112194,307200.467808
2020-12-10,SZ002071,长城退,1.37,36935100,522511293,525429878,71983.893286
2020-12-10,SH601588,北辰实业,2.38,12142501,2660000000,3367020000,801350.76
2020-12-10,SH600017,日照港,2.77,14126195,3075653888,3075653888,851956.126976
2020-12-10,SZ002073,软控股份,4.3,4829301,933932074,933986674,401614.26982
2020-12-10,SZ002072,凯瑞德,4.51,1659500,152919100,176000000,79376
2020-12-10,SZ002074,国轩高科,30.85,87904002,1178607531,1280544489,3950479.748565
2020-12-10,SZ002076,*ST星光,1.74,4028200,504218581,764113035,132955.66809
2020-12-10,SH601398,工商银行,5.06,259472652,269612212539,356406257089,180341566.087034
2020-12-10,SZ002078,太阳纸业,14.9,11689128,2591566813,2602498563,3877722.85887
2020-12-10,SZ002079,苏州固锝,11.32,26835979,726526076,727971487,824063.723284
2020-12-10,SZ002077,大港股份,6.89,4666000,544345750,580348513,399860.125457
2020-12-10,SZ002081,金 螳 螂,10.37,22976601,2605130072,2683358689,2782642.960493
2020-12-10,SZ002082,万邦德,13.23,3554260,238000000,618222829,817908.802767
2020-12-10,SZ002080,中材科技,19.29,0,1678123584,1678123584,3237100.393536
2020-12-10,SH601666,平煤股份,5.6,18409397,2327704469,2327704469,1303514.50264
2020-12-10,SZ002084,海鸥住工,8.47,18743551,547740119,554598528,469744.953216
2020-12-10,SZ002083,孚日股份,4.89,7130901,874364896,908013731,444018.714459
2020-12-10,SZ002086,东方海洋,1.97,8350400,623298475,756350000,149000.95
2020-12-10,SZ002085,万丰奥威,7.15,24771527,2113735508,2186879678,1563618.96977
2020-12-10,SZ002089,新海退,2.15,6652144,1182215604,1374669616,295553.96744
2020-12-10,SZ002087,新纺退,3.98,20170585,815638642,816794335,325084.14533
2020-12-10,SZ002088,鲁阳节能,11.95,4017920,315637883,361684133,432212.538935
2020-12-10,SH601872,招商轮船,5.73,24299532,5299458112,6740120114,3862088.825322
2020-12-10,SZ002092,中泰化学,6.05,27600422,2146312648,2146449598,1298602.00679
2020-12-10,SZ002091,江苏国泰,6.68,18614437,1512100782,1563536598,1044442.447464
2020-12-10,SZ002090,金智科技,8.16,2265844,399294190,404264936,329880.187776
2020-12-10,SZ002095,生 意 宝,16.37,4032546,251681731,252720000,413702.64
2020-12-10,SZ002093,国脉科技,7.87,4080116,1002646150,1007500000,792902.5
2020-12-10,SZ002094,青岛金王,3.87,5538269,690453549,690897549,267377.351463
2020-12-10,SH601991,大唐发电,2.29,9069003,9994360000,18506710504,4238036.705416
2020-12-10,SZ002096,易普力,13.82,27960720,370852000,371287000,513118.634
2020-12-10,SZ002097,山河智能,8.09,8260235,922927462,1087497465,879785.449185
2020-12-10,SZ002098,浔兴股份,6.14,11902400,358000000,358000000,219812
2020-12-10,SH601333,广深铁路,2.29,12357869,5652237000,7083537000,1622129.973
2020-12-10,SZ002100,天康生物,12.83,12504560,1075134941,1075134941,1379398.129303
2020-12-10,SZ002099,海翔药业,8.64,7349430,1606986516,1618715253,1398569.978592
2020-12-10,SZ002102,能特科技,1.81,8982406,1964495753,2633836290,476724.36849
2020-12-10,SZ002101,广东鸿图,7.5,4909505,528866866,530063366,397547.5245
2020-12-10,SH601628,中国人寿,40.53,27857813,20823530000,28264705000,114556849.365
2020-12-10,SZ002103,广博股份,4.86,7389880,361091316,534272953,259656.655158
2020-12-10,SZ002104,恒宝股份,7.36,23807581,588067229,696921354,512934.116544
2020-12-10,SZ002105,信隆健康,8.23,3260787,368500000,368500000,303275.5
2020-12-10,SZ002106,莱宝高科,11.61,11479039,704139158,705816160,819452.56176
2020-12-10,SZ002108,沧州明珠,4.7,23703373,1417924199,1417924199,666424.37353
2020-12-10,SZ002107,沃华医药,8.33,2553020,563325825,577209600,480815.5968
2020-12-10,SZ002110,三钢闽光,7.04,27115558,2203583557,2451576238,1725909.671552
2020-12-10,SZ002111,威海广泰,15.62,4418051,340285644,381827504,596414.561248
2020-12-10,SH601002,晋亿实业,5.03,5438110,849513780,951228000,478467.684
2020-12-10,SZ002109,兴化股份,3.45,6809508,1052944789,1052944789,363265.952205
2020-12-10,SH601166,兴业银行,20.28,79746280,19615250551,20774190751,42130058.843028
2020-12-10,SZ002112,三变科技,8.64,5648901,198802893,201600000,174182.4
2020-12-10,SZ002113,*ST天润,1.51,16357820,940821726,1510547023,228092.600473
2020-12-10,SZ002116,中国海诚,7.09,685747,416376597,417628938,296098.917042
2020-12-10,SZ002115,三维通信,6.74,7533873,549028545,716962919,483233.007406
2020-12-10,SZ002114,罗平锌电,6.98,10780200,323390823,323395267,225729.896366
2020-12-10,SH601003,柳钢股份,5.17,25476728,2562793200,2562793200,1324964.0844
2020-12-10,SH601005,重庆钢铁,1.57,79133382,8380475067,8918602267,1400220.555919
2020-12-10,SH601318,中国平安,87.68,40575298,10832664498,18280241410,160281156.68288
2020-12-10,SZ002117,东港股份,9.71,3737609,545491147,545666421,529842.094791
2020-12-10,SZ002119,康强电子,11.2,6108001,367503500,375284000,420318.08
2020-12-10,SZ002118,*ST紫鑫,3.78,17989027,1280678780,1280759826,484127.214228
2020-12-10,SZ002120,韵达股份,17.47,7687489,2796498165,2899122158,5064766.410026
2020-12-10,SZ002121,科陆电子,3.51,6039055,1063178835,1408349147,494330.550597
2020-12-10,SZ002122,ST汇洲,2.23,5740100,1188000000,1201736500,267987.2395
2020-12-10,SZ002123,梦网科技,16.28,19621823,663738076,810601186,1319658.730808
2020-12-10,SZ000650,仁和药业,6.4,6790116,1180393145,1399938234,895960.46976
2020-12-10,SZ002124,天邦食品,15.65,22143407,944336910,1313709019,2055954.614735
2020-12-10,SZ002125,湘潭电化,7.06,19791236,593249830,629481713,444414.089378
2020-12-10,SH601007,金陵饭店,8.11,1052300,300000000,300000000,243300
2020-12-10,SZ002127,南极电商,15.74,21201323,1961621127,2454870403,3863966.014322
2020-12-10,SZ002128,电投能源,11.06,24086052,1767411891,1921573493,2125260.283258
2020-12-10,SZ002126,银轮股份,12.29,15836855,757654633,792095104,973484.882816
2020-12-10,SZ002130,沃尔核材,5.2,9961564,1246843755,1258927062,654642.07224
2020-12-10,SZ002129,TCL中环,23.7,68562200,2683260854,3032926542,7188035.90454
2020-12-10,SH601008,连云港,3.81,19093200,1015215101,1093826212,416747.786772
2020-12-10,SZ002132,恒星科技,3.33,44890059,1253414703,1256498403,418413.968199
2020-12-10,SZ002131,利欧股份,3.24,112320533,5787341295,6754804205,2188556.56242
2020-12-10,SZ002133,广宇集团,3.17,2423100,769870201,774144175,245403.703475
2020-12-10,SH601998,中信银行,5.1,23602802,31905205910,48934838426,24956767.59726
2020-12-10,SZ000880,潍柴重机,9.71,2187368,135135000,276100500,268093.5855
2020-12-10,SZ000338,潍柴动力,16.1,35242494,4244315825,7933873895,12773536.97095
2020-12-10,SH601600,中国铝业,3.8,137059399,13078706983,17022672951,6468615.72138
2020-12-10,SH601328,交通银行,4.58,139102222,39250864015,74262726645,34012328.80341
2020-12-10,SZ002134,天津普林,9.17,5118864,245849768,245849768,225444.237256
2020-12-10,SZ002135,东南网架,7.65,10174015,957097382,1034402200,791317.683
2020-12-10,SZ002136,安 纳 达,10.26,5362400,213923760,215020000,220610.52
2020-12-10,SZ002137,实益达,6.88,3571000,379449967,577504854,397323.339552
2020-12-10,SZ002138,顺络电子,26.74,11705234,708382535,806318354,2156095.278596
2020-12-10,SH601919,中远海控,9.37,143440314,8657301792,12259529227,11487178.885699
2020-12-10,SZ002139,拓邦股份,8.18,19050392,936967512,1135216809,928607.349762
2020-12-10,SH600213,*ST亚星,8.21,21465515,220000000,220000000,180620
2020-12-10,SZ002140,东华科技,7.4,6696740,527871745,545366440,403571.1656
2020-12-10,SH601168,西部矿业,12.83,54640720,2383000000,2383000000,3057389
2020-12-10,SZ002142,宁波银行,35.01,32434252,5928257444,6008016286,21034065.017286
2020-12-10,SH601009,南京银行,8.04,32419865,8482207924,10007016973,8045641.646292
2020-12-10,SZ002141,贤丰控股,2.66,6831400,636572450,1134656519,301818.634054
2020-12-10,SZ002144,宏达高科,13.1,4224410,139703695,176762528,231558.91168
2020-12-10,SZ002145,钛能化学,5.88,14038245,1591068726,2053673321,1207559.912748
2020-12-10,SZ002146,荣盛发展,7.05,21084412,3893582908,4348163851,3065455.514955
2020-12-10,SZ002147,新光退,1.26,8746657,536995003,1828076415,230337.62829
2020-12-10,SZ002150,正泰电源,6.58,1206082,355087703,356517053,234588.220874
2020-12-10,SZ002148,北纬科技,4.73,4059511,442963979,565773727,267610.972871
2020-12-10,SZ002149,西部材料,11.8,32312226,425339274,425414274,501988.84332
2020-12-10,SZ002151,北斗星通,53.13,12088188,368266214,507729997,2697569.474061
2020-12-10,SZ002153,石基信息,33.52,2119163,487900965,1070744175,3589134.4746
2020-12-10,SZ002152,广电运通,11.48,21707394,2393678010,2408993951,2765525.055748
2020-12-10,SZ002156,通富微电,27.37,32697670,1153504307,1329036928,3637574.071936
2020-12-10,SZ002155,湖南黄金,8.31,13430042,1201927655,1202039474,998894.802894
2020-12-10,SZ002154,报 喜 鸟,3.48,12711926,1109961552,1217611874,423728.932152
2020-12-10,SZ002157,正邦科技,17.6,33355824,2267396235,2518682851,4432881.81776
2020-12-10,SZ002159,三特索道,13.01,1218200,137463303,138666666,180405.332466
2020-12-10,SZ002158,汉钟精机,14.07,6965710,530880312,534881805,752578.699635
2020-12-10,SZ002160,常铝股份,3.85,17444016,725444999,795581976,306299.06076
2020-12-10,SZ002161,远 望 谷,6.17,3754800,712359276,739757400,456430.3158
2020-12-10,SZ002164,宁波东力,5.55,3432400,436125157,532173689,295356.397395
2020-12-10,SZ002163,海南发展,19.68,12925200,803473524,803550000,1581386.4
2020-12-10,SZ002162,悦心健康,3.59,28293156,852631622,853775000,306505.225
2020-12-10,SZ002167,东方锆业,5.6,5527890,567910000,620946000,347729.76
2020-12-10,SZ002166,莱茵生物,8.7,9539494,452272508,565214740,491736.8238
2020-12-10,SZ002165,红 宝 丽,5.82,15772003,594089719,602058110,350397.82002
2020-12-10,SZ002168,*ST惠程,5.33,28535358,792858393,801929568,427428.459744
2020-12-10,SZ002170,芭田股份,4.33,22064066,693220702,886862627,384011.517491
2020-12-10,SZ002169,智光电气,7.44,13074202,763482417,787791994,586117.243536
2020-12-10,SH601169,北京银行,4.95,61065276,18248010822,21142984272,10465777.21464
2020-12-10,SZ002172,澳洋健康,3.38,52398200,773118646,776481362,262450.700356
2020-12-10,SZ002171,楚江新材,9.07,21555270,1206527914,1333667825,1209636.717275
2020-12-10,SZ002174,游族网络,15.93,11268236,692160402,915820474,1458902.015082
2020-12-10,SZ002173,创新医疗,7.21,8107902,370907568,454856365,327951.439165
2020-12-10,SH601939,建设银行,6.58,169056423,9593657606,250010977486,164507223.185788
2020-12-10,SH601808,中海油服,13.34,9035298,2960468000,4771592000,6365303.728
2020-12-10,SH601088,中国神华,18.54,30665190,16491037955,19889620455,36875356.32357
2020-12-10,SZ002176,江特电机,3.19,36805655,1705581053,1706325581,544317.860339
2020-12-10,SZ002175,东方智造,1.24,3157820,753748767,753778212,93468.498288
2020-12-10,SH600629,华建集团,8.05,1251120,518649758,533901758,429790.91519
2020-12-10,SZ002179,中航光电,64.6,8274820,1064934212,1100883678,7111708.55988
2020-12-10,SZ002177,御银股份,4.95,9851340,761191294,761191294,376789.69053
2020-12-10,SZ002178,延华智能,3.54,4195380,711256616,712153001,252102.162354
2020-12-10,SH601857,中国石油,4.19,62846049,161922077818,183020977818,76685789.705742
2020-12-10,SZ002182,宝武镁业,11.67,16992375,528102872,646422538,754375.101846
2020-12-10,SZ002183,怡 亚 通,4.79,12781436,2122000282,2122697819,1016772.255301
2020-12-10,SZ002180,纳思达,29.94,12223198,1006848160,1063349999,3183669.897006
2020-12-10,SZ002184,海得控制,13.13,1493700,156989354,239393449,314323.598537
2020-12-10,SZ002181,粤 传 媒,4.73,4340238,1134432577,1161058174,549180.516302
2020-12-10,SZ002185,华天科技,14.88,54362078,2739188968,2740003774,4077125.615712
2020-12-10,SZ002186,全 聚 德,10.8,1267796,308053705,308463955,333141.0714
2020-12-10,SZ002188,中天服务,3.03,902800,240883257,292538575,88639.188225
2020-12-10,SZ002187,广百股份,8.8,2546501,342422568,342422568,301331.85984
2020-12-10,SZ002190,成飞集成,28.31,7087541,345188382,358729343,1015562.770033
2020-12-10,SZ002189,中光学,17.09,2670064,222082345,262568166,448728.995694
2020-12-10,SH601390,中国中铁,5.46,48378124,20363539283,24570929283,13415727.388518
2020-12-10,SZ002191,劲嘉股份,9.98,22088745,1461808063,1464870450,1461940.7091
2020-12-10,SZ002192,融捷股份,31.7,6375755,259119928,259655203,823106.99351
2020-12-10,SZ002193,如意集团,7.75,19049515,260930713,261715550,202829.55125
2020-12-10,SZ002194,武汉凡谷,14.83,5676886,491998996,676339106,1003010.894198
2020-12-10,SZ002196,方正电机,7.94,43146589,414371881,468694930,372143.77442
2020-12-10,SZ002195,岩山科技,2.47,54587212,5643999427,5724847663,1414037.372761
2020-12-10,SH601866,中远海发,2.86,78768190,7932125000,11608125000,3319923.75
2020-12-10,SZ002198,嘉应制药,4.66,3717500,507509848,507509848,236499.589168
2020-12-10,SZ002197,证通电子,8.48,3616100,435069582,515156948,436853.091904
2020-12-10,SH601918,新集能源,2.85,56257014,2590541800,2590541800,738304.413
2020-12-10,SZ002199,*ST东晶,7.6,3867761,243442363,243442363,185016.19588
2020-12-10,SZ002200,*ST交投,5.11,913901,174876089,184132890,94091.90679
2020-12-10,SH601999,出版传媒,6.12,2453501,550914700,550914700,337159.7964
2020-12-10,SH601601,中国太保,37.35,31500035,6845041455,9620341455,35931975.334425
2020-12-10,SZ002202,金风科技,11.99,56961270,3393483505,4225067647,5065856.108753
2020-12-10,SZ002201,九鼎新材,13.74,1899440,331635324,332467470,456810.30378
2020-12-10,SH601099,太平洋,3.88,104058632,6816316370,6816316370,2644730.75156
2020-12-10,SZ002203,海亮股份,8.23,10301400,1848517009,1952111773,1606587.989179
2020-12-10,SZ002204,大连重工,3.57,14052925,1931370032,1931370032,689499.101424
2020-12-10,SZ002205,国统股份,8.18,1263444,185843228,185843228,152019.760504
2020-12-10,SZ002206,海 利 得,4.29,14839450,963364338,1223028645,524679.288705
2020-12-10,SZ002207,准油股份,7.12,1418078,237529175,262055378,186583.429136
2020-12-10,SZ002208,合肥城建,9.16,5181642,511190340,803291894,735815.374904
2020-12-10,SZ002209,达 意 隆,7.46,4830100,154524582,195244050,145652.0613
2020-12-10,SZ002210,飞马国际,2.23,17084956,1651117291,1652880386,368592.326078
2020-12-10,SZ002212,天融信,21,5045730,1120678601,1171812446,2460806.1366
2020-12-10,SH601898,中煤能源,4.39,38185446,9152000400,13258663400,5820553.2326
2020-12-10,SZ002211,ST宏达,6.45,7881451,310188279,432475779,278946.877455
2020-12-10,SZ002213,大为股份,16.32,1283400,205990550,206000000,336192
2020-12-10,SZ002214,*ST大立,24.57,5304271,357321401,458666666,1126943.998362
2020-12-10,SZ002215,诺 普 信,5.96,8286124,716213677,914076384,544789.524864
2020-12-10,SZ002217,合力泰,4.41,18956120,2679836437,3116416220,1374339.55302
2020-12-10,SZ002216,三全食品,27.2,4552252,565340064,799258226,2173982.37472
2020-12-10,SZ002218,拓日新能,4.43,22848708,1215719804,1236342104,547699.552072
2020-12-10,SZ002219,新里程,1.71,15898100,1844084285,1865236430,318955.42953
2020-12-10,SZ002221,东华能源,10.62,14417581,1531710794,1649022824,1751262.239088
2020-12-10,SH601186,中国铁建,8.3,22583646,11503245500,13579541500,11271019.445
2020-12-10,SZ002222,福晶科技,15.92,25004268,422924999,427500000,680580
2020-12-10,SZ000592,平潭发展,2.83,18117433,1913846915,1931780892,546693.992436
2020-12-10,SH601958,金钼股份,5.96,7892274,3226604400,3226604400,1923056.2224
2020-12-10,SZ002223,鱼跃医疗,27.88,8888254,866855646,1002476929,2794905.678052
2020-12-10,SZ002225,濮耐股份,5.14,6941345,812025380,1010320936,519304.961104
2020-12-10,SZ002224,三 力 士,6.26,7463065,542649950,729549905,456698.24053
2020-12-10,SH601899,紫金矿业,8.55,297764691,19640319946,25377259946,21697557.25383
2020-12-10,SZ002227,奥 特 迅,17.32,7187908,220321588,220597400,382074.6968
2020-12-10,SZ002226,江南化工,7.4,10515950,958267070,1248981690,924246.4506
2020-12-10,SZ002228,合兴包装,4.27,10398683,1234537024,1238600944,528882.603088
2020-12-10,SZ002229,鸿博股份,6.95,4796745,498254608,498344263,346349.262785
2020-12-10,SZ002232,启明信息,11.61,10525835,408548455,408548455,474324.756255
2020-12-10,SZ002230,科大讯飞,38,20634212,2024490223,2197872917,8351917.0846
2020-12-10,SZ002231,*ST奥维,5.72,1889700,356800000,356800000,204089.6
2020-12-10,SZ002235,安妮股份,5.44,19556820,530343477,579572284,315287.322496
2020-12-10,SZ002234,民和股份,16.73,4953632,206154034,302046632,505324.015336
2020-12-10,SZ002233,塔牌集团,13.11,10031205,1191860360,1192275016,1563072.545976
2020-12-10,SZ002236,大华股份,21.01,39828228,1857520912,2996642850,6295946.62785
2020-12-10,SZ002237,恒邦股份,13.49,8788912,910400000,1148014400,1548671.4256
2020-12-10,SZ002241,歌尔股份,39.2,87457483,2765586123,3245103948,12720807.47616
2020-12-10,SZ002239,奥特佳,4.6,57051996,3131359417,3131359417,1440425.33182
2020-12-10,SZ002240,盛新锂能,18.58,40798671,696247392,743934058,1382229.479764
2020-12-10,SZ002238,天威视讯,7.27,16946441,802559160,802559160,583460.50932
2020-12-10,SZ002243,力合科创,11.72,1943134,364948956,1210604219,1418828.144668
2020-12-10,SZ002242,九阳股份,32.45,2415478,764501020,767169000,2489463.405
2020-12-10,SZ002244,滨江集团,4.9,14602279,2692389340,3111443890,1524607.5061
2020-12-10,SZ002245,蔚蓝锂芯,9.27,88391403,913834627,981315982,909679.915314
2020-12-10,SZ002246,北化股份,7.11,3246900,549034794,549034794,390363.738534
2020-12-10,SZ002247,聚力文化,1.75,3455300,579081413,850870049,148902.258575
2020-12-10,SZ002248,华东数控,6.88,9492900,296622578,307495600,211556.9728
2020-12-10,SZ002249,大洋电机,4.14,44823763,1683905060,2365530164,979329.487896
2020-12-10,SZ002250,联化科技,24.7,6306211,918213520,923246256,2280418.25232
2020-12-10,SZ002251,步步高,9.91,3253100,863903951,863903951,856128.815441
2020-12-10,SZ002252,上海莱士,7.87,38904424,4972279699,6740787907,5305000.082809
2020-12-10,SZ002253,*ST智胜,14.82,1384600,207372219,225626095,334377.87279
2020-12-10,SZ002254,泰和新材,16.03,3851114,393965600,684394502,1097084.386706
2020-12-10,SZ002256,兆新股份,1.17,15937000,1390943897,1882411872,220242.189024
2020-12-10,SZ002255,海陆重工,4.27,3324100,644231583,842271055,359649.740485
2020-12-10,SH600703,三安光电,27.35,59394380,4078424928,4479341308,12250998.47738
2020-12-10,SH600745,闻泰科技,104.59,13891553,736334457,1244937731,13020803.728529
2020-12-10,SZ002258,利尔化学,21.49,7165743,522008499,524379014,1126890.501086
2020-12-10,SZ002259,升达林业,3.2,3532600,752328267,752328267,240745.04544
2020-12-10,SZ002262,恩华药业,17.97,14045659,878416725,1007662892,1810770.216924
2020-12-10,SZ002261,拓维信息,6.72,8644854,944458190,1100766874,739715.339328
2020-12-10,SZ002263,大东南,2.56,21530972,1878342100,1878360100,480860.1856
2020-12-10,SZ002264,新 华 都,5.11,4308796,664520490,684563880,349812.14268
2020-12-10,SZ002266,浙富控股,4.45,11009240,1637548918,5369795962,2389559.20309
2020-12-10,SZ002265,建设工业,8.07,1024500,305230873,318566172,257082.900804
2020-12-10,SZ002268,电科网安,18.14,6580808,837127724,838336028,1520741.554792
2020-12-10,SZ002267,陕天然气,6.57,10930419,1112075445,1112075445,730633.567365
2020-12-10,SH601766,中国中车,5.49,28920050,24327798048,28698864088,15755676.384312
2020-12-10,SZ002269,美邦服饰,2.03,13855341,2512500000,2512500000,510037.5
2020-12-10,SZ002270,华明装备,5.65,3534339,759224768,759239130,428970.10845
2020-12-10,SZ002271,东方雨虹,35.11,16599690,1681708468,2354677045,8267271.104995
2020-12-10,SZ002273,水晶光电,12.72,11451063,1180306430,1217688332,1548899.558304
2020-12-10,SZ002272,川润股份,6.04,11389803,327355288,429998000,259718.792
2020-12-10,SZ002274,华昌化工,5.08,18643282,937999130,952364646,483801.240168
2020-12-10,SH601727,上海电气,5.8,104975831,11178660921,15155652927,8790278.69766
2020-12-10,SH600248,陕建股份,4.33,17524729,656684064,917952672,397473.506976
2020-12-10,SH600734,实达集团,1.67,17942257,534943811,622372316,103936.176772
2020-12-10,SH600242,退市中昌,2.7,7274805,451294545,456665122,123299.58294
2020-12-10,SH600259,中稀有色,31.1,3602715,301802291,301802291,938605.12501
2020-12-10,SH600187,国中水务,2.41,5439400,1653935128,1653935128,398598.365848
2020-12-10,SZ000506,招金黄金,2.51,7343095,928670961,929017761,233183.458011
2020-12-10,SZ000638,*ST万方,7.77,16448000,309400000,309400000,240403.8
2020-12-10,SZ000631,顺发恒能,3,8670674,2432519168,2432519168,729755.7504
2020-12-10,SZ002276,万马股份,8.1,13675372,1035275348,1035489098,838746.16938
2020-12-10,SZ002275,桂林三金,14.13,641957,538454600,590200000,833952.6
2020-12-10,SZ002277,友阿股份,3.85,5958286,1394172800,1394172800,536756.528
2020-12-10,SH601107,四川成渝,3.32,2042018,2162740000,3058060000,1015275.92
2020-12-10,SH601668,中国建筑,5.14,145691736,41253602844,41965071511,21570046.756654
2020-12-10,SZ002278,神开股份,6.11,5486601,337115131,363909648,222348.794928
2020-12-10,SZ002279,久其软件,5.4,8212099,639395931,711255563,384078.00402
2020-12-10,SH601788,光大证券,18.32,42913352,3906698839,4610787639,8446962.954648
2020-12-10,SZ002282,博深股份,10.28,1085775,312401789,490825200,504568.3056
2020-12-10,SZ002283,天润工业,5.78,45104609,985819076,1127925428,651940.897384
2020-12-10,SZ002280,ST联络,1.87,64780992,1761294394,2177149675,407126.989225
2020-12-10,SZ002281,光迅科技,30.89,4214825,657257285,697347918,2154107.718702
2020-12-10,SZ002286,保龄宝,9.9,21349176,369252663,369256000,365563.44
2020-12-10,SZ002287,奇正藏药,26.68,3278284,527919510,530205912,1414589.373216
2020-12-10,SZ002285,世联行,5.08,16393596,2014352013,2033579072,1033058.168576
2020-12-10,SZ002284,亚太股份,5.69,11806177,686037700,737622058,419706.951002
2020-12-10,SZ002290,禾盛新材,6.05,998400,216474046,242712330,146840.95965
2020-12-10,SZ002288,*ST超华,7.23,22600611,800343557,931643744,673578.426912
2020-12-10,SZ002291,遥望科技,17.28,8915246,536003160,738487091,1276105.693248
2020-12-10,SZ002289,*ST宇顺,9,771300,259104629,280253733,252228.3597
2020-12-10,SZ002292,奥飞娱乐,8.02,37386363,814137824,1357159525,1088441.93905
2020-12-10,SZ002294,信立泰,26.64,6087615,1045864000,1046016000,2786586.624
2020-12-10,SZ002293,罗莱生活,12.41,2666966,777931428,828127881,1027706.700321
2020-12-10,SZ000517,荣安地产,3.07,18098064,2473244816,3183922485,977464.202895
2020-12-10,SZ000529,广弘控股,6.99,4234369,569884377,583790330,408069.44067
2020-12-10,SH601618,中国中冶,2.64,48897341,17852619170,20723619170,5471035.46088
2020-12-10,SZ002297,博云新材,7.27,22896518,470207733,471315045,342646.037715
2020-12-10,SZ002295,精艺股份,7.24,1809700,250168000,250616000,181445.984
2020-12-10,SZ002296,辉煌科技,7.42,2611802,333029161,389656420,289125.06364
2020-12-10,SZ002298,中电鑫龙,9.6,6137919,549717168,691505915,663845.6784
2020-12-10,SH601888,中国中免,207.8,9114946,1952475544,1952475544,40572441.80432
2020-12-10,SZ002300,太阳电缆,6.07,2298100,656616553,656667000,398596.869
2020-12-10,SZ002299,圣农发展,28.4,13394813,1107737032,1244125231,3533315.65604
2020-12-10,SZ002301,齐心集团,14.08,1894026,732735712,734020099,1033500.299392
2020-12-10,SH600225,退市卓朗,1.64,4803316,932923667,935492615,153420.78886
2020-12-10,SZ300002,神州泰岳,5.57,33471106,1628923179,1961091984,1092328.235088
2020-12-10,SZ300001,特锐德,25.29,18750124,944723457,997570075,2522854.719675
2020-12-10,SZ300027,华谊兄弟,4.22,17665286,2210376214,2787959919,1176519.085818
2020-12-10,SZ300026,红日药业,4.78,22056112,2671140283,3004154837,1435986.012086
2020-12-10,SZ300025,华星创业,5.01,9049260,399144532,428530562,214693.811562
2020-12-10,SZ300024,机器人,13.05,7769555,1512458817,1560239617,2036112.700185
2020-12-10,SZ300023,宝德退,11.37,6645915,137368989,316106775,359413.403175
2020-12-10,SZ300022,吉峰科技,4.97,9795079,345247934,380240380,188979.46886
2020-12-10,SZ300021,大禹节水,5.31,11454300,648427009,797360687,423398.524797
2020-12-10,SZ300020,ST银江,8.84,14310500,627288765,655789086,579717.552024
2020-12-10,SZ300019,硅宝科技,20.44,26594868,271949462,330901951,676363.587844
2020-12-10,SZ300018,中元股份,7.1,16758365,391540607,480831536,341390.39056
2020-12-10,SZ300017,网宿科技,7.15,46131118,2202462887,2453012204,1753903.72586
2020-12-10,SZ300016,北陆药业,10.97,3037683,406793317,494494476,542460.440172
2020-12-10,SZ300015,爱尔眼科,68.45,21240643,3416524926,4121518035,28211790.949575
2020-12-10,SZ300014,亿纬锂能,66.02,29906281,1777017174,1888865429,12470289.562258
2020-12-10,SZ300013,新宁物流,6.84,5221700,418277180,446687115,305533.98666
2020-12-10,SZ300012,华测检测,25.8,14206267,1509934026,1664520714,4294463.44212
2020-12-10,SZ300011,鼎汉技术,6.85,5967110,473724572,558650387,382675.515095
2020-12-10,SZ300010,豆神教育,11.4,12716925,727451502,868324647,989890.09758
2020-12-10,SZ300009,安科生物,15.81,12277611,963509013,1365387965,2158678.372665
2020-12-10,SZ300008,天海防务,6.85,48916333,743027393,960016185,657611.086725
2020-12-10,SZ300007,汉威科技,16.14,4545788,241411137,293022806,472938.808884
2020-12-10,SZ300006,莱美药业,8.18,18105708,624415287,812241205,664413.30569
2020-12-10,SZ300005,探路者,7.28,12598800,706322276,883702186,643335.191408
2020-12-10,SZ300004,南风股份,6.88,15724004,418613597,479993598,330235.595424
2020-12-10,SZ300003,乐普医疗,28.95,20691235,1538048407,1804581117,5224262.333715
2020-12-10,SZ002302,西部建设,9.16,4291656,1239058850,1262354304,1156316.542464
2020-12-10,SZ002303,美盈森,4.42,11501949,919908898,1531323685,676845.06877
2020-12-10,SZ002305,*ST南置,2.12,19226991,1732759738,1734215770,367653.74324
2020-12-10,SZ002304,洋河股份,200.5,10513301,1248939574,1506988000,30215109.4
2020-12-10,SZ002307,北新路桥,5.14,4548860,891710820,1054658053,542094.239242
2020-12-10,SZ002306,*ST云网,3,2544520,793048462,840000000,252000
2020-12-10,SH600854,春兰股份,3.97,3326190,519458538,519458538,206225.039586
2020-12-10,SH600999,招商证券,22.73,36440449,7422005272,8696526806,19767205.430038
2020-12-10,SZ002310,东方新能,4.89,27970692,2561363427,2685462004,1313190.919956
2020-12-10,SZ002311,海大集团,59.8,6679000,1586506042,1601479269,9576846.02862
2020-12-10,SZ002308,*ST威创,5.74,4267781,906051547,906214651,520167.209674
2020-12-10,SZ002309,中利集团,5.4,7560031,698276564,871787068,470765.01672
2020-12-10,SZ002312,川发龙蟒,5.89,16049729,1324316861,1378091733,811696.030737
2020-12-10,SZ002313,日海智能,13.71,839262,311457524,374400000,513302.4
2020-12-10,SZ002314,南山控股,3.18,8147100,1137483041,2707782513,861074.839134
2020-12-10,SZ002315,焦点科技,17.82,2650706,166087267,305500000,544401
2020-12-10,SZ002316,亚联发展,5.08,5256300,293413643,393120000,199704.96
2020-12-10,SZ002319,乐通股份,7.32,1724303,200000000,200000000,146400
2020-12-10,SZ002317,众生药业,13.37,24634712,712995405,814461076,1088934.458612
2020-12-10,SZ002318,久立特材,9.98,18061608,818028911,841542441,839859.356118
2020-12-10,SZ002321,华英农业,4.26,78165902,531046195,534291100,227608.0086
2020-12-10,SZ002320,海峡股份,9.22,6585635,1485955458,1485955458,1370050.932276
2020-12-10,SH601989,中国重工,4.2,93324774,18283907147,22802035324,9576854.83608
2020-12-10,SZ002324,普利特,15,5369956,491137277,845051931,1267577.8965
2020-12-10,SZ002323,雅博股份,3.34,701000,317618625,745729656,249073.705104
2020-12-10,SZ002322,理工能科,12.12,3122266,343697395,396662205,480754.59246
2020-12-10,SZ002325,*ST洪涛,2.91,3769808,943782717,1249905781,363722.582271
2020-12-10,SZ002326,永太科技,9.21,11006878,670081098,876566295,807317.557695
2020-12-10,SH601139,深圳燃气,7.36,12700797,2876730494,2876767544,2117300.912384
2020-12-10,SZ300029,*ST天龙,5.44,1524001,200000000,200000000,108800
2020-12-10,SZ300030,阳普医疗,12.36,3540204,254400073,308795815,381671.62734
2020-12-10,SZ300031,宝通科技,19.15,4479886,324074208,396767886,759810.50169
2020-12-10,SZ300036,超图软件,19.28,5014483,376027702,449537367,866708.043576
2020-12-10,SZ300035,中科电气,11.86,14389200,508953118,642582824,762103.229264
2020-12-10,SZ300034,钢研高纳,28.86,16679079,429990072,469861216,1356019.469376
2020-12-10,SZ300033,同花顺,139.09,3583371,268887618,537600000,7477478.4
2020-12-10,SZ300032,金龙机电,6.02,21564306,803169608,803169608,483508.104016
2020-12-10,SZ002328,新朋股份,5.32,9882758,550371642,761770000,405261.64
2020-12-10,SZ002327,富安娜,7.68,4111532,510061188,852580730,654782.00064
2020-12-10,SZ002331,皖通科技,11.45,6475428,383026261,412072469,471822.977005
2020-12-10,SZ002329,皇氏集团,4.7,7087464,528125328,837640035,393690.81645
2020-12-10,SZ002330,得利斯,7.14,4236700,501868900,502000000,358428
2020-12-10,SH601117,中国化学,5.93,47673593,4933000000,4933000000,2925269
2020-12-10,SZ300041,回天新材,14.18,17323789,343285159,425712412,603660.200216
2020-12-10,SZ300037,新宙邦,97.63,7240960,290330120,410792913,4010571.209619
2020-12-10,SZ300040,九洲集团,7.68,17601730,280790307,375408284,288313.562112
2020-12-10,SZ300039,上海凯宝,5,4524020,916255216,1046000000,523000
2020-12-10,SZ300038,数知退,5.72,23412609,1160984263,1171827123,670285.114356
2020-12-10,SZ300042,朗科科技,15.17,2727776,167818979,200400000,304006.8
2020-12-10,SZ002332,仙琚制药,14.07,7170900,905193291,989204866,1391811.246462
2020-12-10,SZ002333,罗普斯金,5.31,1191744,484969720,502603600,266882.5116
2020-12-10,SZ002334,英威腾,5.39,7943924,632923739,753465210,406117.74819
2020-12-10,SZ002335,科华数据,23.04,4948526,394965318,461567391,1063451.268864
2020-12-10,SZ002336,人乐退,3.75,1648530,373175000,440000000,165000
2020-12-10,SZ002338,奥普光电,20.27,2153816,239994000,240000000,486480
2020-12-10,SZ002337,赛象科技,3.31,2911287,587730751,588615750,194831.81325
2020-12-10,SH601801,皖新传媒,4.99,7872492,1989204737,1989204737,992613.163763
2020-12-10,SZ300049,福瑞医科,8.99,2662300,227280731,263053100,236484.7369
2020-12-10,SZ300050,世纪鼎利,6.27,10865000,497091687,571596718,358391.142186
2020-12-10,SZ300048,合康新能,5.07,12208173,1085308107,1107982357,561747.054999
2020-12-10,SZ300047,天源迪科,8.01,32639112,524024768,637744672,510833.482272
2020-12-10,SZ300043,星辉娱乐,3.68,7155318,914739412,1244198401,457865.011568
2020-12-10,SZ300044,ST赛为,6.89,13536030,632667641,778205228,536183.402092
2020-12-10,SZ300045,华力创通,10.74,6688479,428535318,614217087,659669.151438
2020-12-10,SZ300046,台基股份,26.6,14894211,213120000,213120000,566899.2
2020-12-10,SH601877,正泰电器,32.37,9762564,2149973551,2149973551,6959464.384587
2020-12-10,SZ002340,格林美,5.14,155469737,4761739656,4783522257,2458730.440098
2020-12-10,SZ002341,ST新纶,4,8997392,934125067,1152214592,460885.8368
2020-12-10,SZ002339,积成电子,6.5,2896335,481494255,511804800,332673.12
2020-12-10,SZ002342,巨力索具,4.02,94472151,868787500,960000000,385920
2020-12-10,SZ002343,慈文传媒,6.87,3142323,471379864,474949686,326290.434282
2020-12-10,SZ002344,海宁皮城,4.06,4506647,1273619860,1282745046,520794.488676
2020-12-10,SZ002346,柘中股份,10.42,1856405,394632807,441575416,460121.583472
2020-12-10,SZ002345,潮宏基,4.59,8314049,890759515,905412707,415584.432513
2020-12-10,SH601179,中国西电,4.43,21240676,5125882352,5125882352,2270765.881936
2020-12-10,SZ002347,泰尔股份,4.39,4598400,316774985,447019662,196241.631618
2020-12-10,SZ002349,精华制药,4.86,3231950,823412832,835724374,406162.045764
2020-12-10,SZ002348,高乐股份,3.22,89857902,844330839,947200000,304998.4
2020-12-10,SZ002350,北京科锐,5.99,21519175,537211583,542369011,324879.037589
2020-12-10,SZ002351,漫步者,16,21913050,456916313,889107000,1422571.2
2020-12-10,SZ002352,顺丰控股,78.94,13656286,4490313073,4556440455,35968540.95177
2020-12-10,SZ002353,杰瑞股份,35.9,6857062,603065123,957853992,3438695.83128
2020-12-10,SZ002354,天娱数科,2.79,35874503,1493315853,1663013961,463980.895119
2020-12-10,SZ002355,兴民智通,6.15,21567384,570438967,620570400,381650.796
2020-12-10,SZ002356,赫美集团,1.22,8233080,526500693,527806548,64392.398856
2020-12-10,SH601106,中国一重,2.95,13129925,6857782927,6857782927,2023045.963465
2020-12-10,SZ002357,富临运业,5.96,1963480,313466536,313489036,186839.465456
2020-12-10,SZ002358,森源电气,5.14,11291216,910425280,929756977,477895.086178
2020-12-10,SZ300053,航宇微,9.7,6221545,614955218,702158212,681093.46564
2020-12-10,SZ300051,琏升科技,5.89,2909200,365646940,365698690,215396.52841
2020-12-10,SZ300054,鼎龙股份,16.13,13490033,680129951,933022185,1504964.784405
2020-12-10,SZ300052,ST中青宝,10.28,3388806,260994678,263269300,270640.8404
2020-12-10,SH601678,滨化股份,5.13,16904028,1544400000,1544400000,792277.2
2020-12-10,SZ300056,中创环保,7.82,22167303,343162503,385490443,301453.526426
2020-12-10,SZ300058,蓝色光标,6.02,26542070,2300759051,2491037834,1499604.776068
2020-12-10,SZ300057,万顺新材,5.99,12596479,498307807,674522615,404039.046385
2020-12-10,SH601688,华泰证券,18.59,47155046,7357604320,9076650000,16873492.35
2020-12-10,SZ300055,万邦达,6.43,4427791,863099140,865184815,556313.836045
2020-12-10,SZ002362,汉王科技,24.98,3309602,178853476,216989292,542039.251416
2020-12-10,SZ002361,神剑股份,5.1,71047493,627374399,837574116,427162.79916
2020-12-10,SZ002360,同德化工,7.12,5865062,298471792,391512600,278756.9712
2020-12-10,SZ002365,永安药业,10.44,1618002,243207409,294682500,307648.53
2020-12-10,SZ002363,隆基机械,6.48,6304037,415758242,416100301,269632.995048
2020-12-10,SZ002364,中恒电气,9.74,2739700,523914362,563564960,548912.27104
2020-12-10,SH601607,上海医药,19.48,10851627,1922935018,2842089322,5536389.999256
2020-12-10,SZ002366,融发核电,4.35,16752416,603151231,867057350,377169.94725
2020-12-10,SZ002367,康力电梯,9.89,7223625,524328702,797652687,788878.507443
2020-12-10,SZ002368,太极股份,28.21,5173565,570419010,579640428,1635165.647388
2020-12-10,SZ002369,卓翼科技,5.87,9736048,575792973,576769204,338563.522748
2020-12-10,SZ002371,北方华创,168.7,5386954,459149872,496262273,8371944.54551
2020-12-10,SZ002370,亚太药业,4.45,5148380,463250104,536544918,238762.48851
2020-12-10,SZ002374,中锐股份,2.56,9233460,854797665,1087953783,278516.168448
2020-12-10,SZ002372,伟星新材,18.55,4605221,1421087020,1573112988,2918124.59274
2020-12-10,SZ002373,千方科技,19.54,11284422,1045220142,1581183315,3089632.19751
2020-12-10,SH601188,龙江交通,2.78,2600915,1315878571,1315878571,365814.242738
2020-12-10,SZ300062,中能电气,13.58,23141632,193962425,308000000,418264
2020-12-10,SH601518,吉林高速,2.33,3191945,1213200000,1350395121,314642.063193
2020-12-10,SZ300061,旗天科技,5.59,4150501,544123756,669870225,374457.455775
2020-12-10,SZ300059,东方财富,26.73,213143426,7132205237,8613136491,23022913.840443
2020-12-10,SZ002377,国创高新,4.28,6176500,915980857,916325201,392187.186028
2020-12-10,SZ002376,新北洋,9.07,2112975,641071120,665720181,603808.204167
2020-12-10,SZ002375,亚厦股份,8.29,4889512,1330991211,1339996498,1110857.096842
2020-12-10,SZ300063,天龙集团,5.55,14578611,604495750,750201950,416362.08225
2020-12-10,SZ300064,金刚退,5.23,124805959,696229777,1205476595,630464.259185
2020-12-10,SZ300066,三川智慧,5.05,10976637,996050114,1040033262,525216.79731
2020-12-10,SZ300065,海兰信,14.98,23301042,330973750,398174035,596464.70443
2020-12-10,SH601158,重庆水务,5.27,2642700,4800000000,4800000000,2529600
2020-12-10,SZ002378,章源钨业,5.3,10819610,915075722,924167436,489808.74108
2020-12-10,SZ002380,科远智慧,14.73,1019602,143353629,239991649,353507.698977
2020-12-10,SH601101,昊华能源,4.38,29660580,1199998272,1199998272,525599.243136
2020-12-10,SZ002379,宏桥控股,3.26,28034841,926400000,926400000,302006.4
2020-12-10,SZ002381,双箭股份,9.18,2325172,315221644,411572264,377823.338352
2020-12-10,SZ002383,合众思壮,7.86,4704511,576642720,744334534,585046.943724
2020-12-10,SZ002382,蓝帆医疗,22.1,33473506,703443054,964031086,2130508.70006
2020-12-10,SZ002385,大北农,9.15,187404062,2885033702,4195329495,3838726.487925
2020-12-10,SZ002386,天原股份,5.68,9402600,780583873,780857017,443526.785656
2020-12-10,SZ002384,东山精密,28.71,24942248,1262860940,1709867327,4909029.095817
2020-12-10,SZ002387,维信诺,12.85,4435673,1067812149,1367663046,1757447.01411
2020-12-10,SZ002389,航天彩虹,26.7,18832338,629573287,946062685,2525987.36895
2020-12-10,SZ002388,新亚制程,6.34,2009302,483305680,503766600,319388.0244
2020-12-10,SZ002391,长青股份,7.24,2736245,457600153,660316481,478069.132244
2020-12-10,SZ002390,信邦制药,6.94,4974992,1558471684,1667228611,1157056.656034
2020-12-10,SZ300070,碧水源,8.04,22697232,2431725916,3164596594,2544335.661576
2020-12-10,SZ300071,福石控股,2.82,9847269,639056033,671386420,189330.97044
2020-12-10,SZ300067,安诺其,4.85,10362675,648842715,931949272,451995.39692
2020-12-10,SZ300068,南都电源,14.85,15855816,827616805,859740893,1276715.226105
2020-12-10,SZ300069,金利华电,15.4,429600,92397572,117000000,180180
2020-12-10,SZ002393,力生制药,24.15,598504,182454992,182454992,440628.80568
2020-12-10,SZ002394,联发股份,10.22,1695100,322717731,332763600,340084.3992
2020-12-10,SZ002392,北京利尔,4.81,7180736,831788868,1190490839,572626.093559
2020-12-10,SZ300073,当升科技,52.05,16799367,435585784,436722773,2273142.033465
2020-12-10,SZ300072,海新能科,6.14,16403531,2169310072,2349720302,1442728.265428
2020-12-10,SZ300075,数字政通,11.63,4006300,330604097,480640605,558985.023615
2020-12-10,SZ300074,华平股份,4.63,9343672,487648231,533892900,247192.4127
2020-12-10,SH601369,陕鼓动力,6.64,4346850,1638770233,1677960233,1114165.594712
2020-12-10,SZ002395,双象股份,14.86,766269,268209000,268209000,398558.574
2020-12-10,SZ002397,梦洁股份,4.59,4201004,483089965,758261443,348042.002337
2020-12-10,SZ300078,思创智联,9.02,11194539,834817788,869411466,784209.142332
2020-12-10,SZ300079,数码视讯,5.11,20299250,1266636597,1429008862,730223.528482
2020-12-10,SZ300076,GQY视讯,5.63,23256100,382341568,424000000,238712
2020-12-10,SZ300077,国民技术,8.74,11633843,545055200,557615000,487355.51
2020-12-10,SZ002398,垒知集团,8.51,2800923,556405573,692480426,589300.842526
2020-12-10,SZ002401,中远海科,13,2011600,302167026,309400100,402220.13
2020-12-10,SZ002400,省广集团,5.5,44962592,1670614579,1743337128,958835.4204
2020-12-10,SZ002399,海普瑞,18.65,2208056,1247201704,1467296204,2736507.42046
2020-12-10,SZ002404,嘉欣丝绸,7.55,22212525,459065751,577673641,436143.598955
2020-12-10,SZ002402,和而泰,17.3,14030867,792937241,914016928,1581249.28544
2020-12-10,SZ002403,爱仕达,8.07,1091562,315618676,350320801,282708.886407
2020-12-10,SH600870,退市厦华,2.77,1435289,523199665,523199665,144926.307205
2020-12-10,SZ002406,远东传动,6.82,4801875,469251857,620312954,423053.434628
2020-12-10,SZ002405,四维图新,15.37,36052970,1915901527,1961131560,3014259.20772
2020-12-10,SZ002407,多氟多,16.05,43037479,579039486,695000481,1115475.772005
2020-12-10,SZ002408,齐翔腾达,8.73,9248784,1733854392,1775209253,1549757.677869
2020-12-10,SZ300084,海默科技,4.75,7636460,329752181,384765738,182763.72555
2020-12-10,SZ300082,奥克股份,8.68,6545500,677563901,680098200,590325.2376
2020-12-10,SZ300081,恒信东方,8.68,10444252,368463010,529157876,459309.036368
2020-12-10,SZ300083,创世纪,9.73,49112158,1307061176,1428580868,1390009.184564
2020-12-10,SZ002409,雅克科技,62.21,5871757,241347334,462853503,2879411.642163
2020-12-10,SZ002411,必康退,6.08,11376344,1440488885,1532283909,931628.616672
2020-12-10,SZ002412,汉森制药,7.46,14437878,490577500,503200000,375387.2
2020-12-10,SZ002410,广联达,67.7,6420981,932281010,1184626188,8019919.29276
2020-12-10,SZ300085,银之杰,19.66,12799629,380073907,706640535,1389255.29181
2020-12-10,SZ300086,康芝药业,6.12,7222100,435662736,450000000,275400
2020-12-10,SZ300087,荃银高科,21.55,22730706,393969094,430330071,927361.303005
2020-12-10,SZ300088,长信科技,9.87,31412076,2416373104,2447483252,2415665.969724
2020-12-10,SZ002416,爱施德,8.65,26975348,1222705335,1239281806,1071978.76219
2020-12-10,SZ002413,雷科防务,7.42,18305194,1043819730,1101849267,817572.156114
2020-12-10,SZ002415,海康威视,45,43498215,8095391930,9345010696,42052548.132
2020-12-10,SZ002418,康盛股份,1.91,4443500,1135929750,1136400000,217052.4
2020-12-10,SZ002419,天虹股份,8.47,2717204,1199986996,1200300000,1016654.1
2020-12-10,SZ002420,毅昌科技,4.17,1197100,391624100,401000000,167217
2020-12-10,SZ002417,深南退,7.9,6292500,235597872,270000000,213300
2020-12-10,SZ002421,达实智能,3.86,10136078,1769934067,1924629229,742906.882394
2020-12-10,SZ002424,ST百灵,8.72,5498127,777681655,1411200000,1230566.4
2020-12-10,SZ002423,中粮资本,9.73,3463297,502986577,2304105575,2241894.724475
2020-12-10,SZ002422,科伦药业,20.47,5756802,1078281057,1438690477,2944999.406419
2020-12-10,SZ002425,凯撒文化,8.59,13164471,812990264,813744432,699006.467088
2020-12-10,SZ002426,胜利精密,2.19,52801712,2926840874,3441517719,753692.380461
2020-12-10,SZ002427,尤夫股份,5.12,1026028,437002889,437970123,224240.702976
2020-12-10,SZ002428,云南锗业,15.36,53576696,644314343,653120000,1003192.32
2020-12-10,SZ002429,兆驰股份,6.13,46398045,4496301410,4526940607,2775014.592091
2020-12-10,SZ002430,杭氧股份,26.41,7537096,963752923,964603777,2547518.575057
2020-12-10,SZ002431,棕榈股份,3.4,8995600,1364868856,1486985450,505575.053
2020-12-10,SZ002432,九安医疗,9.37,5047754,432805921,432805921,405539.147977
2020-12-10,SZ002435,ST长康,3.93,1948209,1199594549,1235983020,485741.32686
2020-12-10,SZ002436,兴森科技,10.57,14553210,1261414948,1487907504,1572718.231728
2020-12-10,SZ002433,太安退,4.4,4333407,744385700,766773200,337380.208
2020-12-10,SZ002434,万里扬,8.95,12584891,1173772044,1340000000,1199300
2020-12-10,SZ002437,誉衡药业,3.01,10105925,2176814554,2198122950,661635.00795
2020-12-10,SZ002438,江苏神通,11.2,2905966,454401962,485756156,544046.89472
2020-12-10,SZ002396,星网锐捷,25.58,16782325,583280278,583280278,1492030.951124
2020-12-10,SZ002439,启明星辰,28.7,9660511,714007126,933583742,2679385.33954
2020-12-10,SZ300089,文化退,5.36,3559600,281547854,481056870,257846.48232
2020-12-10,SZ300080,易成新能,5.94,50827077,1090830325,2024061798,1202292.708012
2020-12-10,SZ300091,*ST金灵,4.51,38295066,988301115,1230264538,554849.306638
2020-12-10,SH601000,唐山港,2.5,26438117,5925928614,5925928614,1481482.1535
2020-12-10,SZ002442,龙星科技,4.69,17117150,479552250,480000000,225120
2020-12-10,SZ002440,闰土股份,10.02,6558109,949847012,1150500000,1152801
2020-12-10,SZ002443,金洲管道,6.98,3526449,518674904,520535520,363333.79296
2020-12-10,SZ002441,众业达,8.32,2102400,395396328,544602079,453108.929728
2020-12-10,SZ300092,科新机电,9.96,4359476,167214295,231599000,230672.604
2020-12-10,SZ300093,*ST金刚,11.54,21901258,191764000,216000000,249264
2020-12-10,SZ300094,国联水产,5.95,117588309,875078961,919558815,547137.494925
2020-12-10,SZ002446,盛路通信,6.85,17224682,668904429,908773590,622509.90915
2020-12-10,SZ002444,巨星科技,26.85,10139470,1011863169,1075247700,2887040.0745
2020-12-10,SZ002447,晨鑫退,2.45,29763313,1350699863,1427193000,349662.285
2020-12-10,SZ002445,中南文化,2,4225320,1302639353,1389390631,277878.1262
2020-12-10,SH601288,农业银行,3.23,193437946,294055293904,349983033873,113044519.940979
2020-12-10,SZ002414,高德红外,37.84,12802330,1247583435,1591852878,6023571.290352
2020-12-10,SZ002448,中原内配,5.61,8056686,476990033,603144105,338363.842905
2020-12-10,SZ002449,国星光电,10.9,11069283,606350346,618477169,674140.11421
2020-12-10,SZ002453,华软科技,6.03,15341900,571300000,778414117,469383.712551
2020-12-10,SZ002454,松芝股份,6.11,5644822,624415016,628581600,384063.3576
2020-12-10,SZ002452,长高电新,6.39,1695100,433078752,530735100,339139.7289
2020-12-10,SZ002451,摩恩电气,7.98,15719669,427210626,439200000,350481.6
2020-12-10,SZ300097,ST智云,11.56,5226851,217343541,288549669,333563.417364
2020-12-10,SZ300096,ST易联众,8.51,6421895,376518329,430000000,365930
2020-12-10,SZ300095,华伍股份,11.35,7164900,275616523,378710854,429836.81929
2020-12-10,SZ300098,高新兴,4.89,35518478,1370226442,1763862482,862528.753698
2020-12-10,SZ002457,青龙管业,7.9,2653392,334838099,334992000,264643.68
2020-12-10,SZ002456,欧菲光,14.83,39203548,2668500575,2694739325,3996298.418975
2020-12-10,SZ002455,百川股份,5.65,17495762,393135583,517013060,292112.3789
2020-12-10,SH601717,中创智领,11.36,60754081,1489237170,1732471370,1968087.47632
2020-12-10,SZ300101,振芯科技,15.51,10783419,550797012,557340000,864434.34
2020-12-10,SZ300100,双林股份,12.72,16153327,381137698,456566616,580752.735552
2020-12-10,SZ300099,尤洛卡,7.46,8768050,435015180,667335255,497832.10023
2020-12-10,SZ002458,益生股份,12.26,14500965,622574300,990261363,1214060.431038
2020-12-10,SZ002460,赣锋锂业,79,20363080,801908433,1332888459,10529818.8261
2020-12-10,SZ002459,晶澳科技,33.61,15325882,388689351,1595332525,5361912.616525
2020-12-10,SZ300102,乾照光电,6.82,34736176,707032061,707515811,482525.783102
2020-12-10,SZ300103,达刚控股,12,5998635,243025414,317601000,381121.2
2020-12-10,SH601718,际华集团,3.1,22480710,4391629404,4391629404,1361405.11524
2020-12-10,SH601818,光大银行,4.06,118673365,39810603274,52489338774,21310671.542244
2020-12-10,SZ002463,沪电股份,19.52,14633993,1705741057,1724381768,3365993.211136
2020-12-10,SZ002462,嘉事堂,14.95,1513100,249724234,291707120,436102.1444
2020-12-10,SZ002461,珠江啤酒,9.98,12364055,2213325880,2213328480,2208901.82304
2020-12-10,SZ300107,建新股份,6.94,8892608,336740737,551152622,382499.919668
2020-12-10,SZ300105,龙源技术,4.56,5661200,513216000,513216000,234026.496
2020-12-10,SZ300106,西部牧业,12.84,19620285,211332310,211332310,271350.68604
2020-12-10,SZ300108,*ST吉药,4.27,9440200,441542564,666014674,284388.265798
2020-12-10,SZ300109,新开源,14.94,2253552,291159424,323068983,482665.060602
2020-12-10,SZ300110,华仁药业,4.73,11582701,1177492927,1182212982,559186.740486
2020-12-10,SZ300113,顺网科技,16.79,11457928,483758789,694287240,1165708.27596
2020-12-10,SZ300114,中航电测,13.93,8325250,590760499,590760499,822929.375107
2020-12-10,SZ300111,向日葵,3.29,16323502,1117239595,1119800000,368414.2
2020-12-10,SZ300112,万讯自控,9.87,6701500,215263682,285919767,282202.810029
2020-12-10,SZ002466,天齐锂业,28.17,171117475,1473442857,1477099383,4160988.961911
2020-12-10,SZ002465,海格通信,11.44,14499634,2253237840,2304448671,2636289.279624
2020-12-10,SZ002464,众应退,4.06,5030467,521794388,521794388,211848.521528
2020-12-10,SZ300115,长盈精密,24.64,17099111,905963702,1000856430,2466110.24352
2020-12-10,SZ300116,*ST保力,2.58,171210969,3687226011,4281082697,1104519.335826
2020-12-10,SZ300118,东方日升,18.88,58725025,631999980,901359941,1701767.568608
2020-12-10,SZ300117,*ST嘉寓,3.88,35406293,713460000,716760000,278102.88
2020-12-10,SZ002470,金正大,1.24,48592400,2836557330,3286027742,407467.440008
2020-12-10,SZ002467,二六三,6.33,12338611,1167308967,1361924423,862098.159759
2020-12-10,SZ002469,三维化学,5.79,4498000,474804203,584377840,338354.76936
2020-12-10,SZ002468,申通快递,11.63,12301648,1492045657,1530802166,1780322.919058
2020-12-10,SZ002472,双环传动,7.23,5162793,556037316,686584431,496400.543613
2020-12-10,SZ002471,中超控股,2.59,10214350,1264713531,1268000000,328412
2020-12-10,SZ002473,圣莱退,5.79,476400,160000000,160000000,92640
2020-12-10,SZ002475,立讯精密,51.8,53606400,6975078448,6983871085,36176452.2203
2020-12-10,SZ002474,榕基软件,6.73,4294155,478135770,622200000,418740.6
2020-12-10,SZ002476,宝莫股份,5.07,2970427,611948625,612000000,310284
2020-12-10,SZ300121,阳谷华泰,12.88,5886540,360275855,375131706,483169.637328
2020-12-10,SZ300120,经纬辉开,11.98,7896685,379847814,464478294,556444.996212
2020-12-10,SZ300119,瑞普生物,20.96,3260793,245028261,404493463,847818.298448
2020-12-10,SH600372,中航机载,17.03,16571956,1928214265,1928214265,3283748.893295
2020-12-10,SZ002479,富春环保,5.98,8575313,882144220,888888000,531555.024
2020-12-10,SZ002478,常宝股份,4.68,3417438,598747255,959992879,449276.667372
2020-12-10,SZ002480,新筑股份,4.69,3739700,643228996,769168670,360740.10623
2020-12-10,SZ002481,双塔食品,16.04,12082438,1106878575,1243390000,1994397.56
2020-12-10,SZ300124,汇川技术,84.15,10902566,1381440471,1719723440,14471472.7476
2020-12-10,SH601018,宁波港,3.74,13530490,13172847809,15807417370,5911974.09638
2020-12-10,SZ300122,智飞生物,142.3,14450894,900369025,1600000000,22768000
2020-12-10,SZ300123,亚光科技,14.22,24480359,902029102,1007630823,1432851.030306
2020-12-10,SZ002483,润邦股份,6,16937144,671200146,942288735,565373.241
2020-12-10,SZ002484,江海股份,10.97,11838616,766479614,818295426,897670.082322
2020-12-10,SZ002482,广田集团,3.53,20972806,1529294346,1537279657,542659.718921
2020-12-10,SZ000732,ST泰禾,3.7,12133473,2486076396,2488901440,920893.5328
2020-12-10,SH601177,杭齿前进,8.16,1367000,400060000,400060000,326448.96
2020-12-10,SZ300125,*ST聆达,14.49,5248803,263778988,265499995,384709.492755
2020-12-10,SZ300128,锦富技术,3.85,25147910,1093785662,1094115412,421234.43362
2020-12-10,SZ300127,银河磁体,17.93,3363000,227114890,323146360,579401.42348
2020-12-10,SZ300126,锐奇股份,9.38,15503780,210662529,303957600,285112.2288
2020-12-10,SH601377,兴业证券,8.36,72750477,6696671674,6696671674,5598417.519464
2020-12-10,SZ002487,大金重工,8.58,8584330,541587773,555718000,476806.044
2020-12-10,SZ002485,ST雪发,4.98,1524840,543969175,544000000,270912
2020-12-10,SZ002486,嘉麟杰,3.22,6099154,831982825,832000000,267904
2020-12-10,SZ300131,英唐智控,8.89,44463475,849744243,1069526426,950808.992714
2020-12-10,SZ300130,新国都,12.34,6244249,354087330,489159934,603623.358556
2020-12-10,SZ300129,泰胜风能,6.96,38158989,565337400,719153256,500530.666176
2020-12-10,SZ002489,浙江永强,4.14,5828596,1881461876,2175736503,900754.912242
2020-12-10,SZ002488,金固股份,7.43,6375800,813464788,1000930757,743691.552451
2020-12-10,SZ002491,通鼎互联,4.39,9684463,1169803418,1250463090,548953.29651
2020-12-10,SZ002490,山东墨龙,3.6,8098100,541615500,797848400,287225.424
2020-12-10,SZ300133,华策影视,6.69,17285744,1436600566,1755673701,1174545.705969
2020-12-10,SZ300132,青松股份,21.59,5080550,460125387,516580886,1115298.132874
2020-12-10,SZ300135,宝利国际,2.9,11861808,921600000,921600000,267264
2020-12-10,SZ300134,大富科技,11.64,4149238,712418006,767498006,893367.678984
2020-12-10,SH601098,中南传媒,10.42,4756954,1796000000,1796000000,1871432
2020-12-10,SZ002495,佳隆股份,2.56,7494600,713934903,935625600,239520.1536
2020-12-10,SZ002492,恒基达鑫,5.63,4648200,398131742,405000000,228015
2020-12-10,SZ002493,荣盛石化,25.28,21312752,5816234475,6750350000,17064884.8
2020-12-10,SH600998,九州通,17.33,5214013,1873793377,1873810877,3247314.249841
2020-12-10,SZ002494,华斯股份,4.39,2519014,295020038,385560818,169261.199102
2020-12-10,SZ300137,先河环保,6.92,4186543,473194639,551032550,381314.5246
2020-12-10,SZ300138,晨光生物,17.12,4588473,406536727,511867534,876317.218208
2020-12-10,SZ300136,信维通信,44.12,26695971,811590087,962868638,4248176.430856
2020-12-10,SZ002496,*ST辉丰,2.81,4202829,969065169,1507589677,423632.699237
2020-12-10,SZ002497,雅化集团,16.59,47499844,846871724,957352880,1588248.42792
2020-12-10,SZ002498,汉缆股份,4.07,15634969,3326796000,3326796000,1354005.972
2020-12-10,SZ002499,科林退,5.01,2696692,188984175,189000000,94689
2020-12-10,SZ300142,沃森生物,34.03,77999836,1478343199,1537436984,5231898.056552
2020-12-10,SZ300141,和顺电气,11.74,7734100,165590419,253884600,298060.5204
2020-12-10,SZ300140,节能环境,8.3,3716200,385636715,427244052,354612.56316
2020-12-10,SZ300139,晓程科技,11.7,10950698,226943125,274000000,320580
2020-12-10,SZ002500,山西证券,7.81,23666170,3589771547,3589771547,2803611.578207
2020-12-10,SZ002503,*ST搜特,2.22,24407702,2409545924,3092521224,686539.711728
2020-12-10,SZ002501,利源股份,2.4,42763381,1135079586,1214835580,291560.5392
2020-12-10,SZ002502,ST鼎龙,2.85,3318300,731680733,857994639,244528.472115
2020-12-10,SZ002504,*ST弘高,2.59,6634864,414473971,1025800523,265682.335457
2020-12-10,SZ002505,鹏都农牧,2.61,96792830,5485372200,6374261088,1663682.143968
2020-12-10,SZ002507,涪陵榨菜,44.83,10463432,777788237,789357241,3538688.511403
2020-12-10,SZ002508,老板电器,40.56,4261314,934900781,949024050,3849241.5468
2020-12-10,SH601777,千里科技,5.18,8748684,1285826279,1313757579,680526.425922
2020-12-10,SZ002511,中顺洁柔,21.14,11053490,1275289768,1311214041,2771906.482674
2020-12-10,SZ002510,天汽模,5.1,106683174,762071845,913971282,466125.35382
2020-12-10,SZ002513,蓝丰生化,4.24,731940,314423332,340086278,144196.581872
2020-12-10,SZ002512,达华智能,5.13,6288900,854834684,1144709132,587235.784716
2020-12-10,SZ002514,宝馨科技,3.87,8579140,405543559,554034264,214411.260168
2020-12-10,SZ002515,金字火腿,5.68,7138708,877759314,978313280,555681.94304
2020-12-10,SH601880,辽港股份,1.95,24715907,7735820000,12894535999,2514434.519805
2020-12-10,SZ002517,恺英网络,4.65,10760950,1423644878,2152517634,1000920.69981
2020-12-10,SZ002516,旷达科技,4.03,15974526,936302539,1470838682,592747.988846
2020-12-10,SZ002518,科士达,12.6,4912304,565356814,582445394,733881.19644
2020-12-10,SZ002519,银河电子,4.26,7039300,1011010107,1126430898,479859.562548
2020-12-10,SZ300143,盈康生命,21.47,2467534,518947592,642167010,1378732.57047
2020-12-10,SZ300144,宋城演艺,18.02,10410635,2208709179,2614694040,4711678.66008
2020-12-10,SZ300145,南方泵业,3.27,17314740,1766318294,1923438236,628964.303172
2020-12-10,SZ002523,天桥起重,2.53,4657100,1396730804,1416640800,358410.1224
2020-12-10,SZ002522,浙江众成,6.88,33446976,855905370,905779387,623176.218256
2020-12-10,SZ002520,日发精机,6.71,3647700,551709638,755380872,506860.565112
2020-12-10,SZ002521,齐峰新材,5.53,2433200,423939173,494685819,273561.257907
2020-12-10,SZ300147,ST香雪,9.15,10099392,651409714,661476335,605250.846525
2020-12-10,SZ300146,汤臣倍健,25.69,10668654,892686633,1581020554,4061641.803226
2020-12-10,SZ300148,天舟文化,3.87,16213400,791421635,844375046,326773.142802
2020-12-10,SH601933,永辉超市,7.26,124186827,9468251408,9516285608,6908823.351408
2020-12-10,SZ002524,光正眼科,14.73,54343114,487564515,517239591,761893.917543
2020-12-10,SZ002526,山东矿机,2.52,29394975,1692034443,1782793836,449264.046672
2020-12-10,SZ300150,世纪瑞尔,4.96,3188192,498629514,585106053,290212.602288
2020-12-10,SZ300151,昌红科技,27.4,2954814,308213830,502500000,1376850
2020-12-10,SZ300149,睿智医药,16.5,3348105,403547187,499776892,824631.8718
2020-12-10,SZ002528,ST英飞拓,4.03,3811666,1045780825,1198675082,483066.058046
2020-12-10,SZ002529,*ST海源,5.87,1815201,260000000,260000000,152620
2020-12-10,SZ002527,新时达,6,3236457,442915538,620207343,372124.4058
2020-12-10,SH601890,亚星锚链,6.17,37325739,959400000,959400000,591949.8
2020-12-10,SZ300153,科泰电源,8.07,22982749,317347386,320000000,258240
2020-12-10,SZ300154,瑞凌股份,6.25,2786100,319288150,455608000,284755
2020-12-10,SZ300152,ST新动力,3.23,21804749,712506750,712800000,230234.4
2020-12-10,SZ002532,天山铝业,8.11,7776843,430799504,3888526637,3153595.102607
2020-12-10,SZ002531,天顺风能,7.42,49964152,1769006513,1779019047,1320032.132874
2020-12-10,SZ002530,金财互联,7.66,6386138,636881461,779198175,596865.80205
2020-12-10,SZ002533,金杯电工,5.68,3066962,527134755,734566277,417233.645336
2020-12-10,SH601126,四方股份,7.28,3756837,788187492,813172000,591989.216
2020-12-10,SZ300157,新锦动力,4.22,10831348,707069951,712113257,300511.794454
2020-12-10,SZ300158,振东制药,5.63,9516725,1011705806,1027494660,578479.49358
2020-12-10,SZ300159,*ST新研,3.74,15978397,1420468655,1490360202,557394.715548
2020-12-10,SH601118,海南橡胶,5.06,24054444,4279427797,4279427797,2165390.465282
2020-12-10,SZ300155,安居宝,7.43,6603167,281909171,543370602,403724.357286
2020-12-10,SZ002534,西子洁能,9.14,13359496,736808760,739201050,675629.7597
2020-12-10,SZ002537,海联金汇,7.43,29492343,1237835239,1237835239,919711.582577
2020-12-10,SZ002536,飞龙股份,5.75,7377655,471171227,500711814,287909.29305
2020-12-10,SZ002535,林州重机,1.55,5807161,569303753,801683074,124260.87647
2020-12-10,SZ300162,雷曼光电,8.28,6634300,240519899,349510030,289394.30484
2020-12-10,SZ300163,先锋新材,4.06,8160540,347580822,474000000,192444
2020-12-10,SZ300161,华中数控,18.97,940702,168004991,172765551,327736.250247
2020-12-10,SZ300160,秀强股份,8.18,18147340,583116035,618502423,505934.982014
2020-12-10,SZ300164,通源石油,4.43,12208405,363998000,513530289,227493.918027
2020-12-10,SZ002541,鸿路钢构,39.1,5056066,370474712,523718853,2047740.71523
2020-12-10,SZ002540,亚太科技,5.04,3579315,895182863,1270529500,640346.868
2020-12-10,SZ002539,云图控股,7.4,9877172,658049663,1010100000,747474
2020-12-10,SZ002538,司尔特,6.13,5779854,698476836,718149061,440225.374393
2020-12-10,SH601700,风范股份,4.53,3868250,1133232000,1133232000,513354.096
2020-12-10,SZ300166,东方国信,12.25,11608041,818033906,1056190495,1293833.356375
2020-12-10,SZ300165,ST天瑞,5.44,5801288,319409769,490185830,266661.09152
2020-12-10,SZ300168,万达信息,21.66,14025731,1180500935,1187584762,2572308.594492
2020-12-10,SZ300169,天晟新材,7.06,20093681,270708290,325984340,230144.94404
2020-12-10,SZ300167,ST迪威迅,5.68,8241300,300240000,300240000,170536.32
2020-12-10,SH601137,博威合金,11.41,3739148,720030830,790044972,901441.313052
2020-12-10,SZ002542,中化岩土,3.3,5156403,1342894617,1805571309,595838.53197
2020-12-10,SZ002544,普天科技,15.78,9561042,512662189,576711687,910051.042086
2020-12-10,SH601519,大智慧,9.82,29641187,1987700000,1987700000,1951921.4
2020-12-10,SZ002543,万和电气,8.7,2987868,630839397.5,743600000,646932
2020-12-10,SZ300171,东富龙,17.07,5820305,427877527,628337040,1072571.32728
2020-12-10,SZ300170,汉得信息,8.88,7611690,802678809,884016939,785007.041832
2020-12-10,SH601799,星宇股份,187.32,1612749,276155232,276155232,5172939.805824
2020-12-10,SZ300172,中电环保,6.07,5542453,376021987,520710550,316071.30385
2020-12-10,SH601616,广电电气,3.18,5499872,935575000,935575000,297512.85
2020-12-10,SZ300173,ST福能,7.07,2846400,586180503,734725698,519451.068486
2020-12-10,SZ300174,元力股份,18,904536,242379640,309903168,557825.7024
2020-12-10,SZ002546,新联电子,4.17,4832680,788773846,834049096,347798.473032
2020-12-10,SZ002545,东方铁塔,7.68,4179880,1032046194,1244062083,955439.679744
2020-12-10,SZ300179,四方达,6.97,12043324,339026288,494328999,344547.312303
2020-12-10,SZ300176,鸿特科技,8.32,7992990,375189764,387280800,322217.6256
2020-12-10,SZ300175,ST朗源,5.76,31228500,470800000,470800000,271180.8
2020-12-10,SZ300177,中海达,10.75,9725937,506504348,676940853,727711.416975
2020-12-10,SZ300178,腾邦退,3.98,14645102,584187323,616508293,245370.300614
2020-12-10,SZ002549,凯美特气,8.94,35760249,620234925,623700000,557587.8
2020-12-10,SZ002547,春兴精工,5.23,26420548,772101881,1128057168,589973.898864
2020-12-10,SZ002550,千红制药,4.44,3021961,910898714,1279875000,568264.5
2020-12-10,SZ002548,金新农,8.52,11109662,504108350,562544723,479288.103996
2020-12-10,SZ300184,力源信息,5.72,11396540,998433934,1178158222,673906.502984
2020-12-10,SZ300180,华峰超纤,6.34,25719491,1335584851,1761060155,1116512.13827
2020-12-10,SZ300183,东软载波,18.72,7665049,283989137,462609137,866004.304464
2020-12-10,SH601216,君正集团,4.99,104288940,8438017390,8438017390,4210570.67761
2020-12-10,SZ300182,捷成股份,4.99,33845084,1985096110,2574960807,1284905.442693
2020-12-10,SZ300181,佐力药业,6.34,5578600,463805438,608624848,385868.153632
2020-12-10,SZ002553,南方精工,9.54,38663719,234294201,348000000,331992
2020-12-10,SZ002552,宝鼎科技,14.02,1221901,231344046,306232338,429337.737876
2020-12-10,SZ002551,尚荣医疗,6.36,7885755,541537242,820236788,521670.597168
2020-12-10,SZ002554,惠博普,2.5,12656573,826892151,1070810000,267702.5
2020-12-10,SH601992,金隅集团,3.04,22263430,8334158264,10677771134,3246042.424736
2020-12-10,SH601116,三江购物,12.34,1583500,410758800,547678400,675835.1456
2020-12-10,SZ002557,洽洽食品,58.84,4964430,507000000,507000000,2983188
2020-12-10,SZ002556,辉隆股份,8.55,12046894,738630527,859042243,734481.117765
2020-12-10,SZ002555,三七互娱,28.44,32249692,1479641857,2112251697,6007243.826268
2020-12-10,SZ002558,巨人网络,17.28,3716354,2024379932,2024379932,3498128.522496
2020-12-10,SZ002560,通达股份,8.3,2865200,285443842,518762470,430572.8501
2020-12-10,SZ002561,徐家汇,7.78,1476100,392498331,415763000,323463.614
2020-12-10,SZ002559,亚威股份,5.69,2067278,460519984,556723012,316775.393828
2020-12-10,SZ300185,通裕重工,3.91,119834132,3002509240,3267743928,1277687.875848
2020-12-10,SZ300187,永清环保,7.02,6335809,635474541,644500165,452439.11583
2020-12-10,SH601011,宝泰隆,4.27,102167113,1604807397,1604807397,685252.758519
2020-12-10,SZ002564,天沃科技,3.54,7127116,868477204,869375282,307758.849828
2020-12-10,SZ002562,兄弟科技,5.85,8186064,584511895,947618393,554356.759905
2020-12-10,SZ002563,森马服饰,9.64,10674803,1887541790,2697592780,2600479.43992
2020-12-10,SZ300188,国投智能,22.39,6546554,600293373,805906054,1804423.654906
2020-12-10,SZ300190,维尔利,8.12,4140729,745959911,781554210,634622.01852
2020-12-10,SZ300189,神农种业,6.1,162249490,963049748,1024000000,624640
2020-12-10,SZ300191,潜能恒信,18.95,1793207,207020000,320000000,606400
2020-12-10,SH601199,江南水务,3.96,3362304,935210292,935210292,370343.275632
2020-12-10,SZ002566,益盛药业,6.78,1565285,231720584,330951600,224385.1848
2020-12-10,SZ002565,顺灏股份,4.65,13241014,1055396598,1060156922,492972.96873
2020-12-10,SZ300193,佳士科技,7.66,1761020,454473100,506901310,388286.40346
2020-12-10,SZ300194,福安药业,5.81,25175056,933665147,1189712382,691222.893942
2020-12-10,SZ300192,科德教育,16.43,2650100,194587611,297023415,488009.470845
2020-12-10,SZ002567,唐人神,8.31,27379887,951569006,979077582,813613.470642
2020-12-10,SZ002568,百润股份,90.6,6595100,348700333,535852426,4854822.97956
2020-12-10,SZ300196,长海股份,15.04,3868013,245831375,408700379,614685.370016
2020-12-10,SZ300195,长荣股份,6.65,7278000,292866281,423387356,281552.59174
2020-12-10,SZ300197,节能铁汉,3.12,29729705,1780780047,2353856995,734403.38244
2020-12-10,SZ300198,ST纳川,5.33,16451550,869391309,1031548540,549815.37182
2020-12-10,SZ300199,翰宇药业,7.04,8293960,628946640,916927040,645516.63616
2020-12-10,SZ300201,海伦哲,3.69,19292634,920814414,1040921518,384100.040142
2020-12-10,SZ300200,高盟新材,11.2,6742492,410914433,426229073,477376.56176
2020-12-10,SZ002075,沙钢股份,12.15,64487065,2206770272,2206771772,2681227.70298
2020-12-10,SZ002572,索菲亚,26.07,12339449,637443963,912370038,2378548.689066
2020-12-10,SZ002569,*ST步森,11.75,474400,139625250,144210000,169446.75
2020-12-10,SZ002571,德力股份,8.77,24809738,297237438,391950700,343740.7639
2020-12-10,SZ002570,贝因美,5.76,9822842,1022465250,1022520000,588971.52
2020-12-10,SZ300202,聚龙退,10.05,10701037,446221971,549504000,552251.52
2020-12-10,SZ300204,舒泰神,10.01,1132234,467148363,476034544,476510.578544
2020-12-10,SZ300203,聚光科技,12.68,3955108,452029900,452517400,573792.0632
2020-12-10,SZ300206,理邦仪器,16.9,4510815,340438065,581721846,983109.91974
2020-12-10,SZ300205,*ST天喻,11.25,3612602,425988788,430056000,483813
2020-12-10,SZ300207,欣旺达,28.24,22633286,1385754517,1574979031,4447740.783544
2020-12-10,SZ002573,清新环境,5.43,2175112,1079155238,1081272100,587130.7503
2020-12-10,SZ002574,明牌珠宝,4.77,2547262,528000000,528000000,251856
2020-12-10,SZ002575,群兴玩具,3.66,3320536,588720000,618720000,226451.52
2020-12-10,SZ300208,中程退,11.72,50903758,687394322,749475000,878384.7
2020-12-10,SZ300210,森远股份,4.64,10724620,390226401,484219953,224678.058192
2020-12-10,SZ300209,行云科技,11.26,3699837,321079553,423732024,477122.259024
2020-12-10,SZ002578,闽发铝业,3.65,13040288,851812634,988093296,360654.05304
2020-12-10,SH601258,*ST庞大,1.06,27092234,10227225070,10227225070,1084085.85742
2020-12-10,SZ002576,通达动力,11.88,2078654,164415254,165100000,196138.8
2020-12-10,SZ002577,雷柏科技,12.88,2728114,282865000,282880000,364349.44
2020-12-10,SZ300212,易华录,27.42,7703147,616226118,649787770,1781718.06534
2020-12-10,SZ300213,佳讯飞鸿,7.69,11688583,545219692,595506888,457944.796872
2020-12-10,SZ300211,*ST亿通,7.16,2860097,296976427,302675973,216715.996668
2020-12-10,SZ002580,圣阳股份,5.98,3009212,312352088,349129995,208779.73701
2020-12-10,SH601218,吉鑫科技,3.39,10092900,977360000,977360000,331325.04
2020-12-10,SZ002579,中京电子,13.42,2353960,354260721,497138001,667159.197342
2020-12-10,SH601113,华鼎股份,3.31,1577800,907682240,1141481073,377830.235163
2020-12-10,SZ300215,电科院,7.83,5792805,560166162,758322487,593766.507321
2020-12-10,SZ300214,日科化学,8.69,1644048,361940722,425812614,370031.161566
2020-12-10,SZ300219,鸿利智汇,11,5923000,627695169,707943506,778737.8566
2020-12-10,SZ300218,安利股份,11.61,1639901,216276394,216987000,251921.907
2020-12-10,SZ300217,东方电热,3.88,52314939,879158247,1273493706,494115.557928
2020-12-10,SH601233,桐昆股份,19,40925345,2134202733,2134202733,4054985.1927
2020-12-10,SH601208,东材科技,10.67,4996400,613431000,626601000,668583.267
2020-12-10,SZ002582,好想你,12.82,6771804,412257572,515684160,661107.09312
2020-12-10,SZ002581,ST未名,17.76,18099887,400791161,659735586,1171690.400736
2020-12-10,SZ300222,科大智能,11.52,11623395,543471845,723762090,833773.92768
2020-12-10,SZ300220,金运激光,26.1,9159914,150391231,151200000,394632
2020-12-10,SZ300221,银禧科技,8.46,73680604,420015748,449943563,380652.254298
2020-12-10,SH601599,浙文影业,3,3332536,892724964,892724964,267817.4892
2020-12-10,SZ002583,海能达,6.45,13314166,1053333295,1839573991,1186525.224195
2020-12-10,SH601566,九牧王,10.85,6177387,574637150,574637150,623481.30775
2020-12-10,SZ300225,*ST金泰,14.14,34594352,467288643,489205300,691736.2942
2020-12-10,SZ300223,北京君正,97.79,7109608,126735696,468977393,4586129.926147
2020-12-10,SZ300224,正海磁材,11.2,11801968,811862686,820216556,918642.54272
2020-12-10,SZ002585,双星新材,8.92,41530625,879795329,1156278085,1031400.05182
2020-12-10,SZ002584,西陇科学,6.16,4528075,387640092,585216422,360493.315952
2020-12-10,SZ002586,ST围海,2.17,2485293,888790647,1144223714,248296.545938
2020-12-10,SH601311,骆驼股份,8.91,26374240,1121703209,1121703209,999437.559219
2020-12-10,SH601010,文峰股份,3.08,2987550,1848000000,1848000000,569184
2020-12-10,SZ300226,上海钢联,65.18,2561527,183450479,190930620,1244485.78116
2020-12-10,SZ300227,光韵达,11.28,29111561,365630815,475813863,536718.037464
2020-12-10,SZ300228,富瑞特装,6.5,15893697,420083442,471416592,306420.7848
2020-12-10,SZ002590,万安科技,7.58,4041689,433319050,479646926,363572.369908
2020-12-10,SZ002587,奥拓电子,5.92,14066188,432913851,616272084,364833.073728
2020-12-10,SZ002589,瑞康医药,5.93,13431038,1146956754,1504710471,892293.309303
2020-12-10,SZ002588,史丹利,5.22,7321250,786587450,1156884000,603893.448
2020-12-10,SZ300231,银信科技,9.65,6811305,359838701,442100220,426626.7123
2020-12-10,SZ300230,永利股份,5.61,13571812,554870040,816206041,457891.589001
2020-12-10,SH601567,三星医疗,6.92,4464061,1386569053,1386569053,959505.784676
2020-12-10,SZ300229,拓尔思,9.75,3914855,705482765,717016830,699091.40925
2020-12-10,SZ002591,恒大高新,6.25,1185500,216549093,304480284,190300.1775
2020-12-10,SZ300233,金城医药,23.7,6720678,365633314,391549838,927973.11606
2020-12-10,SZ300232,洲明科技,9.76,9684829,715311793,982254034,958679.937184
2020-12-10,SH601798,蓝科高新,7.96,2113436,354528198,354528198,282204.445608
2020-12-10,SZ300234,开尔新材,7.17,4518482,316414358,511424086,366691.069662
2020-12-10,SZ002593,日上集团,3.85,4881350,467731880,701110000,269927.35
2020-12-10,SZ002595,豪迈科技,27.13,2957091,527047534,800000000,2170400
2020-12-10,SZ300235,方直科技,13.89,1382100,112519477,167831090,233117.38401
2020-12-10,SZ300237,ST美晨,2.99,25828563,1439848251,1453072510,434468.68049
2020-12-10,SZ300236,上海新阳,51.85,6261220,286009745,290648916,1507014.62946
2020-12-10,SZ002594,比亚迪,169.52,37043628,1145667543,2728142855,46247477.67796
2020-12-10,SH601058,赛轮轮胎,5.36,31107309,2485145450,2699480678,1446921.643408
2020-12-10,SZ300239,东宝生物,6.08,21317602,504993840,521810108,317260.545664
2020-12-10,SZ300240,飞力达,6.13,4148600,361599454,365559750,224088.12675
2020-12-10,SZ300238,冠昊生物,26.95,10082352,257451751,265155701,714594.614195
2020-12-10,SZ002596,海南瑞泽,5.88,9710900,1016169331,1147580518,674777.344584
2020-12-10,SZ002598,山东章鼓,6.74,3409510,270107663,312000000,210288
2020-12-10,SZ002597,金禾实业,32.17,2941111,559094956,560829221,1804187.603957
2020-12-10,SZ000620,盈新发展,2.71,6203026,1896191670,1896690420,514003.10382
2020-12-10,SZ300241,瑞丰光电,7.94,13029358,425974511,535794963,425421.200622
2020-12-10,SZ300242,佳云科技,5.26,8914000,594451698,634555224,333776.047824
2020-12-10,SZ300243,瑞丰高材,13.95,6400640,187755451,232322851,324090.377145
2020-12-10,SZ002601,龙佰集团,33.68,21635632,1417619921,2032020889,6843846.354152
2020-12-10,SZ002600,领益智造,14.12,64713835,1890751949,7042004019,9943309.674828
2020-12-10,SZ002599,盛通股份,4.25,4202253,365272307,547919805,232865.917125
2020-12-10,SZ300246,宝莱特,28.15,1494583,107753865,146088000,411237.72
2020-12-10,SZ300245,天玑科技,10.01,2546752,307960307,313457493,313770.950493
2020-12-10,SZ300244,迪安诊断,35.79,7427142,457553778,620458296,2220620.241384
2020-12-10,SH600898,*ST美讯,5.9,6455144,252523820,252523820,148989.0538
2020-12-10,SZ002603,以岭药业,24.48,6434505,986659594,1203717463,2946700.349424
2020-12-10,SZ002602,世纪华通,7.72,31687064,4500026022,7452556968,5753373.979296
2020-12-10,SZ300247,融捷健康,3.02,10303100,802130382,804040313,242820.174526
2020-12-10,SZ300248,新开普,10.17,4891752,331360247,481092495,489271.067415
2020-12-10,SZ300251,光线传媒,12.51,14643085,2784009632,2933608432,3669944.148432
2020-12-10,SZ300250,初灵信息,12.1,1911037,155965552,219989902,266187.78142
2020-12-10,SZ300249,依米康,7.15,4797502,305270250,437470194,312791.18871
2020-12-10,SZ002606,大连电瓷,7.62,19054504,406903500,411096000,313255.152
2020-12-10,SZ002605,姚记科技,27.21,2000145,272909407,401984737,1093800.469377
2020-12-10,SH601222,林洋能源,6.92,32885144,1748881073,1748881073,1210225.702516
2020-12-10,SZ002608,江苏国信,6.34,1618283,3778079704,3778079704,2395302.532336
2020-12-10,SH601901,方正证券,8.82,33649408,8232101395,8232101395,7260713.43039
2020-12-10,SZ002607,中公教育,38.48,8762957,783990960,6167399389,23732152.848872
2020-12-10,SH601636,旗滨集团,11.09,73100175,2683208640,2686235840,2979035.54656
2020-12-10,SZ002610,ST爱康,2.54,306620373,4386349697,4487969248,1139944.188992
2020-12-10,SZ002609,捷顺科技,10.12,4093895,432584366,644389341,652122.013092
2020-12-10,SH601789,宁波建工,4.17,6696007,976080000,976080000,407025.36
2020-12-10,SZ300253,卫宁健康,16.34,30089653,1736207954,2133857304,3486722.834736
2020-12-10,SH601886,江河集团,5.91,2746385,1154050000,1154050000,682043.55
2020-12-10,SZ300252,金信诺,10.34,6077047,411331920,577478834,597113.114356
2020-12-10,SH600727,鲁北化工,7.54,5222953,350926607,528583135,398551.68379
2020-12-10,SZ300257,开山股份,13.99,3646071,817715633,858000000,1200342
2020-12-10,SZ300256,星星科技,6.86,7344990,957798584,957936396,657144.367656
2020-12-10,SZ300254,仟源医药,7.5,1390996,192631034,227970921,170978.19075
2020-12-10,SZ300255,常山药业,6.38,6967340,681470375,934966878,596508.868164
2020-12-10,SZ300258,精锻科技,16.36,3831873,376979533,481770753,788176.951908
2020-12-10,SZ000981,山子高科,2.52,0,2574315600,4027989882,1015053.450264
2020-12-10,SH600057,厦门象屿,6.04,12029907,2157454085,2157454085,1303102.26734
2020-12-10,SZ002612,朗姿股份,19.34,32595521,261359227,442445375,855689.35525
2020-12-10,SZ002613,北玻股份,4.35,21394312,557680914,937170000,407668.95
2020-12-10,SZ002611,东方精工,4.77,9363158,1302841393,1545126957,737025.558489
2020-12-10,SZ300259,新天科技,5.18,7479420,814157151,1175657958,608990.822244
2020-12-10,SZ300261,雅本化学,6.29,9022350,932357109,963309471,605921.657259
2020-12-10,SZ300260,新莱应材,19.07,2276948,151799353,226559307,432048.598449
2020-12-10,SH601908,京运通,7.35,73840180,1993017701,1993017701,1464868.010235
2020-12-10,SH600681,百川能源,5.09,2924212,1440691028,1442740310,734354.81779
2020-12-10,SZ002615,哈尔斯,5.35,2489175,225303132,410582079,219661.412265
2020-12-10,SZ002614,奥佳华,13.28,4247136,390066818,615871911,817877.897808
2020-12-10,SZ300265,通光线缆,11.88,8952727,364199703,364935453,433543.318164
2020-12-10,SZ300262,*ST巴安,4.01,8616875,458480299,669766999,268576.566599
2020-12-10,SZ300263,隆华科技,7.77,7740960,730862588,914393304,710483.597208
2020-12-10,SZ300264,佳创视讯,4.56,7563460,332080837,413100000,188373.6
2020-12-10,SH601677,明泰铝业,13.1,8868153,595471345,616301845,807355.41695
2020-12-10,SZ002618,丹邦退,7.2,31767879,547920000,547920000,394502.4
2020-12-10,SZ002616,长青集团,8.46,7060847,455827044,741883144,627633.139824
2020-12-10,SZ002617,露笑科技,7.17,54675843,1194039718,1510668434,1083149.267178
2020-12-10,SZ300267,尔康制药,4.57,12618121,1420174929,2062604870,942610.42559
2020-12-10,SZ300266,兴源环境,3.63,13867411,1548898416,1564431057,567888.473691
2020-12-10,SZ300268,*ST佳沃,14.25,8362273,133813975,174200000,248235
2020-12-10,SH601633,长城汽车,24.4,26677724,6027729000,9175953300,22389326.052
2020-12-10,SZ002619,*ST艾格,1.99,32396647,1431366046,1844896231,367134.349969
2020-12-10,SZ002621,*ST美吉,6.42,3305541,764752456,826662867,530717.560614
2020-12-10,SH600633,浙数文化,8.78,4262934,1301923953,1301923953,1143089.230734
2020-12-10,SZ002620,ST瑞和,6.15,1918200,309838969,378292000,232649.58
2020-12-10,SH601996,丰林集团,2.94,8355087,1080340900,1145622800,336813.1032
2020-12-10,SH600094,大名城,4.45,11600613,2276604962,2475325057,1101519.650365
2020-12-10,SZ300270,中威电子,6.73,6938300,198037165,302806028,203788.456844
2020-12-10,SZ300269,联建光电,4.89,18461750,421303275,561524275,274585.370475
2020-12-10,SZ002623,亚玛顿,38.8,3452021,159573625,160000000,620800
2020-12-10,SH601669,中国电建,3.97,46100422,11144401540,15299035024,6073716.904528
2020-12-10,SZ002622,皓宸医疗,3.07,25625400,839976750,840000000,257880
2020-12-10,SH600313,农发种业,4.88,62927743,1019397107,1082198663,528112.947544
2020-12-10,SZ300271,华宇软件,25.9,5540119,688867986,815743618,2112775.97062
2020-12-10,SZ300273,和佳退,5.85,10529000,602268236,794514776,464791.14396
2020-12-10,SH601100,恒立液压,98.43,4606049,1305360000,1305360000,12848658.48
2020-12-10,SZ002624,完美世界,27,22565764,1789816072,1939632360,5237007.372
2020-12-10,SZ002626,金达威,36.63,6390288,616391927,616481927,2258173.298601
2020-12-10,SZ300275,梅安森,10.91,3117900,125958378,169229800,184629.7118
2020-12-10,SZ300274,阳光电源,56.38,56876792,1084190901,1457236850,8215901.3603
2020-12-10,SZ300272,开能健康,5.35,5449382,405514427,582794909,311795.276315
2020-12-10,SZ002628,成都路桥,3.94,4173661,732627906,762216215,300313.18871
2020-12-10,SZ002627,三峡旅游,5.38,5072107,531134095,567806244,305479.759272
2020-12-10,SZ002629,仁智股份,2.25,559700,344460783,411948000,92688.3
2020-12-10,SZ002625,光启技术,19.27,14849060,1488294977,2154587862,4151890.810074
2020-12-10,SH601028,玉龙股份,12.39,3911602,783025760,783025760,970168.91664
2020-12-10,SZ002631,德尔未来,7.74,19241328,654147046,665578725,515157.93315
2020-12-10,SZ002630,ST华西,2.5,25841180,971562537,1180800000,295200
2020-12-10,SZ002592,ST八菱,4.08,1426200,248381383,283331157,115599.112056
2020-12-10,SZ300276,三丰智能,4.77,10397266,807203384,1431170562,682668.358074
2020-12-10,SZ002632,道明光学,7.26,2003496,586920538,624599090,453458.93934
2020-12-10,SZ002633,申科股份,8.24,647500,149418750,150000000,123600
2020-12-10,SZ300277,海联讯,10.52,3962502,334390625,335000000,352420
2020-12-10,SZ002636,金安国纪,9.87,65106497,723107222,728000000,718536
2020-12-10,SZ002637,赞宇科技,12.78,4099879,388718125,422560000,540031.68
2020-12-10,SZ002638,勤上股份,1.8,61908730,979369882,1518685574,273363.40332
2020-12-10,SZ002635,安洁科技,18.55,7924264,362558464,634202080,1176444.8584
2020-12-10,SH601928,凤凰传媒,6.86,2430967,2544900000,2544900000,1745801.4
2020-12-10,SZ000719,中原传媒,7.12,2212967,667147543,1023203749,728521.069288
2020-12-10,SZ002639,雪人集团,6.84,14412229,558671642,674072767,461065.772628
2020-12-10,SZ002634,棒杰股份,7.82,4815944,330206864,459352513,359213.665166
2020-12-10,SZ002640,跨境通,5.89,15106355,1234376533,1558041330,917686.34337
2020-12-10,SZ002641,公元股份,7.27,11330800,932131965,1193914987,867976.195549
2020-12-10,SH601555,东吴证券,9.66,30225514,3880518908,3880518908,3748581.265128
2020-12-10,SZ300278,华昌达,5.42,11427104,394166385,597183412,323673.409304
2020-12-10,SH601336,新华保险,59.68,13064627,2085439340,3119546600,18617454.1088
2020-12-10,SZ002642,荣联科技,5.05,5677850,555734352,670080313,338390.558065
2020-12-10,SZ002645,华宏科技,9.12,6352919,432318223,567721698,517762.188576
2020-12-10,SZ002643,万润股份,19,9698550,894381728,909133215,1727353.1085
2020-12-10,SZ002644,佛慈制药,7.58,1249100,510657000,510657000,387078.006
2020-12-10,SZ002646,天佑德酒,19.51,65035456,449815650,450000000,877950
2020-12-10,SZ002648,卫星化学,25.86,20157921,1064148806,1225535321,3169234.340106
2020-12-10,SZ002647,*ST仁东,16.99,1281100,559936650,559936650,951332.36835
2020-12-10,SZ300281,金明精机,7.02,9067400,397325912,418923580,294084.35316
2020-12-10,SZ300280,紫天退,53.93,1302131,154303169,162065744,874020.557392
2020-12-10,SZ300279,和晶科技,6.86,45590012,439536257,448941998,307974.210628
2020-12-10,SZ300282,三盛退,5.24,5964100,373609661,374306455,196136.58242
2020-12-10,SZ002650,ST加加,6.88,21511750,1151962500,1152000000,792576
2020-12-10,SZ002649,博彦科技,10.39,11847438,460235081,530057100,550729.3269
2020-12-10,SZ002651,利君股份,10.58,19947963,533138641,1033460000,1093400.68
2020-12-10,SZ300283,温州宏丰,6.38,22389612,260140605,414361350,264362.5413
2020-12-10,SZ300284,苏交科,6.84,6897620,691803722,971405980,664441.69032
2020-12-10,SZ300286,安科瑞,17.69,4759795,172267834,214939625,380228.196625
2020-12-10,SZ300285,国瓷材料,42.67,13737884,754145067,963341059,4110576.298753
2020-12-10,SZ002653,海思科,20.72,1777724,474958020,1074479620,2226321.77264
2020-12-10,SZ002652,扬子新材,3.65,15149560,447615510,512064000,186903.36
2020-12-10,SZ300287,飞利信,4.53,25900700,1160324604,1435273808,650179.035024
2020-12-10,SZ300291,百纳千成,5.44,7532634,762470944,817473676,444705.679744
2020-12-10,SH601515,衢州东峰,6.27,6317445,1334405921,1334405921,836672.512467
2020-12-10,SZ300288,朗玛信息,12.05,3741300,210780230,337941402,407219.38941
2020-12-10,SZ300289,利德曼,6.67,4157600,417614060,421051985,280841.673995
2020-12-10,SZ300290,荣科科技,7.71,8267750,528339311,597527930,460694.03403
2020-12-10,SZ002655,共达电声,8.28,11868973,360000000,360000000,298080
2020-12-10,SZ002654,万润科技,4.15,3664500,665098641,874505619,362919.831885
2020-12-10,SH601231,环旭电子,21.55,12276342,2182613370,2182613370,4703531.81235
2020-12-10,SH601929,吉视传媒,2.04,10017602,3111108713,3111108713,634666.177452
2020-12-10,SZ002656,*ST摩登,1.75,2332080,573267514,712519844,124690.9727
2020-12-10,SZ002657,中科金财,12.43,2258350,297323923,337576686,419607.820698
2020-12-10,SZ300292,吴通控股,4.7,12384700,1034641190,1274850476,599179.72372
2020-12-10,SZ300293,蓝英装备,18.35,6848200,270000000,270000000,495450
2020-12-10,SZ300294,博雅生物,37.78,5075411,433324863,433324863,1637101.332414
2020-12-10,SZ002662,峰璟股份,4.03,17402102,1499981100,1500000000,604500
2020-12-10,SH601800,中国交建,7.58,13321249,11747235425,16174735425,12260449.45215
2020-12-10,SZ002658,雪迪龙,6.19,2667794,306253210,604900075,374433.146425
2020-12-10,SZ002659,凯文教育,7,17628800,498561737,598280384,418796.2688
2020-12-10,SZ300296,利亚德,7.23,29050604,1940440248,2542901335,1838517.665205
2020-12-10,SZ300295,三六五网,13.78,3114400,162953149,192287750,264972.5195
2020-12-10,SZ300297,蓝盾退,5.64,51422762,1004230055,1249832323,704905.430172
2020-12-10,SZ002660,茂硕电源,8.54,3176028,206873945,274327707,234275.861778
2020-12-10,SZ002664,信质集团,15.08,4229790,390127875,400020000,603230.16
2020-12-10,SZ002663,普邦股份,2.16,7399525,1311009212,1795890452,387912.337632
2020-12-10,SZ002661,克明食品,19.91,3801926,329014246,333930450,664855.52595
2020-12-10,SZ300299,富春股份,8.29,9734331,639542642,691229485,573029.243065
2020-12-10,SZ300298,三诺生物,36.12,3517922,440997913,565314734,2041916.819208
2020-12-10,SZ300303,聚飞光电,5.99,21982278,1145035340,1278023219,765535.908181
2020-12-10,SZ300300,海峡创新,5.93,9593817,671228655,671396910,398138.36763
2020-12-10,SZ300304,云意电气,5.44,17137658,843869734,866036018,471123.593792
2020-12-10,SZ300302,同有科技,12.16,5351880,342679682,479871230,583523.41568
2020-12-10,SZ300301,ST长方,5.58,102527008,623858800,790108769,440880.693102
2020-12-10,SZ002665,ST航高,2.42,46159859,2284363277,2538720737,614370.418354
2020-12-10,SZ002666,德联集团,5.67,3786700,446849798,754329268,427704.694956
2020-12-10,SH601238,广汽集团,12.57,40452618,7139310095,10237930400,12869078.5128
2020-12-10,SZ300307,慈星股份,7.02,2903900,771765047,780541776,547940.326752
2020-12-10,SZ300305,裕兴股份,9.54,1843700,232595319,288753000,275470.362
2020-12-10,SZ300306,远方信息,10.35,1990200,150355025,268958778,278372.33523
2020-12-10,SZ002667,威领股份,7.13,1626270,231023625,231132000,164797.116
2020-12-10,SZ300308,中际旭创,51.95,6186096,679741963,713165136,3704892.88152
2020-12-10,SZ300309,吉艾退,3.26,19526320,837444268,886123765,288876.34739
2020-12-10,SH601012,隆基绿能,74.1,57686786,3771683291,3771768901,27948807.55641
2020-12-10,SZ002669,康达新材,16.74,5053346,250307721,252492921,422673.149754
2020-12-10,SZ002668,TCL智家,4.47,13726648,845671883,1084111428,484597.808316
2020-12-10,SZ002670,国盛证券,13.68,159310351,1622874615,1935084653,2647195.805304
2020-12-10,SH601388,怡球资源,2.87,60674587,2010824949,2201726086,631895.386682
2020-12-10,SZ300311,ST任子行,6.7,14176421,510408932,673630150,451332.2005
2020-12-10,SZ300310,宜通世纪,5.69,12004007,691748996,881658531,501663.704139
2020-12-10,SZ300313,*ST天山,21.4,28109002,184164946,312977396,669771.62744
2020-12-10,SH603001,奥康国际,7.55,958176,400980000,400980000,302739.9
2020-12-10,SZ002671,龙泉股份,4.46,1768109,466519160,566930368,252850.944128
2020-12-10,SZ002672,东江环保,9.53,8179617,664935121,879267102,837941.548206
2020-12-10,SH603000,人民网,16.75,2883181,1105691056,1105691056,1852032.5188
2020-12-10,SH603123,翠微股份,8.2,1874451,524144222,524144222,429798.26204
2020-12-10,SZ002673,西部证券,9.37,27513809,3501839770,3501839770,3281223.86449
2020-12-10,SH603333,尚纬股份,6.16,8490500,516765682,519905000,320261.48
2020-12-10,SZ002674,兴业科技,17.35,4483300,288866652,291862944,506382.20784
2020-12-10,SZ300314,戴维医疗,18.65,3034100,189354648,288000000,537120
2020-12-10,SZ300312,邦讯退,7.09,7455400,209620651,320040000,226908.36
2020-12-10,SZ300316,晶盛机电,29.65,22041245,1206895530,1285689364,3812068.96426
2020-12-10,SZ300317,珈伟新能,7.31,89138045,769108850,824283865,602551.505315
2020-12-10,SZ300315,掌趣科技,5.8,92856382,2632230846,2757484192,1599340.83136
2020-12-10,SH603002,宏昌电子,5.83,15386550,614411700,614411700,358202.0211
2020-12-10,SH603366,日出东方,4.76,4500200,800000000,800000000,380800
2020-12-10,SZ300321,同大股份,20.58,524200,81876878,88800000,182750.4
2020-12-10,SZ300319,麦捷科技,9.73,12732506,658256505,696981071,678162.582083
2020-12-10,SZ300318,博晖创新,17.02,53793398,737213181,816900495,1390364.64249
2020-12-10,SZ002677,浙江美大,16.5,3963134,279421022,646051647,1065985.21755
2020-12-10,SZ002676,顺威股份,3.57,6980950,719964834,720000000,257040
2020-12-10,SZ002675,东诚药业,24.96,6772459,682247367,802214326,2002326.957696
2020-12-10,SH603128,华贸物流,8.31,36626712,1309462971,1309462971,1088163.728901
2020-12-10,SZ002678,珠江钢琴,7.64,1349511,1357211531,1358320323,1037756.726772
2020-12-10,SZ300323,华灿光电,12.56,19069013,832303805,1092161429,1371754.754824
2020-12-10,SZ300320,海达股份,6.53,9904443,464031886,601234191,392605.926723
2020-12-10,SZ300325,德威退,2.95,34379950,996533768,1005743085,296694.210075
2020-12-10,SZ002681,奋达科技,4.85,7627482,1085592001,1824667620,884963.7957
2020-12-10,SZ002679,福建金森,11.08,1432210,235756000,235756000,261217.648
2020-12-10,SZ300322,硕贝德,13.65,3682812,382814136,406769850,555240.84525
2020-12-10,SZ300324,旋极信息,4.61,22909032,1105563992,1753014595,808139.728295
2020-12-10,SH601965,中国汽研,16.35,12022201,964573267,988525667,1616239.465545
2020-12-10,SZ002683,广东宏大,34.62,10030248,608361520,750093456,2596823.544672
2020-12-10,SZ002682,龙洲股份,4.47,26413590,551582939,562368594,251378.761518
2020-12-10,SH601339,百隆东方,4,5419700,1500000000,1500000000,600000
2020-12-10,SZ002685,华东重机,4.74,12819100,793830134,1007690641,477645.363834
2020-12-10,SZ002684,猛狮退,3.23,4935006,437846912,567374389,183261.927647
2020-12-10,SZ300326,ST凯利,15.48,17793637,716598673,722976333,1119167.363484
2020-12-10,SZ300327,中颖电子,36.43,5108527,278803111,279440368,1018001.260624
2020-12-10,SZ000722,湖南发展,6.4,1685548,464158282,464158282,297061.30048
2020-12-10,SZ300328,宜安科技,10.19,7878671,680816100,690423600,703541.6484
2020-12-10,SZ300329,海伦钢琴,7.59,3184100,252385681,253559880,192451.94892
2020-12-10,SZ300330,计通退,10.61,2808600,167954579,171157900,181598.5319
2020-12-10,SZ300332,天壕能源,5.12,6140802,832930305,880200859,450662.839808
2020-12-10,SZ300331,苏大维格,23.25,1909691,165423071,226048841,525563.555325
2020-12-10,SZ300333,兆日科技,10.61,11483543,332170067,336000000,356496
2020-12-10,SH600455,博通股份,22.35,710900,62458000,62458000,139593.63
2020-12-10,SZ002686,亿利达,6.86,10604703,391509739,435568564,298800.034904
2020-12-10,SZ300334,津膜科技,8.3,7581896,292679024,302065356,250714.24548
2020-12-10,SH601608,中信重工,3.66,10453546,4339419293,4339419293,1588227.461238
2020-12-10,SZ300336,新文退,3.71,8082935,737527362,806230192,299111.401232
2020-12-10,SZ300335,迪森股份,6.02,16222829,272424027,362951015,218496.51103
2020-12-10,SZ002687,乔治白,5.95,2814381,285770000,350000000,208250
2020-12-10,SZ002688,金河生物,6.05,3790730,624444508,635289655,384350.241275
2020-12-10,SZ002689,ST远智,3.47,5772464,1040833742,1043310725,362028.821575
2020-12-10,SH603008,喜临门,17.43,3448675,387417787,387417787,675269.202741
2020-12-10,SZ300337,银邦股份,5.76,20590005,708336857,821920000,473425.92
2020-12-10,SZ300339,润和软件,10.11,17476899,755261242,796410841,805171.360251
2020-12-10,SZ300340,科恒股份,11.37,5840687,172307322,212144720,241208.54664
2020-12-10,SZ300342,天银机电,14.04,3674099,418988819,431778272,606216.693888
2020-12-10,SZ300338,ST开元,7.08,2607600,301633064,341184492,241558.620336
2020-12-10,SZ300341,麦克奥迪,8.8,5666655,509642686,510163336,448943.73568
2020-12-10,SZ002691,冀凯股份,4.86,1668952,339090099,340000000,165240
2020-12-10,SH603077,和邦生物,1.4,70744238,8831250228,8831250228,1236375.03192
2020-12-10,SZ002690,美亚光电,48.42,2929438,328629742,676000000,3273192
2020-12-10,SZ300343,ST联创,3.54,41523091,836535305,1175112162,415989.705348
2020-12-10,SZ300345,华民股份,4.55,12915541,441295483,441295483,200789.444765
2020-12-10,SZ300344,*ST立方,5.34,17495916,308445721,496114864,264925.337376
2020-12-10,SZ000863,三湘印象,4.98,4748999,1225117252,1225208160,610153.66368
2020-12-10,SZ300346,南大光电,33.6,7287854,369627660,406890845,1367153.2392
2020-12-10,SH601038,一拖股份,11.11,3328484,593910000,985850000,1095279.35
2020-12-10,SZ002693,*ST双成,4.62,2662400,403416821,405000000,187110
2020-12-10,SZ002692,远程股份,2.89,1466993,678912300,718146000,207544.194
2020-12-10,SH603766,隆鑫通用,3.72,14361215,2053541850,2053541850,763917.5682
2020-12-10,SZ002694,顾地科技,2.85,11455200,529234861,597196800,170201.088
2020-12-10,SZ300349,金卡智能,14.17,4681274,380358327,429054325,607969.978525
2020-12-10,SH603003,退市龙宇,7.76,2810700,416532402,416532402,323229.143952
2020-12-10,SZ300347,泰格医药,139.09,9319210,540885086,872580350,12136720.08815
2020-12-10,SZ300348,长亮科技,19.25,15951659,583248067,721479478,1388847.99515
2020-12-10,SZ300350,华鹏飞,5.78,20487702,326035431,476724433,275546.722274
2020-12-10,SH603399,永杉锂业,5.6,6708783,508050649,518073649,290121.24344
2020-12-10,SH600705,中航产融,4.34,37176242,8887043152,8919974627,3871268.988118
2020-12-10,SZ002695,煌上煌,23.99,9858859,461268293,512785928,1230173.441272
2020-12-10,SZ002696,百洋股份,6.27,12206995,345876240,349386910,219065.59257
2020-12-10,SZ002697,红旗连锁,6.94,9987750,1078225000,1360000000,943840
2020-12-10,SH603167,渤海轮渡,8.93,13144867,465707403,472806603,422216.296479
2020-12-10,SZ002698,博实股份,11.67,4171384,827276853,1022550000,1193315.85
2020-12-10,SZ002699,*ST美盛,7.8,23135220,909572725,909572725,709466.7255
2020-12-10,SZ300352,北信源,6.52,36042099,1180324275,1449824087,945285.304724
2020-12-10,SZ300351,永贵电器,10.15,3319100,249120292,383641857,389396.484855
2020-12-10,SZ300354,东华测试,15.89,1027700,78519807,138320201,219790.799389
2020-12-10,SZ002700,万憬能源,3.87,7400400,285962280,422426880,163479.20256
2020-12-10,SZ300355,蒙草生态,3.57,26865744,1307693448,1604242081,572714.422917
2020-12-10,SZ300353,东土科技,10.07,4318604,381408780,510980897,514557.763279
2020-12-10,SZ300356,光一退,6.33,21647870,380275931,407904620,258203.62446
2020-12-10,SH603993,洛阳钼业,4.38,213863244,17665772583,21599240583,9460467.375354
2020-12-10,SZ002701,奥瑞金,5.66,23616080,2414639538,2415316867,1367069.346722
2020-12-10,SZ002702,海欣食品,9.68,24262690,318834000,480760000,465375.68
2020-12-10,SZ000156,华数传媒,9.35,4219726,1280295337,1433351902,1340184.02837
2020-12-10,SZ002703,浙江世宝,5.18,6575128,553065952,789644637,409035.921966
2020-12-10,SZ000498,山东路桥,5.02,2254342,1120137113,1556959203,781593.519906
2020-12-10,SH600817,宇通重工,15.6,1090402,155679074,493739128,770233.03968
2020-12-10,SZ000831,中国稀土,13.5,22173101,980883731,980888981,1324200.12435
2020-12-10,SZ000038,大通退,10.53,2068742,238177966,522777419,550484.622207
2020-12-10,SZ000622,恒立退,3.74,4589302,425226000,425226000,159034.524
2020-12-10,SZ000403,派林生物,38.85,2228198,487106903,492434666,1913108.67741
2020-12-10,SZ000681,视觉中国,15.01,3623553,664177068,700577436,1051566.731436
2020-12-10,SZ000757,浩物股份,4.75,17649033,451619600,664714511,315739.392725
2020-12-10,SH600556,天下秀,13.4,6573107,348753656,1807747642,2422381.84028
2020-12-10,SZ000657,中钨高新,6.72,7092980,773520517,1054290442,708483.177024
2020-12-10,SZ000672,上峰水泥,21.7,4334066,813619871,813619871,1765555.12007
2020-12-10,SZ000688,国城矿业,10.55,14156000,1137294994,1137299314,1199850.77627
2020-12-10,SZ000820,*ST节能,1.09,9305000,287656920,637245222,69459.729198
2020-12-10,SH600698,湖南天雁,2.25,4268717,737575229,1064410032,239492.2572
2020-12-10,SZ000545,金浦钛业,3.39,81916602,959403096,986833096,334536.419544
2020-12-10,SZ000333,美的集团,85.1,25300125,6838948248,7021795879,59755482.93029
2020-12-10,SH600023,浙能电力,3.62,19906421,13600689988,13600689988,4923449.775656
2020-12-10,SH603699,纽威股份,14.98,2025123,750000000,750000000,1123500
2020-12-10,SZ002708,光洋股份,6.5,7758180,393313567,468861076,304759.6994
2020-12-10,SZ300357,我武生物,67.9,4085138,469201755,523584000,3555135.36
2020-12-10,SZ300360,炬华科技,9.88,2653070,397116799,504387126,498334.480488
2020-12-10,SZ300359,全通教育,6.36,6068212,533546051,634103422,403289.776392
2020-12-10,SZ002706,良信股份,25.06,4453943,597635358,784736895,1966550.65887
2020-12-10,SZ300358,楚天科技,13.44,12671839,457454815,529076173,711078.376512
2020-12-10,SZ002705,新宝股份,42.7,4582481,796115290,801472885,3422289.21895
2020-12-10,SH603308,应流股份,25.29,3055809,487962086,487962086,1234056.115494
2020-12-10,SZ002712,思美传媒,5.62,6370520,437741520,581202488,326635.798256
2020-12-10,SZ300368,汇金股份,14.85,15865319,509706425,531943475,789936.060375
2020-12-10,SZ300373,扬杰科技,45.21,15597100,470568649,472116893,2134440.473253
2020-12-10,SZ002707,众信旅游,6.07,10902300,562029059,906269140,550105.36798
2020-12-10,SZ300365,恒华科技,11.23,3537122,348177392,605712969,680215.664187
2020-12-10,SZ002709,天赐材料,86.98,19493746,543151489,546129449,4750233.947402
2020-12-10,SZ300371,汇中股份,14.43,714400,109539578,167757520,242074.10136
2020-12-10,SZ300370,安控科技,2.93,15689543,699010033,957146344,280443.878792
2020-12-10,SH603555,ST贵人,2.59,5632600,628602143,628602143,162807.955037
2020-12-10,SZ300378,鼎捷数智,28.93,8876393,264766078,265095553,766921.434829
2020-12-10,SZ300375,鹏翎股份,5.25,10900722,455691041,711123166,373339.66215
2020-12-10,SZ300366,ST创意,10.31,9574123,344463777,525576150,541869.01065
2020-12-10,SZ002721,金一文化,3.46,5554900,730317326,959925877,332134.353442
2020-12-10,SZ300376,易事特,8.64,63600185,2308247376,2313406476,1998783.195264
2020-12-10,SZ300377,赢时胜,9.13,11390359,568051108,752077080,686646.37404
2020-12-10,SH601225,陕西煤业,10.04,47437026,10000000000,10000000000,10040000
2020-12-10,SZ002722,物产金轮,12.26,555702,171154371,175476153,215133.763578
2020-12-10,SZ002716,湖南白银,2.68,28153247,738011993,960478192,257408.155456
2020-12-10,SZ002718,友邦吊顶,17.6,1554795,66374502,131447829,231348.17904
2020-12-10,SZ300379,东通退,39.73,9328545,264072621,281295708,1117587.847884
2020-12-10,SZ300380,安硕信息,21.22,1531400,121577933,141009750,299222.6895
2020-12-10,SZ300381,溢多利,12.58,4697100,470551122,490058268,616493.301144
2020-12-10,SZ002714,牧原股份,75,16442484,2494965398,3747834147,28108756.1025
2020-12-10,SZ002719,麦趣尔,8.39,2653203,161872295,174139457,146103.004423
2020-12-10,SZ300382,斯莱克,8.65,6450837,564492315,564569415,488352.543975
2020-12-10,SZ002725,跃岭股份,9.45,1118960,195340563,256000000,241920
2020-12-10,SZ300363,博腾股份,35.34,4615984,446829042,542747533,1918069.781622
2020-12-10,SZ002723,小崧股份,12.49,4372823,176255500,192128000,239967.872
2020-12-10,SZ300383,光环新网,19.25,27910796,1502060174,1543139921,2970544.347925
2020-12-10,SZ300369,绿盟科技,16.77,7108670,731697861,798117661,1338443.317497
2020-12-10,SZ300367,网力退,3.38,15392226,948451675,1195772516,404171.110408
2020-12-10,SH603005,晶方科技,70.33,6047655,321551237,321551237,2261469.849821
2020-12-10,SH603288,海天味业,190.21,6600127,3240443208,3240443208,61636470.259368
2020-12-10,SZ002713,*ST东易,7.95,4391786,401609094,419536980,333531.8991
2020-12-10,SZ002715,登云股份,18.83,335400,130294056,138000000,259854
2020-12-10,SZ002717,ST岭南,3.99,6276900,1065541344,1528762095,609976.075905
2020-12-10,SZ300386,飞天诚信,21.93,5614769,226124350,418044000,916770.492
2020-12-10,SZ002726,龙大美食,13.67,14585000,980897174,998288980,1364661.03566
2020-12-10,SZ300385,雪浪环境,9.02,4167588,225032428,333145932,300497.630664
2020-12-10,SH603006,联明股份,9.89,923000,191078186,191078186,188976.325954
2020-12-10,SH603328,依顿电子,8.14,3939600,998442611,998442611,812732.285354
2020-12-10,SH603168,莎普爱思,7.64,1587497,322592499,322592499,246460.669236
2020-12-10,SZ002727,一心堂,42.21,3038480,342097912,595312525,2512814.168025
2020-12-10,SZ300387,富邦科技,7.92,2680205,289057018,290683018,230220.950256
2020-12-10,SH603369,今世缘,51.65,11869042,1254500000,1254500000,6479492.5
2020-12-10,SH603009,北特科技,6.43,8330663,328041393,359002153,230838.384379
2020-12-10,SZ002728,特一药业,13.53,1489700,127100077,203517577,275359.281681
2020-12-10,SH603126,中材节能,5.77,8935600,610500000,610500000,352258.5
2020-12-10,SZ300390,天华新能,19.46,18391921,345623245,551276000,1072783.096
2020-12-10,SZ300384,三联虹普,17.69,3349574,220356638,320753348,567412.672612
2020-12-10,SZ300388,节能国祯,9.13,2662237,691752954,698954507,638145.464891
2020-12-10,SZ300389,艾比森,14.82,62543194,163901995,318994173,472749.364386
2020-12-10,SZ300391,*ST长药,9.47,9126600,348834840,350336112,331768.298064
2020-12-10,SH603111,康尼机电,6.06,2842443,835983250,993275484,601924.943304
2020-12-10,SH603100,川仪股份,11.62,2367855,395000000,395000000,458990
2020-12-10,SH600385,退市金泰,5.76,243425,142773814,148107148,85309.717248
2020-12-10,SZ000751,锌业股份,3.72,98929162,1409868779,1409869279,524471.371788
2020-12-10,SH603609,禾丰股份,12.99,4947320,904307105,922059896,1197755.804904
2020-12-10,SH603099,长白山,8.5,1591000,266670000,266670000,226669.5
2020-12-10,SH601579,会稽山,10.76,35459358,497360000,497360000,535159.36
2020-12-10,SH603806,福斯特,75.6,5350666,769552372,769552372,5817815.93232
2020-12-10,SH603188,亚邦股份,5.42,596888,576000000,576000000,312192
2020-12-10,SZ300396,迪瑞医疗,25.02,1126160,264197655,276030000,690627.06
2020-12-10,SZ300395,菲利华,51.45,4651273,310498637,337948844,1738746.80238
2020-12-10,SZ300392,腾信退,10,3416200,295520000,384000000,384000
2020-12-10,SZ300397,天和防务,20.73,7312854,315380655,432000000,895536
2020-12-10,SZ002729,好利科技,44.16,294261,66680000,66680000,294458.88
2020-12-10,SZ300393,中来股份,10.62,81993896,527862892,778305256,826560.181872
2020-12-10,SH603306,华懋科技,21.95,3960075,307019706,308740206,677684.75217
2020-12-10,SH601016,节能风电,2.74,37687437,4155560000,4986672000,1366348.128
2020-12-10,SH600917,重庆燃气,7.12,1864327,1556000000,1556000000,1107872
2020-12-10,SZ300398,飞凯材料,18.29,3559862,507076851,515858018,943504.314922
2020-12-10,SZ300399,天利科技,17.77,2219589,149941447,197600000,351135.2
2020-12-10,SH603169,兰石重装,4.3,3627500,1051502526,1051502526,452146.08618
2020-12-10,SZ002730,电光科技,11.79,3583156,306624000,322674000,380432.646
2020-12-10,SZ300401,花园生物,14.71,16213951,458996850,551007557,810532.116347
2020-12-10,SH603010,万盛股份,23.1,4836260,345371724,346623324,800699.87844
2020-12-10,SZ300402,宝色股份,18.92,5996500,202000000,202000000,382184
2020-12-10,SZ300400,劲拓股份,14.48,10051566,182389537,242625800,351322.1584
2020-12-10,SH603456,九洲药业,33.13,6238736,803307971,805234971,2667743.458923
2020-12-10,SH603018,华设集团,11.12,2494603,557184127,557184127,619588.749224
2020-12-10,SH603606,东方电缆,22.05,10478324,638843652,654104521,1442300.468805
2020-12-10,SZ300403,汉宇集团,6.94,19984760,380942196,603000000,418482
2020-12-10,SZ300405,科隆股份,9.3,7021750,146790823,222469156,206896.31508
2020-12-10,SZ300406,九强生物,22.17,6694316,329875705,588997245,1305806.892165
2020-12-10,SH603688,石英股份,20.9,2868483,352957796,352957796,737681.79364
2020-12-10,SH603988,中电电机,12.85,1487566,235200000,235200000,302232
2020-12-10,SZ002724,海洋王,8.42,17592774,333081025,779829726,656616.629292
2020-12-10,SZ002731,ST萃华,6.9,1870780,222667120,256156000,176747.64
2020-12-10,SH601015,陕西黑猫,4.42,144110714,1629789473,1629789473,720366.947066
2020-12-10,SH603019,中科曙光,32.95,19681563,1302050903,1450728974,4780151.96933
2020-12-10,SH603011,合锻智能,6.03,16199912,448949194,450708094,271776.980682
2020-12-10,SH603088,宁波精达,8.14,671266,219520000,219520000,178689.28
2020-12-10,SH603166,福达股份,6.68,1441380,592018710,592018710,395468.49828
2020-12-10,SZ300407,凯发电气,8.37,3208200,210396427,305080462,255352.346694
2020-12-10,SZ002733,雄韬股份,20.74,12491448,329543673,385858813,800271.178162
2020-12-10,SZ300408,三环集团,34.45,13640620,1655901612,1816905952,6259241.00464
2020-12-10,SZ300409,道氏技术,15.14,27749053,322198775,460005475,696448.28915
2020-12-10,SH603518,锦泓集团,5.86,2355300,249991435,252396052,147904.086472
2020-12-10,SZ002735,王子新材,37.4,1288650,92477852,152576990,570637.9426
2020-12-10,SH603368,柳药集团,22.8,1768855,359932210,362662706,826870.96968
2020-12-10,SH603998,方盛制药,6.28,1519900,429354720,429429720,269681.86416
2020-12-10,SZ002732,燕塘乳业,23.88,573300,155859990,157350000,375751.8
2020-12-10,SH601969,海南矿业,6.57,25330972,1954720314,1954720314,1284251.246298
2020-12-10,SH601226,华电科工,4.05,3123300,1155000000,1155000000,467775
2020-12-10,SH603588,高能环境,14.95,4268184,755670959,806543650,1205782.75675
2020-12-10,SZ002736,国信证券,13.28,18789208,8200000000,9612429377,12765306.212656
2020-12-10,SH603636,南威软件,10.17,5895701,590793578,590793578,600837.068826
2020-12-10,SZ002738,中矿资源,21.57,8739650,214671325,280456476,604944.618732
2020-12-10,SZ002737,葵花药业,15.2,7652009,539319379,584000000,887680
2020-12-10,SZ300412,迦南科技,10.99,4702440,222509494,257224900,282690.1651
2020-12-10,SZ300411,金盾股份,10.44,4584180,170255037,456350089,476429.492916
2020-12-10,SZ300410,正业科技,8.83,5553647,364396226,374154590,330378.50297
2020-12-10,SH603017,中衡设计,10.46,1976050,273300827,276807728,289540.883488
2020-12-10,SH603889,新澳股份,5.08,1473810,511746388,511746388,259967.165104
2020-12-10,SH603788,宁波高发,14.95,1376504,223065068,223065068,333482.27666
2020-12-10,SZ300413,芒果超媒,67.51,7473192,931357779,1780377511,12019328.576761
2020-12-10,SH601021,春秋航空,50.72,4362123,916462713,916462713,4648298.880336
2020-12-10,SZ300364,中文在线,7.99,14394611,631788783,727295310,581108.95269
2020-12-10,SZ300418,昆仑万维,21.89,9637192,1002865465,1172584410,2566787.27349
2020-12-10,SZ300419,ST浩丰,10.3,39612702,367753770,367753770,378786.3831
2020-12-10,SH601069,西部黄金,13.85,4244605,636000000,636000000,880860
2020-12-10,SH603601,再升科技,15.6,9588769,718971760,718971760,1121595.9456
2020-12-10,SZ300416,苏试试验,23.29,1579550,201858790,203366290,473640.08941
2020-12-10,SZ002739,万达电影,18.16,17965763,1951638146,2230725120,4050996.81792
2020-12-10,SZ002740,*ST爱迪,5.46,5076300,241679001,454061077,247917.348042
2020-12-10,SZ300417,南华仪器,15.02,1155476,75637368,137008376,205786.580752
2020-12-10,SH603600,永艺股份,15.2,1950042,302512640,302512640,459819.2128
2020-12-10,SZ300415,伊之密,15.29,6895527,408925066,432000000,660528
2020-12-10,SZ000166,申万宏源,5.15,65672430,22535507316,25039944560,12895571.4484
2020-12-10,SH603686,福龙马,17.03,6871685,415655737,415655737,707861.720111
2020-12-10,SH603678,火炬电子,57.73,10876447,452665950,452665950,2613240.52935
2020-12-10,SH603899,晨光股份,82.86,4886025,920000000,927427600,7684665.0936
2020-12-10,SZ002734,利民股份,13.04,1906296,323312644,372524841,485772.392664
2020-12-10,SH603558,健盛集团,9.37,1179600,416356349,416356349,390125.899013
2020-12-10,SH603698,航天工程,11.12,1116298,535990000,535990000,596020.88
2020-12-10,SH603611,诺力股份,15.97,765738,267184734,267184734,426694.020198
2020-12-10,SH603799,华友钴业,56.24,30095131,1107151357,1141261526,6418454.822224
2020-12-10,SZ002741,光华科技,12.84,1570210,319007045,374257565,480546.71346
2020-12-10,SZ300425,中建环能,4.72,4341152,671604890,675708786,318934.546992
2020-12-10,SZ002746,仙坛股份,11.99,3114925,363117511,463692511,555967.320689
2020-12-10,SZ300423,昇辉科技,13.58,5395752,258380354,499308190,678060.52202
2020-12-10,SZ002745,木林森,14.4,9009078,941095299,1484166399,2137199.61456
2020-12-10,SH603898,好莱客,16.76,701377,311275681,311275681,521698.041356
2020-12-10,SZ300420,五洋自控,6.46,9258460,667014829,858756586,554756.754556
2020-12-10,SZ300421,力星股份,7.97,4039390,185552976,242465404,193244.926988
2020-12-10,SZ002743,富煌钢构,7.51,2957700,335298380,336325880,252580.73588
2020-12-10,SZ300426,华智数媒,7.17,1132150,263266241,418919000,300364.923
2020-12-10,SH603939,益丰药房,96.5,2854028,514617605,531068308,5124809.1722
2020-12-10,SZ300422,博世科,11.78,4229605,379598671,405712393,477929.198954
2020-12-10,SZ300427,红相股份,22.9,2518720,316047479,358660685,821332.96865
2020-12-10,SZ300394,天孚通信,54.36,2308362,176034060,198567910,1079415.15876
2020-12-10,SH603618,杭电股份,5.76,3704417,691038124,691038124,398037.959424
2020-12-10,SH603222,济民健康,41.55,3138600,320000000,320000000,1329600
2020-12-10,SZ002742,*ST三圣,7.04,2767200,409725000,432000000,304128
2020-12-10,SH603118,共进股份,11.52,3197057,775733332,775733332,893644.798464
2020-12-10,SH601198,东兴证券,12.4,14370307,2757960657,2757960657,3419871.21468
2020-12-10,SH603828,ST柯利达,5.13,4493726,547560000,562080533,288347.313429
2020-12-10,SH603969,银龙股份,4.12,6608893,841000000,841000000,346492
2020-12-10,SH603997,继峰股份,8.16,3536000,780574642,1021249621,833339.690736
2020-12-10,SH603309,维力医疗,13.16,748560,260000000,260000000,342160
2020-12-10,SH603015,弘讯科技,6.66,2470800,404219000,404219000,269209.854
2020-12-10,SZ300433,蓝思科技,33.1,39388218,4369157887,4383857357,14510567.85167
2020-12-10,SH601689,拓普集团,38.11,9177132,1054987749,1054987749,4020558.311439
2020-12-10,SH603519,立霸股份,14.94,3068984,221939866,221939866,331578.159804
2020-12-10,SZ300430,诚益通,10.15,6208668,225342614,272008896,276089.02944
2020-12-10,SZ300374,中铁装配,12.32,1543310,169887592,245912337,302963.999184
2020-12-10,SZ002748,世龙实业,6.92,2275099,240000000,240000000,166080
2020-12-10,SZ300432,富临精工,10.41,15378170,715558757,739032248,769332.570168
2020-12-10,SH603268,*ST松发,17.14,514270,124168800,124168800,212825.3232
2020-12-10,SZ300428,立中集团,15.7,3599586,184066543,578369253,908039.72721
2020-12-10,SZ002747,埃斯顿,25.53,5700291,730063618,840264296,2145194.747688
2020-12-10,SZ002749,国光股份,12.27,596050,276299923,430884770,528695.61279
2020-12-10,SH603030,全筑股份,5.22,3258000,538116633,538116633,280896.882426
2020-12-10,SH603158,腾龙股份,19.98,1856155,216971200,216971200,433508.4576
2020-12-10,SH603012,创力集团,6.97,4074421,636560000,636560000,443682.32
2020-12-10,SH600958,东方证券,11.03,52829389,5677360540,6993655803,7714002.350709
2020-12-10,SZ300429,强力新材,17.07,22360665,316322859,515253388,879537.533316
2020-12-10,SZ002750,龙津退,9.4,17596255,398091201,400500000,376470
2020-12-10,SH603729,龙韵股份,16.13,1355200,93338000,93338000,150554.194
2020-12-10,SH603020,爱普股份,10.63,3619334,320000000,320000000,340160
2020-12-10,SH603338,浙江鼎力,103.85,1980694,485485571,485485571,5041767.654835
2020-12-10,SH603199,九华旅游,20.6,197100,110680000,110680000,228000.8
2020-12-10,SZ300435,中泰股份,14.25,13523200,288096859,378190300,538921.1775
2020-12-10,SH603869,ST智知,9.61,9231785,504500508,504500508,484824.988188
2020-12-10,SZ002752,昇兴股份,5.98,2883550,829665100,833180519,498241.950362
2020-12-10,SZ300449,汉邦高科,11.98,15765145,244354889,298258899,357314.161002
2020-12-10,SZ300436,广生堂,45.43,7568311,114011326,140000000,636020
2020-12-10,SZ300424,航新科技,18.88,9058705,195884209,239863590,452862.45792
2020-12-10,SZ300447,全信股份,15.74,4769237,170286695,291069255,458143.00737
2020-12-10,SH603808,歌力思,13.43,1635386,332515611,332515611,446568.465573
2020-12-10,SZ300443,金雷股份,31.54,6179824,159451183,261753484,825570.488536
2020-12-10,SZ300439,美康生物,20.14,2528700,206387419,342999820,690801.63748
2020-12-10,SH603025,大豪科技,11.57,713690,918329604,926101711,1071499.679627
2020-12-10,SH603818,曲美家居,9.52,1336526,484120000,582999546,555015.567792
2020-12-10,SZ300444,双杰电气,6.04,25905177,351056796,585720642,353775.267768
2020-12-10,SZ300440,运达科技,9.11,3116768,439985627,448000000,408128
2020-12-10,SZ300437,清水源,10.65,2014523,134243596,218346096,232538.59224
2020-12-10,SH603883,老百姓,67.28,2582046,407388418,408732093,2749949.521704
2020-12-10,SZ300446,航天智造,8.98,4921950,195541667,202620000,181952.76
2020-12-10,SH603703,盛洋科技,12.09,3113250,229700000,229700000,277707.3
2020-12-10,SZ300441,鲍斯股份,8.96,5459500,625728371,657189708,588841.978368
2020-12-10,SH603021,ST华鹏,7.05,10778483,319948070,319948070,225563.38935
2020-12-10,SZ300404,博济医药,12.45,2031484,150072923,226619451,282141.216495
2020-12-10,SZ300448,浩云科技,9.55,11005511,464647141,692495699,661333.392545
2020-12-10,SZ002751,易尚退,20.54,998100,121699831,154550613,317446.959102
2020-12-10,SZ300438,鹏辉能源,23.64,36159638,316688709,419537355,991786.30722
2020-12-10,SH603567,珍宝岛,11.55,614600,849160000,849160000,980779.8
2020-12-10,SZ300434,金石亚药,8.32,1085280,333711072,401743872,334250.901504
2020-12-10,SH603318,水发燃气,8.05,20792480,402162277,402162277,323740.632985
2020-12-10,SZ300442,润泽科技,37.38,1148068,99195625,100000000,373800
2020-12-10,SH603315,福鞍股份,12.03,1118200,219950901,307026264,369352.595592
2020-12-10,SZ300445,康斯特,16.01,980959,116721413,216380084,346424.514484
2020-12-10,SH603789,*ST星农,13.14,1506786,260000000,260000000,341640
2020-12-10,SH600959,江苏有线,3.49,18372251,4527241146,5000717686,1745250.472414
2020-12-10,SZ300414,中光防雷,12.89,3930851,304864126,324733466,418581.437674
2020-12-10,SH603355,莱克电气,31.75,1624628,401000000,411072500,1305155.1875
2020-12-10,SH603599,广信股份,22.06,4875364,464679135,464679135,1025082.17181
2020-12-10,SZ300457,赢合科技,27.58,5550952,433835051,649537963,1791425.701954
2020-12-10,SZ300456,赛微电子,26.96,6457861,342506990,639121537,1723071.663752
2020-12-10,SZ300451,创业慧康,14.37,5731683,918209107,1191832096,1712662.721952
2020-12-10,SH603718,海利生物,13.4,15475480,644000000,644000000,862960
2020-12-10,SH603227,雪峰科技,4.75,22944400,658700000,658700000,312882.5
2020-12-10,SZ300452,山河药辅,20.49,4716605,142327905,180467070,369777.02643
2020-12-10,SZ300459,汤姆猫,3.82,52464013,2261837796,3515810939,1343039.778698
2020-12-10,SZ300453,三鑫医疗,15.09,5774415,173449930,262685000,396391.665
2020-12-10,SZ300455,航天智装,12.13,3797761,500397725,717767936,870652.506368
2020-12-10,SZ300458,全志科技,38.92,14769233,219263073,330610757,1286737.066244
2020-12-10,SZ002755,奥赛康,14.84,842927,152092979,928160351,1377389.960884
2020-12-10,SH603989,艾华集团,28.07,2395507,396165141,396165141,1112035.550787
2020-12-10,SZ002756,永兴材料,32.27,11877094,216122410,365030000,1177951.81
2020-12-10,SZ300460,ST惠伦,17.6,17441980,235583880,235583880,414627.6288
2020-12-10,SH603968,醋化股份,16.9,1360032,204480000,204480000,345571.2
2020-12-10,SH603311,金海高科,12.8,2035400,210000000,210000000,268800
2020-12-10,SZ300450,先导智能,64.7,8486238,896281005,897845274,5809058.92278
2020-12-10,SH603022,新通联,14.66,645400,200000000,200000000,293200
2020-12-10,SH603566,普莱柯,23.24,1772893,321496000,321496000,747156.704
2020-12-10,SZ002753,永东股份,8.57,4754292,242547840,375438464,321750.763648
2020-12-10,SZ300461,田中精机,21.37,12388708,69878117,121104000,258799.248
2020-12-10,SZ002758,浙农股份,11.45,780750,195019545,487984982,558742.80439
2020-12-10,SZ002757,南兴股份,16.5,1331726,241146462,295468065,487522.30725
2020-12-10,SH603108,润达医疗,11.71,3384028,579534079,579534079,678634.406509
2020-12-10,SH603885,吉祥航空,11.29,9460300,1797013477,1966144157,2219776.753253
2020-12-10,SZ300468,四方精创,22.9,4967265,280579946,283299055,648754.83595
2020-12-10,SH603023,威帝股份,4.71,4364900,562079807,562079807,264739.589097
2020-12-10,SH603598,引力传媒,12.1,1867100,267862900,270623000,327453.83
2020-12-10,SZ300462,ST华铭,21.84,1583838,113961401,188265025,411170.8146
2020-12-10,SZ300467,迅游科技,15.16,3101585,150565205,203204897,308058.623852
2020-12-10,SZ002759,天际股份,14.46,18953200,402152567,402152567,581512.611882
2020-12-10,SH603568,伟明环保,21.05,1781591,1256252976,1256558346,2645055.31833
2020-12-10,SZ300466,赛摩智能,6.8,15269243,376612410,535529908,364160.33744
2020-12-10,SZ300465,高伟达,12.82,6883213,446762257,446762257,572749.213474
2020-12-10,SH603669,灵康药业,9.27,6785311,713440000,713440000,661358.88
2020-12-10,SH603918,金桥信息,11.28,1193270,232440650,235044290,265129.95912
2020-12-10,SH603198,迎驾贡酒,34.4,27519999,800000000,800000000,2752000
2020-12-10,SZ300463,迈克生物,46.1,4883893,391744005,557109295,2568273.84995
2020-12-10,SH603300,海南华铁,6.06,1293967,668951466,902706505,547040.14203
2020-12-10,SH603901,永创智能,9.56,2406700,431030613,439407317,420073.395052
2020-12-10,SH603026,石大胜华,46.96,8137601,202680000,202680000,951785.28
2020-12-10,SZ300464,星徽股份,20.62,6543998,290352927,353122175,728137.92485
2020-12-10,SZ300475,香农芯创,11.68,3040160,270971793,420000000,490560
2020-12-10,SZ300478,杭州高新,10.82,1911816,121185403,126673000,137060.186
2020-12-10,SZ300477,ST合纵,6.12,14116124,569299889,832975698,509781.127176
2020-12-10,SH601985,中国核电,4.67,27560751,15565462907,15565462907,7269071.177569
2020-12-10,SZ002762,*ST金比,5.53,1902737,192634463,354025000,195775.825
2020-12-10,SZ002761,浙江建投,8.79,1720689,242022804,1081340098,950497.946142
2020-12-10,SZ002763,汇洁股份,7.83,2277500,192647275,411285000,322036.155
2020-12-10,SZ002766,索菱股份,3.16,1423052,295483827,421754014,133274.268424
2020-12-10,SZ300471,厚普股份,11.74,11627594,241296946,364720000,428181.28
2020-12-10,SZ300472,*ST新元,10.4,2090900,167564460,206992919,215272.63576
2020-12-10,SZ002760,凤形股份,18.83,353072,76176877,88000000,165704
2020-12-10,SZ300469,信息发展,14.5,13122813,173616261,205135376,297446.2952
2020-12-10,SH603066,音飞储存,8.68,1762800,300702900,300702900,261010.1172
2020-12-10,SH601968,宝钢包装,8.62,8718732,833333300,833333300,718333.3046
2020-12-10,SZ300476,胜宏科技,23.14,6309619,763043550,777561455,1799277.20687
2020-12-10,SH603616,韩建河山,6.24,2304000,293360000,293360000,183056.64
2020-12-10,SZ300479,神思电子,15.05,2459793,167642673,169287237,254777.291685
2020-12-10,SH601368,绿城水务,5.52,1615700,860284977,882973077,487401.138504
2020-12-10,SZ002767,先锋电子,12.7,378720,125047856,150000000,190500
2020-12-10,SZ300473,德尔股份,26.03,2285014,111816305,113915093,296520.987079
2020-12-10,SZ300470,中密控股,41.47,1489284,179727300,196692100,815682.1387
2020-12-10,SZ002765,蓝黛科技,5.68,29161156,275495442,575175290,326699.56472
2020-12-10,SZ300485,赛升药业,16.65,3836700,253417557,481666400,801974.556
2020-12-10,SZ002773,康弘药业,41.1,3728650,681650495,921554975,3787590.94725
2020-12-10,SH601211,国泰海通,18.01,40897146,7437620979,8908448159,16044115.134359
2020-12-10,SZ002776,*ST柏龙,5.75,6935161,537989106,537989106,309343.73595
2020-12-10,SZ002772,众兴菌业,9.74,7819640,254878079,367714207,358153.637618
2020-12-10,SZ002771,真视通,11.86,1440580,148872662,209764100,248780.2226
2020-12-10,SZ002769,普路通,7.28,1593350,261765297,373318054,271775.543312
2020-12-10,SH603116,红蜻蜓,6.76,851900,576200800,576200800,389511.7408
2020-12-10,SZ002775,文科股份,5.11,1987999,416184225,512760300,262020.5133
2020-12-10,SH603117,万林物流,3.71,2810200,633144502,638741065,236972.935115
2020-12-10,SH603589,口子窖,66.38,13342084,600000000,600000000,3982800
2020-12-10,SZ300482,万孚生物,74.25,4542926,241146973,342680193,2544400.433025
2020-12-10,SZ300483,首华燃气,36.81,879250,86335633,149184287,549147.360447
2020-12-10,SH603223,恒通股份,21.13,1864190,282240000,282240000,596373.12
2020-12-10,SH603979,金诚信,11.9,4089026,583408432,583408432,694256.03408
2020-12-10,SZ002768,国恩股份,30.57,2257209,176714506,271250000,829211.25
2020-12-10,SH603085,天成自控,10.24,4868940,290986132,370225434,379110.844416
2020-12-10,SZ300486,东杰智能,16.7,347250,245410634,271006254,452580.44418
2020-12-10,SZ300481,濮阳惠成,22,4449250,254995500,257059500,565530.9
2020-12-10,SZ002770,科迪退,1.92,11027823,601939297,1094867797,210214.617024
2020-12-10,SZ300488,恒锋工具,18.12,1085096,136718602,165679281,300210.857172
2020-12-10,SZ300489,光智科技,33.06,1810200,135189844,136125000,450029.25
2020-12-10,SH603838,*ST四通,8.68,1387200,266680000,320016000,277773.888
2020-12-10,SZ300487,蓝晓科技,47,2054734,120966805,214577642,1008514.9174
2020-12-10,SZ300480,光力科技,14.56,4682437,165327241,249343810,363044.58736
2020-12-10,SZ002506,协鑫集成,4.06,175012785,5074449570,5081941800,2063268.3708
2020-12-10,SZ000520,凤凰航运,3.41,1965348,1012083455,1012083455,345120.458155
2020-12-10,SZ300498,温氏股份,19.12,26358762,4836978983,6373463840,12186062.86208
2020-12-10,SH601155,新城控股,35.1,6314016,2245488186,2255737186,7917637.52286
2020-12-10,SZ002779,中坚科技,13.87,651756,118434525,132000000,183084
2020-12-10,SZ002780,三夫户外,17.82,1062716,108536035,145368643,259046.921826
2020-12-10,SH603398,*ST沐邦,11.71,4024648,296382800,296382800,347064.2588
2020-12-10,SH603936,博敏电子,13.8,15363115,396659976,511012097,705196.69386
2020-12-10,SZ002783,凯龙股份,12.15,5435190,321154948,377721523,458931.650445
2020-12-10,SH603696,安记食品,12.95,6606410,235200000,235200000,304584
2020-12-10,SH603999,读者传媒,5.98,1984000,576000000,576000000,344448
2020-12-10,SZ300496,中科创达,100.19,7380309,290220377,423167207,4239712.246933
2020-12-10,SZ300493,润欣科技,8.27,7146781,477068962,477068962,394536.031574
2020-12-10,SH603800,洪田股份,10.42,398900,208000000,208000000,216736
2020-12-10,SZ300497,富祥药业,14.82,3997440,369318322,470813194,697745.153508
2020-12-10,SZ002781,奇信退,18.33,1289600,208185522,225000000,412425
2020-12-10,SH603866,桃李面包,60.47,2449298,680152702,680152702,4112883.388994
2020-12-10,SH603996,退市中新,2.89,1832693,300150000,300150000,86743.35
2020-12-10,SZ002782,可立克,13.51,7403625,426000000,476941227,644347.597677
2020-12-10,SZ300495,*ST美尚,7.24,5564042,460864945,674279488,488178.349312
2020-12-10,SZ300492,华图山鼎,45.3,487550,109619324,141047370,638944.5861
2020-12-10,SZ002786,银宝山新,7.37,3147000,379740000,381240000,280973.88
2020-12-10,SZ002785,万里石,16.2,2776900,162132107,200000000,324000
2020-12-10,SH603508,思维列控,27.78,868740,225111610,272521901,757065.840978
2020-12-10,SZ001979,招商蛇口,13.74,9026645,7920783331,7922317431,10885264.150194
2020-12-10,SZ002777,久远银海,24.22,3011464,272277231,314023876,760565.827672
2020-12-10,SH603299,苏盐井神,7.42,46397851,559440000,774379748,574589.773016
2020-12-10,SZ002787,华源控股,6.99,8100920,186586425,315974697,220866.313203
2020-12-10,SH603778,国晟科技,4.67,2645572,500000000,500000000,233500
2020-12-10,SZ300494,盛天网络,15.78,3926300,159644299,240000000,378720
2020-12-10,SZ300491,通合科技,18.51,4314980,121493907,160761503,297569.542053
2020-12-10,SZ300490,华自科技,12.47,35577523,235633890,256171546,319445.917862
2020-12-10,SZ002778,中晟高科,26.12,631200,64246702,89109500,232754.014
2020-12-10,SZ300499,高澜股份,10.77,5345174,195775985,278299467,299728.525959
2020-12-10,SZ300501,海顺新材,22.19,4971842,85388620,156529800,347339.6262
2020-12-10,SZ300500,启迪设计,14.51,957460,158382186,174480186,253170.749886
2020-12-10,SH603377,ST东时,19.58,2430718,588000000,588000000,1151304
2020-12-10,SH601900,南方传媒,8.86,2181100,895876566,895876566,793746.637476
2020-12-10,SZ002788,鹭燕医药,8.68,2443768,379516736,388516736,337232.526848
2020-12-10,SH603608,天创时尚,6.93,1578180,424721510,428895467,297224.558631
2020-12-10,SZ300502,新易盛,57.42,4388225,241602413,330978130,1900476.42246
2020-12-10,SH603027,千禾味业,38.81,11948290,659771876,665675318,2583485.909158
2020-12-10,SZ002790,瑞尔特,6.21,1084875,252928000,418473000,259871.733
2020-12-10,SZ300503,昊志机电,11.96,31574354,188037236,283989089,339650.950444
2020-12-10,SH603520,司太立,71.75,3495356,234702100,244904743,1757191.531025
2020-12-10,SH603919,金徽酒,44.32,41993732,491307141,507259997,2248176.306704
2020-12-10,SZ002789,*ST建艺,17.85,1102990,86105030,138040000,246401.4
2020-12-10,SZ300505,川金诺,16.13,1306460,81884076,130683958,210793.224254
2020-12-10,SH601020,华钰矿业,9.64,8715341,553771215,555124080,535139.61312
2020-12-10,SH603861,白云电器,8.23,958000,412781922,441819556,363617.494588
2020-12-10,SZ300484,蓝海华腾,17.2,8791400,146235286,208000000,357760
2020-12-10,SZ300506,ST名家汇,5.87,9932311,461364644,655045776,384511.870512
2020-12-10,SZ002792,通宇通讯,20.1,1063946,173960467,337840200,679058.802
2020-12-10,SZ002791,坚朗五金,140.47,1294475,156436760,321540000,4516672.38
2020-12-10,SH603028,赛福天,11.93,1615500,220800000,220800000,263414.4
2020-12-10,SZ300474,景嘉微,59.45,3774203,151084793,301248278,1790921.01271
2020-12-10,SH603798,康普顿,10.26,1045097,200000000,200000000,205200
2020-12-10,SH603701,德宏股份,9.24,3329341,261361901,262692612,242727.973488
2020-12-10,SZ002793,罗欣药业,11.52,2720980,291420373,1467222600,1690240.4352
2020-12-10,SH603868,飞科电器,48.4,1063560,435600000,435600000,2108304
2020-12-10,SZ300508,维宏股份,26.64,575360,41937734,90912000,242189.568
2020-12-10,SH603726,朗迪集团,12.73,680164,185651200,185651200,236333.9776
2020-12-10,SZ300509,新美星,7.48,2992175,166576800,296400000,221707.2
2020-12-10,SH603029,天鹅股份,15.12,598900,93340000,93340000,141130.08
2020-12-10,SH603822,ST嘉澳,24.5,505100,73356509,73356509,179723.44705
2020-12-10,SZ002795,永和智控,15.09,1096200,177542000,200000000,301800
2020-12-10,SZ300507,苏奥传感,12.21,4088797,189578732,306269712,373955.318352
2020-12-10,SH603528,多伦科技,10.6,3845100,624103500,626779500,664386.27
2020-12-10,SZ300511,雪榕生物,14.53,11506690,280818579,442029925,642269.481025
2020-12-10,SZ300510,金冠股份,5.41,8812806,788953036,882884984,477640.776344
2020-12-10,SH603101,汇嘉时代,5.51,4725396,470400000,470400000,259190.4
2020-12-10,SZ002796,世嘉科技,13.74,2890946,212650047,252426948,346834.626552
2020-12-10,SZ002797,第一创业,10.12,100389158,3502400000,4202400000,4252828.8
2020-12-10,SH603779,威龙股份,6.37,1723730,305450232,332749154,211961.211098
2020-12-10,SH603959,百利科技,11.72,2478392,439040000,490298992,574630.418624
2020-12-10,SH603339,四方科技,10.98,6381942,309441175,309441175,339766.41015
2020-12-10,SZ002798,帝欧水华,20,3609613,222978226,388945564,777891.128
2020-12-10,SZ300512,中亚股份,12.8,2030500,216332712,270000000,345600
2020-12-10,SZ002800,天顺股份,21.15,454993,71617188,74680000,157948.2
2020-12-10,SZ300513,恒实科技,12.82,3921480,241429992,313691155,402152.06071
2020-12-10,SZ300516,久之洋,34.58,2742750,180000000,180000000,622440
2020-12-10,SH603737,三棵树,143.49,1834145,260695587,268904692,3858513.425508
2020-12-10,SH601611,中国核建,7.33,11622800,2625020201,2650464401,1942790.405933
2020-12-10,SH603131,上海沪工,26.81,4184000,294784071,317974252,852488.969612
2020-12-10,SZ002799,环球印务,19.1,11381134,180000000,180000000,343800
2020-12-10,SZ300515,三德科技,11.52,2032700,174754275,205950000,237254.4
2020-12-10,SH601127,赛力斯,15.95,54985816,933387699,1260768651,2010925.998345
2020-12-10,SZ002801,微光股份,34.44,3181417,75587200,153088000,527235.072
2020-12-10,SZ300518,新迅达,39.69,2823760,61968106,93340000,370466.46
2020-12-10,SZ300519,新光药业,17.39,2565314,114100000,160000000,278240
2020-12-10,SH603909,建发合诚,19.18,1103120,143227000,143227000,274709.386
2020-12-10,SH603958,哈森股份,7.49,1230000,217360000,217360000,162802.64
2020-12-10,SZ002802,洪汇新材,28,1102627,59785898,108346500,303370.2
2020-12-10,SH603016,新宏泰,24.82,1555958,148160000,148160000,367733.12
2020-12-10,SZ300521,爱司凯,22.37,522460,143999055,144000000,322128
2020-12-10,SZ300522,世名科技,26.18,816720,119363282,180662742,472975.058556
2020-12-10,SH601966,玲珑轮胎,32.56,6878700,1297160812,1309714412,4264430.125472
2020-12-10,SZ002805,丰元股份,14.34,12444810,96915488,145370700,208461.5838
2020-12-10,SZ300520,科大国创,23.53,5955793,197394548,249515065,587108.947945
2020-12-10,SH603069,海汽集团,19.2,7745847,316000000,316000000,606720
2020-12-10,SZ002803,吉宏股份,32.94,2908066,277647306,378409288,1246480.194672
2020-12-10,SZ300517,海波重科,17.76,942100,62429425,106726000,189545.376
2020-12-10,SZ300525,博思软件,30.25,10964787,212249484,278549529,842612.325225
2020-12-10,SZ002806,华锋股份,11.87,3640353,111446103,175916081,208812.388147
2020-12-10,SZ300523,辰安科技,35.44,545098,227840820,232637638,824467.789072
2020-12-10,SH603322,超讯通信,20.76,6538805,156520000,156520000,324935.52
2020-12-10,SH603663,三祥新材,15.66,2114853,191792886,192460406,301392.995796
2020-12-10,SH600919,江苏银行,5.93,0,11430270942,11544513220,6845896.33946
2020-12-10,SZ300529,健帆生物,69.25,4938501,461349602,799109142,5533830.80835
2020-12-10,SZ300526,中潜退,59.25,1131808,204243565,204248968,1210175.1354
2020-12-10,SZ300527,ST应急,10.69,23585303,913808115,913808115,976860.874935
2020-12-10,SZ300528,幸福蓝海,6.61,2951931,255167619,372608054,246293.923694
2020-12-10,SH601811,新华文轩,10,952541,791903900,1233841000,1233841
2020-12-10,SH600977,中国电影,12.61,7448794,1867000000,1867000000,2354287
2020-12-10,SZ300530,领湃科技,34.58,2091038,96866927,158413500,547793.883
2020-12-10,SZ300531,优博讯,16.77,2783835,280000000,323053129,541760.097333
2020-12-10,SH603569,长久物流,8.24,2589746,560276369,560276369,461667.728056
2020-12-10,SZ300535,达威股份,15.32,1699934,83953358,104016493,159353.267276
2020-12-10,SH603159,上海亚虹,12.65,2168899,140000000,140000000,177100
2020-12-10,SZ002808,*ST恒久,7.9,3631320,171372446,268800000,212352
2020-12-10,SH600936,北投科技,3.52,2165400,1671026239,1671026239,588201.236128
2020-12-10,SH601997,贵阳银行,8.1,28951960,3095990072,3218028660,2606603.2146
2020-12-10,SH601595,上海电影,11.75,1303940,448200000,448200000,526635
2020-12-10,SH603986,兆易创新,209.9,8448410,439165243,471626671,9899443.82429
2020-12-10,SZ300532,今天国际,10.63,3010608,163728264,273175416,290385.467208
2020-12-10,SZ300533,冰川网络,28.53,538250,97615696,151003800,430813.8414
2020-12-10,SH603515,欧普照明,32.48,2031023,753758682,754695722,2451251.705056
2020-12-10,SH603031,安孚科技,25.78,615920,112000000,112000000,288736
2020-12-10,SZ300540,蜀道装备,19.85,4763100,88765337,124691993,247513.606105
2020-12-10,SZ002809,红墙股份,11.21,891205,130477187,205277298,230115.851058
2020-12-10,SZ002810,山东赫达,37.28,2496160,187547520,200827737,748685.803536
2020-12-10,SH603007,*ST花王,6.49,1758720,333375000,335718200,217881.1118
2020-12-10,SZ300538,同益股份,23.38,3678100,77455674,151598811,354438.020118
2020-12-10,SZ300537,广信材料,20.18,9840840,125381223,193027584,389529.664512
2020-12-10,SZ300539,横河精密,8.51,2179550,113141448,221992880,188915.94088
2020-12-10,SH603090,宏盛股份,17.49,832469,100000000,100000000,174900
2020-12-10,SH603658,安图生物,149.67,1718957,430602899,450978659,6749797.589253
2020-12-10,SZ002807,江阴银行,4.32,22734666,2153910906,2172001001,938304.432432
2020-12-10,SH603843,*ST正平,4.18,3695029,560004200,560004200,234081.7556
2020-12-10,SZ002811,郑中设计,9.77,746950,243539411,270018816,263808.383232
2020-12-10,SZ300543,朗科智能,15.93,3762010,157439708,206279700,328603.5621
2020-12-10,SH601163,三角轮胎,16.12,5375334,800000000,800000000,1289600
2020-12-10,SH603393,新天然气,24.91,4575277,313600000,313600000,781177.6
2020-12-10,SH603067,振华股份,6.83,2656168,431200000,431200000,294509.6
2020-12-10,SZ300541,先进数通,19.72,3318398,186102504,235804033,465005.553076
2020-12-10,SZ300534,陇神戎发,6.57,2920750,300319326,303345000,199297.665
2020-12-10,SZ002812,恩捷股份,109.5,7198076,527144229,877237640,9605752.158
2020-12-10,SH603189,网达软件,19.89,1240900,220800000,220800000,439171.2
2020-12-10,SH601500,通用股份,6.58,13900000,872290090,872290090,573966.87922
2020-12-10,SZ300542,新晨科技,15.87,8611890,196090103,300083479,476232.481173
2020-12-10,SZ300536,农尚环境,14.42,2718000,219135952,293288133,422921.487786
2020-12-10,SH600908,无锡银行,5.89,16622682,1723600329,1848296254,1088646.493606
2020-12-10,SZ300546,雄帝科技,19.65,382110,84567297,136611500,268441.5975
2020-12-10,SH603738,泰晶科技,23.94,4490359,170193798,170193798,407443.952412
2020-12-10,SZ300545,联得装备,29.15,1988597,74933496,146148621,426023.230215
2020-12-10,SZ300547,川环科技,11.06,4032820,144792496,216906174,239898.228444
2020-12-10,SZ300549,优德精密,29.62,10764734,99567500,133340000,394953.08
2020-12-10,SH601128,常熟银行,7.19,27771218,2604340068,2740855925,1970675.410075
2020-12-10,SH603887,城地香江,18.85,1707100,286634514,375580271,707968.810835
2020-12-10,SH603421,鼎信通讯,10.25,1281300,652176511,656693891,673111.238275
2020-12-10,SZ002813,路畅科技,23.16,5921647,34556883,120000000,277920
2020-12-10,SZ300548,长芯博创,38.65,1973280,115378331,150236591,580664.424215
2020-12-10,SZ002815,崇达技术,16.02,3071678,423898401,882546777,1413839.936754
2020-12-10,SH603777,来伊份,13.89,3204282,336559908,337132088,468276.470232
2020-12-10,SH603313,梦百合,32.61,2206461,344349969,371758792,1212305.420712
2020-12-10,SH603816,顾家家居,73.14,2231592,622844350,632411845,4625460.23433
2020-12-10,SH603160,汇顶科技,158.69,2953074,453281367,457666809,7262714.592021
2020-12-10,SZ300550,和仁科技,20.48,335000,159589675,189929258,388975.120384
2020-12-10,SZ300555,ST路通,10.76,7201300,173910666,200000000,215200
2020-12-10,SZ300551,古鳌科技,28.49,2253510,144097673,202752000,577640.448
2020-12-10,SH603859,能科科技,35.67,1542748,129754076,139152295,496356.236265
2020-12-10,SZ300552,万集科技,42.23,7160253,106916499,197777520,835214.46696
2020-12-10,SZ300553,集智股份,36.59,417600,30197940,48000000,175632
2020-12-10,SZ002816,*ST和科,24.62,1540922,97415404,100000000,246200
2020-12-10,SZ002817,黄山胶囊,15.4,1528540,96532800,147339000,226902.06
2020-12-10,SH603667,五洲新春,8.14,1801430,263123810,292328493,237955.393302
2020-12-10,SH603258,电魂网络,32.43,2047800,241066800,244026000,791376.318
2020-12-10,SH600926,杭州银行,14.33,20339818,5041360267,5930200432,8497977.219056
2020-12-10,SH603888,新华网,18.58,1735776,519029360,519029360,964356.55088
2020-12-10,SH603716,塞力医疗,17.14,1600950,192452469,205026709,351415.779226
2020-12-10,SZ300559,佳发教育,14.79,2834720,296611850,399530242,590905.227918
2020-12-10,SZ300557,理工光科,30.8,634800,55231965,55668540,171459.1032
2020-12-10,SZ300560,中富通,18.23,2612250,189324000,226269812,412489.867276
2020-12-10,SZ300556,丝路视觉,20.55,2916200,86164074,117726825,241928.625375
2020-12-10,SZ300558,贝达药业,96.96,3516419,402123704,403024292,3907723.535232
2020-12-10,SH601882,海天精工,12.61,2547900,522000000,522000000,658242
2020-12-10,SH603203,快克智能,30.97,1219564,156533787,156533787,484785.138339
2020-12-10,SH603060,国检集团,19.17,1793764,431200000,431200000,826610.4
2020-12-10,SZ002818,富森美,15.72,2652117,298378756,751739260,1181734.11672
2020-12-10,SH603556,海兴电力,14.84,1387874,488684040,488684040,725207.11536
2020-12-10,SZ002819,东方中科,37,1535700,147341999,159497736,590141.6232
2020-12-10,SH603977,国泰集团,7.32,5536944,433316800,551581577,403757.714364
2020-12-10,SZ300563,神宇股份,29.74,1624100,63851100,94577259,281272.768266
2020-12-10,SZ300566,激智科技,33.21,1124310,115648555,155200500,515420.8605
2020-12-10,SZ300562,乐心医疗,20.1,2418500,115662166,190296520,382496.0052
2020-12-10,SH601229,上海银行,7.98,20480022,13703855032,14206528700,11336809.9026
2020-12-10,SH603633,徕木股份,10.65,1485875,263501200,263501200,280628.778
2020-12-10,SZ300561,*ST汇科,18.38,3498644,134454547,252450683,464004.355354
2020-12-10,SH603858,步长制药,25.96,13609431,1141580610,1141580610,2963543.26356
2020-12-10,SZ002821,凯莱英,277.53,2744374,222747519,242514693,6730510.274829
2020-12-10,SZ002820,桂发祥,11.63,1276340,202735721,204800000,238182.4
2020-12-10,SH603987,康德莱,15.32,5135855,436419000,441609000,676544.988
2020-12-10,SH603727,博迈科,16.75,1524100,234194252,234194252,392275.3721
2020-12-10,SZ300565,科信技术,16.65,6137362,153235192,208000000,346320
2020-12-10,SZ300567,精测电子,49.15,3284727,169302309,246683040,1212447.1416
2020-12-10,SH603900,莱绅通灵,9.05,2135352,340473840,340473840,308128.8252
2020-12-10,SZ002823,凯中精密,11.24,1360872,155420973,287076385,322673.85674
2020-12-10,SH603336,宏辉果蔬,12.03,25418073,329068175,329068175,395869.014525
2020-12-10,SZ300569,天能重工,16.46,19952780,253776765,391866660,645012.52236
2020-12-10,SH603819,神力股份,11.67,1618394,216965787,217730187,254091.128229
2020-12-10,SH603323,苏农银行,5.03,40213718,1439990561,1803068795,906943.603885
2020-12-10,SZ002825,纳尔股份,15.85,1077180,88252294,146941044,232901.55474
2020-12-10,SZ002822,ST中装,7.33,16456000,629842176,721445836,528819.797788
2020-12-10,SH603319,美湖股份,44.89,4538947,104901550,104901550,470903.05795
2020-12-10,SH603660,苏州科达,7.97,3066480,494170618,499367917,397996.229849
2020-12-10,SZ300568,星源材质,24.79,13569562,359061357,448595043,1112067.111597
2020-12-10,SH603559,ST通脉,19.28,9113585,143313207,143313207,276307.863096
2020-12-10,SZ300572,安车检测,41.11,3099511,139111263,193641120,796058.64432
2020-12-10,SH600909,华安证券,7.92,37621461,3621038832,3621038832,2867862.754944
2020-12-10,SZ300570,太辰光,21.81,5352088,192308915,229996800,501623.0208
2020-12-10,SH603033,三维股份,21.75,1503577,248880800,426185404,926953.2537
2020-12-10,SZ300573,兴齐眼药,118.34,975431,60519650,82365400,974712.1436
2020-12-10,SH603990,麦迪科技,41.83,3328794,145600000,165463488,692133.770304
2020-12-10,SZ002828,贝肯能源,9.05,3859223,150389087,200987600,181893.778
2020-12-10,SZ002826,易明医药,10.87,692200,133709361,191769000,208452.903
2020-12-10,SH603036,如通股份,8.89,945735,204159500,206681000,183739.409
2020-12-10,SZ002827,高争民爆,12.09,2300662,276000000,276000000,333684
2020-12-10,SH603928,兴业股份,12.34,916800,201600000,201600000,248774.4
2020-12-10,SZ002830,名雕股份,12.42,2445912,66602500,133340000,165608.28
2020-12-10,SZ002829,星网宇达,37.52,1876900,85660354,156954420,588892.98384
2020-12-10,SZ300571,平治信息,36.6,665900,96367036,124597715,456027.6369
2020-12-10,SH603708,家家悦,23.82,9480792,608400000,608400000,1449208.8
2020-12-10,SH603585,苏利股份,18.67,2071430,180000000,180000000,336060
2020-12-10,SH603389,*ST亚振,3.85,440134,262752000,262752000,101159.52
2020-12-10,SZ002831,裕同科技,27.35,4519835,416828842,877098616,2398864.71476
2020-12-10,SH603098,森特股份,9.38,622820,480016581,480016581,450255.552978
2020-12-10,SH603878,武进不锈,8.18,4417236,400758848,400758848,327820.737664
2020-12-10,SZ300581,晨曦航空,44.8,12717780,171760000,171760000,769484.8
2020-12-10,SH603823,百合花,14.82,1098005,98480456,315000000,466830
2020-12-10,SZ300576,容大感光,52.5,6653222,77139823,156000000,819000
2020-12-10,SZ300575,中旗股份,38.83,809469,81476664,138049500,536046.2085
2020-12-10,SZ300577,开润股份,29.92,532876,104352007,240183237,718628.245104
2020-12-10,SH603416,信捷电气,88.01,1361968,91224840,140560000,1237068.56
2020-12-10,SH603577,汇金通,10.05,1043220,245028000,288268235,289709.576175
2020-12-10,SH603058,永吉股份,8.07,1393900,224845400,419074400,338193.0408
2020-12-10,SZ002832,比音勒芬,16.16,2338549,341306110,524069710,846896.65136
2020-12-10,SZ300579,数字认证,42.85,2047132,174315056,180000000,771300
2020-12-10,SH600996,贵广网络,5.86,4854900,1051700016,1051700016,616296.209376
2020-12-10,SH603298,杭叉集团,20.34,4578699,866395852,866395852,1762249.162968
2020-12-10,SH603218,日月股份,28.27,11119630,826567725,967604009,2735416.533443
2020-12-10,SZ002833,弘亚数控,43.55,1568562,122968040,216442880,942608.7424
2020-12-10,SZ300582,英飞特,20.35,27772483,134697216,197931800,402791.213
2020-12-10,SZ002835,同为股份,13.81,2123900,117256562,219677923,303375.211663
2020-12-10,SH603886,元祖股份,17.19,4760189,240000000,240000000,412560
2020-12-10,SZ002837,英维克,19.66,1388432,236145665,322236160,633516.29056
2020-12-10,SZ002836,新宏泽,10.64,500300,160000000,160000000,170240
2020-12-10,SZ300585,奥联电子,16.27,6718700,160000000,160000000,260320
2020-12-10,SH603929,亚翔集成,14.6,11967882,213360000,213360000,311505.6
2020-12-10,SH603239,浙江仙通,17.92,4630886,270720000,270720000,485130.24
2020-12-10,SH603186,华正新材,36.4,4381673,140775781,142045312,517044.93568
2020-12-10,SH601375,中原证券,5.34,20825574,2673705700,4642884700,2479300.4298
2020-12-10,SZ300586,美联新材,10.45,15422208,288441375,456000000,476520
2020-12-10,SH603444,吉比特,401,862129,71864552,71864552,2881768.5352
2020-12-10,SZ300588,熙菱信息,10.83,3680220,104941725,165604000,179349.132
2020-12-10,SH603035,常熟汽饰,14.43,4138305,335482260,335482260,484100.90118
2020-12-10,SH603032,德新科技,14.79,1736807,160008000,160008000,236651.832
2020-12-10,SZ300587,天铁科技,15.55,7436687,269446824,336778828,523691.07754
2020-12-10,SZ002838,道恩股份,23.52,4012102,335821028,407027500,957328.68
2020-12-10,SH603228,景旺电子,30.06,4139690,839377294,851415894,2559356.177364
2020-12-10,SZ300583,赛托生物,26.8,283010,83201067,107455067,287979.57956
2020-12-10,SH603877,太平鸟,32.93,2334951,476727790,476727790,1569864.61247
2020-12-10,SZ002840,华统股份,11.42,4818493,434408080,446736080,510172.60336
2020-12-10,SZ300591,万里马,7.7,7052450,205918910,329724410,253887.7957
2020-12-10,SH603689,皖天然气,11.82,8239855,336000000,336000000,397152
2020-12-10,SH603266,天龙股份,13.18,10479944,196764022,198964940,262235.79092
2020-12-10,SH603579,荣泰健康,32.32,1387491,140000000,140000000,452480
2020-12-10,SZ300580,贝斯特,22.24,1510600,185695375,200000000,444800
2020-12-10,SZ300590,移为通信,27.95,7907419,171101250,242217000,676996.515
2020-12-10,SZ300584,海辰药业,23.25,685400,64045251,120000000,279000
2020-12-10,SH603628,清源股份,10.25,5448800,273800000,273800000,280645
2020-12-10,SH603639,海利尔,20.25,793964,236469962,237473404,480883.6431
2020-12-10,SZ002824,和胜股份,18.62,4560217,107536649,183537030,341745.94986
2020-12-10,SZ300589,江龙船艇,37.8,23454091,94730036,202807800,766613.484
2020-12-10,SZ300593,新雷能,27,12562630,123341306,165569400,447037.38
2020-12-10,SH603690,至纯科技,37.92,3594526,242302025,260047979,986101.936368
2020-12-10,SH603039,泛微网络,94.03,281039,209155017,212292121,1996182.813763
2020-12-10,SH603038,华立股份,11.26,2109661,184131867,184142980,207344.99548
2020-12-10,SZ300595,欧普康视,76.06,7309195,431740306,607244920,4618704.86152
2020-12-10,SH603165,荣晟环保,13,1320787,250406003,250406003,325527.8039
2020-12-10,SH603668,天马科技,9.11,8313540,338506752,339757252,309518.856572
2020-12-10,SH601858,中国科传,9.86,2824400,790500000,790500000,779433
2020-12-10,SH603337,杰克科技,28.65,2538480,444488220,445731420,1277020.5183
2020-12-10,SZ002842,翔鹭钨业,11.4,12935966,234008106,273641646,311951.47644
2020-12-10,SZ300596,利安隆,43.6,0,182250937,205010420,893845.4312
2020-12-10,SZ002841,视源股份,108.51,813303,400323024,668207901,7250723.933751
2020-12-10,SZ002843,泰嘉股份,8.17,1058850,209996625,210000000,171570
2020-12-10,SZ300592,华凯易佰,19.09,1572400,95150475,122381100,233625.5199
2020-12-10,SH603037,凯众股份,17.08,981800,104901350,104901350,179171.5058
2020-12-10,SH603638,艾迪精密,62,3599497,558990080,598809616,3712619.6192
2020-12-10,SZ300598,诚迈科技,121.6,2271807,105532913,105532913,1283280.22208
2020-12-10,SZ300597,吉大通信,12.04,3919396,220760640,240000000,288960
2020-12-10,SZ300599,雄塑科技,12.11,2343934,150092125,304000000,368144
2020-12-10,SH601881,中国银河,12.3,27420579,6446274124,10137258757,12468828.27111
2020-12-10,SH603429,集友股份,39.52,3782201,372566957,380238957,1502704.358064
2020-12-10,SZ002839,张家港行,6.23,32696713,1328767713,1807957641,1126357.610343
2020-12-10,SH603358,华达科技,17.88,2833544,313600000,313600000,560716.8
2020-12-10,SZ300600,国瑞科技,24.32,13320870,205768980,297052200,722430.9504
2020-12-10,SZ300578,会畅科技,44.33,4849820,122439557,174119955,771873.760515
2020-12-10,SZ002845,同兴达,30.09,1850500,120128976,234314304,705051.740736
2020-12-10,SH603966,法兰泰克,14.34,948553,209787760,210979600,302544.7464
2020-12-10,SZ300603,立昂技术,12.83,6056361,227615561,421539961,540835.769963
2020-12-10,SH603089,正裕工业,11.16,7829268,221124428,221124428,246774.861648
2020-12-10,SZ300602,飞荣达,22.72,5610523,309456105,506577319,1150943.668768
2020-12-10,SH603360,百傲化学,19.43,1943825,261346400,261346400,507796.0552
2020-12-10,SH603677,奇精机械,12.46,9758154,192129313,192129313,239393.123998
2020-12-10,SH603177,德创环保,8.5,665000,202000000,202000000,171700
2020-12-10,SZ002846,英联股份,14.54,773300,138548046,198929676,289243.748904
2020-12-10,SZ300601,康泰生物,150.21,10359502,488269820,683049429,10260085.473009
2020-12-10,SZ300606,金太阳,22.11,1147200,53637287,93457000,206633.427
2020-12-10,SZ002847,盐津铺子,119.31,874205,111167923,129500000,1545064.5
2020-12-10,SH603881,数据港,65,4666764,210586508,234947998,1527161.987
2020-12-10,SH603637,镇海股份,8.5,570929,243028269,243702033,207146.72805
2020-12-10,SZ300605,恒锋信息,14.26,1799300,103259572,165300469,235718.468794
2020-12-10,SH603626,科森科技,12.58,11836176,482098960,491490960,618295.62768
2020-12-10,SH603040,新坐标,31.76,678390,103305779,103305779,328099.154104
2020-12-10,SZ300607,拓斯达,36.68,5396426,166062164,265848006,975130.486008
2020-12-10,SH603208,江山欧派,102.56,546101,105060879,105060879,1077504.375024
2020-12-10,SZ300608,思特奇,15.56,764352,121698632,157651712,245306.063872
2020-12-10,SH603330,天洋新材,31.71,3020820,152880000,152880000,484782.48
2020-12-10,SZ300610,晨化股份,17.84,2818050,110629831,150673000,268800.632
2020-12-10,SH603615,茶花股份,12.53,11934673,241820000,244550000,306421.15
2020-12-10,SZ002848,*ST高斯,11.72,1951800,98714550,167150000,195899.8
2020-12-10,SH603839,安正时尚,10.72,1701108,400102220,400102220,428909.57984
2020-12-10,SZ300609,汇纳科技,24.07,2083700,90392197,121922390,293467.19273
2020-12-10,SH601212,白银有色,2.82,52259998,7404774511,7404774511,2088146.412102
2020-12-10,SZ300615,欣天科技,14.96,1903874,87099188,187200000,280051.2
2020-12-10,SZ300612,宣亚国际,22.31,3861050,100012444,162000000,361422
2020-12-10,SH603603,退市博天,6.52,14524486,256265738,417784056,272395.204512
2020-12-10,SZ002849,威星智能,13.46,1389250,96729263,132449050,178276.4213
2020-12-10,SZ300613,富瀚微,136.03,1750640,75411990,80000640,1088248.70592
2020-12-10,SH603817,海峡环保,6.02,1212200,450005294,450005294,270903.186988
2020-12-10,SZ300611,美力科技,11.32,3248800,121732750,178950550,202572.0226
2020-12-10,SH600939,重庆建工,3.79,1408206,1814520790,1814520790,687703.37941
2020-12-10,SH603345,安井食品,187.07,1983907,230066649,236674649,4427472.658843
2020-12-10,SH603238,诺邦股份,36.04,1393775,120000000,123620000,445526.48
2020-12-10,SZ300617,安靠智电,45.85,1455491,65061905,129343605,593040.428925
2020-12-10,SZ300619,金银河,24.46,1309200,56576164,74681111,182669.997506
2020-12-10,SZ002850,科达利,72.81,1996837,130012345,232920451,1695893.803731
2020-12-10,SZ300618,寒锐钴业,73.3,11428905,187532463,302922432,2220421.42656
2020-12-10,SH603138,海量数据,16.72,1297840,252664524,252664524,422455.084128
2020-12-10,SH603578,三星新材,22.29,441654,90805232,91735232,204477.832128
2020-12-10,SZ002851,麦格米特,36.43,3171523,384913496,501907534,1828449.146362
2020-12-10,SZ300616,尚品宅配,70.69,2106685,130125262,198675000,1404433.575
2020-12-10,SH603908,牧高笛,26.28,428800,66690000,66690000,175261.32
2020-12-10,SH603991,至正股份,40.17,480300,74534998,74534998,299407.086966
2020-12-10,SH603955,大千生态,15.71,399560,135720000,135720000,213216.12
2020-12-10,SZ002852,道道全,17.35,1863384,206340321,289000000,501415
2020-12-10,SZ002853,皮阿诺,22.29,637500,74342808,155341500,346256.2035
2020-12-10,SZ300620,光库科技,46.8,1042600,89558800,91628000,428819.04
2020-12-10,SH603630,拉芳家化,18.4,9962736,224447000,226720000,417164.8
2020-12-10,SH603665,康隆达,26.98,7048859,155554664,155554664,419686.483472
2020-12-10,SH603960,克来机电,40.93,2621359,254976425,260944500,1068045.8385
2020-12-10,SZ300623,捷捷微电,47.15,20569555,356721133,488380699,2302714.995785
2020-12-10,SH603903,中持股份,11.33,1056620,201898032,202344912,229256.785296
2020-12-10,SH603811,诚意药业,22.39,1667526,166992000,166992000,373895.088
2020-12-10,SZ300622,博士眼镜,15.6,3128027,104275042,170931597,266653.29132
2020-12-10,SZ300621,维业股份,10.51,1621200,197807010,208108000,218721.508
2020-12-10,SH603179,新泉股份,28.12,2277045,316310687,316310687,889465.651844
2020-12-10,SZ300625,三雄极光,16.98,1024500,138395802,280000000,475440
2020-12-10,SH603517,ST绝味,73.89,3331043,608630695,608630695,4497172.205355
2020-12-10,SZ300628,亿联网络,72.2,3099109,478283940,902487540,6515960.0388
2020-12-10,SH603133,退市碳元,14.91,15425816,208978000,210323500,313592.3385
2020-12-10,SZ300626,华瑞股份,12.18,10132587,121105500,180000000,219240
2020-12-10,SZ002856,美芝股份,16.58,1092100,74178720,135312808,224348.635664
2020-12-10,SZ300627,华测导航,22.08,2510951,262810752,341432028,753881.917824
2020-12-10,SH603656,泰禾智能,15.22,1245360,148881600,153136600,233073.9052
2020-12-10,SZ002855,捷荣技术,12.17,2674628,243254473,250944762,305399.775354
2020-12-10,SZ300631,久吾高科,19.09,1489270,102759632,105526382,201449.863238
2020-12-10,SZ002857,三晖电气,12.7,1095360,91293374,128000000,162560
2020-12-10,SH603388,*ST元成,7.39,707360,285142060,285142060,210719.98234
2020-12-10,SH603768,常青股份,14.63,869090,204000000,204000000,298452
2020-12-10,SZ002858,力盛体育,17.25,2089700,95472575,126320000,217902
2020-12-10,SZ300629,新劲刚,23.51,4653247,81948269,131526341,309218.427691
2020-12-10,SZ002774,快意电梯,6.74,862000,279861601,339290900,228682.0666
2020-12-10,SH603717,天域生物,8.03,4937549,241796240,241796240,194162.38072
2020-12-10,SH603833,欧派家居,125.28,1755758,596358513,596358513,7471179.450864
2020-12-10,SZ300630,普利退,41.59,2156499,321326853,436989279,1817438.411361
2020-12-10,SH603178,圣龙股份,9.87,1242200,200963000,201139000,198524.193
2020-12-10,SH601228,广州港,3.35,10124850,6193180000,6193180000,2074715.3
2020-12-10,SH603303,得邦照明,11.54,1603855,487715366,487715366,562823.532364
2020-12-10,SH603041,美思德,16.25,1579243,140385560,140899640,228961.915
2020-12-10,SZ300635,中达安,26.18,3418960,85711210,136322000,356890.996
2020-12-10,SZ300636,同和药业,26.91,1297106,108955494,128619920,346116.20472
2020-12-10,SH601200,上海环境,11.4,4654989,1121858543,1121858543,1278918.73902
2020-12-10,SH603385,惠达卫浴,11.89,1941470,369396444,369396444,439212.371916
2020-12-10,SZ300632,光莆股份,21.99,8503947,130990518,307226243,675590.508357
2020-12-10,SH603586,金麒麟,16.12,428200,200768700,203648700,328281.7044
2020-12-10,SZ300633,开立医疗,24.17,2404690,400010000,403835500,976070.4035
2020-12-10,SH603538,美诺华,33.7,4777581,147814250,149609300,504183.341
2020-12-10,SZ002859,洁美科技,28,6437494,402908228,411329479,1151722.5412
2020-12-10,SH603078,江化微,36.15,2143433,141960000,150747878,544953.57897
2020-12-10,SH603906,龙蟠科技,28.25,4598904,341018610,342457170,967441.50525
2020-12-10,SZ002862,实丰文化,17.24,235500,113250000,120000000,206880
2020-12-10,SZ002860,星帅尔,13.8,1041828,134577796,199082156,274733.37528
2020-12-10,SH601366,利群股份,6.53,8987713,860500460,860500460,561906.80038
2020-12-10,SZ300637,扬帆新材,9.04,2691880,234295090,234750130,212214.11752
2020-12-10,SZ300639,凯普生物,37.75,3635604,211591094,235381848,888566.4762
2020-12-10,SZ300638,广和通,57.63,2531796,148549905,241946451,1394337.397113
2020-12-10,SH603797,联泰环保,8.32,1304616,449772187,449772187,374210.459584
2020-12-10,SZ002861,瀛通通讯,23.41,1485195,68336213,121804400,285144.1004
2020-12-10,SH603826,坤彩科技,39.99,1434736,468000000,468000000,1871532
2020-12-10,SH603050,科林电气,13.61,1524280,161552350,162210100,220767.9461
2020-12-10,SZ300640,德艺文创,8.38,1670073,115005623,220774000,185008.612
2020-12-10,SZ300604,长川科技,28,8419218,215522860,313790502,878613.4056
2020-12-10,SZ002863,今飞凯达,6,26338233,394680678,394680678,236808.4068
2020-12-10,SZ300641,正丹股份,5.83,4852610,489600000,489600000,285436.8
2020-12-10,SH603225,新凤鸣,12.17,6646106,1367469167,1396103300,1699057.7161
2020-12-10,SH603803,瑞斯康达,11.02,4070448,421055557,421055557,464003.223814
2020-12-10,SH603081,大丰实业,12.16,1747000,401812737,401812737,488604.288192
2020-12-10,SH603232,格尔软件,30.75,2578111,172200560,193101694,593787.70905
2020-12-10,SZ300645,正元智慧,16.44,1777720,126711542,126711542,208313.775048
2020-12-10,SZ300554,三超新材,22.03,2197200,55890821,93600000,206200.8
2020-12-10,SZ300642,透景生命,51.93,562134,74019240,90813375,471593.856375
2020-12-10,SH603139,康惠股份,18.18,227500,99880000,99880000,181581.84
2020-12-10,SH603096,新经典,51,998100,135885000,135885000,693013.5
2020-12-10,SZ002865,钧达股份,19.23,1856929,116628863,120437663,231601.625949
2020-12-10,SZ300648,星云股份,32.22,4453758,78881003,135400000,436258.8
2020-12-10,SH603920,世运电路,31.76,3296182,404943500,409495200,1300556.7552
2020-12-10,SZ002866,传艺科技,16.63,2265220,130715020,286255886,476043.538418
2020-12-10,SZ300514,友讯达,13.71,9152422,152912000,200000000,274200
2020-12-10,SZ002867,周大生,25.73,3235777,722991450,730815601,1880388.541373
2020-12-10,SH603787,新日股份,33.23,4476810,204000000,204000000,677892
2020-12-10,SH603320,迪贝电气,13.27,2915380,130006895,130006895,172519.149665
2020-12-10,SZ300647,超频三,11.95,10468510,216805042,356910612,426508.18134
2020-12-10,SZ002868,*ST绿康,13.39,561290,155415837,155415837,208101.805743
2020-12-10,SZ300650,太龙股份,22.5,884810,54078200,107351600,241541.1
2020-12-10,SH603505,金石资源,27.95,4215217,237648000,240000000,670800
2020-12-10,SH603501,豪威集团,232.41,14224180,782737589,863576598,20070383.714118
2020-12-10,SZ300643,万通智控,13.68,2541800,200000000,200000000,273600
2020-12-10,SZ300649,杭州园林,17.17,344000,86631450,128000000,219776
2020-12-10,SH603985,恒润股份,33,3348805,203840000,203840000,672672
2020-12-10,SH603229,奥翔药业,39.5,2979308,224000000,224000000,884800
2020-12-10,SZ300651,金陵体育,43.03,1208650,68642963,128746780,553997.39434
2020-12-10,SH603728,鸣志电器,15.67,1399016,416000000,416000000,651872
2020-12-10,SH603926,铁流股份,12.66,671410,158574000,160212000,202828.392
2020-12-10,SH603896,寿仙谷,46.81,1589999,142174103,143523384,671832.960504
2020-12-10,SH603113,金能科技,14.09,15749493,675951259,807357303,1137566.439927
2020-12-10,SH603086,先达股份,17.95,1579420,156800000,158490000,284489.55
2020-12-10,SZ002871,伟隆股份,17.03,809450,56422200,116722000,198777.566
2020-12-10,SH603180,金牌家居,53.15,1208726,101508700,103260031,548827.064765
2020-12-10,SZ002870,香山股份,22.72,1216877,48420000,110670000,251442.24
2020-12-10,SH601952,苏垦农发,12,18905955,1378000000,1378000000,1653600
2020-12-10,SZ002869,金溢科技,38.1,3319714,149168870,180636097,688223.52957
2020-12-10,SH603488,展鹏科技,11.58,3573095,291990440,292517400,338735.1492
2020-12-10,SZ300652,雷迪克,22.92,1924100,83145819,93832363,215063.775996
2020-12-10,SZ300653,正海生物,62.54,795322,120000000,120000000,750480
2020-12-10,SH603758,秦安股份,9.62,11479026,438797049,438797049,422122.761138
2020-12-10,SH603269,海鸥股份,12.55,844095,112518866,112518866,141211.17683
2020-12-10,SZ002872,ST天圣,5.31,1621100,215038268,318000000,168858
2020-12-10,SZ300656,民德电子,30.12,3744656,73614201,108900000,328006.8
2020-12-10,SZ002873,新天药业,17.39,438440,113183431,117144803,203714.812417
2020-12-10,SH603197,保隆科技,29.12,2399475,163941057,165133017,480867.345504
2020-12-10,SH603383,顶点软件,36.28,878496,168250516,168250516,610412.872048
2020-12-10,SZ300657,弘信电子,16.6,6668941,323251133,341737156,567283.67896
2020-12-10,SZ300655,晶瑞电材,34.09,3294260,156144843,188735790,643400.30811
2020-12-10,SH603855,华荣股份,16.13,854600,331070000,337660000,544645.58
2020-12-10,SZ002876,三利谱,43.8,439761,77584602,124800000,546624
2020-12-10,SH603580,*ST艾艾,12.73,321828,130673200,130673200,166346.9836
2020-12-10,SZ300659,中孚信息,49.06,2750176,129450654,226794181,1112652.251986
2020-12-10,SH603196,日播时尚,6.31,2676900,240000000,240000000,151440
2020-12-10,SZ002875,安奈儿,10,863828,79327674,170375626,170375.626
2020-12-10,SH603200,上海洗霸,25.75,738705,100237231,100767578,259476.51335
2020-12-10,SZ300658,延江股份,26.78,2517261,89035500,151770000,406440.06
2020-12-10,SH603042,华脉科技,15.43,2360100,136000000,136000000,209848
2020-12-10,SZ300660,江苏雷利,19.25,1493909,122697008,259372220,499291.5235
2020-12-10,SZ002877,智能自控,7.66,3586556,204340335,332512954,254704.922764
2020-12-10,SZ300661,圣邦股份,282,1840069,155270933,156377203,4409837.1246
2020-12-10,SZ002878,元隆雅图,23.91,3698901,187538258,221528252,529674.050532
2020-12-10,SH600732,爱旭股份,15.42,16691381,446383080,2036329187,3140019.606354
2020-12-10,SH603496,恒为科技,18.83,1040778,198867502,200985205,378455.141015
2020-12-10,SZ300662,科锐国际,52.62,737500,180000000,182856000,962188.272
2020-12-10,SZ300663,科蓝软件,24.08,2859050,227007073,313564443,755063.178744
2020-12-10,SH603536,惠发食品,20.69,764600,168000000,171886000,355632.134
2020-12-10,SH603767,中马传动,7.83,2387080,298648000,306098000,239674.734
2020-12-10,SZ300665,飞鹿股份,12.91,8223940,87828994,121560000,156933.96
2020-12-10,SH603879,永悦科技,7.97,4472719,279388800,279388800,222672.8736
2020-12-10,SZ300666,江丰电子,51.63,2606757,135494804,223231393,1152543.682059
2020-12-10,SH603980,吉华集团,6.81,968580,700000000,700000000,476700
2020-12-10,SH603226,菲林格尔,10.44,2521265,210350160,210350160,219605.56704
2020-12-10,SZ002880,卫光生物,49.59,661981,161413650,162000000,803358
2020-12-10,SH603326,我乐家居,11.07,2031736,314473180,316638000,350518.266
2020-12-10,SH603316,诚邦股份,8.96,1718800,203280000,203280000,182138.88
2020-12-10,SZ300667,必创科技,29,4097325,106911444,190578819,552678.5751
2020-12-10,SZ300668,杰恩设计,16.81,780400,56872707,105400000,177177.4
2020-12-10,SH603335,迪生力,4.87,3510836,428144600,428144600,208506.4202
2020-12-10,SZ002883,中设股份,14.57,426685,89148882,130257852,189785.690364
2020-12-10,SH603679,华体科技,24.18,876920,141570100,142893100,345515.5158
2020-12-10,SH603380,易德龙,21.8,1364449,160000000,160000000,348800
2020-12-10,SZ002881,美格智能,20.84,997810,107491000,184539000,384579.276
2020-12-10,SH601878,浙商证券,15.17,61193907,3614044514,3614044514,5482505.527738
2020-12-10,SZ002885,京泉华,16.09,2351450,101442555,180000000,289620
2020-12-10,SH603043,广州酒家,38.4,2130997,403996184,403996184,1551345.34656
2020-12-10,SZ002886,沃特股份,25.1,819103,84782779,133278547,334529.15297
2020-12-10,SH603286,日盈电子,18.57,1808636,88076000,88076000,163557.132
2020-12-10,SH603938,三孚股份,24.2,787900,150166600,150166600,363403.172
2020-12-10,SZ300669,沪宁股份,36.49,516550,97738293,111051892,405228.353908
2020-12-10,SH603801,志邦家居,35.36,1273073,217810360,223333360,789706.76096
2020-12-10,SH603617,君禾股份,12.52,2104288,198086203,199458203,249721.670156
2020-12-10,SZ300670,大烨智能,8.9,8692250,205112250,315890479,281142.52631
2020-12-10,SH603331,百达精工,10.62,774860,178156000,178951900,190046.9178
2020-12-10,SZ300671,富满微,43.92,5390260,140858181,157655765,692424.11988
2020-12-10,SH603933,睿能科技,12.69,878147,201233200,201233200,255364.9308
2020-12-10,SZ002879,长缆科技,15.14,636340,129626966,193107640,292364.96696
2020-12-10,SH603305,旭升集团,33.21,4130215,447038482,447038482,1484614.798722
2020-12-10,SH603757,大元泵业,19.32,1318922,164248000,167583000,323770.356
2020-12-10,SZ002884,凌霄泵业,25.52,1939197,208856962,252457018,644270.309936
2020-12-10,SZ300673,佩蒂股份,33.26,2528638,108832920,169766700,564644.0442
2020-12-10,SZ300672,国科微,50.62,966934,172582464,180317642,912767.903804
2020-12-10,SH603595,ST东尼,23.18,1072800,161319108,212925243,493560.713274
2020-12-10,SZ300676,华大基因,130.28,3916896,249281007,400100000,5212502.8
2020-12-10,SH603387,基蛋生物,31.41,2722792,259702557,260340871,817730.675811
2020-12-10,SZ002882,金龙羽,9.55,1321100,246525000,432900000,413419.5
2020-12-10,SH603612,索通发展,15.46,10698308,426043599,433580099,670314.833054
2020-12-10,SZ300675,建科院,18.54,3336112,146666700,146666700,271920.0618
2020-12-10,SH603707,健友股份,38.66,2009177,932677147,934156142,3611447.644972
2020-12-10,SH601619,嘉泽新能,3.15,12726793,1933000000,2074100000,653341.5
2020-12-10,SH603676,卫信康,10.58,1170000,423000000,423000000,447534
2020-12-10,SZ300677,英科医疗,142.18,7228060,231817387,333470842,4741288.431556
2020-12-10,SZ002888,惠威科技,18.44,1052500,62659938,124676400,229903.2816
2020-12-10,SZ300680,隆盛科技,31.85,6728774,87399761,144179563,459211.908155
2020-12-10,SZ300681,英搏尔,39.15,1937299,40837500,75600000,295974
2020-12-10,SH603063,禾望电气,16.25,13649300,426402568,432750568,703219.673
2020-12-10,SZ300678,中科信息,23.12,2404704,180000000,180000000,416160
2020-12-10,SH603730,岱美股份,31.65,1519025,579532404,579532404,1834220.05866
2020-12-10,SZ002889,东方嘉盛,25.72,518700,90221804,138101429,355196.875388
2020-12-10,SH603233,大参林,82.79,3934388,656340654,656340654,5433844.274466
2020-12-10,SH600710,苏美达,5.26,9612453,1306749434,1306749434,687350.202284
2020-12-10,SZ300679,电连技术,36.52,2290539,204689599,280800000,1025481.6
2020-12-10,SH603357,设计总院,9.86,1594080,454542698,454542698,448179.100228
2020-12-10,SZ300682,朗新科技,16.01,6419671,699998276,1021275726,1635062.437326
2020-12-10,SZ002887,绿茵生态,12.04,1114743,161576025,312000000,375648
2020-12-10,SH603860,中公高科,25.94,267785,66680000,66680000,172967.92
2020-12-10,SH603825,ST华扬,24.44,5485109,226399672,228615614,558736.560616
2020-12-10,SZ300685,艾德生物,77.73,2852028,217767600,221942250,1725157.10925
2020-12-10,SZ002890,弘宇股份,24.54,1359400,47549411,66670000,163608.18
2020-12-10,SZ300687,赛意信息,24.33,2382384,151143361,217097025,528197.061825
2020-12-10,SZ300686,智动力,20.59,2973012,135248445,204424800,420910.6632
2020-12-10,SH603880,南卫股份,12.18,799790,219700000,225180000,274269.24
2020-12-10,SH603978,深圳新星,18.78,740200,160000000,160000000,300480
2020-12-10,SH603535,嘉诚国际,47.08,1610000,150400000,150400000,708083.2
2020-12-10,SZ300683,海特生物,44.98,838100,95057790,103355040,464890.96992
2020-12-10,SZ300690,双一科技,56.23,3598412,71418355,110928979,623753.648917
2020-12-10,SZ300689,澄天伟业,46.93,1451700,58224752,68000000,319124
2020-12-10,SH603458,勘设股份,14.88,1292518,188384010,241657815,359586.82872
2020-12-10,SZ300688,创业黑马,24.24,2542980,72780757,95200000,230764.8
2020-12-10,SH603602,纵横通信,13.45,11753979,203840000,203840000,274164.8
2020-12-10,SZ300691,联合光电,14.38,1445444,183059648,222952128,320605.160064
2020-12-10,SH603721,*ST天择,14.24,1676931,130000000,130000000,185120
2020-12-10,SH601326,秦港股份,2.71,6183800,4757559000,5587412000,1514188.652
2020-12-10,SH603776,永安行,19.12,1926179,187580000,187580000,358652.96
2020-12-10,SZ002892,科力尔,21.9,391170,83165275,142120000,311242.8
2020-12-10,SH603129,春风动力,151.59,854740,134066200,134378200,2037039.1338
2020-12-10,SH603557,ST起步,9.14,12158148,494003214,495984214,453329.571596
2020-12-10,SH601949,中国出版,5.99,8382835,1822500000,1822500000,1091677.5
2020-12-10,SZ002891,中宠股份,55.17,1640115,178701820,196075132,1081746.503244
2020-12-10,SZ300692,中赋科技,15.85,6401736,152923990,219157240,347364.2254
2020-12-10,SH603976,正川股份,81.7,11781746,151200000,151200000,1235304
2020-12-10,SZ300693,盛弘股份,25.11,2550600,93791848,136850329,343631.176119
2020-12-10,SZ300696,爱乐达,51.6,1538232,105207997,178770000,922453.2
2020-12-10,SH603079,圣达生物,25.95,2548454,171188958,171188958,444235.34601
2020-12-10,SH603181,皇马科技,19.59,1013732,406000000,406000000,795354
2020-12-10,SH603127,昭衍新药,98.68,1592956,226900133,227454729,2244523.265772
2020-12-10,SZ002895,川恒股份,11.63,1442800,400010000,488423000,568035.949
2020-12-10,SZ002896,中大力德,30.84,1225100,80000000,80000000,246720
2020-12-10,SZ300698,万马科技,17.6,2265500,105629223,134000000,235840
2020-12-10,SH603359,东珠生态,18.08,1137760,227720500,318640000,576101.12
2020-12-10,SZ300699,光威复材,79.9,4780280,516124000,518350000,4141616.5
2020-12-10,SH603500,祥和实业,12.41,2775585,176400000,176400000,218912.4
2020-12-10,SH603183,建研院,8.7,4150669,249155368,298280075,259503.66525
2020-12-10,SH603725,天安新材,7.52,2020630,205352000,205352000,154424.704
2020-12-10,SZ300697,电工合金,16.48,1794290,208000000,208000000,342784
2020-12-10,SH603527,众源新材,8.95,4611264,176799090,243824000,218222.48
2020-12-10,SZ002897,意华股份,26.43,1985711,157008149,170672000,451086.096
2020-12-10,SH603882,金域医学,100.2,3837928,459487577,459487577,4604065.52154
2020-12-10,SZ300695,兆丰股份,61.11,180400,66677700,66677700,407467.4247
2020-12-10,SH603277,银都股份,14,8932385,247182000,410055000,574077
2020-12-10,SZ300700,岱勒新材,20.73,2386200,59035488,82406238,170828.131374
2020-12-10,SZ002898,*ST赛隆,11.65,682310,100985886,176000000,205040
2020-12-10,SH603386,骏亚科技,17.43,5559195,211374844,224492408,391290.267144
2020-12-10,SH603648,畅联股份,9.12,3457467,368666700,368666700,336224.0304
2020-12-10,SZ300701,森霸传感,32.56,768250,120000000,120000000,390720
2020-12-10,SZ002899,英派斯,14.21,547400,119998500,120000000,170520
2020-12-10,SH603321,梅轮电梯,8.16,4393050,307000000,307000000,250512
2020-12-10,SZ002893,京能热力,9.23,1451093,124957175,205057320,189267.90636
2020-12-10,SH603813,*ST原尚,17.03,231100,88782000,88782000,151195.746
2020-12-10,SZ300703,创源股份,11.21,3851967,162343205,183887800,206138.2238
2020-12-10,SZ300702,天宇股份,100.25,768743,103003372,182223560,1826791.189
2020-12-10,SH603106,恒银科技,7.66,2083710,400400000,400400000,306706.4
2020-12-10,SH603055,台华新材,6.62,2845380,774240938,774240938,512547.500956
2020-12-10,SH603533,掌阅科技,36.28,9572890,401000000,401000000,1454828
2020-12-10,SZ002901,大博医疗,71.01,1179167,400587225,402235800,2856276.4158
2020-12-10,SZ002900,哈三联,10.19,1716600,187793175,316600050,322615.45095
2020-12-10,SH603963,*ST大药,8.43,589372,219700000,219700000,185207.1
2020-12-10,SH603157,退市拉夏,1.74,2903314,145803027,547671642,95294.865708
2020-12-10,SZ300706,阿石创,27.31,2553249,87978215,141120000,385398.72
2020-12-10,SZ300654,世纪天鸿,10.24,1150290,172956779,182032500,186401.28
2020-12-10,SH603363,傲农生物,13.51,5344519,624759923,674477773,911219.471323
2020-12-10,SH603136,天目湖,27.83,660101,116016005,116016005,322872.541915
2020-12-10,SH603378,亚士创能,45.2,1778196,194800000,194800000,880496
2020-12-10,SH603367,辰欣药业,14.69,1395288,453353000,453353000,665975.557
2020-12-10,SH601086,国芳集团,4.55,1872000,666000000,666000000,303030
2020-12-10,SZ002902,铭普光磁,14.79,2075501,133809375,210000000,310590
2020-12-10,SZ300705,九典制药,23.53,4727400,132343208,234680000,552202.04
2020-12-10,SZ300707,威唐工业,17.95,2989400,111075326,157062500,281927.1875
2020-12-10,SH603103,横店影视,16.7,2343569,634200000,634200000,1059114
2020-12-10,SH603110,东方材料,19.37,891920,143733380,143733380,278411.55706
2020-12-10,SZ002903,宇环数控,13.97,1621155,89953125,152035000,212392.895
2020-12-10,SZ002906,华阳集团,27.8,2882400,470119573,473100000,1315218
2020-12-10,SH603499,翔港科技,9.29,825996,131091269,202150393,187797.715097
2020-12-10,SZ300708,聚灿光电,29.78,11421513,181080248,260268000,775078.104
2020-12-10,SZ002905,金逸影视,10.03,1959136,376320000,376320000,377448.96
2020-12-10,SH603829,洛凯股份,11.29,1052590,72400000,160000000,180640
2020-12-10,SH603396,金辰股份,39.25,8532237,105779334,105779334,415183.88595
2020-12-10,SZ300709,精研科技,57.49,1189503,88652857,115559860,664353.63514
2020-12-10,SZ300710,万隆光电,34.94,1416900,58627000,68614000,239737.316
2020-12-10,SZ002908,德生科技,13.5,1308806,143133491,200794668,271072.8018
2020-12-10,SH603466,风语筑,25.7,3795304,290158200,291550400,749284.528
2020-12-10,SZ002907,华森制药,15.7,474598,282979932,401700981,630670.54017
2020-12-10,SH603683,晶华新材,13.82,1401900,126670000,126670000,175057.94
2020-12-10,SH603922,金鸿顺,16.99,753343,128000000,128000000,217472
2020-12-10,SH601108,财通证券,12.69,80458440,3589000000,3589000000,4554441
2020-12-10,SH603607,京华激光,15.4,3698516,178516800,178516800,274915.872
2020-12-10,SH603722,阿科力,31.65,645945,86700000,87937500,278322.1875
2020-12-10,SZ002909,集泰股份,10.6,3676348,223459378,233802773,247830.93938
2020-12-10,SZ300715,凯伦股份,41.2,1200149,169870800,170907500,704138.9
2020-12-10,SH603260,合盛硅业,37.45,5104635,938000000,938000000,3512810
2020-12-10,SZ002910,庄园牧场,11.43,6599300,128061950,190680600,217947.9258
2020-12-10,SZ300712,永福股份,20.15,14696891,182104000,182104000,366939.56
2020-12-10,SH603289,泰瑞机器,8.69,586930,265721200,266800000,231849.2
2020-12-10,SZ300713,英可瑞,26.13,7653480,80469358,143437500,374802.1875
2020-12-10,SZ300711,广哈通信,20.89,12754965,206467132,207642172,433764.497308
2020-12-10,SH603912,佳力图,16.54,1240880,212716700,216951400,358837.6156
2020-12-10,SH603937,丽岛新材,10.79,1144700,208880000,208880000,225381.52
2020-12-10,SH603659,璞泰来,100.07,8580617,437199898,490011689,4903546.971823
2020-12-10,SH603856,东宏股份,13.46,1430664,256414600,256414600,345134.0516
2020-12-10,SH603507,振江股份,23.18,1227463,125631400,126836400,294006.7752
2020-12-10,SZ300717,华信新材,24.54,10365312,101478400,102400000,251289.6
2020-12-10,SZ300720,海川智能,29.4,7399799,62133750,108000000,317520
2020-12-10,SZ300718,长盛轴承,19.33,2096890,81982663,198000000,382734
2020-12-10,SH600903,贵州燃气,12.18,19574496,1138185027,1138185027,1386309.362886
2020-12-10,SZ300719,安达维尔,20.08,10733378,180415881,254107250,510247.358
2020-12-10,SZ300716,ST泉为,10.26,7056877,160020000,160020000,164180.52
2020-12-10,SH603916,苏博特,25.23,3365770,345098332,350257332,883699.248636
2020-12-10,SH603083,剑桥科技,14.94,8176389,252220566,252220566,376817.525604
2020-12-10,SZ300722,新余国科,65.19,7551878,134680000,145600000,949166.4
2020-12-10,SZ300725,药石科技,123.7,1727405,116927128,145229501,1796488.92737
2020-12-10,SH603076,乐惠国际,49.06,3192187,74500000,74500000,365497
2020-12-10,SH603278,大业股份,8.28,825040,289933835,289933835,240065.21538
2020-12-10,SZ300721,怡达股份,32.9,1807127,79350000,80344000,264331.76
2020-12-10,SH603605,珀莱雅,166.16,909143,200369500,201116925,3341758.8258
2020-12-10,SZ300723,一品红,42.36,774000,145153209,160895100,681551.6436
2020-12-10,SZ002864,盘龙药业,26.26,583500,55322363,86670000,227595.42
2020-12-10,SH603970,中农立华,21.39,3530044,95520096,192000096,410688.205344
2020-12-10,SH603619,中曼石油,10.58,5386300,400000100,400000100,423200.1058
2020-12-10,SH600933,爱柯迪,15.33,2551271,854343400,860224500,1318724.1585
2020-12-10,SH603365,水星家纺,13.86,889590,266670000,266670000,369604.62
2020-12-10,SZ300726,宏达电子,58.9,10357084,182648750,400100000,2356589
2020-12-10,SZ002912,中新赛克,60,1364449,125224960,174471040,1046826.24
2020-12-10,SH603661,恒林股份,59.7,674896,28750000,100000000,597000
2020-12-10,SZ002911,佛燃能源,16.05,3986300,555670750,556000000,892380
2020-12-10,SH601019,山东出版,6.03,4730600,2086900000,2086900000,1258400.7
2020-12-10,SH603685,晨丰科技,12.11,316200,169000000,169000000,204659
2020-12-10,SZ300727,润禾材料,39,12383925,112628815,126880000,494832
2020-12-10,SH603809,豪能股份,20.88,826941,209073200,216348200,451735.0416
2020-12-10,SH603711,香飘飘,22.84,1265695,177005210,418171100,955102.7924
2020-12-10,SZ002913,奥士康,58.89,706198,145647837,147868152,870795.547128
2020-12-10,SH603848,好太太,13.5,782861,401000000,401000000,541350
2020-12-10,SZ300729,乐歌股份,46.66,1993260,134760397,138896080,648089.10928
2020-12-10,SH603917,合力科技,10.87,1210086,156800000,156800000,170441.6
2020-12-10,SZ002915,中欣氟材,16.92,6104360,133676250,204020455,345202.60986
2020-12-10,SZ300730,科创信息,14.91,2931355,110982127,159413198,237685.078218
2020-12-10,SZ300731,科创新源,23.24,1849980,118174792,126036667,292909.214108
2020-12-10,SZ002917,金奥博,10.4,2078350,185808000,271344000,282197.76
2020-12-10,SH603890,春秋电子,11.6,6776118,192092810,384776000,446340.16
2020-12-10,SZ300732,设研院,14.66,1207420,144395274,229615180,336615.85388
2020-12-10,SZ002916,深南电路,106.89,2940699,153255032,489324810,5230392.89409
2020-12-10,SH600025,华能水电,4.37,27737508,8928000000,18000000000,7866000
2020-12-10,SZ002919,名臣健康,39,3885500,44725995,122135745,476329.4055
2020-12-10,SH603477,巨星农牧,12.71,863100,113500000,467911629,594715.680459
2020-12-10,SZ000155,川能动力,6.37,41598974,1270000000,1270000000,808990
2020-12-10,SZ002918,蒙娜丽莎,28.35,1828225,139027125,406038750,1151119.85625
2020-12-10,SH603283,赛腾股份,41.24,2273772,51763726,176058917,726066.973708
2020-12-10,SZ001965,招商公路,7.53,5680377,554849121,6178227754,4652205.498762
2020-12-10,SZ002920,德赛西威,72.37,2840121,122350000,550000000,3980350
2020-12-10,SZ300684,中石科技,25.06,2071526,103856238,280951707,704064.977742
2020-12-10,SZ002921,联诚精密,21.3,596900,48275000,81600000,173808
2020-12-10,SZ300735,光弘科技,14.16,3787009,359524967,774621120,1096863.50592
2020-12-10,SZ002922,伊戈尔,14.03,2044479,65026854,174408600,244695.2658
2020-12-10,SH603655,朗博科技,26.97,6730572,34000000,106000000,285882
2020-12-10,SH603329,上海雅仕,14.54,2549524,64680000,132000000,191928
2020-12-10,SH603080,新疆火炬,13.67,2968859,87235000,141500000,193430.5
2020-12-10,SH603161,科华控股,18.89,2666500,69400000,133400000,251992.6
2020-12-10,SZ300664,鹏鹞环保,8.61,8361706,481800150,714844800,615481.3728
2020-12-10,SZ002923,润都股份,17.63,682170,61861650,185911500,327761.9745
2020-12-10,SZ300736,百邦科技,11,2909140,81101974,130273360,143300.696
2020-12-10,SZ002925,盈趣科技,64.17,2120800,167708488,458429430,2941741.65231
2020-12-10,SZ300733,西菱动力,21.49,5262061,67837508,160000000,343840
2020-12-10,SH603056,德邦股份,13.51,4044955,217658855,960000000,1296960
2020-12-10,SH601828,美凯龙,8.95,3768487,435367017,3905000000,3494975
2020-12-10,SZ300624,万兴科技,59.33,1758828,79868656,129947040,770975.78832
2020-12-10,SZ300738,奥飞数据,37.8,3327035,106934760,212024808,801453.77424
2020-12-10,SH603895,天永智能,19.51,1443440,32767140,108080000,210864.08
2020-12-10,SH603356,华菱精工,12.44,909400,90240000,133340000,165874.96
2020-12-10,SZ300737,科顺股份,20.21,7181828,298605628,608696600,1230175.8286
2020-12-10,SH601838,成都银行,11.08,22933608,1895079018,3612251334,4002374.478072
2020-12-10,SH603506,南都物业,22.3,1047901,33531746.1,134126985,299103.17655
2020-12-10,SZ300739,明阳电路,21.44,2675508,70200000,279312900,598846.8576
2020-12-10,SH603516,淳中科技,32.8,475120,88276580,133300380,437225.2464
2020-12-10,SZ002926,华西证券,11.93,25878173,1778147433,2625000000,3131625
2020-12-10,SZ300644,南京聚隆,37.43,1690300,40219382,64000000,239552
2020-12-10,SH603871,嘉友国际,23.2,1304334,54880000,219520000,509286.4
2020-12-10,SZ300740,水羊股份,15.51,4922927,221735727,411060477,637554.799827
2020-12-10,SH603709,中源家居,24.08,438900,20000000,80000000,192640
2020-12-10,SH603156,养元饮品,28.62,5704934,767334390,1265493600,3621842.6832
2020-12-10,SZ002927,泰永长征,13.34,1525055,93504320,223663700,298367.3758
2020-12-10,SH603712,七一二,37.2,4624614,366436800,772000000,2871840
2020-12-10,SH603680,今创集团,12.19,908282,252953782,790674521,963832.241099
2020-12-10,SH601360,三六零,16.76,24390779,1789231774,6764055167,11336556.459892
2020-12-10,SZ002929,润建股份,25.47,669930,76601373,220746347,562240.945809
2020-12-10,SH600901,江苏金租,5.73,9126625,1791290012,2986649968,1711350.431664
2020-12-10,SZ300741,华宝股份,58.03,2443664,115877150,615880000,3573951.64
2020-12-10,SH603059,倍加洁,25.49,508250,25000000,100000000,254900
2020-12-10,SZ002928,华夏航空,12.26,3735020,418724299,1013567644,1242633.931544
2020-12-10,SZ300634,彩讯股份,22.45,2525800,201698750,400010000,898022.45
2020-12-10,SH600929,雪天盐业,6.09,6114465,337345234,917751148,558910.449132
2020-12-10,SZ002930,宏川智慧,21.56,3069586,179545652,443994496,957252.133376
2020-12-10,SZ300504,天邑股份,20.08,2023106,105408000,267408000,536955.264
2020-12-10,SH603214,爱婴室,27.02,1044140,77800911,142808400,385868.2968
2020-12-10,SZ002931,锋龙股份,18.13,1922700,43406336,142208000,257823.104
2020-12-10,SH603897,长城科技,18.52,1132104,55540391,178403691,330403.635732
2020-12-10,SH603301,振德医疗,58.28,3987164,107512436,227204736,1324149.201408
2020-12-10,SH603773,沃格光电,31.18,3404408,64327305,94595556,294948.943608
2020-12-10,SH603876,鼎胜新材,13.84,6295610,239255201,433630001,600143.921384
2020-12-10,SH603733,仙鹤股份,23.15,9875231,155972266,705972266,1634325.79579
2020-12-10,SH603348,文灿股份,28.48,4972389,93596124,251496124,716260.961152
2020-12-10,SH603596,伯特利,35.7,3833801,171393500,408561000,1458562.77
2020-12-10,SZ300743,天地数码,17.6,1102400,54474432,98887900,174042.704
2020-12-10,SZ300742,越博退,28.3,3056900,43110007,78498570,222150.9531
2020-12-10,SH603259,药明康德,109.66,10609081,1413202354,2442020829,26779200.410814
2020-12-10,SH603013,亚普股份,15.79,1461900,60000000,514224500,811960.4855
2020-12-10,SZ300454,深信服,210,1689706,213680780,409014680,8589308.28
2020-12-10,SH603045,福达合金,13.03,1284181,94932694,137620000,179318.86
2020-12-10,SZ300745,欣锐科技,21.82,1941280,64218515,114592352,250040.512064
2020-12-10,SZ300746,汉嘉数智,13.58,1384600,72439858,225738328,306552.649424
2020-12-10,SH603486,科沃斯,69,3296512,179648728,564566675,3895510.0575
2020-12-10,SH601138,工业富联,13.43,40062613,2895980381,19870238531,26685730.347133
2020-12-10,SH601330,绿色动力,9.19,7291002,255650590,1393440000,1280571.36
2020-12-10,SZ300750,宁德时代,264.82,9985664,1234637880,2329474028,61689131.209496
2020-12-10,SH603666,亿嘉和,84.6,545410,39543938,138638738,1172883.72348
2020-12-10,SH601990,南京证券,12.56,28288507,2060988373,3686361034,4630069.458704
2020-12-10,SH601066,中信建投,43,30940834,1315000000,7646385238,32879456.5234
2020-12-10,SH603587,地素时尚,18.91,1623606,114000000,481200000,909949.2
2020-12-10,SZ300747,锐科激光,76.99,2760012,152809019,288000000,2217312
2020-12-10,SH603650,彤程新材,33.95,4711497,131417500,585987500,1989427.5625
2020-12-10,SH603693,江苏新能,11.3,1791900,193000000,618000000,698340
2020-12-10,SH603706,东方环宇,17.58,1182977,58339615,160000000,281280
2020-12-10,SH603105,芯能科技,8.84,7129400,308300000,500000000,442000
2020-12-10,SZ002932,明德生物,64.21,1210231,30022197,69005147,443082.048887
2020-12-10,SH603713,密尔克卫,124.35,631242,68024094,154736984,1924154.39604
2020-12-10,SH601869,长飞光纤,28.21,724529,106573510,757905108,2138050.309668
2020-12-10,SH603657,春光科技,19.64,1132240,40075000,134400000,263961.6
2020-12-10,SH601606,长城军工,11.96,7746642,297726841,724228400,866177.1664
2020-12-10,SZ300724,捷佳伟创,138.45,4321088,170001888,321220000,4447290.9
2020-12-10,SZ000629,钒钛股份,2.27,51597928,7464328442,8589746202,1949872.387854
2020-12-10,SH603590,康辰药业,39.64,908770,83367640,160000000,634240
2020-12-10,SH603192,汇得科技,24.97,363100,26666667,106666667,266346.667499
2020-12-10,SZ002933,新兴装备,33.15,1388100,53174029,117350000,389015.25
2020-12-10,SZ000950,重药控股,5.43,4736403,1728124396,1728184696,938404.289928
2020-12-10,SH601068,中铝国际,3.73,4508410,295906667,2959066667,1103731.866791
2020-12-10,SZ002935,天奥电子,23.36,1829670,105034554,208006500,485903.184
2020-12-10,SH603297,永新光学,35.96,636936,51081173,110530000,397465.88
2020-12-10,SH603790,雅运股份,12.47,1715960,61582040,191360000,238625.92
2020-12-10,SH603810,丰山集团,26.56,561680,55316533,116233600,308716.4416
2020-12-10,SZ002938,鹏鼎控股,54.02,12008645,480169744,2311430816,12486349.268032
2020-12-10,SZ002936,郑州银行,3.86,72799324,1656608062,7514125090,2900452.28474
2020-12-10,SZ300748,金力永磁,38.73,10121721,258098616,415976216,1611075.884568
2020-12-10,SH603583,捷昌驱动,64.73,1008289,147759640,272820778,1765968.895994
2020-12-10,SZ300749,顶固集创,10.66,1168500,86267700,205169400,218710.5804
2020-12-10,SZ002937,兴瑞科技,13.4,982620,97561988,294400000,394496
2020-12-10,SH601577,长沙银行,9.55,16811568,995332714,3421553754,3267583.83507
2020-12-10,SZ300694,蠡湖股份,12,2874477,129955944,215316977,258380.3724
2020-12-10,SZ300760,迈瑞医疗,351.53,5214467,499134264,1215691266,42735195.073698
2020-12-10,SH601162,天风证券,6.08,90730295,3838479938,6665967280,4052908.10624
2020-12-10,SZ002940,昂利康,44.61,966200,43500600,95946819,428018.759559
2020-12-10,SZ002939,长城证券,13.06,19436935,1664180931,3103405351,4053047.388406
2020-12-10,SZ300674,宇信科技,38.03,3247380,276093440,411989200,1566794.9276
2020-12-10,SZ300751,迈为股份,606.01,698124,28918888,52000000,3151252
2020-12-10,SH603220,中贝通信,16.11,11546528,185645200,337760000,544131.36
2020-12-10,SH601319,中国人保,6.7,57331000,5601567019,44223990583,29630073.69061
2020-12-10,SZ002941,新疆交建,12.87,2764277,172750000,645000000,830115
2020-12-10,SH603187,海容冷链,55.48,4131643,118282782,158480000,879247.04
2020-12-10,SZ002943,宇晶股份,19.61,1190600,51874462,100000000,196100
2020-12-10,SZ300752,隆利科技,42.31,12075198,33064560,119693220,506422.01382
2020-12-10,SZ002942,新农股份,32.37,241695,39112500,120000000,388440
2020-12-10,SZ300753,爱朋医疗,27.5,803850,49152127,105040000,288860
2020-12-10,SH603629,利通电子,37.9,3276872,30000000,100000000,379000
2020-12-10,SZ001872,招商港口,15.5,1947001,593811070,1922365124,2979665.9422
2020-12-10,SH603185,弘元绿能,112.41,10461559,58203600,232509000,2613633.669
2020-12-10,SZ300756,金马游乐,24.09,453924,33361658.4,101966200,245636.5758
2020-12-10,SH601860,紫金银行,4.31,67342094,1740032164,3660888889,1577843.111159
2020-12-10,SZ300757,罗博特科,39.9,426100,54867800,104000000,414960
2020-12-10,SH601975,招商南油,2.52,25396435,3584690582,4942116343,1245413.318436
2020-12-10,SH603121,华培动力,13.08,2189072,118887120,259200000,339033.6
2020-12-10,SH603739,蔚蓝生物,23.11,1068400,74376000,154667000,357435.437
2020-12-10,SZ002948,青岛银行,5.96,137357410,605052226,4509690000,2687775.24
2020-12-10,SH603332,苏州龙杰,36.43,276200,29735000,118938000,433291.134
2020-12-10,SZ002945,华林证券,14.92,25247581,754789089,2700000000,4028400
2020-12-10,SH601598,中国外运,4.52,41078881,1351637231,7400803875,3345163.3515
2020-12-10,SH601298,青岛港,5.94,7409885,1869896000,6491100000,3855713.4
2020-12-10,SH603700,宁水集团,28.27,2471314,103323308,203242000,574565.134
2020-12-10,SH601615,明阳智能,17.68,64040665,982432168,1874669336,3314415.386048
2020-12-10,SZ002946,新乳业,18.04,2722125,159316720,853710666,1540094.041464
2020-12-10,SZ300759,康龙化成,101.92,3707831,283233349,794387462,8096397.012704
2020-12-10,SZ300755,华致酒行,29.28,2691227,119606430,416798400,1220385.7152
2020-12-10,SH603351,威尔药业,24.85,3331903,59665803,130666732,324706.82902
2020-12-10,SZ002947,恒铭达,47.44,405451,48688066,126649510,600825.27544
2020-12-10,SH601865,福莱特,32.22,22716567,206160000,1954600000,6297721.2
2020-12-10,SZ300761,立华股份,36.96,1732240,119461250,403880000,1492740.48
2020-12-10,SZ300758,七彩化学,24.84,2127037,123476760,192024000,476987.616
2020-12-10,SH603956,威派格,16.59,928360,87860100,425960100,706667.8059
2020-12-10,SZ002949,华阳国际,21.28,2087095,93497000,196030000,417151.84
2020-12-10,SH600928,西安银行,5.53,38303167,1155635387,4444444445,2457777.778085
2020-12-10,SZ002950,奥美医疗,21.35,3106650,223523212,633265407,1352021.643945
2020-12-10,SZ300762,上海瀚讯,45.35,1648319,108021976,214199500,971394.7325
2020-12-10,SZ002951,金时科技,14.63,6104557,71666666,405000000,592515
2020-12-10,SZ300763,锦浪科技,134.33,4026075,55059736,145660789,1956661.378637
2020-12-10,SZ300765,新诺威,21.19,1542384,105000000,420000000,889980
2020-12-10,SZ300766,每日互动,25.65,2481185,309503134,400100000,1026256.5
2020-12-10,SH603681,永冠新材,20.23,1399747,61657184,166591604,337014.814892
2020-12-10,SZ002958,青农商行,5.24,227612292,2695509592,5555555556,2911111.111344
2020-12-10,SZ002952,亚世光电,18.49,4063363,69956438,164340000,303864.66
2020-12-10,SZ300767,震安科技,72.9,1465942,82586807,144000000,1049760
2020-12-10,SH603379,三美股份,18.65,722560,193060783,610479037,1138543.404005
2020-12-10,SZ300768,迪普科技,37.36,3126902,138597011,400010000,1494437.36
2020-12-10,SH603068,博通集成,80.1,1470299,94153431,138713534,1111095.40734
2020-12-10,SZ300769,德方纳米,166.01,1160405,42774717,77859993,1292553.743793
2020-12-10,SH603317,天味食品,69.55,2501460,125214750,629581241,4378737.531155
2020-12-10,SZ300770,新媒股份,77.35,6086466,141532002,231058146,1787234.75931
2020-12-10,SZ300771,智莱科技,30.86,1350407,74416000,160000000,493760
2020-12-10,SZ300773,拉卡拉,33,7111738,383007612,800020000,2640066
2020-12-10,SZ300772,运达股份,15.3,7624003,154874375,293960000,449758.8
2020-12-10,SH603967,中创物流,14.16,817878,66666700,266666700,377600.0472
2020-12-10,SH603697,有友食品,21.39,6911000,89902922,304545000,651421.755
2020-12-10,SZ002953,日丰股份,20.86,493900,52699447,173879128,362711.861008
2020-12-10,SZ300778,新城市,29.3,653650,46098100,100000000,293000
2020-12-10,SH603267,鸿远电子,111.69,2946170,157512356,231476000,2585355.444
2020-12-10,SH600989,宝丰能源,11.75,22225262,1994270000,7333360000,8616698
2020-12-10,SZ300777,中简科技,50.49,3970077,262258728,400010000,2019650.49
2020-12-10,SZ300776,帝尔激光,127.99,1590584,45453467,105800240,1354137.27176
2020-12-10,SZ300775,三角防务,35.02,14560959,264000000,495500000,1735241
2020-12-10,SH603982,泉峰汽车,18.66,4346681,81440000,201532400,376059.4584
2020-12-10,SZ300779,惠城环保,20.22,758707,69148187,100000000,202200
2020-12-10,SH603327,福蓉科技,23.79,1138095,102470650,401000000,953979
2020-12-10,SZ002955,鸿合科技,25.36,609510,92296555,236454451,599648.487736
2020-12-10,SZ300780,德恩精工,19.43,1988300,63851000,146670000,284979.81
2020-12-10,SZ300781,因赛集团,42.45,5606928,27546600,84541420,358878.3279
2020-12-10,SH603915,国茂股份,28.84,2891455,124927400,472547400,1362826.7016
2020-12-10,SZ300782,卓胜微,558,2180768,105786176,180000000,10044000
2020-12-10,SZ002956,西麦食品,34.35,957400,69825880,160000000,549600
2020-12-10,SH603217,元利科技,28.13,299400,41362825,127456000,358533.728
2020-12-10,SH603863,松炀资源,11.67,2841600,108644000,205894000,240278.298
2020-12-10,SZ300594,朗进科技,26.58,931580,67871700,89981700,239171.3586
2020-12-10,SH600968,海油发展,2.46,32930183,1865104199,10165104199,2500615.632954
2020-12-10,SH603867,新化股份,26.06,1307611,84703624,140000000,364840
2020-12-10,SH601698,中国卫通,18.33,9841719,407637548,4000000000,7332000
2020-12-10,SZ300788,中信出版,45.1,1022717,50390151,190151515,857583.33265
2020-12-10,SH601236,红塔证券,16.82,17280644,1474920119,3633405396,6111387.876072
2020-12-10,SZ300783,三只松鼠,48.33,1645431,226976000,401000000,1938033
2020-12-10,SZ300785,值得买,95.62,704853,22893003,80584298,770547.057476
2020-12-10,SH603236,移远通信,194.28,1486287,71016000,107016000,2079106.848
2020-12-10,SH603256,宏和科技,10.44,5607429,135973021,877800000,916423.2
2020-12-10,SH688122,西部超导,63.88,6027438,310388000,441272000,2818845.536
2020-12-10,SH688088,虹软科技,71.95,4400474,264026180,406000000,2921170
2020-12-10,SH688333,铂力特,121.77,468749,42320346,80000000,974160
2020-12-10,SH688001,华兴源创,39.11,1638624,38451196,429086418,1678156.980798
2020-12-10,SH688388,嘉元科技,63,4041531,150540883,230876000,1454518.8
2020-12-10,SH688012,中微公司,159.21,6849720,245402535,534862237,8515541.675277
2020-12-10,SH688019,安集科技,302.72,778092,29884197,53108380,1607696.87936
2020-12-10,SH688022,瀚川智能,29.56,2473400,55976521,108000000,319248
2020-12-10,SH688003,天准科技,30.72,2985022,71366000,193600000,594739.2
2020-12-10,SH688005,容百科技,39.45,9027741,274010300,443285700,1748762.0865
2020-12-10,SH688006,杭可科技,60.5,2749964,95278424,401000000,2426050
2020-12-10,SH688007,光峰科技,22.23,1866788,283300135,452756901,1006478.590923
2020-12-10,SH688008,澜起科技,86.86,15208070,420201823,1129813889,9813563.439854
2020-12-10,SH688009,中国通号,6.02,27540551,1980591576,10589819000,6375071.038
2020-12-10,SH688018,乐鑫科技,149,925653,44370500,80030500,1192454.45
2020-12-10,SH688033,天宜新材,15.21,4050485,288593936,448737188,682529.262948
2020-12-10,SH688016,心脉医疗,224.6,927665,36894736,71978147,1616629.18162
2020-12-10,SH688002,睿创微纳,105.83,7181428,228728570,445000000,4709435
2020-12-10,SH688029,南微医学,170.6,1937767,42099554,133340000,2274780.4
2020-12-10,SH688010,福光股份,32.05,1440059,60995901,153581943,492230.127315
2020-12-10,SH688015,交控科技,39.6,1083486,90669718,160000000,633600
2020-12-10,SH688020,方邦股份,94.69,1137779,36662518,80000000,757520
2020-12-10,SH688011,新光光电,50.11,1132018,40781399,100000000,501100
2020-12-10,SH688028,沃尔德,39.47,1462958,36463923,80000000,315760
2020-12-10,SH688066,航天宏图,40.99,1408672,96364115,165983333,680365.681967
2020-12-10,SZ300786,国林科技,27.23,1878980,51593200,85440000,232653.12
2020-12-10,SH603983,丸美生物,59.29,1736616,77000000,401000000,2377529
2020-12-10,SH603687,大胜达,10.88,5870490,141788032,410830732,446983.836416
2020-12-10,SZ002957,科瑞技术,22.49,992900,153887203,411837400,926222.3126
2020-12-10,SH603279,景津装备,21.42,2956574,190310651,411739500,881946.009
2020-12-10,SH603613,国联股份,97.8,2741173,120204094,237172608,2319548.10624
2020-12-10,SZ002966,苏州银行,7.73,46207525,1624848015,3333333334,2576666.667182
2020-12-10,SH603530,神马电力,22.3,1222724,40044490,400044490,892099.2127
2020-12-10,SH603662,柯力传感,27.39,609340,76185010,167160636,457852.982004
2020-12-10,SH688099,晶晨股份,75.6,4776185,211534414,411120000,3108067.2
2020-12-10,SH688188,柏楚电子,247.57,1018809,25700110,100000000,2475700
2020-12-10,SZ002960,青鸟消防,40.67,1974295,120285240,246210000,1001336.07
2020-12-10,SH603115,海星股份,17.37,1536200,52000000,208000000,361296
2020-12-10,SH688321,微芯生物,39.88,2934934,250372322,410000000,1635080
2020-12-10,SZ300787,海能实业,46.65,5460300,49830000,127320000,593947.8
2020-12-10,SZ002959,小熊电器,110.9,1098818,76229400,156000000,1730040
2020-12-10,SH603992,松霖科技,16.35,706900,42850000,401009858,655651.11783
2020-12-10,SZ003816,中国广核,2.75,57778801,9754355725,50498611100,13887118.0525
2020-12-10,SZ300789,唐源电气,61.9,282000,16957759,45982759,284633.27821
2020-12-10,SH603755,日辰股份,72.05,912163,34200024,98613681,710511.571605
2020-12-10,SH603093,南华期货,20.47,5668000,110399100,580000000,1187260
2020-12-10,SZ002961,瑞达期货,27.69,1405900,108680000,445000000,1232205
2020-12-10,SH688168,安博通,65.8,960663,25430250,51180000,336764.4
2020-12-10,SH603927,中科软,43.4,10271360,324588160,424000000,1840160
2020-12-10,SZ002962,五方光电,20.93,2882543,104131440,244699000,512155.007
2020-12-10,SZ300790,宇瞳光学,20.8,1372260,108063197,210119144,437047.81952
2020-12-10,SH688116,天奈科技,44.01,4719154,176547919,231858116,1020407.568516
2020-12-10,SZ300791,仙乐健康,90.27,722909,33600000,120000000,1083240
2020-12-10,SZ300792,壹网壹创,119.48,1975700,72656885,144250200,1723501.3896
2020-12-10,SH688036,传音控股,133.64,3185205,389174724,800000000,10691200
2020-12-10,SH688068,热景生物,36.44,622562,43028271,62196341,226643.466604
2020-12-10,SH688030,山石网科,30.53,1902374,93621370,180223454,550222.205062
2020-12-10,SH688368,晶丰明源,169,818709,15356584,61600000,1041040
2020-12-10,SH603786,科博达,76.5,1380556,40100000,400100000,3060765
2020-12-10,SZ300793,佳禾智能,24.84,22779092,101888000,266688000,662452.992
2020-12-10,SH603815,交建股份,12.05,2773883,163287540,499000000,601295
2020-12-10,SZ300795,米奥会展,23.18,2939800,36915994,100164000,232180.152
2020-12-10,SH688139,海尔生物,68.2,4065215,181205918,317071758,2162429.38956
2020-12-10,SZ002965,祥鑫科技,34.7,505500,74950000,150700000,522929
2020-12-10,SH688098,申联生物,16.68,2092419,252893605,409700000,683379.6
2020-12-10,SZ002963,豪尔赛,20.7,459300,60390600,150359930,311245.0551
2020-12-10,SH603610,麒盛科技,25.55,1189172,102986134,207459057,530057.890635
2020-12-10,SZ300799,左江退,63.15,1047112,32461500,102000000,644130
2020-12-10,SH601077,渝农商行,4.6,35816343,5874465018,11357000000,5224220
2020-12-10,SH688108,赛诺医疗,15.65,3838034,287380545,410000000,641650
2020-12-10,SH688366,昊海生科,93.6,570197,37956581,177206600,1658653.776
2020-12-10,SH688369,致远互联,70.43,861382,56025953,76989583,542237.633069
2020-12-10,SH688025,杰普特,46.72,897728,48573651,92368576,431545.987072
2020-12-10,SH688058,宝兰德,82.85,649982,13575500,40000000,331400
2020-12-10,SZ300797,钢研纳克,18.28,2630700,76366983,248200000,453709.6
2020-12-10,SH688389,普门科技,19.5,2024594,155844720,422200000,823290
2020-12-10,SH688199,久日新材,45.37,1503106,78391322,111226800,504635.9916
2020-12-10,SH688128,中国电研,18.04,841797,94642609,404500000,729718
2020-12-10,SH688023,安恒信息,234,1002160,51648314,74074075,1733333.355
2020-12-10,SH688202,美迪西,145.5,555915,26214654,62000000,902100
2020-12-10,SH688021,奥福科技,67.23,452492,43512079,77283584,519577.535232
2020-12-10,SH688363,华熙生物,143.53,2309163,93341956,480000000,6889440
2020-12-10,SH688299,长阳科技,22.98,4050115,222632850,282568577,649342.589946
2020-12-10,SZ300800,力合科技,32.77,1396806,97600000,160000000,524320
2020-12-10,SH688288,鸿泉技术,39.12,718279,51326306,100000000,391200
2020-12-10,SZ300564,筑博设计,27.89,711400,30230000,100000000,278900
2020-12-10,SZ002967,广电计量,28.5,6199330,189480945,529072000,1507855.2
2020-12-10,SH688166,博瑞医药,45.71,1970617,180478161,410000000,1874110
2020-12-10,SH603489,八方股份,168.47,545403,71400000,120000000,2021640
2020-12-10,SZ300802,矩子科技,35.18,2029780,80441680,162452482,571507.831676
2020-12-10,SZ300796,贝斯美,24.05,671704,61852778,121150000,291365.75
2020-12-10,SH688300,联瑞新材,52.1,689743,51174530,85973400,447921.414
2020-12-10,SH688101,三达膜,17.61,3039947,179550680,333880000,587962.68
2020-12-10,SZ300803,指南针,32.6,7112467,225602288,404999999,1320299.99674
2020-12-10,SH688111,金山办公,335.45,1984453,215819451,461000000,15464245
2020-12-10,SH688138,清溢光电,22.72,3983925,76110000,266800000,606169.6
2020-12-10,SZ300805,电声股份,21.27,2948600,128030000,423230000,900210.21
2020-12-10,SH688196,卓越新能,59.1,2170463,29216700,120000000,709200
2020-12-10,SZ300798,锦鸡股份,14.02,2453900,229040590,417748945,585684.02089
2020-12-10,SZ300806,斯迪克,48.59,765118,64707016,118754379,577027.527561
2020-12-10,SH603390,通达电气,12.52,9156453,128526384,351686984,440312.103968
2020-12-10,SH601916,浙商银行,4.05,48851531,7010646184,21268696778,8613822.19509
2020-12-10,SZ300801,泰和科技,22.84,1614223,82022760,216000000,493344
2020-12-10,SZ300808,久量股份,20.01,2294889,49600000,160000000,320160
2020-12-10,SZ002969,嘉美包装,6.44,2222207,444176962,952630735,613494.19334
2020-12-10,SH688358,祥生医疗,55.52,175803,19200000,80000000,444160
2020-12-10,SZ002968,新大正,50.02,220950,46455940,107464000,537534.928
2020-12-10,SH688310,迈得医疗,30.05,474228,26441000,83600000,251218
2020-12-10,SH688118,普元信息,27.67,558581,56238488,95400000,263971.8
2020-12-10,SZ300809,华辰装备,25.26,7208193,39705000,156920000,396379.92
2020-12-10,SH688357,建龙微纳,67.53,385754,26047250,57820000,390458.46
2020-12-10,SH688399,硕世生物,183.71,1627146,32111098,58620000,1076908.02
2020-12-10,SZ300810,中科海讯,40.78,1111800,52072762,78700000,320938.6
2020-12-10,SH688258,卓易信息,59.17,666441,41714761,86956591,514522.148947
2020-12-10,SH688198,佰仁医疗,85.63,363900,22800000,96000000,822048
2020-12-10,SH601658,邮储银行,4.85,61017245,11274461418,86978562200,42184602.667
2020-12-10,SH688218,江苏北人,21.06,544720,26875365,117340000,247118.04
2020-12-10,SH688039,当虹科技,72.68,451427,17650600,80000000,581440
2020-12-10,SZ001914,招商积余,23.39,5129383,666863166,1060346060,2480149.43434
2020-12-10,SH688037,芯源微,95.09,605578,19215750,84000000,798756
2020-12-10,SZ002970,锐明技术,54.21,1430838,43200000,172800000,936748.8
2020-12-10,SH603053,成都燃气,15.02,6572807,88890000,888890000,1335112.78
2020-12-10,SZ300807,天迈科技,49.2,2415478,17000000,67851000,333826.92
2020-12-10,SH688089,嘉必优,46.33,425813,26756001,120000000,555960
2020-12-10,SH601512,中新集团,11.02,6168266,149890000,1498890000,1651776.78
2020-12-10,SH688123,聚辰股份,62.11,1142975,29002049,120841867,750548.835937
2020-12-10,SH603995,甬金股份,27.8,1168173,57670000,230670000,641262.6
2020-12-10,SH688268,华特气体,64.48,883566,28500000,120000000,773760
2020-12-10,SZ002972,科安达,20.25,308700,44080000,176320000,357048
2020-12-10,SZ300811,铂科新材,70.79,294700,14400000,57600000,407750.4
2020-12-10,SH688078,龙软科技,31.55,325024,16805500,70750000,223216.25
2020-12-10,SH603109,神驰机电,27.23,1128103,36670000,146670000,399382.41
2020-12-10,SH688181,八亿时空,58.56,472899,21255332,96473014,564945.969984
2020-12-10,SH688081,兴图新科,35.31,413702,17480030,73600000,259881.6
2020-12-10,SZ002973,侨银股份,24.72,1176589,40890000,408660000,1010207.52
2020-12-10,SZ300812,易天股份,47.86,576000,19380000,77511700,370970.9962
2020-12-10,SZ002971,和远气体,21.64,687946,40000000,160000000,346240
2020-12-10,SZ300813,泰林生物,56.81,333701,13000000,51970000,295241.57
2020-12-10,SH688178,万德斯,36.43,271276,20186988,84997844,309647.145692
2020-12-10,SH603551,奥普科技,15.85,663497,40010000,400010000,634015.85
2020-12-10,SH601816,京沪高铁,5.7,21539936,3211859516,49106484611,27990696.22827
2020-12-10,SH688278,特宝生物,35.5,1604426,40175000,406800000,1444140
2020-12-10,SH688158,优刻得,44.51,2133822,46800000,422532164,1880690.661964
2020-12-10,SH688100,威胜信息,23.97,1729441,42500000,500000000,1198500
2020-12-10,SH688026,洁特生物,54.45,884567,23750000,100000000,544500
2020-12-10,SZ300815,玉禾田,85.06,1371695,34599600,138400000,1177230.4
2020-12-10,SH688159,有方科技,34.1,395901,19482000,91679495,312627.07795
2020-12-10,SH688266,泽璟制药,66.16,3725508,58200000,240000000,1587840
2020-12-10,SH603290,斯达半导,271.65,4522624,40000000,160000000,4346400
2020-12-10,SH688298,东方生物,172.1,3431305,28500000,120000000,2065200
2020-12-10,SZ002975,博杰股份,111.36,1122072,34733400,138933400,1547162.3424
2020-12-10,SH603195,公牛集团,190.11,1091346,60000000,600613800,11418268.9518
2020-12-10,SH603893,瑞芯微,79.6,2548396,42000000,415878000,3310388.88
2020-12-10,SZ300816,艾可蓝,91.43,419600,20000000,80000000,731440
2020-12-10,SH688398,赛特新材,67.51,1361399,19000000,80000000,540080
2020-12-10,SH688186,广大特材,33.77,1375245,39710005,164800000,556529.6
2020-12-10,SZ300818,耐普矿机,35.7,790900,17500000,70000000,249900
2020-12-10,SH688080,映翰通,60,176857,12451837,52428786,314572.716
2020-12-10,SH688208,道通科技,76.82,1296415,48000000,450000000,3456900
2020-12-10,SZ300820,英杰电气,54.93,1432050,23760000,95010000,521889.93
2020-12-10,SH688090,瑞松科技,47.18,195643,15998140,67360588,317807.254184
2020-12-10,SH688200,华峰测控,321.8,691113,14229109,61185186,1968939.28548
2020-12-10,SZ300817,双飞集团,32.46,1404368,25272000,101064000,328053.744
2020-12-10,SH688177,百奥泰,33.53,1247056,58168499,414080000,1388410.24
2020-12-10,SH688169,石头科技,951.98,407712,16297827,66666667,6346533.365066
2020-12-10,SH688233,神工股份,43.68,454174,38154131,160000000,698880
2020-12-10,SH603719,良品铺子,57.1,1561448,41000000,401000000,2289710
2020-12-10,SH688086,退市紫晶,45.46,1184980,45692281,190381503,865474.312638
2020-12-10,SH601696,中银证券,25.67,21959885,278000000,2778000000,7131126
2020-12-10,SH688396,华润微,69.88,21860569,249044835,1215925195,8496885.26266
2020-12-10,SH603948,建业股份,21,1177000,40000000,160000000,336000
2020-12-10,SZ002976,瑞玛精密,30.05,387180,25000000,100000000,300500
2020-12-10,SH603949,雪龙集团,17.55,7426295,52458000,209806100,368209.7055
2020-12-10,SZ300821,东岳硅材,13.4,30441000,300000000,1200000000,1608000
2020-12-10,SZ300819,聚杰微纤,45.2,4635135,24870000,99470000,449604.4
2020-12-10,SZ300822,贝仕达克,51.85,1770322,26670000,106670000,553083.95
2020-12-10,SZ002977,天箭科技,131.48,763400,17900000,71500000,940082
2020-12-10,SZ300823,建科智能,38.65,2008761,23400000,93559091,361605.886715
2020-12-10,SH688051,佳华科技,89.99,433082,18546754,77334000,695928.666
2020-12-10,SH603221,爱丽家居,13.93,1167319,60000000,240000000,334320
2020-12-10,SH688189,南新制药,48.86,529815,33600000,140000000,684040
2020-12-10,SZ300825,阿尔特,29.2,4083700,76415000,305658743,892523.52956
2020-12-10,SH688228,开普云,53.79,127182,15184874,67133440,361110.77376
2020-12-10,SZ300826,测绘股份,38.22,1149590,20000000,80000000,305760
2020-12-10,SH603353,和顺石油,42.12,1015637,33380000,133380000,561796.56
2020-12-10,SZ002979,雷赛智能,48.75,1860411,52000000,208000000,1014000
2020-12-10,SH688096,京源环保,21.68,208639,25488500,107293500,232612.308
2020-12-10,SH688085,三友医疗,41.2,1194871,44485432,205333500,845974.02
2020-12-10,SZ300827,上能电气,61.99,3477415,18333600,73333600,454594.9864
2020-12-10,SZ002980,华盛昌,48.54,673124,33333400,133333400,647200.3236
2020-12-10,SH603095,越剑智能,26.34,351430,33000000,132000000,347688
2020-12-10,SH688222,成都先导,34.81,558360,36754696,400680000,1394767.08
2020-12-10,SZ002981,朝阳科技,34.35,4796854,24000000,96000000,329760
2020-12-10,SZ002978,安宁股份,50.06,2164577,40600000,401000000,2007406
2020-12-10,SH688126,沪硅产业,35.95,22901354,495494467,2480260000,8916534.7
2020-12-10,SZ300828,锐新科技,33.8,4700139,27569500,110280000,372746.4
2020-12-10,SH603682,锦和商管,9.09,1246518,94500000,472500000,429502.5
2020-12-10,SZ300829,金丹科技,101.8,1244787,28300000,112909092,1149414.55656
2020-12-10,SH601609,金田股份,11.85,19805822,242000000,1456969000,1726508.265
2020-12-10,SZ002982,湘佳股份,78.42,1600335,25630000,101880000,798942.96
2020-12-10,SH688318,财富趋势,218.18,520937,16651993,66670000,1454606.06
2020-12-10,SZ002983,芯瑞达,37.3,5140881,35420000,141680000,528466.4
2020-12-10,SH603439,三力制药,21.58,6329048,40740000,407322216,879001.342128
2020-12-10,SZ002985,北摩高科,172,2638437,37540000,150160000,2582752
2020-12-10,SH603392,万泰生物,190.62,1619368,43600000,433600000,8265283.2
2020-12-10,SH688365,光云科技,31.17,893585,35712307,401000000,1249917
2020-12-10,SH603212,赛伍技术,36.05,4532330,40010000,400010000,1442036.05
2020-12-10,SZ300830,金现代,14.09,2613693,86025000,430125000,606046.125
2020-12-10,SZ300831,派瑞股份,22.51,6074009,80000000,320000000,720320
2020-12-10,SZ002987,京北方,51.81,836089,40170000,160662382,832391.801142
2020-12-10,SH688466,金科环境,28.37,1017454,24405500,102760000,291530.12
2020-12-10,SH688588,凌志软件,29.33,613477,38009500,400010003,1173229.338799
2020-12-10,SZ300832,新产业,149.95,613637,41200000,412350000,6183188.25
2020-12-10,SH688598,金博股份,125.88,1636848,19152543,80000000,1007040
2020-12-10,SZ002988,豪美新材,16.01,1858700,58214142,232770000,372664.77
2020-12-10,SH688566,吉贝尔,29.02,384962,40192444,186941600,542504.5232
2020-12-10,SH601778,晶科科技,6.84,17822968,594592922,2765501922,1891603.314648
2020-12-10,SZ300833,浩洋股份,54.4,241758,21082000,84327000,458738.88
2020-12-10,SH688516,奥特维,79.71,924740,21118196,98670000,786498.57
2020-12-10,SH605001,威奥股份,16.55,1007857,75560000,302220000,500174.1
2020-12-10,SZ002990,盛视科技,81.72,1233636,31560000,126240000,1031633.28
2020-12-10,SZ300835,龙磁科技,57.37,2482850,17670000,70670000,405433.79
2020-12-10,SH603950,长源东谷,23.45,1217083,57880500,231522000,542919.09
2020-12-10,SZ300836,佰奥智能,56.73,607800,12313930,49255720,279427.69956
2020-12-10,SH605168,三人行,201,337423,17266700,69066700,1388240.67
2020-12-10,SH605288,凯迪股份,129.16,741400,12500000,50000000,645800
2020-12-10,SH688360,德马科技,36.13,274365,20424192,85676599,309549.552187
2020-12-10,SZ002986,宇新股份,40.25,227119,28340000,113340000,456193.5
2020-12-10,SH600918,中泰证券,15.68,54317044,696862576,6968625756,10926805.185408
2020-12-10,SH601827,三峰环境,8.67,3186297,378268000,1678268000,1455058.356
2020-12-10,SZ300837,浙矿股份,57.33,596384,25000000,100000000,573300
2020-12-10,SH601399,国机重装,3.91,6749861,493577712,7268263664,2841891.092624
2020-12-10,SZ300838,浙江力诺,24.36,1472909,34085000,136340000,332124.24
2020-12-10,SH688312,燕麦科技,30.41,363323,32660815,143478696,436318.714536
2020-12-10,SH688157,松井股份,96.39,759132,18905000,79600000,767264.4
2020-12-10,SH688599,天合光能,22.02,44903317,310200000,2068026375,4553794.07775
2020-12-10,SZ002989,中天精装,40.62,1011300,37850000,151400000,614986.8
2020-12-10,SH688004,博汇科技,53.93,270096,12864150,56800000,306322.4
2020-12-10,SZ300841,康华生物,463.09,415812,15000000,60000000,2778540
2020-12-10,SH688106,金宏气体,29.86,6769745,105721290,484333400,1446219.5324
2020-12-10,SH605166,聚合顺,11.41,4255931,78887000,315547000,360039.127
2020-12-10,SZ300842,帝科股份,67.05,2054902,25000000,100000000,670500
2020-12-10,SH688505,复旦张江,20.83,2021977,91059525,1043000000,2172569
2020-12-10,SZ300824,北鼎股份,29.24,1275633,54350000,217400000,635677.6
2020-12-10,SH688520,神州细胞,52.85,978488,47377374,435335714,2300749.24849
2020-12-10,SH688518,联赢激光,17.01,620038,68025692,299200000,508939.2
2020-12-10,SH688555,退市泽达,43,202677,18909800,83110000,357373
2020-12-10,SH603087,甘李药业,112.99,1481031,56280000,561540000,6344840.46
2020-12-10,SH600956,新天绿能,8.63,3639100,134750000,3849910396,3322472.671748
2020-12-10,SH688558,国盛智科,30.06,568504,31631346,132000000,396792
2020-12-10,SZ300839,博汇股份,29.53,1177961,26000000,104000000,307112
2020-12-10,SH688528,秦川物联,19.11,323676,38036436,168000000,321048
2020-12-10,SZ300846,首都在线,25.4,2438511,50000000,411316277,1044743.34358
2020-12-10,SZ300843,胜蓝股份,35.15,5913509,37230000,148900000,523383.5
2020-12-10,SZ300845,捷安高科,37.91,802978,23090000,92356000,350121.596
2020-12-10,SH688600,皖仪科技,19.63,385657,30343211,133340000,261746.42
2020-12-10,SH688277,天智航,45.88,685497,34995902,418442648,1919814.869024
2020-12-10,SH688568,中科星图,53.44,1245977,47267836,220000000,1175680
2020-12-10,SH688377,迪威尔,22.5,375355,44286886,194667000,438000.75
2020-12-10,SZ300840,酷特智能,20.5,3214605,60000000,240000000,492000
2020-12-10,SZ300847,中船汉光,26.21,3015428,49340000,197340000,517228.14
2020-12-10,SH688027,国盾量子,252.25,687077,16285175,80000000,2018000
2020-12-10,SZ300849,锦盛新材,29.08,6840298,25000000,100000000,290800
2020-12-10,SH605199,ST葫芦娃,25.2,3955506,40100000,400108752,1008274.05504
2020-12-10,SH688060,云涌科技,105.49,340502,13568744,60000000,632940
2020-12-10,SZ300850,新强联,123.17,1898884,26500000,106000000,1305602
2020-12-10,SZ300852,四会富仕,98.34,545870,14160000,56628200,556881.7188
2020-12-10,SH688309,恒誉环保,36.94,326826,18198482,80010733,295559.647702
2020-12-10,SH688180,君实生物,67.65,1138501,68345011,872496000,5902435.44
2020-12-10,SH688165,埃夫特,14.33,1621858,118034804,521780000,747710.74
2020-12-10,SH688500,慧辰股份,44.7,362411,16883754,74274510,332007.0597
2020-12-10,SH605108,同庆楼,26,1688800,50000000,200000000,520000
2020-12-10,SH688981,中芯国际,61,35819225,1040231223,7700130914,46970798.5754
2020-12-10,SH688579,地纬智能,16.92,539576,36082296,400010000,676816.92
2020-12-10,SH688567,孚能科技,31.57,4245967,145827440,1070669685,3380104.195545
2020-12-10,SZ300851,交大思诺,41.44,340745,21733400,86933400,360252.0096
2020-12-10,SZ300848,美瑞新材,58.71,2289250,16670000,66670000,391419.57
2020-12-10,SH688488,艾迪药业,27.51,598677,51489221,420000000,1155420
2020-12-10,SH688256,寒武纪,158.6,680522,31104785,400100000,6345586
2020-12-10,SH688580,伟思医疗,99.6,377521,15675643,68346667,680732.80332
2020-12-10,SH688336,三生国健,25.45,1226169,56233670,616211413,1568258.046085
2020-12-10,SH688561,奇安信,108.64,1613161,69236980,679616000,7383348.224
2020-12-10,SZ300856,科思股份,62.04,1682489,28220000,112880000,700307.52
2020-12-10,SH688077,大地熊,43.02,602552,18201916,80000000,344160
2020-12-10,SH688589,力合微,43.61,504771,24557439,100000000,436100
2020-12-10,SH688069,德林海,73.59,325494,13636527,59470000,437639.73
2020-12-10,SH688418,震有科技,33.18,884359,39434523,193610000,642397.98
2020-12-10,SH688508,芯朋微,104.6,1403778,25660508,112800000,1179888
2020-12-10,SZ300855,图南股份,42.36,2683271,50000000,200000000,847200
2020-12-10,SZ300853,申昊科技,63.58,585404,20407000,81628000,518990.824
2020-12-10,SZ300857,协创数据,33.7,1602204,51639446,206557782,696099.72534
2020-12-10,SZ300858,科拓生物,66.96,3190582,20630000,82517692,552538.465632
2020-12-10,SH605188,国光连锁,11.52,5343800,49580000,495580000,570908.16
2020-12-10,SH688050,爱博医疗,179.19,747597,21497309,105139272,1883990.614968
2020-12-10,SH603408,建霖家居,19.33,4997718,45000000,446680000,863432.44
2020-12-10,SH605118,力鼎光电,17.85,743367,41000000,405500000,723817.5
2020-12-10,SH605222,起帆电缆,22.8,1415597,50000000,400580000,913322.4
2020-12-10,SZ002991,甘源食品,93.1,1298866,23304000,93215831,867839.38661
2020-12-10,SH601456,国联民生,19.5,80832170,475719000,2378119000,4637332.05
2020-12-10,SH688586,江航装备,31.63,4873365,88153464,403744467,1277043.749121
2020-12-10,SH688311,盟升电子,93.01,1385650,26331561,114670000,1066545.67
2020-12-10,SH605318,法狮龙,19.18,597500,32292788,129171152,247750.269536
2020-12-10,SZ002992,宝明科技,33.15,6178257,34500000,137960950,457340.54925
2020-12-10,SH605399,晨光新材,19.56,4686266,46000000,184000000,359904
2020-12-10,SZ002995,天地在线,58.3,231335,16170000,64670000,377026.1
2020-12-10,SH605158,华达新材,12.18,2276867,98400000,393400000,479161.2
2020-12-10,SZ300859,西域旅游,23.88,2445655,38750000,155000000,370140
2020-12-10,SH688338,赛科希德,64.95,499577,18717185,81648000,530303.76
2020-12-10,SH605066,天正电气,14.24,1079561,71000000,401000000,571024
2020-12-10,SH688556,高测股份,27.91,944849,36802502,161851400,451727.2574
2020-12-10,SH688339,亿华通,250,901367,15298190,70500000,1762500
2020-12-10,SH688286,敏芯股份,133,1050861,12134458,53200000,707560
2020-12-10,SH688155,先惠技术,69.67,482578,17199439,75630036,526914.460812
2020-12-10,SH605100,华丰股份,48.23,381917,21700000,86700000,418154.1
2020-12-10,SH688313,仕佳光子,25.98,1387354,41524315,458802328,1191968.448144
2020-12-10,SH605366,宏柏新材,13.31,4756989,83000000,332000000,441892
2020-12-10,SH688065,凯赛生物,90.9,409881,37820456,416681976,3787639.16184
2020-12-10,SH688185,康希诺,438.28,3112050,22648746,247449899,10845234.173372
2020-12-10,SZ002993,奥海科技,82.11,5393604,45200000,180800000,1484548.8
2020-12-10,SH605088,冠盛股份,19.84,1463123,40000000,160000000,317440
2020-12-10,SH600610,中毅达,4.64,4242023,375574590,1071274605,497071.41672
2020-12-10,SH688055,龙腾光电,9.42,13292697,269367789,3333333400,3140000.0628
2020-12-10,SH688335,复洁科技,40.47,281230,16612339,72521508,293494.542876
2020-12-10,SH688229,博睿数据,124.81,624946,10105607,44400000,554156.4
2020-12-10,SH688521,芯原股份,90.1,836564,42745401,485518649,4374523.02749
2020-12-10,SH605388,均瑶健康,21.79,12935330,70000000,430000000,936970
2020-12-10,SH605333,沪光股份,16.39,5172720,40100000,401000000,657239
2020-12-10,SH688519,南亚新材,36.8,2319781,48654452,234400000,862592
2020-12-10,SH603931,格林达,46.94,1156200,25453900,101815500,477921.957
2020-12-10,SH688379,华光新材,27.85,421375,20021444,88000000,245080
2020-12-10,SH688596,正帆科技,21.73,1790013,54312373,256500000,557374.5
2020-12-10,SH688393,安必平,42.34,349830,21199870,93340000,395201.56
2020-12-10,SH605178,时空科技,56.65,290800,17727000,70894000,401614.51
2020-12-10,SH605008,长鸿高科,27.25,4195000,46000000,458843153,1250347.591925
2020-12-10,SZ300873,海晨股份,46.83,1723520,31614397,133333334,624400.003122
2020-12-10,SZ300872,天阳科技,42.95,2815239,53303243,224682030,965009.31885
2020-12-10,SZ300871,回盛生物,47.82,1184685,26271828,110507018,528444.560076
2020-12-10,SZ300875,捷强装备,95.3,862506,19199000,76795963,731865.52739
2020-12-10,SZ300877,金春股份,57.7,1568830,28453929,120000000,692400
2020-12-10,SZ300864,南大环境,105.41,346807,11379445,48000000,505968
2020-12-10,SZ300862,蓝盾光电,44.83,1918892,31320312,131869930,591172.89619
2020-12-10,SZ300878,维康药业,60.18,745547,19073090,80439068,484082.311224
2020-12-10,SZ300865,大宏立,47.15,4008333,22684065,95680000,451131.2
2020-12-10,SZ300866,安克创新,188.64,749534,35581634,406427207,7666842.832848
2020-12-10,SZ300870,欧陆通,83.3,1867333,23995199,101200000,842996
2020-12-10,SZ300869,康泰医学,137.37,4418520,38538208,401796800,5519482.6416
2020-12-10,SZ300860,锋尚文化,150.6,629189,17095467,72074057,1085435.29842
2020-12-10,SZ300868,杰美特,45.04,1416914,30350342,128000000,576512
2020-12-10,SZ300876,蒙泰高新,46.1,1720018,22762245,96000000,442560
2020-12-10,SZ300867,圣元环保,36.51,2836040,59341069,271741053,992126.584503
2020-12-10,SZ300863,卡倍亿,126.08,1762940,13097657,55230000,696339.84
2020-12-10,SZ300861,美畅股份,46.13,2036062,37575780,400010000,1845246.13
2020-12-10,SH605255,天普股份,17.85,1275068,33520000,134080000,239332.8
2020-12-10,SH605123,派克新材,73.67,1415485,27000000,108000000,795636
2020-12-10,SH688356,键凯科技,101.88,126116,13641601,60000000,611280
2020-12-10,SH688408,中信博,154.02,803918,30265576,135715480,2090289.82296
2020-12-10,SZ002996,顺博合金,16.49,14950276,53000000,439000000,723911
2020-12-10,SH688017,绿的谐波,120.5,921099,27542939,120416700,1451021.235
2020-12-10,SH688289,圣湘生物,104.18,1343709,33232547,400000000,4167200
2020-12-10,SH688215,瑞晟智能,54.69,240638,9077057,40040000,218978.76
2020-12-10,SH688569,铁科轨道,22.69,760658,48398230,210666700,478002.7423
2020-12-10,SZ300881,盛德鑫泰,46.46,12695356,23710909,100000000,464600
2020-12-10,SZ300880,迦南智能,44.19,6948254,31626487,133360000,589317.84
2020-12-10,SZ300879,大叶股份,34.5,4959949,37938946,160000000,552000
2020-12-10,SH603155,新亚强,37.28,1243655,38890000,155560000,579927.68
2020-12-10,SH688550,瑞联新材,97.66,407356,16278028,70181579,685393.300514
2020-12-10,SH688513,苑东生物,52.41,364401,24754883,120090000,629391.69
2020-12-10,SH688056,莱伯泰科,37.35,430840,15463455,67000000,250245
2020-12-10,SH605006,山东玻纤,9.11,7347998,100000000,500000000,455500
2020-12-10,SZ002999,天禾股份,11.98,2559518,62080000,248280000,297439.44
2020-12-10,SZ002997,瑞鹄模具,18.43,1630228,45900000,183600000,338374.8
2020-12-10,SH688378,奥来德,57.12,336933,14964845,73136700,417756.8304
2020-12-10,SH688390,固德威,184,1837291,20038860,88000000,1619200
2020-12-10,SH601702,华峰铝业,8.13,26798534,249630000,998530600,811805.3778
2020-12-10,SH605003,众望布艺,34.6,641933,22000000,88000000,304480
2020-12-10,SH688095,福昕软件,284,537223,10897231,48140000,1367176
2020-12-10,SH688559,海目星,27.6,4015158,45503573,200000000,552000
2020-12-10,SH688551,科威尔,39.67,800808,18197476,80000000,317360
2020-12-10,SZ300882,万胜智能,31.7,3719030,37286087,157253400,498493.278
2020-12-10,SZ300885,海昌新材,44.9,4001832,20000000,80000000,359200
2020-12-10,SZ300883,龙利得,17.82,6561405,82028576,346000000,616572
2020-12-10,SZ002984,森麒麟,24.08,2359612,69000000,649668900,1564402.7112
2020-12-10,SH605358,立昂微,109.59,9604329,40580000,400580000,4389956.22
2020-12-10,SH605009,豪悦护理,194.59,5151054,26670000,106670000,2075691.53
2020-12-10,SZ003000,劲仔食品,16.51,5730358,40010000,400010000,660416.51
2020-12-10,SH605128,上海沿浦,28.79,703500,20000000,80000000,230320
2020-12-10,SH605369,拱东医疗,63.8,666500,20000000,80000000,510400
2020-12-10,SZ300889,爱克股份,38.59,3720490,36989574,156000000,602004
2020-12-10,SH688577,浙海德曼,51.39,275614,12282047,53971720,277360.66908
2020-12-10,SZ300886,华业香料,61.3,1090167,13607320,57350000,351555.5
2020-12-10,SZ300887,谱尼测试,89.21,942398,16219382,76000000,677996
2020-12-10,SH603112,华翔股份,13.16,6304193,53200000,425000000,559300
2020-12-10,SZ300890,翔丰华,56.99,2927887,23747606,100000000,569900
2020-12-10,SZ300891,惠云钛业,20.15,11392011,94846872,400000000,806000
2020-12-10,SZ300888,稳健医疗,144.33,2398439,43880157,426492308,6155563.481364
2020-12-10,SH688301,奕瑞科技,206.79,237740,15601167,72547826,1500216.493854
2020-12-10,SH605198,安德利,25.93,812700,20000000,378000000,980154
2020-12-10,SZ003006,百亚股份,22.76,5714555,42777800,427777800,973622.2728
2020-12-10,SZ003003,天元股份,17.11,3731473,44200000,176720000,302367.92
2020-12-10,SH605116,奥锐特,17.82,1544347,41000000,401000000,714582
2020-12-10,SH688536,思瑞浦,413,813964,18082465,80000000,3304000
2020-12-10,SH688127,蓝特光学,32.7,3312187,36936053,401580000,1313166.6
2020-12-10,SZ003002,壶化股份,16.74,3498737,50000000,200000000,334800
2020-12-10,SH688526,科前生物,43.23,1716785,79748234,465000000,2010195
2020-12-10,SZ003005,竞业达,58.1,3459338,26500000,106000000,615860
2020-12-10,SH688156,路德科技,23.41,415038,20886808,91840000,214997.44
2020-12-10,SZ003008,开普检测,40.25,1057700,20000000,80000000,322000
2020-12-10,SZ003007,直真科技,34.28,668400,20000000,80000000,274240
2020-12-10,SH605050,福然德,11.71,2222569,75000000,435000000,509385
2020-12-10,SZ300893,松原安全,42.75,2311570,23709744,100000000,427500
2020-12-10,SZ300895,铜牛信息,56.25,2355507,22999654,96970150,545457.09375
2020-12-10,SZ300892,品渥食品,77.52,3597694,23710277,100000000,775200
2020-12-10,SZ002998,优彩资源,10.1,4797191,81599600,326398400,329662.384
2020-12-10,SZ003009,中天火箭,56.25,5694545,38848100,155392313,874081.760625
2020-12-10,SH603565,中谷物流,22.97,1907035,66666667,666666667,1531333.334099
2020-12-10,SZ003010,若羽臣,36.85,1632297,30430000,121699840,448463.9104
2020-12-10,SH605218,伟时电子,16.38,3729873,53208365,212833460,348621.20748
2020-12-10,SZ300897,山科智能,49.66,1336801,17000000,68000000,337688
2020-12-10,SH688595,芯海科技,74.66,1660873,20352285,100000000,746600
2020-12-10,SH688585,上纬新材,14.57,1147670,39023879,403200000,587462.4
2020-12-10,SZ300896,爱美客,580.98,1182162,26006394,120200000,6983379.6
2020-12-10,SH605111,新洁能,211.87,4181694,25300000,101200000,2144124.4
2020-12-10,SH688013,天臣医疗,36.7,381120,16287839,80000000,293600
2020-12-10,SH605136,丽人丽妆,32.7,2687744,40010000,400010000,1308032.7
2020-12-10,SH605018,长华集团,15.07,1473949,41680000,416680000,627936.76
2020-12-10,SZ003011,海象新材,78.78,1433080,18340000,73340000,577772.52
2020-12-10,SH688093,世华科技,26.75,1101268,39113045,172000000,460100
2020-12-10,SH605099,共创草坪,29.24,2656433,40090000,400090000,1169863.16
2020-12-10,SH605338,巴比食品,43.55,1931902,62000000,248000000,1080040
2020-12-10,SZ003001,中岩大地,35.92,765905,24293828,97175312,349053.720704
2020-12-10,SZ300999,金龙鱼,68.34,29509540,356738334,5421591536,37051156.557024
2020-12-10,SH688330,宏力达,90,680773,23195443,100000000,900000
2020-12-10,SZ300899,*ST凯鑫,55.35,1205700,15950000,63783466,353041.48431
2020-12-10,SH688386,泛亚微透,68.67,1808574,14248140,70000000,480690
2020-12-10,SZ300898,熊猫乳品,53.7,5816546,26456438,124000000,665880
2020-12-10,SH605336,帅丰电器,31.32,1530715,35200000,140800000,440985.6
2020-12-10,SZ003012,东鹏控股,15.17,11018761,143000000,1173000000,1779441
2020-12-10,SH601568,北元集团,10.79,30732976,361111112,3611111112,3896388.889848
2020-12-10,SH605058,澳弘电子,27.47,3639492,35731000,142923950,392612.09065
2020-12-10,SZ003015,日久光电,17.1,7927784,70266667,281066667,480624.00057
2020-12-10,SZ003013,地铁设计,20.78,2724921,40010000,400010000,831220.78
2020-12-10,SH688788,科思科技,224.5,1137280,16631354,75534232,1695743.5084
2020-12-10,SH688129,东来技术,25.8,1384446,27298426,120000000,309600
2020-12-10,SH688179,阿拉丁,60.57,1190335,22937162,100933400,611353.6038
2020-12-10,SZ003017,大洋生物,59,2463100,15000000,60000000,354000
2020-12-10,SZ003016,欣贺股份,10.5,4039846,106666700,426666700,448000.035
2020-12-10,SH601187,厦门银行,12.36,78332827,263912789,2639127888,3261962.069568
2020-12-10,SH688221,前沿生物,20.89,2916963,82625780,359760000,751538.64
2020-12-10,SZ300900,广联航空,52.34,5413598,44464076,210240000,1100396.16
2020-12-10,SH689009,九号公司,65.32,5843817,57664140,704091670,4599126.78844
2020-12-10,SZ300902,国安达,42.19,3155306,30346688,127980000,539947.62
2020-12-10,SZ300901,中胤时尚,29.56,13086286,56887984,240000000,709440
2020-12-10,SH605169,洪通燃气,27.87,6549616,40000000,160000000,445920
2020-12-10,SH688133,泰坦科技,112.31,706919,15567262,76248960,856352.06976
2020-12-10,SH601995,中金公司,60.2,28469702,260278568,4827256868,29060086.34536
2020-12-10,SZ300903,科翔股份,50.63,9278228,40886645,172337694,872545.744722
2020-12-10,SZ000939,凯迪退,0.15,72837680,3041709597,3929595494,58943.93241
2020-12-10,SZ300906,日月明,47.25,1869963,20000000,80000000,378000
2020-12-10,SZ300905,宝丽迪,70.66,1771402,18000000,72000000,508752
2020-12-10,SZ003018,金富科技,14.26,3937014,65000000,260000000,370760
2020-12-10,SH688529,豪森智能,43.21,1752758,29124827,128000000,553088
2020-12-10,SH605007,五洲特纸,29.35,13994502,40010000,400010000,1174029.35
2020-12-10,SH688057,金达莱,34.7,2483291,63773849,276000000,957720
2020-12-10,SH688135,利扬芯片,50.02,4191390,27704245,136400000,682272.8
2020-12-10,SH688160,步科股份,46.66,1694379,19085772,84000000,391944
2020-12-10,SZ300884,狄耐克,54.05,3308444,28452726,120000000,648600
2020-12-10,SZ003019,宸展光电,34.93,2295931,32000000,128000000,447104
2020-12-10,SZ300909,汇创达,66,3624338,23925168,100906663,665983.9758
2020-12-10,SZ300907,康平科技,45.62,3573473,22761989,96000000,437952
2020-12-10,SH688219,会通股份,23.07,4829306,41490958,459283632,1059567.339024
2020-12-10,SZ300908,仲景食品,92.16,5377641,23710250,100000000,921600
2020-12-10,SH605068,明新旭腾,34.42,6782880,41500000,166000000,571372
2020-12-10,SH688777,中控技术,103.9,7786067,39032884,491290000,5104503.1
2020-12-10,SH605177,东亚药业,42.75,3158989,28400000,113600000,485640
2020-12-10,SZ003004,*ST声迅,39.73,6724600,20460000,81840000,325150.32
2020-12-10,SZ300910,瑞丰新材,81.31,5803914,35565988,150000000,1219650
2020-12-10,SH605266,健之佳,142.2,4684662,13250000,53000000,753660
2020-12-10,SZ300916,朗特智能,121.19,2292075,10650000,42580000,516027.02
2020-12-10,SH688557,兰剑智能,49.3,2355839,16537554,72670000,358263.1
2020-12-10,SH688578,艾力斯,30.7,8083815,68452142,450000000,1381500
2020-12-10,SZ300915,海融科技,100.74,2800938,15000000,60000000,604440
2020-12-10,SH605258,协和电子,49.06,9061475,22000000,88000000,431728
2020-12-10,SZ300911,亿田智能,50.1,8685144,25289938,106666700,534400.167
2020-12-10,SZ003021,兆威机电,83.66,4568170,26670000,106670000,892401.22
2020-12-10,SH601686,友发集团,16.5,32936912,142000000,1411556600,2329068.39
2020-12-10,SH605183,确成股份,27.57,265292,48720400,414018000,1141447.626
2020-12-10,SZ300912,凯龙高科,49.83,10848749,26563468,111968000,557936.544
2020-12-10,SZ300913,兆龙互连,43.12,15659460,29047545,122500000,528220
2020-12-10,SH688590,新致软件,24.39,10134301,37003648,182022280,443952.34092
2020-12-10,SH605376,博迁新材,20.36,114958,65400000,261600000,532617.6
2020-12-10,SZ003022,联泓新科,19.97,39781046,147360000,1027360000,2051637.92
2020-12-10,SH688308,欧科亿,42.39,15768104,22748156,100000000,423900
