日期,代码,名称,日收盘价,日交易量,流通股本,总股本,总市值(万)
2024-05-27,SH600654,中安科,2.29,3982999,2282022162,2863320000,655700.28
2024-05-27,SH600651,飞乐音响,3.07,7396629,2507028015,2507028015,769657.600605
2024-05-27,SH600602,云赛智联,11.77,15218541,1074302990,1367673455,1609751.656535
2024-05-27,SH600601,方正科技,2.49,30861254,4170293287,4170293287,1038403.028463
2024-05-27,SH600653,申华控股,1.3,10054130,1946380317,1946380317,253029.44121
2024-05-27,SZ000004,*ST国华,10.92,4555200,126288093,132380282,144559.267944
2024-05-27,SZ000002,万  科Ａ,8.87,341171613,9716935865,11930709471,10582539.300777
2024-05-27,SZ000001,平安银行,11.51,145436143,19405546950,19405918198,22336211.845898
2024-05-27,SZ000009,中国宝安,10.06,12723775,2551430324,2579213965,2594689.24879
2024-05-27,SH600603,广汇物流,5.8,33236347,1230550151,1230550151,713719.08758
2024-05-27,SZ000012,南  玻Ａ,5.8,16241202,1959279645,3070692107,1781001.42206
2024-05-27,SZ000016,深康佳Ａ,2.73,14286648,1596593800,2407945408,657369.096384
2024-05-27,SH600605,汇通能源,28.67,2534620,206282429,206282429,591411.723943
2024-05-27,SH600608,*ST沪科,3.06,4463481,318371441,328861441,100631.600946
2024-05-27,SH600604,市北高新,4.08,10255769,1407454804,1873304804,764308.360032
2024-05-27,SH600606,绿地控股,1.99,101132477,14054218314,14054218314,2796789.444486
2024-05-27,SZ000011,深物业A,8.55,7540974,526475543,595979092,509562.12366
2024-05-27,SZ000017,深中华A,6.85,12223900,302984965,689184933,472091.679105
2024-05-27,SZ000007,全新好,4.72,2021061,308948044,346448044,163523.476768
2024-05-27,SZ000006,深振业Ａ,3.98,19577336,1349987396,1349995046,537298.028308
2024-05-27,SZ000020,深华发Ａ,11.52,2289700,181165391,283161227,326201.733504
2024-05-27,SZ000008,神州高铁,2.18,19847660,2675949260,2716377683,592170.334894
2024-05-27,SZ000014,沙河股份,10.76,9067513,242046224,242046224,260441.737024
2024-05-27,SH600609,金杯汽车,4.43,7919973,1311200558,1311200558,580861.847194
2024-05-27,SH600611,大众交通,2.91,10228650,1563316364,2364122864,687959.753424
2024-05-27,SH600612,老凤祥,75.3,1079400,317109630,523117764,3939076.76292
2024-05-27,SH600655,豫园股份,5.89,9463800,3884231115,3896095653,2294800.339617
2024-05-27,SH600616,金枫酒业,5.45,2951778,669004950,669004950,364607.69775
2024-05-27,SZ000019,深粮控股,6.61,5149560,416216407,1152535254,761825.802894
2024-05-27,SH600618,氯碱化工,9.77,4936378,749839976,1156399976,1129802.776552
2024-05-27,SH600619,海立股份,5.97,27650000,789174798,1077769006,643428.096582
2024-05-27,SH600620,天宸股份,5.3,25733269,686677113,686677113,363938.86989
2024-05-27,SZ000501,武商集团,7.82,3953000,767999494,768992731,601352.315642
2024-05-27,SZ000503,国新健康,8.73,30524312,898779932,984176136,859185.766728
2024-05-27,SH600621,华鑫股份,13.18,12896901,1060899292,1060899292,1398265.266856
2024-05-27,SH600622,光大嘉宝,2.37,38973028,1499685402,1499685402,355425.440274
2024-05-27,SH600623,华谊集团,6.74,10794100,1862196763,2131449598,1436597.029052
2024-05-27,SZ000504,*ST生物,7.07,5828500,310667201,330023098,233326.330286
2024-05-27,SZ000505,京粮控股,6.38,4165100,631105336,726950251,463794.260138
2024-05-27,SH600624,ST复华,3.87,4533420,684712010,684712010,264983.54787
2024-05-27,SH600626,申达股份,2.91,7090701,852291316,1320744667,384336.698097
2024-05-27,SH600628,新世界,6.2,2683902,646875384,646875384,401062.73808
2024-05-27,SH600630,龙头股份,9.86,39269330,424861597,424861597,418913.534642
2024-05-27,SH600635,大众公用,2.93,11838657,2418791675,2952434675,865063.359775
2024-05-27,SH600637,东方明珠,6.54,12705035,3361899817,3361899817,2198682.480318
2024-05-27,SH600636,*ST国化,8.84,4357119,438636802,438636802,387754.932968
2024-05-27,SH600638,新黄浦,4.49,12229600,673396786,673396786,302355.156914
2024-05-27,SH600639,浦东金桥,11.72,14655601,850236703,1122412893,1315467.910596
2024-05-27,SZ000507,珠海港,4.96,5630630,888207753,919734895,456188.50792
2024-05-27,SH600641,先导基电,12.56,10588553,930629920,930629920,1168871.17952
2024-05-27,SH600640,国脉文化,11.52,5219427,795695940,795695940,916641.72288
2024-05-27,SH600642,申能股份,8.91,36534827,4864938286,4894332526,4360850.280666
2024-05-27,SH600644,乐山电力,7.99,85858862,538400659,538400659,430182.126541
2024-05-27,SH600643,爱建集团,4.38,6970895,1619103390,1621922452,710402.033976
2024-05-27,SZ000023,*ST深天,2.51,3081405,138756240,138756240,34827.81624
2024-05-27,SH600647,退市同达,7.13,0,139143550,139143550,99209.35115
2024-05-27,SH600648,外高桥,9.74,6138226,934791624,1135349124,1105830.046776
2024-05-27,SH600645,中源协和,17.96,6345393,467770165,467948890,840436.20644
2024-05-27,SZ000509,华塑控股,3.06,6986925,1073124808,1073128052,328377.183912
2024-05-27,SZ000510,新金路,3.51,5822901,567412232,609182254,213822.971154
2024-05-27,SH600649,城投控股,4.52,134896434,2529575634,2529575634,1143368.186568
2024-05-27,SH600657,信达地产,3.81,26737900,2851878595,2851878595,1086565.744695
2024-05-27,SH600658,电子城,3.95,8797560,1118585045,1118585045,441841.092775
2024-05-27,SZ000026,飞亚达,9.9,2614800,362707353,405864207,401805.56493
2024-05-27,SH600650,锦江在线,8.08,1814400,390560075,551610107,445700.966456
2024-05-27,SH600660,福耀玻璃,47.48,22430100,2002986332,2609743532,12391062.289936
2024-05-27,SH600662,外服控股,4.58,7226000,1053362191,2283509850,1045847.5113
2024-05-27,SH600661,昂立教育,11.9,7716600,286548830,286548830,340993.1077
2024-05-27,SZ000025,特  力Ａ,14.67,4101495,392778320,431058320,632362.55544
2024-05-27,SH600663,陆家嘴,10.33,9672548,2933461440,4812931457,4971758.195081
2024-05-27,SH600664,哈药股份,2.98,23461923,2518509876,2521278976,751341.134848
2024-05-27,SH600665,天地源,3.02,39039579,864122521,864122521,260965.001342
2024-05-27,SH600666,奥瑞德,1.33,13663598,2419752935,2763512843,367547.208119
2024-05-27,SZ000514,渝 开 发,4.47,95784860,843770965,843770965,377165.621355
2024-05-27,SH600668,尖峰集团,9,2261279,344083828,344083828,309675.4452
2024-05-27,SH600667,太极实业,5.96,30472336,2106190178,2106190178,1255289.346088
2024-05-27,SZ000516,国际医学,5.61,20227552,2213559751,2260809518,1268314.139598
2024-05-27,SZ000028,国药一致,38.65,3852153,478053712,556565077,2151124.022605
2024-05-27,SH600671,天目药业,8.5,396900,121720533,121778885,103512.05225
2024-05-27,SH600600,青岛啤酒,83.41,4565062,704795080,1364196788,11378765.408708
2024-05-27,SZ000027,深圳能源,7.44,25936251,4757389916,4757389916,3539498.097504
2024-05-27,SZ000029,深深房Ａ,11.94,3142905,891660000,1011660000,1207922.04
2024-05-27,SH600673,东阳光,8.68,7299383,3001557927,3013874259,2616042.856812
2024-05-27,SH600675,中华企业,3.1,92391175,6096135252,6096135252,1889801.92812
2024-05-27,SH600674,川投能源,17.57,20935762,4874606828,4874606828,8564684.196796
2024-05-27,SH600676,交运股份,3.35,4551873,1028492944,1028492944,344545.13624
2024-05-27,SZ000030,富奥股份,5.72,6820420,1692209461,1741643085,996219.84462
2024-05-27,SZ000031,大悦城,2.81,20583996,4002884290,4286313339,1204454.048259
2024-05-27,SH600678,四川金顶,5.72,16250100,348990000,348990000,199622.28
2024-05-27,SZ000519,中兵红箭,13.33,38826775,1392558982,1392558982,1856281.123006
2024-05-27,SH600679,上海凤凰,9.15,3238500,312782308,515294257,471494.245155
2024-05-27,SH600682,南京新百,6.64,14011700,1165060275,1346132221,893831.794744
2024-05-27,SZ000521,长虹美菱,10.88,35551054,875312459,1029923715,1120557.00192
2024-05-27,SH600683,京投发展,4.29,24510655,740777597,740777597,317793.589113
2024-05-27,SH600684,珠江股份,3.01,26538900,853460723,853460723,256891.677623
2024-05-27,SH600685,中船防务,27.21,11313073,821435181,1413506378,3846150.854538
2024-05-27,SZ000513,丽珠集团,39.38,5829184,597839047,927651978,3653093.489364
2024-05-27,SZ000525,红太阳,5.69,6861300,580625080,580772873,330459.764737
2024-05-27,SZ000032,深桑达Ａ,16.24,12576354,644763811,1137959234,1848045.796016
2024-05-27,SZ000526,学大教育,59.9,1272100,117762709,122124709,731527.00691
2024-05-27,SH600688,上海石化,2.8,25739501,7328813500,10799285500,3023799.94
2024-05-27,SH600686,金龙汽车,8.51,27162347,717047417,717047417,610207.351867
2024-05-27,SH600689,上海三毛,7.94,2907000,152204143,200991343,159587.126342
2024-05-27,SZ000523,红棉股份,3.13,8796831,1376799222,1835468461,574501.628293
2024-05-27,SZ000524,岭南控股,9.08,11327052,670058202,670208597,608549.406076
2024-05-27,SZ000528,柳    工,10.77,34984002,1413730637,1951215413,2101458.999801
2024-05-27,SH600692,亚通股份,5.23,16899346,255010517,351764064,183972.605472
2024-05-27,SH600690,海尔智家,30.75,38103011,6308552654,9438114893,29022203.295975
2024-05-27,SH600691,潞化科技,2.24,17174484,2375585952,2375981952,532219.957248
2024-05-27,SH600693,东百集团,3.38,3974500,868952782,869846246,294008.031148
2024-05-27,SH600694,大商股份,20.45,2701100,293718653,293718653,600654.645385
2024-05-27,SZ000541,佛山照明,5.64,8653112,1056501050,1548778230,873510.92172
2024-05-27,SZ000539,粤电力Ａ,5.8,64921106,2553912699,5250283986,3045164.71188
2024-05-27,SZ000547,航天发展,6.79,13417965,1588350696,1598468269,1085359.954651
2024-05-27,SZ000550,江铃汽车,24.72,7227740,518463160,863214000,2133865.008
2024-05-27,SZ000553,安道麦A,6.2,4556600,2177067461,2329811766,1444483.29492
2024-05-27,SH600699,均胜电子,15.81,15091054,1368084624,1408701543,2227157.139483
2024-05-27,SH600696,*ST岩石,10.45,3199496,334469431,334469431,349520.555395
2024-05-27,SH600697,欧亚集团,11.3,10562370,155376015,159088075,179769.52475
2024-05-27,SH600800,渤海化学,2.45,5487819,1109730216,1110045216,271961.07792
2024-05-27,SZ000544,中原环保,8.8,15320350,974684488,974684488,857722.34944
2024-05-27,SZ000530,冰山冷热,4.11,8813525,600041613,843212507,346560.340377
2024-05-27,SZ000537,绿发电力,10.01,19073100,1862520720,2066602352,2068668.954352
2024-05-27,SZ000554,泰山石油,5.66,9999555,362653197,480793318,272129.017988
2024-05-27,SZ000538,云南白药,54.37,11868010,1772576245,1784262603,9701035.772511
2024-05-27,SZ000543,皖能电力,8.48,64482134,2266863331,2266863331,1922300.104688
2024-05-27,SZ000548,湖南投资,4.51,8330399,499188811,499215811,225146.330761
2024-05-27,SH600805,悦达投资,4.38,6583382,850275368,850894494,372691.788372
2024-05-27,SZ000533,顺钠股份,3.89,15955200,684902400,690816000,268727.424
2024-05-27,SH600804,退市鹏博,1.58,56186174,1392629959,1657463906,261879.297148
2024-05-27,SH600803,新奥股份,18.6,5550050,2836141085,3098397607,5763019.54902
2024-05-27,SH600802,福建水泥,3.45,5425674,458248400,458248400,158095.698
2024-05-27,SH600801,华新建材,15.35,7895772,1344275649,2078995649,3191258.321215
2024-05-27,SZ000532,华金资本,12.42,9414007,343549746,344708340,428127.75828
2024-05-27,SH600807,济高发展,3.08,12540163,787018464,884634731,272467.497148
2024-05-27,SZ000551,创元科技,10.01,5705475,401381861,403984805,404388.789805
2024-05-27,SZ000531,穗恒运Ａ,6.03,9233900,822099384,1041401332,627965.003196
2024-05-27,SH600808,马钢股份,2.32,27873304,5967751186,7746937986,1797289.612752
2024-05-27,SH600809,山西汾酒,251.16,2915647,1219964222,1219964222,30640621.399752
2024-05-27,SH600810,神马股份,7.21,4311130,1044178900,1044178900,752852.9869
2024-05-27,SH600811,*ST东方,1.61,54831828,3658744935,3658744935,589057.934535
2024-05-27,SZ000564,供销大集,2,243515071,15181371403,19163777335,3832755.467
2024-05-27,SZ000563,陕国投Ａ,3,50100008,5113970358,5113970358,1534191.1074
2024-05-27,SZ000534,万泽股份,11.08,3569884,497734371,510637396,565786.234768
2024-05-27,SZ000559,万向钱潮,5,21051216,3303629789,3303791344,1651895.672
2024-05-27,SH600812,华北制药,4.96,8468118,1715730370,1715730370,851002.26352
2024-05-27,SH600814,杭州解百,7.04,18551479,723458878,735105598,517514.340992
2024-05-27,SH600816,建元信托,2.82,21784632,5469137919,9844448254,2776134.407628
2024-05-27,SH600815,厦工股份,2.22,11181900,1774094480,1774094480,393848.97456
2024-05-27,SH600820,隧道股份,6.97,26487821,3144096094,3144096094,2191434.977518
2024-05-27,SH600819,耀皮玻璃,5.06,12078700,747416067,934916069,473067.530914
2024-05-27,SH600821,金开新能,5.82,17018465,1997263453,1997263453,1162407.329646
2024-05-27,SZ000021,深科技,13.01,26091000,1559998402,1560587588,2030324.451988
2024-05-27,SH600825,新华传媒,4.23,10330460,1044887850,1044887850,441987.56055
2024-05-27,SH600824,益民集团,3.27,7969080,1054027073,1054027073,344666.852871
2024-05-27,SH600822,上海物贸,8.79,2535229,396147908,495972914,435960.191406
2024-05-27,SH600823,*ST世茂,0.43,0,3751168261,3751168261,161300.235223
2024-05-27,SH600827,百联股份,8.72,10562288,1604449920,1784168117,1555794.598024
2024-05-27,SH600826,兰生股份,8.47,2166200,528623958,528623958,447744.492426
2024-05-27,SH600834,申通地铁,7.09,1109800,477381905,477381905,338463.770645
2024-05-27,SH600829,人民同泰,6.54,3560450,579888597,579888597,379247.142438
2024-05-27,SH600831,广电网络,3.43,6845301,710518154,710518154,243707.726822
2024-05-27,SH600830,香溢融通,6.39,9928390,454322747,454322747,290312.235333
2024-05-27,SH600835,上海机电,13.26,6196335,806504300,1022739308,1356152.322408
2024-05-27,SH600836,*ST易连,0.91,66448725,665243072,668953072,60874.729552
2024-05-27,SH600828,茂业商业,2.97,5932900,1731360181,1731982546,514398.816162
2024-05-27,SH600838,上海九百,6.3,2401100,400881981,400881981,252555.64803
2024-05-27,SH600843,上工申贝,8.19,92861842,469222730,713166480,584083.34712
2024-05-27,SH600846,同济科技,8.09,3838900,624761516,624761516,505432.066444
2024-05-27,SH600841,动力新科,4.05,6193799,920144118,1387821784,562067.82252
2024-05-27,SH600839,四川长虹,5.08,80046132,4614958631,4616244222,2345052.064776
2024-05-27,SH600848,上海临港,11.01,6691560,2393912273,2522487004,2777258.191404
2024-05-27,SH600850,电科数字,18.76,3667493,608484405,689591378,1293673.425128
2024-05-27,SH600847,万里股份,7.36,3298100,153287400,153287400,112819.5264
2024-05-27,SH600851,海欣股份,5.59,3359100,738206110,1207056692,674744.690828
2024-05-27,SZ000555,神州信息,12.02,13793954,972312287,975774437,1172880.873274
2024-05-27,SZ000039,中集集团,9.52,26203716,2301407141,5392520385,5133679.40652
2024-05-27,SZ000035,中国天楹,4.66,18537943,2453345376,2523777297,1176080.220402
2024-05-27,SZ000565,渝三峡Ａ,4.7,3047175,433592220,433592220,203788.3434
2024-05-27,SH600857,宁波中百,6.77,1839794,224319919,224319919,151864.585163
2024-05-27,SH600859,王府井,13.52,10394741,1093469526,1135049451,1534586.857752
2024-05-27,SH600860,京城股份,9.16,4718219,428196883,547665988,501662.045008
2024-05-27,SZ000558,天府文旅,2.52,16613800,1288684608,1289223949,324884.435148
2024-05-27,SZ000034,神州数码,29.63,16816495,550154289,669581480,1983969.92524
2024-05-27,SZ000568,泸州老窖,180.72,7197809,1467265140,1471987769,26601762.961368
2024-05-27,SH600861,北京人力,20.65,1329800,316804949,566112718,1169022.76267
2024-05-27,SH600863,内蒙华电,4.63,123522271,6526887811,6526887811,3021949.056493
2024-05-27,SZ000566,海南海药,3.4,7939700,1165909733,1297365126,441104.14284
2024-05-27,SZ000567,海德股份,9.97,4513167,1344779697,1347994590,1343950.60623
2024-05-27,SZ000571,新大洲A,3.11,11989700,814036325,833679000,259274.169
2024-05-27,SZ000036,华联控股,3.39,9283760,1480659445,1483934025,503053.634475
2024-05-27,SZ000570,苏常柴Ａ,5.01,5774200,498874326,705692507,353551.946007
2024-05-27,SZ000037,深南电A,9.51,31300294,338895156,602762596,573227.228796
2024-05-27,SZ000040,*ST旭蓝,2.41,0,1060340670,1486873870,358336.60267
2024-05-27,SZ000572,海马汽车,3.49,12615410,1642155224,1644636426,573978.112674
2024-05-27,SH600864,哈投股份,5.14,23256000,2080570520,2080570520,1069413.24728
2024-05-27,SH600865,百大集团,7.33,1847794,376240316,376240316,275784.151628
2024-05-27,SZ000045,深纺织Ａ,8.7,3717700,457021849,506521849,440674.00863
2024-05-27,SZ000573,粤宏远Ａ,2.74,9407800,632964819,638280604,174888.885496
2024-05-27,SH600866,星湖科技,6.75,90207238,1109373959,1661472616,1121494.0158
2024-05-27,SH600867,通化东宝,9.48,21360315,1981734074,1981734074,1878683.902152
2024-05-27,SZ000576,甘化科工,7.08,4716900,423501390,438149272,310209.684576
2024-05-27,SH600868,梅雁吉祥,2.23,18423948,1898148679,1898148679,423287.155417
2024-05-27,SZ000042,中洲控股,5.02,15033000,663989377,664831139,333745.231778
2024-05-27,SZ000048,京基智农,17.43,5576515,523239250,530569250,924782.20275
2024-05-27,SH600872,中炬高新,27.48,7154963,785375950,785375950,2158213.1106
2024-05-27,SH600869,远东股份,4.23,22065708,2219352746,2219352746,938786.211558
2024-05-27,SZ000050,深天马Ａ,7.61,19664110,2375794164,2457747661,1870345.970021
2024-05-27,SZ000049,德赛电池,20.96,2547252,384497163,384638534,806202.367264
2024-05-27,SH600871,石化油服,1.85,38549058,13569378551,18984340033,3512102.906105
2024-05-27,SH600874,创业环保,5.99,8243828,1230418085,1570418085,940680.432915
2024-05-27,SH600875,东方电气,18.55,53308789,2023304059,3117499457,5782961.492735
2024-05-27,SH600877,电科芯片,11.2,11113297,921979452,1184167119,1326267.17328
2024-05-27,SZ000010,美丽生态,1.85,12754300,522171498,1149652292,212685.67402
2024-05-27,SH600876,凯盛新能,12.16,4678769,382445239,645674963,785140.755008
2024-05-27,SZ000582,北部湾港,8.14,15651314,1411454803,2277555761,1853930.389454
2024-05-27,SH600879,航天电子,7.47,35543512,3229173107,3299299334,2464576.602498
2024-05-27,SH600880,博瑞传播,4.2,8361272,1093030175,1093332092,459199.47864
2024-05-27,SH600881,亚泰集团,1.34,10403600,3248913588,3248913588,435354.420792
2024-05-27,SZ000584,工智退,1.44,28987679,758987419,760937577,109575.011088
2024-05-27,SH600882,妙可蓝多,14.82,3532529,512053647,513499647,761006.476854
2024-05-27,SH600883,博闻科技,6.76,2264400,236088000,236088000,159595.488
2024-05-27,SZ000586,汇源通信,8.65,2236572,193440000,193440000,167325.6
2024-05-27,SH600886,国投电力,17.18,39690058,6965873347,7454179797,12806280.891246
2024-05-27,SZ000590,古汉医药,7.35,18137701,239376227,239471267,176011.381245
2024-05-27,SH600884,杉杉股份,10.64,11869254,1757236492,2258223223,2402749.509272
2024-05-27,SH600885,宏发股份,29.15,10578152,1042675731,1042675731,3039399.755865
2024-05-27,SZ000591,太阳能,5.3,58892753,3595164818,3909227441,2071890.54373
2024-05-27,SH600888,新疆众和,7.87,13512850,1366895288,1376665488,1083435.739056
2024-05-27,SZ000589,贵州轮胎,6.08,31405653,1530107504,1555255604,945595.407232
2024-05-27,SH600889,南京化纤,5.64,47871263,366346010,366346010,206619.14964
2024-05-27,SZ000593,德龙汇能,5.47,4454110,358447369,358631009,196171.161923
2024-05-27,SH600887,伊利股份,29.02,42145949,6305094159,6366098705,18474418.44191
2024-05-27,SH600894,广日股份,13.64,13900049,859946895,859946895,1172967.56478
2024-05-27,SH600893,航发动力,35.24,9307950,2665124758,2665594238,9393554.094712
2024-05-27,SZ000055,方大集团,4,6566311,675854429,1073874227,429549.6908
2024-05-27,SZ000595,*ST宝实,3.93,14216700,1138210168,1138656366,447491.951838
2024-05-27,SH600895,张江高科,18.91,61717891,1548689550,1548689550,2928571.93905
2024-05-27,SZ000599,青岛双星,4.13,8300101,816745112,816758987,337321.461631
2024-05-27,SH600706,曲江文旅,11.52,4111040,254030185,255059785,293828.87232
2024-05-27,SH600707,彩虹股份,7.16,47246911,3587669732,3588389732,2569287.048112
2024-05-27,SZ000597,东北制药,4.49,9681519,1374263742,1429103265,641667.365985
2024-05-27,SH600702,舍得酒业,74.14,4511963,332269541,333167579,2470104.430706
2024-05-27,SZ000598,兴蓉环境,7.5,21784806,2968576321,2984996321,2238747.24075
2024-05-27,SH600711,盛屯矿业,4.19,104375930,3122669280,3131641380,1312157.73822
2024-05-27,SH600897,厦门空港,13.85,1642620,416934000,416934000,577453.59
2024-05-27,SZ000600,建投能源,6.58,22939600,1090044876,1809299376,1190518.989408
2024-05-27,SH600704,物产中大,5,54048102,5114782040,5193362040,2596681.02
2024-05-27,SH600714,金瑞矿业,8.97,36054453,288176273,288176273,258494.116881
2024-05-27,SH600708,光明地产,2.29,61168296,2225277771,2228636743,510357.814147
2024-05-27,SZ000401,金隅冀东,5.12,10212873,1547299483,2658214783,1361005.968896
2024-05-27,SH600717,天津港,4.54,18183804,2894001038,2894001038,1313876.471252
2024-05-27,SH600718,东软集团,7.97,8062100,1203703468,1213413212,967090.329964
2024-05-27,SZ000404,长虹华意,6.73,11748511,693640472,695995979,468405.293867
2024-05-27,SH600712,南宁百货,3.8,7291200,538648371,544655360,206969.0368
2024-05-27,SZ000402,金 融 街,3.15,36956547,2987698630,2988929907,941512.920705
2024-05-27,SH600722,金牛化工,4.53,8965244,680319676,680319676,308184.813228
2024-05-27,SZ000408,藏格矿业,26.85,8673169,1580418573,1580435073,4243468.171005
2024-05-27,SH600713,南京医药,4.81,5702900,1046859432,1310231012,630221.116772
2024-05-27,SH600715,文投控股,1.81,32068200,1854853500,1854853500,335728.4835
2024-05-27,SH600726,华电能源,2.3,35405200,1927887817,7907336210,1818687.3283
2024-05-27,SH600716,凤凰股份,3.09,9630900,936060590,936060590,289242.72231
2024-05-27,SH600729,重庆百货,26.41,1987800,192799458,446338271,1178779.373711
2024-05-27,SH600725,云维股份,2.91,7784490,1232470000,1232470000,358648.77
2024-05-27,SZ000407,胜利股份,3.07,6516942,875767412,880084656,270185.989392
2024-05-27,SZ000056,皇庭国际,2.26,35692800,903728783,1210088720,273480.05072
2024-05-27,SZ000415,渤海租赁,2.52,75388601,5392739135,6184521282,1558499.363064
2024-05-27,SH600720,中交设计,10,11544984,776162687,2061708481,2061708.481
2024-05-27,SH600728,佳都科技,4.11,14697739,2133661465,2144492465,881386.403115
2024-05-27,SH600724,宁波富达,4.22,14061700,1444942664,1445241071,609891.731962
2024-05-27,SH600719,大连热电,10.71,83866054,404599600,404599600,433326.1716
2024-05-27,SZ000410,沈阳机床,7.08,7428982,1680915944,2064746603,1461840.594924
2024-05-27,SZ000416,*ST民控,0.45,0,531627879,531871494,23934.21723
2024-05-27,SH600735,ST新华锦,4.73,34650123,425451827,428778219,202812.097587
2024-05-27,SH600730,中国高科,4.59,5601396,586656002,586656002,269275.104918
2024-05-27,SZ000423,东阿阿胶,70.61,6453960,643976824,643976824,4547120.354264
2024-05-27,SH600737,中粮糖业,10.27,23066001,2138848228,2138848228,2196597.130156
2024-05-27,SH600738,丽尚国潮,4.22,5510801,760666196,761335236,321283.469592
2024-05-27,SH600731,湖南海利,5.31,3218860,535198732,558742416,296692.222896
2024-05-27,SZ000420,吉林化纤,4,95202668,2458020643,2458868343,983547.3372
2024-05-27,SZ000421,南京公用,5.28,21272600,574180609,578006934,305187.661152
2024-05-27,SH600740,山西焦化,4.54,12753699,2562121154,2562121154,1163203.003916
2024-05-27,SZ000428,华天酒店,3.13,7136140,1018888500,1018926000,318923.838
2024-05-27,SZ000417,合百集团,4.8,10276700,779027451,779884200,374344.416
2024-05-27,SZ000422,湖北宜化,12.49,26449888,1007312141,1057866712,1321275.523288
2024-05-27,SH600736,苏州高新,4.73,13620782,1151292907,1151292907,544561.545011
2024-05-27,SZ000419,通程控股,4.69,4865505,543582655,543582655,254940.265195
2024-05-27,SH600733,北汽蓝谷,6.95,209496195,4847918126,5573503169,3873584.702455
2024-05-27,SH600739,辽宁成大,10.01,6787790,1529709816,1529709816,1531239.525816
2024-05-27,SZ000603,盛达资源,14.37,16913400,632489859,689969346,991485.950202
2024-05-27,SH600741,华域汽车,16.11,9171285,3152723984,3152723984,5079038.338224
2024-05-27,SH600742,富维股份,8.47,7269204,743057880,743057880,629370.02436
2024-05-27,SZ000425,徐工机械,7.98,84722103,8120089571,11816166093,9429300.542214
2024-05-27,SZ000426,兴业银锡,14.52,35937218,1477884862,1837192219,2667603.101988
2024-05-27,SZ000430,ST张家界,6.25,7815150,331738800,404817686,253011.05375
2024-05-27,SZ000607,华媒控股,3.66,6066466,884898575,1017698410,372477.61806
2024-05-27,SZ000601,韶能股份,4.12,7653536,1079864567,1080551669,445187.287628
2024-05-27,SH600744,华银电力,3.83,125409553,2031124274,2031124274,777920.596942
2024-05-27,SZ000605,渤海股份,5.24,3986020,337643688,352658600,184793.1064
2024-05-27,SH600746,江苏索普,6.95,4369200,1166082347,1167842884,811650.80438
2024-05-27,SZ000608,*ST阳光,2,15783200,749913309,749913309,149982.6618
2024-05-27,SH600756,浪潮软件,11.09,2024920,324098753,324098753,359425.517077
2024-05-27,SH600750,华润江中,26.58,6669319,625409732,629334091,1672770.013878
2024-05-27,SH600748,上实发展,3.09,22868361,1844562892,1844562892,569969.933628
2024-05-27,SZ000413,ST旭电,1.43,0,5029350156,5632749948,805483.242564
2024-05-27,SZ000610,西安旅游,13.2,7621000,235483894,236747901,312507.22932
2024-05-27,SZ000612,焦作万方,7.9,61639265,1191420144,1192199394,941837.52126
2024-05-27,SH600753,*ST海钦,6.75,2132265,215040000,230307175,155457.343125
2024-05-27,SZ000596,古井贡酒,250.6,1140992,408600000,528600000,13246716
2024-05-27,SH600757,长江传媒,7.95,18193200,1213497103,1213650273,964851.967035
2024-05-27,SH600755,厦门国贸,8.13,14894200,2034363223,2204227857,1792037.247741
2024-05-27,SH600761,安徽合力,25.7,13797081,782752019,782752019,2011672.68883
2024-05-27,SZ000609,ST中迪,1.92,13927900,292089522,299265522,57458.980224
2024-05-27,SH600760,中航沈飞,38.78,7122846,2744736813,2755699513,10686602.711414
2024-05-27,SH600754,锦江酒店,27.84,11830568,914044063,1070044063,2979002.671392
2024-05-27,SH600749,西藏旅游,12.05,16089100,226965517,226965517,273493.447985
2024-05-27,SZ000615,*ST美谷,2.35,12269600,761738984,762979719,179300.233965
2024-05-27,SZ000617,中油资本,5.86,52226340,12642079079,12642079079,7408258.340294
2024-05-27,SZ000619,海螺新材,5.06,3442700,360000000,441168831,223231.428486
2024-05-27,SH600766,退市园城,9.84,0,223932072,224226822,220639.192848
2024-05-27,SZ000623,吉林敖东,14.62,6422981,1191581843,1195895387,1748399.055794
2024-05-27,SH600758,辽宁能源,3.43,12712400,1320743394,1322017394,453451.966142
2024-05-27,SH600763,通策医疗,61.78,3302088,320640000,320640000,1980913.92
2024-05-27,SH600769,祥龙电业,7.17,6958480,374977200,374977200,268858.6524
2024-05-27,SH600764,中国海防,19.08,8721354,710629386,710629386,1355880.868488
2024-05-27,SH600771,广誉远,23.86,4712372,489491141,489491141,1167925.862426
2024-05-27,SH600765,中航重机,18.83,26072899,1468678593,1481545812,2789750.763996
2024-05-27,SH600774,汉商集团,7.92,10892221,294842131,295032402,233665.662384
2024-05-27,SH600773,西藏城投,12.41,6294410,819660744,951586865,1180919.299465
2024-05-27,SH600768,宁波富邦,8.51,2250901,133747200,133747200,113818.8672
2024-05-27,SZ000627,*ST天茂,2.27,31571306,4552504165,4940629165,1121522.820455
2024-05-27,SZ000633,合金投资,5.16,4527100,385103448,385106373,198714.888468
2024-05-27,SZ000637,茂化实华,3.7,6215318,368014255,519875356,192353.88172
2024-05-27,SZ000651,格力电器,41.92,39729593,5583149620,5631405741,23606852.866272
2024-05-27,SH600775,南京熊猫,9.17,58294105,671838529,913838529,837989.931093
2024-05-27,SZ000628,高新发展,50.46,38480736,192074040,352280000,1777604.88
2024-05-27,SZ000630,铜陵有色,4.02,147876749,10526464166,12792920401,5142754.001202
2024-05-27,SZ000635,英 力 特,6.9,5832101,303087602,303915506,209701.69914
2024-05-27,SH600770,综艺股份,2.9,13965088,1300000000,1300000000,377000
2024-05-27,SZ000632,三木集团,3.27,8304792,465481606,465519570,152224.89939
2024-05-27,SH600777,*ST新潮,1.85,54619454,6366152391,6800495825,1258091.727625
2024-05-27,SZ000639,西王食品,3.22,8912800,1079426772,1079428095,347575.84659
2024-05-27,SH600776,东方通信,10.15,9485211,956000064,1256000064,1274840.06496
2024-05-27,SZ000626,远大控股,5.39,2086400,501949535,508940464,274318.910096
2024-05-27,SZ000652,泰达股份,3.41,6042620,1474451359,1475573852,503170.683532
2024-05-27,SZ000655,金岭矿业,6.39,6562580,595340230,595340230,380422.40697
2024-05-27,SZ000656,*ST金科,1.47,152993230,5309566867,5339715816,784938.224952
2024-05-27,SZ000636,风华高科,12.09,9954866,1157010286,1157013211,1398828.972099
2024-05-27,SH600778,友好集团,4.46,2528701,311214882,311491352,138925.142992
2024-05-27,SZ000659,珠海中富,1.7,9551420,1285702520,1285702520,218569.4284
2024-05-27,SH600780,通宝能源,7.07,6704300,1146502523,1146502523,810577.283761
2024-05-27,SZ000663,永安林业,5.47,4201500,306297158,336683929,184166.109163
2024-05-27,SH600779,水井坊,46.65,2550735,488361398,488361398,2278205.92167
2024-05-27,SZ000669,ST金鸿,1.59,7536000,680408797,680408797,108184.998723
2024-05-27,SZ000668,*ST荣控,7.23,2156800,146841890,146841890,106166.68647
2024-05-27,SZ000665,湖北广电,3.79,10764837,1134349842,1134389007,429933.433653
2024-05-27,SZ000661,长春高新,112.2,3004136,401940440,404423090,4537627.0698
2024-05-27,SZ000676,智度股份,6.14,22578398,1274824025,1276506972,783775.280808
2024-05-27,SH600783,鲁信创投,10.73,2400500,744359294,744359294,798697.522462
2024-05-27,SH600784,鲁银投资,5.34,3508400,568177846,675652277,360798.315918
2024-05-27,SH600782,新钢股份,3.96,23475613,3145652149,3145652149,1245678.251004
2024-05-27,SZ000677,恒天海龙,2.76,11072400,863977948,863977948,238457.913648
2024-05-27,SZ000058,深 赛 格,6.12,8637058,984691604,1231200672,753494.811264
2024-05-27,SH600785,新华百货,14.86,4346600,225631280,225631280,335288.08208
2024-05-27,SZ000061,农 产 品,5.76,5651300,1696932506,1696964131,977451.339456
2024-05-27,SZ000682,东方电子,12.21,62443864,1340594657,1340727007,1637027.675547
2024-05-27,SH600787,中储股份,5.33,12897650,2170079582,2180728668,1162328.380044
2024-05-27,SZ000680,山推股份,8.7,38334536,1307994730,1500855412,1305744.20844
2024-05-27,SH600792,云煤能源,3.78,10330300,989923600,1109923600,419551.1208
2024-05-27,SZ000060,中金岭南,4.7,39090107,3737314556,3737590181,1756667.38507
2024-05-27,SZ000685,中山公用,7.81,6126200,1253962161,1475111351,1152061.965131
2024-05-27,SZ000679,大连友谊,3.18,5318446,356400000,356400000,113335.2
2024-05-27,SZ000690,宝新能源,5.32,38608701,2174471375,2175887862,1157572.342584
2024-05-27,SH600791,京能置业,3.72,10377300,452313696,452880000,168471.36
2024-05-27,SZ000062,深圳华强,9.59,8904667,1044547525,1045909322,1003027.039798
2024-05-27,SZ000059,华锦股份,4.94,16151654,1599442537,1599442537,790124.613278
2024-05-27,SZ000683,博源化工,7.79,35029397,3282520023,3730812560,2906302.98424
2024-05-27,SH600793,宜宾纸业,9.76,1423200,176904002,176904002,172658.305952
2024-05-27,SZ000698,ST沈化,3.69,7502820,785710473,819514395,302400.811755
2024-05-27,SZ000701,厦门信达,4.61,34325717,640314898,687178106,316789.106866
2024-05-27,SH600789,鲁抗医药,8.32,135687351,896055624,896055624,745518.279168
2024-05-27,SZ000686,东北证券,6.6,6927500,2340452915,2340452915,1544698.9239
2024-05-27,SZ000692,惠天热电,3.38,8556700,532828876,532832976,180097.545888
2024-05-27,SH600790,轻纺城,3.59,5769749,1465790928,1465790928,526218.943152
2024-05-27,SZ000700,模塑科技,5.7,16339454,918015389,918015389,523268.77173
2024-05-27,SZ000691,*ST亚太,4.13,11945860,323270000,323270000,133510.51
2024-05-27,SZ001696,宗申动力,12.27,132646652,891339725,1145026920,1404948.03084
2024-05-27,SH600794,保税科技,3.59,10639300,1212152157,1212152157,435162.624363
2024-05-27,SH600795,国电电力,5.44,189979697,17835619082,17835619082,9702576.780608
2024-05-27,SZ000702,正虹科技,7,114081403,266634576,346624948,242637.4636
2024-05-27,SZ000697,ST炼石,7.7,31028706,581451905,873100876,672287.67452
2024-05-27,SZ000708,中信特钢,15.2,6797240,5047156433,5047156433,7671677.77816
2024-05-27,SZ000703,恒逸石化,7.4,10122670,3647335611,3666302286,2713063.69164
2024-05-27,SH600796,钱江生化,4.97,5610800,301402144,866585766,430693.125702
2024-05-27,SH600051,宁波联合,6.06,3007600,310880000,310880000,188393.28
2024-05-27,SZ000705,浙江震元,7.89,16470111,281888251,334123286,263623.272654
2024-05-27,SZ000711,ST京蓝,1.95,13213316,998465734,2856976223,557110.363485
2024-05-27,SH600052,东望时代,4.12,5121646,844194741,844194741,347808.233292
2024-05-27,SZ000707,双环科技,8.11,11149500,464145765,464145765,376422.215415
2024-05-27,SZ000712,锦龙股份,10.05,8867646,895240775,896000000,900480
2024-05-27,SZ000758,中色股份,5.3,32418430,1969314394,1992841364,1056205.92292
2024-05-27,SZ000709,河钢股份,2.18,47480093,10335412323,10337121092,2253492.398056
2024-05-27,SZ000716,黑芝麻,4.47,8845899,700691736,753489550,336809.82885
2024-05-27,SH600797,浙大网新,5.08,8675500,1027527102,1027527102,521983.767816
2024-05-27,SZ000400,许继电气,30.08,35455035,1008322059,1019009309,3065180.001472
2024-05-27,SZ000713,国投丰乐,6.24,7270564,614014980,614014980,383145.34752
2024-05-27,SZ000710,贝瑞基因,8.46,7730100,300024604,353521465,299079.15939
2024-05-27,SH600060,海信视像,27.8,5335775,1289081222,1305401055,3629014.9329
2024-05-27,SH600798,宁波海运,3.16,14131500,1206534201,1206534201,381264.807516
2024-05-27,SZ000736,*ST中地,10.42,19069844,695433689,695433689,724641.903938
2024-05-27,SZ000737,北方铜业,11.95,101850518,726275997,1772456167,2118085.119565
2024-05-27,SZ000721,西安饮食,8.19,7201293,437501920,573914308,470035.818252
2024-05-27,SZ000766,通化金马,15.76,17421418,965970181,966494707,1523195.658232
2024-05-27,SH600054,黄山旅游,12.31,8232700,513300000,729379440,897866.09064
2024-05-27,SH600064,南京高科,6.63,13553084,1730339644,1730339644,1147215.183972
2024-05-27,SZ000717,中南股份,2.1,14399600,2423523840,2423845590,509007.5739
2024-05-27,SZ000715,中兴商业,5.79,6809115,12969451,415718940,240701.26626
2024-05-27,SH600067,冠城新材,2.19,13774300,1391668739,1391668739,304775.453841
2024-05-27,SH600066,宇通客车,25.17,30203671,2213939223,2213939223,5572485.024291
2024-05-27,SZ000739,普洛药业,15,11524260,1178083671,1178523492,1767785.238
2024-05-27,SZ000720,新能泰山,2.95,10531851,1256531571,1256531571,370676.813445
2024-05-27,SH600056,中国医药,10.94,6482975,1495351478,1495879748,1636492.444312
2024-05-27,SZ000723,美锦能源,5.54,28477267,4296337413,4326235483,2396734.457582
2024-05-27,SH600059,古越龙山,8.76,5587603,911542413,911542413,798511.153788
2024-05-27,SZ000759,中百集团,3.55,5584700,655706025,680621500,241620.6325
2024-05-27,SH600055,万东医疗,14.12,3701284,540816199,703061058,992722.213896
2024-05-27,SH600061,国投资本,6.22,15335335,6425310493,6425310493,3996543.126646
2024-05-27,SZ000727,冠捷科技,2.17,50943900,4529566980,4529566980,982916.03466
2024-05-27,SH600062,华润双鹤,21.92,10863028,1026853045,1039656801,2278927.707792
2024-05-27,SH600076,康欣新材,1.84,8320156,1344543367,1344543367,247395.979528
2024-05-27,SH600071,凤凰光学,16.85,2269300,281573889,281573889,474452.002965
2024-05-27,SH600058,五矿发展,7.68,2738326,1071910711,1071910711,823227.426048
2024-05-27,SZ000779,甘咨询,8.76,2402600,376226764,468673234,410557.752984
2024-05-27,SH600063,皖维高新,4.2,13453206,1925894692,2156908366,905901.51372
2024-05-27,SH600072,中船科技,15.54,8364000,736249883,1506521728,2341134.765312
2024-05-27,SH600070,*ST富润,1.07,3344470,506720732,507420732,54294.018324
2024-05-27,SZ000778,新兴铸管,3.75,21917038,3896212692,3990058776,1496272.041
2024-05-27,SH600079,ST人福,19.91,14146020,1536290737,1632361067,3250030.884397
2024-05-27,SZ000786,北新建材,33.45,11065259,1632449060,1689507842,5651403.73149
2024-05-27,SZ000767,晋控电力,2.62,22057663,2912246436,3076942219,806158.861378
2024-05-27,SZ000625,长安汽车,14.17,98155150,8214004680,9917289033,14052798.559761
2024-05-27,SZ000735,罗 牛 山,5.11,15864293,1150897517,1151513578,588423.438358
2024-05-27,SZ000776,广发证券,12.98,16696659,5919291464,7621087664,9892171.787872
2024-05-27,SZ000068,华控赛格,3.23,8935300,1006671464,1006671464,325154.882872
2024-05-27,SH600080,金花股份,6.9,1630800,373270285,373270285,257556.49665
2024-05-27,SH600088,中视传媒,18.2,7289332,397706400,397706400,723825.648
2024-05-27,SZ000788,北大医药,5.73,5233983,595987425,595987425,341500.794525
2024-05-27,SZ000728,国元证券,6.59,33180902,4363777891,4363777891,2875729.630169
2024-05-27,SZ000731,四川美丰,7.2,4181873,573737680,573737680,413091.1296
2024-05-27,SH600075,新疆天业,4.11,17169600,1707361781,1707361781,701725.691991
2024-05-27,SZ000828,东莞控股,10.17,8483000,1039515642,1039516992,1057188.780864
2024-05-27,SH600089,特变电工,14.91,54451974,5052792541,5052792541,7533713.678631
2024-05-27,SZ000800,一汽解放,8.54,9443400,4622515002,4636485668,3959558.760472
2024-05-27,SH600106,重庆路桥,6.11,17387827,1329025062,1329025062,812034.312882
2024-05-27,SZ000782,恒申新材,4.54,2915900,528139623,686581509,311708.005086
2024-05-27,SH600097,开创国际,9.43,3301300,240936559,240936559,227203.175137
2024-05-27,SH600082,海泰发展,2.49,9211644,634335412,646115826,160882.840674
2024-05-27,SH600085,同仁堂,45.56,10820659,1371470262,1371470262,6248418.513672
2024-05-27,SZ000819,岳阳兴长,17.8,7047680,299150255,369697506,658061.56068
2024-05-27,SZ000752,ST西发,6.54,5115727,263758491,263758491,172498.053114
2024-05-27,SZ000838,财信发展,2.95,18775300,1053765855,1100462170,324636.34015
2024-05-27,SZ000738,航发控制,19.8,7298747,1315184001,1315184001,2604064.32198
2024-05-27,SZ000753,漳州发展,3.35,7807570,991481071,991481071,332146.158785
2024-05-27,SZ000768,中航西飞,23.79,13468407,2768638696,2781740071,6617759.628909
2024-05-27,SZ000066,中国长城,9.21,28043620,3146793277,3225799088,2970960.960048
2024-05-27,SZ000755,山西高速,4.46,4054682,610043921,1467310196,654420.347416
2024-05-27,SH600100,同方股份,5.69,34263329,2963898951,3350297713,1906319.398697
2024-05-27,SH600101,明星电力,14.31,131326704,421432670,421432670,603070.15077
2024-05-27,SH600078,澄星股份,8.11,5266401,662572861,662572861,537346.590271
2024-05-27,SH600081,东风科技,9.37,2616938,444627214,578343529,541907.886673
2024-05-27,SH600103,青山纸业,2.06,14685506,2264891807,2305817807,474998.468242
2024-05-27,SZ000796,凯撒旅业,3.37,15371400,969787716,1603788916,540476.864692
2024-05-27,SZ000733,振华科技,44.71,10553776,553774231,554169431,2477691.526001
2024-05-27,SH600099,林海股份,7.83,2025901,219120000,219120000,171570.96
2024-05-27,SH600073,光明肉业,6.46,10695005,937729472,937729472,605773.238912
2024-05-27,SZ000762,西藏矿业,20.66,6058391,520800618,521174140,1076745.77324
2024-05-27,SH600095,湘财股份,6.67,10489866,2859187743,2859187743,1907078.224581
2024-05-27,SZ000750,国海证券,3.18,39766473,5796203977,6386174477,2030803.483686
2024-05-27,SH600096,云天化,20.48,24456898,1834328747,1834328747,3756705.273856
2024-05-27,SZ000777,中核科技,16.96,10136404,383410827,384471593,652063.821728
2024-05-27,SH600084,中信尼雅,5.58,2516600,1123726830,1123726830,627039.57114
2024-05-27,SZ000785,居然智家,2.98,15001078,5965233855,6287288273,1873611.905354
2024-05-27,SZ000797,中国武夷,2.81,31662501,1570164510,1570754217,441381.934977
2024-05-27,SZ000729,燕京啤酒,9.76,23750756,2509560118,2818539341,2750894.396816
2024-05-27,SH600098,广州发展,6.78,27219188,3491029779,3506870708,2377658.340024
2024-05-27,SZ000799,酒鬼酒,55.65,5364300,324928980,324928980,1808229.7737
2024-05-27,SZ000868,安凯客车,4.4,16852235,733328418,939514735,413386.4834
2024-05-27,SZ000088,盐 田 港,4.86,10129577,2249135473,4285724351,2082862.034586
2024-05-27,SZ000793,*ST华闻,1.21,34621525,1961008615,1997245457,241666.700297
2024-05-27,SZ000783,长江证券,5.63,106376654,5530072948,5530072948,3113431.069724
2024-05-27,SH600116,三峡水利,7.57,17427333,1912142904,1912142904,1447492.178328
2024-05-27,SZ000756,新华制药,15.95,5938950,447835910,682407635,1088440.177825
2024-05-27,SH600109,国金证券,8.27,16106854,3199556972,3712559510,3070286.71477
2024-05-27,SZ000795,英洛华,5.97,7926900,1133684103,1133684103,676809.409491
2024-05-27,SZ000816,智慧农业,2.24,7638556,1436891572,1447013318,324130.983232
2024-05-27,SH600108,亚盛集团,2.66,13262911,1946915121,1946915121,517879.422186
2024-05-27,SH600128,苏豪弘业,7.31,4055400,246767500,246767500,180387.0425
2024-05-27,SH600118,中国卫星,24.02,6011668,1182489135,1182489135,2840338.90227
2024-05-27,SZ000069,华侨城Ａ,2.77,74634742,6892420057,8037758053,2226458.980681
2024-05-27,SZ000789,万年青,5.59,5471197,797377744,797402954,445748.251286
2024-05-27,SH600111,北方稀土,19.13,22552874,3615065842,3615065842,6915620.955746
2024-05-27,SZ000836,ST富通,0.74,802500,1208455224,1208455224,89425.686576
2024-05-27,SH600105,永鼎股份,4.11,16924597,1392840113,1404536873,577264.654803
2024-05-27,SH600110,诺德股份,4.11,11252061,1746472532,1746472532,717800.210652
2024-05-27,SZ000823,超声电子,7.89,7087100,536944228,536989716,423684.885924
2024-05-27,SZ000791,甘肃能源,7.15,79547683,1600524785,1600540535,1144386.482525
2024-05-27,SH600117,西宁特钢,2.37,3767111,3255114857,3255114857,771462.221109
2024-05-27,SZ000818,航锦科技,24.98,6135968,677367400,679156000,1696531.688
2024-05-27,SZ000888,峨眉山Ａ,11.8,23282974,526913102,526913102,621757.46036
2024-05-27,SH600113,浙江东日,7.79,3259688,411431160,421531660,328373.16314
2024-05-27,SH600132,重庆啤酒,70.95,4283542,483971198,483971198,3433775.64981
2024-05-27,SZ000839,国安股份,2.52,21802338,3919826352,3919826352,987796.240704
2024-05-27,SH600115,中国东航,3.99,55942347,13480635753,22291296570,8894227.33143
2024-05-27,SH600107,ST尔雅,4.3,4141330,360000000,360000000,154800
2024-05-27,SZ000848,承德露露,9.24,6523999,1039527570,1052554074,972559.964376
2024-05-27,SH600129,太极集团,37.78,13985264,556890744,556890744,2103933.230832
2024-05-27,SZ000063,中兴通讯,27.26,52767764,4027020775,4783251552,13039143.730752
2024-05-27,SH600104,上汽集团,14.38,20435966,11575299445,11575299445,16645280.60191
2024-05-27,SZ000899,赣能股份,11.13,54191441,975677760,975677760,1085929.34688
2024-05-27,SH600112,*ST天成,1.43,8519568,509204846,509204846,72816.292978
2024-05-27,SH600120,浙江东方,3.62,11377013,3415381492,3415381492,1236368.100104
2024-05-27,SZ000829,天音控股,7.5,11310842,1024129669,1025100438,768825.3285
2024-05-27,SH600138,中青旅,10.36,7996586,723840000,723840000,749898.24
2024-05-27,SZ000889,中嘉博创,2.1,24917310,869849676,936291116,196621.13436
2024-05-27,SZ000898,鞍钢股份,2.32,20585160,7957421949,9383851972,2177053.657504
2024-05-27,SH600121,郑州煤电,3.8,85532483,1218412038,1218412038,462996.57444
2024-05-27,SZ000802,北京文化,5.56,6138940,715465255,715900255,398040.54178
2024-05-27,SZ000761,本钢板材,3.06,6289898,3708221073,4108221073,1257115.648338
2024-05-27,SH600119,长江投资,6.26,7278800,365270370,365270370,228659.25162
2024-05-27,SZ001896,豫能控股,4.55,46231227,1320781330,1525781330,694230.50515
2024-05-27,SH600135,乐凯胶片,5.75,4637000,553307099,553307099,318151.581925
2024-05-27,SZ000886,海南高速,4.89,33349982,977836898,988828300,483537.0387
2024-05-27,SH600133,东湖高新,10.21,19511033,1066239875,1066239875,1088630.912375
2024-05-27,SZ000798,中水渔业,6.57,4187400,365828712,365858712,240369.173784
2024-05-27,SH600009,上海机场,35.78,4562464,1926958448,2488481340,8903786.23452
2024-05-27,SZ000429,粤高速Ａ,10.41,8360939,1303329906,2090806126,2176529.177166
2024-05-27,SH600136,ST明诚,1.62,5636332,1943089494,2040825931,330613.800822
2024-05-27,SZ000803,山高环能,4.14,5045777,456341225,476696361,197352.293454
2024-05-27,SZ000876,新 希 望,10.4,38234800,4511189459,4545777038,4727608.11952
2024-05-27,SH600126,杭钢股份,4.81,16507943,3377189083,3377189083,1624427.948923
2024-05-27,SH600158,中体产业,9.05,16388080,959513067,959513067,868359.325635
2024-05-27,SZ000790,华神科技,3.91,9001919,623633364,628142564,245603.742524
2024-05-27,SH600131,国网信通,18.4,34233813,1194314024,1202029044,2211733.44096
2024-05-27,SZ000807,云铝股份,14.43,39442322,3467907951,3467957405,5004262.535415
2024-05-27,SH600137,浪莎股份,13.73,1079800,97217588,97217588,133479.748324
2024-05-27,SZ000089,深圳机场,7.13,10781321,2050742403,2050769509,1462198.659917
2024-05-27,SH600168,武汉控股,6.43,5249800,709569692,709569692,456253.311956
2024-05-27,SZ000858,五 粮 液,151.58,10156716,3881525907,3881608005,58837414.13979
2024-05-27,SH600127,金健米业,6.49,11591438,641783218,641783218,416517.308482
2024-05-27,SZ000801,四川九洲,11.92,46076551,1022806646,1022806646,1219185.522032
2024-05-27,SH600125,铁龙物流,6.44,11941249,1305521874,1305521874,840756.086856
2024-05-27,SH600157,永泰能源,1.31,186738054,22217764145,22217764145,2910527.102995
2024-05-27,SZ000883,湖北能源,5.96,27643482,6479756454,6520949388,3886485.835248
2024-05-27,SZ000813,德展健康,2.55,14872436,2164618490,2164955990,552063.77745
2024-05-27,SH600150,中国船舶,36.09,44006649,4472428758,4472428758,16140995.387622
2024-05-27,SH600148,长春一东,12.99,1370801,141516450,141516450,183829.86855
2024-05-27,SH600159,大龙地产,2.63,28317300,830003232,830003232,218290.850016
2024-05-27,SH600156,华升股份,3.82,4483544,402110702,402110702,153606.288164
2024-05-27,SZ000811,冰轮环境,11.19,5834900,745822631,763657804,854533.082676
2024-05-27,SH600165,ST宁科,1.78,43206400,684883775,684883775,121909.31195
2024-05-27,SZ000810,创维数字,9.67,16119352,1117662310,1150216072,1112258.941624
2024-05-27,SZ000878,云南铜业,13.84,33431465,2003584184,2003628310,2773021.58104
2024-05-27,SH600163,中闽能源,4.94,30210720,1902996143,1902996143,940080.094642
2024-05-27,SH600166,福田汽车,2.46,47176422,6575192047,8003763475,1968925.81485
2024-05-27,SZ000065,北方国际,11.77,8731773,905594448,1002018034,1179375.226018
2024-05-27,SH600151,航天机电,4.87,12925368,1434252287,1434252287,698480.863769
2024-05-27,SZ000815,美利云,8.14,8626681,695263035,695263035,565944.11049
2024-05-27,SH600152,维科技术,5.59,6453600,528904140,528904140,295657.41426
2024-05-27,SH600162,香江控股,1.73,23521655,3268438122,3268438122,565439.795106
2024-05-27,SH600161,天坛生物,28.81,7454890,1647809538,1647809538,4747339.278978
2024-05-27,SZ000809,和展能源,2.25,4059200,824791293,824791293,185578.040925
2024-05-27,SZ000882,华联股份,1.4,27840169,2737348016,2737351947,383229.27258
2024-05-27,SH600153,建发股份,10,20521886,2890575553,3004071338,3004071.338
2024-05-27,SH600170,上海建工,2.4,64188311,8885939744,8885939744,2132625.53856
2024-05-27,SZ000812,陕西金叶,4.11,7196900,768270683,768692614,315932.664354
2024-05-27,SZ000821,ST京机,12.98,14430082,599689064,622874778,808491.461844
2024-05-27,SH600160,巨化股份,24.07,22047418,2699746081,2699746081,6498288.816967
2024-05-27,SH600188,兖矿能源,25.56,34833977,4528594140,7437969540,19011450.14424
2024-05-27,SH600180,瑞茂通,4.48,4699000,1086627464,1086627464,486809.103872
2024-05-27,SZ000822,山东海化,6.76,15034800,895091926,895091926,605082.141976
2024-05-27,SH600196,复星医药,23.25,7387616,2118488825,2672398711,6213327.003075
2024-05-27,SZ000830,鲁西化工,12.35,19540500,1903624503,1916476161,2366848.058835
2024-05-27,SH600199,金种子酒,14.87,5599193,657796824,657796824,978143.877288
2024-05-27,SZ000856,冀东装备,7.01,3134300,227000000,227000000,159127
2024-05-27,SH600186,莲花控股,4.04,34624352,1785951141,1793901141,724736.060964
2024-05-27,SZ000881,中广核技,6.88,7660500,775994673,945425815,650452.96072
2024-05-27,SH600169,ST太重,2.07,16407000,3333141500,3380982500,699863.3775
2024-05-27,SZ000862,银星能源,5.49,18244012,627967088,917954696,503957.128104
2024-05-27,SH600155,华创云信,6.8,22725959,2261423642,2261423642,1537768.07656
2024-05-27,SH600171,上海贝岭,12.3,9490184,708923303,711810799,875527.28277
2024-05-27,SZ000581,威孚高科,18.2,9719999,824131563,1002162793,1823936.28326
2024-05-27,SZ000837,秦川机床,8.16,9560061,764894790,1009883039,824064.559824
2024-05-27,SZ000850,华茂股份,3.37,6511100,943396879,943665009,318015.108033
2024-05-27,SH600189,泉阳泉,7.74,7350800,715197812,715197812,553563.106488
2024-05-27,SH600178,东安动力,9.78,8636310,466476161,475283888,464827.642464
2024-05-27,SZ000825,太钢不锈,3.86,18569858,5696247796,5718518596,2207348.178056
2024-05-27,SH600198,大唐电信,5.37,4964105,880454735,1309616829,703264.237173
2024-05-27,SH600183,生益科技,20.15,17714999,2364552490,2364552490,4764573.26735
2024-05-27,SZ000861,海印股份,1.51,42529164,2386797394,2509244757,378895.958307
2024-05-27,SZ000860,顺鑫农业,20.36,18390190,741766989,741766989,1510237.589604
2024-05-27,SH600179,安通控股,2.14,21731922,3734236495,4231526979,905546.773506
2024-05-27,SZ000833,粤桂股份,6.61,4875608,378084212,668401851,441813.623511
2024-05-27,SZ000859,国风新材,3.86,20065425,895836521,895976271,345846.840606
2024-05-27,SH600177,雅戈尔,8.03,15373548,4628802973,4628802973,3716928.787319
2024-05-27,SZ000852,石化机械,5.95,6893277,941001379,956141689,568904.304955
2024-05-27,SH600172,黄河旋风,2.55,15475154,1276255750,1442184476,367757.04138
2024-05-27,SH600218,全柴动力,7.5,3076400,412658743,435599919,326699.93925
2024-05-27,SZ000887,中鼎股份,13,10698820,1313881524,1316489747,1711436.6711
2024-05-27,SH600191,华资实业,5.03,3917196,484932000,484932000,243920.796
2024-05-27,SZ000895,双汇发展,25.91,10740198,3464123744,3464661213,8976937.202883
2024-05-27,SH600123,兰花科创,9.87,19688230,1485120000,1485120000,1465813.44
2024-05-27,SZ000078,海王生物,2.29,12570593,2626073638,2750833257,629940.815853
2024-05-27,SH600192,长城电工,4.61,12766596,441748000,441748000,203645.828
2024-05-27,SZ000893,亚钾国际,18.76,10021135,812038074,928851187,1742524.826812
2024-05-27,SH600195,中牧股份,9.14,11370048,1021148260,1021148260,933329.50964
2024-05-27,SZ000877,天山股份,6.18,7968900,1822140647,8663422814,5353995.299052
2024-05-27,SZ000892,欢瑞世纪,3.04,9079858,706906013,980980473,298218.063792
2024-05-27,SH600201,生物股份,10.09,26171665,1120369226,1120369226,1130452.549034
2024-05-27,SZ000890,法尔胜,3,8192100,419491046,419503968,125851.1904
2024-05-27,SH600228,*ST返利,5.84,9811900,300423893,602615695,351927.56588
2024-05-27,SZ000900,现代投资,4.03,9368204,1517760834,1517828334,611684.818602
2024-05-27,SH600167,联美控股,6.15,11610099,2288119475,2288119475,1407193.477125
2024-05-27,SH600266,城建发展,5.08,155246770,2154694195,2154694195,1094584.65106
2024-05-27,SZ000908,*ST景峰,1.88,37255885,788907737,879774351,165397.577988
2024-05-27,SZ000928,中钢国际,6.46,19428451,1434621221,1434644621,926780.425166
2024-05-27,SH600007,中国国贸,24.59,2981166,1007282534,1007282534,2476907.751106
2024-05-27,SH600206,有研新材,9.41,9290170,846553332,846553332,796606.685412
2024-05-27,SZ000917,电广传媒,5.7,37999802,1417459363,1417556338,808007.11266
2024-05-27,SH600200,退市苏吴,10.23,23425933,710879480,712285832,728668.406136
2024-05-27,SZ000901,航天科技,8.03,8453709,798193381,798201406,640955.729018
2024-05-27,SZ000902,新洋丰,12.37,7697761,1135646035,1254733054,1552104.787798
2024-05-27,SH600173,卧龙新能,4.39,14426900,700416244,700506244,307522.241116
2024-05-27,SZ000903,ST云动,2.1,18510653,1920261648,1970420857,413788.37997
2024-05-27,SH600176,中国巨石,12.11,56325896,4003136728,4003136728,4847798.577608
2024-05-27,SZ000897,津滨发展,2.51,55428700,1617244634,1617272234,405935.330734
2024-05-27,SH600359,新农开发,6.5,10742815,381512820,381512820,247983.333
2024-05-27,SZ000905,厦门港务,6.5,5423800,741808097,741809597,482176.23805
2024-05-27,SZ000909,ST数源,3.04,5616114,387423864,437714245,133065.13048
2024-05-27,SH600203,福日电子,7.43,45516025,592988082,592988082,440590.144926
2024-05-27,SZ000913,钱江摩托,18.69,18621346,457326050,526778500,984549.0165
2024-05-27,SH600193,*ST创兴,4.01,4009000,425373000,425373000,170574.573
2024-05-27,SZ000911,广农糖业,7.08,6298301,324080937,400319818,283426.431144
2024-05-27,SZ000912,泸天化,4.01,5209400,1568000000,1568000000,628768
2024-05-27,SH600202,哈空调,4.59,7012178,383340672,383340672,175953.368448
2024-05-27,SH600190,退市锦港,2.38,18678720,1779484530,2002291500,476545.377
2024-05-27,SZ000915,华特达因,33.04,2445200,234207235,234331485,774231.22644
2024-05-27,SH600185,珠免集团,5.49,18537900,1885005795,1885005795,1034868.181455
2024-05-27,SZ000925,众合科技,6.78,13520775,548543467,556328062,377190.426036
2024-05-27,SZ000920,沃顿科技,8.39,3476900,421977500,472621118,396529.118002
2024-05-27,SH600141,兴发集团,22.36,9257845,1103254349,1103254349,2466876.724364
2024-05-27,SZ000922,佳电股份,13.8,15495398,587330253,595858553,822284.80314
2024-05-27,SZ000926,福星股份,3.83,17911201,900698323,1138475688,436036.188504
2024-05-27,SH600208,衢州发展,2.17,62698281,8507769185,8508940800,1846440.1536
2024-05-27,SZ000929,*ST兰黄,8.18,10225600,185754223,185766000,151956.588
2024-05-27,SZ000910,大亚圣象,7.04,2829300,547126000,547397500,385367.84
2024-05-27,SZ000906,浙商中拓,8.04,4772462,690457655,699491979,562391.551116
2024-05-27,SZ000930,中粮科技,6.34,10388111,1856433959,1864720561,1182232.835674
2024-05-27,SZ000931,中 关 村,4.29,7371690,746191982,753126982,323091.475278
2024-05-27,SZ000921,海信家电,41.42,14009153,902831392,1387935370,5748828.30254
2024-05-27,SZ000923,河钢资源,20.24,8848060,627893854,652728961,1321123.417064
2024-05-27,SH600207,安彩高科,4.75,47732001,1050552865,1089312554,517423.46315
2024-05-27,SZ000090,天健集团,4.53,33132200,1868459934,1868545434,846451.081602
2024-05-27,SH600211,西藏药业,37.65,3572270,322319196,322319196,1213531.77294
2024-05-27,SZ000927,中国铁物,2.62,22893910,6050350581,6050353641,1585192.653942
2024-05-27,SH600006,东风股份,7.18,24964685,2000000000,2000000000,1436000
2024-05-27,SZ000932,华菱钢铁,5.22,71230831,6908546583,6908632499,3606306.164478
2024-05-27,SZ000936,华西股份,6.97,14387174,885790889,886012887,617550.982239
2024-05-27,SH600212,绿能慧充,6.14,6389716,511697213,696647213,427741.388782
2024-05-27,SZ000935,四川双马,13.98,2813800,763440333,763440333,1067289.585534
2024-05-27,SH600210,紫江企业,5.79,17673800,1516736158,1516736158,878190.235482
2024-05-27,SZ000933,神火股份,24,29046241,2238465339,2249708409,5399300.1816
2024-05-27,SH600215,派斯林,8.33,5965419,456882880,465032880,387372.38904
2024-05-27,SZ000937,冀中能源,8.19,30550859,2906599842,3533546850,2893974.87015
2024-05-27,SH600197,伊力特,20.65,4347102,471985754,471985754,974650.58201
2024-05-27,SH600220,ST阳光,0.67,6056800,1783340326,1783340326,119483.801842
2024-05-27,SZ000948,南天信息,13.11,4482890,385944338,393744987,516199.677957
2024-05-27,SH600149,廊坊发展,4.4,47436256,380160000,380160000,167270.4
2024-05-27,SZ000949,新乡化纤,3.94,71035800,1403412317,1466727778,577890.744532
2024-05-27,SH600216,浙江医药,10.18,9272500,961633475,964975000,982344.55
2024-05-27,SZ000938,紫光股份,22.98,113332715,2860079874,2860079874,6572463.550452
2024-05-27,SH600222,太龙药业,4.88,6901300,559363183,573886283,280056.506104
2024-05-27,SH600000,浦发银行,8.54,52858689,29352177224,29352177224,25066759.349296
2024-05-27,SZ000952,广济药业,5.99,6792540,343987615,353860939,211962.702461
2024-05-27,SH600226,亨通股份,2.33,14769101,3115165266,3115165266,725833.506978
2024-05-27,SZ000919,金陵药业,7.16,5498444,503263097,629060528,450407.338048
2024-05-27,SH600268,国电南自,7.68,70050934,834318221,846896981,650416.881408
2024-05-27,SH600221,海航控股,1.39,54776724,32872676656,43215632535,6006972.922365
2024-05-27,SZ000953,河化股份,3.18,8067400,366122195,366122195,116426.85801
2024-05-27,SH600239,云南城投,2.15,39310570,1605686909,1605686909,345222.685435
2024-05-27,SZ000955,欣龙控股,3.94,6728571,537741300,538395000,212127.63
2024-05-27,SH600217,中再资环,4.29,6377490,1388659782,1388659782,595735.046478
2024-05-27,SZ000959,首钢股份,3.16,29052719,6507263647,7794611605,2463097.26718
2024-05-27,SZ000958,电投产融,4.18,143929931,5383396020,5383418520,2250268.94136
2024-05-27,SH600219,南山铝业,3.83,128793722,11708552848,11708552848,4484375.740784
2024-05-27,SZ000957,中通客车,10.94,54185044,592903936,592903936,648636.905984
2024-05-27,SH600223,福瑞达,8.1,7326638,1016568775,1016568775,823420.70775
2024-05-27,SZ000962,东方钽业,10.87,9610643,495652248,505228262,549183.120794
2024-05-27,SH600238,*ST椰岛,8.05,7826680,445001580,448200000,360801
2024-05-27,SZ000963,华东医药,31.93,8851794,1750903988,1754327548,5601567.860764
2024-05-27,SZ000960,锡业股份,16.55,23055882,1645801952,1645801952,2723802.23056
2024-05-27,SH600227,赤天化,1.73,12339800,1278179547,1693134201,292912.216773
2024-05-27,SH600500,中化国际,4.06,16195645,3137056885,3589351913,1457276.876678
2024-05-27,SZ000961,ST中南,0.56,0,3810256751,3826558901,214287.298456
2024-05-27,SH600229,城市传媒,7.45,5191552,671208000,671208000,500049.96
2024-05-27,SZ000999,华润三九,62.72,6172439,980945831,988184000,6197890.048
2024-05-27,SZ000966,长源电力,5.17,58247971,2749327699,2749327699,1421402.420383
2024-05-27,SH600236,桂冠电力,7.15,27464022,7882377802,7882377802,5635900.12843
2024-05-27,SZ000967,盈峰环境,4.65,10357772,3178034451,3179506920,1478470.7178
2024-05-27,SH600230,沧州大化,12.77,26496463,411863502,416144936,531417.083272
2024-05-27,SZ000965,天保基建,3.29,37399604,1109830895,1109830895,365134.364455
2024-05-27,SZ000518,*ST四环,2.3,13024065,1029535693,1029556222,236797.93106
2024-05-27,SZ000970,中科三环,8.2,9419810,1215725773,1215725773,996895.13386
2024-05-27,SH600299,安迪苏,10.06,6337250,2681901273,2681901273,2697992.680638
2024-05-27,SH600008,首创环保,2.98,61307994,7340590677,7340590677,2187496.021746
2024-05-27,SZ000971,*ST高升,0.74,4048300,846658464,1048590126,77595.669324
2024-05-27,SZ000070,特发信息,5.04,111601018,888578626,900344760,453773.75904
2024-05-27,SH600231,凌钢股份,1.66,7317070,2852163977,2852163977,473459.220182
2024-05-27,SH600269,赣粤高速,5.05,17026200,2335407014,2335407014,1179380.54207
2024-05-27,SZ000978,桂林旅游,6.59,2549399,360080125,468130000,308497.67
2024-05-27,SZ000973,佛塑科技,4.08,7677900,967423171,967423171,394708.653768
2024-05-27,SH600256,广汇能源,8.21,91529352,6565755139,6565755139,5390484.969119
2024-05-27,SZ000301,东方盛虹,9.14,14903561,5497011380,6611214278,6042649.850092
2024-05-27,SZ000969,安泰科技,8.61,13186512,1025728146,1050788097,904728.551517
2024-05-27,SH600258,首旅酒店,14.45,15080715,1116603126,1116603126,1613491.51707
2024-05-27,SZ000976,*ST华铁,0.79,0,1594594814,1595678796,126058.624884
2024-05-27,SH600232,金鹰股份,4.73,3400843,364718544,364718544,172511.871312
2024-05-27,SZ000988,华工科技,30.7,19617798,1004985657,1005502707,3086893.31049
2024-05-27,SH600233,圆通速递,17.14,11092356,3442225454,3442225454,5899974.428156
2024-05-27,SZ000977,浪潮信息,38.38,55236465,1470243748,1472135122,5650054.598236
2024-05-27,SZ000975,山金国际,19,25365365,2486534116,2776722265,5275772.3035
2024-05-27,SH600237,铜峰电子,5.59,11040700,604484178,630629155,352521.697645
2024-05-27,SH600257,大湖股份,5.39,18634230,481237188,481237188,259386.844332
2024-05-27,SH600235,民丰特纸,5.26,4433100,351300000,351300000,184783.8
2024-05-27,SH600234,科新发展,2.38,9399385,202445880,262520973,62479.991574
2024-05-27,SZ000980,众泰汽车,1.92,48040013,4887894096,5042547739,968169.165888
2024-05-27,SZ000968,蓝焰控股,7.07,9320000,967502660,967502660,684024.38062
2024-05-27,SZ000989,九芝堂,7.79,10423830,689874478,855942012,666778.827348
2024-05-27,SH600262,北方股份,18.64,4759143,170000000,170000000,316880
2024-05-27,SH600300,维维股份,2.87,13585711,1617142180,1617142180,464119.80566
2024-05-27,SH600130,*ST波导,3.26,12510139,768000000,768000000,250368
2024-05-27,SZ000982,中银绒业,0.89,54477600,4261877053,4261877053,379307.057717
2024-05-27,SZ000990,诚志股份,8.16,16826300,1215236335,1215237535,991633.82856
2024-05-27,SH600278,东方创业,6.05,3006640,871423725,882932201,534173.981605
2024-05-27,SH600301,华锡有色,18.81,19667600,275335681,632567479,1189859.427999
2024-05-27,SZ000996,中期退,1.49,0,345000000,345000000,51405
2024-05-27,SZ000987,越秀资本,5.58,9862668,5014976036,5017132462,2799559.913796
2024-05-27,SH600018,上港集团,5.77,27609718,23173674650,23284144750,13434951.52075
2024-05-27,SH600289,ST信通,1.42,4059102,565922684,631052069,89609.393798
2024-05-27,SH600261,阳光照明,3.27,4929539,1335052966,1335052966,436562.319882
2024-05-27,SZ000096,广聚能源,10.5,4835500,510848000,528000000,554400
2024-05-27,SZ000158,常山北明,7.07,24764780,1584283360,1598616721,1130222.021747
2024-05-27,SH600267,海正药业,7.94,7900271,1191816856,1207873716,959051.730504
2024-05-27,SH600277,ST亿利,0.93,160819384,3560622194,3560622194,331137.864042
2024-05-27,SZ000985,大庆华科,14.62,841600,129639500,129639500,189532.949
2024-05-27,SZ000983,山西焦煤,11.26,39423463,4640210998,5677101059,6392415.792434
2024-05-27,SZ000099,中信海直,18.9,83290802,710215136,775770137,1466205.55893
2024-05-27,SZ000993,闽东电力,11,50010611,439747572,457951455,503746.6005
2024-05-27,SH600279,重庆港,4.04,4985100,1186866283,1186866283,479493.978332
2024-05-27,SZ000997,新 大 陆,15.49,7979909,1026361151,1032062937,1598665.489413
2024-05-27,SH600298,安琪酵母,31.1,6667710,865958479,868669779,2701563.01269
2024-05-27,SH600265,ST景谷,17.91,301300,129800000,129800000,232471.8
2024-05-27,SH600287,苏豪时尚,4.32,5889033,436796074,438847974,189582.324768
2024-05-27,SZ000151,中成股份,10.57,8220457,266543967,337370728,356600.859496
2024-05-27,SH600282,南钢股份,5.01,36574881,6165091011,6165091011,3088710.596511
2024-05-27,SH600293,三峡新材,3.08,40431020,1160145046,1160145046,357324.674168
2024-05-27,SZ000153,丰原药业,8.7,7057500,319152730,332026230,288862.8201
2024-05-27,SH600358,ST联合,3.14,5909600,504936660,504936660,158550.11124
2024-05-27,SH600246,万通发展,7.48,21742222,1987381962,1987381962,1486561.707576
2024-05-27,SZ000159,国际实业,5.71,7058100,480685993,480685993,274471.702003
2024-05-27,SH600280,中央商场,2.77,12713800,1128334788,1128334788,312548.736276
2024-05-27,SZ000972,*ST中基,2.76,12625801,771283579,771283579,212874.267804
2024-05-27,SH600308,华泰股份,3.72,7343480,1516870176,1516870176,564275.705472
2024-05-27,SZ000157,中联重科,8.3,34135235,7070510063,8677992236,7202733.55588
2024-05-27,SH600283,钱江水利,13.75,6163400,352995758,352995758,485369.16725
2024-05-27,SH600276,恒瑞医药,42.7,30678196,6379002274,6379002274,27238339.70998
2024-05-27,SH600285,羚锐制药,25.37,7099200,563187232,567140242,1438834.793954
2024-05-27,SZ000869,张  裕Ａ,24.8,1385300,453460800,692249559,1716778.90632
2024-05-27,SH600366,宁波韵升,5.85,9594736,1063885036,1111758051,650378.459835
2024-05-27,SH600292,电投水电,5.31,19718162,780816890,780816890,414613.76859
2024-05-27,SH600281,华阳新材,3.48,18488000,514402025,514402025,179011.9047
2024-05-27,SH600297,广汇汽车,1.4,38647405,8111331152,8111331152,1135586.36128
2024-05-27,SH600243,*ST海华,3.42,6171500,438850000,438850000,150086.7
2024-05-27,SZ000488,ST晨鸣,3.96,19547650,1685544097,2956813200,1170898.0272
2024-05-27,SH600255,鑫科材料,1.9,51499153,1806146955,1806146955,343167.92145
2024-05-27,SH600337,美克家居,2.29,10801414,1479542537,1479542537,338815.240973
2024-05-27,SH600241,时代万恒,6.53,3787500,294302115,294302115,192179.281095
2024-05-27,SH600288,大恒科技,7.31,6176021,436800000,436800000,319300.8
2024-05-27,SH600252,中恒集团,2.41,21273000,3425208704,3451489454,831808.958414
2024-05-27,SH600422,昆药集团,23.09,7099400,756975757,757113997,1748176.219073
2024-05-27,SH600318,新力金融,6.31,9477485,512727632,512727632,323531.135792
2024-05-27,SH600333,长春燃气,4.17,3938300,609030684,609030684,253965.795228
2024-05-27,SZ000998,隆平高科,11.67,31237891,1296170565,1316970298,1536904.337766
2024-05-27,SH600019,宝钢股份,6.99,56715687,21857918984,22119857984,15461780.730816
2024-05-27,SH600302,标准股份,4.16,4923100,346009804,346009804,143940.078464
2024-05-27,SH600316,洪都航空,18.12,5385402,717114512,717114512,1299411.495744
2024-05-27,SH600038,中直股份,42.17,4626072,589476716,731605986,3085182.442962
2024-05-27,SH600016,民生银行,3.98,133578410,35462123213,43782418502,17425402.563796
2024-05-27,SH600307,酒钢宏兴,1.29,17200100,6263357424,6263357424,807973.107696
2024-05-27,SH600368,五洲交通,4.98,17127940,1238195275,1238195275,616621.24695
2024-05-27,SH600320,振华重工,3.61,18980919,3321997661,5268353501,1901875.613861
2024-05-27,SH600328,中盐化工,7.7,11633309,1455097118,1472224789,1133613.08753
2024-05-27,SH600345,长江通信,17.58,2617109,198000000,329612132,579458.128056
2024-05-27,SH600323,瀚蓝环境,19.31,6450042,815347146,815347146,1574435.338926
2024-05-27,SZ000726,鲁  泰Ａ,6.33,2683450,582874877,817364784,517391.908272
2024-05-27,SH600339,中油工程,3.4,30549906,5583147471,5583147471,1898270.14014
2024-05-27,SH600306,退市商城,1.99,0,374311227,428413599,85254.306201
2024-05-27,SH600303,曙光股份,3.27,6996300,675604211,675604211,220922.576997
2024-05-27,SH600338,西藏珠峰,9.48,12397100,914210168,914210168,866671.239264
2024-05-27,SH600398,海澜之家,9.38,22763949,4802770296,4802770296,4504998.537648
2024-05-27,SH600399,抚顺特钢,6.28,27997300,1972100000,1972100000,1238478.8
2024-05-27,SH600336,澳柯玛,5.01,8765201,798014769,798014769,399805.399269
2024-05-27,SH600388,龙净环保,12.18,4877500,1081106442,1081106442,1316787.646356
2024-05-27,SH600309,万华化学,90.54,10815248,3139746626,3139746626,28427265.951804
2024-05-27,SH600400,红豆股份,2.52,11986400,2291371852,2299691852,579522.346704
2024-05-27,SH600369,西南证券,3.85,22857720,6315109124,6645109124,2558367.01274
2024-05-27,SH600389,江山股份,16.4,6269777,430650000,443483370,727312.7268
2024-05-27,SH600378,昊华科技,29.93,1258400,903946881,911473807,2728041.104351
2024-05-27,SZ000725,京东方Ａ,4.29,273622959,36856545316,37652529195,16152935.024655
2024-05-27,SH600365,ST通葡,2.87,1932000,410160000,427400000,122663.8
2024-05-27,SH600390,五矿资本,4.5,18758120,4498065459,4498065459,2024129.45655
2024-05-27,SH600377,宁沪高速,11.79,8831479,3802183001,5037747500,5939504.3025
2024-05-27,SH600326,西藏天路,4.69,85240405,1287009703,1288803719,604448.944211
2024-05-27,SH600382,广东明珠,4.12,3998342,769205771,769205771,316912.777652
2024-05-27,SH600330,天通股份,7.39,26843964,1233434416,1233434416,911508.033424
2024-05-27,SH600332,白云山,32.21,7063007,1405890949,1625790949,5236672.646729
2024-05-27,SH600305,恒顺醋业,8.09,3931472,1112956032,1112956032,900381.429888
2024-05-27,SH600037,歌华有线,6.71,7194375,1391777884,1391777884,933882.960164
2024-05-27,SH600033,福建高速,3.41,14831550,2744400000,2744400000,935840.4
2024-05-27,SH600386,北巴传媒,3.31,6605500,806400000,806400000,266918.4
2024-05-27,SH600312,平高电气,15.01,39298300,1356921309,1356921309,2036738.884809
2024-05-27,SH600558,大西洋,3.95,9514457,897604831,897604831,354553.908245
2024-05-27,SH600272,开开实业,9.72,3411481,160000000,243000000,236196
2024-05-27,SH600550,保变电气,4.63,38799638,1841528480,1841528480,852627.68624
2024-05-27,SH600310,广西能源,4.16,146248536,1465710722,1465710722,609735.660352
2024-05-27,SH600335,国机汽车,6.77,8106326,1495788692,1495788692,1012648.944484
2024-05-27,SH600250,南京商旅,8.15,0,284122040,310593879,253134.011385
2024-05-27,SH600010,包钢股份,1.56,95332206,31497121187,45404942248,7083170.990688
2024-05-27,SH600376,首开股份,2.94,21977112,2579565242,2579565242,758392.181148
2024-05-27,SH600315,上海家化,20.42,7188500,673194380,676223860,1380849.12212
2024-05-27,SH600360,*ST华微,3.22,59748108,960295304,960295304,309215.087888
2024-05-27,SH600518,康美药业,1.91,61086614,13612928105,13863866690,2647998.53779
2024-05-27,SH600367,红星发展,12.4,17685726,321973182,341130902,423002.31848
2024-05-27,SH600319,亚星化学,4.06,4075500,315594000,387709384,157410.009904
2024-05-27,SH600396,华电辽能,3.5,24882502,1472706817,1472706817,515447.38595
2024-05-27,SH600363,联创光电,29.23,4648567,455225750,455225750,1330624.86725
2024-05-27,SH600383,金地集团,4.94,240095446,4514583572,4514583572,2230204.284568
2024-05-27,SH600356,恒丰纸业,6.57,2633231,298731378,298731378,196266.515346
2024-05-27,SH600295,鄂尔多斯,11.82,7338272,1975576254,2798776254,3308153.532228
2024-05-27,SH600381,*ST春天,2.9,21166604,587060741,587060741,170247.61489
2024-05-27,SH600588,用友网络,11.13,21328746,3416997409,3418521359,3804814.272567
2024-05-27,SH600568,ST中珠,1.58,3903300,1564948288,1992869681,314873.409598
2024-05-27,SH600321,正源股份,0.68,13095000,1510550000,1510550000,102717.4
2024-05-27,SH600528,中铁工业,7.96,11532718,2221551588,2221551588,1768355.064048
2024-05-27,SH600395,盘江股份,6.57,13669640,2146624894,2146624894,1410332.555358
2024-05-27,SH600329,达仁堂,36.14,6784379,565868076,770158276,2783352.009464
2024-05-27,SH600380,健康元,12.71,11316559,1866634764,1866634764,2372492.785044
2024-05-27,SH600589,大位科技,3.82,12399750,1478469890,1478469890,564775.49798
2024-05-27,SH600468,百利电气,4.83,12503300,1087735321,1087735321,525376.160043
2024-05-27,SH600501,航天晨光,11.69,4101272,424598450,431328600,504223.1334
2024-05-27,SH600488,津药药业,4.03,4985100,1091886680,1093932680,440854.87004
2024-05-27,SH600419,天润乳业,9.43,3657310,320190246,320190246,301939.401978
2024-05-27,SH600530,交大昂立,2.64,11560109,774920000,774920000,204578.88
2024-05-27,SH600028,中国石化,6.51,128633631,94971971046,121739689893,79252538.120343
2024-05-27,SH600569,安阳钢铁,1.72,7777589,2872421386,2872421386,494056.478392
2024-05-27,SH600346,恒力石化,14.7,17311597,7039099786,7039099786,10347476.68542
2024-05-27,SH600566,济川药业,39.23,10616089,915748160,921806660,3616247.52718
2024-05-27,SH600498,烽火通信,16.47,32234929,1149319138,1185491768,1952504.941896
2024-05-27,SH600418,江淮汽车,16.54,97774619,2184009791,2184009791,3612352.194314
2024-05-27,SH600539,狮头股份,4.84,17587201,230000000,230000000,111320
2024-05-27,SH600519,贵州茅台,1670.12,2509791,1256197800,1256197800,209800106.9736
2024-05-27,SH600599,*ST熊猫,10,1254700,166000000,166000000,166000
2024-05-27,SH600508,上海能源,14.88,7454390,722718000,722718000,1075404.384
2024-05-27,SH600448,华纺股份,2.4,8775860,629819662,629819662,151156.71888
2024-05-27,SH600596,新安股份,8.99,9179708,1145746540,1349597049,1213287.747051
2024-05-27,SH600322,津投城开,1.8,36548970,1105700000,1105700000,199026
2024-05-27,SH600361,创新新材,3.98,21688307,998402153,4336192838,1725804.749524
2024-05-27,SH600011,华能国际,9.12,102250986,10997709919,15698093359,14316661.143408
2024-05-27,SH600391,航发科技,16.3,3366610,330129367,330129367,538110.86821
2024-05-27,SH600567,山鹰国际,1.8,20698932,4470572328,4470572328,804703.01904
2024-05-27,SH600331,宏达股份,6.89,28542944,2032000000,2032000000,1400048
2024-05-27,SH600548,深高速,11.02,4999813,1433270326,2180770326,2403208.899252
2024-05-27,SH600506,统一股份,13.63,16909392,147706873,192018934,261721.807042
2024-05-27,SH600523,贵航股份,10.93,3720292,404044620,404311320,441912.27276
2024-05-27,SH600520,三佳科技,17.8,16732365,158430000,158430000,282005.4
2024-05-27,SH600362,江西铜业,26.09,19100839,2075247405,3462729405,9034261.017645
2024-05-27,SH600379,宝光股份,9.22,5559000,330201564,330201564,304445.842008
2024-05-27,SH600583,海油工程,6.26,26849928,4421354800,4421354800,2767768.1048
2024-05-27,SH600585,海螺水泥,24.61,12828389,3999702579,5299302579,13041583.646919
2024-05-27,SH600509,天富能源,5.98,41696124,1379032607,1379032607,824661.498986
2024-05-27,SH600373,中文传媒,15.93,12650648,1355063719,1355063719,2158616.504367
2024-05-27,SH600350,山东高速,8.91,11078900,4840397627,4840397627,4312794.285657
2024-05-27,SH600533,栖霞建设,2.41,16471901,1050000000,1050000000,253050
2024-05-27,SH600598,北大荒,13.05,10154035,1777679909,1777679909,2319872.281245
2024-05-27,SH600036,招商银行,35.14,57093814,20628944429,25219845601,88622537.441914
2024-05-27,SH600456,宝钛股份,27.33,4532500,477777539,477777539,1305766.014087
2024-05-27,SH600855,航天长峰,8.61,8246629,467089728,474192298,408279.568578
2024-05-27,SH600428,中远海特,6.54,43288088,2146650771,2146650771,1403909.604234
2024-05-27,SH600486,扬农化工,62.58,1485330,402868579,406370649,2543067.521442
2024-05-27,SH600833,第一医药,11.06,1494601,223086347,223086347,246733.499782
2024-05-27,SH600837,海通证券,8.34,48597522,8873381180,13064200000,10895542.8
2024-05-27,SH600415,小商品城,8.14,41903883,5469530026,5484334176,4464248.019264
2024-05-27,SH600578,京能电力,3.47,39868475,6694621015,6694621015,2323033.492205
2024-05-27,SH600582,天地科技,7.12,22469940,4138588892,4138588892,2946675.291104
2024-05-27,SH600536,中国软件,31.37,18789082,842954830,859694576,2696861.884912
2024-05-27,SH600083,*ST博信,3.08,18028020,227993326,230000000,70840
2024-05-27,SH600845,宝信软件,40.02,4172837,1745278976,2403674671,9619506.033342
2024-05-27,SH600026,中远海能,17.86,20952925,3474776395,4770776395,8520606.64147
2024-05-27,SH600505,西昌电力,12.13,70983482,364567500,364567500,442220.3775
2024-05-27,SH600529,山东药玻,26.83,7873590,663614113,663614113,1780476.665179
2024-05-27,SH600496,精工钢构,2.84,17849320,2012884418,2012884418,571659.174712
2024-05-27,SH600580,卧龙电驱,14.07,51005062,1308291126,1311240126,1844914.857282
2024-05-27,SH600355,*ST精伦,3.31,26678200,492089200,492089200,162881.5252
2024-05-27,SH600510,黑牡丹,4.79,9723800,1031134952,1040559801,498428.144679
2024-05-27,SH600426,华鲁恒升,28.78,15314278,2115413276,2123319999,6110914.957122
2024-05-27,SZ000411,英特集团,10.74,4456750,320540606,522145920,560784.71808
2024-05-27,SH600327,大东方,3.93,6111700,884779518,884779518,347718.350574
2024-05-27,SH600595,中孚实业,3.09,33558920,3966105114,4009885114,1239054.500226
2024-05-27,SZ000536,华映科技,2.36,47485742,2763082516,2766032803,652783.741508
2024-05-27,SH600818,中路股份,18.91,11368242,237957910,321447910,607857.99781
2024-05-27,SH600397,江钨装备,2.2,11218400,989959882,989959882,217791.17404
2024-05-27,SH600590,泰豪科技,4.66,6011790,843569523,852869750,397437.3035
2024-05-27,SH600503,华丽家族,2.2,21419800,1602290000,1602290000,352503.8
2024-05-27,SH600721,百花医药,5.88,6613200,381822020,381822020,224511.34776
2024-05-27,SH600593,大连圣亚,20.79,4207300,128800000,128800000,267775.2
2024-05-27,SH600561,江西长运,4.38,12493010,284476800,284476800,124600.8384
2024-05-27,SH600416,湘电股份,11.64,10709301,1116288870,1325406445,1542773.10198
2024-05-27,SH600526,菲达环保,4.41,4151600,711626073,887153140,391234.53474
2024-05-27,SH600565,ST迪马,0.91,39500370,2491506284,2491506284,226727.071844
2024-05-27,SH600531,豫光金铅,7.03,42068949,1090242634,1090242634,766440.571702
2024-05-27,SH600592,龙溪股份,9.77,8639500,399553571,399553571,390363.838867
2024-05-27,SH600515,海南机场,3.46,27703143,9176012508,11425309602,3953157.122292
2024-05-27,SZ000546,金圆股份,4.76,9355600,711251954,778781962,370700.213912
2024-05-27,SH600579,中化装备,5.86,5009900,496491159,496491159,290943.819174
2024-05-27,SH600586,金晶科技,6.41,14820044,1428770000,1428770000,915841.57
2024-05-27,SH600581,八一钢铁,3.02,14307900,1532897870,1545222520,466657.20104
2024-05-27,SH600535,天士力,14.33,14610159,1493950005,1493950005,2140830.357165
2024-05-27,SH600597,光明乳业,8.78,10408575,1378455363,1378473763,1210299.963914
2024-05-27,SH600516,方大炭素,4.93,16206725,4025970368,4025970368,1984803.391424
2024-05-27,SH600743,华远控股,1.42,23562426,2346100874,2346100874,333146.324108
2024-05-27,SH600551,时代出版,7.65,6220700,678055239,678055239,518712.257835
2024-05-27,SH600577,精达股份,4.36,48791705,2079656928,2079656928,906730.420608
2024-05-27,SH600371,万向德农,8.27,3289764,292578000,292578000,241962.006
2024-05-27,SH600557,康缘药业,18.44,12455155,578497152,581797452,1072834.501488
2024-05-27,SH600560,金自天正,14.38,2957000,223645500,223645500,321602.229
2024-05-27,SZ000875,电投绿能,6,353640368,2789966299,2790208174,1674124.9044
2024-05-27,SH600351,亚宝药业,6.41,11803200,720000094,720000094,461520.060254
2024-05-27,SH600587,新华医疗,22.42,7278300,445148615,466681989,1046301.019338
2024-05-27,SH600853,龙建股份,3.64,30497840,1008851946,1014777546,369379.026744
2024-05-27,SH600050,中国联通,4.7,178926116,30965652312,31800581312,14946273.21664
2024-05-27,SH600499,科达制造,9.73,9841021,1917856391,1917856391,1866074.268443
2024-05-27,SH600522,中天科技,15.34,91487599,3412949652,3412949652,5235464.766168
2024-05-27,SH600559,老白干酒,23.2,13501823,897287444,914747444,2122214.07008
2024-05-27,SH600571,信雅达,10.18,13566114,445640503,466795809,475198.133562
2024-05-27,SH600549,厦门钨业,19.24,11766769,1414648300,1418285200,2728780.7248
2024-05-27,SH600552,凯盛科技,10.12,12857700,944606894,944606894,955942.176728
2024-05-27,SH600353,旭光电子,6.54,18156020,828811159,832694759,544582.372386
2024-05-27,SH600511,国药股份,35.21,3945985,553346424,754502998,2656605.055958
2024-05-27,SH600525,ST长园,4.51,10437126,1309950152,1314815152,592981.633552
2024-05-27,SH600563,法拉电子,86.32,2418117,225000000,225000000,1942200
2024-05-27,SZ000557,西部创业,4.49,4623503,1457916198,1458374735,654810.256015
2024-05-27,SH600458,时代新材,11.39,5007910,802798152,824538152,939148.955128
2024-05-27,SH600512,腾达建设,2.21,11692820,1587405163,1598902832,353357.525872
2024-05-27,SH600030,中信证券,18.73,58370293,11366683345,14820546829,27758884.210717
2024-05-27,SH600759,洲际油气,2.67,9653753,4143685780,4149009280,1107785.47776
2024-05-27,SH600012,皖通高速,13.78,5476936,1165600000,1658610000,2285564.58
2024-05-27,SH600538,国发股份,4.59,3098200,524198348,524198348,240607.041732
2024-05-27,SH600537,亿晶光电,3.56,38797801,1183715018,1196090018,425808.046408
2024-05-27,SH600562,国睿科技,14.16,6230659,1226205680,1241857840,1758470.70144
2024-05-27,SH600408,安泰集团,1.95,6699200,1006800000,1006800000,196326
2024-05-27,SH600576,祥源文旅,5.23,8423747,673165849,1067324206,558210.559738
2024-05-27,SH600573,惠泉啤酒,9.95,5779701,250000000,250000000,248750
2024-05-27,SH600521,华海药业,17.52,9556000,1466755425,1482507145,2597352.51804
2024-05-27,SH600370,三房巷,1.87,4708265,3896345965,3896345965,728616.695455
2024-05-27,SH600460,士兰微,18.38,22371881,1416071845,1664071845,3058564.05111
2024-05-27,SH600513,联环药业,9.04,4627700,285456270,285456270,258052.46808
2024-05-27,SH600039,四川路桥,7.62,17223432,6679602565,8715201005,6640983.16581
2024-05-27,SH600575,淮河能源,3.54,68402218,3886261065,3886261065,1375736.41701
2024-05-27,SH600375,汉马科技,4.38,11532900,654314844,654314844,286589.901672
2024-05-27,SH600343,航天动力,7.86,2495800,638206348,638206348,501630.189528
2024-05-27,SH600502,安徽建工,5.04,17779359,1716533938,1716533938,865133.104752
2024-05-27,SH600481,双良节能,5.99,31852333,1870670702,1870670702,1120531.750498
2024-05-27,SH600004,白云机场,10.23,11407700,2366718283,2366718283,2421152.803509
2024-05-27,SH600459,贵研铂业,14.93,5956895,747707618,760981578,1136145.495954
2024-05-27,SH600392,盛和资源,9.74,15629730,1752826570,1752826570,1707253.07918
2024-05-27,SH600584,长电科技,25.13,31274579,1789414570,1789414570,4496798.81441
2024-05-27,SH600251,冠农股份,8.73,5424423,776993583,776993583,678315.397959
2024-05-27,SH600436,片仔癀,231.39,1556798,603317210,603317210,13960156.92219
2024-05-27,SH600409,三友化工,5.76,15699102,2064349448,2064349448,1189065.282048
2024-05-27,SH600433,冠豪高新,2.98,8860267,1449663313,1833701778,546443.129844
2024-05-27,SH600490,鹏欣资源,3.14,60133300,1992621386,2212887079,694846.542806
2024-05-27,SH600273,嘉化能源,7.86,12207630,1391045207,1391045207,1093361.532702
2024-05-27,SH600031,三一重工,17.03,49035203,8464215837,8485740237,14451215.623611
2024-05-27,SH600435,北方导航,9.36,57366958,1500985329,1500985329,1404922.267944
2024-05-27,SH600439,瑞贝卡,2.38,11727040,1131985440,1131985440,269412.53472
2024-05-27,SH600271,航天信息,8.03,12413891,1852884638,1852884638,1487866.364314
2024-05-27,SH600423,柳化股份,2.83,4920950,798695026,798695026,226030.692358
2024-05-27,SH600475,华光环能,10.2,5560472,935413745,943663118,962536.38036
2024-05-27,SH600425,青松建化,3.57,17252882,1378790086,1604703707,572879.223399
2024-05-27,SH600029,南方航空,5.98,35638422,12673339042,18120907778,10836302.851244
2024-05-27,SH600546,山煤国际,15.89,55988061,1982456140,1982456140,3150122.80646
2024-05-27,SH600352,浙江龙盛,9.06,11941160,3253331860,3253331860,2947518.66516
2024-05-27,SH600020,中原高速,3.93,18497866,2247371832,2247371832,883217.129976
2024-05-27,SH600489,中金黄金,14.64,43214915,4847312564,4847312564,7096465.593696
2024-05-27,SH600480,凌云股份,11.19,14974838,916965410,940508410,1052428.91079
2024-05-27,SH600348,华阳股份,10.93,37027603,3607500000,3607500000,3942997.5
2024-05-27,SH600487,亨通光电,15.45,70390346,2466734657,2466734657,3811105.045065
2024-05-27,SH600547,山东黄金,29.35,22823415,3614443347,4473429525,13129515.655875
2024-05-27,SH600449,宁夏建材,13.61,5208799,478181042,478181042,650804.398162
2024-05-27,SH600462,退市九有,1.46,7765060,600465000,617080000,90093.68
2024-05-27,SH600858,银座股份,4.6,6863700,517548029,520066589,239230.63094
2024-05-27,SH600015,华夏银行,7.03,30527631,15387223983,15914928468,11188194.713004
2024-05-27,SH600429,三元股份,4.32,3510821,1497557426,1516505426,655130.344032
2024-05-27,SH600478,科力远,4.72,46349976,1665540916,1665540916,786135.312352
2024-05-27,SH600507,方大特钢,4.14,17047049,2313187890,2331060223,965058.932322
2024-05-27,SH600403,大有能源,3.14,7590108,2390812402,2390812402,750715.094228
2024-05-27,SH600517,国网英大,4.87,19131650,5718435744,5718435744,2784878.207328
2024-05-27,SH600406,国电南瑞,23,64724092,7984484714,8032824078,18475495.3794
2024-05-27,SH600469,风神股份,5.66,6741767,729450871,729450871,412869.192986
2024-05-27,SH600021,上海电力,10.29,158157639,2617164197,2816743645,2898429.210705
2024-05-27,SZ000678,襄阳轴承,4.47,4857900,459611797,459611797,205446.473259
2024-05-27,SH600184,光电股份,9.45,4544165,508760826,508760826,480778.98057
2024-05-27,SZ000826,启迪环境,2.18,12469330,1425172959,1425353248,310727.008064
2024-05-27,SZ000560,我爱我家,3.31,472145464,2248913211,2355500851,779670.781681
2024-05-27,SH600477,杭萧钢构,2.75,19524521,2368966150,2369111152,651505.5668
2024-05-27,SH600900,长江电力,26.51,78000895,24007256503,24468217716,64865245.165116
2024-05-27,SH600527,江南高纤,1.75,26195220,1731760902,1731760902,303058.15785
2024-05-27,SH600545,卓郎智能,1.8,16413302,1787912222,1787912222,321824.19996
2024-05-27,SH600476,湘邮科技,13.07,2532600,161070000,161070000,210518.49
2024-05-27,SH600570,恒生电子,20.3,21935738,1894144775,1894144775,3845113.89325
2024-05-27,SZ000851,*ST高鸿,2.53,50007017,1131742547,1157860020,292938.58506
2024-05-27,SH600446,金证股份,10.82,8536016,945145005,945145005,1022646.89541
2024-05-27,SH600340,华夏幸福,1.25,70783630,3893355062,3913720342,489215.04275
2024-05-27,SH600540,新赛股份,4.06,9091854,581376960,581376960,236039.04576
2024-05-27,SZ000885,城发环境,12.51,4500950,642078255,642078255,803239.897005
2024-05-27,SH600354,敦煌种业,5.34,15326980,527802080,527802080,281846.31072
2024-05-27,SH600249,两面针,4.47,6386100,550000000,550000000,245850
2024-05-27,SZ000100,TCL科技,4.46,207397972,18098541554,18779080767,8375470.022082
2024-05-27,SH600387,退市海越,2.85,11521249,404048492,468144464,133421.17224
2024-05-27,SH600444,国机通用,13.03,1872000,146421932,146421932,190787.777396
2024-05-27,SH600325,华发股份,7.28,67510443,2571240616,2752152116,2003566.740448
2024-05-27,SH600438,通威股份,22.31,37403649,4501974054,4501974054,10043904.114474
2024-05-27,SH600452,涪陵电力,15.1,11263529,1097529753,1097529753,1657269.92703
2024-05-27,SH600470,六国化工,4.44,7233502,521600000,521600000,231590.4
2024-05-27,SH600035,楚天高速,4.67,10051800,1610115901,1610115901,751924.125767
2024-05-27,SH600479,千金药业,12,7017681,418507117,423997117,508796.5404
2024-05-27,SH600284,浦东建设,6.17,11468981,970256000,970256000,598647.952
2024-05-27,SH600463,空港股份,8.67,6004200,300000000,300000000,260100
2024-05-27,SH600594,益佰制药,3.69,9150068,791927400,791927400,292221.2106
2024-05-27,SH600543,莫高股份,6.17,7991100,321120000,321120000,198131.04
2024-05-27,SH600405,动力源,4.11,7417938,553275448,553275448,227396.209128
2024-05-27,SH600467,好当家,1.98,12277564,1460994304,1460994304,289276.872192
2024-05-27,SH600960,渤海汽车,3.1,7693700,950515518,950515518,294659.81058
2024-05-27,SH600969,郴电国际,6.66,4284394,370050484,370050484,246453.622344
2024-05-27,SH600572,康恩贝,5.29,28635700,2563295466,2570037319,1359549.741751
2024-05-27,SH600988,赤峰黄金,17.49,27812900,1663911378,1663911378,2910181.000122
2024-05-27,SH600976,健民集团,63.27,2702120,152901317,153398600,970552.9422
2024-05-27,SH600497,驰宏锌锗,5.71,64912038,5091291568,5091291568,2907127.485328
2024-05-27,SH600493,凤竹纺织,5.08,4375800,272000000,272000000,138176
2024-05-27,SH600986,浙文互联,4.53,21477778,1322425609,1487374062,673780.450086
2024-05-27,SH600410,华胜天成,4.49,10242277,1096494683,1096494683,492326.112667
2024-05-27,SH600985,淮北矿业,19.41,17243966,2693258709,2693258709,5227615.154169
2024-05-27,SH600990,四创电子,20.42,15155379,269012696,276009092,563610.565864
2024-05-27,SH600114,东睦股份,14.01,12911409,616383477,616383477,863553.251277
2024-05-27,SH600980,北矿科技,13.82,1564700,175677206,189263526,261562.192932
2024-05-27,SH600992,贵绳股份,12.44,5075056,245090000,245090000,304891.96
2024-05-27,SH600993,马应龙,29.02,5641203,430307016,431053891,1250918.391682
2024-05-27,SH600967,内蒙一机,7.87,10681446,1695271857,1702636737,1339975.112019
2024-05-27,SH600491,龙元建设,2.64,16220197,1529757955,1529757955,403856.10012
2024-05-27,SH600963,岳阳林纸,4.85,12335578,1778472163,1800976109,873473.412865
2024-05-27,SH600495,晋西车轴,3.52,8884185,1208190886,1208190886,425283.191872
2024-05-27,SH600483,福能股份,10.92,31503821,2560788604,2560788604,2796381.155568
2024-05-27,SH600461,洪城环境,11.36,7557742,1140048210,1226519831,1393326.528016
2024-05-27,SH600997,开滦股份,8.2,8804801,1587799851,1587799851,1301995.87782
2024-05-27,SH600421,*ST华嵘,6,4325400,195600000,195600000,117360
2024-05-27,SH600966,博汇纸业,5.83,7345300,1336844288,1336844288,779380.219904
2024-05-27,SH600975,新五丰,10.11,83605820,864590731,1261292033,1275166.245363
2024-05-27,SH600995,南网储能,10.95,20117462,1109101643,3196005805,3499626.356475
2024-05-27,SH600420,国药现代,11.41,10889660,1196069911,1341172692,1530278.041572
2024-05-27,SH600962,国投中鲁,10.89,4913694,262210000,262210000,285546.69
2024-05-27,SH600143,金发科技,7.45,10338900,2573622343,2670649486,1989633.86707
2024-05-27,SZ002001,新 和 成,19.54,16039927,3054497604,3090907356,6039632.973624
2024-05-27,SZ002007,华兰生物,18.4,9768336,1573586894,1828780926,3364956.90384
2024-05-27,SZ002005,ST德豪,1.02,8110035,1752424858,1752424858,178747.335516
2024-05-27,SZ002003,伟星股份,12.27,8540706,1004996637,1169270553,1434694.968531
2024-05-27,SZ002008,大族激光,20.69,14696900,979283962,1052193000,2176987.317
2024-05-27,SZ002004,华邦健康,4.63,10296600,1882266504,1979919191,916702.585433
2024-05-27,SZ002006,精工科技,13.84,5191400,455160000,455160000,629941.44
2024-05-27,SZ002009,天奇股份,12.76,6161700,400732001,407766707,520310.318132
2024-05-27,SH600022,山东钢铁,1.25,43141978,10698849554,10698849554,1337356.19425
2024-05-27,SZ002010,传化智联,4.53,34979300,2781279606,2787970508,1262950.640124
2024-05-27,SH600981,苏豪汇鸿,2.15,12367300,2242433192,2242433192,482123.13628
2024-05-27,SZ002012,凯恩股份,3.98,14325462,466537641,467625470,186114.93706
2024-05-27,SZ002011,盾安环境,11.68,12707685,916312180,1065436182,1244429.460576
2024-05-27,SH600982,宁波能源,4.21,19007500,1117627485,1117627485,470521.171185
2024-05-27,SH600984,建设机械,3.15,35979399,1257043925,1257043925,395968.836375
2024-05-27,SZ002015,协鑫能科,9.42,12607600,1623324614,1623324614,1529171.786388
2024-05-27,SZ002016,世荣兆业,6.66,11811300,809095632,809095632,538857.690912
2024-05-27,SZ002014,永新股份,10.14,2159540,604099376,612491866,621066.752124
2024-05-27,SZ002019,亿帆医药,13.57,6577200,851113472,1226024827,1663715.690239
2024-05-27,SZ002017,东信和平,8.92,6095746,579090413,580431909,517745.262828
2024-05-27,SH600965,福成股份,4.57,4279300,818700955,818700955,374146.336435
2024-05-27,SH600482,中国动力,19.8,14388148,2189351470,2189351470,4334915.9106
2024-05-27,SZ002020,京新药业,11.3,7483940,656400768,861029140,972962.9282
2024-05-27,SZ002021,中捷资源,2.34,42491400,1205372391,1205411823,282066.366582
2024-05-27,SZ002023,海特高新,10,25837400,740860235,740860235,740860.235
2024-05-27,SZ002022,科华生物,6.76,4832363,514244052,514317177,347678.411652
2024-05-27,SZ002024,ST易购,1.42,13066505,9200287368,9264767618,1315597.001756
2024-05-27,SZ002025,航天电器,44.98,3429498,452561028,456870256,2055002.411488
2024-05-27,SZ002026,山东威达,9.09,4740500,428011978,445550168,405005.102712
2024-05-27,SH600983,惠而浦,8.82,11073108,766439000,766439000,675999.198
2024-05-27,SH600973,宝胜股份,4.22,12564805,1371366248,1371366248,578716.556656
2024-05-27,SZ002027,分众传媒,6.58,58802948,14442199726,14442199726,9502967.419708
2024-05-27,SZ002028,思源电气,72.15,12596359,602329361,773905932,5583731.29938
2024-05-27,SZ002029,七 匹 狼,5.76,3937300,665405959,705023537,406093.557312
2024-05-27,SH600987,航民股份,7.32,6835300,1050818859,1050818859,769199.404788
2024-05-27,SZ002030,达安基因,6.56,12664485,1403446032,1403446032,920660.596992
2024-05-27,SZ002031,巨轮智能,2.75,70331600,1980103623,2199395670,604833.80925
2024-05-27,SZ002032,苏 泊 尔,57.29,2875396,799387340,801558657,4592129.545953
2024-05-27,SH600971,恒源煤电,12.65,12529920,1200004884,1200004884,1518006.17826
2024-05-27,SZ002033,丽江股份,9.35,8008420,549480181,549490711,513773.814785
2024-05-27,SZ002034,旺能环境,14.92,2191641,426665443,429496231,640808.376652
2024-05-27,SH600961,株冶集团,10.51,15079800,751812398,1072872703,1127589.210853
2024-05-27,SZ002035,华帝股份,8.36,24747901,780523042,847653618,708638.424648
2024-05-27,SZ002036,联创电子,7.06,17551806,1053486192,1068568011,754409.015766
2024-05-27,SH600979,广安爱众,4.42,192570932,1232259790,1261656994,557652.391348
2024-05-27,SZ002037,保利联合,7.05,17926100,483883566,483883566,341137.91403
2024-05-27,SZ002038,双鹭药业,8.14,13769940,851478144,1027350000,836262.9
2024-05-27,SZ000695,滨海能源,8.36,1570500,221721339,222147539,185715.342604
2024-05-27,SH600873,梅花生物,11.24,19313037,2852788750,2852788750,3206534.555
2024-05-27,SZ000951,中国重汽,16.11,13666463,1174869360,1174869360,1892714.53896
2024-05-27,SH600862,中航高科,19.69,12736704,1393049107,1393049107,2742913.691683
2024-05-27,SH600182,S佳通,15.15,1526700,170000000,340000000,515100
2024-05-27,SH600613,神奇制药,6.3,3864059,479319978,534071628,336465.12564
2024-05-27,SH600615,鑫源智造,10.38,1941500,187624508,188020508,195165.287304
2024-05-27,SH600053,九鼎投资,14.37,4632983,433540800,433540800,622998.1296
2024-05-27,SH600027,华电国际,6.85,129879314,8510327533,10227561133,7005879.376105
2024-05-27,SZ002039,黔源电力,17.64,6013926,427558126,427558126,754212.534264
2024-05-27,SZ002040,南 京 港,6.18,3695720,483966800,490694690,303249.31842
2024-05-27,SH600970,中材国际,12.85,7908651,1757663930,2642021768,3394997.97188
2024-05-27,SZ002041,登海种业,9.57,8368500,880000000,880000000,842160
2024-05-27,SZ002042,华孚时尚,4.32,60423177,1700681355,1700681355,734694.34536
2024-05-27,SZ002043,兔 宝 宝,11.91,14289800,733461198,839146372,999423.329052
2024-05-27,SZ002044,美年健康,4.24,35000522,3871855751,3914253923,1659643.663352
2024-05-27,SZ002045,国光电器,12.13,6184938,467733663,568102832,689108.735216
2024-05-27,SZ002046,国机精工,11.08,9216096,525869983,528957865,586085.31442
2024-05-27,SZ000409,云鼎科技,8.47,8704197,423376995,676350505,572868.877735
2024-05-27,SZ002047,*ST宝鹰,1.82,16227600,1341216855,1516248693,275957.262126
2024-05-27,SZ002048,宁波华翔,14.54,4662781,522214362,814095508,1183694.868632
2024-05-27,SZ002049,紫光国微,54.94,16503421,849470685,849620535,4667815.21929
2024-05-27,SZ002050,三花智控,21.57,27334373,3690093344,3732615535,8051251.708995
2024-05-27,SZ000561,烽火电子,7.01,6221750,602026686,604272777,423595.216677
2024-05-27,SH600751,海航科技,2.41,51781800,2573189052,2899337783,698740.405703
2024-05-27,SH600617,国新能源,4.17,9875500,1268244778,1377994126,574623.550542
2024-05-27,SH600892,*ST大晟,4.84,5936800,559319536,559464188,270780.666992
2024-05-27,SZ000718,苏宁环球,2.13,39004216,2289754222,3034636384,646377.549792
2024-05-27,SH600844,金煤科技,2.94,16790412,822730634,1016524240,298858.12656
2024-05-27,SZ000552,甘肃能化,3.57,27659149,2985029203,5351794496,1910590.635072
2024-05-27,SZ002051,中工国际,7.66,7520300,1237090423,1237408937,947855.245742
2024-05-27,SH601001,晋控煤业,19.11,29466255,1673700000,1673700000,3198440.7
2024-05-27,SZ002053,云南能投,12.97,7133078,920700299,920729464,1194186.114808
2024-05-27,SZ002052,同洲电子,1.2,39854800,745959694,745959694,89515.16328
2024-05-27,SH601988,中国银行,4.51,137485256,210765514846,294387791241,132768893.849691
2024-05-27,SZ002055,ST得润,6.75,56529733,589330254,604490017,408030.761475
2024-05-27,SZ002054,德美化工,5.83,3869701,383094002,482115452,281073.308516
2024-05-27,SH600048,保利发展,10.57,155667975,11970443418,11970443418,12652758.692826
2024-05-27,SH601006,大秦铁路,7.12,88461048,17566215836,17566215836,12507145.675232
2024-05-27,SZ002056,横店东磁,13.85,11435800,1625058009,1626712074,2252996.22249
2024-05-27,SZ002057,中钢天源,7.89,10296000,746187776,759047776,598888.695264
2024-05-27,SZ002058,*ST威尔,8.69,2639800,143117781,143448332,124656.600508
2024-05-27,SZ002060,广东建工,4.32,20447036,1562814660,3754393242,1621897.880544
2024-05-27,SZ002059,云南旅游,5.08,5096900,943861051,1012434813,514316.885004
2024-05-27,SZ002061,浙江交科,4.05,22166300,2599137900,2599137900,1052650.8495
2024-05-27,SZ002062,宏润建设,4.18,10418080,989930037,1102500000,460845
2024-05-27,SH601111,中国国航,7.7,50075685,11023584324,16593720146,12777164.51242
2024-05-27,SZ002066,瑞泰科技,9.25,3163200,231000000,231000000,213675
2024-05-27,SZ002063,远光软件,5.64,114626725,1754089336,1905096000,1074474.144
2024-05-27,SZ002064,华峰化学,7.72,15357904,4951990572,4962543897,3831083.888484
2024-05-27,SZ002065,东华软件,5,23278635,2907921649,3205482375,1602741.1875
2024-05-27,SZ002068,黑猫股份,9.26,7249629,734871196,741412396,686547.878696
2024-05-27,SZ002067,景兴纸业,3.11,61726911,1056725326,1193975326,371326.326386
2024-05-27,SH601699,潞安环能,23.15,27654699,2991409200,2991409200,6925112.298
2024-05-27,SZ002069,獐子岛,3.07,7551806,710216194,711112194,218311.443558
2024-05-27,SH601588,北辰实业,1.79,26137910,2660000000,3367020000,602696.58
2024-05-27,SH600017,日照港,2.94,66477031,3075653888,3075653888,904242.243072
2024-05-27,SZ002073,软控股份,8.05,18789462,958385904,1011945304,814615.96972
2024-05-27,SZ002072,凯瑞德,3.66,4175050,257207800,367680000,134570.88
2024-05-27,SZ002074,国轩高科,21.34,49614704,1323302532,1785300915,3809832.15261
2024-05-27,SZ002076,*ST星光,1.95,62488002,1036640133,1109124491,216279.275745
2024-05-27,SH601398,工商银行,5.48,215568186,269612212539,356406257089,195310628.884772
2024-05-27,SZ002078,太阳纸业,15.45,13283627,2764880988,2794573119,4317615.468855
2024-05-27,SZ002079,苏州固锝,8.88,12438809,807090361,808085816,717580.204608
2024-05-27,SZ002077,大港股份,12.79,25637605,580348513,580348513,742265.748127
2024-05-27,SZ002081,金 螳 螂,3.52,21434750,2643055553,2655323689,934673.938528
2024-05-27,SZ002082,万邦德,4.94,3034700,616689055,616689055,304644.39317
2024-05-27,SZ002080,中材科技,15.65,7522350,1678123584,1678123584,2626263.40896
2024-05-27,SH601666,平煤股份,13.31,43317047,2464025931,2476311531,3295970.647761
2024-05-27,SZ002084,海鸥住工,2.94,8451067,647281618,650859649,191352.736806
2024-05-27,SZ002083,孚日股份,4.74,4940700,822278604,822592104,389908.657296
2024-05-27,SZ002086,东方海洋,2.59,15768385,890946500,1958946500,507367.1435
2024-05-27,SZ002085,万丰奥威,16.11,201066778,2123297520,2123297520,3420632.30472
2024-05-27,SZ002087,新纺退,0.46,0,815638130,816794335,37572.53941
2024-05-27,SZ002088,鲁阳节能,14.49,1768780,504281148,511877586,741710.622114
2024-05-27,SH601872,招商轮船,9.3,51970096,8143806353,8143806353,7573739.90829
2024-05-27,SZ002092,中泰化学,3.96,290065763,2575643942,2590019517,1025647.728732
2024-05-27,SZ002091,江苏国泰,7.51,10631369,1597231002,1627611727,1222336.406977
2024-05-27,SZ002090,金智科技,9.28,24666461,396017512,400577071,371735.521888
2024-05-27,SZ002095,生 意 宝,13.8,4185907,251708415,252720000,348753.6
2024-05-27,SZ002093,国脉科技,6.61,5435084,1006866250,1007500000,665957.5
2024-05-27,SZ002094,青岛金王,2.4,9878140,690453549,690897549,165815.41176
2024-05-27,SH601991,大唐发电,3.1,123164610,12396089106,18506710504,5737080.25624
2024-05-27,SZ002096,易普力,12.99,11897513,488434856,1240440770,1611332.56023
2024-05-27,SZ002097,山河智能,6.75,34493457,1072676639,1074617264,725366.6532
2024-05-27,SZ002098,浔兴股份,6.36,2175500,358000000,358000000,227688
2024-05-27,SH601333,广深铁路,3.46,81083551,5652237000,7083537000,2450903.802
2024-05-27,SZ002100,天康生物,8.63,20968877,1365251515,1365251515,1178212.057445
2024-05-27,SZ002099,海翔药业,5.93,6071200,1617129003,1618715253,959898.145029
2024-05-27,SZ002102,能特科技,2.72,28478100,2331104734,2633836290,716403.47088
2024-05-27,SZ002101,广东鸿图,11.58,4045116,622958866,664649239,769663.818762
2024-05-27,SH601628,中国人寿,31.94,12432551,20823530000,28264705000,90277467.77
2024-05-27,SZ002103,广博股份,5.62,12862183,377075188,534272953,300261.399586
2024-05-27,SZ002104,恒宝股份,5.79,5577120,595353779,703880154,407546.609166
2024-05-27,SZ002105,信隆健康,4.79,3460190,364498900,368160000,176348.64
2024-05-27,SZ002106,莱宝高科,10.47,11732851,703946128,705816160,738989.51952
2024-05-27,SZ002108,沧州明珠,3.53,11251362,1648363706,1672697766,590462.311398
2024-05-27,SZ002107,沃华医药,4.59,5706926,569616650,577209600,264939.2064
2024-05-27,SZ002110,三钢闽光,3.62,10707050,2429076227,2451576238,887470.598156
2024-05-27,SZ002111,威海广泰,11.22,12302719,477411181,531227261,596036.986842
2024-05-27,SH601002,晋亿实业,3.58,3739400,954440720,956739920,342512.89136
2024-05-27,SZ002109,兴化股份,3.91,4966642,1052944789,1276269851,499021.511741
2024-05-27,SH601166,兴业银行,18.23,77831883,20774297994,20774297994,37871545.243062
2024-05-27,SZ002112,三变科技,10.23,32387489,262080000,262080000,268107.84
2024-05-27,SZ002116,中国海诚,10.33,7159100,453939089,466364611,481754.643163
2024-05-27,SZ002115,三维通信,5.25,11078056,752195532,810991332,425770.4493
2024-05-27,SZ002114,罗平锌电,5.02,8899601,323390823,323395267,162344.424034
2024-05-27,SH601003,柳钢股份,2.91,11198536,2562793200,2562793200,745772.8212
2024-05-27,SH601005,重庆钢铁,1.24,27357600,8380475067,8918602267,1105906.681108
2024-05-27,SH601318,中国平安,44.1,41274221,10762657695,18210234607,80307134.61687
2024-05-27,SZ002117,东港股份,7.31,9802632,545491146,545666421,398882.153751
2024-05-27,SZ002119,康强电子,10.55,12669940,375284000,375284000,395924.62
2024-05-27,SZ002120,韵达股份,9.24,30922500,2815122773,2899194186,2678855.427864
2024-05-27,SZ002121,科陆电子,4.4,16984103,1399922404,1660816688,730759.34272
2024-05-27,SZ002122,ST汇洲,2.67,27015424,1987286001,2000069750,534018.62325
2024-05-27,SZ002123,梦网科技,7.99,17262407,686880328,800401400,639520.7186
2024-05-27,SZ000650,仁和药业,6.95,23072451,1331385834,1399938234,972957.07263
2024-05-27,SZ002124,天邦食品,2.23,47701078,1561609792,2221933832,495491.244536
2024-05-27,SZ002125,湘潭电化,12.21,52212081,629481713,629481713,768597.171573
2024-05-27,SH601007,金陵饭店,6.89,10249130,390000000,390000000,268710
2024-05-27,SZ002127,南极电商,3.13,91878399,1994704197,2454870403,768374.436139
2024-05-27,SZ002128,电投能源,23.31,23691926,2113573493,2241573493,5225107.812183
2024-05-27,SZ002126,银轮股份,17.35,16168013,773226466,822053013,1426261.977555
2024-05-27,SZ002130,沃尔核材,14.07,98501983,1249149129,1259898562,1772677.276734
2024-05-27,SZ002129,TCL中环,10.98,144883496,4039719405,4043115773,4439341.118754
2024-05-27,SH601008,连云港,3.91,10312171,1240638006,1240638006,485089.460346
2024-05-27,SZ002132,恒星科技,2.56,11948700,1399482156,1401544698,358795.442688
2024-05-27,SZ002131,利欧股份,1.8,168252202,5846990874,6767239695,1218103.1451
2024-05-27,SZ002133,广宇集团,2.77,22587100,769870201,774144175,214437.936475
2024-05-27,SH601998,中信银行,7.32,71358944,38574356125,53456519102,39130171.982664
2024-05-27,SZ000880,潍柴重机,8.68,2843240,162162000,331320600,287586.2808
2024-05-27,SZ000338,潍柴动力,16.59,80312682,4971632186,8726556821,14477357.766039
2024-05-27,SH601600,中国铝业,8.01,213354160,13078706983,17158381228,13743863.363628
2024-05-27,SH601328,交通银行,7.1,88202846,39250864015,74262726645,52726535.91795
2024-05-27,SZ002134,天津普林,8.18,6443691,245849768,245849768,201105.110224
2024-05-27,SZ002135,东南网架,4.67,7218000,1077947776,1149598194,536862.356598
2024-05-27,SZ002136,安 纳 达,10.71,3232081,214455760,215020000,230286.42
2024-05-27,SZ002137,实益达,5.17,10644300,396458956,577504854,298570.009518
2024-05-27,SZ002138,顺络电子,24.34,9212800,743133572,806318354,1962578.873636
2024-05-27,SH601919,中远海控,15.04,248768799,12757806817,15957586817,24000210.572768
2024-05-27,SZ002139,拓邦股份,10.07,16948300,1071401697,1246834988,1255562.832916
2024-05-27,SH600213,*ST亚星,6.28,3924400,286000000,286000000,179608
2024-05-27,SZ002140,东华科技,8.66,3821330,540371306,708040122,613162.745652
2024-05-27,SH601168,西部矿业,19.67,26095350,2383000000,2383000000,4687361
2024-05-27,SZ002142,宁波银行,25.31,30205671,6525025310,6603590792,16713688.294552
2024-05-27,SH601009,南京银行,10.33,37201989,9212625757,10343734019,10685077.241627
2024-05-27,SZ002141,贤丰控股,1.1,6966300,1134656519,1134656519,124812.21709
2024-05-27,SZ002144,宏达高科,9.27,1943800,137899605,176762528,163858.863456
2024-05-27,SZ002145,钛能化学,4.12,25544554,3870678675,3871026315,1594862.84178
2024-05-27,SZ002146,荣盛发展,1.88,205592100,3900271351,4348163851,817454.803988
2024-05-27,SZ002150,正泰电源,14.88,4730913,355214903,362027053,538696.254864
2024-05-27,SZ002148,北纬科技,5,30041089,451489136,558035830,279017.915
2024-05-27,SZ002149,西部材料,14.33,3186100,488139274,488214274,699611.054642
2024-05-27,SZ002151,北斗星通,26.75,6337659,441540120,543532558,1453949.59265
2024-05-27,SZ002153,石基信息,6.49,11818235,1599763804,2729193841,1771246.802809
2024-05-27,SZ002152,广电运通,11.13,16504385,2482133713,2483382898,2764005.165474
2024-05-27,SZ002156,通富微电,21.68,132453149,1516659209,1516825349,3288477.356632
2024-05-27,SZ002155,湖南黄金,19.06,52718937,1201913267,1202039474,2291087.237444
2024-05-27,SZ002154,报 喜 鸟,5.73,11691147,1176916188,1459333729,836198.226717
2024-05-27,SZ002157,正邦科技,3.18,54903672,5928569847,9298081339,2956789.865802
2024-05-27,SZ002159,三特索道,13.89,4747860,137878236,177301325,246271.540425
2024-05-27,SZ002158,汉钟精机,19.32,3368427,533581824,534724139,1033087.036548
2024-05-27,SZ002160,常铝股份,3.16,16827458,793530298,1032781167,326358.848772
2024-05-27,SZ002161,远 望 谷,4.93,10118554,713459304,739757400,364700.3982
2024-05-27,SZ002164,宁波东力,4.32,5528000,480900218,532173689,229899.033648
2024-05-27,SZ002163,海南发展,6.86,7521400,803550000,844957867,579641.096762
2024-05-27,SZ002162,悦心健康,3.24,14441494,926226063,926500000,300186
2024-05-27,SZ002167,东方锆业,7.05,112595753,769941963,774902500,546306.2625
2024-05-27,SZ002166,莱茵生物,8.01,23090460,513529138,741986825,594331.446825
2024-05-27,SZ002165,红 宝 丽,3.82,47815387,727666996,735269837,280873.077734
2024-05-27,SZ002168,*ST惠程,2.9,12260000,782322418,784163368,227407.37672
2024-05-27,SZ002170,芭田股份,6.4,13341410,708849120,889548627,569311.12128
2024-05-27,SZ002169,智光电气,5.38,25815666,763761867,787791994,423832.092772
2024-05-27,SH601169,北京银行,5.87,60232950,21142984272,21142984272,12410931.767664
2024-05-27,SZ002172,澳洋健康,2.95,12710700,765271980,765732360,225891.0462
2024-05-27,SZ002171,楚江新材,7.31,12012400,1293918681,1324246265,968024.019715
2024-05-27,SZ002174,游族网络,8.93,11870100,914474749,915891049,817890.706757
2024-05-27,SZ002173,创新医疗,7.82,10408201,416304443,441284352,345084.363264
2024-05-27,SH601939,建设银行,7.11,91296757,9593657606,250010977486,177757804.992546
2024-05-27,SH601808,中海油服,18.3,7355179,2960468000,4771592000,8732013.36
2024-05-27,SH601088,中国神华,42,25686009,16491037955,19868519955,83447783.811
2024-05-27,SZ002176,江特电机,9.57,23436809,1706019116,1706325581,1632953.581017
2024-05-27,SZ002175,东方智造,2.12,20805480,1276773227,1276780727,270677.514124
2024-05-27,SH600629,华建集团,5.11,14205421,944658954,970556038,495954.135418
2024-05-27,SZ002179,中航光电,35.6,11663012,2063842375,2119661396,7545994.56976
2024-05-27,SZ002177,御银股份,3.37,9468200,669210114,761191294,256521.466078
2024-05-27,SZ002178,延华智能,3.89,14101100,711783158,712153001,277027.517389
2024-05-27,SH601857,中国石油,10.24,224801370,161922077818,183020977818,187413481.285632
2024-05-27,SZ002182,宝武镁业,19.61,24829155,557196686,708422538,1389216.597018
2024-05-27,SZ002183,怡 亚 通,3.4,18487244,2596994091,2597009091,882983.09094
2024-05-27,SZ002180,纳思达,27.9,9461482,1309137325,1416509714,3952062.10206
2024-05-27,SZ002184,海得控制,9.84,3766995,240151004,351908370,346277.83608
2024-05-27,SZ002181,粤 传 媒,3.85,8786486,1134462472,1161058174,447007.39699
2024-05-27,SZ002185,华天科技,8.2,28141134,3203749318,3204484648,2627677.41136
2024-05-27,SZ002186,全 聚 德,9.97,2565900,306414588,306921588,306000.823236
2024-05-27,SZ002188,中天服务,5.15,18564700,240908296,292538575,150657.366125
2024-05-27,SZ002187,广百股份,5.05,4213500,517110966,704038932,355539.66066
2024-05-27,SZ002190,成飞集成,15.1,1947100,358729343,358729343,541681.30793
2024-05-27,SZ002189,中光学,14.82,5819700,261173436,261199273,387097.322586
2024-05-27,SH601390,中国中铁,6.8,63302651,20418938519,24750629817,16830428.27556
2024-05-27,SZ002191,劲嘉股份,4.43,11470604,1425912145,1462076254,647699.780522
2024-05-27,SZ002192,融捷股份,34.2,3797700,259120228,259655203,888020.79426
2024-05-27,SZ002193,如意集团,3.73,5484362,261714050,261715550,97619.90015
2024-05-27,SZ002194,武汉凡谷,8.58,8176361,509075511,683285806,586259.221548
2024-05-27,SZ002196,方正电机,4.7,10129114,482496143,497669930,233904.8671
2024-05-27,SZ002195,岩山科技,2.77,84377108,5656352079,5724847663,1585782.802651
2024-05-27,SH601866,中远海发,2.75,142190046,8234629789,13575938612,3733383.1183
2024-05-27,SZ002198,嘉应制药,6.46,5960301,507509848,507509848,327851.361808
2024-05-27,SZ002197,证通电子,4.19,35170436,534311562,614362928,257418.066832
2024-05-27,SH601918,新集能源,9.9,22041863,2590541800,2590541800,2564636.382
2024-05-27,SZ002199,*ST东晶,5.57,4800468,243442363,243442363,135597.396191
2024-05-27,SZ002200,*ST交投,5.99,940040,184132890,184132890,110295.60111
2024-05-27,SH601999,出版传媒,5.7,3419748,550914700,550914700,314021.379
2024-05-27,SH601601,中国太保,29.35,25105630,6845041455,9620341455,28235702.170425
2024-05-27,SZ002202,金风科技,7.9,14484782,3394099179,4225067647,3337803.44113
2024-05-27,SZ002201,九鼎新材,5.78,29784071,650251938,651636241,376645.747298
2024-05-27,SH601099,太平洋,3.38,168882958,6816316370,6816316370,2303914.93306
2024-05-27,SZ002203,海亮股份,8.58,7079338,1935751604,1998319582,1714558.201356
2024-05-27,SZ002204,大连重工,4.64,10367600,1931370032,1931370032,896155.694848
2024-05-27,SZ002205,国统股份,7.41,2619300,185843228,185843228,137709.831948
2024-05-27,SZ002206,海 利 得,4.49,60461770,915995461,1164502220,522861.49678
2024-05-27,SZ002207,准油股份,5.17,6860200,260807600,262055378,135482.630426
2024-05-27,SZ002208,合肥城建,5.91,33297296,802238168,803291894,474745.509354
2024-05-27,SZ002209,达 意 隆,8.49,2646500,154217909,199029050,168975.66345
2024-05-27,SZ002210,飞马国际,1.61,11831600,2661223174,2661232774,428458.476614
2024-05-27,SZ002212,天融信,5.58,21011336,1167376933,1180300591,658607.729778
2024-05-27,SH601898,中煤能源,12.6,21566781,9152000400,13258663400,16705915.884
2024-05-27,SZ002211,ST宏达,3.11,7029242,432288129,432475779,134499.967269
2024-05-27,SZ002213,大为股份,10.44,3674730,206000000,237250000,247689
2024-05-27,SZ002214,*ST大立,12.28,10824930,477475202,599237935,735864.18418
2024-05-27,SZ002215,诺 普 信,8.41,14455079,794015815,1012500927,851513.279607
2024-05-27,SZ002217,合力泰,1.36,121623428,3116316236,3116416220,423832.60592
2024-05-27,SZ002216,三全食品,12.67,2939570,630256229,879184048,1113926.188816
2024-05-27,SZ002218,拓日新能,3.76,81732300,1392398249,1413020549,531295.726424
2024-05-27,SZ002219,新里程,2.26,24060150,3284088220,3410758753,770831.478178
2024-05-27,SZ002221,东华能源,9.17,5009747,1460889862,1576127767,1445309.162339
2024-05-27,SH601186,中国铁建,8.84,47745094,11503245500,13579541500,12004314.686
2024-05-27,SZ002222,福晶科技,25.9,16824838,425592468,427500000,1107225
2024-05-27,SZ000592,平潭发展,1.98,46713137,1913936915,1931780892,382492.616616
2024-05-27,SH601958,金钼股份,11.4,18492535,3226604400,3226604400,3678329.016
2024-05-27,SZ002223,鱼跃医疗,39.65,5677622,938673649,1002476929,3974821.023485
2024-05-27,SZ002225,濮耐股份,4.98,71216309,825497862,1010371924,503165.218152
2024-05-27,SZ002224,三 力 士,4.41,4464200,633774734,901809340,397697.91894
2024-05-27,SH601899,紫金矿业,18.2,146711397,20556293036,26325988940,47913299.8708
2024-05-27,SZ002227,奥 特 迅,8.93,6376802,247598108,247806170,221290.90981
2024-05-27,SZ002226,江南化工,4.95,18978860,1827666262,2648922855,1311216.813225
2024-05-27,SZ002228,合兴包装,2.8,10015780,1218770909,1222834829,342393.75212
2024-05-27,SZ002229,鸿博股份,16.13,81119181,493164301,498344263,803829.296219
2024-05-27,SZ002232,启明信息,12.27,4452500,408548455,408548455,501288.954285
2024-05-27,SZ002230,科大讯飞,42.16,19087793,2184485886,2315375793,9761624.343288
2024-05-27,SZ002231,*ST奥维,4.55,15628200,294818767,346850017,157816.757735
2024-05-27,SZ002235,安妮股份,4.82,13402468,553578302,579572284,279353.840888
2024-05-27,SZ002234,民和股份,10.76,9736400,302577589,348960212,375481.188112
2024-05-27,SZ002233,塔牌集团,7.17,8724400,1191484966,1192275016,854861.186472
2024-05-27,SZ002236,大华股份,16.72,28949655,2082061716,3294468990,5508352.15128
2024-05-27,SZ002237,恒邦股份,12.72,15011102,910418281,1148032681,1460297.570232
2024-05-27,SZ002241,歌尔股份,16.55,36415804,3009973762,3417134589,5655357.744795
2024-05-27,SZ002239,奥特佳,2.6,34702000,3243153144,3243258144,843247.11744
2024-05-27,SZ002240,盛新锂能,16.56,8846759,863182055,921265872,1525616.284032
2024-05-27,SZ002238,天威视讯,8.98,6303892,802559160,802559160,720698.12568
2024-05-27,SZ002243,力合科创,5.84,5531588,1195689152,1210604219,706992.863896
2024-05-27,SZ002242,九阳股份,12.22,8881592,765705700,767017000,937294.774
2024-05-27,SZ002244,滨江集团,8.91,111534450,2657288540,3111443890,2772296.50599
2024-05-27,SZ002245,蔚蓝锂芯,7.99,10873600,1083774502,1152046537,920485.183063
2024-05-27,SZ002246,北化股份,11.56,44757709,549034794,549034794,634684.221864
2024-05-27,SZ002247,聚力文化,1.43,29119000,643540672,850870049,121674.417007
2024-05-27,SZ002248,华东数控,6.11,4670900,307495600,307495600,187879.8116
2024-05-27,SZ002249,大洋电机,5.22,14030230,1788924947,2398635420,1252087.68924
2024-05-27,SZ002250,联化科技,5.93,10064700,919320145,923246256,547485.029808
2024-05-27,SZ002251,步步高,3.61,15170600,840218653,840218653,303318.933733
2024-05-27,SZ002252,上海莱士,7.11,26795827,6642830858,6645480758,4724936.818938
2024-05-27,SZ002253,*ST智胜,10.98,12027150,207178100,225626095,247737.45231
2024-05-27,SZ002254,泰和新材,10.54,13214772,811985120,863794983,910439.912082
2024-05-27,SZ002256,兆新股份,1.87,16859228,1439371052,1954594402,365509.153174
2024-05-27,SZ002255,海陆重工,6.08,13843802,649362243,842271055,512100.80144
2024-05-27,SH600703,三安光电,12.57,27902544,4989018727,4989018727,6271196.539839
2024-05-27,SH600745,闻泰科技,30,15450123,1242809481,1242809481,3728428.443
2024-05-27,SZ002258,利尔化学,9.28,5327677,799150345,800437228,742805.747584
2024-05-27,SZ002259,升达林业,2.7,6082085,752328267,752328267,203128.63209
2024-05-27,SZ002262,恩华药业,23.48,5544279,881761575,1007588092,2365816.840016
2024-05-27,SZ002261,拓维信息,12.04,27351084,1122669219,1253336174,1509016.753496
2024-05-27,SZ002263,大东南,2.39,9189568,1878345100,1878360100,448928.0639
2024-05-27,SZ002264,新 华 都,6.7,50253884,654150559,719922983,482348.39861
2024-05-27,SZ002266,浙富控股,3.18,21233274,4896801048,5219271402,1659728.305836
2024-05-27,SZ002265,建设工业,9.62,3775428,403097025,1033040407,993784.871534
2024-05-27,SZ002268,电科网安,15.91,7448863,843405156,845734843,1345564.135213
2024-05-27,SZ002267,陕天然气,7.91,9227600,1112064195,1112075445,879651.676995
2024-05-27,SH601766,中国中车,7.04,125921330,24327798048,28698864088,20204000.317952
2024-05-27,SZ002269,美邦服饰,1.5,20246700,2512500000,2512500000,376875
2024-05-27,SZ002270,华明装备,21.52,10618810,759224668,896225431,1928677.127512
2024-05-27,SZ002271,东方雨虹,15.85,59813757,1995493996,2518464191,3991765.742735
2024-05-27,SZ002273,水晶光电,14.9,26330333,1355112517,1390632221,2072042.00929
2024-05-27,SZ002272,川润股份,5.92,94130894,334846644,488130300,288973.1376
2024-05-27,SZ002274,华昌化工,8.18,10650095,937999130,952364646,779034.280428
2024-05-27,SH601727,上海电气,4.32,23636301,12655327092,15579809092,6730477.527744
2024-05-27,SH600248,陕建股份,4.02,19544408,3680692286,3768882286,1515090.678972
2024-05-27,SH600734,实达集团,3.39,20074200,2100356819,2178303106,738444.752934
2024-05-27,SH600259,中稀有色,27.91,2923574,329489743,336435910,938992.62481
2024-05-27,SH600187,国中水务,2.22,8869164,1613781103,1613781103,358259.404866
2024-05-27,SZ000506,招金黄金,2.13,81885945,928670961,929017761,197880.783093
2024-05-27,SZ000638,*ST万方,5.42,46561981,310145601,311386551,168771.510642
2024-05-27,SZ000631,顺发恒能,2.82,20275080,2395279084,2395279084,675468.701688
2024-05-27,SZ002276,万马股份,8.66,30287925,1025630098,1035489098,896733.558868
2024-05-27,SZ002275,桂林三金,14.11,1558932,559328566,587568600,829059.2946
2024-05-27,SZ002277,友阿股份,2.61,23738100,1394172800,1394172800,363879.1008
2024-05-27,SH601107,四川成渝,5.53,4628701,2162740000,3058060000,1691107.18
2024-05-27,SH601668,中国建筑,5.75,137802162,41320390444,41619952444,23931472.6553
2024-05-27,SZ002278,神开股份,4.41,5127200,339373876,363909648,160484.154768
2024-05-27,SZ002279,久其软件,4.8,11688730,797670599,865045781,415221.97488
2024-05-27,SH601788,光大证券,16.16,25493107,3906698839,4610787639,7451032.824624
2024-05-27,SZ002282,博深股份,7.03,3474819,490850567,526838348,370367.358644
2024-05-27,SZ002283,天润工业,4.76,10640357,1003824929,1139457178,542381.616728
2024-05-27,SZ002280,ST联络,0.96,91150268,2004498547,2177149675,209006.3688
2024-05-27,SZ002281,光迅科技,34.63,24945131,755889848,794201952,2750321.359776
2024-05-27,SZ002286,保龄宝,6.64,5108700,369628480,369767380,245525.54032
2024-05-27,SZ002287,奇正藏药,21.81,825653,528971263,530173477,1156308.353337
2024-05-27,SZ002285,世联行,2.16,59518503,1975929576,1992829038,430451.072208
2024-05-27,SZ002284,亚太股份,7.31,7919750,731214173,739100348,540282.354388
2024-05-27,SZ002290,禾盛新材,13.63,2038414,247062330,248112330,338177.10579
2024-05-27,SZ002288,*ST超华,1.07,420900,804247545,931643744,99685.880608
2024-05-27,SZ002291,遥望科技,5.23,26324400,877506834,930604260,486706.02798
2024-05-27,SZ002289,*ST宇顺,3.72,3486200,264199233,280253733,104254.388676
2024-05-27,SZ002292,奥飞娱乐,6.74,28863218,975296640,1478699697,996643.595778
2024-05-27,SZ002294,信立泰,27.37,6242100,1114565736,1114816535,3051252.856295
2024-05-27,SZ002293,罗莱生活,9.02,2456885,826763319,834479481,752700.491862
2024-05-27,SZ000517,荣安地产,2.98,68734400,2491986416,3183922485,948808.90053
2024-05-27,SZ000529,广弘控股,7.14,23469290,569884377,583790330,416826.29562
2024-05-27,SH601618,中国中冶,3.31,99555850,17852619170,20723619170,6859517.94527
2024-05-27,SZ002297,博云新材,6.83,6929668,573104819,573104819,391430.591377
2024-05-27,SZ002295,精艺股份,6.28,5247190,250294000,250616000,157386.848
2024-05-27,SZ002296,辉煌科技,10.14,20660663,347415444,389580420,395034.54588
2024-05-27,SZ002298,中电鑫龙,5.09,38523618,639523879,740110901,376716.448609
2024-05-27,SH601888,中国中免,73.41,19699488,1952475544,2068859044,15187494.242004
2024-05-27,SZ002300,太阳电缆,5.98,4586423,722274082,722333700,431955.5526
2024-05-27,SZ002299,圣农发展,17.04,7052881,1225368558,1243400295,2118754.10268
2024-05-27,SZ002301,齐心集团,5.53,5392568,717990223,721307933,398883.286949
2024-05-27,SH600225,退市卓朗,2.33,102102517,3408825415,3411394363,794854.886579
2024-05-27,SZ300002,神州泰岳,8.67,53715556,1819194037,1961091984,1700266.750128
2024-05-27,SZ300001,特锐德,21.97,48732670,1027946320,1055897713,2319807.275461
2024-05-27,SZ300027,华谊兄弟,1.9,28425700,2417762293,2774505919,527156.12461
2024-05-27,SZ300026,红日药业,3.62,17656200,2752915597,3004154837,1087504.050994
2024-05-27,SZ300025,华星创业,9.91,14835851,431773519,508792922,504213.785702
2024-05-27,SZ300024,机器人,10.25,15444806,1518234954,1550211950,1588967.24875
2024-05-27,SZ300022,吉峰科技,4.01,7527100,323481737,497240380,199393.39238
2024-05-27,SZ300021,大禹节水,3.73,7885202,700762188,857798603,319958.878919
2024-05-27,SZ300020,ST银江,2.83,46165929,766639584,794677974,224893.866642
2024-05-27,SZ300019,硅宝科技,12.96,5992400,343602311,391064700,506819.8512
2024-05-27,SZ300018,中元股份,5.14,14268837,371665539,480831536,247147.409504
2024-05-27,SZ300017,网宿科技,8.27,51399543,2278049904,2440774490,2018520.50323
2024-05-27,SZ300016,北陆药业,5.06,15289850,491176136,491935061,248919.140866
2024-05-27,SZ300015,爱尔眼科,12.34,49975547,7905004112,9328411413,11511259.683642
2024-05-27,SZ300014,亿纬锂能,36.7,13600931,1860594727,2045721497,7507797.89399
2024-05-27,SZ300013,新宁物流,1.91,11012200,446687115,446687115,85317.238965
2024-05-27,SZ300012,华测检测,11.85,13799313,1431769688,1682828214,1994151.43359
2024-05-27,SZ300011,鼎汉技术,5.55,4859409,501628829,558650387,310050.964785
2024-05-27,SZ300010,豆神教育,3.07,25040026,1117883003,2066612659,634450.086313
2024-05-27,SZ300009,安科生物,9.52,20578146,1215524408,1676346758,1595882.113616
2024-05-27,SZ300008,天海防务,3.91,114872856,1647170071,1728029133,675659.391003
2024-05-27,SZ300007,汉威科技,13.73,4740703,282974526,327445619,449582.834887
2024-05-27,SZ300006,莱美药业,2.8,8353200,1055822773,1055911205,295655.1374
2024-05-27,SZ300005,探路者,5.87,12063008,883702186,883702186,518733.183182
2024-05-27,SZ300004,南风股份,4.68,4598400,477551465,479993598,224637.003864
2024-05-27,SZ300003,乐普医疗,15.52,12215820,1616097826,1880610488,2918707.477376
2024-05-27,SZ002302,西部建设,5.94,8352400,1262354304,1262354304,749838.456576
2024-05-27,SZ002303,美盈森,3.21,9534671,952514255,1531323685,491554.902885
2024-05-27,SZ002305,*ST南置,1.98,104765152,1734103276,1734215770,343374.72246
2024-05-27,SZ002304,洋河股份,95.1,6056404,1502155838,1506445074,14326292.65374
2024-05-27,SZ002307,北新路桥,3.66,9603860,1091030717,1268291582,464194.719012
2024-05-27,SZ002306,*ST云网,3.2,11907700,813960387,869762500,278324
2024-05-27,SH600854,春兰股份,4.09,5993457,519458538,519458538,212458.542042
2024-05-27,SH600999,招商证券,14.37,9681404,7422005272,8696526806,12496909.020222
2024-05-27,SZ002310,东方新能,1.33,70426438,2685233339,2685462004,357166.446532
2024-05-27,SZ002311,海大集团,52.94,8190359,1662560498,1663749970,8807892.34118
2024-05-27,SZ002308,*ST威创,1.97,0,900755981,906214651,178524.286247
2024-05-27,SZ002309,中利集团,1.86,10497900,867757199,871787068,162152.394648
2024-05-27,SZ002312,川发龙蟒,7.89,33256806,1367297465,1891416394,1492327.534866
2024-05-27,SZ002313,日海智能,7.69,6458820,374185600,374400000,287913.6
2024-05-27,SZ002314,南山控股,2.47,22784273,1338324039,2707782513,668822.280711
2024-05-27,SZ002315,焦点科技,31.74,8219650,201868048,316690594,1005175.945356
2024-05-27,SZ002316,亚联发展,3.72,9479400,315007500,393120000,146240.64
2024-05-27,SZ002319,乐通股份,10.78,1892800,200000000,200000000,215600
2024-05-27,SZ002317,众生药业,13.62,13069900,761769206,853350477,1162263.349674
2024-05-27,SZ002318,久立特材,24.75,5851801,954276728,977170720,2418497.532
2024-05-27,SZ002321,华英农业,1.71,11235600,2132360196,2132890071,364724.202141
2024-05-27,SZ002320,海峡股份,6.3,8591596,2228933187,2228933187,1404227.90781
2024-05-27,SH601989,中国重工,5.01,128013113,22802035324,22802035324,11423819.697324
2024-05-27,SZ002324,普利特,9.92,6220780,775229386,1114146844,1105233.669248
2024-05-27,SZ002323,雅博股份,1.22,100178729,2120422369,2120855142,258744.327324
2024-05-27,SZ002322,理工能科,13.91,10699900,365019679,379147970,527394.82627
2024-05-27,SZ002325,*ST洪涛,1.19,197116514,1380098489,1756514205,209025.190395
2024-05-27,SZ002326,永太科技,9.45,7983500,804032935,913760795,863503.951275
2024-05-27,SH601139,深圳燃气,7.42,7957406,2876734753,2876734753,2134537.186726
2024-05-27,SZ300029,*ST天龙,4.61,4406200,200360250,200506500,92433.4965
2024-05-27,SZ300030,阳普医疗,4.56,5423300,270652826,309187315,140989.41564
2024-05-27,SZ300031,宝通科技,14.38,14069885,345762814,412523242,593208.421996
2024-05-27,SZ300036,超图软件,14.3,8484000,430836311,492766617,704656.26231
2024-05-27,SZ300035,中科电气,9.6,7233500,619267924,723310765,694378.3344
2024-05-27,SZ300034,钢研高纳,16.55,23995969,766388883,775137713,1282852.915015
2024-05-27,SZ300033,同花顺,117,4925329,273489581,537600000,6289920
2024-05-27,SZ300032,金龙机电,3.61,21703184,803168108,803169608,289944.228488
2024-05-27,SZ002328,新朋股份,5.25,12892657,567791896,771770000,405179.25
2024-05-27,SZ002327,富安娜,11.19,3332600,486795329,836774699,936350.888181
2024-05-27,SZ002331,皖通科技,7.15,10122823,395851411,410245949,293325.853535
2024-05-27,SZ002329,皇氏集团,3.51,14759300,658659136,869049335,305036.316585
2024-05-27,SZ002330,得利斯,4.49,24908800,635178715,636049840,285586.37816
2024-05-27,SH601117,中国化学,8.21,89366916,6049510588,6109470588,5015875.352748
2024-05-27,SZ300041,回天新材,8.37,25333948,544422588,559422387,468236.537919
2024-05-27,SZ300037,新宙邦,30.2,5243631,542457861,753881810,2276723.0662
2024-05-27,SZ300040,九洲集团,6.87,166648301,460656003,587690394,403743.300678
2024-05-27,SZ300039,上海凯宝,5.96,9389954,916210474,1046000000,623416
2024-05-27,SZ300042,朗科科技,22.65,3494400,197672706,200400000,453906
2024-05-27,SZ002332,仙琚制药,12.7,10298576,984573711,989204866,1256290.17982
2024-05-27,SZ002333,罗普斯金,6.2,5268700,502563100,674924800,418453.376
2024-05-27,SZ002334,英威腾,6.68,9688805,717688546,808192300,539872.4564
2024-05-27,SZ002335,科华数据,24.94,4900661,400828257,461568810,1151152.61214
2024-05-27,SZ002336,人乐退,4.05,12892850,373175000,440000000,178200
2024-05-27,SZ002338,奥普光电,27.81,7873003,239994000,240000000,667440
2024-05-27,SZ002337,赛象科技,4.16,4667500,587996532,588615750,244864.152
2024-05-27,SH601801,皖新传媒,7.45,8422852,1989204737,1989204737,1481957.529065
2024-05-27,SZ300049,福瑞医科,51,3897879,233515442,263053100,1341570.81
2024-05-27,SZ300050,世纪鼎利,3.31,16069500,544514249,544846718,180344.263658
2024-05-27,SZ300048,合康新能,5.23,5476044,1112338857,1113738857,582485.422211
2024-05-27,SZ300047,天源迪科,7.05,39446988,538921153,637744672,449609.99376
2024-05-27,SZ300043,星辉娱乐,2.55,32459170,1243539501,1244198401,317270.592255
2024-05-27,SZ300044,ST赛为,5,34265880,668139963,763869228,381934.614
2024-05-27,SZ300045,华力创通,18.28,22477521,492820901,662675236,1211370.331408
2024-05-27,SZ300046,台基股份,10.64,3197205,236531371,236531371,251669.378744
2024-05-27,SH601877,正泰电器,21.89,16761635,2148968976,2148968976,4704093.088464
2024-05-27,SZ002340,格林美,6.59,62101047,5086982836,5135586557,3384351.541063
2024-05-27,SZ002341,ST新纶,1.29,104246761,1150971467,1152214592,148635.682368
2024-05-27,SZ002339,积成电子,7.46,95774727,478793604,504092274,376052.836404
2024-05-27,SZ002342,巨力索具,3.34,5558000,954690000,960000000,320640
2024-05-27,SZ002343,慈文传媒,6.83,22876565,474949686,474949686,324390.635538
2024-05-27,SZ002344,海宁皮城,3.62,5181000,1281450092,1282616960,464307.33952
2024-05-27,SZ002346,柘中股份,9.09,1241300,394754885,441575416,401392.053144
2024-05-27,SZ002345,潮宏基,5.84,11965677,867341865,888512707,518891.420888
2024-05-27,SH601179,中国西电,6.97,190837149,5125882352,5125882352,3572739.999344
2024-05-27,SZ002347,泰尔股份,4.31,11674418,493382901,504702276,217526.680956
2024-05-27,SZ002349,精华制药,7.47,7373700,812006309,814180908,608193.138276
2024-05-27,SZ002348,高乐股份,2.81,4213600,888976849,947200000,266163.2
2024-05-27,SZ002350,北京科锐,5.33,14084900,529313354,542331351,289062.610083
2024-05-27,SZ002351,漫步者,12.83,15025459,500230832,889107000,1140724.281
2024-05-27,SZ002352,顺丰控股,38,15714555,4861118788,4895202373,18601769.0174
2024-05-27,SZ002353,杰瑞股份,34.34,9764181,693435365,1023855833,3515920.930522
2024-05-27,SZ002354,天娱数科,3.42,39179000,1618370982,1654585820,565868.35044
2024-05-27,SZ002355,兴民智通,4.38,11711800,618166650,620570400,271809.8352
2024-05-27,SZ002356,赫美集团,3.25,7162020,1311254521,1311254521,426157.719325
2024-05-27,SH601106,中国一重,2.56,13744996,6857782927,6857782927,1755592.429312
2024-05-27,SZ002357,富临运业,5.9,4953500,313477786,313489036,184958.53124
2024-05-27,SZ002358,森源电气,3.99,16209207,929075005,929756977,370973.033823
2024-05-27,SZ300053,航宇微,9.51,13810450,645962678,696874323,662727.481173
2024-05-27,SZ300051,琏升科技,7.84,5949616,365698690,365698690,286707.77296
2024-05-27,SZ300054,鼎龙股份,22.89,12208658,734897887,945168441,2163490.561449
2024-05-27,SZ300052,ST中青宝,13.98,11030706,261851210,261858710,366078.47658
2024-05-27,SH601678,滨化股份,3.94,18695252,2058036276,2058036276,810866.292744
2024-05-27,SZ300056,中创环保,10.32,9766312,385193293,385490443,397826.137176
2024-05-27,SZ300058,蓝色光标,6.14,38978041,2384943167,2487538734,1527348.782676
2024-05-27,SZ300057,万顺新材,5.17,51932393,737411029,910006504,470473.362568
2024-05-27,SH601688,华泰证券,13.81,47367306,7294330722,9029384840,12469580.46404
2024-05-27,SZ300055,万邦达,4.84,3545151,624238283,836749606,404986.809304
2024-05-27,SZ002362,汉王科技,17.57,3676901,206889190,244454646,429506.813022
2024-05-27,SZ002361,神剑股份,3.61,15176500,795427984,951034969,343323.623809
2024-05-27,SZ002360,同德化工,5.78,4840743,328262518,401774248,232225.515344
2024-05-27,SZ002365,永安药业,7.88,3090500,244222939,294682500,232209.81
2024-05-27,SZ002363,隆基机械,6.42,4162100,415758167,419160301,269100.913242
2024-05-27,SZ002364,中恒电气,6.36,15450800,558086935,563564960,358427.31456
2024-05-27,SH601607,上海医药,18.43,9879444,1931519954,3703301054,6825183.842522
2024-05-27,SZ002366,融发核电,4.22,12312500,1256464390,2080937640,878155.68408
2024-05-27,SZ002367,康力电梯,6.67,4861000,526770483,798786187,532790.386729
2024-05-27,SZ002368,太极股份,21.62,8639700,619913995,623231286,1347426.040332
2024-05-27,SZ002369,卓翼科技,4.08,10675226,565650699,566956280,231318.16224
2024-05-27,SZ002371,北方华创,304,7770570,529796134,530293384,16120918.8736
2024-05-27,SZ002370,亚太药业,3.11,4950100,609179371,609179371,189454.784381
2024-05-27,SZ002374,中锐股份,2.42,7152403,1087953783,1087953783,263284.815486
2024-05-27,SZ002372,伟星新材,17.2,9172721,1470858109,1592037988,2738305.33936
2024-05-27,SZ002373,千方科技,8.94,8194521,1373507601,1580188215,1412688.26421
2024-05-27,SH601188,龙江交通,3.43,15481100,1315878571,1315878571,451346.349853
2024-05-27,SZ300062,中能电气,5.31,31907933,378813206,557577326,296073.560106
2024-05-27,SH601518,吉林高速,2.66,14441640,1890553169,1890553169,502887.142954
2024-05-27,SZ300061,旗天科技,3.96,5990600,617174705,658993677,260961.496092
2024-05-27,SZ300059,东方财富,12.67,112394997,13359278683,15785542475,20000282.315825
2024-05-27,SZ002377,国创高新,2.12,16587700,910399242,916325201,194260.942612
2024-05-27,SZ002376,新北洋,5.88,3186800,625379673,648471734,381301.379592
2024-05-27,SZ002375,亚厦股份,3.96,5558594,1326792714,1339996498,530638.613208
2024-05-27,SZ300063,天龙集团,4.38,20753300,625249275,758527150,332234.8917
2024-05-27,SZ300066,三川智慧,3.31,9423870,1005910348,1040033262,344251.009722
2024-05-27,SZ300065,海兰信,6.66,22469249,658143256,723329103,481737.182598
2024-05-27,SH601158,重庆水务,5.17,10465400,4800000000,4800000000,2481600
2024-05-27,SZ002378,章源钨业,6.56,18538699,1194836984,1201417666,788129.988896
2024-05-27,SZ002380,科远智慧,19.05,5739000,141751890,239991649,457184.091345
2024-05-27,SH601101,昊华能源,10.32,23955624,1439997926,1439997926,1486077.859632
2024-05-27,SZ002379,宏桥控股,6.2,16202099,1136373753,1136373753,704551.72686
2024-05-27,SZ002381,双箭股份,7.42,2823700,322025401,411576821,305390.001182
2024-05-27,SZ002383,合众思壮,6.25,12696000,616245785,740360305,462725.190625
2024-05-27,SZ002382,蓝帆医疗,5.12,6873000,999673664,1007105539,515638.035968
2024-05-27,SZ002385,大北农,4.75,43317745,3307792807,4112241528,1953314.7258
2024-05-27,SZ002386,天原股份,4.56,7121942,1158012019,1301647073,593551.065288
2024-05-27,SZ002384,东山精密,15.87,23043615,1390275340,1709867327,2713559.447949
2024-05-27,SZ002387,维信诺,6.77,11607555,1383843366,1389552137,940726.796749
2024-05-27,SZ002389,航天彩虹,15.35,16063687,990889102,996463000,1529570.705
2024-05-27,SZ002388,新亚制程,3.87,7726900,499044850,512413600,198304.0632
2024-05-27,SZ002391,长青股份,5.21,2168500,464120811,649592550,338437.71855
2024-05-27,SZ002390,信邦制药,3.75,13750290,1827914464,1943851868,728944.4505
2024-05-27,SZ300070,碧水源,4.76,17547247,3371832122,3624209363,1725123.656788
2024-05-27,SZ300071,福石控股,2.49,7544000,906778084,948117486,236081.254014
2024-05-27,SZ300067,安诺其,4.5,65124074,771607554,1154374574,519468.5583
2024-05-27,SZ300068,南都电源,10.21,14897151,830434940,872753685,891081.512385
2024-05-27,SZ300069,金利华电,11.1,7561800,117000000,117000000,129870
2024-05-27,SZ002393,力生制药,25.63,1478335,182454992,184244992,472219.914496
2024-05-27,SZ002394,联发股份,6.93,2885200,323285606,323700000,224324.1
2024-05-27,SZ002392,北京利尔,3.72,10460300,915365714,1190490839,442862.592108
2024-05-27,SZ300073,当升科技,40.3,15039476,505363785,506500774,2041198.11922
2024-05-27,SZ300072,海新能科,2.37,15195796,2323494174,2349720302,556883.711574
2024-05-27,SZ300075,数字政通,15.66,30195014,510124727,621130158,972689.827428
2024-05-27,SZ300074,华平股份,3.73,21424257,530444913,531020900,198070.7957
2024-05-27,SH601369,陕鼓动力,8.77,12945900,1690931633,1725599033,1513350.351941
2024-05-27,SZ002395,双象股份,16.31,31441260,268209000,268209000,437448.879
2024-05-27,SZ002397,梦洁股份,2.44,9469200,593392662,750781443,183190.672092
2024-05-27,SZ300078,思创智联,2.65,15467845,882918650,905878384,240057.77176
2024-05-27,SZ300079,数码视讯,4.38,16024200,1269057256,1429008862,625905.881556
2024-05-27,SZ300076,GQY视讯,3.72,10329427,424000000,424000000,157728
2024-05-27,SZ300077,国民技术,9.1,8422724,566291900,594841000,541305.31
2024-05-27,SZ002398,垒知集团,4.31,5408310,591287999,713629157,307574.166667
2024-05-27,SZ002401,中远海科,15.89,4511910,370308066,371904560,590956.34584
2024-05-27,SZ002400,省广集团,5.19,25492697,1726164618,1743337128,904791.969432
2024-05-27,SZ002399,海普瑞,9.93,3578628,1247201704,1467296204,1457025.130572
2024-05-27,SZ002404,嘉欣丝绸,6.3,25336182,451005586,560051541,352832.47083
2024-05-27,SZ002402,和而泰,11.21,20140219,807488335,931720685,1044458.887885
2024-05-27,SZ002403,爱仕达,7.57,5078100,305936454,340638579,257863.404303
2024-05-27,SZ002406,远东传动,5.4,9270800,602215485,730225082,394321.54428
2024-05-27,SZ002405,四维图新,6.63,25905625,2330010126,2377750314,1576448.458182
2024-05-27,SZ002407,多氟多,13.19,10200617,1083606836,1193488579,1574211.435701
2024-05-27,SZ002408,齐翔腾达,5.49,11149496,2751130553,2842840861,1560719.632689
2024-05-27,SZ300084,海默科技,5.7,2647100,329752181,393795738,224463.57066
2024-05-27,SZ300082,奥克股份,5.27,7673000,678207738,680098200,358411.7514
2024-05-27,SZ300081,恒信东方,5.77,11307300,603232442,604795417,348966.955609
2024-05-27,SZ300083,创世纪,6.33,58337583,1513718214,1685095589,1066665.507837
2024-05-27,SZ002409,雅克科技,61.35,17183230,318522747,475927678,2919816.30453
2024-05-27,SZ002412,汉森制药,5.92,8180504,497845000,503200000,297894.4
2024-05-27,SZ002410,广联达,12.13,21894685,1588834979,1664869506,2019486.710778
2024-05-27,SZ300085,银之杰,9.21,6428245,625068360,706640535,650815.932735
2024-05-27,SZ300086,康芝药业,4.18,8319799,435663111,450000000,188100
2024-05-27,SZ300087,荃银高科,7.2,15043239,895905066,947331751,682078.86072
2024-05-27,SZ300088,长信科技,4.78,38018053,2442692096,2454922028,1173452.729384
2024-05-27,SZ002416,爱施德,10.39,9675577,1223904304,1239281806,1287613.796434
2024-05-27,SZ002413,雷科防务,4.3,64980755,1250528063,1327355556,570762.88908
2024-05-27,SZ002415,海康威视,32.58,25346529,9108433258,9330600931,30399097.833198
2024-05-27,SZ002418,康盛股份,2.31,19700530,1136400000,1136400000,262508.4
2024-05-27,SZ002419,天虹股份,4.78,6197278,1168648129,1168847750,558709.2245
2024-05-27,SZ002420,毅昌科技,5.05,10978381,400271044,414364000,209253.82
2024-05-27,SZ002421,达实智能,2.64,18441160,1997242430,2120581639,559833.552696
2024-05-27,SZ002424,ST百灵,4.14,39212513,1197791112,1411200000,584236.8
2024-05-27,SZ002423,中粮资本,7.91,17344625,2304105575,2304105575,1822547.509825
2024-05-27,SZ002422,科伦药业,33.41,11893093,1306947398,1601592173,5350919.449993
2024-05-27,SZ002425,凯撒文化,3.63,104753215,955985898,956665066,347269.418958
2024-05-27,SZ002426,胜利精密,1.69,36053900,3410078944,3435818166,580653.270054
2024-05-27,SZ002427,尤夫股份,4.11,26387387,984257455,985432777,405012.871347
2024-05-27,SZ002428,云南锗业,9.92,15703192,653035625,653120000,647895.04
2024-05-27,SZ002429,兆驰股份,5.02,21759675,4524333018,4526940607,2272524.184714
2024-05-27,SZ002430,杭氧股份,26.62,3573400,971622358,983962628,2619308.515736
2024-05-27,SZ002431,棕榈股份,1.83,16124450,1812816265,1812816265,331745.376495
2024-05-27,SZ002432,九安医疗,41.27,4901000,447227429,488289622,2015171.269994
2024-05-27,SZ002435,ST长康,1.25,274500,1202552947,1235983020,154497.8775
2024-05-27,SZ002436,兴森科技,11.62,79825143,1500414235,1689596542,1963311.181804
2024-05-27,SZ002433,太安退,0.51,0,744385700,766773200,39105.4332
2024-05-27,SZ002434,万里扬,5.61,7272851,1311341050,1312600000,736368.6
2024-05-27,SZ002437,誉衡药业,2.04,20142300,2190743558,2270513950,463184.8458
2024-05-27,SZ002438,江苏神通,13.16,10163608,468926792,507537461,667919.298676
2024-05-27,SZ002396,星网锐捷,14.38,4776600,583280278,592727478,852342.113364
2024-05-27,SZ002439,启明星辰,18.21,16258875,725510161,1218369376,2218650.633696
2024-05-27,SZ300080,易成新能,3.76,11088359,1296692090,2176149426,818232.184176
2024-05-27,SZ300091,*ST金灵,1.65,14554100,1335809696,1489164214,245712.09531
2024-05-27,SH601000,唐山港,4.21,47681701,5925928614,5925928614,2494815.946494
2024-05-27,SZ002442,龙星科技,4.98,16768332,485230963,490820000,244428.36
2024-05-27,SZ002440,闰土股份,6.45,3758151,958941610,1150500000,742072.5
2024-05-27,SZ002443,金洲管道,5.94,7160263,519426572,520535520,309198.09888
2024-05-27,SZ002441,众业达,8.89,5699152,399079729,544543609,484099.268401
2024-05-27,SZ300092,科新机电,12.25,28161336,209866256,273923271,335556.006975
2024-05-27,SZ300093,*ST金刚,17.09,45660696,215329725,216000000,369144
2024-05-27,SZ300094,国联水产,3.22,31462700,1105078999,1128167253,363269.855466
2024-05-27,SZ002446,盛路通信,6.11,22487400,846394641,914033069,558474.205159
2024-05-27,SZ002444,巨星科技,26.01,13691375,1151029088,1202501992,3127707.681192
2024-05-27,SZ002445,中南文化,1.78,19539897,2381441773,2391668331,425716.962918
2024-05-27,SH601288,农业银行,4.45,391169135,319244210777,349983033873,155742450.073485
2024-05-27,SZ002414,高德红外,6.49,20560986,3398612429,4270736108,2771707.734092
2024-05-27,SZ002448,中原内配,6.45,6720300,486876658,588409646,379524.22167
2024-05-27,SZ002449,国星光电,7.48,7988879,613182784,618477169,462620.922412
2024-05-27,SZ002453,华软科技,5.28,9807996,608295048,812367126,428929.842528
2024-05-27,SZ002454,松芝股份,6.27,4774350,626979228,628581600,394120.6632
2024-05-27,SZ002452,长高电新,7.38,16774177,515904790,620332085,457805.07873
2024-05-27,SZ002451,摩恩电气,5.7,7503800,439149000,439200000,250344
2024-05-27,SZ300097,ST智云,6.3,6675220,270018948,288549669,181786.29147
2024-05-27,SZ300096,ST易联众,2.82,12116700,359095217,430000000,121260
2024-05-27,SZ300095,华伍股份,5.94,9017301,336491517,420090164,249533.557416
2024-05-27,SZ300098,高新兴,3.21,17596248,1541743627,1737782275,557828.110275
2024-05-27,SZ002457,青龙管业,8.31,12850300,334826849,334992000,278378.352
2024-05-27,SZ002456,欧菲光,8.05,92090351,3238293749,3257817490,2622543.07945
2024-05-27,SZ002455,百川股份,13.13,164427372,507225696,593871923,779753.834899
2024-05-27,SH601717,中创智领,16.64,22483964,1531089730,1785537930,2971135.11552
2024-05-27,SZ300101,振芯科技,14.84,8013036,563355940,564546000,837786.264
2024-05-27,SZ300100,双林股份,10.28,6104800,387062884,400769246,411990.784888
2024-05-27,SZ300099,尤洛卡,4.93,8898227,581412240,737265255,363471.770715
2024-05-27,SZ002458,益生股份,10.11,13774322,678496890,1106412915,1118583.457065
2024-05-27,SZ002460,赣锋锂业,33.9,11875674,1208715121,2017167779,6838198.77081
2024-05-27,SZ002459,晶澳科技,14.8,113261672,3306080660,3309669203,4898310.42044
2024-05-27,SZ300102,乾照光电,6.38,10095726,914382357,919900633,586896.603854
2024-05-27,SZ300103,达刚控股,4.01,6433850,245446447,317601000,127358.001
2024-05-27,SH601718,际华集团,2.7,17565400,4391629404,4391629404,1185739.93908
2024-05-27,SH601818,光大银行,3.28,123511799,46406815561,59085551061,19380060.748008
2024-05-27,SZ002463,沪电股份,32.15,40213222,1912312327,1913513808,6151946.89272
2024-05-27,SZ002462,嘉事堂,12.65,1795050,291500121,291707120,369009.5068
2024-05-27,SZ002461,珠江啤酒,8.45,4634405,2213328480,2213328480,1870262.5656
2024-05-27,SZ300107,建新股份,10.91,61056189,340858733,555844368,606426.205488
2024-05-27,SZ300105,龙源技术,7.1,33804347,513213525,516098220,366429.7362
2024-05-27,SZ300106,西部牧业,7.13,40972600,211332310,211332310,150679.93703
2024-05-27,SZ300108,*ST吉药,1.87,8701877,656559424,666014674,124544.744038
2024-05-27,SZ300109,新开源,21.05,3497210,291745047,323501837,680971.366885
2024-05-27,SZ300110,华仁药业,3.46,9653150,1180437357,1182212982,409045.691772
2024-05-27,SZ300113,顺网科技,10.93,8714791,528847009,694287240,758855.95332
2024-05-27,SZ300114,中航电测,40.2,4096280,590760499,590760499,2374857.20598
2024-05-27,SZ300111,向日葵,2.3,9330901,1119800000,1287210714,296058.46422
2024-05-27,SZ300112,万讯自控,7.52,4084006,237676294,293655128,220828.656256
2024-05-27,SZ002466,天齐锂业,36.39,19820920,1476287000,1641221583,5972405.340537
2024-05-27,SZ002465,海格通信,10.65,24041854,2431731461,2481833948,2643153.15462
2024-05-27,SZ300115,长盈精密,10.62,28276035,1199959686,1203881658,1278522.320796
2024-05-27,SZ300116,*ST保力,0.11,0,4103847062,4425591367,48681.505037
2024-05-27,SZ300118,东方日升,13.81,61364505,921863301,1140013863,1574359.144803
2024-05-27,SZ300117,*ST嘉寓,1.25,24152282,716760000,716760000,89595
2024-05-27,SZ002470,金正大,1.52,27623687,3187246841,3286027742,499476.216784
2024-05-27,SZ002467,二六三,3.7,25632467,1363657624,1388411873,513712.39301
2024-05-27,SZ002469,三维化学,5.96,8445400,615309580,648862630,386722.12748
2024-05-27,SZ002468,申通快递,9.8,10597402,1492045657,1530802166,1500186.12268
2024-05-27,SZ002472,双环传动,22.73,14155694,750720207,845495032,1921810.207736
2024-05-27,SZ002471,中超控股,2.43,13048050,1266070582,1369000000,332667
2024-05-27,SZ002475,立讯精密,31.89,55784571,7162441883,7178011313,22890678.077157
2024-05-27,SZ002474,榕基软件,4.97,7258600,529928120,622200000,309233.4
2024-05-27,SZ002476,宝莫股份,4.04,10009088,611950950,612000000,247248
2024-05-27,SZ300121,阳谷华泰,8.42,3435100,394452315,408989577,344369.223834
2024-05-27,SZ300120,经纬辉开,5.38,16895936,521322724,574393929,309023.933802
2024-05-27,SZ300119,瑞普生物,15.93,6716505,334296761,466276186,742777.964298
2024-05-27,SH600372,中航机载,11.93,29135100,4756801798,4838896630,5772803.67959
2024-05-27,SZ002479,富春环保,4.05,6814600,861306351,865000000,350325
2024-05-27,SZ002478,常宝股份,5.71,8289200,712116938,901358228,514675.548188
2024-05-27,SZ002480,新筑股份,3.65,4275900,767252159,769168670,280746.56455
2024-05-27,SZ002481,双塔食品,4.83,27327400,1118152600,1233696500,595875.4095
2024-05-27,SZ300124,汇川技术,59.71,4729911,2337795380,2678142081,15991186.365651
2024-05-27,SH601018,宁波港,3.61,30993869,15807417370,19454388399,7023034.212039
2024-05-27,SZ300122,智飞生物,33.14,16096689,1414308160,2393789747,7933019.221558
2024-05-27,SZ300123,亚光科技,5.1,16505852,1000373818,1021834123,521135.40273
2024-05-27,SZ002483,润邦股份,5.11,15575900,885250799,886468413,452985.359043
2024-05-27,SZ002484,江海股份,14.68,6098400,789398689,846090241,1242060.473788
2024-05-27,SZ002482,广田集团,1.96,27376335,3742982302,3750962363,735188.623148
2024-05-27,SH601177,杭齿前进,7.95,2393800,400060000,400060000,318047.7
2024-05-27,SZ300125,*ST聆达,2.66,11844331,262899158,267599995,71181.59867
2024-05-27,SZ300128,锦富技术,3.43,30130622,1299115412,1299115412,445596.586316
2024-05-27,SZ300127,银河磁体,15.93,3952900,230816140,323146360,514772.15148
2024-05-27,SZ300126,锐奇股份,5.16,2469700,210433479,303957600,156842.1216
2024-05-27,SH601377,兴业证券,5.42,37860012,8635987294,8635987294,4680705.113348
2024-05-27,SZ002487,大金重工,23.98,12322504,630580347,637749349,1529322.938902
2024-05-27,SZ002485,ST雪发,2.46,2189930,544000000,544000000,133824
2024-05-27,SZ002486,嘉麟杰,1.99,11489300,832000000,832000000,165568
2024-05-27,SZ300131,英唐智控,4.77,25028800,1028519941,1137597085,542633.809545
2024-05-27,SZ300130,新国都,19.58,10032120,424245933,557022123,1090649.316834
2024-05-27,SZ300129,泰胜风能,7.53,6832815,648768177,934899232,703979.121696
2024-05-27,SZ002489,浙江永强,2.78,16616911,1874737936,2169016313,602986.535014
2024-05-27,SZ002488,金固股份,4.96,11989692,916953754,995439065,493737.77624
2024-05-27,SZ002491,通鼎互联,3.92,8960250,1176446934,1229994500,482157.844
2024-05-27,SZ002490,山东墨龙,2.37,8506500,541582500,797848400,189090.0708
2024-05-27,SZ300133,华策影视,7.45,167194768,1628270501,1901073701,1416299.907245
2024-05-27,SZ300132,青松股份,4.28,7723200,507256781,516580886,221096.619208
2024-05-27,SZ300135,宝利国际,3.31,54192900,921600000,921600000,305049.6
2024-05-27,SZ300134,大富科技,7.17,14367334,712418006,767498006,550296.070302
2024-05-27,SH601098,中南传媒,13.12,10740402,1796000000,1796000000,2356352
2024-05-27,SZ002495,佳隆股份,1.86,10865813,713934903,935625600,174026.3616
2024-05-27,SZ002492,恒基达鑫,4.86,3591490,398137500,405000000,196830
2024-05-27,SZ002493,荣盛石化,10.5,19128376,9498281250,10125525000,10631801.25
2024-05-27,SH600998,九州通,7.77,25476212,3908891654,3908891654,3037208.815158
2024-05-27,SZ002494,华斯股份,3.76,5794239,286770438,377310718,141868.829968
2024-05-27,SZ300137,先河环保,5.35,5865863,522378779,536582210,287071.48235
2024-05-27,SZ300138,晨光生物,9.37,4342771,446460190,532773991,499209.229567
2024-05-27,SZ300136,信维通信,18.11,15988140,824567926,967568638,1752266.803418
2024-05-27,SZ002496,*ST辉丰,2.77,16152540,1173183040,1507589677,417602.340529
2024-05-27,SZ002497,雅化集团,10.58,8481050,1058729989,1152562520,1219411.14616
2024-05-27,SZ002498,汉缆股份,3.86,21477949,3326796000,3326796000,1284143.256
2024-05-27,SZ300142,沃森生物,13.56,16492724,1566303264,1605348484,2176852.544304
2024-05-27,SZ300141,和顺电气,8.22,15245767,252295192,253884600,208693.1412
2024-05-27,SZ300140,节能环境,6.89,2967900,423395434,3114672586,2146009.411754
2024-05-27,SZ300139,晓程科技,14.24,70327742,233651725,274000000,390176
2024-05-27,SZ002500,山西证券,5.14,13538560,3589771547,3589771547,1845142.575158
2024-05-27,SZ002501,利源股份,1.16,82941500,3541119006,3550000000,411800
2024-05-27,SZ002502,ST鼎龙,1.29,19562323,833090014,919994639,118679.308431
2024-05-27,SZ002505,鹏都农牧,0.97,376395313,6374261088,6374261088,618303.325536
2024-05-27,SZ002507,涪陵榨菜,14.21,6787162,1138320418,1153919028,1639718.938788
2024-05-27,SZ002508,老板电器,25.58,9788800,936762203,949024050,2427603.5199
2024-05-27,SH601777,千里科技,3.14,14785900,4521100071,4563944301,1433078.510514
2024-05-27,SZ002511,中顺洁柔,7.97,10608130,1295655844,1336050300,1064832.0891
2024-05-27,SZ002510,天汽模,3.87,11170100,931761181,942056943,364576.036941
2024-05-27,SZ002513,蓝丰生化,4.15,3849580,263908145,373936278,155183.55537
2024-05-27,SZ002512,达华智能,3.95,15067800,1048454658,1147094532,453102.34014
2024-05-27,SZ002514,宝馨科技,5.08,22968240,554034264,720034264,365777.406112
2024-05-27,SZ002515,金字火腿,4.17,7765860,1128586294,1210614164,504826.106388
2024-05-27,SH601880,辽港股份,1.42,35074150,18828349817,23987065816,3406163.345872
2024-05-27,SZ002517,恺英网络,11.08,19047850,1907215312,2152517634,2384989.538472
2024-05-27,SZ002516,旷达科技,3.93,10368124,1467343682,1470838682,578039.602026
2024-05-27,SZ002518,科士达,20.52,5786975,565197914,586876094,1204269.744888
2024-05-27,SZ002519,银河电子,5.32,20957000,1116299876,1126430898,599261.237736
2024-05-27,SZ300143,盈康生命,7.9,3907300,642154916,642167010,507311.9379
2024-05-27,SZ300144,宋城演艺,10.11,11663921,2271880899,2620094040,2648915.07444
2024-05-27,SZ300145,南方泵业,2.9,24020033,1893597187,1922100236,557409.06844
2024-05-27,SZ002523,天桥起重,2.76,9807424,1411543883,1416640800,390992.8608
2024-05-27,SZ002522,浙江众成,3.9,5653000,868838178,905779387,353253.96093
2024-05-27,SZ002520,日发精机,4.36,9070000,644940171,800245171,348906.894556
2024-05-27,SZ002521,齐峰新材,13.27,12516057,402829782,494685819,656448.081813
2024-05-27,SZ300147,ST香雪,3.68,14614336,657388542,661279045,243350.68856
2024-05-27,SZ300146,汤臣倍健,15.39,7602972,1129986534,1700845431,2617601.118309
2024-05-27,SZ300148,天舟文化,2.76,13024500,790486735,835339343,230553.658668
2024-05-27,SH601933,永辉超市,2.35,61601805,9075036993,9075036993,2132633.693355
2024-05-27,SZ002524,光正眼科,4.04,4968702,508060799,517967074,209258.697896
2024-05-27,SZ002526,山东矿机,3.12,75223588,1760906886,1782793836,556231.676832
2024-05-27,SZ300150,世纪瑞尔,3.06,6751200,514733937,585106053,179042.452218
2024-05-27,SZ300151,昌红科技,16.48,10540679,369074918,532508631,877574.223888
2024-05-27,SZ300149,睿智医药,4.87,4461970,498909292,499776892,243391.346404
2024-05-27,SZ002528,ST英飞拓,3.15,33577370,1046439251,1198675082,377582.65083
2024-05-27,SZ002529,*ST海源,6.47,4906891,260000000,260000000,168220
2024-05-27,SZ002527,新时达,6.78,8093590,527422470,661281291,448348.715298
2024-05-27,SH601890,亚星锚链,7.78,15441009,959400000,959400000,746413.2
2024-05-27,SZ300153,科泰电源,6.42,5498900,318030118,320000000,205440
2024-05-27,SZ300154,瑞凌股份,6.06,2566900,315534451,450521201,273015.847806
2024-05-27,SZ300152,ST新动力,2.18,13425334,712461075,712800000,155390.4
2024-05-27,SZ002532,天山铝业,8.26,76314520,4130005452,4651885415,3842457.35279
2024-05-27,SZ002531,天顺风能,10.56,11972180,1786866124,1796878658,1897503.862848
2024-05-27,SZ002530,金财互联,7.26,7122800,680394459,779198175,565697.87505
2024-05-27,SZ002533,金杯电工,9.84,20804756,627499808,733941062,722198.005008
2024-05-27,SH601126,四方股份,17.77,42388066,813172000,832226000,1478865.602
2024-05-27,SZ300157,新锦动力,2.31,5281875,697396082,725588257,167610.887367
2024-05-27,SZ300158,振东制药,4.53,11835300,1024133250,1027494660,465455.08098
2024-05-27,SZ300159,*ST新研,2.7,159048354,1471965923,1498965923,404720.79921
2024-05-27,SH601118,海南橡胶,4.77,26544104,4279427797,4279427797,2041287.059169
2024-05-27,SZ300155,安居宝,5.52,64361796,330399704,561227744,309797.714688
2024-05-27,SZ002534,西子洁能,11.39,6392242,730817152,739205207,841954.730773
2024-05-27,SZ002537,海联金汇,5.18,11114200,1174016745,1174016745,608140.67391
2024-05-27,SZ002536,飞龙股份,10.77,10443256,536530989,574785888,619044.401376
2024-05-27,SZ002535,林州重机,3.3,15462130,734299176,801683074,264555.41442
2024-05-27,SZ300162,雷曼光电,8.69,63890862,272161780,419510030,364554.21607
2024-05-27,SZ300163,先锋新材,1.4,16154000,416787665,474000000,66360
2024-05-27,SZ300161,华中数控,25.55,3098000,194994903,198696906,507670.59483
2024-05-27,SZ300160,秀强股份,5.48,15229200,723586889,772946292,423574.568016
2024-05-27,SZ300164,通源石油,4.24,29536400,539724376,590908629,250545.258696
2024-05-27,SZ002541,鸿路钢构,20.02,3298773,496172199,690011220,1381402.46244
2024-05-27,SZ002540,亚太科技,6.2,9583300,863004861,1250185911,775115.26482
2024-05-27,SZ002539,云图控股,8.61,10884789,882940061,1207723762,1039850.159082
2024-05-27,SZ002538,司尔特,5.13,8581400,853555763,853555763,437874.106419
2024-05-27,SH601700,风范股份,5,15235810,1142246700,1142246700,571123.35
2024-05-27,SZ300166,东方国信,6.71,13150951,919276748,1152381437,773247.944227
2024-05-27,SZ300165,ST天瑞,2.98,21429920,400210333,495511725,147662.49405
2024-05-27,SZ300168,万达信息,5.59,8596900,1361205666,1443191991,806744.322969
2024-05-27,SZ300169,天晟新材,5.09,13492563,301735782,325984340,165926.02906
2024-05-27,SZ300167,ST迪威迅,1.63,10668500,343262500,360550000,58769.65
2024-05-27,SH601137,博威合金,18.16,39300107,779465870,781865870,1419868.41992
2024-05-27,SZ002542,中化岩土,2.06,12909936,1601624649,1806116738,372060.048028
2024-05-27,SZ002544,普天科技,20.77,13320351,679121496,682615642,1417792.688434
2024-05-27,SH601519,大智慧,6.2,10935244,2003865600,2019422800,1252042.136
2024-05-27,SZ002543,万和电气,11.74,5890144,661608637,743600000,872986.4
2024-05-27,SZ300171,东富龙,14.3,6115500,562591355,765762040,1095039.7172
2024-05-27,SZ300170,汉得信息,6.42,16310939,943995869,984845711,632270.946462
2024-05-27,SH601799,星宇股份,126.16,2487100,285679419,285679419,3604131.550104
2024-05-27,SZ300172,中电环保,5.02,16044449,523512387,676710000,339708.42
2024-05-27,SH601616,广电电气,3.19,14234800,853675319,853675319,272322.426761
2024-05-27,SZ300173,ST福能,4.14,13628800,734393801,734725698,304176.438972
2024-05-27,SZ300174,元力股份,15.31,2766899,364533462,365852860,560120.72866
2024-05-27,SZ002546,新联电子,3.83,23102360,801232096,834049096,319440.803768
2024-05-27,SZ002545,东方铁塔,7.73,7028300,1130163708,1244062083,961659.990159
2024-05-27,SZ300179,四方达,7.64,3747700,376016518,485908830,371234.34612
2024-05-27,SZ300176,鸿特科技,4.92,5363800,387280800,387280800,190542.1536
2024-05-27,SZ300175,ST朗源,11.1,83210106,470800000,470800000,522588
2024-05-27,SZ300177,中海达,6.21,40677549,606267406,744169066,462128.989986
2024-05-27,SZ002549,凯美特气,6.47,10460977,692359526,695347901,449890.091947
2024-05-27,SZ002547,春兴精工,3.11,41458354,1104008416,1128057168,350825.779248
2024-05-27,SZ002550,千红制药,5.81,11657000,922181654,1279800000,743563.8
2024-05-27,SZ002548,金新农,4.76,24334812,804471492,805093658,383224.581208
2024-05-27,SZ300184,力源信息,4.77,31473960,1048391179,1154011922,550463.686794
2024-05-27,SZ300180,华峰超纤,3.98,63446637,1474686192,1761060155,700901.94169
2024-05-27,SZ300183,东软载波,11.75,3779501,370904012,462609137,543565.735975
2024-05-27,SH601216,君正集团,4.34,31324298,8438017390,8438017390,3662099.54726
2024-05-27,SZ300182,捷成股份,4.6,51947823,2239391552,2663825632,1225359.79072
2024-05-27,SZ300181,佐力药业,15.6,17575104,601194961,701387335,1094164.2426
2024-05-27,SZ002553,南方精工,10.22,5766600,237750000,348000000,355656
2024-05-27,SZ002552,宝鼎科技,13.74,3392000,315602482,427960242,588017.372508
2024-05-27,SZ002551,尚荣医疗,2.94,6299900,610383095,844818160,248376.53904
2024-05-27,SZ002554,惠博普,2.61,11298517,1346608600,1346857772,351529.878492
2024-05-27,SH601992,金隅集团,1.8,35583600,8334158264,10677771134,1921998.80412
2024-05-27,SH601116,三江购物,8.95,2987145,547678400,547678400,490172.168
2024-05-27,SZ002557,洽洽食品,33.06,7328568,506998597,507002347,1676149.759182
2024-05-27,SZ002556,辉隆股份,5.24,5801087,931852421,946518080,495975.47392
2024-05-27,SZ002555,三七互娱,14.9,48951661,1607348471,2217864281,3304617.77869
2024-05-27,SZ002558,巨人网络,10.37,36128340,1973542406,1973542406,2046563.475022
2024-05-27,SZ002560,通达股份,6.21,12995600,452929252,526729670,327099.12507
2024-05-27,SZ002561,徐家汇,8.12,7432500,414439567,415763000,337599.556
2024-05-27,SZ002559,亚威股份,8.25,47220353,500511346,549765024,453556.1448
2024-05-27,SZ300185,通裕重工,2.11,24446689,3707233091,3896931013,822252.443743
2024-05-27,SZ300187,永清环保,5.75,2833700,644529867,645622165,371232.744875
2024-05-27,SH601011,宝泰隆,2.23,22920114,1915664539,1915664539,427193.192197
2024-05-27,SZ002564,天沃科技,3.98,13346142,858447447,858904477,341843.981846
2024-05-27,SZ002562,兄弟科技,3.53,17827136,700820783,1063700541,375486.290973
2024-05-27,SZ002563,森马服饰,6.49,10253424,2208442340,2694090160,1748464.51384
2024-05-27,SZ300188,国投智能,12.35,10911177,724263043,859477310,1061454.47785
2024-05-27,SZ300190,维尔利,3.32,5592550,776164680,781588783,259487.475956
2024-05-27,SZ300189,神农种业,2.25,29570300,886247574,1024000000,230400
2024-05-27,SZ300191,潜能恒信,14.08,3036500,220070000,320000000,450560
2024-05-27,SH601199,江南水务,5.69,14344874,935210292,935210292,532134.656148
2024-05-27,SZ002566,益盛药业,7,3648300,231790468,330951600,231666.12
2024-05-27,SZ002565,顺灏股份,2.88,9295762,1055631178,1059988922,305276.809536
2024-05-27,SZ300193,佳士科技,8.4,4156600,436660947,493198667,414286.88028
2024-05-27,SZ300194,福安药业,4.18,17862725,967876874,1189712382,497299.775676
2024-05-27,SZ300192,科德教育,10.95,11639700,229547320,329143329,360411.945255
2024-05-27,SZ002567,唐人神,7.24,57025113,1411139782,1433051393,1037529.208532
2024-05-27,SZ002568,百润股份,22.58,12655594,717279565,1049690955,2370202.17639
2024-05-27,SZ300196,长海股份,11.8,2003500,246362184,408716549,482285.52782
2024-05-27,SZ300195,长荣股份,4.69,5177500,313605581,423387356,198568.669964
2024-05-27,SZ300197,节能铁汉,1.66,18171152,2700332034,2965298080,492239.48128
2024-05-27,SZ300198,ST纳川,1.48,22178980,908170477,1031548540,152669.18392
2024-05-27,SZ300199,翰宇药业,12.6,44590988,666033813,883241336,1112884.08336
2024-05-27,SZ300201,海伦哲,3.98,24288336,1036805933,1040921518,414286.764164
2024-05-27,SZ300200,高盟新材,7.93,24141842,421759362,430973206,341761.752358
2024-05-27,SZ002075,沙钢股份,4.43,21991257,2193821920,2193825445,971864.672135
2024-05-27,SZ002572,索菲亚,18.18,17468507,638794338,963047164,1750819.744152
2024-05-27,SZ002569,*ST步森,5.99,3142000,139879925,144010000,86261.99
2024-05-27,SZ002571,德力股份,4.55,4182100,298306188,391950700,178337.5685
2024-05-27,SZ002570,贝因美,2.99,12331565,1079995333,1080043333,322932.956567
2024-05-27,SZ300204,舒泰神,6.62,8431400,471639184,477772555,316285.43141
2024-05-27,SZ300203,聚光科技,11.38,7859424,448475100,448737600,510663.3888
2024-05-27,SZ300206,理邦仪器,9.31,4631600,340438065,581721846,541583.038626
2024-05-27,SZ300205,*ST天喻,6.82,6260612,425991218,430056000,293298.192
2024-05-27,SZ300207,欣旺达,14.74,15956876,1728096781,1862217256,2744908.235344
2024-05-27,SZ002573,清新环境,4.66,5295400,1402348179,1433976079,668232.852814
2024-05-27,SZ002574,明牌珠宝,5.16,6772600,528000000,528000000,272448
2024-05-27,SZ002575,群兴玩具,5.46,5522567,588720000,642720000,350925.12
2024-05-27,SZ300208,中程退,2.13,11459395,687391126,749475000,159638.175
2024-05-27,SZ300210,森远股份,10.55,18468481,483668259,484219953,510852.050415
2024-05-27,SZ300209,行云科技,2.75,11331176,394874087,422107330,116079.51575
2024-05-27,SZ002578,闽发铝业,3.06,21657100,861162561,938630183,287220.835998
2024-05-27,SZ002576,通达动力,12.7,2527700,161902771,165100000,209677
2024-05-27,SZ002577,雷柏科技,13.03,4553010,282865000,282880000,368592.64
2024-05-27,SZ300212,易华录,19.15,9434362,640723091,723273408,1385068.57632
2024-05-27,SZ300213,佳讯飞鸿,6.24,13621800,544823272,593718564,370480.383936
2024-05-27,SZ300211,*ST亿通,6.02,2697200,298481824,303929723,182965.693246
2024-05-27,SZ002580,圣阳股份,7.15,5621821,452179653,453868993,324516.329995
2024-05-27,SH601218,吉鑫科技,3.28,9384600,976003236,977095932,320487.465696
2024-05-27,SZ002579,中京电子,7,10001740,582358144,612618620,428833.034
2024-05-27,SH601113,华鼎股份,3.78,31969400,1104152226,1104152226,417369.541428
2024-05-27,SZ300215,电科院,6.06,100226962,690519187,749094187,453951.077322
2024-05-27,SZ300214,日科化学,6.32,46301035,403563086,466042614,294538.932048
2024-05-27,SZ300219,鸿利智汇,6.42,22773199,706641391,707943506,454499.730852
2024-05-27,SZ300218,安利股份,16.95,4134663,216276394,216987000,367792.965
2024-05-27,SZ300217,东方电热,4.37,10271940,1226951512,1477976940,645875.92278
2024-05-27,SH601233,桐昆股份,15.51,31350650,2272309637,2411119493,3739646.333643
2024-05-27,SH601208,东材科技,8.06,19744500,896782821,917716321,739679.354726
2024-05-27,SZ002582,好想你,6.1,14618000,339841395,453243369,276478.45509
2024-05-27,SZ002581,ST未名,11.25,5437320,400791161,659735586,742202.53425
2024-05-27,SZ300222,科大智能,6.01,23171780,635764509,780242234,468925.582634
2024-05-27,SZ300220,金运激光,8.93,3377203,151019348,151200000,135021.6
2024-05-27,SZ300221,银禧科技,5.55,20694300,452472162,474557935,263379.653925
2024-05-27,SH601599,浙文影业,3.26,8708516,892724964,1160542453,378336.839678
2024-05-27,SZ002583,海能达,4.13,36407316,1281960042,1818214381,750922.539353
2024-05-27,SH601566,九牧王,10.37,1489000,574637150,574637150,595898.72455
2024-05-27,SZ300225,*ST金泰,5.44,6903000,475057090,475429590,258633.69696
2024-05-27,SZ300223,北京君正,57.28,5888814,415768389,481569911,2758432.450208
2024-05-27,SZ300224,正海磁材,10.21,4158300,814958868,820245567,837470.723907
2024-05-27,SZ002585,双星新材,6.06,12758089,892933457,1152485496,698406.210576
2024-05-27,SZ002584,西陇科学,6.56,33113850,432491796,585216422,383901.972832
2024-05-27,SZ002586,ST围海,1.62,10496516,896958199,1144223714,185364.241668
2024-05-27,SH601311,骆驼股份,8.7,16923037,1173146118,1173146118,1020637.12266
2024-05-27,SH601010,文峰股份,2.06,6583600,1823357065,1848000000,380688
2024-05-27,SZ300226,上海钢联,19.45,6000870,309533301,321821516,625942.84862
2024-05-27,SZ300227,光韵达,5.63,23404904,417763836,499780023,281376.152949
2024-05-27,SZ300228,富瑞特装,6.21,15107800,542891449,575406349,357327.342729
2024-05-27,SZ002590,万安科技,14.68,21975500,455553639,479646926,704121.687368
2024-05-27,SZ002587,奥拓电子,5.81,25296215,514472984,651544156,378547.154636
2024-05-27,SZ002589,瑞康医药,2.61,20634330,1364091548,1504710471,392729.432931
2024-05-27,SZ002588,史丹利,7.06,17341100,1024589870,1156884000,816760.104
2024-05-27,SZ300231,银信科技,8.15,5471360,349921500,419015055,341497.269825
2024-05-27,SZ300230,永利股份,4,5797900,632815099,816206041,326482.4164
2024-05-27,SH601567,三星医疗,34.65,14906850,1403005862,1411197171,4889798.197515
2024-05-27,SZ300229,拓尔思,14.73,17302541,794680252,795291951,1171465.043823
2024-05-27,SZ002591,恒大高新,4.39,9283300,223399462,300199484,131787.573476
2024-05-27,SZ300233,金城医药,16.91,5936100,371897088,383874587,649131.926617
2024-05-27,SZ300232,洲明科技,5.42,19042382,888314481,1094089477,592996.496534
2024-05-27,SH601798,蓝科高新,5.75,4515832,354528198,354528198,203853.71385
2024-05-27,SZ300234,开尔新材,4.5,4971073,343987044,503171090,226426.9905
2024-05-27,SZ002593,日上集团,3.24,7104200,570468784,803858029,260450.001396
2024-05-27,SZ002595,豪迈科技,39.15,2556765,445207101,800000000,3132000
2024-05-27,SZ300235,方直科技,8.51,4435452,203131255,251746635,214236.386385
2024-05-27,SZ300237,ST美晨,1.25,20033900,1438454805,1441914930,180239.36625
2024-05-27,SZ300236,上海新阳,31.7,7890375,278418717,313381402,993419.04434
2024-05-27,SZ002594,比亚迪,208.35,7604551,1162470566,2909265855,60614554.088925
2024-05-27,SH601058,赛轮轮胎,15.37,64562521,3288100259,3288100259,5053810.098083
2024-05-27,SZ300239,东宝生物,5.13,9521500,523930627,593604086,304518.896118
2024-05-27,SZ300240,飞力达,5.74,18381804,362983629,370770200,212822.0948
2024-05-27,SZ300238,冠昊生物,10.22,9323294,265134082,265155701,270989.126422
2024-05-27,SZ002596,海南瑞泽,1.79,17190600,1053591268,1147580518,205416.912722
2024-05-27,SZ002598,山东章鼓,8.08,3540100,280398826,312000000,252096
2024-05-27,SZ002597,金禾实业,22.94,3792600,566678766,569975078,1307522.828932
2024-05-27,SZ000620,盈新发展,2.41,117937262,4145048815,5871815040,1415107.42464
2024-05-27,SZ300241,瑞丰光电,4.1,26399039,571887123,686541103,281481.85223
2024-05-27,SZ300242,佳云科技,2.15,20285100,629576622,634555224,136429.37316
2024-05-27,SZ300243,瑞丰高材,12.1,21273674,190689345,250420628,303008.95988
2024-05-27,SZ002601,龙佰集团,21.79,18735065,2322508511,2386293256,5199733.004824
2024-05-27,SZ002600,领益智造,4.75,44645296,6891503604,7008177819,3328884.464025
2024-05-27,SZ002599,盛通股份,5.6,11309250,402001191,537586717,301048.56152
2024-05-27,SZ300246,宝莱特,6.91,3819300,211295867,264575072,182821.374752
2024-05-27,SZ300245,天玑科技,5.6,5811617,310863353,313457493,175536.19608
2024-05-27,SZ300244,迪安诊断,13.64,13881500,502897766,626898036,855088.921104
2024-05-27,SH600898,*ST美讯,1.19,5765434,252523820,285380986,33960.337334
2024-05-27,SZ002603,以岭药业,18.42,8808718,1376777553,1670705376,3077439.302592
2024-05-27,SZ002602,世纪华通,4.05,100243013,6881073473,7452556968,3018285.57204
2024-05-27,SZ300247,融捷健康,2.86,15955500,803275313,804040313,229955.529518
2024-05-27,SZ300248,新开普,6.97,3311850,409154359,476348393,332014.829921
2024-05-27,SZ300251,光线传媒,9.13,37255840,2787223354,2933608432,2678384.498416
2024-05-27,SZ300250,初灵信息,12.1,3897300,163538945,219989902,266187.78142
2024-05-27,SZ300249,依米康,6.91,10957300,368421925,440487994,304377.203854
2024-05-27,SZ002606,大连电瓷,7.57,18564187,421142055,439343220,332582.81754
2024-05-27,SZ002605,姚记科技,22.51,7798900,330628212,412100790,927638.87829
2024-05-27,SH601222,林洋能源,6.89,20228097,2060169156,2060169156,1419456.548484
2024-05-27,SZ002608,江苏国信,8.36,18649150,3778079704,3778079704,3158474.632544
2024-05-27,SH601901,方正证券,8.39,66121651,8232101395,8232101395,6906733.070405
2024-05-27,SZ002607,中公教育,2.5,149041768,4867359324,6167399389,1541849.84725
2024-05-27,SH601636,旗滨集团,7.99,24954615,2683503301,2683503301,2144119.137499
2024-05-27,SZ002610,ST爱康,0.78,5212000,4475534961,4479532523,349403.536794
2024-05-27,SZ002609,捷顺科技,7.97,5419700,459900591,647148281,515777.179957
2024-05-27,SH601789,宁波建工,4.08,23842002,1086798590,1086798590,443413.82472
2024-05-27,SZ300253,卫宁健康,6.22,24495638,1860155182,2158923068,1342850.148296
2024-05-27,SH601886,江河集团,6,7359508,1133002060,1133002060,679801.236
2024-05-27,SZ300252,金信诺,7.27,25267153,533246305,662153834,481385.837318
2024-05-27,SH600727,鲁北化工,7.48,26468217,528523135,528583135,395380.18498
2024-05-27,SZ300257,开山股份,11.88,5749915,954378737,993635018,1180438.401384
2024-05-27,SZ300256,星星科技,1.98,21610097,1643393386,2268393386,449141.890428
2024-05-27,SZ300254,仟源医药,11.86,50198282,225021595,241618563,286559.615718
2024-05-27,SZ300255,常山药业,10.6,15516330,915844858,919060878,974204.53068
2024-05-27,SZ300258,精锻科技,9.23,5746400,463705228,481777170,444680.32791
2024-05-27,SZ000981,山子高科,1.5,20185534,6502555687,9997470888,1499620.6332
2024-05-27,SH600057,厦门象屿,7.62,17827772,2165091836,2276213492,1734474.680904
2024-05-27,SZ002612,朗姿股份,17.03,5977922,253539077,442445375,753484.473625
2024-05-27,SZ002613,北玻股份,4.09,10011700,603992102,937170000,383302.53
2024-05-27,SZ002611,东方精工,5.93,36640378,994171807,1219046340,722894.47962
2024-05-27,SZ300259,新天科技,2.92,7619780,1169533231,1169801516,341582.042672
2024-05-27,SZ300261,雅本化学,6.8,55260553,937079377,963309471,655050.44028
2024-05-27,SZ300260,新莱应材,23.5,16195862,278596263,407806752,958345.8672
2024-05-27,SH601908,京运通,3.22,20161204,2414602861,2414602861,777502.121242
2024-05-27,SH600681,百川能源,3.86,5364725,1339808772,1340854810,517569.95666
2024-05-27,SZ002615,哈尔斯,7.33,9710250,303960807,466379732,341856.343556
2024-05-27,SZ002614,奥佳华,6.82,4498100,441012307,623475150,425210.0523
2024-05-27,SZ300265,通光线缆,6.8,13829385,457952268,458286205,311634.6194
2024-05-27,SZ300262,*ST巴安,0.94,68288557,667801159,669766999,62958.097906
2024-05-27,SZ300263,隆华科技,6.37,25315300,772386842,904333567,576060.482179
2024-05-27,SZ300264,佳创视讯,4.43,9189500,368959114,430857518,190869.880474
2024-05-27,SH601677,明泰铝业,12.98,20848277,1192492027,1243704027,1614327.827046
2024-05-27,SZ002616,长青集团,4.9,13663000,470222358,741958458,363559.64442
2024-05-27,SZ002617,露笑科技,5.5,15498730,1891453762,1923005903,1057653.24665
2024-05-27,SZ300267,尔康制药,2.51,28912300,1422396841,2062604870,517713.82237
2024-05-27,SZ300266,兴源环境,1.73,24934500,1553774914,1553807314,268808.665322
2024-05-27,SZ300268,*ST佳沃,7.47,2193188,133620336,174200000,130127.4
2024-05-27,SH601633,长城汽车,26.44,17001418,6168506451,8541932942,22584870.698648
2024-05-27,SZ002621,*ST美吉,0.67,451100,801490808,822237930,55089.94131
2024-05-27,SH600633,浙数文化,9.79,10376600,1265730523,1265730523,1239150.182017
2024-05-27,SZ002620,ST瑞和,2.95,19877175,315090131,377494000,111360.73
2024-05-27,SH601996,丰林集团,2.21,9361000,1145622800,1145622800,253182.6388
2024-05-27,SH600094,大名城,4.67,37736249,2276604962,2475325057,1155976.801619
2024-05-27,SZ300270,中威电子,5.61,5474400,242594546,302806028,169874.181708
2024-05-27,SZ300269,联建光电,3.6,16635753,525661003,549113825,197680.977
2024-05-27,SZ002623,亚玛顿,19.62,2645550,198636125,199062500,390560.625
2024-05-27,SH601669,中国电建,5.35,127295297,13071525850,17226159334,9215995.24369
2024-05-27,SZ002622,皓宸医疗,1.8,15504900,839974950,840000000,151200
2024-05-27,SH600313,农发种业,6.4,16498293,1082198663,1082198663,692607.14432
2024-05-27,SZ300271,华宇软件,5.45,10920400,801731554,816275473,444870.132785
2024-05-27,SH601100,恒立液压,51.28,12998377,1340820992,1340820992,6875730.046976
2024-05-27,SZ002624,完美世界,9.49,22507713,1827355267,1939968404,1841030.015396
2024-05-27,SZ002626,金达威,15.39,7030400,609844771,609934771,938689.612569
2024-05-27,SZ300275,梅安森,10.66,6626960,249332312,302265848,322215.393968
2024-05-27,SZ300274,阳光电源,101.17,8489568,1139932038,1485150984,15025272.505128
2024-05-27,SZ300272,开能健康,5.88,18872226,431105781,577203238,339395.503944
2024-05-27,SZ002628,成都路桥,2.37,9521300,754954802,757100415,179432.798355
2024-05-27,SZ002627,三峡旅游,4.91,3061980,698903823,738148117,362430.725447
2024-05-27,SZ002629,仁智股份,2.22,6530200,354150433,436648000,96935.856
2024-05-27,SZ002625,光启技术,18.56,28704740,1777221610,2154587862,3998915.071872
2024-05-27,SH601028,玉龙股份,11.41,24467226,783025760,783025760,893432.39216
2024-05-27,SZ002631,德尔未来,4.51,6402100,654944505,658655034,297053.420334
2024-05-27,SZ002630,ST华西,2.62,19931600,1059833505,1180800000,309369.6
2024-05-27,SZ002592,ST八菱,4.71,1791000,262716370,283331157,133448.974947
2024-05-27,SZ300276,三丰智能,3.6,12951496,1005539562,1401042990,504375.4764
2024-05-27,SZ002632,道明光学,8,37389393,580800011,624599090,499679.272
2024-05-27,SZ002633,申科股份,6.91,3696500,149418750,150000000,103650
2024-05-27,SZ300277,海联讯,7.24,16752144,334434800,335000000,242540
2024-05-27,SZ002636,金安国纪,6.85,13171342,723107222,728000000,498680
2024-05-27,SZ002637,赞宇科技,9.65,4883220,442490161,470401000,453936.965
2024-05-27,SZ002638,勤上股份,1.86,18525857,1347995819,1436594349,267206.548914
2024-05-27,SZ002635,安洁科技,14.7,7350653,391535580,659686776,969739.56072
2024-05-27,SH601928,凤凰传媒,11.36,15729026,2544900000,2544900000,2891006.4
2024-05-27,SZ000719,中原传媒,10.6,9325730,667147543,1023203749,1084595.97394
2024-05-27,SZ002639,雪人集团,5.86,7941073,649685406,772602178,452744.876308
2024-05-27,SZ002634,棒杰股份,4.54,2191100,446514538,474072513,215228.920902
2024-05-27,SZ002640,跨境通,2.45,84431600,1423244645,1558041330,381720.12585
2024-05-27,SZ002641,公元股份,4.38,8586534,1134039653,1229093871,538343.115498
2024-05-27,SH601555,东吴证券,6.5,24748812,4968702837,4968702837,3229656.84405
2024-05-27,SZ300278,华昌达,3.25,9873500,1366622402,1421506508,461989.6151
2024-05-27,SH601336,新华保险,34.31,9139998,2085439340,3119546600,10703164.3846
2024-05-27,SZ002642,荣联科技,5.68,9655953,604837025,661580313,375777.617784
2024-05-27,SZ002645,华宏科技,8.83,5177800,509068697,581523092,513484.890236
2024-05-27,SZ002643,万润股份,11.66,9206600,902632060,930106155,1084503.77673
2024-05-27,SZ002644,佛慈制药,7.46,2663600,510657000,510657000,380950.122
2024-05-27,SZ002646,天佑德酒,12.06,3086968,472561624,482002974,581295.586644
2024-05-27,SZ002648,卫星化学,18.59,17558814,3366879811,3368652821,6262325.594239
2024-05-27,SZ002647,*ST仁东,4.07,21947000,559936650,559936650,227894.21655
2024-05-27,SZ300281,金明精机,4.5,3938873,397325912,418923580,188515.611
2024-05-27,SZ300280,紫天退,18.85,12875701,160474169,162065744,305493.92744
2024-05-27,SZ300279,和晶科技,4.65,6263100,458098684,489099490,227431.26285
2024-05-27,SZ300282,三盛退,0.5,0,374306455,374306455,18715.32275
2024-05-27,SZ002650,ST加加,2.03,8731300,1151962700,1152000200,233856.0406
2024-05-27,SZ002649,博彦科技,8.67,7795600,552815376,591513588,512842.280796
2024-05-27,SZ002651,利君股份,5.83,6788800,565463641,1033460000,602507.18
2024-05-27,SZ300283,温州宏丰,4.73,5927800,308036726,437135321,206765.006833
2024-05-27,SZ300284,苏交科,7.87,57449400,888858390,1262827774,993845.458138
2024-05-27,SZ300286,安科瑞,26.2,12951602,174623124,214716125,562556.2475
2024-05-27,SZ300285,国瓷材料,19.54,7079079,803949847,997048299,1948232.376246
2024-05-27,SZ002653,海思科,30.31,2343261,517073208,1114117970,3376891.56707
2024-05-27,SZ002652,扬子新材,2.26,9103080,511653543,512064000,115726.464
2024-05-27,SZ300287,飞利信,2.45,14866196,1292194860,1435273808,351642.08296
2024-05-27,SZ300291,百纳千成,4.64,14814254,928753219,941889651,437036.798064
2024-05-27,SH601515,衢州东峰,3.83,24024212,1842963680,1842963680,705855.08944
2024-05-27,SZ300288,朗玛信息,11.84,4557900,256048966,337941402,400122.619968
2024-05-27,SZ300289,利德曼,4.62,4528406,416943335,544011487,251333.306994
2024-05-27,SZ300290,荣科科技,9.56,101282297,639226319,639732569,611584.335964
2024-05-27,SZ002655,共达电声,9.93,3937500,359892075,365704000,363144.072
2024-05-27,SZ002654,万润科技,9.23,24629088,795090356,845302544,780214.248112
2024-05-27,SH601231,环旭电子,15.05,8578900,2210315689,2210315689,3326525.111945
2024-05-27,SH601929,吉视传媒,1.29,36014295,3489788168,3489788168,450182.673672
2024-05-27,SZ002656,*ST摩登,1.11,3103706,609457555,712519844,79089.702684
2024-05-27,SZ002657,中科金财,12.59,4699065,335118611,340089032,428172.091288
2024-05-27,SZ300292,吴通控股,3.81,116780223,1115944813,1341764974,511212.455094
2024-05-27,SZ300293,蓝英装备,14.38,41604556,280335917,338438106,486673.996428
2024-05-27,SZ300294,博雅生物,33.31,3165800,425940163,504248738,1679652.546278
2024-05-27,SZ002662,峰璟股份,3.2,14056700,1499981100,1500000000,480000
2024-05-27,SH601800,中国交建,9.02,37591474,11747235425,16278611425,14683307.50535
2024-05-27,SZ002658,雪迪龙,5.85,1937254,358316499,635760924,371920.14054
2024-05-27,SZ002659,凯文教育,3.8,8443600,598256884,598280384,227346.54592
2024-05-27,SZ300296,利亚德,4.79,25796650,2092114483,2529396015,1211580.691185
2024-05-27,SZ300295,三六五网,13.12,52329701,167548624,190824714,250362.024768
2024-05-27,SZ002660,茂硕电源,8.05,5619700,257084939,356626019,287083.945295
2024-05-27,SZ002664,信质集团,13.08,5308064,401227488,406986400,532338.2112
2024-05-27,SZ002663,普邦股份,1.47,8623300,1468989685,1795890452,263995.896444
2024-05-27,SZ002661,克明食品,8.7,3416520,322814802,343834842,299136.31254
2024-05-27,SZ300299,富春股份,4.01,10872695,633535914,691229485,277183.023485
2024-05-27,SZ300298,三诺生物,26.97,5303268,455162173,564265373,1521823.710981
2024-05-27,SZ300303,聚飞光电,4.95,23127929,1254154961,1342294177,664435.617615
2024-05-27,SZ300300,海峡创新,1.73,18217691,666748362,666847062,115364.541726
2024-05-27,SZ300304,云意电气,6.84,16460200,852237034,874640918,598254.387912
2024-05-27,SZ300302,同有科技,9.9,11264438,368211186,481702798,476885.77002
2024-05-27,SZ300301,ST长方,1.39,7163300,790108769,790108769,109825.118891
2024-05-27,SZ002665,ST航高,1.12,73197793,2464328827,2503942925,280441.6076
2024-05-27,SZ002666,德联集团,4.39,5683200,445635770,754329268,331150.548652
2024-05-27,SH601238,广汽集团,8.52,13735758,7362242383,10486911038,8934848.204376
2024-05-27,SZ300307,慈星股份,6.32,23083100,777376734,787801776,497890.722432
2024-05-27,SZ300305,裕兴股份,6.55,3512567,232603551,375387972,245879.12166
2024-05-27,SZ300306,远方信息,9.38,6043600,157560431,268958778,252283.333764
2024-05-27,SZ002667,威领股份,6.61,2868100,235945600,242371000,160207.231
2024-05-27,SZ300308,中际旭创,168.39,16695123,801643537,805537788,13564450.812132
2024-05-27,SH601012,隆基绿能,18.53,97675581,7578037052,7578044598,14042116.640094
2024-05-27,SZ002669,康达新材,9.95,35124990,303901323,305402973,303875.958135
2024-05-27,SZ002668,TCL智家,10.85,66636596,1084111428,1084111428,1176260.89938
2024-05-27,SZ002670,国盛证券,9.78,33881249,1623350634,1935084653,1892512.790634
2024-05-27,SH601388,怡球资源,2.67,19080700,2201222616,2201222616,587726.438472
2024-05-27,SZ300311,ST任子行,3.96,5748837,537409093,673630150,266757.5394
2024-05-27,SZ300310,宜通世纪,4.39,32932020,691740446,881658531,387048.095109
2024-05-27,SZ300313,*ST天山,7.06,0,184221477,312977396,220962.041576
2024-05-27,SH603001,奥康国际,5.23,2040400,400980000,400980000,209712.54
2024-05-27,SZ002671,龙泉股份,4.01,7867370,552203274,564566759,226391.270359
2024-05-27,SZ002672,东江环保,4.41,2778800,839696343,1105255802,487417.808682
2024-05-27,SH603000,人民网,22.4,15273293,1105691056,1105691056,2476747.96544
2024-05-27,SH603123,翠微股份,6.77,6539600,652275949,798736665,540744.722205
2024-05-27,SZ002673,西部证券,6.81,36001734,4109194608,4469581705,3043785.141105
2024-05-27,SH603333,尚纬股份,3.69,9191100,621527586,621527586,229343.679234
2024-05-27,SZ002674,兴业科技,11.84,1373900,288866652,291862944,345565.725696
2024-05-27,SZ300314,戴维医疗,12.25,4702500,189356448,288000000,352800
2024-05-27,SZ300316,晶盛机电,32.4,26855823,1231555433,1309533797,4242889.50228
2024-05-27,SZ300317,珈伟新能,4.59,72314686,827089030,827239030,379702.71477
2024-05-27,SZ300315,掌趣科技,4.72,58690858,2594236957,2743909792,1295125.421824
2024-05-27,SH603002,宏昌电子,4.89,39607306,1102163616,1134078509,554564.390901
2024-05-27,SH603366,日出东方,4.33,4944855,806139761,813974001,352450.742433
2024-05-27,SZ300321,同大股份,21.95,1838194,88800000,88800000,194916
2024-05-27,SZ300319,麦捷科技,7.73,13286376,829707408,869130872,671838.164056
2024-05-27,SZ300318,博晖创新,5.44,5879784,798539484,816900495,444393.86928
2024-05-27,SZ002677,浙江美大,9.17,5241200,582720719,646051647,592429.360299
2024-05-27,SZ002676,顺威股份,5.02,45450190,719976459,720000000,361440
2024-05-27,SZ002675,东诚药业,13.57,17522721,765744054,824595705,1118976.371685
2024-05-27,SH603128,华贸物流,6.94,18029846,1309046494,1309046494,908478.266836
2024-05-27,SZ002678,珠江钢琴,4.36,2634620,1357574448,1361374323,593559.204828
2024-05-27,SZ300323,华灿光电,4.77,19451933,751611222,1616698797,771165.326169
2024-05-27,SZ300320,海达股份,8.83,13060468,490090775,601234191,530889.790653
2024-05-27,SZ002681,奋达科技,4.13,15624713,1388739933,1805405876,745632.626788
2024-05-27,SZ002679,福建金森,8.43,2196150,235756000,235756000,198742.308
2024-05-27,SZ300322,硕贝德,8.64,17827223,443544112,465746427,402404.912928
2024-05-27,SZ300324,旋极信息,2.39,30076052,1708553267,1727590595,412894.152205
2024-05-27,SH601965,中国汽研,18.9,6024043,982771547,1004180587,1897901.30943
2024-05-27,SZ002683,广东宏大,21.7,6283043,660323965,759652710,1648446.3807
2024-05-27,SZ002682,龙洲股份,4.17,14616300,562360194,562368594,234507.703698
2024-05-27,SH601339,百隆东方,5.54,2717200,1500000000,1500000000,831000
2024-05-27,SZ002685,华东重机,2.74,8783000,1007688391,1007690641,276107.235634
2024-05-27,SZ300326,ST凯利,4.66,6149159,716588713,717026333,334134.271178
2024-05-27,SZ300327,中颖电子,23.39,22478583,339256051,342028361,800004.336379
2024-05-27,SZ000722,湖南发展,11.6,69977546,464158282,464158282,538423.60712
2024-05-27,SZ300328,宜安科技,4.87,10248336,685017975,690423600,336236.2932
2024-05-27,SZ300329,海伦钢琴,4.38,4099903,252140431,252888780,110765.28564
2024-05-27,SZ300332,天壕能源,5.9,5947008,833058024,868964374,512688.98066
2024-05-27,SZ300331,苏大维格,17.04,8181362,206176815,259662286,442464.535344
2024-05-27,SZ300333,兆日科技,4.42,8150829,334375067,336000000,148512
2024-05-27,SH600455,博通股份,17.26,1599500,62458000,62458000,107802.508
2024-05-27,SZ002686,亿利达,4.82,3856300,522397808,566239133,272927.262106
2024-05-27,SZ300334,津膜科技,5.41,4987790,302029761,302065356,163417.357596
2024-05-27,SH601608,中信重工,4.15,24832582,4339419293,4339419293,1800859.006595
2024-05-27,SZ300335,迪森股份,4.55,27801791,386474034,477012388,217040.63654
2024-05-27,SZ002687,乔治白,4.6,6664657,406074180,504825255,232219.6173
2024-05-27,SZ002688,金河生物,4.91,18674200,745063867,780422398,383187.397418
2024-05-27,SZ002689,ST远智,2.66,14229880,1041324209,1043310725,277520.65285
2024-05-27,SH603008,喜临门,20.62,3263100,378991880,378991880,781481.25656
2024-05-27,SZ300337,银邦股份,6.99,20407164,711383934,821920000,574522.08
2024-05-27,SZ300339,润和软件,21.88,19021254,773506917,796410841,1742546.920108
2024-05-27,SZ300340,科恒股份,7.91,3337636,187306721,276630020,218814.34582
2024-05-27,SZ300342,天银机电,12.95,17816859,416248485,425035113,550420.471335
2024-05-27,SZ300338,ST开元,1.71,12863800,324218841,402624692,68848.822332
2024-05-27,SZ300341,麦克奥迪,9.93,17157400,515089086,517410336,513788.463648
2024-05-27,SZ002691,冀凯股份,5.31,2381290,335640259,340000000,180540
2024-05-27,SH603077,和邦生物,2.01,59560836,8831250228,8831250228,1775081.295828
2024-05-27,SZ002690,美亚光电,17.16,3931400,433106592,882330400,1514078.9664
2024-05-27,SZ300343,ST联创,5.46,17807401,1066219389,1095245139,598003.845894
2024-05-27,SZ300345,华民股份,6.92,2102600,442546096,577681096,399755.318432
2024-05-27,SZ300344,*ST立方,3.47,9468240,639211391,641706416,222672.126352
2024-05-27,SZ000863,三湘印象,3.63,66324601,1163615418,1180699560,428593.94028
2024-05-27,SZ300346,南大光电,26.53,41804098,513684150,543424146,1441704.259338
2024-05-27,SH601038,一拖股份,17.8,8572400,731705275,1123645275,2000088.5895
2024-05-27,SZ002693,*ST双成,5.31,9599700,411382096,416789750,221315.35725
2024-05-27,SZ002692,远程股份,3.95,5705100,718146000,718146000,283667.67
2024-05-27,SH603766,隆鑫通用,7.03,25545100,2053541850,2053541850,1443639.92055
2024-05-27,SZ002694,顾地科技,4.23,4708300,552546725,763084800,322784.8704
2024-05-27,SZ300349,金卡智能,13.23,5321400,372809396,420802313,556721.460099
2024-05-27,SH603003,退市龙宇,4.48,58867583,402443494,402443494,180294.685312
2024-05-27,SZ300347,泰格医药,55.33,5677778,570136726,864948570,4785760.43781
2024-05-27,SZ300348,长亮科技,7.06,7836825,625708372,731871682,516701.407492
2024-05-27,SZ300350,华鹏飞,5.09,25509400,471565417,562453879,286289.024411
2024-05-27,SH603399,永杉锂业,7.46,6215800,512290649,518650649,386913.384154
2024-05-27,SH600705,中航产融,2.95,25548580,8804424833,8824894266,2603343.80847
2024-05-27,SZ002695,煌上煌,7.88,2231893,464353507,556947081,438874.299828
2024-05-27,SZ002696,百洋股份,4.88,6657800,343541669,346362262,169024.783856
2024-05-27,SZ002697,红旗连锁,5.1,11614040,1077730000,1360000000,693600
2024-05-27,SH603167,渤海轮渡,9.83,13786050,469144503,469144503,461169.046449
2024-05-27,SZ002698,博实股份,14.3,8668245,841435706,1022558528,1462258.69504
2024-05-27,SZ002699,*ST美盛,0.41,0,909415725,909572725,37292.481725
2024-05-27,SZ300352,北信源,4.17,11077500,1219430684,1449824087,604576.644279
2024-05-27,SZ300351,永贵电器,17.11,15024291,260270702,386773757,661769.898227
2024-05-27,SZ300354,东华测试,36.69,1785700,79966582,138320201,507496.817469
2024-05-27,SZ002700,万憬能源,5.95,1742400,422296455,422426880,251343.9936
2024-05-27,SZ300355,蒙草生态,2.73,12500184,1368773219,1604242081,437958.088113
2024-05-27,SZ300353,东土科技,7.99,11530719,522202547,614892881,491299.411919
2024-05-27,SH603993,洛阳钼业,8.54,233939360,17665772583,21599240583,18445751.457882
2024-05-27,SZ002701,奥瑞金,4.58,15137410,2570738545,2573260436,1178553.279688
2024-05-27,SZ002702,海欣食品,4.2,11556785,461899975,555760000,233419.2
2024-05-27,SZ000156,华数传媒,6.94,13650530,1624600295,1852932442,1285935.114748
2024-05-27,SZ002703,浙江世宝,12.08,9213467,553060327,822632384,993739.919872
2024-05-27,SZ000498,山东路桥,5.81,7563424,1457901550,1560995795,906938.556895
2024-05-27,SH600817,宇通重工,9.4,1473014,532738346,541508407,509017.90258
2024-05-27,SZ000831,中国稀土,27.77,21151088,980888981,1061220807,2947010.181039
2024-05-27,SZ000622,恒立退,1.44,31907408,425226000,425226000,61232.544
2024-05-27,SZ000403,派林生物,26.58,5417012,687667255,732744273,1947634.277634
2024-05-27,SZ000681,视觉中国,12.66,9771120,674501293,700577436,886931.033976
2024-05-27,SZ000757,浩物股份,3.03,7918600,532714539,532716095,161412.976785
2024-05-27,SH600556,天下秀,4.17,16997409,1807747642,1807747642,753830.766714
2024-05-27,SZ000657,中钨高新,11.48,20329442,1239790682,1397378114,1604190.074872
2024-05-27,SZ000672,上峰水泥,7.1,5894146,969395450,969395450,688270.7695
2024-05-27,SZ000688,国城矿业,13.1,3504900,1117694541,1117698861,1464185.50791
2024-05-27,SZ000820,*ST节能,2.86,3773301,287656920,637245222,182252.133492
2024-05-27,SH600698,湖南天雁,3.82,5931091,830345271,1072190032,409576.592224
2024-05-27,SZ000545,金浦钛业,2.17,8940000,985403096,986833096,214142.781832
2024-05-27,SZ000333,美的集团,67.59,30546219,6842708139,6975318129,47146175.233911
2024-05-27,SH600023,浙能电力,6.9,128506087,13408732749,13408732749,9252025.59681
2024-05-27,SH603699,纽威股份,20.9,3374063,749062000,760388587,1589212.14683
2024-05-27,SZ002708,光洋股份,7.87,23606160,494665362,562097967,442371.100029
2024-05-27,SZ300357,我武生物,24.52,5592407,484064205,523584000,1283827.968
2024-05-27,SZ300360,炬华科技,15.57,16466280,495361762,509314626,793002.872682
2024-05-27,SZ300359,全通教育,4.4,18264309,633277172,633333422,278666.70568
2024-05-27,SZ002706,良信股份,8.37,36032296,910997974,1123125020,940055.64174
2024-05-27,SZ300358,楚天科技,7.94,4302000,567451824,590302374,468700.084956
2024-05-27,SZ002705,新宝股份,16.42,4708814,814386403,818145780,1343395.37076
2024-05-27,SH603308,应流股份,14.53,8159490,679036441,679036441,986639.948773
2024-05-27,SZ002712,思美传媒,4.74,35344705,540906048,544276198,257986.917852
2024-05-27,SZ300368,汇金股份,2.76,24177800,528943475,528943475,145988.3991
2024-05-27,SZ300373,扬杰科技,36.4,6009401,541959435,543014987,1976574.55268
2024-05-27,SZ002707,众信旅游,6.44,10381102,814600572,982715033,632868.481252
2024-05-27,SZ300365,恒华科技,5.64,48925250,457183267,599855469,338318.484516
2024-05-27,SZ002709,天赐材料,19.66,24960545,1385015524,1918823609,3772407.215294
2024-05-27,SZ300371,汇中股份,9.41,1549860,135791582,201217296,189345.475536
2024-05-27,SZ300370,安控科技,1.79,9158100,1325271569,1565376225,280202.344275
2024-05-27,SZ300378,鼎捷数智,17.05,4045314,267784430,269506430,459508.46315
2024-05-27,SZ300375,鹏翎股份,4.19,11189530,505117975,755378818,316503.724742
2024-05-27,SZ300366,ST创意,7.92,11793773,508993568,607576150,481200.3108
2024-05-27,SZ002721,金一文化,2.71,7637900,2669526415,2669526415,723441.658465
2024-05-27,SZ300376,易事特,4.86,34380771,2324164901,2328240476,1131524.871336
2024-05-27,SZ300377,赢时胜,5.62,8861950,671083507,751075080,422104.19496
2024-05-27,SH601225,陕西煤业,26.04,41095270,9695000000,9695000000,25245780
2024-05-27,SZ002722,物产金轮,12.93,5399570,175490533,206576364,267103.238652
2024-05-27,SZ002716,湖南白银,3.77,103778690,2210479088,2823088646,1064304.419542
2024-05-27,SZ002718,友邦吊顶,12.1,1026260,61519892,131447829,159051.87309
2024-05-27,SZ300379,东通退,9.85,10514002,529502742,566722828,558221.98558
2024-05-27,SZ300380,安硕信息,16.09,2305700,127379543,138439050,222748.43145
2024-05-27,SZ300381,溢多利,7.15,30127206,486781814,490082001,350408.630715
2024-05-27,SZ002714,牧原股份,48.46,21782224,3660604118,5465352559,26485098.500914
2024-05-27,SZ002719,麦趣尔,6.9,24197600,161872295,174139457,120156.22533
2024-05-27,SZ300382,斯莱克,7,5311754,628323269,628485615,439939.9305
2024-05-27,SZ002725,跃岭股份,9.03,3735600,210015960,256000000,231168
2024-05-27,SZ300363,博腾股份,15.33,5570100,500421079,546037820,837075.97806
2024-05-27,SZ002723,小崧股份,7.82,5333743,317030433,318006876,248681.377032
2024-05-27,SZ300383,光环新网,8.74,12148491,1793742015,1797592847,1571096.148278
2024-05-27,SZ300369,绿盟科技,5.96,9413788,798229068,799308527,476387.882092
2024-05-27,SH603005,晶方科技,17.91,29422078,652171706,652615226,1168833.869766
2024-05-27,SH603288,海天味业,36.21,11507571,5560600544,5560600544,20134934.569824
2024-05-27,SZ002713,*ST东易,2.97,32666725,406121859,419536980,124602.48306
2024-05-27,SZ002715,登云股份,13.8,1778549,138000000,138000000,190440
2024-05-27,SZ002717,ST岭南,1.36,121219401,1460696852,1679583580,228423.36688
2024-05-27,SZ300386,飞天诚信,7.03,2774706,245965903,418044000,293884.932
2024-05-27,SZ002726,龙大美食,6.76,11090738,1077112439,1079159939,729512.118764
2024-05-27,SZ300385,雪浪环境,4.13,2619900,288560383,333145932,137589.269916
2024-05-27,SH603006,联明股份,10.82,5749600,191078186,254254250,275103.0985
2024-05-27,SH603328,依顿电子,7.2,9639018,998442611,998442611,718878.67992
2024-05-27,SH603168,莎普爱思,8.26,4161256,322592499,379161625,313187.50225
2024-05-27,SZ002727,一心堂,21.82,4919100,407676233,596005425,1300483.83735
2024-05-27,SZ300387,富邦科技,6.83,7484100,288956645,289057018,197425.943294
2024-05-27,SH603369,今世缘,54.13,3446392,1254500000,1254500000,6790608.5
2024-05-27,SH603009,北特科技,17.71,13707940,338408970,358730089,635310.987619
2024-05-27,SZ002728,特一药业,9.14,7852796,374549224,510634474,466719.909236
2024-05-27,SH603126,中材节能,6.07,4727025,610500000,610500000,370573.5
2024-05-27,SZ300390,天华新能,20.76,6420876,679193618,837537178,1738727.181528
2024-05-27,SZ300384,三联虹普,15.18,1728000,220031960,319007265,484253.02827
2024-05-27,SZ300388,节能国祯,6.19,3367172,697312804,699082985,432732.367715
2024-05-27,SZ300389,艾比森,13.55,3697100,229546392,363853871,493021.995205
2024-05-27,SZ300391,*ST长药,3.41,6452600,350336112,350336112,119464.614192
2024-05-27,SH603111,康尼机电,7,37777250,837171572,918308789,642816.1523
2024-05-27,SH603100,川仪股份,25.48,2096387,391095000,394995000,1006447.26
2024-05-27,SZ000751,锌业股份,3.05,17754136,1409868779,1615630595,492767.331475
2024-05-27,SH603609,禾丰股份,7.77,5311401,919433663,919433663,714399.956151
2024-05-27,SH603099,长白山,23,15900910,266670000,266670000,613341
2024-05-27,SH601579,会稽山,11.12,5807235,479463409,479463409,533163.310808
2024-05-27,SH603806,福斯特,25.53,18505910,1864165137,1864165137,4759213.594761
2024-05-27,SH603188,亚邦股份,2.71,6191501,570170000,570170000,154516.07
2024-05-27,SZ300396,迪瑞医疗,24.98,3777149,259434671,274565911,685865.645678
2024-05-27,SZ300395,菲利华,30.88,9633236,511403184,519822973,1605213.340624
2024-05-27,SZ300397,天和防务,10.63,40818411,405505408,517636745,550247.859935
2024-05-27,SZ002729,好利科技,11.26,4764299,175463711,182969920,206024.12992
2024-05-27,SZ300393,中来股份,7.26,31357026,953869719,1089627358,791069.461908
2024-05-27,SH603306,华懋科技,20.35,11950155,326094006,326094006,663601.30221
2024-05-27,SH601016,节能风电,3.29,106966619,5959630389,6474211108,2130015.454532
2024-05-27,SH600917,重庆燃气,6.12,3565400,1561039760,1571340000,961660.08
2024-05-27,SZ300398,飞凯材料,11.8,23570150,525196871,528657339,623815.66002
2024-05-27,SZ300399,天利科技,9.14,2368400,197586200,197600000,180606.4
2024-05-27,SH603169,兰石重装,5.11,9059875,1306291798,1306291798,667515.108778
2024-05-27,SZ002730,电光科技,7.28,4534562,346029880,362079880,263594.15264
2024-05-27,SZ300401,花园生物,11.26,13540400,532918553,541702552,609957.073552
2024-05-27,SH603010,万盛股份,10.36,9415779,485272654,589578593,610803.422348
2024-05-27,SZ300402,宝色股份,15.25,5141293,243618497,243618497,371518.207925
2024-05-27,SZ300400,劲拓股份,12.55,18892239,240937725,242625800,304495.379
2024-05-27,SH603456,九洲药业,15.26,9605109,898106828,899485928,1372615.526128
2024-05-27,SH603018,华设集团,9.83,25176492,668622527,683782527,672158.224041
2024-05-27,SH603606,东方电缆,48.08,11069480,687715368,687715368,3306535.489344
2024-05-27,SZ300403,汉宇集团,7.89,10250980,412153973,603000000,475767
2024-05-27,SZ300405,科隆股份,4.36,6249580,218827499,284372671,123986.484556
2024-05-27,SZ300406,九强生物,17.18,3920135,422320860,588446253,1010950.662654
2024-05-27,SH603688,石英股份,40.04,9768259,541678289,541678289,2168879.869156
2024-05-27,SH603988,中电电机,8.91,3971000,235200000,235200000,209563.2
2024-05-27,SZ002724,海洋王,5.28,6474817,572737616,771497994,407350.940832
2024-05-27,SZ002731,ST萃华,9.5,3085020,217203120,256156000,243348.2
2024-05-27,SH601015,陕西黑猫,3.41,13313949,2042497639,2042497639,696491.694899
2024-05-27,SH603019,中科曙光,42.17,39083399,1454529584,1463578974,6171912.533358
2024-05-27,SH603011,合锻智能,6.51,16426144,494414437,494414437,321863.798487
2024-05-27,SH603088,宁波精达,8.1,5382710,433314336,437897040,354696.6024
2024-05-27,SH603166,福达股份,5.29,4409240,646208651,646208651,341844.376379
2024-05-27,SZ300407,凯发电气,8.03,6663859,244260074,318200493,255514.995879
2024-05-27,SZ002733,雄韬股份,11.91,2029100,365765184,384214913,457599.961383
2024-05-27,SZ300408,三环集团,28.87,11315201,1869808242,1916497371,5532927.910077
2024-05-27,SZ300409,道氏技术,10.12,14297588,487018245,581672671,588652.743052
2024-05-27,SH603518,锦泓集团,10.11,4971116,343469652,347081152,350899.044672
2024-05-27,SZ002735,王子新材,12.12,10776095,191303104,390914641,473788.544892
2024-05-27,SH603368,柳药集团,22.52,3785943,360233371,399035976,898629.017952
2024-05-27,SH603998,方盛制药,12,7872100,434467860,439586860,527504.232
2024-05-27,SZ002732,燕塘乳业,15.8,1180900,156566171,157350000,248613
2024-05-27,SH601969,海南矿业,7.11,8020535,2026557209,2037522809,1448678.717199
2024-05-27,SH601226,华电科工,5.5,8479000,1158828000,1166600000,641630
2024-05-27,SH603588,高能环境,6.55,9958580,1523234457,1537051367,1006768.645385
2024-05-27,SZ002736,国信证券,8.79,14547500,9138841807,9612429377,8449325.422383
2024-05-27,SH603636,南威软件,8.85,13964198,590793578,590793578,522852.31653
2024-05-27,SZ002738,中矿资源,32.01,10959071,719871843,729811694,2336127.232494
2024-05-27,SZ002737,葵花药业,30.03,8749718,584000000,584000000,1753752
2024-05-27,SZ300412,迦南科技,3.34,12254520,472910646,497756637,166250.716758
2024-05-27,SZ300411,金盾股份,14.61,39574430,270234691,406520007,593925.730227
2024-05-27,SZ300410,正业科技,6.87,54122648,366917328,367114797,252207.865539
2024-05-27,SH603017,中衡设计,10.17,13324721,275905778,275905778,280596.176226
2024-05-27,SH603889,新澳股份,7.64,2481088,716444943,730655943,558221.140452
2024-05-27,SH603788,宁波高发,13.43,1974770,223065068,223065068,299576.386324
2024-05-27,SZ300413,芒果超媒,23.67,32872605,1021699958,1870720815,4427996.169105
2024-05-27,SH601021,春秋航空,57.79,3179976,978548805,978548805,5655033.544095
2024-05-27,SZ300364,中文在线,21.88,31058463,659795648,729939618,1597107.884184
2024-05-27,SZ300418,昆仑万维,36.27,45334729,1106373960,1215007204,4406831.128908
2024-05-27,SZ300419,ST浩丰,5.62,31940400,367753770,367753770,206677.61874
2024-05-27,SH601069,西部黄金,13.46,23048300,683992760,922853531,1242160.852726
2024-05-27,SH603601,再升科技,3.22,11501000,1021649141,1021649141,328971.023402
2024-05-27,SZ300416,苏试试验,13,9321146,505148769,508547806,661112.1478
2024-05-27,SZ002739,万达电影,13.55,27900726,2107838695,2179368810,2953044.73755
2024-05-27,SZ300417,南华仪器,7.66,2320300,85767915,135435270,103743.41682
2024-05-27,SH603600,永艺股份,11.36,3321586,302512640,332907776,378183.233536
2024-05-27,SZ300415,伊之密,23.72,4309951,424050517,468562084,1111429.263248
2024-05-27,SZ000166,申万宏源,4.6,55802493,22535507316,25039944560,11518374.4976
2024-05-27,SH603686,福龙马,8.52,2899320,415655737,415655737,354138.687924
2024-05-27,SH603678,火炬电子,23.98,4362580,458339858,458339858,1099098.979484
2024-05-27,SH603899,晨光股份,36.96,2988670,923828420,926596570,3424700.92272
2024-05-27,SZ002734,利民股份,7.02,4439946,324802814,366857067,257533.661034
2024-05-27,SH603558,健盛集团,11.23,5717379,369080949,369080949,414477.905727
2024-05-27,SH603698,航天工程,12.64,1493350,535990000,535990000,677491.36
2024-05-27,SH603611,诺力股份,19.86,4244200,257600791,257600791,511595.170926
2024-05-27,SH603799,华友钴业,28.85,18985243,1686334975,1697212875,4896459.144375
2024-05-27,SZ002741,光华科技,10.94,5046980,361506223,399479243,437030.291842
2024-05-27,SZ300425,中建环能,4.41,8859414,678089107,681681586,300621.579426
2024-05-27,SZ002746,仙坛股份,6.5,9606636,709676227,860538727,559350.17255
2024-05-27,SZ300423,昇辉科技,5.41,23539726,324519349,497511290,269153.60789
2024-05-27,SZ002745,木林森,8.33,17478092,988371999,1484166399,1236310.610367
2024-05-27,SH603898,好莱客,8.74,1467500,311283746,311283746,272061.994004
2024-05-27,SZ300420,五洋自控,2.48,8623560,990520819,1116383561,276863.123128
2024-05-27,SZ300421,力星股份,9.47,17513112,230526322,294030484,278446.868348
2024-05-27,SZ002743,富煌钢构,4.28,5458056,434570978,435268478,186294.908584
2024-05-27,SZ300426,华智数媒,7.94,4886600,396360796,404859400,321458.3636
2024-05-27,SH603939,益丰药房,45.92,3333090,1008116102,1010579797,4640582.427824
2024-05-27,SZ300422,博世科,5.12,5330262,388526597,504874832,258495.913984
2024-05-27,SZ300427,红相股份,4.59,11372005,346847662,386575005,177437.927295
2024-05-27,SZ300394,天孚通信,130.81,12665857,359264307,395651201,5175513.360281
2024-05-27,SH603618,杭电股份,5.16,6875276,691375616,691375616,356749.817856
2024-05-27,SH603222,济民健康,6.35,10372820,537237415,537237415,341145.758525
2024-05-27,SZ002742,*ST三圣,1.9,3530200,431858082,432000000,82080
2024-05-27,SH603118,共进股份,7.3,34069242,787276406,791462246,577767.43958
2024-05-27,SH601198,东兴证券,8.47,19133500,3232445520,3232445520,2737881.35544
2024-05-27,SH603828,ST柯利达,1.73,8248470,595939625,595960158,103101.107334
2024-05-27,SH603969,银龙股份,5.55,11912179,841598800,854764000,474394.02
2024-05-27,SH603997,继峰股份,11.35,8225900,1166076241,1266076241,1436996.533535
2024-05-27,SH603309,维力医疗,11.81,3648717,291845018,293160218,346222.217458
2024-05-27,SH603015,弘讯科技,8.07,6750000,404219000,404219000,326204.733
2024-05-27,SZ300433,蓝思科技,15.19,30836433,4960691426,4983227981,7569523.303139
2024-05-27,SH601689,拓普集团,56.89,7162789,1102049787,1162775891,6615032.043899
2024-05-27,SH603519,立霸股份,13.29,1949424,266327839,266327839,353949.698031
2024-05-27,SZ300430,诚益通,16.72,10843767,258673859,273184096,456763.808512
2024-05-27,SZ300374,中铁装配,15.84,11110494,189261824,245912337,389525.141808
2024-05-27,SZ002748,世龙实业,5.03,25210795,240000000,240000000,120720
2024-05-27,SZ300432,富临精工,7.42,10097150,1204448563,1223471316,907815.716472
2024-05-27,SH603268,*ST松发,14.07,691000,124168800,124168800,174705.5016
2024-05-27,SZ300428,立中集团,20,7682310,535402967,632682951,1265365.902
2024-05-27,SZ002747,埃斯顿,15,10677395,786546703,869531453,1304297.1795
2024-05-27,SZ002749,国光股份,16.03,1952620,387306371,443024890,710168.89867
2024-05-27,SH603030,全筑股份,1.8,5194032,1316933520,1316933520,237048.0336
2024-05-27,SH603158,腾龙股份,7.82,6282816,490799306,490799306,383805.057292
2024-05-27,SH603012,创力集团,5.36,5204930,642240000,650760000,348807.36
2024-05-27,SH600958,东方证券,8.2,21738657,7435996440,8496645292,6967249.13944
2024-05-27,SZ300429,强力新材,12.07,74348731,377606345,515262281,621921.573167
2024-05-27,SZ002750,龙津退,2.89,15168271,398736201,400500000,115744.5
2024-05-27,SH603729,龙韵股份,16.03,3519360,93338000,93338000,149620.814
2024-05-27,SH603020,爱普股份,7.51,2807200,383237774,383237774,287811.568274
2024-05-27,SH603338,浙江鼎力,66.39,2903175,506347879,506347879,3361643.568681
2024-05-27,SH603199,九华旅游,34.35,1702000,110680000,110680000,380185.8
2024-05-27,SZ300435,中泰股份,13.03,1614700,345936602,383190600,499297.3518
2024-05-27,SH603869,ST智知,5.26,3769870,504500508,504500508,265367.267208
2024-05-27,SZ002752,昇兴股份,5.87,8678690,976768468,976918468,573451.140716
2024-05-27,SZ300449,汉邦高科,4.29,4418360,296085272,387480309,166229.052561
2024-05-27,SZ300436,广生堂,17.16,1456827,135546251,159267000,273302.172
2024-05-27,SZ300424,航新科技,14.1,18419887,239316274,239895401,338252.51541
2024-05-27,SZ300447,全信股份,13.14,11098300,201331390,312310375,410375.83275
2024-05-27,SH603808,歌力思,7.66,2054425,369092878,369092878,282725.144548
2024-05-27,SZ300443,金雷股份,18.7,3951600,248093345,325453898,608598.78926
2024-05-27,SZ300439,美康生物,10.13,2984600,291715426,383949815,388941.162595
2024-05-27,SH603025,大豪科技,14.07,6727414,1109174773,1109174773,1560608.905611
2024-05-27,SH603818,曲美家居,3.46,5391146,580395546,702098455,242926.06543
2024-05-27,SZ300444,双杰电气,7.27,78493321,592300893,798625090,580600.44043
2024-05-27,SZ300440,运达科技,5.58,4568600,443305965,444713000,248149.854
2024-05-27,SZ300437,清水源,9.41,3150100,177810597,259063097,243778.374277
2024-05-27,SH603883,老百姓,33.9,4527071,583012872,584933136,1982923.33104
2024-05-27,SZ300446,航天智造,14.67,5583300,139353826,845410111,1240216.632837
2024-05-27,SH603703,盛洋科技,10.29,3431860,414982120,414982120,427016.60148
2024-05-27,SZ300441,鲍斯股份,6.53,6294368,634800236,652256868,425923.734804
2024-05-27,SH603021,ST华鹏,3.46,4868330,319948070,319948070,110702.03222
2024-05-27,SZ300404,博济医药,7.65,6204760,275368812,382205238,292387.00707
2024-05-27,SZ300448,浩云科技,4.2,7507775,489937952,676517079,284137.17318
2024-05-27,SZ300438,鹏辉能源,22.75,8764704,403688410,503437324,1145319.9121
2024-05-27,SH603567,珍宝岛,12.7,3936329,939540524,941963592,1196293.76184
2024-05-27,SZ300434,金石亚药,8.72,6746500,334782466,401743872,350320.656384
2024-05-27,SH603318,水发燃气,6.63,4747500,383544591,459070924,304364.022612
2024-05-27,SZ300442,润泽科技,26.47,13245716,358792926,1720577649,4554369.036903
2024-05-27,SH603315,福鞍股份,12.18,2378100,307026264,320426264,390279.189552
2024-05-27,SZ300445,康斯特,17.03,2042200,138217243,212430013,361768.312139
2024-05-27,SH603789,*ST星农,8.22,9235100,260000000,277419000,228038.418
2024-05-27,SH600959,江苏有线,2.91,26280650,5000717686,5000717686,1455208.846626
2024-05-27,SZ300414,中光防雷,7.2,4719900,311299735,326019466,234734.01552
2024-05-27,SH603355,莱克电气,27.42,1648100,568887719,573761399,1573253.756058
2024-05-27,SH603599,广信股份,14.29,3452487,910269345,910269345,1300774.894005
2024-05-27,SZ300457,赢合科技,16.63,12958933,636717221,649537963,1080181.632469
2024-05-27,SZ300456,赛微电子,17.18,18079026,593615328,732213134,1257942.164212
2024-05-27,SZ300451,创业慧康,4.03,31738094,1341649309,1549124692,624297.250876
2024-05-27,SH603718,海利生物,7.49,5297200,644000000,657900000,492767.1
2024-05-27,SH603227,雪峰科技,6.91,16445305,974075458,1071692689,740539.648099
2024-05-27,SZ300452,山河药辅,13.45,8876373,186802764,234440559,315322.551855
2024-05-27,SZ300459,汤姆猫,4.14,161851745,3061268627,3515810939,1455545.728746
2024-05-27,SZ300453,三鑫医疗,7.47,2550268,360479343,519596545,388138.619115
2024-05-27,SZ300455,航天智装,10.02,8013533,708622436,717767936,719203.471872
2024-05-27,SZ300458,全志科技,18.85,13374810,506432618,631749692,1190848.16942
2024-05-27,SZ002755,奥赛康,10.55,2830500,928151576,928160351,979209.170305
2024-05-27,SH603989,艾华集团,14.32,4262844,401130603,401130603,574419.023496
2024-05-27,SZ002756,永兴材料,45.3,4125132,389050400,539101540,2442129.9762
2024-05-27,SZ300460,ST惠伦,8.48,16074414,280804251,280804251,238122.004848
2024-05-27,SH603968,醋化股份,12.35,2858400,204480000,209315000,258504.025
2024-05-27,SH603311,金海高科,9.15,2303200,235883907,235883907,215833.774905
2024-05-27,SZ300450,先导智能,20.15,16459850,1449248290,1566163034,3155818.51351
2024-05-27,SH603022,新通联,7.85,4018400,200000000,200000000,157000
2024-05-27,SH603566,普莱柯,20.7,12943422,346062273,346062273,716348.90511
2024-05-27,SZ002753,永东股份,6.64,4105890,242798844,375689468,249457.806752
2024-05-27,SZ300461,田中精机,14.47,1097100,81760195,155741692,225358.228324
2024-05-27,SZ002758,浙农股份,9.23,2929200,518233849,521547799,481388.618477
2024-05-27,SZ002757,南兴股份,13.01,4670775,282053921,295455913,384388.142813
2024-05-27,SH603108,润达医疗,16.86,17561188,598851553,598851553,1009663.718358
2024-05-27,SH603885,吉祥航空,13.05,14390600,2214005268,2214005268,2889276.87474
2024-05-27,SZ300468,四方精创,8.21,7236115,529086962,530649275,435663.054775
2024-05-27,SH603023,威帝股份,2.12,11899391,562079807,562079807,119160.919084
2024-05-27,SH603598,引力传媒,14.08,5798500,267862900,267862900,377150.9632
2024-05-27,SZ300462,ST华铭,7.66,2460800,136545510,181221938,138816.004508
2024-05-27,SZ300467,迅游科技,14.68,5810600,164806010,203204897,298304.788796
2024-05-27,SZ002759,天际股份,9.15,2616500,405320955,504582605,461693.083575
2024-05-27,SH603568,伟明环保,21.33,3714365,1694218119,1704648119,3636014.437827
2024-05-27,SZ300466,赛摩智能,6.5,12477340,419986257,535529908,348094.4402
2024-05-27,SZ300465,高伟达,7.01,4731935,446762257,446762257,313180.342157
2024-05-27,SH603669,灵康药业,5,2002439,721238653,721238653,360619.3265
2024-05-27,SH603918,金桥信息,12.45,7565199,366228626,366844226,456721.06137
2024-05-27,SH603198,迎驾贡酒,70.6,2343230,800000000,800000000,5648000
2024-05-27,SZ300463,迈克生物,12.95,6134910,495349783,612469590,793148.11905
2024-05-27,SH603300,海南华铁,6.19,55627263,1964322166,1964322166,1215915.420754
2024-05-27,SH603901,永创智能,8.52,6813303,482895558,487902458,415692.894216
2024-05-27,SH603026,石大胜华,39.52,2461000,202680000,202680000,800991.36
2024-05-27,SZ300464,星徽股份,4.62,42733470,322465427,470609663,217421.664306
2024-05-27,SZ300475,香农芯创,34.9,10898746,440240767,457565767,1596904.52683
2024-05-27,SZ300478,杭州高新,8.97,1306950,123155200,126673000,113625.681
2024-05-27,SZ300477,ST合纵,3.2,36929672,935438109,1072018687,343045.97984
2024-05-27,SH601985,中国核电,9.55,126865484,18883284867,18883284867,18033537.047985
2024-05-27,SZ002762,*ST金比,6.01,4671975,208138659,354025000,212769.025
2024-05-27,SZ002761,浙江建投,10.26,113698782,1081340098,1081340098,1109454.940548
2024-05-27,SZ002763,汇洁股份,7.31,3515000,303557950,409924000,299654.444
2024-05-27,SZ002766,索菱股份,4.18,8941200,847692863,857539878,358451.669004
2024-05-27,SZ300471,厚普股份,9.07,3377200,366551986,404165856,366578.431392
2024-05-27,SZ300472,*ST新元,5.15,4324900,251357714,275258621,141758.189815
2024-05-27,SZ002760,凤形股份,15.5,675200,87980930,107988706,167382.4943
2024-05-27,SZ300469,信息发展,10.01,10984701,235448980,248238824,248487.062824
2024-05-27,SH603066,音飞储存,10.47,18864928,300702900,300702900,314835.9363
2024-05-27,SH601968,宝钢包装,5.56,3232400,1133039174,1133039174,629969.780744
2024-05-27,SZ300476,胜宏科技,28.18,32062454,855208713,862688641,2431056.590338
2024-05-27,SH603616,韩建河山,3.43,24296800,381368000,391318000,134222.074
2024-05-27,SZ300479,神思电子,14.6,2407900,197040865,197040865,287679.6629
2024-05-27,SH601368,绿城水务,4.49,4161600,882973077,882973077,396454.911573
2024-05-27,SZ002767,先锋电子,12.47,2955100,130160421,150000000,187050
2024-05-27,SZ300473,德尔股份,14.39,3276700,149434955,150458068,216509.159852
2024-05-27,SZ300470,中密控股,36.24,1403900,195485877,208171277,754412.707848
2024-05-27,SZ002765,蓝黛科技,5.37,11407955,469381776,655793090,352160.88933
2024-05-27,SZ300485,赛升药业,7.26,2565660,273817182,481666400,349689.8064
2024-05-27,SZ002773,康弘药业,22.88,7406334,685011528,919463954,2103733.526752
2024-05-27,SH601211,国泰海通,14.06,77160084,7480322856,8903730620,12518645.25172
2024-05-27,SZ002772,众兴菌业,6.78,4184546,388656394,393241359,266617.641402
2024-05-27,SZ002771,真视通,18,28085639,170823380,209764100,377575.38
2024-05-27,SZ002769,普路通,6.51,4349500,332398250,373318054,243030.053154
2024-05-27,SH603116,红蜻蜓,5.02,4030660,576200800,576200800,289252.8016
2024-05-27,SZ002775,文科股份,2.4,4893300,448261053,612767053,147064.09272
2024-05-27,SH603117,万林物流,3.14,260140,633144502,633144502,198807.373628
2024-05-27,SH603589,口子窖,42.79,6092900,596865786,600000000,2567400
2024-05-27,SZ300482,万孚生物,27.94,4490005,332536164,471771477,1318129.506738
2024-05-27,SZ300483,首华燃气,9,4326400,261519972,268552722,241697.4498
2024-05-27,SH603223,恒通股份,7.68,1508792,553190400,714187046,548495.651328
2024-05-27,SH603979,金诚信,57,5827121,617532119,617532119,3519933.0783
2024-05-27,SZ002768,国恩股份,22.54,1436619,176748125,271250000,611397.5
2024-05-27,SH603085,天成自控,9.82,3446500,370225434,397100000,389952.2
2024-05-27,SZ300486,东杰智能,4.8,6379550,395887136,407443942,195573.09216
2024-05-27,SZ300481,濮阳惠成,14.83,7880047,293952258,296358747,439500.021801
2024-05-27,SZ300488,恒锋工具,21.77,787518,136696623,165679281,360683.794737
2024-05-27,SZ300489,光智科技,19.9,3184900,137163931,137672835,273968.94165
2024-05-27,SH603838,*ST四通,5.1,6685730,320016000,320016000,163208.16
2024-05-27,SZ300487,蓝晓科技,47.94,1820050,304128043,505011469,2421024.982386
2024-05-27,SZ300480,光力科技,17.02,7234394,247858339,352770891,600416.056482
2024-05-27,SZ002506,协鑫集成,2.25,65794835,5849656493,5850316427,1316321.196075
2024-05-27,SZ000520,凤凰航运,3.19,61266767,1012083455,1012083455,322854.622145
2024-05-27,SZ300498,温氏股份,22.34,50664628,5445276694,6652031029,14860637.318786
2024-05-27,SH601155,新城控股,11.39,23882436,2255622856,2255622856,2569154.432984
2024-05-27,SZ002779,中坚科技,36.39,1223400,118434525,132000000,480348
2024-05-27,SZ002780,三夫户外,10.75,5074381,130652734,157587486,169406.54745
2024-05-27,SH603398,*ST沐邦,17.87,1527020,342634507,433641524,774917.403388
2024-05-27,SH603936,博敏电子,7.55,14698280,630398004,630398004,475950.49302
2024-05-27,SZ002783,凯龙股份,8.15,6373785,343857126,499795666,407333.46779
2024-05-27,SH603696,安记食品,8.09,2743498,235200000,235200000,190276.8
2024-05-27,SH603999,读者传媒,5.43,5894400,576000000,576000000,312768
2024-05-27,SZ300496,中科创达,50.15,24952041,366807771,459965094,2306724.94641
2024-05-27,SZ300493,润欣科技,7.99,10845275,500993047,504603447,403178.154153
2024-05-27,SH603800,洪田股份,23.1,752100,208000000,208000000,480480
2024-05-27,SZ300497,富祥药业,10.29,9369300,442741216,550004834,565954.974186
2024-05-27,SH603866,桃李面包,6.18,10069322,1599719155,1599719155,988626.43779
2024-05-27,SZ002782,可立克,11.33,5648700,489959163,492809413,558353.064929
2024-05-27,SZ300495,*ST美尚,0.13,0,673338228,674279488,8765.633344
2024-05-27,SZ300492,华图山鼎,108.81,379200,140486470,140486470,1528633.28007
2024-05-27,SZ002786,银宝山新,9.04,12814700,493862000,495612000,448033.248
2024-05-27,SZ002785,万里石,23.71,2105500,167839778,226619695,537315.296845
2024-05-27,SH603508,思维列控,22.56,9619056,381274377,381274377,860154.994512
2024-05-27,SZ001979,招商蛇口,10.18,87874467,8322559701,9060836177,9223931.228186
2024-05-27,SZ002777,久远银海,17.13,8812810,399174631,408231038,699299.768094
2024-05-27,SH603299,苏盐井神,10.15,6358690,773446186,781968869,793698.402035
2024-05-27,SZ002787,华源控股,7.61,4668400,247085888,331401373,252196.444853
2024-05-27,SH603778,国晟科技,3.52,27028700,642857142,642857142,226285.713984
2024-05-27,SZ300494,盛天网络,11.47,17725924,397483007,489758576,561753.086672
2024-05-27,SZ300491,通合科技,16.37,3296463,154406892,174041249,284905.524613
2024-05-27,SZ300490,华自科技,8.58,17801100,388884241,396212074,339949.959492
2024-05-27,SZ002778,中晟高科,10.71,3744860,122990620,124753300,133610.7843
2024-05-27,SZ300499,高澜股份,13.19,30190081,269256811,305248564,402622.855916
2024-05-27,SZ300501,海顺新材,11.77,1201230,125201176,193537806,227793.997662
2024-05-27,SZ300500,启迪设计,12.61,23797289,164316105,173974869,219382.309809
2024-05-27,SH603377,ST东时,1.71,28393900,720755320,720755320,123249.15972
2024-05-27,SH601900,南方传媒,13.7,6910800,895876566,895876566,1227350.89542
2024-05-27,SZ002788,鹭燕医药,8.88,2832133,380462755,388516736,345002.861568
2024-05-27,SH603608,天创时尚,2.74,4277280,419708372,419708372,115000.093928
2024-05-27,SZ300502,新易盛,88.83,32446168,617617878,709919026,6306210.707958
2024-05-27,SH603027,千禾味业,15.84,6694611,961242590,1027731086,1627926.040224
2024-05-27,SZ002790,瑞尔特,11.72,3162800,260685313,417872300,489746.3356
2024-05-27,SZ300503,昊志机电,13.5,8297050,217663020,306072836,413198.3286
2024-05-27,SH603520,司太立,11.14,6919000,342514501,342514501,381561.154114
2024-05-27,SH603919,金徽酒,21.05,2685406,507259997,507259997,1067782.293685
2024-05-27,SZ002789,*ST建艺,9.78,4924570,131202286,159623514,156111.796692
2024-05-27,SZ300505,川金诺,15.07,13143013,214388732,274867523,414225.357161
2024-05-27,SH601020,华钰矿业,14.12,90853741,787306016,787306016,1111676.094592
2024-05-27,SH603861,白云电器,9.38,17861600,424115380,436056857,409021.331866
2024-05-27,SZ300484,蓝海华腾,16.5,20377204,164357753,207681900,342675.135
2024-05-27,SZ300506,ST名家汇,2.27,31599123,572517456,695596569,157900.421163
2024-05-27,SZ002792,通宇通讯,14.39,9396099,239942292,402056966,578559.974074
2024-05-27,SZ002791,坚朗五金,40.21,7154358,164141655,321540000,1292912.34
2024-05-27,SH603028,赛福天,6.56,5390900,287040000,287040000,188298.24
2024-05-27,SZ300474,景嘉微,67.21,10850767,330757008,458632254,3082467.379134
2024-05-27,SH603798,康普顿,9.34,2979800,256449650,256449650,239523.9731
2024-05-27,SH603701,德宏股份,10.89,3135800,261361901,261361901,284623.110189
2024-05-27,SZ002793,罗欣药业,5.17,21482046,1085939094,1087588486,562283.247262
2024-05-27,SH603868,飞科电器,47.5,1041800,435600000,435600000,2069100
2024-05-27,SZ300508,维宏股份,20.25,884936,58485574,109094400,220916.16
2024-05-27,SH603726,朗迪集团,14,4441520,185651200,185651200,259911.68
2024-05-27,SZ300509,新美星,5.26,3225594,247103523,296400000,155906.4
2024-05-27,SH603029,天鹅股份,15.18,2015610,121342000,121342000,184197.156
2024-05-27,SH603822,ST嘉澳,21.42,870145,76825886,77155855,165267.84141
2024-05-27,SZ002795,永和智控,4.46,12938240,431041338,445754078,198806.318788
2024-05-27,SZ300507,苏奥传感,5.04,7285577,767448748,791528907,398930.569128
2024-05-27,SH603528,多伦科技,6.43,8641657,705930131,705930131,453913.074233
2024-05-27,SZ300511,雪榕生物,3.83,13800235,418008811,498780885,191033.078955
2024-05-27,SZ300510,金冠股份,4.22,16858367,822226755,828623861,349679.269342
2024-05-27,SH603101,汇嘉时代,5.5,4307060,470400000,470400000,258720
2024-05-27,SZ002796,世嘉科技,8.64,8489300,231835783,252426948,218096.883072
2024-05-27,SZ002797,第一创业,5.46,22914458,4132400000,4202400000,2294510.4
2024-05-27,SH603779,威龙股份,9.22,7388417,332749154,332749154,306794.719988
2024-05-27,SH603959,百利科技,1.9,48259000,490298992,490298992,93156.80848
2024-05-27,SH603339,四方科技,9.95,1855048,309441175,309441175,307893.969125
2024-05-27,SZ002798,帝欧水华,3.98,5784600,315257204,384980340,153222.17532
2024-05-27,SZ300512,中亚股份,6.37,1873300,328009988,410956625,261779.370125
2024-05-27,SZ002800,天顺股份,14.98,914280,101181500,108752191,162910.782118
2024-05-27,SZ300513,恒实科技,10.13,38028816,281436804,313691155,317769.140015
2024-05-27,SZ300516,久之洋,27.35,2289908,180000000,180000000,492300
2024-05-27,SH603737,三棵树,47.3,5177611,527012481,527012481,2492769.03513
2024-05-27,SH601611,中国核建,7.73,15828100,2922646013,3018319667,2333161.102591
2024-05-27,SH603131,上海沪工,14.57,16435640,317990632,317990632,463312.350824
2024-05-27,SZ002799,环球印务,6.93,3878704,320035800,320040000,221787.72
2024-05-27,SZ300515,三德科技,11.13,8826198,183792968,205754500,229004.7585
2024-05-27,SH601127,赛力斯,86.6,30843047,1509782193,1509782193,13074713.79138
2024-05-27,SZ002801,微光股份,21.94,874085,115802700,229632000,503812.608
2024-05-27,SZ300518,新迅达,9.94,10674216,199379843,199411576,198215.106544
2024-05-27,SZ300519,新光药业,12.8,1507600,114100000,160000000,204800
2024-05-27,SH603909,建发合诚,10.14,1023500,260673140,260673140,264322.56396
2024-05-27,SH603958,哈森股份,9.71,3009700,219360000,221100000,214688.1
2024-05-27,SZ002802,洪汇新材,11.38,4393049,180795329,182301990,207459.66462
2024-05-27,SH603016,新宏泰,18.44,2517900,148160000,148160000,273207.04
2024-05-27,SZ300521,爱司凯,10.46,2375260,143999055,144000000,150624
2024-05-27,SZ300522,世名科技,12.19,5261992,218488931,322451507,393068.387033
2024-05-27,SH601966,玲珑轮胎,21.35,9751637,1473522713,1473522713,3145970.992255
2024-05-27,SZ002805,丰元股份,12.41,7029649,278815318,280062508,347557.572428
2024-05-27,SZ300520,科大国创,18.25,11233833,233071337,291167418,531380.53785
2024-05-27,SH603069,海汽集团,16.29,2144400,316000000,316000000,514764
2024-05-27,SZ002803,吉宏股份,13.96,12578406,284494863,385009288,537472.966048
2024-05-27,SZ300517,海波重科,9.76,5664920,123997065,200384790,195575.55504
2024-05-27,SZ300525,博思软件,12.76,4814133,614012165,752294788,959928.149488
2024-05-27,SZ002806,华锋股份,8.63,3321356,151780505,190153859,164102.780317
2024-05-27,SZ300523,辰安科技,17.66,1829650,232358460,232637638,410838.068708
2024-05-27,SH603322,超讯通信,29.56,3743900,156606840,157608840,465891.73104
2024-05-27,SH603663,三祥新材,16.18,32257940,422700746,424017866,686060.907188
2024-05-27,SH600919,江苏银行,8.38,110093875,18269722530,18351324463,15378409.899994
2024-05-27,SZ300529,健帆生物,28.14,5214809,521334237,807555312,2272460.647968
2024-05-27,SZ300527,ST应急,6.7,22362789,963241837,963241837,645372.03079
2024-05-27,SZ300528,幸福蓝海,7.25,7387900,372608054,372608054,270140.83915
2024-05-27,SH601811,新华文轩,14.68,2764859,791903900,1233841000,1811278.588
2024-05-27,SH600977,中国电影,11.46,6766800,1867000000,1867000000,2139582
2024-05-27,SZ300530,领湃科技,19.36,2477800,158262876,171951354,332897.821344
2024-05-27,SZ300531,优博讯,9.87,4030700,315116038,327895925,323633.277975
2024-05-27,SH603569,长久物流,8.32,17360268,603467986,603467986,502085.364352
2024-05-27,SZ300535,达威股份,13.66,2827701,76436121,104842913,143215.419158
2024-05-27,SH603159,上海亚虹,11.71,1041300,140000000,140000000,163940
2024-05-27,SZ002808,*ST恒久,2.3,7888700,186383713,268800000,61824
2024-05-27,SH600936,北投科技,2.44,8347700,1671026239,1671026239,407730.402316
2024-05-27,SH601997,贵阳银行,5.91,42148356,3569026389,3656198076,2160813.062916
2024-05-27,SH601595,上海电影,25.23,8452553,448200000,448200000,1130808.6
2024-05-27,SH603986,兆易创新,81.48,18354356,665235412,666906348,5433952.923504
2024-05-27,SZ300532,今天国际,13.44,5630986,295182682,310231301,416950.868544
2024-05-27,SZ300533,冰川网络,17.28,4948775,161975231,231329610,399737.56608
2024-05-27,SH603515,欧普照明,20.1,1834534,739045755,746426035,1500316.33035
2024-05-27,SH603031,安孚科技,27.73,2126511,162400000,211120000,585435.76
2024-05-27,SZ300540,蜀道装备,23.7,3048030,108287143,164783993,390538.06341
2024-05-27,SZ002809,红墙股份,8.21,1821975,137733337,210227252,172596.573892
2024-05-27,SZ002810,山东赫达,14.62,5221828,319999116,341703705,499570.81671
2024-05-27,SH603007,*ST花王,5.89,2417148,406847052,406847052,239632.913628
2024-05-27,SZ300538,同益股份,14.51,12131558,114316424,181918573,263963.849423
2024-05-27,SZ300537,广信材料,16.96,29406292,142529814,200121747,339406.482912
2024-05-27,SZ300539,横河精密,8.69,2680600,171127059,222082247,192989.472643
2024-05-27,SH603090,宏盛股份,21.88,1035300,100000000,100000000,218800
2024-05-27,SH603658,安图生物,51.09,3594839,586272256,586272256,2995264.955904
2024-05-27,SZ002807,江阴银行,4.14,35033431,2459325877,2461392789,1019016.614646
2024-05-27,SH603843,*ST正平,3.07,12889080,699623237,699623237,214784.333759
2024-05-27,SZ002811,郑中设计,7.11,2173700,247191053,272044308,193423.502988
2024-05-27,SZ300543,朗科智能,7.94,23553260,211413214,268127372,212893.133368
2024-05-27,SH601163,三角轮胎,16.46,4630274,800000000,800000000,1316800
2024-05-27,SH603393,新天然气,33.19,1506252,376127962,423921327,1406994.884313
2024-05-27,SH603067,振华股份,11.6,7538983,505902166,509016166,590458.75256
2024-05-27,SZ300541,先进数通,12.04,7417594,280930049,330803456,398287.361024
2024-05-27,SZ300534,陇神戎发,7.89,4019550,300897746,303345000,239339.205
2024-05-27,SZ002812,恩捷股份,39.65,10109872,825144480,977756063,3876802.789795
2024-05-27,SH603189,网达软件,11.32,8674700,269548349,269548349,305128.731068
2024-05-27,SH601500,通用股份,5.91,34322953,1568240045,1589490735,939389.024385
2024-05-27,SZ300542,新晨科技,15.1,41239541,244121116,298559899,450825.44749
2024-05-27,SZ300536,农尚环境,10.55,8928545,293248696,293288133,309418.980315
2024-05-27,SH600908,无锡银行,5.77,21600166,1910244274,2194681695,1266331.338015
2024-05-27,SZ300546,雄帝科技,10.24,2732990,130034237,185524691,189977.283584
2024-05-27,SH603738,泰晶科技,13.17,5344488,389322772,389322772,512738.090724
2024-05-27,SZ300545,联得装备,24.34,3482900,111935129,177748320,432639.41088
2024-05-27,SZ300547,川环科技,17.34,3501700,178223597,216906174,376115.305716
2024-05-27,SZ300549,优德精密,14.61,1338500,101054675,133340000,194809.74
2024-05-27,SH601128,常熟银行,8.76,25393300,2643373611,2740884439,2401014.768564
2024-05-27,SH603887,城地香江,5.11,4695446,450759584,464424584,237320.962424
2024-05-27,SH603421,鼎信通讯,5.32,7040620,652190511,652190511,346965.351852
2024-05-27,SZ002813,路畅科技,27.42,2676600,118083136,120000000,329040
2024-05-27,SZ300548,长芯博创,22.27,23739411,229205080,286575578,638203.812206
2024-05-27,SZ002815,崇达技术,8.36,10487024,640842640,1091752411,912705.015596
2024-05-27,SH603777,来伊份,11.06,2121280,336559908,336559908,372235.258248
2024-05-27,SH603313,梦百合,8.32,5927619,570586885,570586885,474728.28832
2024-05-27,SH603816,顾家家居,37.02,4692241,821891519,821891519,3042642.403338
2024-05-27,SH603160,汇顶科技,59.99,3755942,458001914,458001914,2747553.482086
2024-05-27,SZ300550,和仁科技,10.83,1706175,262264911,262560141,284352.632703
2024-05-27,SZ300555,ST路通,5.3,684100,197582713,200000000,106000
2024-05-27,SZ300551,古鳌科技,8.26,23544955,301025269,345752939,285591.927614
2024-05-27,SH603859,能科科技,34.5,1192801,166568333,166568333,574660.74885
2024-05-27,SZ300552,万集科技,28.75,20636500,125882232,213133112,612757.697
2024-05-27,SZ300553,集智股份,26.12,1059530,53563550,81120000,211885.44
2024-05-27,SZ002816,*ST和科,10.98,324800,100000000,100000000,109800
2024-05-27,SZ002817,黄山胶囊,6.4,3282140,290039295,299098170,191422.8288
2024-05-27,SH603667,五洲新春,16.77,12946597,366202770,368581128,618110.551656
2024-05-27,SH603258,电魂网络,17.76,2431523,244768100,244768100,434708.1456
2024-05-27,SH600926,杭州银行,13.99,25351336,5362745560,5930285813,8296469.852387
2024-05-27,SH603888,新华网,22.25,4636135,519029360,519029360,1154840.326
2024-05-27,SH603716,塞力医疗,6.97,6933054,201323345,201323345,140322.371465
2024-05-27,SZ300559,佳发教育,10.77,4265500,311136833,399514567,430277.188659
2024-05-27,SZ300557,理工光科,21.92,872828,90916959,93061959,203991.814128
2024-05-27,SZ300560,中富通,12.28,4708232,186955246,229743622,282125.167816
2024-05-27,SZ300556,丝路视觉,18,3728000,102804527,121473144,218651.6592
2024-05-27,SZ300558,贝达药业,37.66,5530089,417155997,418485885,1576017.84291
2024-05-27,SH601882,海天精工,25.59,3397038,522000000,522000000,1335798
2024-05-27,SH603203,快克智能,21.73,1042360,249153318,250546967,544438.559291
2024-05-27,SH603060,国检集团,6.95,2098459,803928549,803928549,558730.341555
2024-05-27,SZ002818,富森美,13.52,1762279,298257191,748458940,1011916.48688
2024-05-27,SH603556,海兴电力,49.93,8042450,488684040,488684040,2439999.41172
2024-05-27,SZ002819,东方中科,22.59,2618844,234746604,300578566,679006.980594
2024-05-27,SH603977,国泰集团,10.6,6341096,621241828,621241828,658516.33768
2024-05-27,SZ300563,神宇股份,28.38,25690900,122796441,178192526,505710.388788
2024-05-27,SZ300566,激智科技,14.61,5554730,228223533,263741550,385326.40455
2024-05-27,SZ300562,乐心医疗,9.31,3061000,158309441,216901188,201935.006028
2024-05-27,SH601229,上海银行,8.02,59310595,13847620423,14206671141,11393750.255082
2024-05-27,SH603633,徕木股份,8.48,11039937,426810818,426810818,361935.573664
2024-05-27,SZ300561,*ST汇科,8.19,2791895,195513200,328107975,268720.431525
2024-05-27,SH603858,步长制药,16.21,4135777,1106042645,1106042645,1792895.127545
2024-05-27,SZ002821,凯莱英,76.6,4493636,328618123,369471533,2830151.94278
2024-05-27,SZ002820,桂发祥,8.64,3790400,200335578,200868295,173550.20688
2024-05-27,SH603987,康德莱,7.34,4397900,441001780,441001780,323695.30652
2024-05-27,SH603727,博迈科,15.03,3356600,281719277,281719277,423424.073331
2024-05-27,SZ300565,科信技术,10.95,3701650,208000000,249704612,273426.55014
2024-05-27,SZ300567,精测电子,60.87,4192700,206736023,278151648,1693109.081376
2024-05-27,SH603900,莱绅通灵,5.55,18269915,340473840,345123840,191543.7312
2024-05-27,SZ002823,凯中精密,11.34,6832486,178649460,290470366,329393.395044
2024-05-27,SH603336,宏辉果蔬,3.77,5438777,570383219,570383219,215034.473563
2024-05-27,SZ300569,天能重工,5.08,8633672,934250699,1022674676,519518.735408
2024-05-27,SH603819,神力股份,13.05,1036482,217730187,217730187,284137.894035
2024-05-27,SH603323,苏农银行,5.39,33048259,1543730506,1803073305,971856.511395
2024-05-27,SZ002825,纳尔股份,7.4,2791286,263321343,342208675,253234.4195
2024-05-27,SZ002822,ST中装,1.67,2607300,656969839,713652026,119179.888342
2024-05-27,SH603319,美湖股份,17.83,7294145,207413250,208066462,370982.501746
2024-05-27,SH603660,苏州科达,5.86,9154491,494321780,503006380,294761.73868
2024-05-27,SZ300568,星源材质,9.98,38522860,1212593849,1345059410,1342369.29118
2024-05-27,SH603559,ST通脉,4.91,913599,143313207,143313207,70366.784637
2024-05-27,SZ300572,安车检测,12.86,5047164,183596561,228988812,294479.612232
2024-05-27,SH600909,华安证券,4.65,22558160,4697665959,4697665959,2184414.670935
2024-05-27,SZ300570,太辰光,34.6,16897840,192467177,227126867,785858.95982
2024-05-27,SH603033,三维股份,13.14,2444436,1012531018,1031163554,1354948.909956
2024-05-27,SZ300573,兴齐眼药,193.18,2003467,133989107,174424871,3369539.657978
2024-05-27,SH603990,麦迪科技,10.14,8807895,278410557,306282731,310570.689234
2024-05-27,SZ002828,贝肯能源,9.42,10710700,193703506,200987600,189330.3192
2024-05-27,SZ002826,易明医药,9.07,4635400,176031684,190677750,172944.71925
2024-05-27,SH603036,如通股份,11.46,2322400,206006025,206006025,236082.90465
2024-05-27,SZ002827,高争民爆,23.26,19615621,275998875,276000000,641976
2024-05-27,SH603928,兴业股份,11.28,3828300,201600000,201600000,227404.8
2024-05-27,SZ002830,名雕股份,11.62,1439500,66852500,133340000,154941.08
2024-05-27,SZ002829,星网宇达,15.14,9533779,143425572,207809394,314623.422516
2024-05-27,SZ300571,平治信息,24.02,5212200,115611896,139528294,335146.962188
2024-05-27,SH603708,家家悦,9.49,10348264,599402645,638336868,605781.687732
2024-05-27,SH603585,苏利股份,12.11,854060,180002070,180002070,217982.50677
2024-05-27,SH603389,*ST亚振,5.8,38633049,262752000,262752000,152396.16
2024-05-27,SZ002831,裕同科技,26.03,2804189,520010892,930513553,2422126.778459
2024-05-27,SH603098,森特股份,9.9,16945167,538799978,539699978,534302.97822
2024-05-27,SH603878,武进不锈,8.84,2826929,561065299,561065299,495981.724316
2024-05-27,SZ300581,晨曦航空,8.65,22885413,550109546,550109546,475844.75729
2024-05-27,SH603823,百合花,12.17,30215438,411031504,412160476,501599.299292
2024-05-27,SZ300576,容大感光,34.8,40402296,183530814,295708699,1029066.27252
2024-05-27,SZ300575,中旗股份,5.99,4914987,344125582,464756400,278389.0836
2024-05-27,SZ300577,开润股份,22.04,2208065,140072862,239792531,528502.738324
2024-05-27,SH603416,信捷电气,30.61,5123364,140560000,140560000,430254.16
2024-05-27,SH603577,汇金通,7.93,26618496,288268235,339139100,268937.3063
2024-05-27,SH603058,永吉股份,8.88,21057200,417529416,419981016,372943.142208
2024-05-27,SZ002832,比音勒芬,30.61,3124983,389418284,570707084,1746934.384124
2024-05-27,SZ300579,数字认证,18.67,1702287,261870937,270000000,504090
2024-05-27,SH600996,贵广网络,6.78,7372600,1210693530,1210693530,820850.21334
2024-05-27,SH603298,杭叉集团,30.41,10020163,935580035,935580035,2845098.886435
2024-05-27,SH603218,日月股份,12.71,23840029,968625839,1030925000,1310305.675
2024-05-27,SZ002833,弘亚数控,21.5,2236740,257593112,424230243,912095.02245
2024-05-27,SZ300582,英飞特,9.53,12624346,221494671,298847528,284801.694184
2024-05-27,SZ002835,同为股份,17.81,4752279,127283502,219493931,390918.691111
2024-05-27,SH603886,元祖股份,16.57,1694150,240000000,240000000,397680
2024-05-27,SZ002837,英维克,24.84,12849072,642371377,739572070,1837097.02188
2024-05-27,SZ002836,新宏泽,6.67,10970424,230400000,230400000,153676.8
2024-05-27,SZ300585,奥联电子,10.75,3693100,160000000,171111111,183944.444325
2024-05-27,SH603929,亚翔集成,25.24,4331700,213360000,213360000,538520.64
2024-05-27,SH603239,浙江仙通,15.03,2296100,270720000,270720000,406892.16
2024-05-27,SH603186,华正新材,25.59,10465434,142011952,142011952,363408.585168
2024-05-27,SH601375,中原证券,3.63,19947029,3447519700,4642884700,1685367.1461
2024-05-27,SZ300586,美联新材,7.84,15435979,534530656,711216645,557593.84968
2024-05-27,SH603444,吉比特,184.44,1256524,72041101,72041101,1328726.066844
2024-05-27,SZ300588,熙菱信息,8.04,3564600,144472655,191471030,153942.70812
2024-05-27,SH603035,常熟汽饰,14.3,4934509,380030933,380030933,543444.23419
2024-05-27,SH603032,德新科技,15.1,4904081,230118000,234515400,354118.254
2024-05-27,SZ300587,天铁科技,4.85,11408461,948624195,1170740133,567808.964505
2024-05-27,SZ002838,道恩股份,11.47,3425000,390240449,448030916,513891.460652
2024-05-27,SH603228,景旺电子,25.73,6995042,841873965,841873965,2166141.711945
2024-05-27,SZ300583,赛托生物,13.5,2469040,185478126,189702126,256097.8701
2024-05-27,SH603877,太平鸟,16,2455800,472675909,473848909,758158.2544
2024-05-27,SZ002840,华统股份,22.45,7117548,469682939,619053053,1389774.103985
2024-05-27,SZ300591,万里马,3.75,5305000,332409652,405673777,152127.666375
2024-05-27,SH603689,皖天然气,9.23,2347040,470449330,478044330,441234.91659
2024-05-27,SH603266,天龙股份,18.35,3038800,198886750,198886750,364957.18625
2024-05-27,SH603579,荣泰健康,24.55,1657100,138974402,138974402,341182.15691
2024-05-27,SZ300580,贝斯特,24.75,5084400,319335798,339560485,840412.200375
2024-05-27,SZ300590,移为通信,11.02,6975440,345890638,458811110,505609.84322
2024-05-27,SZ300584,海辰药业,17.02,1301800,82118621,120000000,204240
2024-05-27,SH603628,清源股份,16.22,47164117,273800000,273800000,444103.6
2024-05-27,SH603639,海利尔,14.25,1299780,339649496,340006096,484508.6868
2024-05-27,SZ002824,和胜股份,14.51,2210773,189155984,279942783,406196.978133
2024-05-27,SZ300589,江龙船艇,12.17,9001065,222796613,377667996,459621.951132
2024-05-27,SZ300593,新雷能,9.91,14664225,449297347,542498469,537615.982779
2024-05-27,SH603690,至纯科技,24.46,5990157,385568170,386991370,946580.89102
2024-05-27,SH603039,泛微网络,35.5,1628500,260603073,260603073,925140.90915
2024-05-27,SH603038,华立股份,10.81,2039600,206674697,206674697,223415.347457
2024-05-27,SZ300595,欧普康视,18.18,6107680,668494760,897145269,1631010.099042
2024-05-27,SH603165,荣晟环保,11.72,2246900,278432183,278432183,326322.518476
2024-05-27,SH603668,天马科技,14.73,4030600,436134976,456668856,672673.224888
2024-05-27,SH601858,中国科传,21.74,5131800,790500000,790500000,1718547
2024-05-27,SH603337,杰克科技,28,3245915,473547391,484419031,1356373.2868
2024-05-27,SZ002842,翔鹭钨业,6.04,4942124,215938906,276241219,166849.696276
2024-05-27,SZ300596,利安隆,32.28,4874510,214429090,229619667,741212.285076
2024-05-27,SZ002841,视源股份,32.9,3847500,482516333,701239045,2307076.45805
2024-05-27,SZ002843,泰嘉股份,17.27,25559373,250020516,252871516,436709.108132
2024-05-27,SZ300592,华凯易佰,14.27,23761587,202022061,404845869,577715.055063
2024-05-27,SH603037,凯众股份,17.91,3760751,135812729,136242749,244010.763459
2024-05-27,SH603638,艾迪精密,16.33,1560605,838335003,838335003,1369001.059899
2024-05-27,SZ300598,诚迈科技,37.07,3304053,166885366,166932109,618817.328063
2024-05-27,SZ300597,吉大通信,7.08,3753312,271372238,272570030,192979.58124
2024-05-27,SZ300599,雄塑科技,6.02,2853300,212078067,358131567,215595.203334
2024-05-27,SH601881,中国银河,11.74,47370697,7243417623,10934402256,12836988.248544
2024-05-27,SH603429,集友股份,4.89,13347980,524485465,524485465,256473.392385
2024-05-27,SZ002839,张家港行,4.53,24762160,2072435099,2169650455,982851.656115
2024-05-27,SH603358,华达科技,29.6,2261380,439040000,439040000,1299558.4
2024-05-27,SZ300600,国瑞科技,6.07,15401972,230290955,294234480,178600.32936
2024-05-27,SZ300578,会畅科技,13.17,4301900,193987985,198269740,261121.24758
2024-05-27,SZ002845,同兴达,13.27,9792800,224890183,327551705,434661.112535
2024-05-27,SH603966,法兰泰克,8.56,5568040,358694655,360111655,308255.57668
2024-05-27,SZ300603,立昂技术,7.84,8730011,357840174,464798231,364401.813104
2024-05-27,SH603089,正裕工业,9.18,4041536,223717447,223717447,205372.616346
2024-05-27,SZ300602,飞荣达,15.85,48096982,391774971,580006431,919310.193135
2024-05-27,SH603360,百傲化学,16.95,7362521,357916071,360318191,610739.333745
2024-05-27,SH603677,奇精机械,12.55,1354800,192147573,192147573,241145.204115
2024-05-27,SH603177,德创环保,8.32,3279400,204192000,208790000,173713.28
2024-05-27,SZ002846,英联股份,8.6,19346851,241149982,419993636,361194.52696
2024-05-27,SZ300601,康泰生物,18.46,11929865,881379612,1116916640,2061828.11744
2024-05-27,SZ300606,金太阳,17.55,6315322,117582387,140117000,245905.335
2024-05-27,SZ002847,盐津铺子,48.45,1424448,243539659,274389759,1329418.382355
2024-05-27,SH603881,数据港,17.62,3539762,460498076,460498076,811397.609912
2024-05-27,SH603637,镇海股份,6.84,2880791,243678373,243678373,166676.007132
2024-05-27,SZ300605,恒锋信息,9.64,2143600,112908515,164480041,158558.759524
2024-05-27,SH603626,科森科技,6.02,10366550,554879690,554879690,334037.57338
2024-05-27,SH603040,新坐标,21,1415892,134491196,135107896,283726.5816
2024-05-27,SZ300607,拓斯达,12.88,5429620,285547799,424830224,547181.328512
2024-05-27,SH603208,江山欧派,24.75,2713265,177172674,177172674,438502.36815
2024-05-27,SZ300608,思特奇,10.18,6433017,275096457,331183261,337144.559698
2024-05-27,SH603330,天洋新材,5.68,6174500,426600774,432673649,245758.632632
2024-05-27,SZ300610,晨化股份,9.7,3331300,161237572,212858380,206472.6286
2024-05-27,SH603615,茶花股份,13.75,1894400,241820000,241820000,332502.5
2024-05-27,SZ002848,*ST高斯,7.53,4285700,164656681,167150000,125863.95
2024-05-27,SH603839,安正时尚,5.16,16373915,399212160,399212160,205993.47456
2024-05-27,SZ300609,汇纳科技,17.4,1581808,119893313,120114387,208999.03338
2024-05-27,SH601212,白银有色,3.11,80291500,7404774511,7404774511,2302884.872921
2024-05-27,SZ300615,欣天科技,10.03,2052900,129580472,191700600,192275.7018
2024-05-27,SZ300612,宣亚国际,14,2326300,159039975,180104496,252146.2944
2024-05-27,SZ002849,威星智能,12.37,3602060,188144760,220634016,272924.277792
2024-05-27,SZ300613,富瀚微,30.52,3556805,217577663,230782689,704348.766828
2024-05-27,SH603817,海峡环保,5.5,2641700,534358007,534358007,293896.90385
2024-05-27,SZ300611,美力科技,8.4,3321807,146986880,211074680,177302.7312
2024-05-27,SH600939,重庆建工,2.68,12468900,1901792866,1901792866,509680.488088
2024-05-27,SH603345,安井食品,96.42,2731153,293294232,293294232,2827942.984944
2024-05-27,SH603238,诺邦股份,11.55,1522745,177509000,177509000,205022.895
2024-05-27,SZ300617,安靠智电,28.35,6008151,93736436,167360156,474466.04226
2024-05-27,SZ300619,金银河,38.2,408100,72300914,102958378,393301.00396
2024-05-27,SZ002850,科达利,92.71,2185748,192210170,270010610,2503268.36531
2024-05-27,SZ300618,寒锐钴业,30.11,8148300,272612906,312233839,940136.089229
2024-05-27,SH603138,海量数据,12.18,3108160,283116990,294450710,358640.96478
2024-05-27,SH603578,三星新材,12.58,655100,180357032,180357032,226889.146256
2024-05-27,SZ002851,麦格米特,30.17,39151420,413132778,501250351,1512272.308967
2024-05-27,SZ300616,尚品宅配,14.43,7553893,129317342,224515980,323976.55914
2024-05-27,SH603908,牧高笛,33.6,617400,66690000,66690000,224078.4
2024-05-27,SH603991,至正股份,36.06,3497100,74534998,74534998,268773.202788
2024-05-27,SH603955,大千生态,10.64,1644990,135720000,135720000,144406.08
2024-05-27,SZ002852,道道全,8.68,3160289,276667594,343968305,298564.48874
2024-05-27,SZ002853,皮阿诺,8.49,3184495,132277035,186542748,158374.793052
2024-05-27,SZ300620,光库科技,40.09,4717716,242508075,249799385,1001445.734465
2024-05-27,SH603630,拉芳家化,12.5,1748900,225204580,225204580,281505.725
2024-05-27,SH603665,康隆达,21.03,1895080,160683077,162576677,341898.751731
2024-05-27,SH603960,克来机电,23.64,12198650,261599700,263058500,621870.294
2024-05-27,SZ300623,捷捷微电,16.32,13128863,670470235,736270706,1201593.792192
2024-05-27,SH603903,中持股份,8.12,3334952,202303752,255319480,207319.41776
2024-05-27,SH603811,诚意药业,7.75,4384178,327304320,327304320,253660.848
2024-05-27,SZ300622,博士眼镜,14.9,818500,115004474,174279360,259676.2464
2024-05-27,SZ300621,维业股份,9.51,10301658,196024659,208056700,197861.9217
2024-05-27,SH603179,新泉股份,42.62,3696859,487302335,487302335,2076882.55177
2024-05-27,SZ300625,三雄极光,12.47,2342300,158969708,279331000,348325.757
2024-05-27,SH603517,ST绝味,19.37,9334456,631238701,631238701,1222709.363837
2024-05-27,SZ300628,亿联网络,37.36,5455280,723001797,1263815202,4721613.594672
2024-05-27,SH603133,退市碳元,1.98,0,209185200,209185200,41418.6696
2024-05-27,SZ300626,华瑞股份,8.2,11980020,177301500,180000000,147600
2024-05-27,SZ002856,美芝股份,8.31,10595420,116486858,135312808,112444.943448
2024-05-27,SZ300627,华测导航,28.57,6055552,447170612,544989575,1557035.215775
2024-05-27,SH603656,泰禾智能,11.96,1965900,183375358,183375358,219316.928168
2024-05-27,SZ002855,捷荣技术,22.12,3501800,246227232,246419682,545080.336584
2024-05-27,SZ300631,久吾高科,21.87,1061600,119265656,125043424,273469.968288
2024-05-27,SZ002857,三晖电气,12.15,8127197,128000000,129170300,156941.9145
2024-05-27,SH603388,*ST元成,2.38,18829711,325733572,325733572,77524.590136
2024-05-27,SH603768,常青股份,12.94,1993690,204000000,204000000,263976
2024-05-27,SZ002858,力盛体育,11.65,3142000,146644638,163919838,190966.61127
2024-05-27,SZ300629,新劲刚,19.34,8476674,196786428,249788349,483090.666966
2024-05-27,SZ002774,快意电梯,6.98,3466200,281783185,336687900,235008.1542
2024-05-27,SH603717,天域生物,7.28,9179440,290146240,290146240,211226.46272
2024-05-27,SH603833,欧派家居,71.2,4584639,609152455,609152455,4337165.4796
2024-05-27,SZ300630,普利退,12.35,0,338292696,451775165,557942.328775
2024-05-27,SH603178,圣龙股份,24.25,4229382,236411881,236411881,573298.811425
2024-05-27,SH601228,广州港,3.32,18843800,7544531351,7544531351,2504784.408532
2024-05-27,SH603303,得邦照明,13.06,1721312,476944575,476944575,622889.61495
2024-05-27,SH603041,美思德,11.68,1949000,183147692,183147692,213916.504256
2024-05-27,SZ300635,中达安,8.55,1995700,120258624,136322000,116555.31
2024-05-27,SZ300636,同和药业,10.3,4717866,364441471,423136145,435830.22935
2024-05-27,SH601200,上海环境,9.24,3423353,1121858543,1121858543,1036597.293732
2024-05-27,SH603385,惠达卫浴,6.5,3594923,381721298,381721298,248118.8437
2024-05-27,SZ300632,光莆股份,10.94,13416867,214834087,305181620,333868.69228
2024-05-27,SH603586,金麒麟,12.42,3018600,196052780,196052780,243497.55276
2024-05-27,SZ300633,开立医疗,39.49,5086542,432712405,432712405,1708781.287345
2024-05-27,SH603538,美诺华,12.72,2199134,212257600,213351489,271383.094008
2024-05-27,SZ002859,洁美科技,20.75,4946023,399525672,432822305,898106.282875
2024-05-27,SH603078,江化微,12.38,12365173,331193087,385637248,477418.913024
2024-05-27,SH603906,龙蟠科技,9.54,4824100,565078903,565078903,539085.273462
2024-05-27,SZ002862,实丰文化,15.27,4066350,90177083,120000000,183240
2024-05-27,SZ002860,星帅尔,9.71,2642705,206293380,306515422,297626.474762
2024-05-27,SH601366,利群股份,5.09,1229800,849595652,849625652,432459.456868
2024-05-27,SZ300637,扬帆新材,8.48,33235104,234204070,234750130,199068.11024
2024-05-27,SZ300639,凯普生物,5.69,6916632,635164371,646500674,367858.883506
2024-05-27,SZ300638,广和通,16.45,14573769,530937177,765744029,1259648.927705
2024-05-27,SH603797,联泰环保,3.68,5977303,584144206,584144206,214965.067808
2024-05-27,SZ002861,瀛通通讯,9.15,2326530,119437132,155552744,142330.76076
2024-05-27,SH603826,坤彩科技,40.92,1056904,468000000,468000000,1915056
2024-05-27,SH603050,科林电气,31.85,7386804,227094140,227094140,723294.8359
2024-05-27,SZ300640,德艺文创,4.74,3547990,220660850,312452427,148102.450398
2024-05-27,SZ300604,长川科技,29.44,17087612,466731925,626783502,1845250.629888
2024-05-27,SZ002863,今飞凯达,4.46,6260100,498879541,598650564,266998.151544
2024-05-27,SZ300641,正丹股份,32.82,58238982,508288204,508370929,1668473.388978
2024-05-27,SH603225,新凤鸣,14.88,19692174,1524762883,1524762883,2268847.169904
2024-05-27,SH603803,瑞斯康达,6.85,8035000,424883557,435315557,298191.156545
2024-05-27,SH603081,大丰实业,10.65,3290700,405908900,409041500,435629.1975
2024-05-27,SH603232,格尔软件,11.51,9923716,233314695,233314695,268545.213945
2024-05-27,SZ300645,正元智慧,12.3,2780400,142064303,142083053,174762.15519
2024-05-27,SZ300554,三超新材,28.83,16116466,76549935,114211577,329271.976491
2024-05-27,SZ300642,透景生命,13.03,2040152,137706966,164126241,213856.492023
2024-05-27,SH603139,康惠股份,14.29,1546500,99880000,99880000,142728.52
2024-05-27,SH603096,新经典,18.5,1251220,162503585,162503585,300631.63225
2024-05-27,SZ002865,钧达股份,53,11141089,223648860,228556116,1211347.4148
2024-05-27,SZ300648,星云股份,20.35,4589143,106189439,147783896,300740.22836
2024-05-27,SH603920,世运电路,18.08,9322615,540428195,658392438,1190373.527904
2024-05-27,SZ002866,传艺科技,14.39,4245522,180375206,289522256,416622.526384
2024-05-27,SZ300514,友讯达,15.2,17688006,155322200,200000000,304000
2024-05-27,SZ002867,周大生,17.13,5780117,1082609919,1095926265,1877321.691945
2024-05-27,SH603787,新日股份,12,5719300,230143790,230143790,276172.548
2024-05-27,SH603320,迪贝电气,14,1558870,130025890,130025890,182036.246
2024-05-27,SZ300647,超频三,5.12,41813498,439154243,457321024,234148.364288
2024-05-27,SZ002868,*ST绿康,16.51,2156100,152791208,155415837,256591.546887
2024-05-27,SZ300650,太龙股份,9.47,3497170,151954682,218296126,206726.431322
2024-05-27,SH603505,金石资源,31.87,4060328,604772233,604772233,1927409.106571
2024-05-27,SH603501,豪威集团,94,8800913,1214426982,1215775699,11428291.5706
2024-05-27,SZ300643,万通智控,11,1940600,229459250,230000000,253000
2024-05-27,SZ300649,杭州园林,12.27,5778753,105077229,132416609,162475.179243
2024-05-27,SH603985,恒润股份,15.38,6967500,440858003,440858003,678039.608614
2024-05-27,SH603229,奥翔药业,11.33,4179741,593069389,593069389,671947.617737
2024-05-27,SZ300651,金陵体育,14.51,2242800,75990288,128748930,186814.69743
2024-05-27,SH603728,鸣志电器,48.38,3883000,418882500,420066000,2032279.308
2024-05-27,SH603926,铁流股份,9.71,2029700,208262080,229532531,222876.087601
2024-05-27,SH603896,寿仙谷,27.77,3086173,201828671,201828671,560478.219367
2024-05-27,SH603113,金能科技,6.8,5824500,847948737,847948737,576605.14116
2024-05-27,SH603086,先达股份,4.62,6850991,434813143,434813143,200883.672066
2024-05-27,SZ002871,伟隆股份,8.92,2286790,119480473,219368887,195677.047204
2024-05-27,SH603180,金牌家居,22.76,2053014,154257010,154257010,351088.95476
2024-05-27,SZ002870,香山股份,33.55,3493400,110286580,132075636,443113.75878
2024-05-27,SH601952,苏垦农发,10.23,8260400,1378000000,1378000000,1409694
2024-05-27,SZ002869,金溢科技,19.23,11350300,158158129,179556341,345286.843743
2024-05-27,SH603488,展鹏科技,7.73,2534360,291990440,291990440,225708.61012
2024-05-27,SZ300652,雷迪克,22.9,1439117,92090714,102608133,234972.62457
2024-05-27,SZ300653,正海生物,23.73,2009742,180000000,180000000,427140
2024-05-27,SH603758,秦安股份,8.35,4444800,438797049,438797049,366395.535915
2024-05-27,SH603269,海鸥股份,14.73,6011500,157526412,157526412,232036.404876
2024-05-27,SZ002872,ST天圣,4.3,909000,214885809,318000000,136740
2024-05-27,SZ300656,民德电子,18.38,797476,127136779,171125072,314527.882336
2024-05-27,SZ002873,新天药业,10.16,3618558,224076014,231537450,235242.0492
2024-05-27,SH603197,保隆科技,40.22,3395100,210333870,212053370,852878.65414
2024-05-27,SH603383,顶点软件,40.5,4593592,169674216,171197016,693347.9148
2024-05-27,SZ300657,弘信电子,16.26,8495158,463352112,488410056,794154.751056
2024-05-27,SZ300655,晶瑞电材,7.48,48976059,949966775,1059515658,792517.712184
2024-05-27,SH603855,华荣股份,21.82,1007100,330904000,337559000,736553.738
2024-05-27,SZ002876,三利谱,24.53,2692378,148775813,173884932,426539.738196
2024-05-27,SH603580,*ST艾艾,23.68,7638836,130673200,130673200,309434.1376
2024-05-27,SZ300659,中孚信息,14,2832508,155481108,260392378,364549.3292
2024-05-27,SH603196,日播时尚,8.75,2320000,237847312,238680652,208845.5705
2024-05-27,SZ002875,安奈儿,10.48,5178296,172993456,213004872,223229.105856
2024-05-27,SH603200,上海洗霸,21.72,4111371,175395993,175395993,380960.096796
2024-05-27,SZ300658,延江股份,5.03,3091420,225403035,332764105,167380.344815
2024-05-27,SH603042,华脉科技,11.65,20705225,160589840,160589840,187087.1636
2024-05-27,SZ300660,江苏雷利,27.15,3545624,316859840,317018474,860705.15691
2024-05-27,SZ002877,智能自控,8.03,4190560,232673440,353470227,283836.592281
2024-05-27,SZ300661,圣邦股份,74.55,2639597,450104711,469630612,3501096.21246
2024-05-27,SZ002878,元隆雅图,13.88,4698300,196941075,260998227,362265.539076
2024-05-27,SH600732,爱旭股份,11.69,49090439,1597078553,1828810841,2137879.873129
2024-05-27,SH603496,恒为科技,26,9115660,320209243,320209243,832544.0318
2024-05-27,SZ300662,科锐国际,22.53,1467386,196806359,196806359,443404.726827
2024-05-27,SZ300663,科蓝软件,10.09,7135047,414860834,462187116,466346.800044
2024-05-27,SH603536,惠发食品,9.25,7195920,244642300,244642300,226294.1275
2024-05-27,SH603767,中马传动,12.44,4674200,308631500,308631500,383937.586
2024-05-27,SZ300665,飞鹿股份,6.08,4808620,150653698,189498316,115214.976128
2024-05-27,SH603879,永悦科技,3.27,31229338,359344440,360721940,117956.07438
2024-05-27,SZ300666,江丰电子,46.24,6711699,209370808,265338583,1226925.607792
2024-05-27,SH603980,吉华集团,4.24,4852240,700000000,700000000,296800
2024-05-27,SH603226,菲林格尔,3.7,5631817,355491770,355491770,131531.9549
2024-05-27,SZ002880,卫光生物,30.02,1196922,226800000,226800000,680853.6
2024-05-27,SH603326,我乐家居,6.85,6703300,315512680,323356180,221498.9833
2024-05-27,SH603316,诚邦股份,4.38,6939700,264264000,264264000,115747.632
2024-05-27,SZ300667,必创科技,12.35,4133000,162871371,202764889,250414.637915
2024-05-27,SZ300668,杰恩设计,17.17,629600,80351046,120381273,206694.645741
2024-05-27,SH603335,迪生力,4.52,5411000,428144600,428144600,193521.3592
2024-05-27,SZ002883,中设股份,9.76,3807200,135479252,156157166,152409.394016
2024-05-27,SH603679,华体科技,11.08,3636020,163182116,163182116,180805.784528
2024-05-27,SH603380,易德龙,20.46,1401500,160441200,160883900,329168.4594
2024-05-27,SZ002881,美格智能,20.38,2177780,184409394,261641484,533225.344392
2024-05-27,SH601878,浙商证券,11.33,46767736,3878194543,3878194543,4393994.417219
2024-05-27,SZ002885,京泉华,11.76,3368900,232498436,272756438,320761.571088
2024-05-27,SH603043,广州酒家,17.89,2249642,568770805,568770805,1017530.970145
2024-05-27,SZ002886,沃特股份,16.35,49105358,208395664,263203565,430337.828775
2024-05-27,SH603286,日盈电子,17,3639768,114303931,114303931,194316.6827
2024-05-27,SH603938,三孚股份,13.47,1469774,382624497,382624497,515395.197459
2024-05-27,SZ300669,沪宁股份,15.04,4685515,179429818,192705526,289829.111104
2024-05-27,SH603801,志邦家居,16.52,11728957,432180071,436547813,721176.987076
2024-05-27,SH603617,君禾股份,5.88,4307688,382771337,391071337,229949.946156
2024-05-27,SZ300670,大烨智能,5.87,27595090,224124695,316920479,186032.321173
2024-05-27,SH603331,百达精工,10.02,2493770,201646636,202468636,202873.573272
2024-05-27,SZ300671,富满微,22.14,3307045,217019666,217724473,482041.983222
2024-05-27,SH603933,睿能科技,13.71,3459540,207544575,210229575,288224.747325
2024-05-27,SZ002879,长缆科技,14.57,3339384,133126036,193107640,281357.83148
2024-05-27,SH603305,旭升集团,12.8,9040161,933214933,933214933,1194515.11424
2024-05-27,SH603757,大元泵业,21.18,560300,166703378,166703378,353077.754604
2024-05-27,SZ002884,凌霄泵业,20.67,1587194,273030113,357682509,739329.746103
2024-05-27,SZ300673,佩蒂股份,14.3,3945600,166181239,253421070,362392.1301
2024-05-27,SZ300672,国科微,46.8,4579600,210099861,217140672,1016218.34496
2024-05-27,SH603595,ST东尼,21.03,7923350,232442326,232442326,488826.211578
2024-05-27,SZ300676,华大基因,39.48,2071700,410927169,413914325,1634133.7551
2024-05-27,SH603387,基蛋生物,8.96,3277238,507153517,507153517,454409.551232
2024-05-27,SZ002882,金龙羽,17.19,7602800,246656250,432900000,744155.1
2024-05-27,SH603612,索通发展,14.97,7503948,473499074,540846164,809646.707508
2024-05-27,SZ300675,建科院,13.59,10660701,146666700,146666700,199320.0453
2024-05-27,SH603707,健友股份,13.48,3261526,1615633787,1616648684,2179242.426032
2024-05-27,SH601619,嘉泽新能,3.63,27678903,2420649342,2434349342,883668.811146
2024-05-27,SH603676,卫信康,9.18,2353300,429102000,435161500,399478.257
2024-05-27,SZ300677,英科医疗,24.38,9924408,468954512,647895741,1579569.816558
2024-05-27,SZ002888,惠威科技,12.53,4182520,75600526,149611680,187463.43504
2024-05-27,SZ300680,隆盛科技,18.94,29509709,173217717,231024278,437559.982532
2024-05-27,SZ300681,英搏尔,13.87,2518300,172972380,252322708,349971.595996
2024-05-27,SH603063,禾望电气,17.69,6349600,443227000,443227000,784068.563
2024-05-27,SZ300678,中科信息,26.63,5647210,285548932,296386293,789276.698259
2024-05-27,SH603730,岱美股份,13.17,3336092,1271349892,1271349892,1674367.807764
2024-05-27,SZ002889,东方嘉盛,22.22,12030036,125379155,192960200,428757.5644
2024-05-27,SH603233,大参林,20.62,6658293,1138845752,1138845752,2348299.940624
2024-05-27,SH600710,苏美达,8.46,5912796,1306749434,1306749434,1105510.021164
2024-05-27,SZ300679,电连技术,40.34,2872588,355995568,422384900,1703900.6866
2024-05-27,SH603357,设计总院,10.12,12471108,550589276,560975445,567707.15034
2024-05-27,SZ300682,朗新科技,9.96,63533911,1051362129,1085553508,1081211.293968
2024-05-27,SZ002887,绿茵生态,7.3,2352395,165490429,312000000,227760
2024-05-27,SH603860,中公高科,26.5,2115200,66680000,66680000,176702
2024-05-27,SH603825,ST华扬,8.53,4796700,253336552,253336552,216096.078856
2024-05-27,SZ300685,艾德生物,18.43,8156180,393642379,398540309,734509.789487
2024-05-27,SZ002890,弘宇股份,12.09,2284740,124218624,130673200,157983.8988
2024-05-27,SZ300687,赛意信息,15.81,4667250,322482620,410124969,648407.575989
2024-05-27,SZ300686,智动力,7.21,8402520,198670887,265624240,191515.07704
2024-05-27,SH603880,南卫股份,4.07,4141870,289042000,292474000,119036.918
2024-05-27,SH603978,深圳新星,10.8,1451400,165955099,165955099,179231.50692
2024-05-27,SH603535,嘉诚国际,18.16,6167440,218080735,233248570,423579.40312
2024-05-27,SZ300683,海特生物,24.24,1388700,121884641,130894391,317288.003784
2024-05-27,SZ300690,双一科技,21.86,8382363,109571708,165348919,361452.736934
2024-05-27,SZ300689,澄天伟业,13.88,1886950,99617149,115600000,160452.8
2024-05-27,SH603458,勘设股份,5.52,4404480,311319847,311319847,171848.555544
2024-05-27,SZ300688,创业黑马,25.49,4110740,141894858,167379464,426650.253736
2024-05-27,SH603602,纵横通信,12.35,4889538,205736791,205736791,254084.936885
2024-05-27,SZ300691,联合光电,15.46,4098277,194689182,269196966,416178.509436
2024-05-27,SH603721,*ST天择,25.91,7298400,130000000,130000000,336830
2024-05-27,SH601326,秦港股份,3.24,15099900,4757559000,5587412000,1810321.488
2024-05-27,SH603776,永安行,9.86,1881192,229475141,229475141,226262.489026
2024-05-27,SZ002892,科力尔,13.26,8745009,275516875,444149505,588942.24363
2024-05-27,SH603129,春风动力,152.76,2109873,151431863,151431863,2313273.139188
2024-05-27,SH603557,ST起步,1.94,5135200,538674708,538674708,104502.893352
2024-05-27,SH601949,中国出版,6.71,10796214,1822500000,1903968054,1277562.564234
2024-05-27,SZ002891,中宠股份,23.67,2287900,294105570,294114032,696167.913744
2024-05-27,SZ300692,中赋科技,5.29,3889500,374580395,423754470,224166.11463
2024-05-27,SH603976,正川股份,15.85,1036600,151202039,151202039,239655.231815
2024-05-27,SZ300693,盛弘股份,26.94,9995390,249376081,311085410,838064.09454
2024-05-27,SZ300696,爱乐达,14.22,11251846,186131528,293152983,416863.541826
2024-05-27,SH603079,圣达生物,11.94,15982752,171188958,171188958,204399.615852
2024-05-27,SH603181,皇马科技,10.7,1349004,588700000,588700000,629909
2024-05-27,SH603127,昭衍新药,15.9,9597342,630482128,749888699,1192323.03141
2024-05-27,SZ002895,川恒股份,21.05,6819571,499948658,542037158,1140988.21759
2024-05-27,SZ002896,中大力德,31.78,2695500,151171285,151171285,480422.34373
2024-05-27,SZ300698,万马科技,35.3,2466985,123570943,134000000,473020
2024-05-27,SH603359,东珠生态,4.48,5904600,446096000,446096000,199851.008
2024-05-27,SZ300699,光威复材,26.09,12510020,817557658,831352000,2168997.368
2024-05-27,SH603500,祥和实业,7.26,2146060,340413802,343747286,249560.529636
2024-05-27,SH603183,建研院,3.61,8418117,501047151,501047151,180878.021511
2024-05-27,SH603725,天安新材,9.9,6402681,205352000,218352000,216168.48
2024-05-27,SZ300697,电工合金,12.77,35315573,254800000,332800000,424985.6
2024-05-27,SH603527,众源新材,8.22,6882581,316971200,316971200,260550.3264
2024-05-27,SZ002897,意华股份,47.27,34518295,163235437,194049696,917272.912992
2024-05-27,SH603882,金域医学,35.76,5510142,465647577,468771275,1676326.0794
2024-05-27,SZ300695,兆丰股份,39.63,167000,70929872,70929872,281095.082736
2024-05-27,SH603277,银都股份,32,2421267,420514500,420643500,1346059.2
2024-05-27,SZ300700,岱勒新材,8.14,9588548,263566949,388979943,316629.673602
2024-05-27,SZ002898,*ST赛隆,10,2301200,101262561,176000000,176000
2024-05-27,SH603386,骏亚科技,9.64,1856240,326322560,326322560,314574.94784
2024-05-27,SH603648,畅联股份,8.8,4011600,362412800,362412800,318923.264
2024-05-27,SZ300701,森霸传感,8.31,3892633,270000000,282735119,234952.883889
2024-05-27,SZ002899,英派斯,14.82,1304900,120000000,147796976,219035.118432
2024-05-27,SH603321,梅轮电梯,7.48,4684800,307000000,307000000,229636
2024-05-27,SZ002893,京能热力,11.4,26696674,201747699,263640000,300549.6
2024-05-27,SH603813,*ST原尚,11.29,1310400,89942000,105015000,118561.935
2024-05-27,SZ300703,创源股份,9.2,8663875,166257564,180391840,165960.4928
2024-05-27,SZ300702,天宇股份,20,3253207,211164483,347977159,695954.318
2024-05-27,SH603106,恒银科技,4.69,6804200,520520000,520520000,244123.88
2024-05-27,SH603055,台华新材,11.4,5937300,887622317,890466611,1015131.93654
2024-05-27,SH603533,掌阅科技,19.76,12202643,438896835,438896835,867260.14596
2024-05-27,SZ002901,大博医疗,29.28,1260793,350633999,414019506,1212249.113568
2024-05-27,SZ002900,哈三联,11.05,21954221,170890731,316390050,349611.00525
2024-05-27,SH603963,*ST大药,4.28,12180910,219700000,219700000,94031.6
2024-05-27,SZ300706,阿石创,19.9,5472145,113270499,152852499,304176.47301
2024-05-27,SZ300654,世纪天鸿,9.43,9583121,322029603,363863206,343123.003258
2024-05-27,SH603363,傲农生物,4.25,31886932,737455028,870274742,369866.76535
2024-05-27,SH603136,天目湖,18.83,5007504,186294283,186294283,350792.134889
2024-05-27,SH603378,亚士创能,5.88,12709404,428596642,430027650,252856.2582
2024-05-27,SH603367,辰欣药业,15.75,3103300,451284129,452775129,713120.828175
2024-05-27,SH601086,国芳集团,4.38,4885900,666000000,666000000,291708
2024-05-27,SZ002902,铭普光磁,24.08,35000781,153910237,236142260,568630.56208
2024-05-27,SZ300705,九典制药,25.56,3979249,292421230,483610460,1236108.33576
2024-05-27,SZ300707,威唐工业,14.02,3465700,123178914,176975894,248120.203388
2024-05-27,SH603103,横店影视,15.09,2682400,634200000,634200000,957007.8
2024-05-27,SH603110,东方材料,13.37,6455441,201226732,201226732,269040.140684
2024-05-27,SZ002903,宇环数控,17.05,2747184,99786733,155875000,265766.875
2024-05-27,SZ002906,华阳集团,26.62,5468000,524208543,524389001,1395923.520662
2024-05-27,SH603499,翔港科技,17.44,3330692,216138850,216138850,376946.1544
2024-05-27,SZ300708,聚灿光电,9.12,10339880,503443222,675905846,616426.131552
2024-05-27,SZ002905,金逸影视,7.19,10520924,349440000,376320000,270574.08
2024-05-27,SH603829,洛凯股份,13,2291600,160000000,160000000,208000
2024-05-27,SH603396,金辰股份,40.83,5648598,115999882,138593088,565875.578304
2024-05-27,SZ300709,精研科技,27.7,7975945,148879578,186076681,515432.40637
2024-05-27,SZ300710,万隆光电,17.18,2454800,89135188,99490300,170924.3354
2024-05-27,SZ002908,德生科技,8.45,3984484,309088472,431432088,364560.11436
2024-05-27,SH603466,风语筑,10.34,5841894,594777927,594777927,615000.376518
2024-05-27,SZ002907,华森制药,14.04,2471510,308888105,417596314,586305.224856
2024-05-27,SH603683,晶华新材,8.53,22821769,258791289,258791289,220748.969517
2024-05-27,SH603922,金鸿顺,26.56,908900,128000000,128000000,339968
2024-05-27,SH601108,财通证券,7.35,19712188,4643739554,4643739554,3413148.57219
2024-05-27,SH603607,京华激光,14.45,12040150,178516800,178516800,257956.776
2024-05-27,SH603722,阿科力,45,1558600,87937500,87937500,395718.75
2024-05-27,SZ002909,集泰股份,5.13,4780946,361763029,398845123,204607.548099
2024-05-27,SZ300715,凯伦股份,8.79,2230622,278911103,384909628,338335.563012
2024-05-27,SH603260,合盛硅业,53.99,2984699,1074165577,1182206941,6382735.274459
2024-05-27,SZ002910,庄园牧场,7.36,2839805,171061950,195539347,143916.959392
2024-05-27,SZ300712,永福股份,25.57,1279800,186562260,187546035,479555.211495
2024-05-27,SH603289,泰瑞机器,8.88,3235700,293221200,295567442,262463.888496
2024-05-27,SZ300713,英可瑞,12.08,4056693,86625950,158719182,191732.771856
2024-05-27,SZ300711,广哈通信,17.97,17586678,247830208,249170606,447759.578982
2024-05-27,SH603912,佳力图,6.64,8961055,541775782,541775782,359739.119248
2024-05-27,SH603937,丽岛新材,9.14,1466300,208880000,208880000,190916.32
2024-05-27,SH603659,璞泰来,16.23,21352008,2136399076,2137973428,3469930.873644
2024-05-27,SH603856,东宏股份,10.94,1387000,256414600,256900600,281049.2564
2024-05-27,SH603507,振江股份,32.9,3446742,142030934,142030934,467281.77286
2024-05-27,SZ300717,华信新材,15.23,1523000,101853400,102775000,156526.325
2024-05-27,SZ300720,海川智能,17.46,6343870,173302051,194877256,340255.688976
2024-05-27,SZ300718,长盛轴承,14.56,2492500,190654233,298867830,435151.56048
2024-05-27,SH600903,贵州燃气,7.43,7173960,1150002567,1150002567,854451.907281
2024-05-27,SZ300719,安达维尔,20.9,27271499,180021757,255225750,533421.8175
2024-05-27,SZ300716,ST泉为,7.09,3856400,160020000,160020000,113454.18
2024-05-27,SH603916,苏博特,8.53,6213362,420311133,432891133,369256.136449
2024-05-27,SH603083,剑桥科技,33.97,11201400,265077209,268104941,910752.484577
2024-05-27,SZ300722,新余国科,25.72,22834239,230630400,230630400,593181.3888
2024-05-27,SZ300725,药石科技,31.31,2754760,168453319,199664658,625150.044198
2024-05-27,SH603076,乐惠国际,26.29,922000,120701344,120701344,317323.833376
2024-05-27,SH603278,大业股份,8.2,4197340,341759392,341759392,280242.70144
2024-05-27,SZ300721,怡达股份,13.5,15159313,137160880,164846739,222543.09765
2024-05-27,SH603605,珀莱雅,112.29,2708841,394800295,396757355,4455188.339295
2024-05-27,SZ300723,一品红,21.76,2235488,417666477,454143281,988215.779456
2024-05-27,SZ002864,盘龙药业,30.05,3098181,73701636,106280960,319374.2848
2024-05-27,SH603970,中农立华,19.63,1516900,268800134,268800134,527654.663042
2024-05-27,SH603619,中曼石油,25.6,11355983,400000100,400000100,1024000.256
2024-05-27,SH600933,爱柯迪,17.44,6097581,897222572,963594253,1680508.377232
2024-05-27,SH603365,水星家纺,18.89,1629901,262733500,262733500,496303.5815
2024-05-27,SZ300726,宏达电子,23.53,4738516,213572173,411839845,969059.155285
2024-05-27,SZ002912,中新赛克,19.38,2326722,162222011,170752000,330917.376
2024-05-27,SH603661,恒林股份,49.51,1283666,139067031,139067031,688520.870481
2024-05-27,SZ002911,佛燃能源,9.75,4577670,1247110326,1284592933,1252478.109675
2024-05-27,SH601019,山东出版,12.32,7001248,2086900000,2086900000,2571060.8
2024-05-27,SH603685,晨丰科技,11.78,940629,135205538,169005919,199088.972582
2024-05-27,SZ300727,润禾材料,27.98,13952945,113937899,127720867,357362.985866
2024-05-27,SH603809,豪能股份,12.37,6351719,393016574,393016574,486161.502038
2024-05-27,SH603711,香飘飘,16.87,2174834,410745800,410745800,692928.1646
2024-05-27,SZ002913,奥士康,25.8,6280800,265893849,317360504,818790.10032
2024-05-27,SH603848,好太太,14.66,1771800,401000000,404150000,592483.9
2024-05-27,SZ300729,乐歌股份,16.75,11813482,295101651,312634764,523663.2297
2024-05-27,SH603917,合力科技,12.53,1795100,156800000,203840000,255411.52
2024-05-27,SZ002915,中欣氟材,11.68,7106959,287892375,327957575,383054.4476
2024-05-27,SZ300730,科创信息,8.94,3792100,196522977,241030197,215480.996118
2024-05-27,SZ300731,科创新源,16.19,20757848,120150989,126431804,204693.090676
2024-05-27,SZ002917,金奥博,9.97,10721990,260545231,347614197,346571.354409
2024-05-27,SH603890,春秋电子,9.57,29979143,439043374,439043374,420164.508918
2024-05-27,SZ300732,设研院,8.88,28097834,323734805,324305362,287983.161456
2024-05-27,SZ002916,深南电路,92.12,3796475,510834539,512877535,4724627.85242
2024-05-27,SH600025,华能水电,9.76,39489696,18000000000,18000000000,17568000
2024-05-27,SZ002919,名臣健康,17.81,3622914,219899476,222170055,395684.867955
2024-05-27,SH603477,巨星农牧,34.82,5917120,510068593,510068593,1776058.840826
2024-05-27,SZ000155,川能动力,11.71,14208000,1296931295,1628568967,1907054.260357
2024-05-27,SZ002918,蒙娜丽莎,11.71,5203765,219461904,415179353,486175.022363
2024-05-27,SH603283,赛腾股份,66.28,9285900,186048648,200316148,1327695.428944
2024-05-27,SZ001965,招商公路,11.6,17667006,6820337394,6820337394,7911591.37704
2024-05-27,SZ002920,德赛西威,99,4790503,551512655,555006100,5494560.39
2024-05-27,SZ300684,中石科技,17.26,25657581,201053619,299509223,516952.918898
2024-05-27,SZ002921,联诚精密,11.1,2029970,110621521,130882018,145279.03998
2024-05-27,SZ300735,光弘科技,20.91,20078007,752957676,767460689,1604760.300699
2024-05-27,SZ002922,伊戈尔,21.93,33936805,372686048,391781691,859177.248363
2024-05-27,SH603655,朗博科技,16.32,852700,106000000,106000000,172992
2024-05-27,SH603329,上海雅仕,12.92,2049200,158756195,158756195,205113.00394
2024-05-27,SH603080,新疆火炬,14.94,1902297,141500000,141500000,211401
2024-05-27,SH603161,科华控股,16.11,2669400,133400000,136720700,220257.0477
2024-05-27,SZ300664,鹏鹞环保,4.96,3201800,768839482,792476982,393068.583072
2024-05-27,SZ002923,润都股份,10.92,2618267,258084835,334893286,365703.468312
2024-05-27,SZ300736,百邦科技,14.85,5010300,128700258,130065904,193147.86744
2024-05-27,SZ002925,盈趣科技,13.15,6547504,737189756,780403040,1026229.9976
2024-05-27,SZ300733,西菱动力,9.7,1662520,244071777,305676280,296505.9916
2024-05-27,SH603056,德邦股份,16.11,4986100,1026955265,1026955265,1654424.931915
2024-05-27,SH601828,美凯龙,3.22,18711216,3613447039,4354732673,1402223.920706
2024-05-27,SZ300624,万兴科技,81.38,4620131,122448769,138254689,1125116.659082
2024-05-27,SZ300738,奥飞数据,11.55,59034368,964557042,964836006,1114385.58693
2024-05-27,SH603895,天永智能,18.13,771720,108080000,108080000,195949.04
2024-05-27,SH603356,华菱精工,12.88,5095439,133340000,133340000,171741.92
2024-05-27,SZ300737,科顺股份,5.76,23730581,900222909,1177290118,678119.107968
2024-05-27,SH601838,成都银行,15.95,16832753,3806557053,3813934211,6083225.066545
2024-05-27,SH603506,南都物业,10.4,12072853,187777779,187777779,195288.89016
2024-05-27,SZ300739,明阳电路,11.58,2305531,293539642,298794242,346003.732236
2024-05-27,SH603516,淳中科技,38.9,11008049,201841779,201841779,785164.52031
2024-05-27,SZ002926,华西证券,7.05,10253400,2625000000,2625000000,1850625
2024-05-27,SZ300644,南京聚隆,27.75,21125661,85417638,107806093,299161.908075
2024-05-27,SH603871,嘉友国际,28.4,3826904,698840449,698840449,1984706.87516
2024-05-27,SZ300740,水羊股份,17.56,2656751,357319365,388580477,682347.317612
2024-05-27,SH603709,中源家居,13.76,2107020,96000000,96000000,132096
2024-05-27,SH603156,养元饮品,25.77,2454750,1265493600,1265493600,3261177.0072
2024-05-27,SZ002927,泰永长征,15.27,17856954,220642600,223192180,340814.45886
2024-05-27,SH603712,七一二,21.42,11695993,772000000,772000000,1653624
2024-05-27,SH603680,今创集团,7.78,1575130,783718767,783718767,609733.200726
2024-05-27,SH601360,三六零,8.26,46619724,7145363197,7145363197,5902070.000722
2024-05-27,SZ002929,润建股份,34.13,9102763,207847625,279697039,954605.994107
2024-05-27,SH600901,江苏金租,5.37,31235040,4356775662,4369842358,2346605.346246
2024-05-27,SZ300741,华宝股份,18.55,1480400,615877150,615880000,1142457.4
2024-05-27,SH603059,倍加洁,23.73,569200,100448700,100448700,238364.7651
2024-05-27,SZ002928,华夏航空,7.3,18598575,1223893725,1278241550,933116.3315
2024-05-27,SZ300634,彩讯股份,17.9,8841769,431288250,447653250,801299.3175
2024-05-27,SH600929,雪天盐业,5.93,6042013,1238159398,1659173900,983890.1227
2024-05-27,SZ002930,宏川智慧,15.09,3840450,435757412,460267421,694543.538289
2024-05-27,SZ300504,天邑股份,13.05,2298673,218078769,272432480,355524.3864
2024-05-27,SH603214,爱婴室,12.79,1690620,138540036,138540036,177192.706044
2024-05-27,SZ002931,锋龙股份,12.2,1775988,186892551,204786835,249839.9387
2024-05-27,SH603897,长城科技,21.07,2262400,206435681,206435681,434959.979867
2024-05-27,SH603301,振德医疗,21.52,888100,266451202,266451202,573402.986704
2024-05-27,SH603773,沃格光电,24.13,26759625,203296882,222797333,537609.964529
2024-05-27,SH603876,鼎胜新材,10.71,7244880,886223834,889922294,953106.776874
2024-05-27,SH603733,仙鹤股份,19.68,4273250,705975551,705975551,1389359.884368
2024-05-27,SH603348,文灿股份,29.61,4200300,264063823,264063823,781892.979903
2024-05-27,SH603596,伯特利,36.07,8266774,605217920,606545820,2187810.77274
2024-05-27,SZ300743,天地数码,12.92,3639866,129248456,153427218,198227.965656
2024-05-27,SZ300742,越博退,0.8,0,115168718,141297426,11303.79408
2024-05-27,SH603259,药明康德,42.42,55158020,2524840187,2911916337,12352349.101554
2024-05-27,SH603013,亚普股份,14.64,2454034,512599264,512599264,750445.322496
2024-05-27,SZ300454,深信服,54.57,2683647,276259825,419848342,2291112.402294
2024-05-27,SH603045,福达合金,11.17,4082060,135445155,135445155,151292.238135
2024-05-27,SZ300745,欣锐科技,15.23,3112845,141292652,167614391,255276.717493
2024-05-27,SZ300746,汉嘉数智,7.27,7802617,221884219,225738328,164111.764456
2024-05-27,SH603486,科沃斯,52.76,9676560,569201340,576462740,3041417.41624
2024-05-27,SH601138,工业富联,24.86,146606162,19834986505,19864027253,49381971.750958
2024-05-27,SH601330,绿色动力,6.92,4616700,989091670,1393451462,964268.411704
2024-05-27,SZ300750,宁德时代,200.01,16361785,3894854493,4399041236,87985223.761236
2024-05-27,SH603666,亿嘉和,18.84,2820900,206490816,206490816,389028.697344
2024-05-27,SH601990,南京证券,8,10261820,3659788847,3686361034,2949088.8272
2024-05-27,SH601066,中信建投,21.45,7836785,3811362018,7756694797,16638110.339565
2024-05-27,SH603587,地素时尚,12.86,1291460,471430292,477386282,613918.758652
2024-05-27,SZ300747,锐科激光,19.35,5620442,507345910,564821828,1092930.23718
2024-05-27,SH603650,彤程新材,29.74,18759800,594069815,599830991,1783897.367234
2024-05-27,SH603693,江苏新能,13.07,15783382,803400000,891475880,1165158.97516
2024-05-27,SH603706,东方环宇,16.72,2664800,189382714,189382714,316647.897808
2024-05-27,SH603105,芯能科技,9.05,39085933,500002894,500002894,452502.61907
2024-05-27,SZ002932,明德生物,19.07,1636676,156085161,232520957,443417.464999
2024-05-27,SH603713,密尔克卫,66.95,3411688,164123530,164293855,1099947.359225
2024-05-27,SH601869,长飞光纤,25.25,2031300,406338314,757905108,1913710.3977
2024-05-27,SH603657,春光科技,13.66,3237147,135190050,137633750,188007.7025
2024-05-27,SH601606,长城军工,10.71,33420405,724228400,724228400,775648.6164
2024-05-27,SZ300724,捷佳伟创,65.33,6034676,274138092,348175136,2274628.163488
2024-05-27,SZ000629,钒钛股份,2.98,58345740,9195635820,9295033245,2769919.90701
2024-05-27,SH603590,康辰药业,28.37,756383,157510000,160000000,453920
2024-05-27,SH603192,汇得科技,15.74,981010,138666667,138666667,218261.333858
2024-05-27,SZ002933,新兴装备,26.11,1654400,113985547,117350000,306400.85
2024-05-27,SZ000950,重药控股,5.89,29251156,1728184696,1728184696,1017900.785944
2024-05-27,SH601068,中铝国际,4.62,11137100,2559590667,2959066667,1367088.800154
2024-05-27,SZ002935,天奥电子,15.65,3234730,345909070,357446752,559404.16688
2024-05-27,SH603297,永新光学,67.52,921400,110449500,111170500,750623.216
2024-05-27,SH603790,雅运股份,11.49,1889450,191360000,191360000,219872.64
2024-05-27,SH603810,丰山集团,9.92,3115500,165241560,165241560,163919.62752
2024-05-27,SZ002938,鹏鼎控股,29,16010600,2315111091,2320437816,6729269.6664
2024-05-27,SZ002936,郑州银行,1.96,49843325,6698652341,9092091358,1782049.906168
2024-05-27,SZ300748,金力永磁,14.42,10848592,1133699015,1344771235,1939160.12087
2024-05-27,SH603583,捷昌驱动,19.35,6271122,382246955,384595355,744192.011925
2024-05-27,SZ300749,顶固集创,6.08,4459700,155162600,205832200,125145.9776
2024-05-27,SZ002937,兴瑞科技,21.1,2336020,295488616,297779586,628314.92646
2024-05-27,SH601577,长沙银行,8.7,20620609,4020596589,4021553754,3498751.76598
2024-05-27,SZ300694,蠡湖股份,10.04,2115300,215316977,215316977,216178.244908
2024-05-27,SZ300760,迈瑞医疗,301.19,2786400,1212440419,1212441394,36517522.345886
2024-05-27,SH601162,天风证券,2.84,77659180,8665757464,8665757464,2461075.119776
2024-05-27,SZ002940,昂利康,18,2426313,185275468,201728186,363110.7348
2024-05-27,SZ002939,长城证券,7.29,12045500,3487622957,4034426956,2941097.250924
2024-05-27,SZ300674,宇信科技,11.88,6253160,703340720,704057060,836419.78728
2024-05-27,SZ300751,迈为股份,134.63,2061815,193145209,279197806,3758840.062178
2024-05-27,SH603220,中贝通信,28.18,13191818,333821919,335237152,944698.294336
2024-05-27,SH601319,中国人保,5.51,68140266,35497756583,44223990583,24367418.811233
2024-05-27,SZ002941,新疆交建,11.25,7234102,640171830,645080776,725715.873
2024-05-27,SH603187,海容冷链,13.62,4162901,384472883,386430339,526318.121718
2024-05-27,SZ002943,宇晶股份,18.55,2559744,120436370,203960584,378346.88332
2024-05-27,SZ300752,隆利科技,14.1,15736120,156365044,227599450,320915.2245
2024-05-27,SZ002942,新农股份,14.65,950800,139780875,156000000,228540
2024-05-27,SZ300753,爱朋医疗,12.03,2407818,80994937,126048000,151635.744
2024-05-27,SH603629,利通电子,21.7,4620600,254800000,258830000,561661.1
2024-05-27,SZ001872,招商港口,19.29,3996908,1742469694,2499074661,4820715.021069
2024-05-27,SH603185,弘元绿能,21.16,10309018,571964312,684872435,1449190.07246
2024-05-27,SZ300756,金马游乐,14.66,9022095,118363284,157598176,231038.926016
2024-05-27,SH601860,紫金银行,2.77,43034379,3540620404,3660979980,1014091.45446
2024-05-27,SZ300757,罗博特科,114.78,6265695,104033080,110388986,1267044.781308
2024-05-27,SH601975,招商南油,3.85,89459818,4801856148,4801856148,1848714.61698
2024-05-27,SH603121,华培动力,7.92,3717800,338533715,338533715,268118.70228
2024-05-27,SH603739,蔚蓝生物,15.52,25391853,253028866,253028866,392700.800032
2024-05-27,SZ002948,青岛银行,3.81,35696609,3110040478,5820354724,2217555.149844
2024-05-27,SH603332,苏州龙杰,8.64,9304531,216347184,216347184,186923.966976
2024-05-27,SZ002945,华林证券,11.07,7523733,2700000000,2700000000,2988900
2024-05-27,SH601598,中国外运,6.04,31576238,5255916875,7294216875,4405706.9925
2024-05-27,SH601298,青岛港,8.51,13004900,5392075000,6491100000,5523926.1
2024-05-27,SH603700,宁水集团,10.66,2042011,203242000,203242000,216655.972
2024-05-27,SH601615,明阳智能,10.42,30550800,2263287906,2271759206,2367173.092652
2024-05-27,SZ002946,新乳业,10.41,5951383,851576588,865712801,901207.025841
2024-05-27,SZ300759,康龙化成,21.02,18566395,1428583385,1787394297,3757102.812294
2024-05-27,SZ300755,华致酒行,17.16,1707740,416479635,416798400,715226.0544
2024-05-27,SH603351,威尔药业,23.7,735600,134015272,135439132,320990.74284
2024-05-27,SZ002947,恒铭达,30.76,5272586,161542538,230171765,708008.34914
2024-05-27,SH601865,福莱特,24.14,14394724,1899064281,2351324281,5676096.814334
2024-05-27,SZ300761,立华股份,24.35,6952464,604899090,827644501,2015314.359935
2024-05-27,SZ300758,七彩化学,12.93,38728097,352893754,406038596,525007.904628
2024-05-27,SH603956,威派格,6.17,2430300,506699774,506699774,312633.760558
2024-05-27,SZ002949,华阳国际,10.61,7373836,149538727,196040602,207999.078722
2024-05-27,SH600928,西安银行,3.68,26606537,4421245370,4444444445,1635555.55576
2024-05-27,SZ002950,奥美医疗,8.23,5195241,451995209,633265407,521177.429961
2024-05-27,SZ300762,上海瀚讯,16.17,44118592,627965772,627965772,1015420.653324
2024-05-27,SZ002951,金时科技,6.26,879000,404998500,405000000,253530
2024-05-27,SZ300763,锦浪科技,57.6,4554755,321534605,400686945,2307956.8032
2024-05-27,SZ300765,新诺威,30.74,11492045,1247072434,1404592944,4317718.709856
2024-05-27,SZ300766,每日互动,11.15,13740400,355673038,392172757,437272.624055
2024-05-27,SH603681,永冠新材,14.5,2253000,191130741,191130741,277139.57445
2024-05-27,SZ002958,青农商行,2.91,41628348,4926391014,5555616535,1616684.411685
2024-05-27,SZ002952,亚世光电,24.11,5088025,132045032,164340000,396223.74
2024-05-27,SZ300767,震安科技,10.72,5701391,209457152,247229150,265029.6488
2024-05-27,SH603379,三美股份,41.13,3454100,610479037,610479037,2510900.279181
2024-05-27,SZ300768,迪普科技,12.68,4403800,420667709,643829039,816375.221452
2024-05-27,SH603068,博通集成,25.15,18302784,150424966,150424966,378318.78949
2024-05-27,SZ300769,德方纳米,33.88,5919250,250901602,279242297,946072.902236
2024-05-27,SH603317,天味食品,13.68,3916476,1059342534,1065083794,1457034.630192
2024-05-27,SZ300770,新媒股份,38.36,3458558,231058146,231058146,886339.048056
2024-05-27,SZ300771,智莱科技,9.36,5576940,181199138,240000000,224640
2024-05-27,SZ300773,拉卡拉,13.82,6041900,734335413,800020000,1105627.64
2024-05-27,SZ300772,运达股份,10.45,10901656,691983955,702078355,733671.880975
2024-05-27,SH603967,中创物流,10.19,11387770,346666710,346666710,353253.37749
2024-05-27,SH603697,有友食品,6.84,2664720,427692098,427692098,292541.395032
2024-05-27,SZ002953,日丰股份,11.5,3146240,200551882,351452961,404170.90515
2024-05-27,SZ300778,新城市,11.23,8681623,203622743,204470866,229620.782518
2024-05-27,SH603267,鸿远电子,34.68,6157214,231845600,232116800,804981.0624
2024-05-27,SH600989,宝丰能源,16.69,11673846,7333360000,7333360000,12239377.84
2024-05-27,SZ300777,中简科技,25.4,5601600,423742784,439707537,1116857.14398
2024-05-27,SZ300776,帝尔激光,53.83,11054305,167122885,273082516,1470003.183628
2024-05-27,SZ300775,三角防务,31.2,17524339,531725008,550235133,1716733.61496
2024-05-27,SH603982,泉峰汽车,9,2702400,243264134,261375202,235237.6818
2024-05-27,SZ300779,惠城环保,50.5,6827796,148374210,194952472,984509.9836
2024-05-27,SH603327,福蓉科技,14.28,30907156,677714710,677714710,967776.60588
2024-05-27,SZ002955,鸿合科技,24.89,5918470,185025475,234953120,584798.31568
2024-05-27,SZ300780,德恩精工,14.27,2881600,103207174,146670000,209298.09
2024-05-27,SZ300781,因赛集团,45.87,4979800,81102641,109969792,504431.435904
2024-05-27,SH603915,国茂股份,14.36,4507800,656632480,661945620,950553.91032
2024-05-27,SZ300782,卓胜微,86.46,8764543,444816570,533815206,4615366.271076
2024-05-27,SZ002956,西麦食品,15.86,11606758,222511592,223277669,354118.383034
2024-05-27,SH603217,元利科技,16.43,1810167,206912800,208185280,342048.41504
2024-05-27,SH603863,松炀资源,37.66,3717100,204650000,204650000,770711.9
2024-05-27,SZ300594,朗进科技,17.17,2289300,90852251,91877450,157753.58165
2024-05-27,SH600968,海油发展,4.27,30437900,10165104199,10165104199,4340499.492973
2024-05-27,SH603867,新化股份,25.95,1409710,185591474,185591474,481609.87503
2024-05-27,SH601698,中国卫通,14.92,8709847,4224385412,4224385412,6302783.034704
2024-05-27,SZ300788,中信出版,27.02,2470700,190151515,190151515,513789.39353
2024-05-27,SH601236,红塔证券,6.93,8026730,4716787742,4716787742,3268733.905206
2024-05-27,SZ300783,三只松鼠,24.33,7662538,279596000,401000000,975633
2024-05-27,SZ300785,值得买,21.3,11150477,113812976,198855243,423561.66759
2024-05-27,SH603236,移远通信,46.27,5090743,264574906,264574906,1224188.090062
2024-05-27,SH603256,宏和科技,7.13,5481500,879727500,882512500,629231.4125
2024-05-27,SH688122,西部超导,40.95,6791144,649664497,649664497,2660376.115215
2024-05-27,SH688088,虹软科技,30.1,4078593,406000000,406000000,1222060
2024-05-27,SH688333,铂力特,62.6,1449336,226900846,271768196,1701268.90696
2024-05-27,SH688001,华兴源创,22.62,1696412,441984741,441984741,999769.484142
2024-05-27,SH688388,嘉元科技,12.21,6417523,426238047,426238047,520436.655387
2024-05-27,SH688012,中微公司,129.41,11715107,620073253,620073253,8024367.967073
2024-05-27,SH688019,安集科技,162.01,2012572,99070448,99070448,1605040.328048
2024-05-27,SH688022,瀚川智能,14.64,3194969,175878324,175878324,257485.866336
2024-05-27,SH688003,天准科技,33.88,854446,192445000,192445000,652003.66
2024-05-27,SH688005,容百科技,28.96,4731748,315452832,484223588,1402311.510848
2024-05-27,SH688006,杭可科技,19.97,4007581,603672152,603672152,1205533.287544
2024-05-27,SH688007,光峰科技,16.82,7126680,462605378,462605378,778102.245796
2024-05-27,SH688008,澜起科技,52.62,23948728,1141461126,1141461126,6006368.445012
2024-05-27,SH688009,中国通号,5.69,21081868,8621018000,10589819000,6025607.011
2024-05-27,SH688018,乐鑫科技,73.9,1301292,112094220,112094220,828376.2858
2024-05-27,SH688033,天宜新材,7.15,15313529,562198596,562198596,401971.99614
2024-05-27,SH688016,心脉医疗,113.3,1134055,107247439,123262117,1396559.78561
2024-05-27,SH688002,睿创微纳,29.27,7556608,448438515,448438515,1312579.533405
2024-05-27,SH688029,南微医学,66.53,972442,187847422,187847422,1249748.898566
2024-05-27,SH688010,福光股份,17.41,541607,160561578,160561578,279537.707298
2024-05-27,SH688015,交控科技,20.39,4350755,188680742,188680742,384720.032938
2024-05-27,SH688020,方邦股份,33.79,4035657,80666656,80666656,272572.630624
2024-05-27,SH688011,新光光电,16.17,976569,100000000,100000000,161700
2024-05-27,SH688028,沃尔德,17.58,1722136,144608220,153413344,269700.658752
2024-05-27,SH688066,航天宏图,20.8,7008057,261193043,261193043,543281.52944
2024-05-27,SZ300786,国林科技,13.76,18551768,136852244,184015879,253205.849504
2024-05-27,SH603983,丸美生物,30.88,906200,401000000,401000000,1238288
2024-05-27,SH603687,大胜达,8.08,15892249,546502453,550031864,444425.746112
2024-05-27,SZ002957,科瑞技术,14.11,5672000,410025366,411664370,580858.42607
2024-05-27,SH603279,景津装备,22.22,4168800,572047374,576682400,1281388.2928
2024-05-27,SH603613,国联股份,23.76,36927338,722333313,722333313,1716263.951688
2024-05-27,SZ002966,苏州银行,8.28,66664769,3563796606,3666740451,3036061.093428
2024-05-27,SH603530,神马电力,24.72,12871251,429981562,432263327,1068554.944344
2024-05-27,SH603662,柯力传感,26.39,5463072,280829868,282504992,745530.673888
2024-05-27,SH688099,晶晨股份,56.28,3743370,418326368,418326368,2354340.799104
2024-05-27,SH688188,柏楚电子,197.53,1512312,205452708,205452708,4058307.341124
2024-05-27,SZ002960,青鸟消防,14.26,6911116,633869186,759038213,1082388.491738
2024-05-27,SH603115,海星股份,12.3,1092400,239200000,239200000,294216
2024-05-27,SH688321,微芯生物,21.79,2118200,411286794,411286794,896193.924126
2024-05-27,SZ300787,海能实业,13.09,3735810,134970418,220020418,288006.727162
2024-05-27,SZ002959,小熊电器,62.98,2134363,154160224,156855099,987873.413502
2024-05-27,SH603992,松霖科技,17.82,2056000,401013115,407988115,727034.82093
2024-05-27,SZ003816,中国广核,4.17,125081094,39334986100,50498611100,21057920.8287
2024-05-27,SZ300789,唐源电气,17.94,2029055,74956812,109369397,196208.698218
2024-05-27,SH603755,日辰股份,23.07,582200,98613681,98613681,227501.762067
2024-05-27,SH603093,南华期货,10.3,2430200,610065893,610065893,628367.86979
2024-05-27,SZ002961,瑞达期货,12.5,2495363,445029448,445029448,556286.81
2024-05-27,SH688168,安博通,31.8,544231,76513908,76513908,243314.22744
2024-05-27,SH603927,中科软,18.88,6804804,831040000,831040000,1569003.52
2024-05-27,SZ002962,五方光电,16.67,31790920,209251104,292871256,488216.383752
2024-05-27,SZ300790,宇瞳光学,13.51,6225960,246410359,335547951,453325.281801
2024-05-27,SH688116,天奈科技,27.69,6581573,344562666,344562666,954094.022154
2024-05-27,SZ300791,仙乐健康,39.94,1170350,149956864,181562337,725159.973978
2024-05-27,SZ300792,壹网壹创,19.23,17281449,208736052,238498772,458633.138556
2024-05-27,SH688036,传音控股,131.2,7138209,806565200,806565200,10582135.424
2024-05-27,SH688068,热景生物,28.75,522424,92474692,92474692,265864.7395
2024-05-27,SH688030,山石网科,11.77,774592,180229604,180229604,212130.243908
2024-05-27,SH688368,晶丰明源,74.3,753109,62939380,62939380,467639.5934
2024-05-27,SH603786,科博达,70.55,1310700,401261450,403900100,2849515.2055
2024-05-27,SZ300793,佳禾智能,12.57,6011680,329910800,338388800,425354.7216
2024-05-27,SH603815,交建股份,6.66,2878900,618924235,618924235,412203.54051
2024-05-27,SZ300795,米奥会展,20.53,1875774,133057623,229441935,471044.292555
2024-05-27,SH688139,海尔生物,39.64,3092811,317952508,317952508,1260363.741712
2024-05-27,SZ002965,祥鑫科技,34.49,2178952,126583138,204241638,704429.409462
2024-05-27,SH688098,申联生物,5.27,1194533,410644000,410644000,216409.388
2024-05-27,SZ002963,豪尔赛,11.28,1465500,122994048,150359930,169606.00104
2024-05-27,SH603610,麒盛科技,12.58,3149831,358489251,358489251,450979.477758
2024-05-27,SZ300799,左江退,6.94,0,67575000,102030000,70808.82
2024-05-27,SH601077,渝农商行,5.08,60384010,8836073789,11357000000,5769356
2024-05-27,SH688108,赛诺医疗,11.97,5887688,410000000,410000000,490770
2024-05-27,SH688366,昊海生科,87.62,408752,139108603,168707203,1478212.512686
2024-05-27,SH688369,致远互联,17.8,2319818,115158439,115158439,204982.02142
2024-05-27,SH688025,杰普特,42.28,1636065,95049423,95049423,401868.960444
2024-05-27,SH688058,宝兰德,31.39,445787,56000000,56000000,175784
2024-05-27,SZ300797,钢研纳克,10.32,2958550,372300000,383175000,395436.6
2024-05-27,SH688389,普门科技,19.01,3336626,428114047,428114047,813844.803347
2024-05-27,SH688199,久日新材,20.68,1456281,108405552,108405552,224182.681536
2024-05-27,SH688128,中国电研,18.65,1918707,404500000,404500000,754392.5
2024-05-27,SH688023,安恒信息,47.48,2417948,78625752,78958984,374897.256032
2024-05-27,SH688202,美迪西,32.9,2203767,122633634,134673082,443074.43978
2024-05-27,SH688021,奥福科技,10.81,894900,77283584,77283584,83543.554304
2024-05-27,SH688363,华熙生物,59.9,1840519,198178242,481678242,2885252.66958
2024-05-27,SH688299,长阳科技,12.33,3326235,286833913,290496916,358182.697428
2024-05-27,SZ300800,力合科技,10.49,1180200,141490450,238400000,250081.6
2024-05-27,SH688288,鸿泉技术,13.32,1006018,100343920,100343920,133658.10144
2024-05-27,SZ300564,筑博设计,10.08,2510300,110132800,164384000,165699.072
2024-05-27,SZ002967,广电计量,13.67,7186215,506465841,575225846,786333.731482
2024-05-27,SH688166,博瑞医药,36.8,8412680,422466561,422466561,1554676.94448
2024-05-27,SH603489,八方股份,34.12,914700,167979295,168118637,573620.789444
2024-05-27,SZ300802,矩子科技,16.04,1341300,192758485,289295555,464030.07022
2024-05-27,SZ300796,贝斯美,14.92,7417160,361142872,361142872,538825.165024
2024-05-27,SH688300,联瑞新材,49.6,3846378,185745531,185745531,921297.83376
2024-05-27,SH688101,三达膜,12.72,1340024,333880000,333880000,424695.36
2024-05-27,SZ300803,指南针,43.07,6574692,404185260,408961999,1761399.329693
2024-05-27,SH688111,金山办公,266.1,4667029,461817245,461817245,12288956.88945
2024-05-27,SH688138,清溢光电,21.66,3581496,266800000,266800000,577888.8
2024-05-27,SZ300805,电声股份,7.05,4187620,287139200,423230000,298377.15
2024-05-27,SH688196,卓越新能,28.51,1279937,120000000,120000000,342120
2024-05-27,SZ300798,锦鸡股份,7.07,5387000,369828758,468802964,331443.695548
2024-05-27,SZ300806,斯迪克,9.39,23002355,275630954,453300503,425649.172317
2024-05-27,SH603390,通达电气,7.27,2632300,349755265,351686984,255676.437368
2024-05-27,SH601916,浙商银行,3.07,86037810,21544435963,27464635963,8431643.240641
2024-05-27,SZ300801,泰和科技,15.8,3036900,135731535,218430000,345119.4
2024-05-27,SZ300808,久量股份,18.03,4145250,89179418,160000000,288480
2024-05-27,SZ002969,嘉美包装,3.41,9520100,575900036,959038962,327032.286042
2024-05-27,SH688358,祥生医疗,28.44,476315,112124537,112124537,318882.183228
2024-05-27,SZ002968,新大正,11.75,16811849,213445883,226277783,265876.395025
2024-05-27,SH688310,迈得医疗,25.79,472028,118049833,118049833,304450.519307
2024-05-27,SH688118,普元信息,15.2,2222547,93970039,93970039,142834.45928
2024-05-27,SZ300809,华辰装备,21.54,3129380,118265450,252176000,543187.104
2024-05-27,SH688357,建龙微纳,28.68,806202,100058386,100058386,286967.451048
2024-05-27,SH688399,硕世生物,73.7,636475,58620000,58620000,432029.4
2024-05-27,SZ300810,中科海讯,17.06,4468450,113995400,118050000,201393.3
2024-05-27,SH688258,卓易信息,36.7,2252842,86956591,86956591,319130.68897
2024-05-27,SH688198,佰仁医疗,108.72,206793,136579240,136579240,1484889.49728
2024-05-27,SH601658,邮储银行,5.15,145600306,67122395200,99161076038,51067954.15957
2024-05-27,SH688218,江苏北人,20.64,5344687,118191325,118191325,243946.8948
2024-05-27,SH688039,当虹科技,23.61,1420667,111916907,111916907,264235.817427
2024-05-27,SZ001914,招商积余,12.07,13120129,1060342760,1060346060,1279837.69442
2024-05-27,SH688037,芯源微,91.49,5086815,137887011,137887011,1261528.263639
2024-05-27,SZ002970,锐明技术,34.73,5356400,111839174,173039000,600964.447
2024-05-27,SH603053,成都燃气,10.54,2309300,888890000,888890000,936890.06
2024-05-27,SZ300807,天迈科技,25.82,6199400,48800800,68039587,175678.213634
2024-05-27,SH688089,嘉必优,15.97,4325945,168309120,168309120,268789.66464
2024-05-27,SH601512,中新集团,8.9,5603325,1498890000,1498890000,1334012.1
2024-05-27,SH688123,聚辰股份,51.45,3147071,158699212,158699212,816507.44574
2024-05-27,SH603995,甬金股份,19.28,3397000,365617089,366679968,706958.978304
2024-05-27,SH688268,华特气体,49.24,1995430,120223021,120493021,593307.635404
2024-05-27,SZ002972,科安达,10.04,3580240,123743060,246008800,246992.8352
2024-05-27,SZ300811,铂科新材,54,2348606,161629870,198857048,1073828.0592
2024-05-27,SH688078,龙软科技,24.33,810112,72049000,72049000,175295.217
2024-05-27,SH603109,神驰机电,14.46,1145800,207929148,208872720,302029.95312
2024-05-27,SH688181,八亿时空,18.48,1775284,134481546,134481546,248521.897008
2024-05-27,SH688081,兴图新科,9.76,1683952,103040000,103040000,100567.04
2024-05-27,SZ002973,侨银股份,9.83,1336000,204412368,408664953,401717.648799
2024-05-27,SZ300812,易天股份,22.83,6272040,89211924,140257029,320206.797207
2024-05-27,SZ002971,和远气体,27.22,1990259,124582010,160000000,435520
2024-05-27,SZ300813,泰林生物,20.37,2837752,57683743,109138939,222316.018743
2024-05-27,SH688178,万德斯,11.87,866659,84997844,85283597,101231.629639
2024-05-27,SH603551,奥普科技,12.15,3336800,399585625,401337000,487624.455
2024-05-27,SH601816,京沪高铁,5.19,108990580,49106484611,49106484611,25486265.513109
2024-05-27,SH688278,特宝生物,55.48,2186645,406800000,406800000,2256926.4
2024-05-27,SH688158,优刻得,10.93,6700562,384692506,453095081,495232.923533
2024-05-27,SH688100,威胜信息,38.71,3784764,500000000,500000000,1935500
2024-05-27,SH688026,洁特生物,11.53,1321998,140200718,140363220,161838.79266
2024-05-27,SZ300815,玉禾田,13.4,2960276,387792000,398592000,534113.28
2024-05-27,SH688159,有方科技,38.85,2690261,91679495,92129495,357923.088075
2024-05-27,SH688266,泽璟制药,54.45,2448100,208842486,264708186,1441336.07277
2024-05-27,SH603290,斯达半导,88.99,4094655,239372896,239372896,2130179.401504
2024-05-27,SH688298,东方生物,28.68,1704948,201600000,201600000,578188.8
2024-05-27,SZ002975,博杰股份,31.93,2536900,72303391,138939916,443635.151788
2024-05-27,SH603195,公牛集团,126.03,1439912,887981659,891540875,11236089.647625
2024-05-27,SH603893,瑞芯微,54.52,2888099,417968100,418222100,2280146.8892
2024-05-27,SZ300816,艾可蓝,24.76,739382,47486203,80000000,198080
2024-05-27,SH688398,赛特新材,30.74,656630,116000000,116000000,356584
2024-05-27,SH688186,广大特材,12.22,2047099,214240571,214240571,261801.977762
2024-05-27,SZ300818,耐普矿机,27.29,1814714,92940621,153155013,417960.030477
2024-05-27,SH688080,映翰通,33.33,669538,73601522,73601522,245313.872826
2024-05-27,SH688208,道通科技,25.74,4846573,451877086,451877086,1163131.619364
2024-05-27,SZ300820,英杰电气,44.26,2472368,109765316,220362708,975325.345608
2024-05-27,SH688090,瑞松科技,27.72,2657248,66914608,67360588,186723.549936
2024-05-27,SH688200,华峰测控,107.68,1594892,135367189,135367189,1457633.891152
2024-05-27,SZ300817,双飞集团,11.93,1760503,99366912,174638592,208343.840256
2024-05-27,SH688177,百奥泰,26.74,2102162,414080000,414080000,1107249.92
2024-05-27,SH688169,石头科技,417.74,2425936,131477470,131477470,5492339.83178
2024-05-27,SH688233,神工股份,20.17,3693740,170305736,170305736,343506.669512
2024-05-27,SH603719,良品铺子,14.17,4235000,401000000,401000000,568217
2024-05-27,SH601696,中银证券,9.92,11938958,2778000000,2778000000,2755776
2024-05-27,SH688396,华润微,38,2926870,1323517004,1323517004,5029364.6152
2024-05-27,SH603948,建业股份,18.65,775000,161260000,162495000,303053.175
2024-05-27,SZ002976,瑞玛精密,23.18,1289449,64734075,120652200,279671.7996
2024-05-27,SH603949,雪龙集团,13.39,1376100,210173240,211136680,282712.01452
2024-05-27,SZ300821,东岳硅材,8.05,9092464,1200000000,1200000000,966000
2024-05-27,SZ300819,聚杰微纤,15.34,11062422,134762250,149205000,228880.47
2024-05-27,SZ300822,贝仕达克,14.3,19411708,222329870,240007500,343210.725
2024-05-27,SZ002977,天箭科技,27.27,2200504,64910980,120120000,327567.24
2024-05-27,SZ300823,建科智能,18.86,3123925,54741191,93559091,176452.445626
2024-05-27,SH688051,佳华科技,18.43,427060,77334000,77334000,142526.562
2024-05-27,SH603221,爱丽家居,10.26,4925900,240000000,244580000,250939.08
2024-05-27,SH688189,南新制药,6.5,2258151,274400000,274400000,178360
2024-05-27,SZ300825,阿尔特,10.55,5188550,475831878,498040481,525432.707455
2024-05-27,SH688228,开普云,49.05,1891005,67518240,67518240,331176.9672
2024-05-27,SZ300826,测绘股份,12.11,3796808,152243256,157876797,191188.801167
2024-05-27,SH603353,和顺石油,14.36,5470662,173394000,173394000,248993.784
2024-05-27,SZ002979,雷赛智能,18.92,4808622,216691758,309291200,585178.9504
2024-05-27,SH688096,京源环保,5.93,903888,152364400,152364400,90352.0892
2024-05-27,SH688085,三友医疗,17.46,1069102,248453535,248453535,433799.87211
2024-05-27,SZ300827,上能电气,27.95,7625949,260602631,358038965,1000718.907175
2024-05-27,SZ002980,华盛昌,24.18,1246768,71833400,133333400,322400.1612
2024-05-27,SH603095,越剑智能,15.35,1976400,184800000,184800000,283668
2024-05-27,SH688222,成都先导,12.28,3242915,400680000,400680000,492035.04
2024-05-27,SZ002981,朝阳科技,26.74,1455600,84750000,96000000,256704
2024-05-27,SZ002978,安宁股份,32.16,971900,298999900,401000000,1289616
2024-05-27,SH688126,沪硅产业,12.89,9825647,2720298399,2747177186,3541111.392754
2024-05-27,SZ300828,锐新科技,11.97,5810037,122826440,166594800,199413.9756
2024-05-27,SH603682,锦和商管,4.74,15325545,472500000,472500000,223965
2024-05-27,SZ300829,金丹科技,17.28,3893586,120386729,180655005,312171.84864
2024-05-27,SH601609,金田股份,6.37,7521900,1472393294,1478892044,942054.232028
2024-05-27,SZ002982,湘佳股份,19.35,11247770,92332687,142634721,275998.185135
2024-05-27,SH688318,财富趋势,115.98,1694229,130673200,130673200,1515547.7736
2024-05-27,SZ002983,芯瑞达,21.46,2472600,105844100,186157000,399492.922
2024-05-27,SH603439,三力制药,15.42,3662786,409070216,409862216,632007.537072
2024-05-27,SZ002985,北摩高科,26.15,6127209,207284396,331853600,867797.164
2024-05-27,SH603392,万泰生物,67.38,7757850,1268206999,1268206999,8545178.759262
2024-05-27,SH688365,光云科技,6.88,5356963,425824684,425824684,292967.382592
2024-05-27,SH603212,赛伍技术,13.3,25757897,437490636,437490636,581862.54588
2024-05-27,SZ300830,金现代,6.42,18474610,310284375,430125000,276140.25
2024-05-27,SZ300831,派瑞股份,11.58,15848082,184484240,320000000,370560
2024-05-27,SZ002987,京北方,11.35,7249744,599437674,617788602,701190.06327
2024-05-27,SH688466,金科环境,13.02,578204,123119025,123119025,160300.97055
2024-05-27,SH688588,凌志软件,8.02,2351452,400010003,400010003,320808.022406
2024-05-27,SZ300832,新产业,75.81,2014538,698373139,785718785,5956534.109085
2024-05-27,SH688598,金博股份,35.41,3868953,137630221,137630221,487348.612561
2024-05-27,SZ002988,豪美新材,17.92,2083400,247857447,247960384,444345.008128
2024-05-27,SH688566,吉贝尔,25.16,1246565,189083976,189083976,475735.283616
2024-05-27,SH601778,晶科科技,2.89,56731006,3570954622,3570954622,1032005.885758
2024-05-27,SZ300833,浩洋股份,87.05,207434,53536313,84327000,734066.535
2024-05-27,SH688516,奥特维,60.1,3844606,290240775,314433090,1889742.8709
2024-05-27,SH605001,威奥股份,5.58,4091030,392886000,392886000,219230.388
2024-05-27,SZ002990,盛视科技,21.09,2397523,132470425,256067038,540045.383142
2024-05-27,SZ300835,龙磁科技,25.07,1438086,80047365,120139000,301188.473
2024-05-27,SH603950,长源东谷,14.88,10486680,324130800,324130800,482306.6304
2024-05-27,SZ300836,佰奥智能,36.32,3238591,42780429,64032436,232565.807552
2024-05-27,SH605168,三人行,45.28,3027327,146568921,147784311,669167.360208
2024-05-27,SH605288,凯迪股份,34.45,414520,70198912,70198912,241835.25184
2024-05-27,SH688360,德马科技,19.14,4572355,119947239,134564116,257555.718024
2024-05-27,SZ002986,宇新股份,14.05,1011830,235782330,384210652,539815.96606
2024-05-27,SH600918,中泰证券,6.32,16507237,3972809819,6968625756,4404171.477792
2024-05-27,SH601827,三峰环境,8.87,8185200,1678268000,1678268000,1488623.716
2024-05-27,SZ300837,浙矿股份,24.22,617500,70582378,100001128,242202.732016
2024-05-27,SH601399,国机重装,2.89,18287661,7213555890,7213555890,2084717.65221
2024-05-27,SZ300838,浙江力诺,11.48,1546100,101329625,137169500,157470.586
2024-05-27,SH688312,燕麦科技,18.36,1921840,144848536,144848536,265941.912096
2024-05-27,SH688157,松井股份,32.21,638499,111736486,111736486,359903.221406
2024-05-27,SH688599,天合光能,20.88,28413269,2179364548,2179364548,4550513.176224
2024-05-27,SZ002989,中天精装,17.92,3807220,165784015,181699015,325604.63488
2024-05-27,SH688004,博汇科技,16.84,780538,56800000,56800000,95651.2
2024-05-27,SZ300841,康华生物,59.2,1498977,118376323,134650449,797130.65808
2024-05-27,SH688106,金宏气体,18.1,5423669,487569513,487569513,882500.81853
2024-05-27,SH605166,聚合顺,11.39,2101065,315565257,315565257,359428.827723
2024-05-27,SZ300842,帝科股份,48.06,4730359,125102624,140700000,676204.2
2024-05-27,SH688505,复旦张江,7.19,2197403,710572100,1036572100,745295.3399
2024-05-27,SZ300824,北鼎股份,9.36,10061351,316060307,326341682,305455.814352
2024-05-27,SH688520,神州细胞,44.48,1952256,445335714,445335714,1980853.255872
2024-05-27,SH688518,联赢激光,13.59,4550168,308178644,339041895,460757.935305
2024-05-27,SH603087,甘李药业,47.35,9110995,532264095,594161750,2813355.88625
2024-05-27,SH600956,新天绿能,9.2,13403262,2165403424,4205693073,3869237.62716
2024-05-27,SH688558,国盛智科,19.19,682861,132000000,132000000,253308
2024-05-27,SZ300839,博汇股份,7.61,2959000,240194653,245469171,186802.039131
2024-05-27,SH688528,秦川物联,8.45,869693,168000000,168000000,141960
2024-05-27,SZ300846,首都在线,10.37,6052900,356425522,500462150,518979.24955
2024-05-27,SZ300843,胜蓝股份,37.35,24135711,141375298,149616073,558816.032655
2024-05-27,SZ300845,捷安高科,15.11,4634199,75279224,111749607,168853.656177
2024-05-27,SH688600,皖仪科技,16.06,636974,134205560,134205560,215534.12936
2024-05-27,SH688277,天智航,8.13,2423139,391239739,449391939,365355.646407
2024-05-27,SH688568,中科星图,50.39,1646689,364648275,364648275,1837462.657725
2024-05-27,SH688377,迪威尔,15.9,774708,175845236,194667000,309520.53
2024-05-27,SZ300840,酷特智能,12.46,10976900,177085135,240000000,299040
2024-05-27,SZ300847,中船汉光,15.75,6938000,296010000,296010000,466215.75
2024-05-27,SH688027,国盾量子,166.15,1693550,79978070,80374370,1335420.15755
2024-05-27,SZ300849,锦盛新材,12.82,970571,121468023,150000000,192300
2024-05-27,SH605199,ST葫芦娃,11.28,1433600,400108752,400108752,451322.672256
2024-05-27,SH688060,云涌科技,31.06,268079,60190728,60190728,186952.401168
2024-05-27,SZ300850,新强联,19.69,5320930,245000537,358741880,706362.76172
2024-05-27,SZ300852,四会富仕,23.04,2507816,136882368,142447222,328198.399488
2024-05-27,SH688309,恒誉环保,13.74,285564,80010733,80010733,109934.747142
2024-05-27,SH688180,君实生物,27.63,3435863,668704605,985689871,2723461.113573
2024-05-27,SH688165,埃夫特,8.2,2282058,521780000,521780000,427859.6
2024-05-27,SH688500,慧辰股份,29.1,169366,74274510,74274510,216138.8241
2024-05-27,SH605108,同庆楼,25.34,1411090,260000000,260000000,658840
2024-05-27,SH688981,中芯国际,43.13,37492996,1973609172,7954575889,34308085.809257
2024-05-27,SH688579,地纬智能,8.23,9528328,400010000,400010000,329208.23
2024-05-27,SH688567,孚能科技,11.9,4840258,1222103885,1222103885,1454303.62315
2024-05-27,SZ300851,交大思诺,23.8,370600,46152878,86933400,206901.492
2024-05-27,SZ300848,美瑞新材,21.71,3087200,179524125,318606772,691695.302012
2024-05-27,SH688488,艾迪药业,14.99,2326632,420782808,420782808,630753.429192
2024-05-27,SH688256,寒武纪,175.99,9814833,326971134,416594451,7331645.743149
2024-05-27,SH688580,伟思医疗,44.18,309680,68623867,68623867,303180.244406
2024-05-27,SH688336,三生国健,22.85,1136078,92741491,616785793,1409355.537005
2024-05-27,SH688561,奇安信,26.61,2879185,510058715,685172377,1823243.695197
2024-05-27,SZ300856,科思股份,37.3,3141600,325178814,338678814,1263271.97622
2024-05-27,SH688077,大地熊,17.27,802515,113860600,113860600,196637.2562
2024-05-27,SH688589,力合微,23.7,1576836,120657438,120657438,285958.12806
2024-05-27,SH688069,德林海,14.33,375396,114810640,114810640,164523.64712
2024-05-27,SH688418,震有科技,17.69,7869225,193610000,193610000,342496.09
2024-05-27,SH688508,芯朋微,33.38,2953050,131310346,131310346,438313.934948
2024-05-27,SZ300855,图南股份,25.41,2340005,283956889,395307250,1004475.72225
2024-05-27,SZ300853,申昊科技,15.47,1183285,110254079,146941769,227318.916643
2024-05-27,BJ920370,新安洁,2.09,611370,267337382,306280000,64012.52
2024-05-27,BJ920184,国源科技,5.6,435333,89101487,133790000,74922.4
2024-05-27,BJ920021,流金科技,3.37,4500929,234085464,308999983,104132.994271
2024-05-27,BJ920368,连城数控,29.89,676425,127461936,233499640,697930.42396
2024-05-27,BJ920946,森萱医药,7.26,998495,426712090,426918340,309942.71484
2024-05-27,BJ920415,恒拓开源,7.18,5469201,137886914,140511487,100887.247666
2024-05-27,BJ920433,大唐药业,4.23,2419400,169132685,255919681,108254.025063
2024-05-27,BJ920729,永顺生物,6.03,430989,80244567,273350000,164830.05
2024-05-27,BJ920185,贝特瑞,18.35,970451,1099338670,1116675337,2049099.243395
2024-05-27,BJ920167,同享科技,17,3405613,65107500,109320000,185844
2024-05-27,BJ920198,微创光电,6.11,1592733,70244378,161363872,98593.325792
2024-05-27,BJ920475,三友科技,7.6,549236,45520998,102930000,78226.8
2024-05-27,BJ920489,佳先股份,6.22,3836946,85693749,136459200,84877.6224
2024-05-27,BJ920445,龙竹科技,4.93,2398023,92456474,149500025,73703.512325
2024-05-27,SZ300857,协创数据,56.98,5228758,243801046,243801046,1389178.360108
2024-05-27,BJ920418,苏轴股份,15.67,915578,71599524,135408000,212184.336
2024-05-27,BJ920508,殷图网联,20,4732858,26037500,50000000,100000
2024-05-27,BJ920799,艾融软件,9.67,1263359,120930071,210369300,203427.1131
2024-05-27,SZ300858,科拓生物,15.89,2064072,178985147,263495118,418693.742502
2024-05-27,BJ920640,富士达,14.11,539345,176905561,187728000,264884.208
2024-05-27,BJ920682,球冠电缆,5.26,2715632,103913030,270400000,142230.4
2024-05-27,BJ920964,润农节水,3.02,2008379,179395411,261208000,78884.816
2024-05-27,BJ920819,颖泰生物,3.34,1502584,1208070750,1225800000,409417.2
2024-05-27,BJ920278,鹿得医疗,5.39,661801,72988400,176000000,94864
2024-05-27,BJ920163,方大新材,15.14,90565,60837375,129008000,195318.112
2024-05-27,BJ920263,中航泰达,4.7,435682,101740513,139960000,65781.2
2024-05-27,BJ920242,建邦科技,15.15,211773,34961975,64519250,97746.66375
2024-05-27,BJ920961,创远信科,9.19,893908,105438808,142840508,131270.426852
2024-05-27,BJ920010,凯添燃气,4.22,1940517,161168103,234500000,98959
2024-05-27,BJ920149,旭杰科技,5.9,1462993,47874941,73758000,43517.22
2024-05-27,BJ920266,生物谷,8.15,664830,77640137,124000007,101060.005705
2024-05-27,SH605188,国光连锁,7.2,2857200,495580000,495580000,356817.6
2024-05-27,SH688050,爱博医疗,142.95,542020,105250992,105250992,1504562.93064
2024-05-27,SH603408,建霖家居,15.45,2249800,447573000,449059500,693796.9275
2024-05-27,SH605118,力鼎光电,16.58,3162200,406670250,407128300,675018.7214
2024-05-27,SH605222,起帆电缆,18.48,2093500,412900464,418136964,772717.109472
2024-05-27,SZ002991,甘源食品,73.91,730400,49685531,93215831,688958.206921
2024-05-27,SH601456,国联民生,11.27,64280074,2389133168,2831773168,3191408.360336
2024-05-27,SH688586,江航装备,9.54,4456661,791339156,791339156,754937.554824
2024-05-27,SH688311,盟升电子,24.32,3082690,160261308,160388568,390064.997376
2024-05-27,SH605318,法狮龙,13.64,1839000,129171152,129171152,176189.451328
2024-05-27,SZ002992,宝明科技,61.87,2899300,78371735,184266065,1140054.144155
2024-05-27,SH605399,晨光新材,12.42,2466868,311877670,313417780,389264.88276
2024-05-27,SZ002995,天地在线,14.79,2635798,112417208,177454480,262455.17592
2024-05-27,SH605158,华达新材,6.96,2900710,511420000,511420000,355948.32
2024-05-27,SZ300859,西域旅游,34.1,4493605,155000000,155000000,528550
2024-05-27,SH688338,赛科希德,24.02,518770,106142400,106142400,254954.0448
2024-05-27,SH605066,天正电气,7.88,3893400,401000000,406379000,320226.652
2024-05-27,SH688556,高测股份,16.07,6265462,513399917,542540186,871862.078902
2024-05-27,SH688339,亿华通,33.22,1128216,113849659,165465772,549677.294584
2024-05-27,SH688286,敏芯股份,36.08,510483,53592634,55887596,201642.446368
2024-05-27,SH688155,先惠技术,57.49,372725,76676136,89321603,513509.895647
2024-05-27,SH605100,华丰股份,13.14,2916628,169932000,169932000,223290.648
2024-05-27,SH688313,仕佳光子,10.1,14513203,458802328,458802328,463390.35128
2024-05-27,SH605366,宏柏新材,6.93,3429174,606211824,612305148,424327.467564
2024-05-27,SH688065,凯赛生物,49.36,1803074,583378039,583378039,2879554.000504
2024-05-27,SH688185,康希诺,50.41,1610691,88830199,247449899,1247394.940859
2024-05-27,SZ002993,奥海科技,33.13,2904361,237889750,276040000,914520.52
2024-05-27,SH605088,冠盛股份,23.13,3863591,170093818,170101018,393443.654634
2024-05-27,SH600610,中毅达,4.98,11320898,448726705,1071274605,533494.75329
2024-05-27,SH688055,龙腾光电,3.36,4415637,3333333400,3333333400,1120000.0224
2024-05-27,SH688335,复洁科技,9.37,738587,147697741,147697741,138392.783317
2024-05-27,SH688229,博睿数据,26.31,595838,44400000,44400000,116816.4
2024-05-27,SH688521,芯原股份,28.21,6652941,490549108,499911232,1410249.585472
2024-05-27,SH605388,均瑶健康,8.97,9207956,430000000,430000000,385710
2024-05-27,SH605333,沪光股份,27.65,2331400,436776081,436776081,1207685.863965
2024-05-27,SH688519,南亚新材,26.92,4252816,234751600,240941600,648614.7872
2024-05-27,SH603931,格林达,23.24,5998260,199558380,199558380,463773.67512
2024-05-27,SH688379,华光新材,15.34,562157,89442120,89442120,137204.21208
2024-05-27,SH688596,正帆科技,34.6,3793683,283606254,283606254,981277.63884
2024-05-27,SH688393,安必平,17.1,714563,78704949,93567699,160000.76529
2024-05-27,SH605178,时空科技,13.1,1696800,99251600,99251600,130019.596
2024-05-27,SH605008,长鸿高科,15.16,1297440,642380414,645962414,979279.019624
2024-05-27,SZ300873,海晨股份,16.27,9342571,169239685,230601779,375189.094433
2024-05-27,SZ300872,天阳科技,12.88,6475380,338350671,404430061,520905.918568
2024-05-27,SZ300871,回盛生物,13.46,4983381,165764170,165887230,223284.21158
2024-05-27,SZ300875,捷强装备,24.08,2392600,65939267,99834751,240402.080408
2024-05-27,SZ300877,金春股份,12.55,862500,119998950,120000000,150600
2024-05-27,SZ300864,南大环境,20.86,650010,155040000,155040000,323413.44
2024-05-27,SZ300862,蓝盾光电,30.78,1863400,108193577,131869930,405895.64454
2024-05-27,SZ300878,维康药业,16.7,1517664,77668603,144790322,241799.83774
2024-05-27,SZ300865,大宏立,18.01,1653100,67321430,95680000,172319.68
2024-05-27,SZ300866,安克创新,72.23,3725801,294051840,528482791,3817231.199393
2024-05-27,SZ300870,欧陆通,49.63,9105608,101200000,101200000,502255.6
2024-05-27,SZ300869,康泰医学,15.43,2324698,251569018,401802751,619981.644793
2024-05-27,SZ300860,锋尚文化,23.17,1716760,111897529,191081619,442736.111223
2024-05-27,SZ300868,杰美特,15.26,3103055,75742917,128000000,195328
2024-05-27,SZ300876,蒙泰高新,20.65,3848800,68387105,96002105,198244.346825
2024-05-27,SZ300867,圣元环保,12.4,2388976,191627822,271741053,336958.90572
2024-05-27,SZ300863,卡倍亿,45.7,688147,33467087,88880649,406184.56593
2024-05-27,SZ300861,美畅股份,22.89,4659526,279427856,480012000,1098747.468
2024-05-27,SH605255,天普股份,13.7,1389730,134080000,134080000,183689.6
2024-05-27,SH605123,派克新材,64.38,1551800,121170892,121170892,780098.202696
2024-05-27,SH688356,键凯科技,67.62,602763,60614700,60614700,409876.6014
2024-05-27,SH688408,中信博,100.18,1059571,135715480,135819480,1360639.55064
2024-05-27,SZ002996,顺博合金,9.03,3508200,252678070,514950614,465000.404442
2024-05-27,SH688017,绿的谐波,111.62,1824900,168672168,168672168,1882718.739216
2024-05-27,SH688289,圣湘生物,19.78,1758767,588459803,588459803,1163973.490334
2024-05-27,SH688215,瑞晟智能,24.4,288631,40040000,40040000,97697.6
2024-05-27,SH688569,铁科轨道,23.83,513042,210666700,210666700,502018.7461
2024-05-27,SZ300881,盛德鑫泰,27.73,2743257,57406250,110000000,305030
2024-05-27,SZ300880,迦南智能,20.28,19773189,194160720,194187720,393812.69616
2024-05-27,SZ300879,大叶股份,14.96,10223701,158810676,160005501,239368.229496
2024-05-27,SH603155,新亚强,16.62,969220,225562000,225562000,374884.044
2024-05-27,SH688550,瑞联新材,34.5,2015467,134801744,134801744,465066.0168
2024-05-27,SH688513,苑东生物,56,330410,120090000,120090000,672504
2024-05-27,SH688056,莱伯泰科,24.27,459841,67236400,67236400,163182.7428
2024-05-27,SH605006,山东玻纤,5.49,1947440,600006505,610956705,335415.231045
2024-05-27,SZ002999,天禾股份,6.31,14592200,341477150,347592000,219330.552
2024-05-27,SZ002997,瑞鹄模具,25.88,4053928,209321325,209321325,541723.5891
2024-05-27,SH688378,奥来德,37.26,2334513,120314776,148677301,553971.623526
2024-05-27,SH688390,固德威,103,1652674,172887533,172887533,1780741.5899
2024-05-27,SH601702,华峰铝业,19.31,3609695,998530600,998530600,1928162.5886
2024-05-27,SH605003,众望布艺,16.8,469950,110000000,110000000,184800
2024-05-27,SH688095,福昕软件,52.3,1287479,91489524,91489524,478490.21052
2024-05-27,SH688559,海目星,43.1,18301323,203962000,203962000,879076.22
2024-05-27,SH688551,科威尔,35.6,523255,63859176,83804207,298342.97692
2024-05-27,SZ300882,万胜智能,18.56,30923848,266327029,286201188,531189.404928
2024-05-27,SZ300885,海昌新材,8.3,2575013,169917000,250800000,208164
2024-05-27,SZ300883,龙利得,4.97,4472900,328443325,346000000,171962
2024-05-27,SZ002984,森麒麟,25.23,12618256,697903163,1028049598,2593769.135754
2024-05-27,SH605358,立昂微,20.87,9048254,671364120,671364120,1401136.91844
2024-05-27,SH605009,豪悦护理,43.7,499048,154659949,155226949,678341.76713
2024-05-27,SZ003000,劲仔食品,13.55,4884684,304140441,451069159,611198.710445
2024-05-27,SH605128,上海沿浦,28.55,1254939,118404369,118404369,338044.473495
2024-05-27,SH605369,拱东医疗,47.41,491700,112426384,112615120,533908.28392
2024-05-27,SZ300889,爱克股份,10.95,2082718,100220250,156000000,170820
2024-05-27,SH688577,浙海德曼,65.94,468728,54206616,54206616,357438.425904
2024-05-27,SZ300886,华业香料,18.36,1259651,42575000,74555000,136882.98
2024-05-27,SZ300887,谱尼测试,8.48,15015824,362022492,546082499,463077.959152
2024-05-27,SH603112,华翔股份,12.6,1578500,432915398,437168011,550831.69386
2024-05-27,SZ300890,翔丰华,30.25,7434802,97370987,109349097,330781.018425
2024-05-27,SZ300891,惠云钛业,9.25,7119307,332421160,400007410,370006.85425
2024-05-27,SZ300888,稳健医疗,29.65,2116574,181588756,588292708,1744287.87922
2024-05-27,SH688301,奕瑞科技,179.59,1219665,101998932,101998932,1831798.819788
2024-05-27,SH605198,安德利,33.06,4243000,270536000,349000000,1153794
2024-05-27,SZ003006,百亚股份,23.9,2643840,428646390,429612140,1026773.0146
2024-05-27,SZ003003,天元股份,9.32,2704836,116509438,176960360,164927.05552
2024-05-27,SH605116,奥锐特,22.69,1380924,395433000,406195000,921656.455
2024-05-27,SH688536,思瑞浦,98.74,4639443,132601444,132601444,1309306.658056
2024-05-27,SH688127,蓝特光学,17.86,4697241,401580000,401580000,717221.88
2024-05-27,SZ003002,壶化股份,12.43,5031500,182874500,200000000,248600
2024-05-27,SH688526,科前生物,17.81,1651745,466128056,466168016,830245.236496
2024-05-27,SZ003005,竞业达,23.38,1653417,73816897,148400000,346959.2
2024-05-27,SH688156,路德科技,17.08,1011597,92373760,100714157,172019.780156
2024-05-27,SZ003008,开普检测,16.5,1208534,77848325,104000000,171600
2024-05-27,SZ003007,直真科技,27.52,1551500,73603196,104000000,286208
2024-05-27,SH605050,福然德,10.48,2114800,492829181,492829181,516484.981688
2024-05-27,SZ300893,松原安全,28.31,597860,112507768,225600000,638673.6
2024-05-27,SZ300895,铜牛信息,25.74,2729570,137421924,140800657,362420.891118
2024-05-27,SZ300892,品渥食品,16.13,2385700,43995200,100000000,161300
2024-05-27,SZ002998,优彩资源,6.46,6059900,244474265,326402893,210856.268878
2024-05-27,SZ003009,中天火箭,40.43,1469500,155392666,155393456,628255.742608
2024-05-27,SH603565,中谷物流,9.63,9261638,2100063103,2100063103,2022360.768189
2024-05-27,SZ003010,若羽臣,17.25,9646590,91645304,122329340,211018.1115
2024-05-27,SH605218,伟时电子,17.74,3890800,212833460,212833460,377566.55804
2024-05-27,SZ300897,山科智能,19.64,701600,62942231,100486640,197355.76096
2024-05-27,SH688595,芯海科技,28.05,2665704,142425592,142425592,399503.78556
2024-05-27,SH688585,上纬新材,6.1,978547,403270007,403270007,245994.70427
2024-05-27,SZ300896,爱美客,209.2,1950622,208464270,302437650,6326995.638
2024-05-27,SH605111,新洁能,36.6,9167555,296960313,296960313,1086874.74558
2024-05-27,SH688013,天臣医疗,16.33,537632,81155600,81155600,132527.0948
2024-05-27,SH605136,丽人丽妆,6.92,12384564,400458500,400458500,277117.282
2024-05-27,SH605018,长华集团,9.86,1903600,469375553,471470353,464869.768058
2024-05-27,SZ003011,海象新材,15.3,1154300,76520771,102676000,157094.28
2024-05-27,SH688093,世华科技,16.66,1524790,254063043,262631312,437543.765792
2024-05-27,SH605099,共创草坪,23.31,853678,400090000,400090000,932609.79
2024-05-27,SH605338,巴比食品,16.35,1135600,248000000,250143500,408984.6225
2024-05-27,SZ003001,中岩大地,14.16,890596,122662177,127330477,180299.955432
2024-05-27,SZ300999,金龙鱼,31.04,3919200,542647097,5421591536,16828620.127744
2024-05-27,SH688330,宏力达,23,1007642,140000000,140000000,322000
2024-05-27,SZ300899,*ST凯鑫,20.44,1484100,40936066,63783466,130373.404504
2024-05-27,SH688386,泛亚微透,30.66,681857,70000000,70000000,214620
2024-05-27,SZ300898,熊猫乳品,19.55,3680800,108590626,124000000,242420
2024-05-27,SH605336,帅丰电器,13.64,2433600,183412450,183997450,250972.5218
2024-05-27,SZ003012,东鹏控股,7.2,15622437,1166679075,1173000000,844560
2024-05-27,SH601568,北元集团,4.28,9646338,3972222224,3972222224,1700111.111872
2024-05-27,SH605058,澳弘电子,19.05,1434600,142923950,142923950,272270.12475
2024-05-27,SZ003015,日久光电,10.13,17725600,245809924,281066667,284720.533671
2024-05-27,SZ003013,地铁设计,17.24,9058400,400010000,400010000,689617.24
2024-05-27,SH688788,科思科技,26.68,625367,105747925,105747925,282135.4639
2024-05-27,SH688129,东来技术,13.99,466355,120478800,120478800,168549.8412
2024-05-27,SH688179,阿拉丁,11.02,2326402,277383771,277383771,305676.915642
2024-05-27,SZ003017,大洋生物,18.43,1302372,67763557,84000000,154812
2024-05-27,SZ003016,欣贺股份,6.97,2235800,427815137,429844698,299601.754506
2024-05-27,SH601187,厦门银行,6.03,18421466,1282478504,2639127888,1591394.116464
2024-05-27,SH688221,前沿生物,6.41,2097362,214639153,374578653,240104.916573
2024-05-27,SZ300900,广联航空,28.84,9202649,155244299,211761174,610719.225816
2024-05-27,SH689009,九号公司,39.83,10588616,515475563,714871031,2847331.316473
2024-05-27,SZ300902,国安达,22.24,2557568,122897656,183125446,407270.991904
2024-05-27,SZ300901,中胤时尚,8.58,9748574,240000000,240000000,205920
2024-05-27,SH605169,洪通燃气,9.4,6167158,132380443,282880000,265907.2
2024-05-27,SH688133,泰坦科技,26.75,1196223,117969399,117969399,315568.142325
2024-05-27,SH601995,中金公司,32.2,9746617,2923542440,4827256868,15543767.11496
2024-05-27,SZ300903,科翔股份,6.91,19176744,329605760,414694422,286553.845602
2024-05-27,SZ300906,日月明,20.41,718300,71686851,80000000,163280
2024-05-27,SZ300905,宝丽迪,43.98,22872629,117483293,176299756,775366.326888
2024-05-27,SZ003018,金富科技,8.53,1514727,132688150,260000000,221780
2024-05-27,SH688529,豪森智能,14.18,2030354,158816753,167287309,237213.404162
2024-05-27,BJ920839,万通液压,10.79,177421,64381375,119305000,128730.095
2024-05-27,SH605007,五洲特纸,14.85,1606300,400558522,403897522,599787.82017
2024-05-27,SH688057,金达莱,11.55,781849,276000000,276000000,318780
2024-05-27,SH688135,利扬芯片,15.23,1783276,200309140,200309140,305070.82022
2024-05-27,SH688160,步科股份,44.62,1034950,84000000,84000000,374808
2024-05-27,SZ300884,狄耐克,9.3,8101010,187855291,252000000,234360
2024-05-27,SZ003019,宸展光电,27.43,5018721,163533818,163533818,448573.262774
2024-05-27,SZ300909,汇创达,23.41,7562489,114240662,172972979,404929.743839
2024-05-27,SZ300907,康平科技,19.99,1717257,95998875,96000000,191904
2024-05-27,SH688219,会通股份,8.81,2029447,459284703,459284703,404629.823343
2024-05-27,BJ920396,常辅股份,10.47,185095,42003819,59774280,62583.67116
2024-05-27,SZ300908,仲景食品,32.15,840057,123581550,146000000,469390
2024-05-27,SH605068,明新旭腾,15.01,1106500,162140056,162540056,243972.624056
2024-05-27,SH688777,中控技术,43.35,6956989,755547669,789915088,3424281.90648
2024-05-27,BJ920047,诺思兰德,15.7,408120,165396029,274873974,431552.13918
2024-05-27,SH605177,东亚药业,24.64,1130892,113600920,113600920,279912.66688
2024-05-27,SZ003004,*ST声迅,25.1,4960050,69576628,81850153,205443.88403
2024-05-27,BJ920030,德众汽车,4.11,4486478,97727051,178839681,73503.108891
2024-05-27,SZ300910,瑞丰新材,47.98,2033642,204568022,291789935,1400008.10813
2024-05-27,SH605266,健之佳,51.15,677906,117040004,128848882,659062.03143
2024-05-27,SZ300916,朗特智能,26.18,3115507,90526641,144644007,378678.010326
2024-05-27,SH688557,兰剑智能,25.04,429103,73005700,73005700,182806.2728
2024-05-27,SH688578,艾力斯,57.17,3654218,450000000,450000000,2572650
2024-05-27,SZ300915,海融科技,30.72,463250,24826500,90000000,276480
2024-05-27,SH605258,协和电子,21.22,1041299,88000000,88000000,186736
2024-05-27,SZ300911,亿田智能,24.5,1933470,129166064,138396116,339070.4842
2024-05-27,SZ003021,兆威机电,47.61,4962214,85523200,239411505,1139838.175305
2024-05-27,SH601686,友发集团,5.51,2830700,1419060808,1429700808,787765.145208
2024-05-27,SH605183,确成股份,17.46,2984500,415883145,417396900,728774.9874
2024-05-27,SZ300912,凯龙高科,10.99,1913200,84945500,115222000,126628.978
2024-05-27,SZ300913,兆龙互连,41.79,20192145,210862848,258169548,1078890.541092
2024-05-27,SH688590,新致软件,15.8,4583533,260699714,260699714,411905.54812
2024-05-27,BJ920670,数字人,10.36,772462,66408421,106182400,110004.9664
2024-05-27,SH605376,博迁新材,23.29,3503000,261600000,261600000,609266.4
2024-05-27,SZ003022,联泓新科,16.46,4309700,1335568000,1335568000,2198344.928
2024-05-27,SH688308,欧科亿,24.52,2925172,158781708,158781708,389332.748016
2024-05-27,SZ003025,思进智能,13.14,4205900,198749026,236627965,310929.14601
2024-05-27,SZ003023,彩虹集团,17.67,1968617,52334881,105341600,186138.6072
2024-05-27,SH688571,杭华股份,6.39,1858380,416000000,416000000,265824
2024-05-27,SH688136,科兴制药,19.02,3191384,199198650,199198650,378875.8323
2024-05-27,SZ003020,立方制药,26.78,4911755,114257083,159643136,427524.318208
2024-05-27,SH605299,舒华体育,9.14,2227483,410269000,411669000,376265.466
2024-05-27,SH605151,西上海,15.65,666400,134047111,135319111,211774.408715
2024-05-27,SH688608,恒玄科技,124.84,619480,120034708,120034708,1498513.294672
2024-05-27,SH688510,航亚科技,19.08,1843465,258382608,258382608,492994.016064
2024-05-27,SZ000995,皇台酒业,10.44,1704902,177408000,177408000,185213.952
2024-05-27,SZ003027,同兴科技,14.57,2262400,67494700,131620400,191770.9228
2024-05-27,SZ003026,中晶科技,26.38,1996600,65048245,100633516,265471.215208
2024-05-27,SH688699,明微电子,28.5,792493,110064640,110064640,313684.224
2024-05-27,SH688668,鼎通科技,42.38,10459069,138729646,138729646,587936.239748
2024-05-27,SZ300917,特发服务,46.77,19398360,169000000,169000000,790413
2024-05-27,SH605500,森林包装,7.02,1696947,106708000,414400000,290908.8
2024-05-27,SH605186,健麾信息,31.22,2731900,136000000,136000000,424592
2024-05-27,SZ300921,南凌科技,17.67,1356060,131691805,131864605,233004.757035
2024-05-27,SZ300918,南山智尚,9.28,2424900,359999919,360001156,334081.072768
2024-05-27,BJ920000,安徽凤凰,9.03,867596,47395881,91680000,82787.04
2024-05-27,SH688678,福立旺,15.77,3222399,174260040,174260040,274808.08308
2024-05-27,SZ300919,中伟新材,52,4474305,649248552,669824103,3483085.3356
2024-05-27,SZ300923,研奥股份,17.59,748100,40326000,78600000,138257.4
2024-05-27,SH688658,悦康药业,17.17,2751776,204599880,450000000,772650
2024-05-27,SZ003029,吉大正元,21.93,14637618,170877591,195915427,429642.531411
2024-05-27,SH688560,明冠新材,12.64,2408472,201301918,201301918,254445.624352
2024-05-27,SZ300922,天秦装备,15.3,17251777,101035652,156811200,239921.136
2024-05-27,SZ300920,润阳科技,16.13,1569303,64572170,100000000,161300
2024-05-27,SH688679,通源环境,8.28,600388,131689675,131689675,109039.0509
2024-05-27,BJ920856,浩淼科技,4.59,354355,47615987,87015003,39939.886377
2024-05-27,SH601956,东贝集团,5.42,13353500,615574440,621782040,337005.86568
2024-05-27,BJ920675,秉扬科技,6.27,1043628,78294470,172174000,107953.098
2024-05-27,BJ920510,丰光精密,16.9,2250436,62501343,131581378,222372.52882
2024-05-27,SH605179,一鸣食品,11.06,3032200,401000000,401000000,443506
2024-05-27,SZ003028,振邦智能,39.35,691800,53671790,111779154,439850.97099
2024-05-27,SH605377,华旺科技,23.55,1126891,331524915,332188890,782304.83595
2024-05-27,SH688698,伟创电气,27.37,1384478,210259274,210259274,575479.632938
2024-05-27,SH688618,三旺通信,41.73,643810,75008731,75240070,313976.81211
2024-05-27,SH688063,派能科技,63.44,2572414,175626333,175626333,1114173.456552
2024-05-27,SZ300925,法本信息,10.39,10462688,320620205,428708945,445428.593855
2024-05-27,SZ300894,火星人,18.27,14819620,294070373,409236698,747675.447246
2024-05-27,SH688686,奥普特,66.4,852186,61629455,122235455,811643.4212
2024-05-27,SH605155,西大门,10.57,1772444,188160000,191681000,202606.817
2024-05-27,SZ003031,中瓷电子,59.58,1485747,84106055,322180614,1919552.098212
2024-05-27,SZ003030,祖名股份,16.55,1099400,80998375,124780000,206510.9
2024-05-27,SH605277,新亚电子,17.1,20404594,259786034,264491984,452281.29264
2024-05-27,SZ300928,华安鑫创,37.74,1400900,50460562,80000000,301920
2024-05-27,SZ300926,博俊科技,20.31,4422690,267973600,404306795,821147.100645
2024-05-27,SH688617,惠泰医疗,513,488803,54347586,66861357,3429987.6141
2024-05-27,SZ300927,江天化学,18.42,13929219,140861824,144360000,265911.12
2024-05-27,BJ920344,三元基因,17.4,230631,113560796,121810000,211949.4
2024-05-27,SZ003033,征和工业,26.58,1086600,80697188,81750000,217291.5
2024-05-27,BJ920509,同惠电子,7.06,266083,82448378,163091446,115142.560876
2024-05-27,BJ920826,盖世食品,7.07,2340759,53154835,117401587,83002.922009
2024-05-27,SZ003032,*ST传智,9.61,8688500,274361384,402447500,386752.0475
2024-05-27,SH688656,浩欧博,24.06,300009,63058328,63058328,151718.337168
2024-05-27,SH688819,天能股份,27.28,2295664,972100000,972100000,2651888.8
2024-05-27,SH688317,之江生物,15.5,1114150,194704350,194704350,301791.7425
2024-05-27,SZ003035,南网能源,5.08,39266918,2257878787,3787878787,1924242.423796
2024-05-27,SH605005,合兴股份,16.56,1728600,401000000,401000000,664056
2024-05-27,SH605228,神通科技,10.53,5780000,422681007,425499007,448050.454371
2024-05-27,SZ300929,华骐环保,8.53,1038380,124039539,132132956,112709.411468
2024-05-27,SZ300935,盈建科,16.79,1084520,44816581,79430680,133364.11172
2024-05-27,SH605398,新炬网络,21.64,1203044,116616489,116616489,252358.082196
2024-05-27,SZ300931,通用电梯,6.4,10981463,196359913,240146000,153693.44
2024-05-27,SZ300930,屹通新材,18.97,1204788,100000000,100000000,189700
2024-05-27,SZ300932,三友联众,12.73,3603221,125271318,175881318,223896.917814
2024-05-27,SZ300933,中辰股份,6.4,16821312,234758757,458508757,293445.60448
2024-05-27,SH688680,海优新材,35.35,2118694,84020211,84020211,297011.445885
2024-05-27,SH688669,聚石化学,12.88,811012,61516369,121333334,156277.334192
2024-05-27,BJ920275,驱动力,3.46,651884,90037719,160277600,55456.0496
2024-05-27,SZ300936,中英科技,32.79,1514700,47460275,75200000,246580.8
2024-05-27,SZ300937,药易购,22.79,2269900,62647872,95666682,218024.368278
2024-05-27,SH688689,银河微电,19.84,1565589,128902980,128902980,255743.51232
2024-05-27,SZ300938,信测标准,23.16,1116076,112030080,161225135,373397.41266
2024-05-27,SZ003036,泰坦股份,9.18,1811000,212203201,216000701,198288.643518
2024-05-27,SZ300939,秋田微,27.7,1518950,120000000,120000000,332400
2024-05-27,SH688350,富淼科技,12.82,603578,122150099,122150099,156596.426918
2024-05-27,SH605055,迎丰股份,4.86,1923300,440000000,440000000,213840
2024-05-27,SH605368,蓝天燃气,13.45,2717777,248283562,692831638,931858.55311
2024-05-27,SH688628,优利德,40.98,487358,48604896,110838984,454218.156432
2024-05-27,SH688607,康众医疗,13.35,1244185,75439027,88129027,117652.251045
2024-05-27,SZ300940,南极光,14.17,2153636,147447553,222644372,315487.075124
2024-05-27,SZ003037,三和管桩,7.16,5876890,201009678,599074678,428937.469448
2024-05-27,SH601963,重庆银行,8.12,8827333,1296575854,3474564686,2821346.525032
2024-05-27,SH600916,中国黄金,11.17,13299100,1680000000,1680000000,1876560
2024-05-27,BJ920427,华维设计,9.1,213465,49260788,103095000,93816.45
2024-05-27,SH688687,凯因科技,28.53,1207152,170944422,170944422,487704.435966
2024-05-27,SH688059,华锐精密,61.36,887462,61849391,61849391,379507.863176
2024-05-27,SH605337,李子园,12.09,2236422,394432143,394432143,476868.460887
2024-05-27,SZ300946,恒而达,24.21,597180,56961000,120006000,290534.526
2024-05-27,BJ920239,长虹能源,18.48,2782438,49714584,130053003,240337.949544
2024-05-27,SH605077,华康股份,22.55,1892956,228457600,234607600,529040.138
2024-05-27,SZ300941,创识科技,17.36,2527302,121355486,204750000,355446
2024-05-27,SZ300942,易瑞生物,7.33,2841600,327232603,400865001,293834.045733
2024-05-27,SH688665,四方光电,43.47,872343,70000000,70000000,304290
2024-05-27,SH605081,*ST太和,12.77,3013615,86578293,113247072,144616.510944
2024-05-27,SZ300947,德必集团,21.12,20510089,95293756,153603596,324410.794752
2024-05-27,SZ003038,鑫铂股份,25.42,4109169,134255385,178430061,453569.215062
2024-05-27,SZ300943,春晖智控,12.58,12230801,123499475,203820000,256405.56
2024-05-27,SZ300945,曼卡龙,10.64,12729974,238189522,261951029,278715.894856
2024-05-27,SH688070,纵横股份,35.13,1108928,87580000,87580000,307668.54
2024-05-27,BJ920735,德源药业,26.33,91062,50256228,78245040,206019.19032
2024-05-27,BJ920599,同力股份,8.58,1929936,225298359,452525000,388266.45
2024-05-27,SH688619,罗普特,7.8,1464291,187645475,187645475,146363.4705
2024-05-27,BJ920832,齐鲁华信,4.34,512249,124853604,138763865,60223.51741
2024-05-27,SH605133,嵘泰股份,20.25,1589200,64045716,186079816,376811.6274
2024-05-27,SH605268,王力安防,8.44,2975800,436000000,439577500,371003.41
2024-05-27,BJ920225,利通科技,9.35,472588,69167226,126918894,118669.16589
2024-05-27,SZ300948,冠中生态,9.41,2138113,130792659,140017096,131756.087336
2024-05-27,SH688183,生益电子,15.92,23570277,308339000,831821175,1324259.3106
2024-05-27,SH688677,海泰新光,42.85,1312969,121637381,121637381,521216.177585
2024-05-27,SZ300951,博硕科技,28.51,3149566,150849309,169465389,483145.824039
2024-05-27,SZ300949,奥雅股份,34.59,789100,17004750,60506500,209291.9835
2024-05-27,SH605060,联德股份,16.54,1406600,240592000,241184000,398918.336
2024-05-27,SH605298,必得科技,11.81,1101100,140400000,144500000,170654.5
2024-05-27,SH605303,园林股份,8.16,6011510,67984808,161237408,131569.724928
2024-05-27,SH688079,美迪凯,7.92,6122926,401333334,401333334,317856.000528
2024-05-27,SH688696,极米科技,94.17,1266648,65904721,70000000,659190
2024-05-27,SZ300950,德固特,16.45,4626509,89730000,150480000,247539.6
2024-05-27,SZ003039,顺控发展,14.38,5374900,617518730,617518730,887991.93374
2024-05-27,SH605208,永茂泰,7.2,2661493,329940000,329940000,237556.8
2024-05-27,SH688328,深科达,15.18,2289640,84436508,94456295,143384.65581
2024-05-27,SH688676,金盘科技,62,7886933,453364736,453364736,2810861.3632
2024-05-27,SH605122,四方新材,11.73,1396440,58674000,172354000,202171.242
2024-05-27,SH688083,中望软件,77.55,694709,88143539,121303799,940710.961245
2024-05-27,SZ300952,恒辉安防,19.55,1023367,54852653,145574507,284598.161185
2024-05-27,SH688667,菱电电控,47.7,439756,51812140,51812140,247143.9078
2024-05-27,SH688316,青云科技,35.38,717730,35930519,47785987,169066.822006
2024-05-27,SH688456,有研粉材,37.77,4593400,103660000,103660000,391523.82
2024-05-27,SH688616,西力科技,12.78,2481134,87990000,150000000,191700
2024-05-27,SZ300953,震裕科技,62.86,586889,67980660,102783765,646098.74679
2024-05-27,SH688092,爱科科技,34.09,622032,55755731,59298731,202149.373979
2024-05-27,SH605389,长龄液压,22.55,612220,136266760,144087070,324916.34285
2024-05-27,SH605286,同力天启,24.71,7420221,168000000,176000000,434896
2024-05-27,SZ300959,线上线下,26.19,703889,38355996,81180800,212612.5152
2024-05-27,SZ003040,楚天龙,12.44,4091700,456850258,461135972,573653.149168
2024-05-27,SH688609,九联科技,10.6,27165093,460577270,500000000,530000
2024-05-27,SH688633,星球石墨,25.46,233556,102830468,104442568,265910.778128
2024-05-27,SZ300955,嘉亨家化,14.57,1360100,58846341,100800000,146865.6
2024-05-27,SH688606,奥泰生物,57,355192,39550255,79280855,451900.8735
2024-05-27,SZ300957,贝泰妮,54.77,2446405,423600000,423600000,2320057.2
2024-05-27,SZ300956,英力股份,22,28892014,56995867,132000960,290402.112
2024-05-27,SH688195,腾景科技,26.17,6130804,129350000,129350000,338508.95
2024-05-27,SH603759,海天股份,6.71,2206024,461760000,461760000,309840.96
2024-05-27,SH688329,艾隆科技,16.93,2699713,47801875,77200000,130699.6
2024-05-27,SZ300960,通业科技,18,2240200,92695812,102385812,184294.4616
2024-05-27,SZ300958,建工修复,12.16,2195886,91049052,156736579,190591.680064
2024-05-27,SH688661,和林微纳,44.82,3962637,78933249,89874453,402817.298346
2024-05-27,SH688109,品茗科技,29.7,479110,63342614,78842300,234161.631
2024-05-27,SZ300961,深水海纳,8.68,2252000,158751700,177280000,153879.04
2024-05-27,SH688626,翔宇医疗,36.05,551890,160000000,160000000,576800
2024-05-27,SH688659,元琛科技,6.93,3387176,115496530,160000000,110880
2024-05-27,SH688662,富信科技,26.18,2133115,63675722,88240000,231012.32
2024-05-27,SH688630,芯碁微装,64.04,1574153,103828468,131419086,841607.826744
2024-05-27,SZ300965,恒宇信通,25.95,607525,16428750,60000000,155700
2024-05-27,SZ003041,真爱美家,13.45,2445728,144000000,144000000,193680
2024-05-27,SZ003042,中农联合,13.92,1914480,127365745,142480000,198332.16
2024-05-27,SH688260,昀冢科技,17.59,3401787,110112195,120000000,211080
2024-05-27,SZ003043,华亚智能,37.13,1890200,48705657,80001111,297044.125143
2024-05-27,SH603324,盛剑科技,26.26,2666900,124379800,124703500,327471.391
2024-05-27,SH688191,智洋创新,18.91,5689630,138944547,153512547,290292.226377
2024-05-27,SH688636,智明达,25.5,2744557,111825992,112111321,285883.86855
2024-05-27,SZ300966,共同药业,19.88,10607500,71674734,115278902,229174.457176
2024-05-27,SZ300963,中洲特材,10.22,2012408,205608488,234000000,239148
2024-05-27,SH688468,科美诊断,7.32,2871752,401108000,401108000,293611.056
2024-05-27,SZ300962,中金辐照,14.24,1392027,264001897,264001897,375938.701328
2024-05-27,SH688611,杭州柯林,37.8,962914,74457861,78260000,295822.8
2024-05-27,SZ300969,恒帅股份,82.81,637600,35607578,80000000,662480
2024-05-27,SH688683,莱尔科技,17.58,311431,155177929,155177929,272802.799182
2024-05-27,SZ300970,华绿生物,14.38,5883000,117737850,117888600,169523.8068
2024-05-27,SH605378,野马电池,22.78,2161800,133340000,133340000,303748.52
2024-05-27,SH688315,诺禾致源,12.99,2272496,416200000,416200000,540643.8
2024-05-27,SZ300967,晓鸣股份,12.75,23580997,124790381,189498938,241611.14595
2024-05-27,SH688663,新风光,26.26,1773293,139950000,139950000,367508.7
2024-05-27,SZ300971,博亚精工,18.29,1265100,63998532,84000000,153636
2024-05-27,SZ300973,立高食品,35.03,2018600,105848035,169340222,593198.797666
2024-05-27,SZ300968,格林精密,9.08,12806685,413380000,413380000,375349.04
2024-05-27,SH601279,英利汽车,4.75,5528000,1494253157,1585785985,753248.342875
2024-05-27,SH605086,龙高股份,24.12,2012000,128000000,128000000,308736
2024-05-27,SZ300972,万辰集团,26.09,969800,154041632,172393247,449773.981423
2024-05-27,SH688533,上声电子,28.33,1408106,160000040,160000040,453280.11332
2024-05-27,SZ300976,达瑞电子,42.26,1207530,38440164,95468600,403450.3036
2024-05-27,SH605117,德业股份,96.87,3658500,430080841,430080841,4166193.106767
2024-05-27,SH688682,霍莱沃,33.54,1240142,72742068,72742068,243976.896072
2024-05-27,SZ300983,尤安设计,17.28,740133,43200000,172800000,298598.4
2024-05-27,SZ300977,深圳瑞捷,15.65,5366279,38794481,152766542,239079.63823
2024-05-27,SZ300980,祥源新材,18.35,950550,68127009,108142449,198441.393915
2024-05-27,SH605016,百龙创园,30.72,1458348,248528000,248528000,763478.016
2024-05-27,SH688201,信安世纪,13.95,5221378,205124563,215005011,299931.990345
2024-05-27,SH605098,行动教育,51.15,627420,118078600,118078600,603972.039
2024-05-27,SZ300975,商络电子,10.42,35680709,468556664,687005604,715859.839368
2024-05-27,SH688639,华恒生物,104.25,1487139,154580476,157540180,1642356.3765
2024-05-27,SZ300979,华利集团,68.27,2776800,1166992350,1167000000,7967109
2024-05-27,SZ300978,东箭科技,10.37,2029828,185946712,422702739,438342.740343
2024-05-27,SH605289,罗曼股份,29.7,1289700,50610000,109777500,326039.175
2024-05-27,SZ300981,中红医疗,11.54,2279959,357431100,390007800,450069.0012
2024-05-27,SZ300982,苏文电能,22.79,15885640,193897146,206965146,471673.567734
2024-05-27,SH605089,味知香,26.1,422310,138000000,138000000,360180
2024-05-27,SH688383,新益昌,61.38,1168042,50817567,102133600,626896.0368
2024-05-27,SZ001201,东瑞股份,25.6,3124595,111561366,257784001,659927.04256
2024-05-27,SH688323,瑞华泰,12.15,908760,180000192,180000192,218700.23328
2024-05-27,SZ001202,炬申股份,13.55,1490900,40222000,128800000,174524
2024-05-27,SZ300985,致远新能,24.44,1304100,133333400,133333400,325866.8296
2024-05-27,SH688395,正弦电气,15.73,493714,86000000,86000000,135278
2024-05-27,SH605300,佳禾食品,13.21,640400,400010000,400010000,528413.21
2024-05-27,SH605180,华生科技,13.71,3386539,169000000,169000000,231699
2024-05-27,SZ300986,志特新材,8.27,3185331,246159376,246371227,203749.004729
2024-05-27,SH688113,联测科技,32.41,392583,64026190,64026190,207508.88179
2024-05-27,SH605305,中际联合,42.29,2042225,151800000,151800000,641962.2
2024-05-27,SH605080,浙江自然,18.43,871800,141573040,141573040,260919.11272
2024-05-27,SH600906,财达证券,6.74,11283953,2124234950,3245000000,2187130
2024-05-27,SZ300989,蕾奥规划,17.15,7280961,73736899,162891000,279358.065
2024-05-27,SZ001203,大中矿业,10.68,4502830,1239187347,1508021588,1610567.055984
2024-05-27,SZ300987,川网传媒,13.34,2004537,173368000,173368000,231272.912
2024-05-27,SH605196,华通线缆,12.51,24478986,508845428,511524781,639917.501031
2024-05-27,SH688655,迅捷兴,9.3,1738129,133390000,133390000,124052.7
2024-05-27,SZ300988,津荣天宇,17.52,3019720,107401097,140297357,245800.969464
2024-05-27,SH688097,博众精工,20.38,3904329,442107015,446647765,910268.14507
2024-05-27,SZ300990,同飞股份,34.05,4512633,42120000,168480000,573674.4
2024-05-27,SH688355,明志科技,14.7,820145,123956072,123956072,182215.42584
2024-05-27,SZ001205,盛航股份,18.4,2863240,131299327,170977333,314598.29272
2024-05-27,SH688685,迈信林,39.54,1736633,75866667,111866667,442320.801318
2024-05-27,SH605488,福莱新材,13.5,2801300,185688349,191031796,257892.9246
2024-05-27,SH688565,力源科技,5.16,1953712,149730000,154186200,79560.0792
2024-05-27,SH688217,睿昂基因,24.23,522522,48223598,55855896,135338.836008
2024-05-27,SH688575,亚辉龙,23.32,1795096,401687087,568308500,1325295.422
2024-05-27,SH688314,康拓医疗,21.13,546055,50681631,81239172,171658.370436
2024-05-27,SH605339,南侨食品,16.45,1073635,424290616,426034616,700826.94332
2024-05-27,SZ001206,依依股份,14.74,1844948,106788409,184893808,272533.472992
2024-05-27,SH688660,电气风电,3.39,6057235,1333333400,1333333400,452000.0226
2024-05-27,SZ300991,创益通,19.85,39138642,86684400,144000000,285840
2024-05-27,SH688076,ST诺泰,57.15,1528187,193062800,213183800,1218345.417
2024-05-27,SH688613,奥精医疗,13.52,1582881,135551584,135551584,183265.741568
2024-05-27,SH688359,三孚新科,47.5,1029184,92994400,92994400,441723.4
2024-05-27,SZ300993,玉马科技,11.72,3791474,304445700,308131200,361129.7664
2024-05-27,SZ300992,泰福泵业,16.55,769738,90800169,90800169,150274.279695
2024-05-27,SZ300614,百川畅银,11.5,6406196,160434750,160434750,184499.9625
2024-05-27,SH600032,浙江新能,8.15,26280170,2404675324,2404675324,1959810.38906
2024-05-27,SH605090,九丰能源,25.7,4577640,268578366,632893012,1626535.04084
2024-05-27,SZ300995,奇德新材,17.47,3111154,60395681,84160000,147027.52
2024-05-27,SH603836,海程邦达,13.89,6129400,205235237,205235237,285071.744193
2024-05-27,BJ920726,朱老六,7.7,293695,55939705,101910000,78470.7
2024-05-27,SH605499,东鹏饮料,222.98,527576,400010000,400010000,8919422.98
2024-05-27,SH605296,神农集团,42.05,3288615,67996515,525043452,2207807.71566
2024-05-27,SZ301001,凯淳股份,21.31,4237600,34400000,80000000,170480
2024-05-27,SH605189,富春染织,12.84,917100,49925568,149765568,192298.989312
2024-05-27,SZ301000,肇民科技,19.01,3849549,69291036,172971036,328817.939436
2024-05-27,SH688538,和辉光电,2.09,21306047,5752235725,13856908761,2896093.931049
2024-05-27,SH603511,爱慕股份,13.66,713700,54437828,408121000,557493.286
2024-05-27,SZ301005,超捷股份,30.33,4188700,44666755,104497025,316939.476825
2024-05-27,SZ301003,江苏博云,24.86,783200,67556887,99053333,246246.585838
2024-05-27,SZ300998,宁波方正,25.92,6108598,65767374,137169230,355542.64416
2024-05-27,SZ300997,欢乐家,14.29,1448850,87500000,447500000,639477.5
2024-05-27,SH688117,圣诺生物,25.62,724523,66221400,112000000,286944
2024-05-27,SZ300996,普联软件,14.79,2629365,122852963,202525749,299535.582771
2024-05-27,BJ920523,德瑞锂电,14.83,807184,46627841,77924130,115561.48479
2024-05-27,SZ301002,崧盛股份,15.57,3297897,58362185,122876391,191318.540787
2024-05-27,SH688625,呈和科技,38.25,255221,84277698,135327698,517628.44485
2024-05-27,SZ301006,迈拓股份,12.74,900900,64068625,139280000,177442.72
2024-05-27,SH605319,无锡振华,19.6,1497600,86882183,250482183,490945.07868
2024-05-27,SH688319,欧林生物,8.4,2906485,288225750,406158300,341172.972
2024-05-27,SH688131,皓元医药,29.5,1281198,86485182,150387339,443642.65005
2024-05-27,BJ920212,智新电子,6.68,1348986,52176500,106100000,70874.8
2024-05-27,SH601156,东航物流,21.21,11859463,801715556,1587555556,3367205.334276
2024-05-27,SH688269,凯立新材,26.53,872971,81837000,130704000,346757.712
2024-05-27,SH600905,三峡能源,4.66,104118126,13587856566,28621259200,13337506.7872
2024-05-27,SH688345,博力威,19.3,583191,25375000,100000000,193000
2024-05-27,SZ301008,宏昌科技,27.7,4432352,24647696,80003696,221610.23792
2024-05-27,SH603529,爱玛科技,34.6,3092270,223543748,861935348,2982296.30408
2024-05-27,SH688700,东威科技,42.9,4678624,146733811,229632000,985121.28
2024-05-27,SH605259,绿田机械,21.51,738100,53697560,123200000,265003.2
2024-05-27,SH688681,科汇股份,10.12,2252921,66991685,104670000,105926.04
2024-05-27,SZ301007,德迈仕,12.55,3549003,123607750,153340000,192441.7
2024-05-27,SH688067,爱威科技,16.23,489073,41017142,68000000,110364
2024-05-27,SH688597,煜邦电力,7.51,5949550,181108712,247062662,185544.059162
2024-05-27,SZ301011,华立科技,17.02,2397965,78261788,146692000,249669.784
2024-05-27,SZ301009,可靠股份,8.91,1288037,97597585,271860000,242227.26
2024-05-27,SZ301010,晶雪节能,13.09,1903200,50661720,108000000,141372
2024-05-27,SH688517,金冠电气,13.82,3409584,85502895,136613184,188799.420288
2024-05-27,SZ300984,金沃股份,21.49,481600,29723664,76801872,165047.222928
2024-05-27,SH601665,齐鲁银行,5.2,23134291,2573776825,4834959335,2514178.8542
2024-05-27,SH688621,阳光诺和,48.91,2210151,81102700,112000000,547792
2024-05-27,SH688425,铁建重工,3.96,17769487,1477957000,5333497000,2112064.812
2024-05-27,SZ301012,扬电科技,29.77,21681451,100070190,142490190,424193.29563
2024-05-27,SH688690,纳微科技,19.58,3098592,204559857,403814765,790669.30987
2024-05-27,SH688216,气派科技,15.82,2155694,43800000,107173500,169548.477
2024-05-27,SZ001207,联科科技,16.8,3643300,83947653,202355964,339958.01952
2024-05-27,SZ001208,华菱线缆,8.15,14559352,248072747,534424000,435555.56
2024-05-27,SZ301004,嘉益股份,86.85,764800,26536800,104000000,903240
2024-05-27,SH601528,瑞丰银行,5.41,15627943,790367765,1962161395,1061529.314695
2024-05-27,SH688276,百克生物,34.94,3557287,242169416,413657598,1445319.647412
2024-05-27,SH688601,力芯微,40.63,3288918,71112700,133692700,543193.4401
2024-05-27,BJ920768,拾比佰,4.24,308627,76744640,110970000,47051.28
2024-05-27,SH688367,工大高科,13.3,440984,65774410,87363120,116192.9496
2024-05-27,SZ301019,宁波色母,23.5,3298080,57367160,120000000,282000
2024-05-27,SZ301013,利和兴,11.18,15515750,166392159,233743056,261324.736608
2024-05-27,SH688161,威高骨科,23.69,868806,76666667,400000000,947600
2024-05-27,SH603171,税友股份,22.55,2679500,90494270,407187500,918207.8125
2024-05-27,SZ301016,雷尔伟,22.04,10615914,30000000,120000000,264480
2024-05-27,SZ301015,百洋医药,31.69,2482698,118888491,525613491,1665669.152979
2024-05-27,SH605011,杭州热电,29.3,12696469,121100000,400100000,1172293
2024-05-27,SH688499,利元亨,25.88,2618704,58107654,123626327,319944.934276
2024-05-27,SZ301022,海泰科,22.99,1519204,41513883,84188400,193549.1316
2024-05-27,SZ301017,漱玉平民,13.98,14405706,109300369,405340369,566665.835862
2024-05-27,SH688239,航宇科技,37.71,3662773,104610317,147559448,556446.678408
2024-05-27,BJ920765,美之高,6.94,679575,43997295,69613044,48311.452536
2024-05-27,SZ301020,密封科技,17.42,866700,72921840,146400000,255028.8
2024-05-27,SH605287,德才股份,14.02,2888820,87956273,140000000,196280
2024-05-27,SZ301021,英诺激光,16.92,3866988,69961482,151511482,256357.427544
2024-05-27,SH605162,新中港,9.02,7091400,101468570,400489620,361241.63724
2024-05-27,SZ301018,申菱环境,21.66,4331815,113088564,266052564,576269.853624
2024-05-27,SZ301023,奕帆传动,31.37,478100,23724418,56000250,175672.78425
2024-05-27,SH688226,威腾电气,20.09,4200634,85451280,156506480,314421.51832
2024-05-27,SZ301039,中集车辆,9.62,6965700,725236525,2017600000,1940931.2
2024-05-27,BJ920885,星辰科技,6.03,1332773,86304521,171114960,103182.32088
2024-05-27,SH688789,宏华数科,118.41,1154570,70916891,120437136,1426096.127376
2024-05-27,SH605020,永和股份,23.26,3644077,177044275,380268034,884503.447084
2024-05-27,SH688087,英科再生,29.27,1144394,102372028,187769250,549600.59475
2024-05-27,SH688305,科德数控,68.89,793645,53177757,101702906,700631.319434
2024-05-27,SH605028,世茂能源,16.61,3854300,40000000,160000000,265760
2024-05-27,SH688038,中科通达,9.66,2561226,81412150,116373400,112416.7044
2024-05-27,SH688799,华纳药厂,41.3,587633,56488000,93800000,387394
2024-05-27,SZ301031,中熔电气,89.33,1365000,36498948,66277427,592056.255391
2024-05-27,SZ301027,华蓝集团,8.2,4063700,100527900,148291400,121598.948
2024-05-27,SH688793,倍轻松,31.3,906465,33138599,85945419,269009.16147
2024-05-27,SZ301026,浩通科技,26.3,1564935,57358009,113333334,298066.66842
2024-05-27,SH688501,青达环保,17.48,5193807,81716245,123071000,215128.108
2024-05-27,SZ301025,读客文化,10.51,15395200,99204469,400309400,420725.1794
2024-05-27,SH605056,咸亨国际,14.07,15437100,159972345,411375520,578805.35664
2024-05-27,SH605365,立达信,17.54,2407100,59262537,504460287,884823.343398
2024-05-27,SZ301028,鼎熔岩,9.5,2499400,108093200,378912000,359966.4
2024-05-27,BJ920146,华阳变速,3.67,1550928,99053253,134990443,49541.492581
2024-05-27,SZ301032,新柴股份,7.61,3908010,82587150,241133400,183502.5174
2024-05-27,SH688800,瑞可达,29.62,5759042,106589073,158419873,469239.663826
2024-05-27,SH688303,大全能源,25.13,3875157,519937715,2144937715,5390228.477795
2024-05-27,SZ301030,仕净科技,49.15,1832284,114508347,143646622,706023.14713
2024-05-27,SH601921,浙版传媒,8.7,5978100,422221962,2222222223,1933333.33401
2024-05-27,SZ001209,洪兴股份,15.74,4088670,40287859,131522720,207016.76128
2024-05-27,SZ301029,怡合达,22.62,3983332,297949291,577708128,1306775.785536
2024-05-27,SH688768,容知日新,25.42,556374,49616285,81626048,207493.414016
2024-05-27,SH605167,利柏特,8.48,2464700,222515330,449070000,380811.36
2024-05-27,SZ301033,迈普医学,41.25,705100,37551070,66062951,272509.672875
2024-05-27,SH688296,和达科技,11.19,1083804,60037538,108240660,121121.29854
2024-05-27,SZ301035,润丰股份,52.31,1369800,89345090,278662094,1457681.413714
2024-05-27,SZ301024,霍普股份,21.39,1283200,17737500,63585000,136008.315
2024-05-27,SH688718,唯赛勃,9.93,536671,56620316,173754389,172538.108277
2024-05-27,SZ301036,双乐股份,22.78,9160473,43461432,100000000,227800
2024-05-27,SH688071,华依科技,27,799204,53608330,84789724,228932.2548
2024-05-27,SZ001210,金房能源,17.32,2633680,51943884,108897692,188610.802544
2024-05-27,SH688511,*ST天微,23.78,783412,40927137,80000000,190240
2024-05-27,SH688509,正元地信,3.33,6995747,384792200,770000000,256410
2024-05-27,SZ301037,保立佳,14.02,2664776,28275847,100030605,140242.90821
2024-05-27,SH688670,金迪克,16.83,497943,44135585,123200000,207345.6
2024-05-27,SH605507,国邦医药,18.33,2825400,301722186,558823500,1024323.4755
2024-05-27,SZ301040,中环海陆,11.75,1133600,69619837,100000437,117500.513475
2024-05-27,SZ300774,倍杰特,7.84,2031335,123648105,408763660,320470.70944
2024-05-27,SH688385,复旦微电,28.86,11317733,318380400,819060400,2363808.3144
2024-05-27,SZ301038,深水规院,15.48,3244355,49335000,171600000,265636.8
2024-05-27,SZ301042,安联锐视,33.55,1324879,42686827,69738577,233972.925835
2024-05-27,SZ300964,本川智能,31.69,1555819,32909034,77298284,244958.261996
2024-05-27,SH688778,厦钨新能,35.03,1440924,204167280,420771001,1473960.816503
2024-05-27,SZ001211,双枪科技,17.22,901500,37622940,72000000,123984
2024-05-27,BJ920553,凯腾精工,3.75,585903,91865218,143690460,53883.9225
2024-05-27,SH688148,芳源股份,4.91,8133354,386669053,510173053,250494.969023
2024-05-27,BJ920090,同辉信息,2.96,4752303,171880593,199333546,59002.729616
2024-05-27,SH605589,圣泉集团,19.14,9860818,618365809,846548998,1620294.782172
2024-05-27,SZ000792,盐湖股份,17.49,18523924,5432786902,5432876672,9502101.299328
2024-05-27,SZ301041,金百泽,23.27,4568072,61497018,106680000,248244.36
2024-05-27,SZ301043,绿岛风,26.82,713700,18000000,68000000,182376
2024-05-27,SH688779,五矿新能,5.24,11872492,1042557051,1929218255,1010910.36562
2024-05-27,SZ300814,中富电路,28.27,6188132,50796000,175796000,496975.292
2024-05-27,SZ300994,久祺股份,12.4,6477248,77856000,233088000,289029.12
2024-05-27,SH605588,冠石科技,39.4,2930100,23099561,73609361,290020.88234
2024-05-27,SH688787,海天瑞声,60.85,1166892,41251785,60325180,367078.7203
2024-05-27,SZ301045,天禄科技,19.7,6966400,55320611,110318358,217327.16526
2024-05-27,SZ300844,山水比德,27.23,2240905,16760000,64640000,176014.72
2024-05-27,BJ920566,梓橦宫,7.37,532102,112429761,146561080,108015.51596
2024-05-27,SH605069,正和生态,7.38,4138280,84161278,211697778,156232.960164
2024-05-27,SH688798,艾为电子,51.93,2880169,134623549,232008945,1204822.451385
2024-05-27,BJ920642,通易航天,8.24,2401033,54815158,103670278,85424.309072
2024-05-27,SZ301047,义翘神州,71.18,534640,58463410,129200000,919645.6
2024-05-27,SZ301046,能辉科技,22.51,5562567,58992537,149690637,336953.623887
2024-05-27,SH688733,壹石通,17.95,2795344,143883548,199775190,358596.46605
2024-05-27,BJ920039,国义招标,6.13,457870,153819900,153820000,94291.66
2024-05-27,SZ301048,金鹰重工,9.14,3109200,133333400,533333400,487466.7276
2024-05-27,SH688728,格科微,13.11,12822836,1114199673,2600586667,3409369.120437
2024-05-27,SH601825,沪农商行,8.2,32184791,4621763445,9644444445,7908444.4449
2024-05-27,SH605580,恒盛能源,10.78,6329760,71554000,280000000,301840
2024-05-27,SH601728,中国电信,6.04,133576462,19590425382,91507138699,55270311.774196
2024-05-27,BJ920174,五新隧装,21.23,1095339,51477608,90008718,191088.508314
2024-05-27,SH688766,普冉股份,113.21,1337443,43816095,75515285,854908.541485
2024-05-27,SZ001212,中旗新材,26.3,1045400,54818716,117873591,310007.54433
2024-05-27,SZ301049,超越科技,24.34,2428500,25684034,94253334,229412.614956
2024-05-27,SZ301050,雷电微力,47.91,3358200,134661264,174967506,838269.321246
2024-05-27,SH605577,龙版传媒,16.69,3883800,188364445,444444445,741777.778705
2024-05-27,SH688786,悦安新材,35.94,254090,53538990,85595240,307629.29256
2024-05-27,BJ920305,*ST云创,11.05,754639,81100875,132376125,146275.618125
2024-05-27,SZ301051,信濠光电,27.7,1195173,92386350,168000000,465360
2024-05-27,SZ301052,果麦文化,23.14,3333484,74587924,98907189,228871.235346
2024-05-27,SH688776,国光电气,65.3,830824,34474541,108383419,707743.72607
2024-05-27,BJ920077,吉林碳谷,11.57,843911,316956817,587681817,679947.862269
2024-05-27,SH688711,宏微科技,23.16,2156389,124281749,152116633,352302.122028
2024-05-27,SZ301053,远信工业,20.36,929943,23264948,81752500,166448.09
2024-05-27,SZ301055,张小泉,12.58,886355,58450000,156000000,196248
2024-05-27,SH688121,卓然股份,14.59,1853596,141578667,233614003,340842.830377
2024-05-27,SZ001215,千味央厨,37.96,1826800,45722096,99266097,376814.104212
2024-05-27,SH688187,时代电气,48,4168325,259941044,1411540112,6775392.5376
2024-05-27,SZ301056,森赫股份,8.77,3163811,66696667,266786667,233971.906959
2024-05-27,SZ001213,中铁特货,4.27,13293100,1044444444,4444444444,1897777.777588
2024-05-27,SH688767,博拓生物,28.56,464586,40266667,106666667,304640.000952
2024-05-27,SZ301058,中粮科工,10.69,16816704,203413600,512274245,547621.167905
2024-05-27,SZ301057,汇隆新材,12.59,2237622,51668438,117390438,147794.561442
2024-05-27,SH605599,菜百股份,14.61,2101525,586677800,777777800,1136333.3658
2024-05-27,SH688091,上海谊众,27,1577770,151046782,205759840,555551.568
2024-05-27,SH688103,国力电子,28.22,1679130,63497104,95935004,270728.581288
2024-05-27,SZ301059,金三江,9.75,1559810,66064563,231154000,225375.15
2024-05-27,SH688622,禾信仪器,18.9,697591,38842484,69997606,132295.47534
2024-05-27,SZ301060,兰卫医学,10,3376400,179789432,400517000,400517
2024-05-27,SZ301061,匠心家居,49.1,1125743,41600000,166400000,817024
2024-05-27,SZ301062,上海艾录,10.68,2134000,239318822,400394456,427621.279008
2024-05-27,SZ301065,本立科技,18.19,647103,45625350,106020000,192850.38
2024-05-27,SH688707,振华新材,11.8,3946910,283167998,508784205,600365.3619
2024-05-27,SH600955,维远股份,17.07,1098000,364900000,550000000,938850
2024-05-27,SH688701,卓锦股份,5.4,2915250,67307755,134277372,72509.78088
2024-05-27,SH605033,美邦股份,15.08,652323,33800000,135200000,203881.6
2024-05-27,SZ300854,中兰环保,11.47,1625403,46480413,101088500,115948.5095
2024-05-27,SH688697,纽威数控,17.5,2189798,81666700,326666700,571666.725
2024-05-27,SH605598,上海港湾,19.77,5055560,73700841,245760841,485869.182657
2024-05-27,SZ301066,万事利,9.88,1938900,72048580,188352192,186091.965696
2024-05-27,SZ301067,显盈科技,19.73,2086086,45201150,97236000,191846.628
2024-05-27,SZ301070,开勒股份,46.15,1410308,35045880,64555200,297922.248
2024-05-27,SZ301063,海锅股份,15.56,1501170,61133724,104360724,162385.286544
2024-05-27,SZ301071,力量钻石,30.81,1934311,130873313,260272313,801898.996353
2024-05-27,SZ301069,凯盛新材,16.91,4678477,140440000,420640000,711302.24
2024-05-27,SH601868,中国能建,2.22,207009287,14222500963,41691163636,9255438.327192
2024-05-27,SZ301068,大地海洋,22.9,221310,50326103,108919888,249426.54352
2024-05-27,SZ301072,中捷精工,19.91,1528751,33354800,105054800,209164.1068
2024-05-27,SZ301075,多瑞医药,18.86,773900,27423729,80000000,150880
2024-05-27,SZ001217,华尔泰,10.76,5791375,132928800,331870000,357092.12
2024-05-27,SZ301077,星华新材,20.93,4402182,42870002,120000000,251160
2024-05-27,SZ301073,君亭酒店,21.57,7884357,85161168,194451046,419430.906222
2024-05-27,SZ301076,新瀚新材,22.5,6069295,69327275,134524000,302679
2024-05-27,SH605567,春雪食品,9.49,9694542,123588050,200000000,189800
2024-05-27,SZ301078,孩子王,6.33,9700139,635194612,1109742548,702467.032884
2024-05-27,SZ001218,丽臣实业,18.86,717150,74052750,131660000,248310.76
2024-05-27,SH688772,珠海冠宇,14.01,13088446,765502986,1121857176,1571721.903576
2024-05-27,SH688272,富吉瑞,18.73,327746,27628651,76000000,142348
2024-05-27,SZ301080,百普赛斯,38.89,2659812,67028897,120000000,466680
2024-05-27,SZ301085,亚康股份,44.82,1699408,39384178,86775675,388928.57535
2024-05-27,SH688722,同益中,10.86,2143028,127856700,224666700,243988.0362
2024-05-27,SZ301079,邵阳液压,11.72,1279050,58367529,110364584,129347.292448
2024-05-27,SZ001216,华瓷股份,13.85,2407000,62966700,251866700,348835.3795
2024-05-27,SZ301081,严牌股份,8.34,1736320,84384000,204804000,170806.536
2024-05-27,SZ301086,鸿富瀚,38.47,6473159,32496750,90000000,346230
2024-05-27,SH688285,高铁电气,6.95,737320,94100000,376289913,261521.489535
2024-05-27,SZ001219,青岛食品,16.73,2084877,75815001,149987500,250929.0875
2024-05-27,SZ301083,百胜智能,13.6,2802500,54857667,177866667,241898.66712
2024-05-27,SH605555,德昌股份,21.29,2312932,135698415,372360800,792756.1432
2024-05-27,SH688737,中自科技,18.55,1303577,71146929,120242886,223050.55353
2024-05-27,SZ301087,可孚医疗,37.36,651100,90574318,209238250,781714.102
2024-05-27,SH688255,凯尔达,20.26,587754,70102553,109858870,222574.07062
2024-05-27,SH605566,福莱蒽特,18.09,1024700,62287972,133340000,241212.06
2024-05-27,BJ920925,锦好医疗,11.98,126747,55295053,98071643,117489.828314
2024-05-27,SH688211,中科微至,27.68,320179,65008698,131608698,364292.876064
2024-05-27,SH688553,汇宇制药,14.05,1242767,291135369,423600000,595158
2024-05-27,SZ301090,华润材料,8.42,2277000,221904983,1486358853,1251514.154226
2024-05-27,SH605138,盛泰集团,5.84,1644100,297322791,555561291,324447.793944
2024-05-27,SZ301089,拓新药业,35.75,3086308,78882417,126544500,452396.5875
2024-05-27,SZ301082,久盛电气,14.97,16312472,67938622,161649410,241989.16677
2024-05-27,SH688257,新锐股份,25.26,466242,95470200,129920000,328177.92
2024-05-27,SH688280,精进电动,4.86,2358850,459660046,590221667,286847.730162
2024-05-27,SZ301088,戎美股份,12.37,966501,57750000,228000000,282036
2024-05-27,BJ920892,广咨国际,11.34,229383,111291119,129054056,146347.299504
2024-05-27,SH688739,成大生物,27.65,782486,188786236,416450000,1151484.25
2024-05-27,SZ301091,深城交,26.9,16987260,192660000,405600000,1091064
2024-05-27,SZ301093,华兰股份,22.53,736509,90571196,129374042,291479.716626
2024-05-27,SZ001288,运机集团,23.5,942100,61496824,160002649,376006.22515
2024-05-27,SZ301092,争光股份,26.39,1826063,42855884,133693484,352817.104276
2024-05-27,SZ301129,瑞纳智能,15.38,1405160,36183600,133902000,205941.276
2024-05-27,BJ920924,广脉科技,11.1,598745,48912111,83000000,92130
2024-05-27,SZ301169,零点有数,29.16,1160600,28122128,72239774,210651.180984
2024-05-27,BJ920405,海希通讯,10.58,177180,109917756,140260000,148395.08
2024-05-27,BJ920089,禾昌聚合,13.94,318032,66786299,107620000,150022.28
2024-05-27,SZ301128,强瑞技术,42.53,4459567,27256749,73886622,314239.803366
2024-05-27,SH688162,巨一科技,21.79,787645,48616850,137303350,299183.99965
2024-05-27,SZ301149,隆华新材,10.53,2495127,185161419,430000018,452790.018954
2024-05-27,SZ301188,力诺药包,17.69,2560100,150444357,232450093,411204.214517
2024-05-27,SH603213,镇洋发展,9.08,1794700,155794713,434800000,394798.4
2024-05-27,SZ301178,天亿马,21.35,4935607,43598856,67236800,143550.568
2024-05-27,SZ301098,金埔园林,8.45,2630476,108400541,158405118,133852.32471
2024-05-27,SH688107,安路科技,22.34,2205213,192766339,400849367,895497.485878
2024-05-27,BJ920873,中设咨询,3.03,789500,109180502,153387002,46476.261606
2024-05-27,BJ920171,志晟信息,6.46,3459494,66960733,100233235,64750.66981
2024-05-27,BJ920145,恒合股份,4.82,225973,44827250,70550000,34005.1
2024-05-27,BJ920932,科达自控,11.99,336178,61709548,77280000,92658.72
2024-05-27,BJ920454,同心传动,8.03,1042899,59992375,105100000,84395.3
2024-05-27,SH688105,诺唯赞,23,2191956,167172812,400010000,920023
2024-05-27,BJ920260,中寰股份,6.25,244791,41470291,103550000,64718.75
2024-05-27,SH688212,澳华内镜,49.71,1019192,93810250,134587250,669033.21975
2024-05-27,BJ920092,汉鑫科技,20.62,1135411,24703696,47896000,98761.552
2024-05-27,BJ920680,广道退,12.88,765906,46893344,66999900,86295.8712
2024-05-27,BJ920981,晶赛科技,12.69,584242,37032291,76468000,97037.892
2024-05-27,BJ920436,大地电气,10.95,525285,44679750,94476000,103451.22
2024-05-27,SZ301180,万祥科技,13.64,3670700,57866002,400010000,545613.64
2024-05-27,SH688182,灿勤科技,13.52,5816778,100000000,400000000,540800
2024-05-27,SH603048,浙江黎明,15.03,1936974,37720000,146880000,220760.64
2024-05-27,SH688232,新点软件,20.86,1500693,99112695,330000000,688380
2024-05-27,SZ001267,汇绿生态,5.9,79165679,363290278,779571428,459947.14252
2024-05-27,SH688075,安旭生物,33.95,285023,31770805,127082805,431446.122975
2024-05-27,SH688082,盛美上海,76.99,1703104,75864792,435707409,3354511.341891
2024-05-27,SZ301118,恒光股份,16.73,1400400,54135313,106670000,178458.91
2024-05-27,SZ301185,鸥玛软件,15.94,1954300,91457039,153417600,244547.6544
2024-05-27,SZ301099,雅创电子,39.78,1678500,29000000,80000000,318240
2024-05-27,SH603219,富佳股份,15.31,2789100,155285245,561400000,859503.4
2024-05-27,SZ301119,正强股份,19.06,708440,27300000,104000000,198224
2024-05-27,SZ301155,海力风电,50,1223250,88809282,217391478,1086957.39
2024-05-27,BJ920720,吉冈精密,8.9,2180183,49599709,190231400,169305.946
2024-05-27,SH600935,华塑股份,2.62,6051906,1854701224,3507401812,918939.274744
2024-05-27,SZ301133,金钟股份,21.86,940580,31617116,106617116,233065.015576
2024-05-27,SH688190,云路股份,77.3,365015,60816000,120000000,927600
2024-05-27,SH688049,炬芯科技,25.43,2200254,90885400,122000000,310246
2024-05-27,SZ001317,三羊马,27.95,2772348,29292375,80040000,223711.8
2024-05-27,SH688230,芯导科技,33.44,532781,29400000,117600000,393254.4
2024-05-27,SH688112,鼎阳科技,32.28,589087,45948099,159200019,513897.661332
2024-05-27,SZ301198,喜悦智行,8.8,1812441,77841400,169000000,148720
2024-05-27,SZ301108,洁雅股份,26.58,238824,35238328,81209818,215855.696244
2024-05-27,SZ301213,观想科技,31.74,2862600,28756399,79999999,253919.996826
2024-05-27,SZ301167,建研设计,13.39,3609486,65129509,112000000,149968
2024-05-27,SH688151,华强科技,14.24,817507,102153200,344500000,490568
2024-05-27,SZ301199,迈赫股份,24.22,3049192,46715000,133340000,322949.48
2024-05-27,SZ301111,粤万年青,15.99,1793400,70138480,160000000,255840
2024-05-27,SZ301126,达嘉维康,9.86,6102300,108819214,206505700,203614.6202
2024-05-27,SZ301179,泽宇智能,18.36,14692203,83652371,333132371,611631.033156
2024-05-27,SZ301193,家联科技,18.81,1065354,91200000,192000000,361152
2024-05-27,SH688110,东芯股份,20.85,10210911,276536733,442249758,922090.74543
2024-05-27,SZ301168,通灵股份,33.76,4080442,49653000,120000000,405120
2024-05-27,SH688192,迪哲医药,40.64,1613582,123084983,415653120,1689214.27968
2024-05-27,SH688246,嘉和美康,25.87,2125526,101938132,138571693,358484.969791
2024-05-27,SH603216,梦天家居,10.18,1506000,56690000,224010000,228042.18
2024-05-27,SH688235,百济神州,123,1123897,115055260,1359513224,16722012.6552
2024-05-27,SZ301177,迪阿股份,23.1,1172100,40010000,400010000,924023.1
2024-05-27,SZ301138,华研精机,23.63,878645,30000000,120000000,283560
2024-05-27,SZ301101,明月镜片,26.34,778155,71468100,201512100,530782.8714
2024-05-27,SH603071,物产环能,14.93,2390600,237684798,557954442,833025.981906
2024-05-27,SZ301100,风光股份,15.68,5593584,50000000,200000000,313600
2024-05-27,SZ301096,百诚医药,61.71,1510251,69121939,108919903,672144.721413
2024-05-27,SH688032,禾迈股份,251.79,591558,41895545,83317500,2097851.3325
2024-05-27,SH688248,南网科技,30.32,16930061,228712100,564700000,1712170.4
2024-05-27,SZ301221,光庭信息,35.74,2720000,43506800,92622300,331032.1002
2024-05-27,SZ301113,雅艺科技,22.17,529500,18484525,70000000,155190
2024-05-27,SZ301211,亨迪药业,16.59,1884020,72000000,288000000,477792
2024-05-27,SH600927,永安期货,12.4,2596259,527518004,1455555556,1804888.88944
2024-05-27,SZ301186,超达装备,32.26,593004,22098489,73256577,236325.717402
2024-05-27,SZ301182,凯旺科技,17.5,11126727,35971700,95821700,167687.975
2024-05-27,SZ301190,善水科技,17.8,803600,71046900,214636500,382052.97
2024-05-27,SH603230,内蒙新华,12.87,3484700,89401000,353523000,454984.101
2024-05-27,SZ001296,长江材料,23.05,1318050,37674347,106859233,246310.532065
2024-05-27,SH688167,炬光科技,63.16,3684824,68781687,90363344,570734.880704
2024-05-27,SH688210,统联精密,20.96,1442818,105677892,158532883,332284.922768
2024-05-27,SZ301166,优宁维,29.43,747454,41268868,86666668,255060.003924
2024-05-27,SH688265,南模生物,25.42,94323,49388513,77963513,198183.250046
2024-05-27,SH688206,概伦电子,13.74,2555276,177059698,433804445,596047.30743
2024-05-27,SZ301189,奥尼电子,21.69,1764500,41176465,114896465,249210.432585
2024-05-27,SZ301127,武汉天源,10.56,5209685,247203826,420232370,443765.38272
2024-05-27,SH688236,春立医疗,18.43,1618257,79294665,383568500,706916.7455
2024-05-27,SH688227,品高股份,13.05,571939,63161648,113055275,147537.133875
2024-05-27,SH603176,汇通集团,4.59,1680100,150002216,466668882,214201.016838
2024-05-27,SH600941,中国移动,100.33,16007904,758622867,21414276912,214849440.258096
2024-05-27,SH688262,国芯科技,19.03,5882165,266469158,335999913,639407.834439
2024-05-27,BJ920245,威博液压,11.05,286182,24355026,48750000,53868.75
2024-05-27,SH688176,亚虹医药,5.95,5727913,374454798,570000000,339150
2024-05-27,SZ301159,三维天地,27.97,1937922,31214763,77350000,216347.95
2024-05-27,SZ301196,唯科科技,29.84,331100,37368750,124800000,372403.2
2024-05-27,SZ001234,泰慕士,18.47,998000,29066700,106666700,197013.3949
2024-05-27,SZ301136,招标股份,10.78,7728198,103889820,275204820,296670.79596
2024-05-27,SH688234,天岳先进,51,4034078,266083718,429711044,2191526.3244
2024-05-27,SH688259,创耀科技,44.25,1400225,57888800,80000000,354000
2024-05-27,SZ300834,星辉环材,19.21,301200,61406907,193712353,372121.430113
2024-05-27,SH688220,翱捷科技,38.03,2211221,224607369,418300889,1590798.280867
2024-05-27,SZ001227,兰州银行,2.59,47443394,2768349577,5695697168,1475185.566512
2024-05-27,SZ301117,佳缘科技,27.6,1665132,45818544,92263300,254646.708
2024-05-27,SZ301158,德石股份,14.32,2126800,77116908,150370510,215330.57032
2024-05-27,SH688062,迈威生物,32.42,2065513,204170000,399600000,1295503.2
2024-05-27,BJ920204,沪江材料,10.3,943971,38370043,72529075,74704.94725
2024-05-27,SZ301116,益客食品,10.39,13805142,116498567,448979593,466489.797127
2024-05-27,SZ301201,诚达药业,20.25,1684454,87193824,154713824,313295.4936
2024-05-27,SH688173,希荻微,10.49,5597105,238646853,409750733,429828.518917
2024-05-27,SH603150,万朗磁塑,28.31,592700,52278380,85490000,242022.19
2024-05-27,SZ001289,龙源电力,18.5,11178098,133336023,8359816164,15465659.9034
2024-05-27,SH603102,百合股份,34.68,570800,35789350,64000000,221952
2024-05-27,SZ301123,奕东电子,20.2,29733682,76416213,233600000,471872
2024-05-27,SH688223,晶科能源,7.85,77049697,3108647279,10005199279,7854081.434015
2024-05-27,SZ301122,采纳股份,21.46,1146540,44245658,122245658,262339.182068
2024-05-27,SH688270,臻镭科技,30.15,3083743,144231696,214051600,645365.574
2024-05-27,SZ301217,铜冠铜箔,11.13,17622173,229015544,829015544,922694.300472
2024-05-27,SH688171,纬德信息,16.41,1010292,43524699,83773400,137472.1494
2024-05-27,SZ301228,实朴检测,10.62,2087346,54864980,120000000,127440
2024-05-27,SZ301235,华康洁净,18.92,645800,50952000,105600000,199795.2
2024-05-27,SZ301106,骏成科技,25.49,1289474,29185334,101621335,259032.782915
2024-05-27,SH688225,亚信安全,14.65,493852,191263952,400010000,586014.65
2024-05-27,SH688261,东微半导,48.89,790604,63896782,94326914,461164.282546
2024-05-27,SZ301206,三元生物,28.69,1232350,103439325,202325700,580472.4333
2024-05-27,SH688283,坤恒顺维,42.8,584638,53645566,84000000,359520
2024-05-27,SZ001313,粤海饲料,8.75,2968100,218092001,700000000,612500
2024-05-27,SH603122,合富中国,6.02,4598100,179114748,398052633,239627.685066
2024-05-27,SH688267,中触媒,21.67,687895,88411159,176200000,381825.4
2024-05-27,SH603215,比依股份,15.26,1021500,70464150,188658099,287892.259074
2024-05-27,SZ301207,华兰疫苗,19.44,2503304,141013988,600015000,1166429.16
2024-05-27,SZ301181,标榜股份,20.14,911680,39000000,117000000,235638
2024-05-27,SH603132,金徽股份,13.75,2769300,159600000,978000000,1344750
2024-05-27,SZ301229,纽泰格,23.57,2306425,47110054,112020959,264033.400363
2024-05-27,BJ920346,威贸电子,11.73,1555879,28376103,80682603,94640.693319
2024-05-27,SZ301130,西点药业,25.55,553536,58028134,80803943,206454.074365
2024-05-27,SZ001266,宏英智能,21.27,1091480,35271600,103416000,219965.832
2024-05-27,BJ920857,泓禧科技,12.79,937773,74007152,74007152,94655.147408
2024-05-27,SZ301200,大族数控,33.8,885114,57333198,420000000,1419600
2024-05-27,BJ920179,凯德石英,17.6,148146,59712072,75000000,132000
2024-05-27,SZ301218,华是科技,21.05,2060400,56040468,114040000,240054.2
2024-05-27,SH688281,华秦科技,128.74,621266,34936471,139066671,1790344.322454
2024-05-27,SZ301215,中汽股份,5.13,5156907,767400000,1322400000,678391.2
2024-05-27,SZ301222,浙江恒威,24.42,878130,29333400,101333400,247456.1628
2024-05-27,SH603070,万控智造,12.81,2046677,85738535,401000000,513681
2024-05-27,SZ301110,青木科技,44,2300010,35241667,66666667,293333.3348
2024-05-27,BJ920419,路斯股份,8.6,269353,92790549,103346400,88877.904
2024-05-27,SH688163,赛伦生物,13.53,496507,44117000,108220000,146421.66
2024-05-27,SZ301131,聚赛龙,43.26,4733097,23074208,47780000,206696.28
2024-05-27,SH688115,思林杰,21.19,741591,37910413,66670000,141273.73
2024-05-27,SH603261,*ST立航,33.49,4250700,26297276,78319822,262293.083878
2024-05-27,SH688175,高凌信息,22.96,1038850,41806379,92906379,213313.046184
2024-05-27,SZ301236,软通动力,39.86,28091055,680315389,952941177,3798423.531522
2024-05-27,SH688102,斯瑞新材,10.88,5448029,322281506,560014000,609295.232
2024-05-27,SH688207,格灵深瞳,12.39,4556824,178662786,258973147,320867.729133
2024-05-27,SZ301219,腾远钴业,43.92,3636444,167883676,294717182,1294397.863344
2024-05-27,SZ001308,康冠科技,23.71,2413288,77351133,686572613,1627863.665423
2024-05-27,SH688282,理工导航,23.32,474474,36520000,88000000,205216
2024-05-27,SH688150,莱特光电,21.36,4298269,180098725,402437585,859606.68156
2024-05-27,BJ920689,克莱特,11.71,380539,35693553,73400000,85951.4
2024-05-27,SH688306,均普智能,4.47,8171162,468182775,1228282800,549042.4116
2024-05-27,SZ301137,哈焊华通,15.89,7516059,101701800,181813400,288901.4926
2024-05-27,SZ301256,华融化学,7.23,3017300,136200000,480000000,347040
2024-05-27,SZ301103,何氏眼科,24.31,2313603,83090131,158026471,384162.351001
2024-05-27,SH688238,和元生物,5.44,5055133,467229178,647433100,352203.6064
2024-05-27,SH688197,首药控股,44.9,246268,55795742,148719343,667749.85007
2024-05-27,SZ301237,和顺科技,24.68,3100584,37940625,80000000,197440
2024-05-27,SH603209,兴通股份,16.3,4755586,183225000,280000000,456400
2024-05-27,SH603051,鹿山新材,25.55,1939535,49462374,93320669,238434.309295
2024-05-27,SZ301226,祥明智能,16.59,1496880,49079864,108800000,180499.2
2024-05-27,SZ301102,兆讯传媒,13.27,1862995,72500000,290000000,384830
2024-05-27,SZ301263,泰恩康,14.04,2003520,267691928,425497500,597398.49
2024-05-27,SZ301216,万凯新材,12,1789554,284696847,515093100,618111.72
2024-05-27,SZ301258,富士莱,30.69,5814558,33162500,91670000,281335.23
2024-05-27,SH688193,仁度生物,31.75,223473,30757570,40000000,127000
2024-05-27,SH688331,荣昌生物,44.5,4365548,161947712,544332083,2422277.76935
2024-05-27,SH688048,长光华芯,34.61,2761451,100664938,176279943,610104.882723
2024-05-27,SH688295,中复神鹰,25.84,879878,144650558,900000000,2325600
2024-05-27,SZ301268,铭利达,17.9,1406400,180005581,400010131,716018.13449
2024-05-27,SZ301097,天益医疗,40.65,156800,18347368,58947368,239621.05092
2024-05-27,SH688337,普源精电,29.48,1945552,66438816,185123416,545743.830368
2024-05-27,SZ301151,冠龙节能,16.33,4945000,54567429,170374020,278220.77466
2024-05-27,SH688153,唯捷创芯,45.45,2086703,113762101,418316914,1901250.37413
2024-05-27,SZ301135,瑞德智能,19.76,1536488,49457000,102569500,202677.332
2024-05-27,SH688302,海创药业,29.9,695057,72724459,99015598,296056.63802
2024-05-27,SZ301279,金道科技,17.63,615100,28750000,100000000,176300
2024-05-27,SZ301109,军信股份,17.07,2197650,98650831,410010000,699887.07
2024-05-27,BJ920169,七丰精工,5.7,596258,50484240,82714690,47147.3733
2024-05-27,SH688125,安达智能,30.08,458052,21828080,80808080,243070.70464
2024-05-27,SZ301120,新特电气,10.58,19477827,157489269,371441055,392984.63619
2024-05-27,SH688209,英集芯,11.56,4206313,294432628,424794660,491062.62696
2024-05-27,SZ301163,宏德股份,22.3,2987905,33254671,81600000,181968
2024-05-27,SH688326,经纬恒润,56.36,1306219,79477291,119991600,676272.6576
2024-05-27,SZ301212,联盛化学,24.42,2494471,27000000,108000000,263736
2024-05-27,SZ301248,杰创智能,14.4,8612016,101745375,153705000,221335.2
2024-05-27,SH688279,峰岹科技,117.01,650771,55858233,92363380,1080743.90938
2024-05-27,SH688072,拓荆科技,191.5,2735170,104156492,188188255,3603805.08325
2024-05-27,SH600938,中国海油,29.07,54428100,2841851853,47566763984,138276582.901488
2024-05-27,SZ301148,嘉戎技术,18.03,1714200,38489080,116497080,210044.23524
2024-05-27,SZ301150,中一科技,19.97,3578844,92451802,181122202,361701.037394
2024-05-27,SZ301187,欧圣电气,21.52,3176500,47874222,182607661,392971.686472
2024-05-27,SZ301288,*ST清研,12.64,1002680,47092924,108010000,136524.64
2024-05-27,SH688052,纳芯微,85.13,2252498,93340553,142528433,1213344.550129
2024-05-27,SH688325,赛微微电,30.26,594699,38304117,83330927,252159.385102
2024-05-27,SH688046,药康生物,11.04,5545713,203931034,410000000,452640
2024-05-27,SZ301259,艾布鲁,22.21,1142200,74441250,156000000,346476
2024-05-27,SH603191,望变电气,16.15,10909299,186705866,333167407,538065.362305
2024-05-27,SH688320,禾川科技,25.75,1045347,105580706,151013668,388860.1951
2024-05-27,SZ001228,永泰运,27.86,2075400,54864609,103864609,289366.800674
2024-05-27,SH688290,景业智能,31.63,630937,61198633,102189714,323226.065382
2024-05-27,SH688170,德龙激光,25.61,2605328,79615000,103360000,264704.96
2024-05-27,SZ301162,国能日新,52.73,12804583,60559915,99249682,523343.573186
2024-05-27,SH603206,嘉环科技,13.33,1796100,87199988,305199988,406831.584004
2024-05-27,SH603097,江苏华辰,29.85,9855500,40000000,160000000,477600
2024-05-27,SZ001319,铭科精技,17.36,1359300,60967000,141400000,245470.4
2024-05-27,BJ920580,科创新材,5.47,3045951,55903561,86000000,47042
2024-05-27,SZ301257,普蕊斯,42.38,748600,36188940,61160000,259196.08
2024-05-27,BJ920970,大禹生物,6.78,727737,52704400,111360400,75502.3512
2024-05-27,SZ301153,中科江南,28.96,3124656,205865793,349920000,1013368.32
2024-05-27,SH603272,联翔股份,10.6,1996743,42502000,103627000,109844.62
2024-05-27,SZ001318,阳光乳业,11.05,2494974,77060000,282660000,312339.3
2024-05-27,SH688213,思特威,45.8,2226364,321212701,400010000,1832045.8
2024-05-27,SZ301107,瑜欣电子,24.66,1299100,20907400,73400000,181004.4
2024-05-27,SZ301183,东田微,39.9,3848389,46088000,80000000,319200
2024-05-27,BJ920533,骏创科技,13.68,388142,35898763,100151100,137006.7048
2024-05-27,SH688287,*ST观典,6.83,8315985,370515600,370515600,253062.1548
2024-05-27,SH688045,必易微,27.11,1080035,36906189,69048939,187191.673629
2024-05-27,SZ301191,菲菱科思,76.27,5013478,26139425,69342000,528871.434
2024-05-27,BJ920267,鑫汇科,11.05,494481,25156659,49982941,55231.149805
2024-05-27,SH688327,云从科技,11,13799903,753199260,1036938787,1140632.6657
2024-05-27,BJ920271,邦德股份,11.12,285859,51900498,118930000,132250.16
2024-05-27,SZ001270,*ST铖昌,38.9,3180127,101391963,203499561,791613.29229
2024-05-27,SZ301160,翔楼新材,40.99,1284100,42012667,79183314,324572.404086
2024-05-27,SH688119,中钢洛耐,3.81,2434331,562500000,1125000000,428625
2024-05-27,SZ301298,东利机械,13.77,1404726,77755808,146800000,202143.6
2024-05-27,SH688251,井松智能,19.18,273114,35434599,59428464,113983.793952
2024-05-27,SZ301125,腾亚精工,13.45,1043314,42227500,101360000,136329.2
2024-05-27,SH688348,昱能科技,70.66,1428812,57860063,112000000,791392
2024-05-27,SH688120,华海清科,181.02,1740203,113042903,158933383,2877012.099066
2024-05-27,SZ301266,宇邦新材,38.7,5751176,37500621,104000621,402482.40327
2024-05-27,BJ920223,荣亿精密,3.06,2931748,80163750,157285000,48129.21
2024-05-27,BJ920299,灿能电力,7.41,7480898,29462654,90109276,66770.973516
2024-05-27,BJ920491,奥迪威,13.71,864686,113538489,141159348,193529.466108
2024-05-27,SZ301286,侨源股份,31,379884,39725000,400100000,1240310
2024-05-27,SZ301238,瑞泰新材,17.84,10282593,213333300,733333300,1308266.6072
2024-05-27,BJ920564,天润科技,8.68,535483,33782457,74529018,64691.187624
2024-05-27,SZ301156,美农生物,14.02,5746082,68782036,145191440,203558.39888
2024-05-27,BJ920378,泰德股份,4.03,1082146,97510916,155526000,62676.978
2024-05-27,SH688349,三一重能,27.99,1381416,185939901,1205521015,3374253.320985
2024-05-27,SZ301289,国缆检测,40.75,1022100,25349901,78000000,317850
2024-05-27,SZ001226,拓山重工,33.8,1250800,18666700,74666700,252373.446
2024-05-27,SZ301220,亚香股份,28.21,1697200,47409999,80800000,227936.8
2024-05-27,SZ301302,华如科技,18.52,3281949,86580000,158205000,292995.66
2024-05-27,SZ001323,慕思股份,33.37,1003335,77932500,400010000,1334833.37
2024-05-27,SZ001316,润贝航科,32.82,1531000,28417425,82213000,269823.066
2024-05-27,SH688047,龙芯中科,104.05,6059664,278414729,401000000,4172405
2024-05-27,BJ920943,优机股份,8.26,176948,41202108,101521378,83856.658228
2024-05-27,SH688297,中无人机,33.85,4582394,265569463,675000000,2284875
2024-05-27,SZ301112,信邦智能,19.88,881200,36256909,110266600,219210.0008
2024-05-27,SZ001268,联合精密,18.41,855600,41672609,107933334,198705.267894
2024-05-27,SH601089,福元医药,15.24,3047946,205346413,480000000,731520
2024-05-27,SZ001309,德明利,84.54,5151917,87198225,147182100,1244277.4734
2024-05-27,SH688237,超卓航科,22.47,570051,42147817,89603310,201338.63757
2024-05-27,SZ301234,五洲医疗,23.75,644600,18428000,68000000,161500
2024-05-27,BJ920870,恒进感应,8.48,1114257,66002900,134000000,113632
2024-05-27,SZ301239,普瑞眼科,44.37,1777500,70789463,149619048,663859.715976
2024-05-27,SZ301233,盛帮股份,37.79,1812800,18668550,51470000,194505.13
2024-05-27,BJ920821,则成电子,12.49,1110156,36341390,70592806,88170.414694
2024-05-27,SH688400,凌云光,16.61,2415324,239615637,463500000,769873.5
2024-05-27,SZ301208,中亦科技,23.7,1354540,43374060,120000060,284400.1422
2024-05-27,SH688322,奥比中光,25.65,2726613,255464760,400001000,1026002.565
2024-05-27,SH688053,ST思科瑞,25.75,574535,42493400,100000000,257500
2024-05-27,SZ301139,元道通信,22.61,3788511,71723517,121580800,274894.1888
2024-05-27,SZ301175,中科环保,4.86,8931453,617174100,1471880000,715333.68
2024-05-27,SZ301312,智立方,52.94,845200,16274748,62827143,332606.895042
2024-05-27,BJ920639,晨光电缆,4.17,1263677,117215883,201600000,84067.2
2024-05-27,SH603235,天新药业,26.86,331800,147065200,437780000,1175877.08
2024-05-27,SH688353,华盛锂电,20.25,484450,61296393,159500000,322987.5
2024-05-27,BJ920062,科润智控,5.89,3544818,125238355,184086277,108426.817153
2024-05-27,SZ001230,劲旅环境,19.07,628700,45211362,111393348,212427.114636
2024-05-27,SH603170,宝立食品,14.16,1326400,158810000,400010000,566414.16
2024-05-27,SH688332,中科蓝讯,53.58,686029,42816151,120000000,642960
2024-05-27,BJ920725,惠丰钻石,11.39,683843,42077762,92250000,105072.75
2024-05-27,BJ920871,派特尔,5.98,260640,38843932,73737616,44095.094368
2024-05-27,SH688231,隆达股份,16.73,858081,122845906,246857143,412992.000239
2024-05-27,SH688375,国博电子,70.84,761634,177215260,400010000,2833670.84
2024-05-27,SH688382,益方生物,8.67,4376281,396823461,576658841,499963.215147
2024-05-27,SZ001336,楚环科技,19.63,687200,28557260,80373500,157773.1805
2024-05-27,SH603211,晋拓股份,15.01,1768400,67952000,271808000,407983.808
2024-05-27,SZ301306,西测测试,27.4,1530543,39280000,84400000,231256
2024-05-27,SZ001258,立新能源,6.72,6242800,468712334,933333334,627200.000448
2024-05-27,SH688253,英诺特,42.07,2781521,68413281,136060816,572407.852912
2024-05-27,SZ301269,华大九天,78.7,2006100,263323246,542941768,4272951.71416
2024-05-27,SH603201,常润股份,28.98,637520,45896668,112840668,327012.255864
2024-05-27,SH688130,晶华微,29.88,83319,16186000,66560000,198881.28
2024-05-27,SZ301195,北路智控,33.11,694650,46147740,131521740,435468.48114
2024-05-27,SZ301333,诺思格,44.31,665500,56731200,96000000,425376
2024-05-27,SH688371,菲沃泰,11.23,2209660,123702777,335472356,376735.455788
2024-05-27,SZ301278,快可电子,38.68,2503130,33728500,83322800,322292.5904
2024-05-27,SH688373,盟科药业,4.4,3277604,347938516,655210084,288292.43696
2024-05-27,SZ001236,弘业期货,8.82,3858900,326435656,1007777778,888860.000196
2024-05-27,SH688380,中微半导,16.59,2240072,122936436,400365000,664205.535
2024-05-27,SZ301308,江波龙,86.9,6444758,112863054,412864254,3587790.36726
2024-05-27,SZ301095,广立微,50.48,3777768,107337868,200000000,1009600
2024-05-27,BJ920985,海泰新能,5.77,4950332,134469079,309476200,178567.7674
2024-05-27,SZ301121,紫建电子,40.01,3923907,29561830,70803184,283283.539184
2024-05-27,SZ001229,魅视科技,28.38,971447,29405909,100000000,283800
2024-05-27,SZ301197,工大科雅,12.95,1264708,81888000,120540000,156099.3
2024-05-27,SH688205,德科立,39.4,2177248,56494861,100744021,396931.44274
2024-05-27,SZ301132,满坤科技,20.69,2240775,43475500,147470000,305115.43
2024-05-27,SZ301318,维海德,30.72,4562410,58513721,135130876,415122.051072
2024-05-27,SH688273,麦澜德,22.01,2246052,35826790,100000000,220100
2024-05-27,SZ301192,泰祥股份,15.31,1185908,47868750,99900000,152946.9
2024-05-27,SH688041,海光信息,70.66,17973726,885181181,2324338091,16423772.951006
2024-05-27,SZ301336,趣睡科技,32.39,393700,25746624,40000000,129560
2024-05-27,SZ001339,智微智能,27.11,5987810,70960875,249744000,677055.984
2024-05-27,SZ301338,凯格精机,30,3210007,34300000,106400000,319200
2024-05-27,SH688203,海正生材,9.66,1546813,113469826,202678068,195787.013688
2024-05-27,SH688401,路维光电,26.25,2457812,114397221,193333720,507501.015
2024-05-27,SZ301330,熵基科技,23.64,1403570,66352349,194679508,460222.356912
2024-05-27,SZ301321,翰博高新,13.96,10354627,147409427,186435000,260263.26
2024-05-27,SZ001330,博纳影业,6.24,11531649,1055178085,1374518984,857699.846016
2024-05-27,SH688403,汇成股份,8.58,13572656,569915332,834853281,716304.115098
2024-05-27,SH603255,鼎际得,33.08,476900,60675248,135526667,448322.214436
2024-05-27,SH688292,浩瀚深度,17.08,1579927,86073183,158346667,270456.107236
2024-05-27,SZ001222,源飞宠物,13.42,863500,78638000,190890000,256174.38
2024-05-27,SZ001231,农心科技,16.5,752700,35486500,100000000,165000
2024-05-27,SZ301300,远翔新材,24.16,503100,30341667,64150000,154986.4
2024-05-27,SZ301171,易点天下,16.18,10297271,308775025,471885905,763511.39429
2024-05-27,BJ920834,三维装备,5.45,470953,32964004,120000005,65400.002725
2024-05-27,SH688271,联影医疗,126.24,1416991,592230176,824157988,10404170.440512
2024-05-27,SZ000670,盈方微,4.95,25845700,722106712,849287360,420397.2432
2024-05-27,SH688381,帝奥微,18.14,2158083,186354900,252200000,457490.8
2024-05-27,SH688247,宣泰医药,9.01,2024362,140546500,453340000,408459.34
2024-05-27,SZ301209,联合化学,25.88,4255100,24500000,80000000,207040
2024-05-27,SH688370,丛麟科技,17.92,236855,43769916,138320000,247869.44
2024-05-27,SZ301282,金禄电子,17.41,8552918,72139968,151139968,263134.684288
2024-05-27,SH688439,振华风光,65.12,1662995,95856680,200000000,1302400
2024-05-27,SH688416,恒烁股份,39.44,1089541,44482689,82637279,325921.428376
2024-05-27,SZ301152,天力锂能,24.81,1679100,75102307,121982307,302638.103667
2024-05-27,SZ001259,利仁科技,23.01,1270500,21928888,73588888,169328.031288
2024-05-27,SH603237,五芳斋,28.55,1221650,88085854,143759980,410434.7429
2024-05-27,SZ301270,汉仪股份,25.8,1333300,74061625,100000000,258000
2024-05-27,SZ301115,联检科技,15.62,692245,105552954,185248000,289357.376
2024-05-27,SH688351,微电生理,24.05,2984859,123350281,470600000,1131793
2024-05-27,BJ920152,昆工科技,10.1,841292,83687475,108591700,109677.617
2024-05-27,BJ920395,朗鸿科技,6.64,486290,46291790,127554000,84695.856
2024-05-27,SZ301283,聚胶股份,32.57,1634498,45456179,80000000,260560
2024-05-27,BJ920790,联迪信息,7.4,1131948,35551998,78967020,58435.5948
2024-05-27,SZ301296,新巨丰,8.65,2566400,271679453,420000000,363300
2024-05-27,BJ920270,天铭科技,10.6,188387,22211200,87180000,92410.8
2024-05-27,SH688293,奥浦迈,36.34,291809,77772633,114772460,417083.11964
2024-05-27,SZ001283,豪鹏科技,45.7,1051235,57251060,82184344,375582.45208
2024-05-27,SZ001331,胜通能源,13.65,1403120,42000000,168000000,229320
2024-05-27,SZ301328,维峰电子,42.16,3293916,34133841,109893594,463311.392304
2024-05-27,SZ301231,荣信文化,17.19,1803363,53900000,84400000,145083.6
2024-05-27,SZ301276,嘉曼服饰,24,971814,38741730,108000000,259200
2024-05-27,SH603182,嘉华股份,12.04,2955300,93078672,164550000,198118.2
2024-05-27,SZ301349,信德新材,32.87,569020,42139253,102000000,335274
2024-05-27,SH688114,华大智造,52.85,1275427,212668237,415637624,2196644.84284
2024-05-27,SZ301339,通行宝,19.43,8318465,120043478,407000000,790801
2024-05-27,SH688391,钜泉科技,28.1,618168,61755346,120461142,338495.80902
2024-05-27,SZ301205,联特科技,73.2,3128588,67958280,129744000,949726.08
2024-05-27,SZ301161,唯万密封,16.57,2057216,53328000,120000000,198840
2024-05-27,SH688455,科捷智能,8.81,525573,129725414,180849167,159328.116127
2024-05-27,SH688184,ST帕瓦,15.41,188031,61139378,161253874,248492.219834
2024-05-27,SZ301327,华宝新能,65.28,409529,34634166,124800000,814694.4
2024-05-27,SZ301309,万得凯,27.93,368211,25000000,100000000,279300
2024-05-27,SZ001238,浙江正特,22.5,1332005,31977125,110000000,247500
2024-05-27,SH688035,德邦科技,32.6,3443943,87516668,142240000,463702.4
2024-05-27,SZ001332,锡装股份,26.4,546520,27000000,108000000,285120
2024-05-27,SZ301326,捷邦科技,28.52,3697762,26875368,72192828,205893.945456
2024-05-27,SZ301331,恩威医药,27.25,924196,33101703,102891887,280380.392075
2024-05-27,SH688448,磁谷科技,20.25,545902,41394735,71261100,144303.7275
2024-05-27,SH688428,诺诚健华,7.5,4243327,260178170,1762582452,1321936.839
2024-05-27,SZ301369,联动科技,41.4,1726972,24262768,69766268,288832.34952
2024-05-27,SH688132,邦彦技术,17.59,1011544,107412366,152225204,267764.133836
2024-05-27,BJ920207,众诚科技,7.12,1725351,35212300,95795000,68206.04
2024-05-27,SZ301227,森鹰窗业,23.12,1024795,33737475,94800000,219177.6
2024-05-27,SH688387,信科移动,5.36,9008704,669110575,3418750000,1832450
2024-05-27,SH603057,紫燕食品,18.36,785000,68061925,412000000,756432
2024-05-27,SZ301366,一博科技,33.48,11762157,54711034,150000001,502200.003348
2024-05-27,SH688252,天德钰,13.1,2137502,181297167,409021341,535817.95671
2024-05-27,SH688392,骄成超声,54.61,686782,60304602,114800000,626922.8
2024-05-27,BJ920971,天马新材,10.5,2242015,84690302,106128002,111434.4021
2024-05-27,BJ920122,中纺标,43.23,1276759,20794903,92242108,398762.632884
2024-05-27,SZ301285,鸿日达,24.61,4425443,78709808,206670000,508614.87
2024-05-27,SZ301176,逸豪新材,12.06,1996300,56355556,169066667,203894.400402
2024-05-27,BJ920402,硅烷科技,8.68,1540545,422060067,422060067,366348.138156
2024-05-27,SZ301319,唯特偶,47.08,1435308,26140000,58640000,276077.12
2024-05-27,SH688275,万润新能,39.75,423704,77169351,126118463,501320.890425
2024-05-27,SH688137,近岸蛋白,36.06,240457,29695536,70175439,253052.633034
2024-05-27,SZ001269,欧晶科技,35.32,4363960,83891020,192395876,679542.234032
2024-05-27,SZ301313,凡拓数创,22.48,2232700,65675966,104693400,235350.7632
2024-05-27,SZ001255,博菲电气,26.91,862400,20000000,80000000,215280
2024-05-27,BJ920685,新芝生物,9.04,626759,44584441,91515941,82730.410664
2024-05-27,SH688409,富创精密,62.69,2078473,120464259,209053334,1310555.350846
2024-05-27,SH688073,毕得医药,32.72,586249,42555542,90882948,297369.005856
2024-05-27,SH603052,可川科技,40.09,1310080,29260000,96320000,386146.88
2024-05-27,SH688459,哈铁科技,9.07,734798,171166706,480000000,435360
2024-05-27,SZ301363,美好医疗,25.8,3375261,112160000,406660000,1049182.8
2024-05-27,BJ920046,亿能电力,10.42,12875191,31841955,72250000,75284.5
2024-05-27,SZ301316,慧博云通,16.28,4360226,242826503,400010000,651216.28
2024-05-27,SH603163,圣晖集成,28.88,846025,35002750,100000000,288800
2024-05-27,BJ920476,海能技术,8.98,425336,64387595,84579800,75952.6604
2024-05-27,BJ920992,中科美菱,9.05,1029187,27898177,96730934,87541.49527
2024-05-27,SH688061,灿瑞科技,25.52,509962,42436097,114889391,293197.725832
2024-05-27,SH688031,星环科技,43.37,2334440,93111472,120842068,524092.048916
2024-05-27,SH603151,邦基科技,13.58,5483190,80832000,168000000,228144
2024-05-27,SH688244,永信至诚,48.16,315890,32802590,69310328,333798.539648
2024-05-27,SZ301299,卓创资讯,47.23,1337600,35182438,60000000,283380
2024-05-27,SZ001300,三柏硕,14.3,17333202,66219087,243775914,348599.55702
2024-05-27,SZ301273,瑞晨环保,17.88,598700,34629292,71641792,128095.524096
2024-05-27,SZ301380,挖金客,33.59,1230100,30156897,69925816,234880.815944
2024-05-27,SH688426,康为世纪,19.66,826300,36985399,112493716,221162.645656
2024-05-27,SZ301223,中荣股份,15.34,747000,112015060,193127560,296257.67704
2024-05-27,SH688291,金橙子,17.94,487572,32383365,102666700,184184.0598
2024-05-27,SZ001322,箭牌家居,9.17,7440329,165612800,970122000,889601.874
2024-05-27,SH688372,伟测科技,46.39,1695443,77185381,113373910,525941.56849
2024-05-27,BJ920527,夜光明,7.58,430083,25821664,60042700,45512.3666
2024-05-27,BJ920139,华岭股份,9.82,2133401,132345550,266800000,261997.6
2024-05-27,SH688152,麒麟信安,46.2,1842569,30315493,78738639,363772.51218
2024-05-27,SZ001299,美能能源,13.5,4995600,51265439,187579697,253232.59095
2024-05-27,SZ301389,隆扬电子,19.14,46322791,82077047,283500000,542619
2024-05-27,SZ001298,好上好,23.8,2544300,72549093,141288000,336265.44
2024-05-27,BJ920753,天纺标,30.37,2051704,21343000,81404368,247225.065616
2024-05-27,SZ301379,天山电子,24.66,2467151,66732500,101340000,249904.44
2024-05-27,SZ301230,泓博医药,34.4,3285738,59371666,107622666,370221.97104
2024-05-27,SZ301367,瑞迈特,82.97,635997,40374847,64000000,531008
2024-05-27,SZ301267,华厦眼科,24.09,2653149,328828875,840000000,2023560
2024-05-27,SH688419,耐科装备,32.32,3985614,21399293,82000000,265024
2024-05-27,SH603280,南方路机,20.3,1203797,27941667,108406667,220065.53401
2024-05-27,SZ301388,欣灵电气,22.3,2755800,32590653,102447600,228458.148
2024-05-27,SZ301359,东南电子,20.32,5120728,26370681,85840000,174426.88
2024-05-27,BJ920876,慧为智能,8.76,1027091,29924676,64180659,56222.257284
2024-05-27,SH688432,有研硅,9.54,2459149,456511168,1247621058,1190230.489332
2024-05-27,BJ920914,远航精密,8.52,589569,60199750,100000000,85200
2024-05-27,SZ301396,宏景科技,19.38,1457440,50943699,109655391,212512.147758
2024-05-27,SZ301356,天振股份,14.99,653637,54810000,216000000,323784
2024-05-27,SZ301277,新天地,15.2,9824467,70056000,280056000,425685.12
2024-05-27,SZ001338,永顺泰,11.94,16636177,235954481,501730834,599066.615796
2024-05-27,SZ301361,众智科技,26.71,19695580,29084000,116336000,310733.456
2024-05-27,SH688362,甬矽电子,20.38,4688836,275425000,407660000,830811.08
2024-05-27,BJ920339,恒太照明,4.51,924201,59574207,220203800,99311.9138
2024-05-27,BJ920808,曙光数创,40.68,1306466,194619464,200000001,813600.004068
2024-05-27,SZ301335,天元宠物,19.03,379700,49875004,126000000,239778
2024-05-27,SH688376,美埃科技,30.8,1283647,49615257,134400000,413952
2024-05-27,SH603130,云中马,18.78,389200,51063450,137514200,258251.6676
2024-05-27,BJ920357,雅葆轩,13.5,2882621,23201490,80080000,108108
2024-05-27,SZ301165,锐捷网络,32.88,8524744,68181818,568181818,1868181.817584
2024-05-27,SZ301377,鼎泰高科,16.71,1811210,71024000,410000000,685110
2024-05-27,SZ301365,矩阵股份,11.76,1431200,46350000,180000000,211680
2024-05-27,BJ920634,新威凌,11.64,1544355,27043920,62322000,72542.808
2024-05-27,BJ920237,力佳科技,15.42,552186,34387538,51420000,79289.64
2024-05-27,SH688480,赛恩斯,32.26,525123,62342134,94826667,305910.827742
2024-05-27,BJ920662,方盛股份,11,1576762,24580687,87550002,96305.0022
2024-05-27,BJ920374,云里物里,8.99,417510,30294202,81518000,73284.682
2024-05-27,SZ301290,东星医疗,22.27,882359,67997900,100173334,223086.014818
2024-05-27,SZ301311,昆船智能,18.9,2344876,87242367,240000000,453600
2024-05-27,SZ301391,卡莱特,78.94,1110100,35358488,68000000,536792
2024-05-27,BJ920199,倍益康,11.52,563734,17029400,68109800,78462.4896
2024-05-27,BJ920641,格利尔,6.48,474738,26088670,82655000,53560.44
2024-05-27,SH688489,三未信安,26.93,1035108,49641555,114328916,307887.770788
2024-05-27,SZ001256,炜冈科技,15.14,704200,40942880,142612558,215915.412812
2024-05-27,BJ920110,雷特科技,16.71,85329,12027000,39000000,65169
2024-05-27,BJ920300,辰光医疗,8,468673,60093167,85847126,68677.7008
2024-05-27,BJ920087,秋乐种业,7.01,2938585,71150100,165200000,115805.2
2024-05-27,SZ001333,光华股份,18.47,1113404,44000000,128000000,236416
2024-05-27,SH601022,宁波远洋,10.74,39842817,248633334,1308633334,1405472.200716
2024-05-27,BJ920942,恒立钻具,8.77,257032,33321970,61327100,53783.8667
2024-05-27,SH688084,晶品特装,45.9,983655,34238387,75659066,347275.11294
2024-05-27,BJ920230,欧康医药,10.48,2587588,18907851,75631404,79261.711392
2024-05-27,BJ920866,绿亨科技,5.59,302986,66859807,180205900,100735.0981
2024-05-27,SH688503,聚和材料,52.77,1546173,122919272,165627886,874018.354422
2024-05-27,SH688420,美腾科技,21.71,128949,30382700,88430000,191981.53
2024-05-27,BJ920414,欧普泰,8.72,532727,39482072,66673554,58139.339088
2024-05-27,SZ001223,欧克科技,39.66,448900,16680000,66680000,264452.88
2024-05-27,SH688143,长盈通,22.73,1386054,93064769,122374426,278157.070298
2024-05-27,BJ920014,特瑞斯,7.34,293444,46258810,125705240,92267.64616
2024-05-27,BJ920957,汉维科技,6.78,498292,26825334,107301334,72750.304452
2024-05-27,BJ920075,柏星龙,10.68,363057,24623750,64815000,69222.42
2024-05-27,BJ920429,康比特,11.48,706838,80157509,124500000,142926
2024-05-27,SZ301368,丰立智能,44.27,4397958,64121440,120100000,531682.7
2024-05-27,SZ301398,星源卓镁,45.42,1501653,21500000,80000000,363360
2024-05-27,BJ920571,国航远洋,4.59,32683355,219750276,555407453,254932.020927
2024-05-27,BJ920608,丰安股份,8.81,691279,26116461,62240000,54833.44
2024-05-27,SZ301265,华新环保,8.81,1546000,165552027,302973182,266919.373342
2024-05-27,BJ920810,春光智能,7.74,1305113,25907039,68500000,53019
2024-05-27,SH688172,燕东微,16.29,2481539,459588878,1199104111,1953340.596819
2024-05-27,BJ920879,基康技术,8.87,187888,52437437,139497776,123734.527312
2024-05-27,BJ920807,奔朗新材,5.04,228845,97275812,181880000,91667.52
2024-05-27,SH688498,源杰科技,136.43,1712496,59314780,85461670,1165953.56381
2024-05-27,BJ920505,九菱科技,10.88,523266,16142463,64867730,70576.09024
2024-05-27,BJ920033,康普化学,19.21,360996,54133274,119135250,228858.81525
2024-05-27,SH601136,首创证券,20.57,25301830,481483800,2733333800,5622467.6266
2024-05-27,BJ920526,凯华材料,21.35,10380122,25248892,82700000,176564.5
2024-05-27,BJ920718,合肥高科,10.95,330317,24392100,90666700,99280.0365
2024-05-27,BJ920247,华密新材,15.52,6258847,38455357,121187820,188083.49664
2024-05-27,SH688141,杰华特,16.65,7622516,233403816,446880000,744055.2
2024-05-27,SH688147,微导纳米,29.08,1263578,84148747,454455359,1321556.183972
2024-05-27,BJ920190,雷神科技,15.25,4305078,52541864,100000001,152500.001525
2024-05-27,SZ301280,珠城科技,40.69,1122589,26375100,97700100,397541.7069
2024-05-27,BJ920781,瑞奇智造,4.41,595084,91179133,140515504,61967.337264
2024-05-27,SH688410,山外山,22.55,1168341,157373598,215648085,486286.431675
2024-05-27,SZ301301,川宁生物,13.74,65434294,617272357,2227160000,3060117.84
2024-05-27,BJ920001,纬达光电,8.9,2228762,38424151,153656204,136754.02156
2024-05-27,SZ301255,通力科技,29.76,766700,27200000,108800000,323788.8
2024-05-27,BJ920227,美登科技,23.77,825946,10537674,38941500,92563.9455
2024-05-27,SH688475,萤石网络,53.8,1920554,289545800,562500000,3026250
2024-05-27,SZ001301,尚太科技,42.15,2131200,154319600,260750600,1099063.779
2024-05-27,SH688496,清越科技,10.38,2384115,240906288,450000000,467100
2024-05-27,BJ920855,浙江大农,8.51,336396,20878406,74733333,63598.066383
2024-05-27,BJ920351,华光源海,7.17,8848325,35260439,88035439,63121.409763
2024-05-27,SZ301105,鸿铭股份,28.18,454100,14187498,50000000,140900
2024-05-27,BJ920262,太湖雪,12.68,2150383,15496928,53164758,67412.913144
2024-05-27,BJ920392,佳合科技,8.99,214123,15132400,58700000,52771.3
2024-05-27,BJ920195,三祥科技,8.25,646886,39229000,98030000,80874.75
2024-05-27,SH688525,佰维存储,47.2,20675765,250894325,430329136,2031153.52192
2024-05-27,SZ301297,富乐德,22.2,16420552,138390000,338390000,751225.8
2024-05-27,SH688506,百利天恒,179.79,1219687,90450990,401000000,7209579
2024-05-27,BJ920950,迅安科技,12.29,139671,15600000,61100000,75091.9
2024-05-27,SH688485,九州一轨,8.75,480963,84597763,150292062,131505.55425
2024-05-27,BJ920371,欧福蛋业,4.55,1543217,54319994,205445536,93477.71888
2024-05-27,SH688435,英方软件,28.78,876426,45947915,83500000,240313
2024-05-27,BJ920252,天宏锂电,7.95,1222908,56094484,102650665,81607.278675
2024-05-27,SZ301317,鑫磊股份,17.53,345722,44800000,157190000,275554.07
2024-05-27,SH603173,福斯达,25.32,2154476,49540000,160000000,405120
2024-05-27,BJ920425,乐创技术,15.02,612745,29322117,36192117,54360.559734
2024-05-27,SH603281,江瀚新材,25.32,970784,251693916,373333334,945280.001688
2024-05-27,SH601059,信达证券,14.87,12622350,691600000,3243000000,4822341
2024-05-27,BJ920023,田野股份,2.58,2207191,245793440,327304000,84444.432
2024-05-27,BJ920802,保丽洁,8.9,202757,15873918,63083300,56144.137
2024-05-27,SZ301260,格力博,15.77,5017500,212330870,489259543,771562.299311
2024-05-27,SZ301373,凌玮科技,25.95,597365,37377731,108472091,281485.076145
2024-05-27,BJ920367,新赣江,10.27,395505,19647450,70861250,72774.50375
2024-05-27,SZ301358,湖南裕能,36.23,4441300,383433146,757253070,2743527.87261
2024-05-27,SZ301419,阿莱德,28.03,4810538,44800000,100000000,280300
2024-05-27,SH688515,裕太微,61.83,2460428,45772427,80000000,494640
2024-05-27,SZ001314,亿道信息,40.7,6695304,51763654,141988100,577891.567
2024-05-27,SH688307,中润光学,20.89,770222,57049322,88000000,183832
2024-05-27,SH603307,扬州金泉,36.62,212600,17000000,67000000,245354
2024-05-27,SZ001260,坤泰股份,15.62,809400,31750000,115000000,179630
2024-05-27,BJ920407,驰诚股份,9.45,398389,25851150,65680000,62067.6
2024-05-27,SH603190,亚通精工,28.82,7845836,40519480,120000000,345840
2024-05-27,BJ920249,利尔达,3.64,1022054,114538843,421630000,153473.32
2024-05-27,SZ301303,真兰仪表,17.95,1195521,73000000,292000000,524140
2024-05-27,BJ920273,一致魔芋,10.57,259586,26871000,73754000,77957.978
2024-05-27,SH688486,龙迅股份,84.91,620619,37935106,69264862,588127.943242
2024-05-27,SZ001225,和泰机电,31.54,321200,18166453,64666800,203959.0872
2024-05-27,BJ920906,舜宇精工,11.69,511685,24783150,64970000,75949.93
2024-05-27,BJ920478,峆一药业,18.81,518279,24452516,40157500,75536.2575
2024-05-27,SZ001311,多利科技,36.76,1211245,46634959,183733334,675403.735784
2024-05-27,BJ920770,艾能聚,6.04,5728934,65814343,130132175,78599.8337
2024-05-27,BJ920422,润普食品,5.45,333850,55715876,88482710,48223.07695
2024-05-27,SH688522,纳睿雷达,63.76,3089569,60561573,154666800,986155.5168
2024-05-27,SZ301408,华人健康,12.51,2849200,149171303,400010000,500412.51
2024-05-27,SZ001337,四川黄金,26.29,8246349,288456000,420000000,1104180
2024-05-27,SH603061,金海通,63.26,793327,41826334,60000000,379560
2024-05-27,SZ301322,绿通科技,32.8,1014694,68790199,104900698,344074.28944
2024-05-27,SZ001366,播恩集团,15.58,20947863,55680000,160680000,250339.44
2024-05-27,SZ001278,一彬科技,16.9,989100,50534501,123733400,209109.446
2024-05-27,BJ920974,凯大催化,5.93,483116,106923396,163800000,97133.4
2024-05-27,SZ301157,华塑科技,38.48,2404091,20660055,60000000,230880
2024-05-27,SH688502,茂莱光学,109.81,1782989,16364577,52800000,579796.8
2024-05-27,SH601121,宝地矿业,6.5,5352900,316435823,800000000,520000
2024-05-27,BJ920541,铁大科技,5.56,1275680,59520584,136700000,76005.2
2024-05-27,SZ001368,通达创智,20.76,1073971,31695475,113867600,236389.1376
2024-05-27,SH603153,上海建科,18.12,3508100,135000000,409861106,742668.324072
2024-05-27,BJ920057,百甲科技,3.31,588727,104638124,181263297,59998.151307
2024-05-27,BJ920575,康乐卫士,20.87,1758565,186834680,280940000,586321.78
2024-05-27,BJ920663,明阳科技,10.7,385901,30383780,103200000,110424
2024-05-27,SH603282,亚光股份,19.92,616400,64184459,133820000,266569.44
2024-05-27,SH603073,彩蝶实业,16.45,754000,37422305,116000000,190820
2024-05-27,SZ301439,泓淋电力,14.31,10385116,183246924,389101809,556804.688679
2024-05-27,BJ920556,雅达股份,4.57,2699819,79826254,161315200,73721.0464
2024-05-27,SZ301378,通达海,30.73,498300,31330078,69000000,212037
2024-05-27,SZ301246,宏源药业,15.4,3016100,148945550,400006800,616010.472
2024-05-27,SZ301345,涛涛车业,69.59,681375,29333600,109333600,760852.5224
2024-05-27,SH603065,宿迁联盛,9.83,1463373,196673455,418967572,411845.123276
2024-05-27,BJ920809,安达科技,4.02,1101322,331643148,611510821,245827.350042
2024-05-27,SH603291,联合水务,13.74,3906200,129943077,423220604,581505.109896
2024-05-27,SZ301314,科瑞思,30.45,2162040,16250000,55250000,168236.25
2024-05-27,SH603162,海通发展,9.82,5059221,260795296,909596688,893223.947616
2024-05-27,SH600925,苏能股份,5.6,13781898,1606048586,6888888889,3857777.77784
2024-05-27,SZ301386,未来电器,22.43,5097806,42921004,140000000,314020
2024-05-27,BJ920792,东和新材,5.73,297465,54214291,165540000,94854.42
2024-05-27,SH688531,日联科技,69.48,630913,48029726,79405467,551709.184716
2024-05-27,SZ301141,中科磁业,43.06,1536336,28031277,88594718,381488.855708
2024-05-27,BJ920261,一诺威,7.08,397614,121309477,291132748,206121.985584
2024-05-27,SH688343,云天励飞,27.99,7048082,257860413,355133720,994019.28228
2024-05-27,SZ301281,科源制药,25.87,1183668,62552000,108290000,280146.23
2024-05-27,SH688535,华海诚科,71.8,4377045,39750678,80696453,579400.53254
2024-05-27,SZ301203,国泰环保,32.2,706821,30510440,80000000,257600
2024-05-27,BJ920895,花溪科技,7.92,501504,18576900,56524000,44767.008
2024-05-27,SH688484,南芯科技,32.09,4256707,253955532,423530000,1359107.77
2024-05-27,SZ001286,陕西能源,10.66,41787531,1050000000,3750000000,3997500
2024-05-27,SH601065,江盐集团,9.95,3681444,416256079,642776079,639562.198605
2024-05-27,SZ001360,南矿集团,14.73,3300578,81781146,204000000,300492
2024-05-27,SH601061,中信金属,8.07,16270300,501153847,4900000000,3954300
2024-05-27,SH603125,常青科技,22.57,16491160,69803000,279197500,630148.7575
2024-05-27,SH603135,中重科技,13.93,1348600,180799340,450000000,626850
2024-05-27,SZ001287,中电港,17.73,4927201,437394498,759900097,1347302.871981
2024-05-27,SH601133,柏诚股份,11.03,5540850,147500000,522500000,576317.5
2024-05-27,SZ001367,海森药业,38.85,536095,17672075,68000000,264180
2024-05-27,SZ001328,登康口腔,25.86,2059334,43043500,172173800,445241.4468
2024-05-27,BJ920593,鼎智科技,21.65,1095244,56783051,134461709,291109.599985
2024-05-27,SZ301429,森泰股份,18.66,6408241,44041133,118220000,220598.52
2024-05-27,SH688433,华曙高科,22.71,1277616,169115763,414168800,940577.3448
2024-05-27,SZ301357,北方长龙,37.74,2381583,17000000,68000000,256632
2024-05-27,SH688539,高华科技,40.7,700900,49474700,132800000,540496
2024-05-27,SZ301387,光大同创,43.52,2648399,19000000,76065000,331034.88
2024-05-27,BJ920304,迪尔化工,6.9,2448918,64382910,162288000,111978.72
2024-05-27,SH688507,索辰科技,80.69,821890,31352251,61173432,493608.422808
2024-05-27,BJ920896,旺成科技,7.69,442534,25461001,101224240,77841.44056
2024-05-27,SH603137,恒尚节能,15.93,1480627,52666667,130666667,208152.000531
2024-05-27,SH688352,颀中科技,10.89,7606058,285703333,1189037288,1294861.606632
2024-05-27,SH688146,中船特气,28.72,2026312,97588489,529411765,1520470.58908
2024-05-27,SH688478,晶升股份,29.6,1408451,89900261,138366096,409563.64416
2024-05-27,SZ301307,美利信,21.25,2099852,107007560,210600000,447525
2024-05-27,BJ920694,中裕科技,12.3,264882,25125141,102298000,125826.54
2024-05-27,BJ920394,民士达,15.24,559812,42310000,146250000,222885
2024-05-27,SZ301360,荣旗科技,42.19,592716,24680000,53340000,225041.46
2024-05-27,SZ301293,三博脑科,53.52,2960200,123804379,158451529,848032.583208
2024-05-27,SH688249,晶合集成,14.66,4854877,1178563520,2006135157,2940994.140162
2024-05-27,SZ301390,经纬股份,34.81,3260171,29409000,60000000,208860
2024-05-27,BJ920699,海达尔,18.26,1613285,12625300,45625300,83311.7978
2024-05-27,SH688469,芯联集成,3.78,44761834,4395960000,7046641000,2663630.298
2024-05-27,SH603172,万丰股份,14.19,4272212,50080000,133380000,189266.22
2024-05-27,SH688479,友车科技,16.75,568837,58574924,144317400,241731.645
2024-05-27,BJ920578,巨能股份,14.42,509059,23000000,76479097,110282.857874
2024-05-27,SZ301325,曼恩斯特,50.53,4197769,57894700,143892660,727089.61098
2024-05-27,BJ920837,华原股份,5.86,660508,45732787,151712787,88903.693182
2024-05-27,SH688512,慧智微,9.27,6575087,202018508,455203548,421973.688996
2024-05-27,SZ001380,华纬科技,19.99,1054301,59469600,183009600,365836.1904
2024-05-27,SZ301382,蜂助手,25.16,2463100,106165653,169584000,426673.344
2024-05-27,SH688552,航天南湖,18.55,2219618,83993352,337248000,625595.04
2024-05-27,SZ301332,德尔玛,10.63,4632757,264897500,461562500,490640.9375
2024-05-27,BJ920006,晟楠科技,12.57,1754481,30474000,90287200,113491.0104
2024-05-27,SH688361,中科飞测,52.64,4397763,244520575,320000000,1684480
2024-05-27,SZ301428,世纪恒通,26.65,2909461,61196667,98666667,262946.667555
2024-05-27,SH688581,安杰思,79,564574,29135182,57870971,457180.6709
2024-05-27,SZ001324,长青科技,17.93,2334573,81653600,138000000,247434
2024-05-27,SH688458,美芯晟,37.1,1023514,47174611,80010000,296837.1
2024-05-27,SZ301305,朗坤科技,16.99,3474246,124262700,243570700,413826.6193
2024-05-27,SZ301399,英特科技,35.03,2887659,22000000,88000000,308264
2024-05-27,SZ001282,三联锻造,29.22,1177565,39880000,113360000,331237.92
2024-05-27,SH688562,航天软件,14.69,2640636,169020000,400000000,587600
2024-05-27,BJ920471,美邦科技,10.19,1844070,28584143,83200000,84780.8
2024-05-27,SZ301252,同星科技,29.83,4943368,29000000,116000000,346028
2024-05-27,BJ920719,宁新新材,8.26,451175,65032418,93093400,76895.1484
2024-05-27,SZ301337,亚华电子,28.43,2328618,26050000,104200000,296240.6
2024-05-27,SZ301353,普莱得,27,2754196,19000000,76000000,205200
2024-05-27,BJ920017,星昊医药,11.46,384219,78644874,122577200,140473.4712
2024-05-27,SH688593,新相微,9.21,2057994,73736507,459529412,423226.588452
2024-05-27,SZ001373,翔腾新材,28.53,1155693,17171722,68686888,195963.691464
2024-05-27,BJ920779,武汉蓝电,23.35,142513,14313201,57200000,133562
2024-05-27,SH688523,航天环宇,19.36,2366827,36424374,406880000,787719.68
2024-05-27,SZ301310,鑫宏业,36.11,1776812,23347234,97098600,350623.0446
2024-05-27,SH688570,天玛智控,21.45,697950,58620000,433000000,928785
2024-05-27,SH688576,西山科技,66.8,172740,12818683,53001466,354049.79288
2024-05-27,SZ301323,新莱福,38.51,5437264,24693625,104922890,404058.04939
2024-05-27,BJ920221,易实精密,13.15,611527,28781800,96700000,127160.5
2024-05-27,SH688623,双元科技,59.48,179685,14331056,59142700,351780.7796
2024-05-27,SZ301320,豪江智能,14.73,1400456,45300000,181200000,266907.6
2024-05-27,SZ301383,天键股份,36.97,3383447,29060000,116310000,429998.07
2024-05-27,SH688472,阿特斯,12.38,9550078,451482610,3688217324,4566013.047112
2024-05-27,SZ301355,南王科技,11.59,894999,48780000,195097928,226118.498552
2024-05-27,SZ301287,康力源,27.8,1240656,16670000,66670000,185342.6
2024-05-27,SZ301232,飞沃科技,37.04,467492,13470000,53687391,198858.096264
2024-05-27,SZ301225,恒勃股份,26.49,628552,24981964,103380000,273853.62
2024-05-27,SZ301448,开创电气,22.17,6299645,26000000,104000000,230568
2024-05-27,SH688334,西高院,16.02,4599339,76055072,316579466,507160.304532
2024-05-27,SZ301262,海看股份,25.04,2652917,41700000,417000000,1044168
2024-05-27,SH688443,智翔金泰,39.2,1621736,89320285,366680000,1437385.6
2024-05-27,SZ301315,威士顿,45.85,1150436,22000000,88000000,403480
2024-05-27,SH688543,国科军工,49.2,1173916,35296060,146670000,721616.4
2024-05-27,SZ301376,致欧科技,25.47,5617947,35671497,401500000,1022620.5
2024-05-27,BJ920455,汇隆活塞,4.41,4481996,43159059,177450000,78255.45
2024-05-27,BJ920651,天罡股份,14.71,148153,15274871,61000000,89731
2024-05-27,SZ301170,锡南科技,25.09,2862228,25000000,100000000,250900
2024-05-27,SH688620,安凯微,7.92,1817306,90074817,392000000,310464
2024-05-27,SH688629,华丰科技,31.5,21177297,58877270,460992831,1452127.41765
2024-05-27,SZ300804,广康生化,24.06,910394,17948764,74000000,178044
2024-05-27,SZ301295,美硕科技,20.47,5604917,25200000,100800000,206337.6
2024-05-27,SH688631,莱斯信息,68.34,4854128,36022288,163470000,1117153.98
2024-05-27,SZ301397,溯联股份,32.33,432018,25010000,100040000,323429.32
2024-05-27,SH688429,时创能源,13.48,957693,32000640,400000800,539201.0784
2024-05-27,BJ920208,青矩技术,38.4,41047,12215227,68622656,263510.99904
2024-05-27,SZ301291,明阳电气,39.4,6946860,71969145,312200000,1230068
2024-05-27,SH688582,芯动联科,29.54,1197072,49601078,400010000,1181629.54
2024-05-27,SZ301210,金杨精密,34.34,836801,17331436,82456356,283155.126504
2024-05-27,BJ920175,东方碳素,8.91,505425,60493299,119000000,106029
2024-05-27,BJ920717,瑞星股份,5.62,306555,33880000,114680000,64450.16
2024-05-27,SZ301395,仁信新材,17.67,1529869,36230000,144920000,256073.64
2024-05-27,SZ301488,豪恩汽电,55.84,1800434,21138940,92000000,513728
2024-05-27,SZ301202,朗威股份,34.45,6619814,34100000,136400000,469898
2024-05-27,SZ301486,致尚科技,45.19,3791256,32170300,128680995,581509.416405
2024-05-27,SZ301292,海科新源,14.15,1445277,45164215,222963178,315492.89687
2024-05-27,SH688603,天承科技,53.34,1702066,12807522,58136926,310102.363284
2024-05-27,SZ301261,恒工精密,40,1108578,20908051,87890196,351560.784
2024-05-27,BJ920592,华信永道,16.74,2246182,17133976,62150000,104039.1
2024-05-27,SH688638,誉辰智能,41.11,196206,9523242,40000000,164440
2024-05-27,BJ920576,天力复合,21.1,186121,32417250,108950000,229884.5
2024-05-27,SZ301381,赛维时代,30.5,15138673,33446189,400100000,1220305
2024-05-27,SZ301370,国科恒泰,12.78,1600733,70600000,470600000,601426.8
2024-05-27,SZ301393,昊帆生物,45.32,1314912,24727542,108000000,489456
2024-05-27,SZ301272,英华特,41.71,1671114,14630000,58515700,244068.9847
2024-05-27,SZ301456,盘古智能,23.69,1745398,36576239,148584205,351995.981645
2024-05-27,BJ920751,惠同新材,8.72,4811986,46123500,86780000,75672.16
2024-05-27,SZ301329,信音电子,19.02,7081249,43000000,170200000,323720.4
2024-05-27,SZ301503,智迪科技,29.61,1833233,20000000,80000000,236880
2024-05-27,SH688627,精智达,51.88,1893827,21283369,94011754,487732.979752
2024-05-27,SZ301505,苏州规划,32.49,3143856,20861481,88000000,285912
2024-05-27,SH688563,航材股份,56.26,549875,73263074,450000000,2531700
2024-05-27,SH688610,埃科光电,36.4,288490,14410835,68000000,247520
2024-05-27,BJ920701,豪声电子,14.19,1038992,24501000,98000000,139062
2024-05-27,SZ301512,智信精密,42.99,1028023,13333400,53333400,229280.2866
2024-05-27,SH688602,康鹏科技,10.28,35924383,91173154,519375000,533917.5
2024-05-27,BJ920982,锦波生物,179,185539,30755906,88511800,1584361.22
2024-05-27,SZ301499,维科精密,25.01,5306016,34563717,138254866,345775.419866
2024-05-27,SH688450,光格科技,23.33,350153,15746563,66000000,153978
2024-05-27,SZ301468,博盈特焊,25.16,1716419,33000000,132000000,332112
2024-05-27,SZ301446,福事特,19,1601200,26000000,104000000,197600
2024-05-27,SZ301515,港通医疗,21.01,1194596,25000000,100000000,210100
2024-05-27,SH688612,威迈斯,28.83,904042,33680000,420957142,1213619.440386
2024-05-27,SZ301172,君逸数码,30.72,2659181,30238926,123200000,378470.4
2024-05-27,SH688651,盛邦安全,30.51,998516,16810687,75399000,230042.349
2024-05-27,SZ301519,舜禹股份,15.36,1684633,41160000,164160000,252149.76
2024-05-27,SH688646,ST逸飞,30.9,755011,19032522,95162608,294052.45872
2024-05-27,SZ301371,敷尔佳,34.37,1321957,40080000,400080000,1375074.96
2024-05-27,SH603119,浙江荣泰,25.04,1585124,70000000,280000000,701120
2024-05-27,SZ301518,长华化学,20.34,2835840,35050000,140178204,285122.466936
2024-05-27,SZ301509,金凯生科,36.99,1415523,30111669,120446669,445532.228631
2024-05-27,SZ301362,民爆光电,37.59,933033,25387630,104670000,393454.53
2024-05-27,SH688347,华虹公司,33.15,11664465,203875000,1716772427,5691100.595505
2024-05-27,BJ920926,鸿智科技,18.85,1764057,11739130,41739130,78678.26005
2024-05-27,SH603296,华勤技术,77.24,2325391,61476276,725801805,5606093.14182
2024-05-27,SZ301487,盟固利,29.97,2705351,58000000,459616438,1377470.464686
2024-05-27,SZ300904,威力传动,44.11,985100,18096000,72383232,319282.436352
2024-05-27,SH688671,碧兴物联,19.85,646249,17707194,78518900,155860.0165
2024-05-27,SZ301348,蓝箭电子,32.45,7284566,50000000,200000000,649000
2024-05-27,BJ920058,华洋赛车,19.65,792781,14042392,56000000,110040
2024-05-27,SZ301372,科净源,26.1,1212114,17142858,68571430,178971.4323
2024-05-27,SZ301510,固高科技,31.15,2343858,36707667,400010000,1246031.15
2024-05-27,SH688548,广钢气体,9.81,5034177,262203384,1319398521,1294329.949101
2024-05-27,SH688592,司南导航,38.43,357617,13664527,62160000,238880.88
2024-05-27,SZ301498,乖宝宠物,55.32,1881191,40004500,400044500,2213046.174
2024-05-27,BJ920748,路桥信息,14.4,552780,13436034,76740000,110505.6
2024-05-27,SZ301511,德福科技,14.91,6845027,85952985,630322000,939810.102
2024-05-27,SH688573,信宇人,20.94,1010396,20772809,97754388,204697.688472
2024-05-27,BJ920504,博迅生物,13.4,350993,12485100,43333100,58066.354
2024-05-27,SZ301533,威马农机,30.3,2283299,22881785,98306700,297869.301
2024-05-27,SH688693,锴威特,22.95,1128967,17500001,73684211,169105.264245
2024-05-27,BJ920274,宏裕包材,9.8,575516,20333534,81333334,79706.66732
2024-05-27,SZ301418,协昌科技,41.36,5275436,18333334,73333334,303306.669424
2024-05-27,SZ301469,恒达新材,26.99,1943545,21959940,89480000,241506.52
2024-05-27,SH603275,众辰科技,33.47,669663,37192963,148771851,497939.385297
2024-05-27,BJ920953,国子软件,12.16,397553,25944200,91904900,111756.3584
2024-05-27,SZ301421,波长光电,47.32,9964725,28930000,115718000,547577.576
2024-05-27,SH688591,泰凌微,18.3,1647387,55514332,240000000,439200
2024-05-27,SZ301528,多浦乐,45.84,771829,14942897,61900000,283749.6
2024-05-27,SZ301525,儒竞科技,59.98,1356016,23590000,94311768,565681.984464
2024-05-27,SH603270,金帝股份,22.95,2297260,50075796,219106667,502849.800765
2024-05-27,BJ920976,视声智能,14.61,609084,18414000,50681000,74044.941
2024-05-27,SZ301507,民生健康,12.9,2445984,89138600,356554330,459955.0857
2024-05-27,SZ301251,威尔高,30.14,6643830,33655440,134621760,405749.98464
2024-05-27,BJ920627,力王股份,10.51,1066684,26818700,94450000,99266.95
2024-05-27,SH688549,中巨芯,6.51,11283769,281770744,1477276000,961706.676
2024-05-27,SZ301529,福赛科技,30.15,992941,20269468,84837210,255784.18815
2024-05-27,SH603075,热威股份,19.84,981226,40010000,400010000,793619.84
2024-05-27,SH688702,盛科通信,41.82,4077307,40000000,410000000,1714620
2024-05-27,BJ920519,万德股份,7.86,304372,39193953,89258104,70156.869744
2024-05-27,SZ301550,斯菱智驱,37,2071526,27500000,110000000,407000
2024-05-27,BJ920469,富恒新材,11.15,3286167,58231329,108420000,120888.3
2024-05-27,SH688716,中研股份,24.68,1526764,29071383,121680000,300306.24
2024-05-27,SZ301548,崇德科技,56.24,2830838,15000000,60000000,337440
2024-05-27,SZ301500,飞南资源,20.31,5223662,40010000,400010000,812420.31
2024-05-27,SZ301520,万邦医药,45.35,975125,16666667,66666667,302333.334845
2024-05-27,SH603276,恒兴新材,19.95,1882527,38911777,160000000,319200
2024-05-27,BJ920665,科强股份,8.19,289183,38969000,129990000,106461.81
2024-05-27,SZ301558,三态股份,10.73,28295833,118460000,788851223,846437.362279
2024-05-27,SH688719,爱科赛博,43.04,367149,19366507,82480000,354993.92
2024-05-27,BJ920978,开特股份,9.55,1201482,89461463,176901468,168940.90194
2024-05-27,SH688657,浩辰软件,40.01,139482,14736730,65514288,262122.666288
2024-05-27,SZ301559,中集环科,15.49,1680264,90000000,600000000,929400
2024-05-27,BJ920786,骑士乳业,5.21,4368975,95553720,209053000,108916.613
2024-05-27,SZ301517,陕西华达,52.26,4987380,22339788,108026700,564547.5342
2024-05-27,SH603193,润本股份,19.83,1156603,60690000,404593314,802308.541662
2024-05-27,BJ920026,卓兆点胶,17.64,335640,17441416,82077246,144784.261944
2024-05-27,SH603273,天元智能,20.84,2539367,53578400,214313400,446629.1256
2024-05-27,SZ301489,思泉新材,76.56,3696838,14420334,57681334,441608.293104
2024-05-27,BJ920693,阿为特,32.02,5814972,20300000,72700000,232785.4
2024-05-27,SZ001378,德冠新材,28.42,1773741,32221724,133333600,378934.0912
2024-05-27,SZ301555,惠柏新材,35.11,3163971,23066700,92266700,323948.3837
2024-05-27,BJ920493,并行科技,43.64,373159,25985568,58230000,254115.72
2024-05-27,SH603107,上海汽配,18.14,2548290,84335000,337335000,611925.69
2024-05-27,BJ920130,立方控股,8.65,507559,22402727,92243236,79790.39914
2024-05-27,SZ001376,百通能源,20.94,11200270,46090000,460900000,965124.6
2024-05-27,SH603062,麦加芯彩,40.38,2220478,27000000,108000000,436104
2024-05-27,BJ920833,美心翼申,8.51,326568,31635000,82360000,70088.36
2024-05-27,SZ001326,联域股份,41.9,1659881,18300000,73200000,306708
2024-05-27,BJ920679,前进科技,14.75,320405,16289000,55850000,82378.75
2024-05-27,SH688648,中邮科技,23.13,1223401,30600000,136000000,314568
2024-05-27,BJ920132,泰鹏智能,13.47,1955349,14471660,59160000,79688.52
2024-05-27,SZ001306,夏厦精密,57.71,1438471,15500000,62000000,357802
2024-05-27,BJ920522,纳科诺尔,16.89,932014,50599500,93370000,157701.93
2024-05-27,SH688653,康希通信,10.95,3006421,54876562,424480000,464805.6
2024-05-27,BJ920570,坤博精工,44.45,352854,8419048,32577807,144808.352115
2024-05-27,SZ301568,思泰克,31.66,2253610,24487502,103258400,326916.0944
2024-05-27,SH688652,京仪装备,42.21,2971173,37885058,168000000,709128
2024-05-27,BJ920579,机科股份,15.06,655213,34635400,129480000,194996.88
2024-05-27,SZ301508,中机认检,37.95,4642169,42953587,226085200,857993.334
2024-05-27,SH601083,锦江航运,10.87,20645135,188294300,1294120000,1406708.44
2024-05-27,BJ920703,广厦环能,17.55,596348,29372000,107660000,188943.3
2024-05-27,SH688720,艾森股份,37.45,3131169,16630787,88133334,330059.33583
2024-05-27,SZ301516,中远通,21.37,8230701,61870834,280701755,599859.650435
2024-05-27,SZ001239,永达股份,16.7,10978908,50275439,240000000,400800
2024-05-27,BJ920547,无锡晶海,18.83,598480,16820100,64740000,121905.42
2024-05-27,SZ301459,丰茂股份,45.77,1813259,18966998,80000000,366160
2024-05-27,BJ920375,派诺科技,12.23,2087870,38306599,79610000,97363.03
2024-05-27,SH603231,索宝蛋白,20.06,3895456,46905498,191459105,384066.96463
2024-05-27,SZ301413,安培龙,58.4,983978,16147518,75693835,442051.9964
2024-05-27,BJ920284,灵鸽科技,6.77,722782,42197870,104785645,70939.881665
2024-05-27,SH603373,安邦护卫,32.58,2046753,26341188,107526882,350322.581556
2024-05-27,SZ001358,兴欣新材,22.82,2067740,30180255,123200000,281142.4
2024-05-27,BJ920061,西磁科技,15.28,620916,17547900,70790000,108167.12
2024-05-27,SH601096,宏盛华源,4.88,18414221,648720111,2675155088,1305475.682944
2024-05-27,SZ301526,国际复材,4.14,28605105,546025678,3770878048,1561143.511872
2024-05-27,SH603004,鼎龙科技,20.5,3083348,57699607,235520000,482816
2024-05-27,SZ301578,辰奕智能,50.96,1746687,11378776,48000000,244608
2024-05-27,BJ920363,莱赛激光,11.85,719028,21758334,79541667,94256.875395
2024-05-27,SZ301566,达利凯普,16.68,5995380,45725914,400010000,667216.68
2024-05-27,SH688717,艾罗能源,58.33,780098,18559409,160000000,933280
2024-05-27,BJ920690,捷众科技,12.87,652724,18268700,66300000,85328.1
2024-05-27,SH603325,博隆技术,80.04,815078,16334632,66670000,533626.68
2024-05-27,SH603312,西典新能,30.79,2876409,34083149,161600000,497566.4
2024-05-27,SZ001387,雪祺电气,21.95,2590196,33505613,136760000,300188.2
2024-05-27,BJ920806,云星宇,8.32,3431553,75943387,300736667,250212.906944
2024-05-27,SZ301567,贝隆精密,43.15,3632435,18000000,72000000,310680
2024-05-27,SH601033,永兴股份,14.94,6665675,145497539,900000000,1344600
2024-05-27,BJ920403,康农种业,10.04,1647077,27705600,70972200,71256.0888
2024-05-27,SZ001379,腾达科技,15.65,3321550,48998084,200000000,313000
2024-05-27,SZ301577,美信科技,50.84,2992336,11095149,44260000,225017.84
2024-05-27,SH603375,盛景微,42.91,2572011,19727349,100666667,431960.668097
2024-05-27,BJ920496,许昌智能,5.93,6663723,86058043,165575000,98185.975
2024-05-27,SH603082,北自科技,34.47,1511255,31795447,162227543,559198.340721
2024-05-27,SZ301502,华阳智能,37.49,2087475,13532102,57083500,214006.0415
2024-05-27,BJ920656,海昇药业,14.54,243844,16000100,80000000,116320
2024-05-27,SH688709,成都华微,19.52,5382857,71703942,636847026,1243125.394752
2024-05-27,SZ301589,诺瓦星云,434.8,387552,7702090,51360000,2233132.8
2024-05-27,SH688584,上海合晶,16.52,1922124,52276414,662060352,1093723.701504
2024-05-27,SZ301591,肯特股份,52.18,8794217,19943633,84120000,438938.16
2024-05-27,SH603341,龙旗科技,41.3,5936790,46557739,465096544,1920848.72672
2024-05-27,BJ920706,铁拓机械,11.19,2947102,21207485,92405245,103401.469155
2024-05-27,SZ301588,美新科技,27.4,5991440,22582500,118867754,325697.64596
2024-05-27,SH688695,中创股份,38,7946482,17985065,85051378,323195.2364
2024-05-27,SH603344,星德胜,27.5,4576820,47656268,194530980,534960.195
2024-05-27,SZ301538,骏鼎达,121,3485516,13276350,56000000,677600
2024-05-27,BJ920438,戈碧迦,16.2,3517491,75425340,141250000,228825
2024-05-27,SZ001359,平安电工,25.71,5145528,45448485,185503165,476928.637215
2024-05-27,SZ301536,星宸科技,36.91,8049369,35583688,421060000,1554132.46
2024-05-27,BJ920123,芭薇股份,13.41,3050230,23930553,85800000,115057.8
2024-05-27,SZ001389,广合科技,46.63,4313993,36926173,422300000,1969184.9
2024-05-27,BJ920931,无锡鼎邦,9.5,6628612,23775800,93930000,89233.5
2024-05-27,SZ301587,中瑞股份,29.16,4272403,28983898,147328040,429608.56464
2024-05-27,SH688691,灿芯股份,50.5,2979591,23965499,120000000,606000
2024-05-27,SZ301539,宏鑫科技,25.11,7547991,35091569,148000000,371628
2024-05-27,SH688530,欧莱新材,21.28,6852574,30085953,160044824,340575.385472
2024-05-27,SZ301596,瑞迪智驱,125.58,6657056,13779518,55118072,692172.748176
